####
#
# OBJ File Generated by Meshlab
#
####
# Object BodyS2.obj
#
# Vertices: 11900
# Faces: 23796
#
####
v 27.9328537 200.0308685 42.0837135
v 26.0288544 200.1948547 40.3480415
v 24.2149734 200.3448486 38.8831253
v 21.7987747 200.5326996 37.1981125
v 19.2786446 200.7154388 35.6710129
v 16.6443348 200.8867188 34.3490601
v 13.9312620 201.0447693 33.1974411
v 12.0770321 201.1390686 32.5466995
v 9.2400036 201.2598572 31.7523060
v 6.1146674 201.3623657 31.1101723
v 3.4360380 201.4201965 30.7662315
v 1.9660500 201.4392548 30.6574326
v -0.2462448 201.4464111 30.6086464
v -2.4575760 201.4350586 30.6875992
v -5.3874998 201.3822632 31.0029430
v -8.5271235 201.2903748 31.5726395
v -11.1414051 201.1858215 32.2507820
v -14.2736797 201.0250397 33.3351936
v -18.9534168 200.7387390 35.4980011
v -21.6003418 200.5492401 37.0527534
v -24.2081299 200.3453369 38.8918762
v -26.4936905 200.1556396 40.7484894
v -28.2842712 200.0000000 42.4264069
v -28.3473930 198.2421875 42.4889641
v -28.4341011 195.8984375 42.5733719
v -28.5239868 193.5546875 42.6588821
v -28.6171322 191.2109375 42.7453804
v -28.7261314 188.5742188 42.8437576
v -28.8648567 185.3515625 42.9651489
v -28.9701233 183.0078125 43.0541534
v -29.1210632 179.7851562 43.1772614
v -29.2495270 177.1484375 43.2783661
v -29.3680153 174.8046875 43.3684082
v -29.5430622 171.4843750 43.4959793
v -29.7256355 168.1640625 43.6232872
v -29.8598633 165.8203125 43.7127876
v -30.0517216 162.5976562 43.8350945
v -30.2145309 159.9609375 43.9343872
v -30.9118690 149.6093750 44.3134079
v -31.1555405 146.2890625 44.4294930
v -31.3347282 143.9453125 44.5078583
v -31.5193291 141.6015625 44.5831375
v -31.7090549 139.2578125 44.6552429
v -31.9036045 136.9140625 44.7240944
v -32.1026917 134.5703125 44.7895889
v -32.2888184 132.4218750 44.8466949
v -32.4784775 130.2734375 44.9006729
v -32.7687645 127.0507812 44.9758530
v -33.0105858 124.4140625 45.0325279
v -33.2288704 122.0703125 45.0786514
v -33.4498215 119.7265625 45.1208649
v -33.6731453 117.3828125 45.1590729
v -33.8985481 115.0390625 45.1931877
v -34.1257324 112.6953125 45.2231178
v -34.3544044 110.3515625 45.2487793
v -34.5842705 108.0078125 45.2700806
v -34.8150406 105.6640625 45.2869339
v -35.1332817 102.4414062 45.3024368
v -35.3939590 99.8046875 45.3090134
v -35.5676880 98.0468750 45.3100128
v -35.7412033 96.2890625 45.3080597
v -35.9720497 93.9453125 45.3013268
v -36.2020264 91.6015625 45.2896118
v -36.4308395 89.2578125 45.2728195
v -36.6581917 86.9140625 45.2508659
v -36.8837967 84.5703125 45.2236557
v -37.1073532 82.2265625 45.1911087
v -37.3285675 79.8828125 45.1531334
v -37.5471497 77.5390625 45.1096382
v -37.7627983 75.1953125 45.0605316
v -37.9751282 72.8515625 45.0059090
v -38.1831360 70.5078125 44.9472351
v -38.4612045 67.2851562 44.8612289
v -38.7067642 64.3554916 44.7782249
v -38.9995842 60.7421951 44.6702576
v -39.1835785 58.3984375 44.5968895
v -39.3631516 56.0546875 44.5211487
v -39.5884476 53.0273476 44.4200325
v -39.8265266 49.7070618 44.3049011
v -40.0100517 47.0703125 44.2117500
v -40.2208633 43.9453125 44.0985374
v -40.3736191 41.6015625 44.0118828
v -40.5585403 38.6718750 43.9018822
v -40.7372932 35.7421875 43.7904701
v -40.8755493 33.3984375 43.7003593
v -41.0097542 31.0546875 43.6096306
v -41.1399536 28.7109375 43.5184402
v -41.2662010 26.3671875 43.4269524
v -41.3885193 24.0234375 43.3353310
v -41.5069580 21.6796875 43.2437248
v -41.6215668 19.3359375 43.1523209
v -41.7323837 16.9921875 43.0612640
v -41.8394470 14.6484375 42.9707146
v -41.9428101 12.3046875 42.8808403
v -42.0424995 9.9609375 42.7918091
v -42.1385727 7.6171875 42.7037697
v -42.2310638 5.2734375 42.6168938
v -42.3466911 2.1972656 42.5051804
v -42.4264069 0.0000000 42.4264069
v -40.2050056 0.1284993 44.4938889
v -37.1890564 0.2978658 47.0457611
v -34.6063995 0.4362490 48.9613838
v -32.3899155 0.5497666 50.4403839
v -30.9794884 0.6191043 51.3046036
v -29.2262993 0.7024410 52.3117561
v -26.6130066 0.8193710 53.6610184
v -23.9449043 0.9312180 54.8991966
v -21.1584778 1.0341623 55.9864197
v -18.4111156 1.1275715 56.9405289
v -11.9514580 1.3094391 58.6677399
v -8.9678211 1.3692627 59.2062607
v -6.1430693 1.4104636 59.5655365
v -3.3055005 1.4380291 59.8007507
v -1.2860664 1.4470795 59.8774796
v 1.8366029 1.4437299 59.8541794
v 4.7712646 1.4243150 59.6962967
v 6.4169350 1.4053365 59.5364990
v 8.6036358 1.3727436 59.2554474
v 10.8689432 1.3299676 58.8759918
v 14.0144672 1.2568862 58.2057953
v 16.1491356 1.1982920 57.6497040
v 17.9120045 1.1447473 57.1279221
v 20.2644138 1.0660203 56.3365860
v 22.7563820 0.9749249 55.3896255
v 25.3621750 0.8682307 54.2110558
v 28.8179646 0.7189509 52.5202255
v 31.6084595 0.5870502 50.9218903
v 33.1610336 0.5097415 49.9389267
v 34.9830093 0.4158102 48.6970787
v 36.6127167 0.3290620 47.5014267
v 38.8312225 0.2066587 45.7148819
v 41.1003227 0.0775071 43.7017708
v 42.7778168 -0.0308755 42.0836983
v 44.9687958 -0.2188238 40.1171722
v 47.2844963 -0.4086579 38.2978973
v 49.1135254 -0.5495479 37.0576820
v 53.1726074 -0.8338745 34.7586670
v 54.9561539 -0.9445030 33.9329300
v 56.3174782 -1.0229779 33.3674011
v 58.6347313 -1.1410050 32.5537910
v 61.4652786 -1.2645938 31.7363510
v 63.6262360 -1.3377937 31.2749901
v 66.2957153 -1.4050801 30.8648338
v 68.9898376 -1.4410111 30.6526451
v 71.2024536 -1.4476330 30.6118889
v 74.1454620 -1.4181932 30.7786903
v 77.0684509 -1.3565902 31.1448059
v 78.9967728 -1.2963331 31.5183125
v 81.8461456 -1.1812241 32.2664986
v 84.6419373 -1.0447736 33.1974411
v 86.4630814 -0.9418330 33.9364548
v 88.2469406 -0.8316035 34.7616653
v 90.8376770 -0.6550634 36.1667137
v 93.3328705 -0.4707088 37.7338104
v 95.5048981 -0.2974364 39.3378983
v 97.7523346 -0.1084962 41.2403679
v 98.9949493 0.0000000 42.4264069
v 99.1903229 5.2734375 42.6168633
v 99.2828064 7.6171875 42.7037354
v 99.3788910 9.9609375 42.7917747
v 99.4785767 12.3046875 42.8808022
v 99.5819397 14.6484375 42.9706764
v 99.6890030 16.9921875 43.0612259
v 99.7998199 19.3359375 43.1522751
v 99.9144287 21.6796875 43.2436829
v 100.0784912 24.9023438 43.3696442
v 100.2178268 27.5390625 43.4726677
v 100.3953781 30.7617188 43.5981674
v 100.5458527 33.3984375 43.7002983
v 100.6841125 35.7421875 43.7904053
v 100.8264465 38.0859375 43.8797226
v 100.9729309 40.4296875 43.9681015
v 101.1235809 42.7734375 44.0553665
v 101.2784576 45.1171875 44.1413651
v 101.4375916 47.4609375 44.2259331
v 101.6010284 49.8046875 44.3089066
v 101.7687988 52.1484375 44.3901253
v 101.9409637 54.4921875 44.4694252
v 102.1175690 56.8359375 44.5466461
v 102.2986374 59.1796875 44.6216278
v 102.4842224 61.5234375 44.6942062
v 102.6743622 63.8671875 44.7642136
v 102.8691101 66.2109375 44.8315010
v 103.0684967 68.5546875 44.8958969
v 103.2725677 70.8984375 44.9572372
v 103.4813385 73.2421875 45.0153351
v 103.6942902 75.5859375 45.0691109
v 103.9104462 77.9296875 45.1172752
v 104.1294861 80.2734375 45.1598434
v 104.3511047 82.6171875 45.1969109
v 104.5750275 84.9609375 45.2285614
v 104.8009415 87.3046875 45.2548866
v 105.0285645 89.6484375 45.2759743
v 105.2575836 91.9921875 45.2919159
v 105.4877319 94.3359375 45.3027954
v 105.7186890 96.6796875 45.3087044
v 105.9501724 99.0234375 45.3097382
v 106.1818848 101.3671875 45.3059769
v 106.4135437 103.7109375 45.2975121
v 106.6448212 106.0546875 45.2844391
v 106.8754654 108.3984375 45.2668381
v 107.1051559 110.7421875 45.2448044
v 107.3336029 113.0859375 45.2184258
v 107.5605011 115.4296875 45.1877899
v 107.7855835 117.7734375 45.1529884
v 108.0085297 120.1171875 45.1141052
v 108.2290573 122.4609375 45.0712357
v 108.4468689 124.8046875 45.0244675
v 108.6616745 127.1484375 44.9738846
v 108.8731689 129.4921875 44.9195862
v 109.0810623 131.8359375 44.8616486
v 109.2850647 134.1796875 44.8001785
v 109.4848785 136.5234375 44.7352448
v 109.6802063 138.8671875 44.6669464
v 109.8707581 141.2109375 44.5953751
v 110.0562286 143.5546875 44.5206223
v 110.2363434 145.8984375 44.4427605
v 110.4319153 148.5351562 44.3514938
v 110.6622467 151.7578125 44.2365265
v 110.8237457 154.1015625 44.1514168
v 110.9805145 156.4453125 44.0653458
v 111.1325684 158.7890625 43.9782906
v 111.2800217 161.1328125 43.8904381
v 111.4229889 163.4765625 43.8019295
v 111.5615311 165.8203125 43.7128525
v 111.6957626 168.1640625 43.6233444
v 111.8257599 170.5078125 43.5335426
v 111.9516068 172.8515625 43.4435234
v 112.0733948 175.1953125 43.3534393
v 112.1912384 177.5390625 43.2634277
v 112.6582336 187.6953125 42.8767509
v 112.7564316 190.0390625 42.7889900
v 112.8857269 193.2617188 42.6697121
v 113.0019455 196.2890625 42.5592499
v 113.1370850 200.0000000 42.4264069
v 110.1751709 199.8288116 45.1827545
v 107.8996201 199.7025452 47.0449295
v 105.3168564 199.5646973 48.9597816
v 103.5370560 199.4743805 50.1407776
v 101.6760941 199.3829193 51.2906265
v 99.8867798 199.2984161 52.3170204
v 95.8303986 199.1192932 54.3701401
v 93.2096558 199.0155640 55.4887009
v 90.5436325 198.9185638 56.4951935
v 87.7412491 198.8284607 57.3888130
v 84.9042206 198.7475891 58.1642723
v 82.9321213 198.6993866 58.6101570
v 79.9493561 198.6387787 59.1537781
v 76.9447021 198.5926971 59.5537682
v 74.5657654 198.5676880 59.7621956
v 72.5475922 198.5551605 59.8633804
v 70.8943787 198.5515442 59.8907623
v 68.1393585 198.5581818 59.8328514
v 65.7559967 198.5758820 59.6827087
v 63.7452660 198.5994263 59.4804192
v 61.7428551 198.6307373 59.2062607
v 58.6696815 198.6927948 58.6469841
v 55.6255226 198.7683411 57.9438095
v 53.5015717 198.8302002 57.3477821
v 51.9227982 198.8804016 56.8522453
v 49.4969559 198.9650269 55.9918556
v 46.5978394 199.0756531 54.8243065
v 44.7561455 199.1517944 53.9885101
v 42.3782806 199.2569885 52.7841911
v 38.9489517 199.4194641 50.8223648
v 36.4798431 199.5440216 49.2260895
v 34.6879768 199.6387787 47.9407425
v 32.5126534 199.7575684 46.2475777
v 31.1087723 199.8365173 45.0607948
v 29.4745464 199.9304199 43.5778122
v -4.4300399 199.3043213 31.1842098
v 54.9585228 196.9607391 57.5327606
v 70.8679733 196.5162811 59.5848045
v -26.7551517 198.1807709 41.0285225
v -22.5296001 199.0706635 37.7618790
v -12.5691690 199.0573883 32.9654770
v -9.9841356 199.2457123 32.1953659
v -7.2526774 199.2606049 31.6089935
v 2.6656711 198.8399200 31.0874195
v 7.5985303 199.3117523 31.6639137
v 10.1195068 199.0787201 32.2561493
v 12.4896669 198.8924866 32.9684258
v 17.4370041 198.6148376 34.9429703
v 19.9860382 198.4151459 36.2588387
v 29.6928215 197.6974335 43.7501640
v 36.9752655 196.8999939 49.4058113
v 43.6489868 196.8937073 53.2267036
v 50.2478600 196.5969238 55.9951515
v 60.5682526 196.5050659 58.7125511
v 63.5596237 196.7378845 59.1832581
v 66.2833786 195.8488159 59.3281250
v 68.4673615 197.1544647 59.6355972
v 78.5675659 196.4842987 59.0523148
v 81.2409744 196.5771942 58.6462402
v 83.7201691 196.5654602 58.1532097
v 99.4379120 197.0489502 52.3844795
v 101.6991196 197.6905060 51.1616669
v 103.9789352 197.2966309 49.7289429
v 106.2431412 197.8306885 48.2166786
v 109.3839798 197.9487305 45.8000641
v -21.9090099 197.2511597 37.4816399
v -15.2806711 198.4266052 34.0235443
v -8.8683319 196.8671265 32.2469101
v 0.6280763 199.5899658 30.8888626
v 5.1468110 199.2665710 31.2806492
v 26.8870602 197.9920349 41.1521797
v 28.4133205 198.3596039 42.5516853
v 33.2216034 195.9873199 46.6761513
v 32.9262428 198.2507477 46.5253754
v 41.5158424 197.1247711 52.1419945
v 42.4801102 195.2334900 52.4968300
v 52.9212074 196.2901154 56.8542023
v 57.4411736 196.1826782 58.0432129
v 68.7542953 194.8210297 59.3040428
v 75.9787064 196.3520966 59.3280983
v 79.9014893 194.4160767 58.5709610
v 95.0898819 195.3595276 54.3168564
v 31.3520164 196.7699890 45.1996346
v 34.9662971 195.7145538 47.9556961
v 39.4546204 197.0558929 50.9656487
v 49.0617676 194.2307587 55.2983780
v 59.6729660 194.0496063 58.2132912
v 73.3560562 195.9357758 59.4453239
v 82.2957001 194.4127808 58.1584625
v 100.7080383 194.8359070 51.5243492
v 102.5807495 195.6581879 50.4949036
v 109.6204758 195.7783966 45.5408783
v -25.5786724 196.0186157 40.1161728
v -17.1401157 196.7824249 34.9829063
v -11.2233162 197.5157318 32.7485886
v -5.9429741 197.2151794 31.6762886
v -1.6574274 198.9629517 31.0134735
v 4.8316050 194.1757050 31.9601898
v 6.5483642 197.7034149 31.6999722
v 13.2162428 196.6959686 33.4680405
v 28.1235981 196.3428345 42.2884445
v 38.3177719 194.6715088 50.1174469
v 55.1476097 194.7490692 57.2982407
v 62.2694283 194.3777008 58.6821632
v 64.0795822 192.0535431 58.5706825
v 71.1490936 194.0651245 59.2301331
v 75.1172028 194.3454895 59.1058197
v 77.3355789 193.9578857 58.8456192
v 84.7669754 194.2320862 57.6026649
v 87.3578033 194.2331543 56.9300232
v 92.8849716 194.7106323 55.1425209
v 106.0665131 195.6783142 48.2290573
v -23.4656334 195.5234528 38.5938683
v -21.2793846 194.7751617 37.2865219
v -17.5322933 194.5716248 35.3795395
v 0.4099641 197.3645935 31.2117100
v 4.7282767 196.9484711 31.5552845
v 18.2652721 195.8919983 35.5987625
v 22.8036366 196.3041992 38.1150703
v 29.7158966 195.1802979 43.7462807
v 40.5837021 194.9299469 51.4619522
v 53.0138779 193.6167603 56.5499611
v 54.8661156 192.2348022 56.8993340
v 57.2177925 193.2486725 57.6067848
v 59.1048660 191.3845673 57.7490120
v 61.4159088 192.0051727 58.2230949
v 79.0893250 191.9910278 58.3474808
v 96.8543854 194.1083527 53.4068832
v 104.3249359 194.4686584 49.3396111
v 107.9495926 194.2954254 46.8122711
v 111.3437729 194.7101898 44.0572891
v -1.8545420 196.2540741 31.4135437
v 10.8473530 196.8557739 32.7375755
v 14.0812206 194.5506897 34.0210609
v 26.2012157 195.5286713 40.6264076
v 33.9202461 193.8294830 47.1254272
v 36.0679588 194.2124634 48.6515045
v 44.2853050 194.3788910 53.3080139
v 73.3338089 193.2018890 59.0442505
v 75.4163818 192.1515503 58.7577782
v 81.0231171 192.6329041 58.1480980
v 90.1589584 193.9615936 56.0400620
v 99.0292587 192.8751678 52.2464180
v 102.4892426 193.2144623 50.3888054
v 109.7660751 193.1909332 45.3617401
v -13.3740578 194.1601868 33.8152046
v -11.2314253 195.4287567 33.0166740
v -6.8158174 194.8071899 32.1395988
v 2.4975457 195.9199219 31.5014381
v 9.2566490 195.0263214 32.5817223
v 27.8491173 193.6137695 42.0607834
v 31.6080284 193.8956757 45.3460732
v 46.3939819 193.9537354 54.2107582
v 71.5685959 191.9818268 58.9129982
v 92.3606262 192.2882385 55.0805206
v 106.1774521 193.0688934 48.0357208
v -4.2373023 195.3473511 31.7254276
v 0.1891877 194.8159180 31.5821037
v 26.8028316 191.0902100 41.2245827
v 28.7965488 191.2026367 42.9063072
v 29.7300148 193.0161285 43.7420845
v 54.3660316 189.7779999 56.4554443
v 83.1451492 191.9469452 57.6533699
v 94.4252396 190.7966003 54.1332626
v 104.4081955 191.9559021 49.1413422
v 108.0917892 191.0901794 46.5931206
v 111.3638992 192.0027313 44.0160484
v 10.1298151 192.7030334 33.0961189
v 12.6627636 192.3855133 33.8185883
v 17.6716270 192.9230499 35.6075516
v 25.5099525 193.0079193 40.1624298
v 30.7430458 191.2621307 44.5824165
v 32.8572922 191.4405823 46.2495232
v 36.5327988 189.7397156 48.7160301
v 38.6882210 190.3332214 50.0529175
v 66.6515579 190.5643768 58.5870018
v 73.3226929 190.8355103 58.6986542
v 81.0366974 190.4296570 57.8365822
v 90.1595459 191.1622162 55.7128639
v 110.0523529 191.0563354 45.0926552
v -26.8212090 194.0957642 41.1717186
v -17.6613121 191.7832794 35.7064934
v -13.5066986 191.5457001 34.1663628
v -9.5880613 192.0133057 33.0588379
v -2.1654603 193.7477417 31.7985668
v 2.2426527 193.4213715 31.8474483
v 7.6048546 193.3385162 32.4757347
v 15.2252522 192.3858185 34.6691399
v 27.8739185 189.0771942 42.1196480
v 50.3203888 190.4069214 55.3229408
v 60.8904533 189.5279541 57.8019180
v 62.7588043 190.2046814 58.1635170
v 64.6412811 189.2514648 58.2368622
v 75.2384949 189.5448303 58.4037170
v 84.0101242 189.7998199 57.1866798
v 88.1117706 190.0289917 56.2008858
v 92.1816483 189.7793732 54.8721161
v 102.6275635 190.5937042 50.1308708
v 104.5409393 189.6166992 48.9295158
v 105.9895477 190.9157104 48.0606079
v -27.4894619 191.3946075 41.7661667
v -15.5586405 192.9100800 34.7300644
v -0.0060563 192.3675232 31.9414978
v 3.8648689 192.1074829 32.1553078
v 8.5101118 190.8821411 32.9914742
v 21.4131355 191.8112640 37.5722885
v 29.7666740 188.9920197 43.7396851
v 39.7062798 188.6300201 50.5143204
v 48.3550453 189.3316956 54.5119476
v 56.1658516 187.8288116 56.6526375
v 58.6233177 188.6874237 57.2873993
v 78.9395905 189.3497620 58.0006447
v 86.1637268 188.8317413 56.5693550
v 98.6629868 190.2435760 52.2075157
v 111.2006912 189.5277557 44.1259537
v -8.5722408 190.0936432 33.1071739
v 2.0362391 191.1127777 32.1745911
v 5.9602818 191.5968323 32.4639435
v 16.7612400 189.8747101 35.5288696
v 21.3831844 189.1436462 37.7464600
v 31.8151188 189.0142517 45.3962746
v 73.1036835 188.3872223 58.3563538
v 77.0540695 188.1850433 58.0545807
v 90.0558472 188.7187347 55.4625816
v 96.4462585 189.1867981 53.1312675
v 102.7143707 188.1306305 49.9234543
v 109.6795349 189.3159943 45.3482933
v -21.2071304 189.0840912 37.6605072
v -17.8471241 189.0201263 36.0690842
v -13.6831627 189.0503540 34.5189743
v -4.0303965 190.0926666 32.4603310
v 4.1328692 190.0301056 32.4804039
v 9.4431658 188.5217590 33.4986115
v 13.7964067 190.0202789 34.4479408
v 26.0130386 188.7775726 40.6775475
v 30.7182980 186.3939514 44.4837151
v 34.1819191 188.8567047 47.1153870
v 46.5350227 188.2353668 53.6980247
v 50.1858559 188.0920715 55.0175705
v 60.6542091 186.9337311 57.4015923
v 62.7948036 188.0119324 57.8585052
v 64.8177490 186.8040314 57.9015999
v 70.8483505 187.3612976 58.2466927
v 84.4789886 187.5594330 56.7938309
v 92.0371857 187.4003754 54.6603737
v 104.7152176 187.2334137 48.6903419
v 106.4409103 188.8545532 47.6576195
v 108.3711853 187.9505157 46.2849464
v -26.5274029 189.1660461 41.0533638
v -24.6792088 189.5761108 39.6996193
v -2.2406490 188.8221741 32.5174179
v -0.0995479 189.9631653 32.2915611
v 17.1165924 186.7700348 35.9862022
v 39.5662613 186.4789276 50.2928429
v 41.2601318 187.6093597 51.2609825
v 48.3746796 186.9768677 54.2655334
v 51.7834511 186.9522705 55.3884430
v 58.2430725 186.0771027 56.8608093
v 66.6051254 185.8397217 57.8979988
v 77.0110855 185.7024689 57.7052078
v 78.9047318 186.8244781 57.6518936
v 86.2338715 186.4273071 56.2453156
v 94.0709305 185.9569092 53.7697334
v 98.5205994 187.7287292 52.0653610
v 106.6783447 186.2626648 47.3899879
v -25.2016926 187.2285614 40.1685600
v -6.1472106 190.1135254 32.7028275
v 2.0107787 188.7509918 32.5188560
v 6.6204000 188.8784790 32.9501114
v 11.1239033 190.3289337 33.6429405
v 14.8126764 187.5763702 35.0628014
v 32.6971245 187.0045929 45.9981079
v 36.1187515 187.0324402 48.3156395
v 43.0200577 186.1962585 51.9946136
v 44.7710686 187.1912994 52.8645973
v 72.9261093 185.8651276 57.9905052
v 80.7785187 185.5256042 57.2073746
v 89.9880600 186.3395996 55.2068710
v 100.6613998 186.5710297 50.9157867
v -21.5322380 186.4127502 38.0255623
v -13.6421614 186.7529144 34.7815361
v -9.7534142 187.8998413 33.6392517
v 4.1543288 187.5635681 32.8405571
v 5.9426994 186.5841217 33.1771927
v 19.2170639 188.2032318 36.7433205
v 32.4329033 184.7255249 45.7422523
v 37.7602997 185.4307404 49.2183342
v 44.8256950 184.8543396 52.6684418
v 46.5928154 185.8947296 53.4858742
v 55.9664497 185.1775665 56.2666092
v 60.3580437 184.0471191 56.9560585
v 62.8701973 185.4904022 57.5075569
v 65.1513290 184.4798279 57.5925903
v 68.5433502 186.4066925 58.0725021
v 82.6364365 184.2449341 56.7209549
v 84.4404297 185.3167877 56.5080910
v 88.0861435 185.1987457 55.6176682
v 91.9445648 185.0371399 54.4312553
v 93.9537811 183.5740967 53.5721817
v 102.8215256 185.6667328 49.7023354
v 104.8857422 184.7145233 48.4512901
v 108.6645584 185.2004242 45.9928207
v -27.1178265 186.5302582 41.5583839
v -27.3851395 184.0222168 41.8035011
v -23.1857414 187.9869232 38.8467293
v -15.7946463 187.8662109 35.3682289
v -11.8917618 187.9111633 34.1435013
v 8.0137854 186.7292480 33.4618912
v 10.6394320 186.0091400 34.0919228
v 27.0753860 187.2540131 41.5180206
v 39.3924332 183.9281158 50.0222092
v 41.2548752 185.1152649 51.0624199
v 48.4278526 184.6727753 54.0372162
v 52.0449715 184.8472900 55.2190933
v 57.8121376 184.0039825 56.5012054
v 67.6797714 183.7285614 57.6488838
v 77.0164948 183.3168335 57.3617821
v 78.9228058 184.4339447 57.3128281
v 86.2723923 184.0684967 55.9384956
v 96.1327209 184.3786774 52.8072815
v 98.4046402 185.2816010 51.9092178
v 110.5480576 186.9673615 44.6170044
v -22.0237160 183.9153442 38.4556313
v -8.5682154 185.6818542 33.6991196
v 1.9623338 186.2613525 32.8806725
v 13.4656181 185.5289764 34.8847084
v 28.9397163 184.4266357 43.0305290
v 34.2513123 185.8574371 47.0473900
v 43.0482635 183.7821503 51.7995644
v 72.7858505 183.2884827 57.6196098
v 89.9656143 183.9516449 54.9323883
v 100.6764069 183.8613586 50.7047920
v 110.6325531 183.9478607 44.5100212
v -23.6964512 185.5192871 39.2928467
v -19.8146248 184.8261566 37.3112335
v -17.5362549 185.9794312 36.2293854
v -13.6113644 184.4605103 35.0459404
v -9.6390743 183.8112183 34.1545792
v -4.0618200 185.3421631 33.1456146
v -2.2771420 186.4266968 32.8713531
v 15.4831123 185.4803162 35.5349197
v 30.6483746 183.4888153 44.3918839
v 35.9012833 184.2913666 48.0413933
v 44.8749924 182.5015106 52.4689026
v 46.6517220 183.5770416 53.2752914
v 50.2772064 183.5357208 54.5312996
v 56.0994339 182.8055115 55.9896965
v 63.2033653 182.9109955 57.1730156
v 70.5204926 184.7009888 57.8552017
v 84.4824829 182.9736938 56.1938400
v 91.8872528 182.6234741 54.1835938
v 103.0611038 183.2685394 49.4220467
v 106.8775024 183.6043243 47.1523590
v -24.1621647 183.1422577 39.6990547
v -15.3626633 185.7109680 35.4532928
v -11.2296953 185.6512451 34.2705040
v -0.2501591 185.1165161 33.0066566
v 1.7840242 183.6945190 33.2455521
v 6.8662262 184.6996155 33.5701599
v 9.6629467 184.2784424 34.1112900
v 16.9332180 184.0917969 36.1925697
v 23.6177120 185.3753662 39.2510681
v 34.0208778 183.1965027 46.7930489
v 39.0449295 181.0664825 49.6425514
v 41.1843376 182.5597534 50.8280640
v 48.4968109 182.3658295 53.8144569
v 50.3797340 181.2218018 54.2997627
v 58.4413567 181.9802704 56.3498192
v 77.0380783 180.9537659 57.0220222
v 78.9540939 182.0776215 56.9762001
v 82.6786575 181.8971405 56.3964500
v 95.9679794 182.0040283 52.6487808
v 98.1648941 182.8456268 51.8079224
v -11.6009045 182.9617615 34.6987877
v -7.5503702 183.4443054 33.8381996
v -6.1464701 185.4926910 33.3477516
v 19.3399029 185.1240997 37.0719109
v 23.2307587 182.5611267 39.1927948
v 28.9772472 181.8870850 43.0742378
v 54.2140770 181.4464569 55.3811760
v 61.0865517 181.1456757 56.6683273
v 70.1743088 181.6681976 57.4121704
v 72.9061813 180.8118896 57.2570419
v 86.3154221 181.7052765 55.6247559
v 89.9607086 181.5413361 54.6548729
v 99.8987732 181.3475952 50.8965683
v 101.6354752 181.9434814 50.0876923
v -20.2144108 182.2256927 37.7071838
v -17.9651031 183.1931763 36.6746750
v -13.8628922 182.0748749 35.4014969
v -4.9416761 183.0588837 33.5596008
v 4.2558756 184.8046875 33.2482033
v 5.7791500 182.4585571 33.7343140
v 12.3859415 183.4969635 34.8364944
v 25.4148674 183.7920990 40.4438744
v 30.5638123 180.8371124 44.2970619
v 43.0685997 181.3539886 51.5984764
v 46.7094421 181.2518005 53.0629272
v 64.0421600 180.2046509 56.8807487
v 82.7018051 179.5484467 56.0763702
v 84.5224915 180.6221313 55.8760948
v 91.8347015 180.2035675 53.9324188
v 93.8467636 181.1685028 53.3597946
v 103.2361679 180.9691620 49.1821480
v 105.0583420 182.1770782 48.2173347
v -24.6829185 180.6308899 40.1386604
v -2.7014310 181.4982910 33.6058922
v -0.4358776 182.6250458 33.3728027
v 1.6806285 180.8781433 33.6548729
v 8.4525261 182.4617462 34.1277847
v 11.0628815 181.6576843 34.7532768
v 16.1243076 181.5574799 36.1754456
v 27.2362289 182.7225342 41.7321854
v 33.7857742 180.6557922 46.5466194
v 48.5709343 180.0444031 53.5908203
v 50.5009499 178.8823242 54.0693207
v 52.3582878 180.1234589 54.7419624
v 58.9317703 179.4568481 56.0956802
v 66.1522522 178.3250885 56.7816582
v 71.1861877 179.4207764 57.0872879
v 77.0477982 178.6104584 56.6864777
v 78.9698486 179.7267151 56.6441078
v 88.1340637 180.4323883 55.0255356
v 93.7305298 178.7405853 53.1498184
v 95.8098526 179.6524811 52.4848862
v 97.8820801 180.4744263 51.7238159
v 107.0512848 180.9640350 46.9359283
v 110.6729660 181.3533630 44.4427948
v -22.4705734 181.4259491 38.8612938
v 21.8446064 180.7571716 38.5904388
v 28.9234867 179.2974548 43.0344925
v 35.3458366 179.4573364 47.4824600
v 54.5086823 179.0449219 55.1523895
v 61.5372734 178.4500122 56.3515434
v 68.9020920 178.9658051 56.9969406
v 72.9853363 178.4884338 56.9130783
v 86.3402100 179.3443756 55.3222008
v 89.9500427 179.1495972 54.3790932
v 108.9524307 179.8041534 45.6448402
v -25.4161453 177.8058167 40.6956978
v -20.5256310 179.6653137 38.0560532
v -18.2410202 180.4925842 37.0467339
v -14.1188097 179.7348175 35.7514191
v 3.5836535 182.3800049 33.5379448
v 14.7483702 183.4944305 35.5148087
v 19.9715309 180.1973419 37.7804718
v 25.3724003 181.2176971 40.5250511
v 44.8769302 177.8812103 52.0378304
v 46.7381554 178.9278717 52.8391991
v 63.7893753 177.6695099 56.4934082
v 82.6934204 177.2024536 55.7622795
v 84.5324707 178.2726135 55.5673141
v 88.1401520 178.0719910 54.7361565
v 103.2104950 178.6324921 49.0530396
v 105.1609802 179.6875000 48.0308113
v -26.7806683 180.0686493 41.4792213
v -27.6193218 178.1384125 42.0878143
v -16.0383492 181.2954254 36.1697350
v -11.9513168 180.4514160 35.0959854
v -10.2722473 178.2035522 35.0243950
v -6.8507681 181.4279785 34.0184250
v -0.7524673 180.4365540 33.7030220
v 17.6054363 179.5650024 36.9000969
v 27.2348194 180.2448120 41.7928925
v 33.7297668 178.2133942 46.4310265
v 39.3107834 178.2783966 49.6001816
v 48.6215782 177.7112732 53.3568611
v 50.5988464 176.5296936 53.8304825
v 52.5601196 177.7443695 54.5109787
v 67.9622040 176.5299683 56.6122398
v 70.6723785 177.2624969 56.7673950
v 77.0076981 176.3026733 56.3597946
v 78.9602280 177.3837738 56.3159027
v 95.5971451 177.2650604 52.3350945
v 97.6735535 178.1316681 51.6045685
v 110.6746826 178.7592773 44.4095764
v -7.5069017 179.1960449 34.4157906
v -5.4079003 177.5786133 34.3908806
v 23.5216103 179.7949982 39.5259590
v 35.5152779 177.2356720 47.4836998
v 43.1850166 177.0010529 51.2762299
v 59.3597565 176.8266449 55.8138046
v 65.2172546 175.9621735 56.3707924
v 72.4920425 176.1641693 56.5833588
v 86.3387222 176.9989166 55.0264549
v 89.9376984 176.8192596 54.1129723
v 93.4562836 176.1004639 52.9685974
v 101.3259277 177.6148376 49.9402695
v 107.1528244 178.3797150 46.7747650
v -20.7258759 177.1448669 38.3495560
v -18.4192200 177.9979706 37.3568153
v -14.2556820 177.4797974 36.0553284
v 5.4684072 177.9663849 34.3483124
v 8.0238647 177.6090851 34.7245750
v 12.1950264 179.2631073 35.3134842
v 16.4027176 177.1333313 36.7485428
v 27.1869583 177.7196960 41.8191071
v 28.9316254 176.7982941 43.0497894
v 32.0286751 176.9635162 45.2724724
v 44.5805511 175.6394348 51.7137833
v 46.6769600 176.6150055 52.5837097
v 54.7945671 176.6138611 54.9108887
v 62.1960373 175.6154022 56.0315628
v 82.6634598 174.8614655 55.4524498
v 84.5143356 175.9318390 55.2652130
v 88.1392899 175.7431183 54.4527740
v 97.3520432 175.7062378 51.5183678
v 99.4249725 176.5771942 50.7337875
v 105.1725159 177.2341003 47.9034576
v -22.8597240 178.8096161 39.2306938
v -16.2024002 178.8554230 36.4905663
v -12.5591602 178.4412994 35.4967384
v -5.0262303 180.2302399 33.9708366
v -2.6181152 178.7104492 34.0113106
v 0.1745351 178.5597687 33.9655533
v 1.0893061 176.4230652 34.2919273
v 30.4687405 176.0994110 44.1693459
v 37.4736252 176.4754639 48.5361137
v 48.6253967 175.3787994 53.1069641
v 50.6532059 174.1867065 53.5798492
v 52.7057114 175.3692474 54.2614899
v 54.9570427 174.2125854 54.6439476
v 57.1535950 175.4559174 55.2458076
v 67.0589905 174.1876526 56.2318993
v 76.9282990 174.0211029 56.0395546
v 78.9258194 175.0528564 55.9918518
v 95.0997314 174.8853760 52.2809753
v 103.1441879 176.2225647 48.9423332
v 110.6827850 176.1304016 44.3735199
v -27.3858471 173.5472260 42.0458565
v -23.0560760 176.1586456 39.5030060
v -7.9104571 176.4527283 34.8608055
v -5.6698031 174.9011993 34.8032494
v 2.7866530 178.3089905 34.0793839
v 11.3462954 175.1342163 35.6501312
v 13.4073420 176.6562195 35.9381447
v 19.2860165 177.3292847 37.7556076
v 33.6907616 175.7873688 46.3258324
v 59.5445061 174.2177124 55.4899216
v 72.5077820 174.2537994 56.3031921
v 90.0213013 174.5695953 53.8282204
v 99.1397018 173.7221375 50.6260071
v 101.2118149 175.1605835 49.8222275
v 107.1572800 175.7756958 46.6735687
v 109.1314468 174.1804962 45.3941193
v -27.4019032 176.0578156 41.9945374
v -20.8376808 174.6754608 38.5982857
v -18.5342846 175.5851746 37.6319046
v -14.2632875 175.1653595 36.3283691
v -1.1130661 176.8875732 34.2246132
v 3.7016420 175.9971466 34.4713097
v 15.4581757 174.7644958 36.7227364
v 29.2330246 174.5523071 43.2789574
v 31.5383110 174.3619232 44.8947067
v 35.6050224 174.8715363 47.4310188
v 39.6958046 173.1714630 49.4380646
v 44.2616234 173.1903534 51.3679390
v 46.5448074 174.2861328 52.3035812
v 61.8190651 172.8062134 55.5958061
v 64.3833389 173.6265259 55.9692192
v 82.6234741 172.5227814 55.1442261
v 84.4794083 173.5973663 54.9671478
v 88.1288910 173.4295807 54.1738205
v 96.6223297 173.2625122 51.5738144
v 105.0829391 174.7585297 47.8309708
v -16.3033562 176.4895172 36.7794342
v -12.2950363 176.3858948 35.6874161
v -7.9841962 173.6779785 35.2521439
v -3.2270119 176.0693359 34.4307251
v 21.6476765 175.9598083 38.8562660
v 27.2674923 175.2722473 41.9301071
v 35.7000122 172.5578461 47.3803635
v 37.6037216 174.0365753 48.4655075
v 41.8763237 171.9650116 50.3193436
v 48.6236153 173.0454865 52.8560944
v 50.7020798 171.8525696 53.3282890
v 52.7786064 173.0192413 53.9968872
v 55.0163841 171.8470764 54.3588715
v 57.2603951 173.0138245 54.9467316
v 63.8680725 171.3067169 55.5957336
v 66.2975235 171.8817444 55.8589134
v 68.8224869 172.3883972 56.0356560
v 70.9436951 172.9026794 56.1337929
v 76.9129181 171.6900787 55.7073402
v 78.8879929 172.7226257 55.6680183
v 94.2548828 172.4832916 52.3296432
v 108.5065155 171.2520599 45.7191200
v 110.8610077 174.0586090 44.2237473
v -23.1010647 173.6268311 39.6875916
v -0.9308690 174.8783875 34.5184555
v 17.6344910 175.3576660 37.3470955
v 17.3860016 172.8841705 37.5111008
v 19.6731300 174.4871216 38.1671638
v 25.5379333 173.7627258 40.9378052
v 33.7119370 173.4159393 46.2636299
v 59.4853630 171.7277832 55.1425438
v 70.7281265 170.7987213 55.8210907
v 72.8197556 171.9197540 55.9582977
v 88.0937195 171.1104584 53.9001312
v 90.0386276 172.2722626 53.5563812
v 97.7323227 171.1523743 50.9728317
v 100.0830536 171.0706787 50.0210953
v 101.2259674 172.9581146 49.6603127
v 102.6115417 171.0813904 48.8921356
v 106.9221497 173.1309357 46.7117844
v -20.9194832 172.2565308 38.8302422
v -18.6192017 173.1918182 37.8917389
v -14.2780809 172.7637024 36.6134071
v 8.9501419 174.8387451 35.2414780
v 13.1929808 173.9352570 36.2142906
v 27.5666428 172.8768463 42.1803474
v 29.7722321 172.2406769 43.6544075
v 33.9549942 171.1862335 46.3283081
v 44.2564049 170.2853088 51.1094398
v 46.5188408 171.8697815 52.0539932
v 61.5914230 170.3804169 55.2329063
v 82.5790863 170.1829987 54.8361549
v 84.4354019 171.2633057 54.6704674
v 95.6997299 171.1698151 51.7143936
v 104.8262634 172.2913208 47.8457565
v -16.3663521 174.1245880 37.0544472
v -12.2374125 173.9003754 35.9876671
v -3.3155620 173.5849609 34.7932014
v 1.8104650 173.8224640 34.6892090
v 4.7464523 173.7629852 34.8782196
v 6.9362969 173.5441589 35.1344261
v 14.9864321 172.7261963 36.8138084
v 23.6229420 174.8052216 39.8656158
v 35.9346085 170.2906342 47.4036217
v 37.6752129 171.7021179 48.3721466
v 48.7110748 170.6981659 52.6322594
v 50.7761230 169.5133667 53.0820198
v 52.8282967 170.6779022 53.7272758
v 55.0498047 169.4798431 54.0672340
v 57.2660904 170.6170502 54.6336174
v 65.5343552 169.9818573 55.5343933
v 76.9328079 169.3179474 55.3667030
v 78.8625336 170.3812256 55.3411255
v 91.9726944 171.1499023 52.8935547
v 93.8463135 169.9599152 52.2045746
v 110.4083862 172.0229187 44.5109787
v -23.1495914 171.2060089 39.8666267
v 11.0199671 172.8892822 35.8731308
v 19.9215050 171.9235382 38.4790077
v 21.9323483 170.8597107 39.3626785
v 28.0398540 170.3464966 42.5142136
v 59.4151611 169.3211823 54.8048706
v 72.8609772 169.4919586 55.6031456
v 88.0375824 168.7822113 53.6299591
v 89.9229965 169.9065552 53.3126602
v 104.5555801 170.2100525 47.8802414
v -21.0111275 169.8376465 39.0658875
v -18.7017212 170.7507782 38.1542549
v -14.2730303 170.3195953 36.9019623
v -3.3746326 171.0234375 35.1701393
v 3.7416515 171.6600800 35.1056290
v 15.6774282 170.8154755 37.2257042
v 32.5849800 169.9181976 45.4817429
v 39.2547379 168.3361511 48.9210052
v 45.3474503 168.1829681 51.3093643
v 46.8029480 169.4729767 51.9148598
v 61.4645386 168.0140839 54.8899002
v 63.6012764 169.0679779 55.2546768
v 82.5296478 167.8412476 54.5282593
v 84.3846359 168.9257660 54.3737793
v 96.0396194 168.7975922 51.3696213
v -16.4157791 171.7284088 37.3274002
v -12.2064562 171.3949585 36.2986450
v 10.9170990 169.9622040 36.2344818
v 13.2568674 171.5489807 36.5173836
v 18.1335773 170.2257996 38.0232773
v 23.8402061 169.6213226 40.2915382
v 25.7994766 171.1994019 41.1855240
v 37.7759361 169.7119598 48.3115730
v 41.5912666 169.3006439 49.9934120
v 48.8546562 168.3497314 52.4241753
v 50.8540764 167.1673279 52.8347473
v 52.8856316 168.3250885 53.4576263
v 55.0938759 167.0966797 53.7731552
v 57.2685547 168.2195129 54.3198586
v 65.7263489 167.9663086 55.2551842
v 70.5444031 168.2515717 55.4481812
v 76.8917542 166.9589081 55.0318108
v 78.8302460 168.0358887 55.0138435
v 107.8530807 168.3307190 46.0224342
v 110.0660706 169.5091705 44.7078247
v 2.9336991 169.3438873 35.3904495
v 8.6689186 172.0366516 35.5763435
v 20.1929703 169.7432404 38.7762146
v 21.6808357 168.3582764 39.4513283
v 26.0204239 168.2666168 41.4358444
v 34.2758675 168.9502869 46.4441147
v 70.4656143 165.6122284 55.0614395
v 72.7837143 166.9979401 55.2424622
v 88.0013657 166.4349976 53.3523026
v 89.8649521 167.5500641 53.0532875
v 93.6737976 167.4454193 52.0021248
v 98.6137314 168.8635254 50.4432678
v 100.9876251 168.7366791 49.4581566
v -25.3149719 167.5851288 41.1032791
v -21.1944160 167.6897278 39.3119965
v -18.8259277 168.0175629 38.4573212
v -14.2221537 167.8304749 37.1858063
v -7.9651914 171.0587616 35.6064529
v -1.2583272 169.7772675 35.2607765
v 32.4681625 167.8928833 45.3653564
v 45.1527290 166.0717773 51.0425797
v 47.0373116 167.1743164 51.7621460
v 61.4110680 165.6423492 54.5540581
v 63.5058594 166.7584991 54.9186668
v 80.6662369 166.7642059 54.6318130
v 82.4707642 165.4997253 54.2209702
v 84.3268509 166.5848389 54.0773849
v 106.1918869 166.0107574 46.8500328
v -23.1499176 168.7356262 40.0267944
v -16.4395828 169.2558289 37.5998726
v -12.1262522 168.8936157 36.5992966
v 0.6031191 168.3831787 35.4581566
v 7.9269028 169.5196838 35.8219833
v 12.2693205 167.4002991 36.8229866
v 30.6404781 166.7447205 44.2150574
v 36.6613617 167.7835541 47.6566086
v 41.1424332 166.6931152 49.6099014
v 48.9433823 166.0003357 52.1993103
v 50.9174728 164.8210144 52.5834427
v 52.9435272 165.9667816 53.1869736
v 57.2941856 165.8233490 54.0038490
v 65.6561584 165.5481873 54.9011688
v 67.9864273 164.3055420 54.8295822
v 76.7480316 164.7048645 54.7183609
v 78.7310486 165.6720581 54.6895485
v 95.5963898 166.0634155 51.2630653
v 108.2910385 165.6351318 45.7007713
v -22.8236504 165.8386688 40.0901756
v -9.9054079 167.4965668 36.3775978
v 4.2980380 167.6193542 35.7194023
v 6.6248059 166.7725220 36.0487862
v 14.5207214 167.2938995 37.3277626
v 16.3015537 168.4997101 37.6464882
v 16.5693207 165.8780518 38.0073891
v 21.2264576 165.7944489 39.4885254
v 27.1345253 166.3038483 42.0920982
v 28.9099827 165.3868713 43.1282768
v 34.4025078 166.5544739 46.4338188
v 38.7592316 165.8448944 48.5430489
v 55.1385841 164.7227936 53.4831619
v 59.3922501 164.5431976 54.1520805
v 70.3654480 162.9642487 54.6729546
v 72.7173843 164.4075623 54.8637009
v 86.1227722 165.3397064 53.5963516
v 87.9750137 164.1039276 53.0734329
v 90.4608841 164.8070068 52.5896835
v 93.5209656 164.6653900 51.7614479
v 101.6635284 166.3660431 49.0125198
v -25.4550819 164.8218079 41.3017998
v -18.0218563 165.6848450 38.4308205
v -11.9891167 166.3374481 36.8972473
v -7.8983479 166.5515747 36.2231712
v 11.3085384 165.1816406 36.9252586
v 32.5154343 165.5121613 45.3468399
v 40.6924057 164.0198212 49.2425613
v 61.4079552 163.2788391 54.2222061
v 63.4392204 164.3880463 54.5769310
v 84.2657013 164.2431030 53.7807159
v 97.6828690 164.9337769 50.4534531
v -20.0904770 165.7171936 39.0872002
v -16.3263988 166.7555695 37.8374825
v -1.6661617 166.9949188 35.6809883
v 36.3871307 165.0249634 47.3884468
v 48.9917831 163.6392670 51.9589043
v 50.9793053 162.4792328 52.3314323
v 52.9979095 163.6190643 52.9165154
v 65.5680084 163.1410370 54.5504379
v 67.8016281 161.8291626 54.4614563
v 82.3989258 163.1612396 53.9162483
v 109.1524506 162.5966187 45.1466866
v -9.4026918 164.7151031 36.6722565
v 4.2120533 165.2975006 36.0515442
v 9.5911264 167.2410126 36.3693390
v 13.9373980 165.3040161 37.4329948
v 23.1474247 164.3559418 40.3373451
v 27.1177845 164.1839142 42.1530533
v 34.2458076 164.1544342 46.2704506
v 44.9879417 163.5882416 50.7628784
v 55.1908989 162.3758087 53.1969070
v 72.8438187 161.4960480 54.4369659
v 89.8492737 162.9678955 52.5252190
v 91.9904861 162.5370331 51.9503136
v 99.9834137 164.2977448 49.5520935
v 107.0837097 163.7865601 46.3047905
v -25.7524014 161.9430084 41.5788727
v -21.0872955 163.2963715 39.6332092
v -18.6325932 163.5080414 38.8367271
v -14.2094965 165.2916260 37.4839020
v -4.0137482 165.6668701 35.9793777
v 32.5511551 163.4372711 45.3223000
v 44.9290581 161.0875702 50.5164375
v 47.0318298 162.3971100 51.2807541
v 61.4429207 160.9372406 53.9033928
v 63.4181480 162.0300903 54.2411041
v 84.2097473 161.9010468 53.4824867
v 88.0355377 161.7757568 52.7772064
v 104.8148575 163.2131805 47.4128838
v -16.3620338 164.2691498 38.1235390
v -12.0588045 163.6988373 37.2444191
v -7.4512863 162.2780304 36.7566071
v 0.1440354 165.5856171 35.8648491
v 12.8458080 163.5749512 37.4145088
v 35.3929672 160.1235352 46.7032661
v 37.5720978 160.8632812 47.7377472
v 40.1850204 161.1052856 48.8356514
v 42.7429581 162.3648529 49.8916130
v 49.0489922 161.2801819 51.7218208
v 53.0599747 161.2833557 52.6486778
v 57.3915443 161.1183167 53.4046288
v 65.4771652 160.7814331 54.2064743
v 67.5172348 159.5000763 54.1142082
v 70.0028305 160.3619537 54.2899208
v 78.5420685 161.1552734 54.0703430
v 82.2849884 160.8207397 53.6148567
v 94.1271133 161.8563385 51.2950630
v 102.9134216 161.6388550 48.1809273
v -23.4631462 162.9037323 40.5530815
v -10.0492992 161.8423462 37.1500511
v 2.0075378 164.1396027 36.1105652
v 1.9044399 161.4597473 36.4941368
v 51.0493584 160.1395416 52.0813065
v 55.2558708 160.0480499 52.9143486
v 90.2017517 160.7048492 52.1796570
v 100.6763229 161.7958069 49.1041145
v 106.8118057 161.1858063 46.3598785
v -21.9582653 161.1829681 40.1129227
v -14.4182167 162.6797943 37.8428383
v -2.1938624 161.5443573 36.4913139
v -0.1159024 162.8410950 36.2655029
v 10.8142757 162.8687439 37.1428909
v 18.8803806 162.0238800 39.0569611
v 22.9291458 161.8742828 40.4208679
v 24.9830017 160.5769196 41.3176575
v 31.4674969 161.5272369 44.6733818
v 44.9718666 158.6367645 50.3077660
v 47.0727577 160.0009308 51.0540352
v 61.5051689 158.6188507 53.5871277
v 63.4364815 159.7031403 53.9125557
v 69.3245010 157.9926300 53.9396210
v 84.1448746 159.5530701 53.1844940
v 96.4909592 160.7392578 50.4843636
v 104.4802933 159.9879150 47.4103928
v -27.9980240 160.9256897 42.7093468
v -12.4413958 161.1033783 37.6441956
v -4.5629168 162.6959686 36.4448624
v 8.7953949 164.6219177 36.6120529
v 15.1052542 162.5818024 38.0244408
v 31.2441349 158.9913025 44.5249062
v 38.7943497 159.2177277 48.1558609
v 40.6613884 158.3510590 48.8304443
v 42.7120972 159.7471313 49.6719208
v 49.1162949 158.9240265 51.4865341
v 53.1307373 158.9490814 52.3821945
v 57.4595718 158.8018494 53.1097984
v 65.4372635 158.5305786 53.8802299
v 67.2081757 157.5894012 53.8280144
v 71.9960861 158.6071014 54.0303574
v 77.5622787 159.4992828 53.9131050
v 94.7436905 159.1833649 50.8636742
v 108.9041977 159.5278473 45.2266502
v -23.8566265 160.2498169 40.8764420
v -10.7639437 159.7078247 37.5433731
v -3.8461316 160.3670349 36.7317009
v 6.1943345 161.1304169 36.8037338
v 10.5459719 160.4620361 37.4142456
v 14.8058567 160.0161438 38.2445984
v 16.9275303 161.0128021 38.6242676
v 18.6533737 159.5990295 39.2260399
v 55.3271217 157.7211914 52.6327019
v 70.9393997 156.2450867 53.6929131
v 76.5630951 157.6708374 53.7219505
v 93.1645126 157.9540558 51.1643219
v -28.2964630 158.1234131 42.9273033
v -21.9238510 158.8387604 40.2838135
v 8.4658089 162.0417023 36.9162750
v 22.7473984 159.5212860 40.5237541
v 45.0095139 156.2075043 50.0998268
v 47.1232681 157.6141510 50.8308144
v 61.5849037 156.3105164 53.2725754
v 63.5247269 157.4148560 53.5940399
v 82.0428162 158.4328308 53.3200989
v 84.0718613 157.1770172 52.8840065
v 88.2540054 157.0338745 52.1580811
v -26.0552368 159.1050720 41.8497238
v -19.6543007 160.6071320 39.4112854
v -14.8529930 159.9487610 38.2582169
v -6.3704176 158.0569763 37.2432175
v -5.8235736 160.1906128 36.8909912
v 6.2021551 158.6997986 37.1398430
v 18.6470509 157.2272339 39.4641380
v 29.6856232 157.4974976 43.6636314
v 38.7697563 157.0962524 48.0247765
v 40.7794724 155.8782806 48.7028046
v 42.8365784 157.2333832 49.5128326
v 49.1589165 156.5527496 51.2425308
v 51.1184044 157.7913971 51.8294754
v 53.2007713 156.6025848 52.1134224
v 57.5300407 156.4793854 52.8146172
v 65.6407089 156.3695374 53.5788193
v 68.1269836 155.6764832 53.5774117
v 81.8473206 155.9747620 53.0086365
v 90.7625122 158.0478210 51.7538147
v 103.9350967 157.1119385 47.5027351
v 107.8977890 157.1357727 45.7049637
v 109.5297089 157.3999329 44.8669701
v -15.1025639 157.2570496 38.6206474
v -10.4711599 157.5617065 37.7811699
v -4.3629193 158.3379059 37.0516052
v 4.0486875 160.0476227 36.7934570
v 14.3868990 157.2640991 38.4814415
v 16.6440430 158.4585876 38.8300667
v 20.6245384 158.3388519 39.9215775
v 34.8852577 157.5462036 46.3732643
v 51.1638527 155.4224854 51.5697174
v 55.3993530 155.3737335 52.3478737
v 72.1102448 154.5704498 53.4394112
v 76.7734070 155.3976288 53.3836288
v 90.1985092 155.4235077 51.5791512
v -22.1987972 156.0569153 40.5920792
v -12.7424402 158.5888062 38.0114899
v -8.3914652 159.4497833 37.2574196
v 10.0984135 157.9874115 37.6787720
v 19.1385326 155.1688232 39.7986946
v 31.9304352 156.1797943 44.8638382
v 34.7018547 154.8955078 46.1962852
v 36.7933197 156.0183105 47.1631432
v 44.9640656 153.7718658 49.8686523
v 47.1092682 155.2080994 50.5880775
v 61.6627274 153.9799805 52.9551315
v 63.6553383 155.1341858 53.2789726
v 69.9109116 154.0261383 53.3678703
v 84.0755539 154.7280426 52.5617714
v 88.0485153 154.9535522 51.9452515
v 97.1190338 155.4301910 49.8219223
v 105.9353180 155.3557281 46.5664177
v -26.4678783 156.3260803 42.1436729
v -19.8040333 157.4165344 39.7506027
v -5.3541603 155.7600861 37.4926987
v -0.2796302 157.6398621 37.0277863
v 25.1382179 156.7015533 41.5895042
v 30.0930500 154.4558411 43.8958626
v 38.7685013 154.6335297 47.8823166
v 40.8129883 153.3792877 48.5458221
v 42.8738518 154.7684937 49.3273354
v 49.1325645 154.1546173 50.9787560
v 51.1696625 153.0300903 51.2994652
v 53.2597313 154.2319031 51.8390732
v 57.6033058 154.1225891 52.5149841
v 74.2439041 153.4794769 53.2266159
v 94.7618866 154.3025208 50.3834152
v 101.5896301 155.7077026 48.3505363
v 103.4735794 154.6091156 47.5641518
v 108.6731339 155.0500946 45.2674484
v -24.5539551 154.7413940 41.4804649
v -15.0678997 154.6648407 38.9138680
v -10.3153162 155.0692902 38.0863228
v 1.8902798 156.2402649 37.2627258
v 4.1367731 157.4852905 37.1698875
v 9.0123892 155.3103027 37.9036980
v 25.6124573 154.5281067 41.8913918
v 27.6216316 156.0003204 42.6739540
v 36.7581177 153.4759979 47.0342331
v 55.4705086 152.9920349 52.0576897
v 59.6997719 152.8620758 52.6025200
v 67.7984467 153.3800507 53.2338181
v 71.4846954 152.4447174 53.1366463
v 77.0539474 152.9692993 53.0191803
v -22.4644527 153.3139954 40.8879051
v -17.3742065 153.2242737 39.5618401
v -12.7364187 156.0858612 38.3202286
v -8.0815849 156.6318817 37.6120338
v 6.4843764 153.7900848 37.8606453
v 32.7002525 153.5308380 45.2169876
v 34.7817230 152.3235016 46.1562958
v 61.7050285 151.6195679 52.6297188
v 63.7572021 152.7682495 52.9490013
v 79.4861679 152.1017609 52.7128372
v 84.0254669 152.2909546 52.2489586
v 86.4996872 153.2644196 52.0077667
v 96.9482574 152.7714081 49.6400681
v -27.0223598 153.3289032 42.5023079
v -19.9482021 154.5139771 40.0608559
v -7.8660641 154.0633087 37.9444580
v -0.4886269 155.0828400 37.4053993
v 1.7141410 153.7290497 37.6184235
v 23.1346817 155.1416626 40.9771194
v 26.4225731 152.3352051 42.3031235
v 31.1706295 151.5274506 44.4460144
v 40.9036179 150.8627930 48.4017601
v 42.8872528 152.3001099 49.1308975
v 49.0434456 151.7516327 50.7021446
v 53.3071632 151.8379059 51.5593948
v 57.6786575 151.7299042 52.2072678
v 66.0982666 151.5368042 52.9020882
v 68.8561249 151.6457520 53.0028725
v 81.8176804 151.0826721 52.3478508
v 94.6195450 151.7352448 50.1684647
v 101.7521667 152.5378418 48.0903053
v 104.4337616 152.7167969 47.0872307
v 106.6687317 152.7182465 46.1540718
v -14.8236914 152.0593109 39.1751633
v -10.1964941 152.5744629 38.4033432
v 18.3159771 153.1190491 39.7877426
v 23.9124870 152.8866425 41.3826103
v 44.9176331 151.4003601 49.6443214
v 51.1518021 150.6241150 51.0218277
v 55.5465889 150.5918274 51.7650719
v 59.7604675 150.4832916 52.2852554
v 73.1799393 150.8515625 52.8771057
v 77.2154999 150.6749420 52.6797981
v 85.8186722 150.9591370 51.8231964
v 87.9970474 150.8661346 51.4610100
v 99.1730042 151.1580048 48.8446198
v -19.9783878 151.5688019 40.3452721
v -12.6143675 153.5690002 38.6167870
v 4.0154338 152.5360413 37.8767433
v 19.8517952 150.9309387 40.3682365
v 21.1070004 153.4743042 40.4836082
v 33.0935173 151.1961365 45.3643684
v 46.8789749 150.4650269 50.0631943
v 61.7142258 149.2653351 52.3024063
v 63.6797829 150.3858337 52.6058960
v 79.5108719 149.6755219 52.3717613
v 83.9838333 149.9193115 51.9421921
v 96.7452621 150.0771332 49.4611015
v -24.6693935 151.9407043 41.6945190
v 15.6368809 152.7267456 39.2574997
v 27.2307873 150.0131531 42.7203789
v 28.8637981 151.9210358 43.3427620
v 36.7634201 150.9262085 46.9229469
v 43.0862885 149.8871918 49.0017853
v 48.9343681 149.3642426 50.4249840
v 53.3678360 149.4345856 51.2799416
v 57.7599678 149.3360138 51.9017487
v 65.3884659 149.2456512 52.5419922
v 67.5033112 149.4743195 52.6534767
v 74.9974747 149.4559784 52.6179352
v 81.8313141 148.7513275 52.0295677
v 94.7096786 149.4627533 49.9268875
v 105.2373199 150.8766479 46.6842804
v -29.0870342 147.1346283 43.5559464
v -22.7088318 150.9845276 41.1403389
v 11.1022758 153.0807648 38.4660339
v 14.7483368 150.6054535 39.3372421
v 22.3613586 151.0209351 41.0360680
v 24.7986374 150.6685944 41.8107643
v 38.8641739 149.5462799 47.6282959
v 45.0263977 149.4089050 49.4963341
v 51.1639671 148.2242889 50.7509232
v 55.6525917 148.1913605 51.4759216
v 59.8217545 148.1139832 51.9690018
v 72.6322021 148.2959595 52.5136681
v 77.1127396 148.3191833 52.3497162
v 89.1107025 148.9109344 51.0363884
v 101.2329254 149.3321381 48.0624008
v 105.0962143 148.7447510 46.6575775
v -14.4172125 149.3957367 39.4214668
v -3.2770522 151.2803955 38.0205917
v 6.2401166 151.3322144 38.1862488
v 8.0495586 149.7328796 38.5615997
v 12.7852812 150.1473083 39.0776482
v 18.9951420 148.3472137 40.4302216
v 32.3169975 148.7486267 44.9704094
v 41.1659851 148.3506622 48.3116493
v 61.7377663 146.9239807 51.9776154
v 63.5783119 148.0842590 52.2734413
v 70.0630951 147.2146606 52.3697968
v 79.5232239 147.0506592 52.0046692
v 86.3841019 148.2887115 51.4010353
v -21.4795647 149.2556152 40.9336433
v -16.9293594 150.5431824 39.7494812
v -12.3695469 151.0063934 38.9041023
v -7.8750892 149.4446716 38.5786018
v 23.3833923 149.2102966 41.4657631
v 43.9342461 147.3989410 49.0318108
v 48.8724365 147.0046082 50.1628647
v 53.4868813 147.0306702 51.0089035
v 57.8662071 146.9507294 51.5997009
v 65.5178223 147.0631561 52.2330132
v 74.7210617 147.1240540 52.2894859
v 82.0902252 146.6115417 51.7160912
v 108.7534180 149.5328064 45.1453857
v -6.3290238 147.7693176 38.6913414
v -5.7609353 150.2574615 38.3008499
v -1.0092309 149.7496033 38.1898994
v 11.9441319 147.9450531 39.2347450
v 25.4050579 148.3948669 42.1480942
v 30.3948860 146.7270508 44.0883522
v 38.9724579 146.9855347 47.5158958
v 51.2548904 145.8474579 50.4979286
v 55.8153343 145.7882080 51.1923714
v 59.8978691 145.7528839 51.6548347
v 74.4550400 144.7835388 51.9568329
v 76.8304825 145.9123077 52.0233231
v 89.0000458 146.6431274 50.7903214
v 101.0381699 146.5105286 47.9446068
v 108.6478195 146.7430573 45.1541710
v -26.6664295 147.8242340 42.6025429
v -22.1766739 147.0498505 41.2935562
v -20.1915627 147.5668640 40.7661247
v -3.6561940 148.5832214 38.4277000
v 4.3012433 147.8464050 38.5675316
v 5.9469175 149.3013000 38.4543648
v 6.9246793 147.2636719 38.8148270
v 9.5764027 147.7181091 38.9902077
v 14.1378222 148.2118988 39.5230751
v 34.6181450 147.1495056 45.9327583
v 41.4376717 145.8274231 48.2183609
v 61.7840042 144.5776672 51.6538010
v 63.6063385 145.7580872 51.9446983
v 80.5850677 145.2474518 51.6695938
v 84.3410110 146.0039673 51.3820229
v 86.6977310 145.1844635 50.9690590
v 94.3346558 145.2090454 49.5969086
v 103.1312790 147.5964050 47.3227081
v 106.8982544 147.7472687 45.9075546
v -26.9188538 145.2798767 42.8114853
v -16.4233856 147.8925934 39.9471703
v -11.9610939 148.3414154 39.1840820
v -11.6850243 145.4976196 39.5162849
v -9.2633133 147.3336182 39.0042877
v 23.3387375 147.1199188 41.6040878
v 27.8861408 147.4615021 43.0638161
v 44.0024261 144.6786041 48.8204956
v 48.9203529 144.6740570 49.9276428
v 53.6731529 144.6334076 50.7458878
v 58.0022507 144.5701141 51.3005104
v 65.5487823 144.5713654 51.8751755
v 67.6347122 145.9138184 52.1404305
v 69.8245163 144.6147156 51.9862747
v 78.7078094 144.5567474 51.7170334
v 91.5679321 145.5244293 50.1983490
v 104.9855499 146.2934265 46.5995178
v 106.7854843 145.1205902 45.8826790
v -29.2106152 144.6202087 43.6510925
v -24.5248852 146.1308899 42.0131454
v -16.1557865 145.2980347 40.1920280
v -7.2792988 145.2127533 39.1220741
v 2.8410244 146.2771149 38.7348366
v 20.7969990 146.0166168 41.0522232
v 28.6721668 144.5178375 43.4470978
v 31.0663376 144.5964508 44.4002342
v 51.4075584 143.4997559 50.2572708
v 59.9829788 143.3990784 51.3418083
v 69.8430557 142.2245026 51.6379814
v 84.5412674 143.5876312 51.0434151
v 88.9543228 144.0496826 50.4946136
v 92.8093414 143.6433258 49.7609177
v 96.7431870 144.0871582 48.9372978
v 98.8796692 145.3894653 48.4926720
v -22.3483562 144.5027161 41.5416565
v -13.8964481 143.8688965 40.0058365
v -4.1586471 145.5010529 38.8930435
v -1.3231134 146.9156952 38.6080551
v 4.7780066 145.6502991 38.9063377
v 30.7975636 142.5268555 44.2971230
v 34.7244568 144.4958801 45.8998375
v 39.1197472 144.4479523 47.4229088
v 41.6202164 143.3325806 48.0948830
v 56.0052872 143.3965454 50.9113884
v 61.8340683 142.2331390 51.3302345
v 63.6319046 143.3930359 51.6102104
v 80.4082260 143.2798309 51.4128952
v 82.3669891 144.4887390 51.4001083
v 86.7931137 142.6355286 50.6388588
v 96.9542542 141.4095001 48.6590462
v 101.0682449 143.8561707 47.7670364
v 103.0343704 145.0450592 47.2211952
v 104.8828049 143.8358459 46.5424652
v -20.1887627 145.5345154 40.9504738
v -18.1182442 144.1486969 40.6655807
v 0.9115717 145.4145813 38.8209114
v 11.0370026 145.2456665 39.4745522
v 19.0181332 144.2662811 40.8321114
v 23.4263554 144.5265656 41.8168411
v 44.1507149 142.2541809 48.6538582
v 49.0527191 142.3576355 49.7092133
v 53.8540306 142.2700195 50.4845657
v 58.1319199 142.2100067 51.0021057
v 65.5507431 142.1847839 51.5314102
v 67.6537781 143.3278046 51.7650719
v 74.4533234 142.3372345 51.6024628
v 76.5860748 143.5035400 51.6901741
v 78.4590225 142.2466431 51.4083977
v 82.3508835 142.1652069 51.0883293
v 92.7924500 141.4450684 49.5375824
v 94.7372818 142.6855927 49.2687111
v 108.6124878 143.6751709 45.1250038
v -29.4449825 142.2106628 43.7899742
v 3.0202096 144.2401428 39.0374527
v 6.8080659 144.6975555 39.1620712
v 25.9625835 142.8014526 42.6297684
v 32.7923660 143.3666534 45.1140099
v 34.8133392 141.8469086 45.8590164
v 39.3368073 141.8974915 47.3415489
v 51.5541267 141.1736755 50.0158348
v 60.0594292 141.0605316 51.0293961
v 76.5363235 141.1471863 51.3543625
v 84.5947876 141.0899811 50.7139511
v 88.8837509 141.5612183 50.2143097
v 99.0310440 142.6603699 48.2479210
v -27.4953270 143.1867065 43.0926895
v -22.3846111 141.8743896 41.7604866
v -20.1250572 143.0478516 41.1720390
v -9.6516752 144.6334991 39.4048576
v 8.8744965 143.6221313 39.4736671
v 13.1121645 143.5202789 39.9486771
v 23.3241234 141.9555664 41.9828339
v 32.7394295 140.9298248 45.0671997
v 41.8477554 140.8705597 47.9792213
v 56.1501579 141.0473938 50.6293182
v 61.8856087 139.8968811 51.0076065
v 63.6608505 141.0470123 51.2785339
v 80.1642075 140.9567566 51.1106873
v -27.1899662 141.1795044 43.0807724
v -24.9966354 143.2158051 42.3340378
v -5.8952456 143.0256042 39.3410988
v -1.3320153 144.1317139 39.0095634
v 1.0875690 142.8835754 39.1923180
v 4.9812307 143.6853180 39.1975670
v 6.6360068 142.4715424 39.4627991
v 28.6537571 141.5624084 43.5223885
v 37.1198311 140.4109497 46.5882683
v 44.3314285 139.8826447 48.4969444
v 58.2250290 139.8813477 50.7028427
v 65.5480347 139.8529053 51.1954880
v 67.5976257 141.0157318 51.4266853
v 74.4813538 139.9224091 51.2513046
v 78.2623520 140.2310486 51.1344986
v 90.8596344 140.3118134 49.7586937
v 92.9283752 138.9294128 49.2532578
v 104.8130188 141.7066498 46.4770203
v -24.6912231 140.4710541 42.4208031
v -11.3247166 142.4584503 39.8679428
v 26.7841797 140.1733551 42.9989738
v 30.7592926 140.1150360 44.2985420
v 39.6662941 139.2708130 47.2910042
v 51.6520958 138.8506470 49.7653465
v 53.9780540 139.9437714 50.2188148
v 60.1213722 138.7355194 50.7170296
v 67.5783157 138.6479645 51.0823822
v 84.7620621 138.2551117 50.3308487
v 86.8862457 140.1832733 50.3245773
v 88.9424362 139.1795502 49.9263153
v 94.9187317 140.1379547 48.9904137
v 97.1466599 138.8226776 48.3990898
v 99.1761780 140.0388641 48.0194855
v 101.2285385 141.2256775 47.5565796
v -30.0626850 138.7212982 44.0715027
v -26.7786560 138.8876190 43.0687370
v -22.3883171 139.3082275 41.9690018
v -20.1508198 140.4672546 41.4203796
v -13.9244308 141.1492920 40.3413162
v -3.0533912 140.1502991 39.6296005
v -1.0275700 141.5460968 39.3842735
v 8.8658876 141.2632599 39.7940712
v 42.1780434 138.4374237 47.8848038
v 56.2399559 138.7315521 50.3439255
v 61.9368706 137.5611420 50.6847229
v 63.7027893 138.7034454 50.9478531
v 72.1700974 138.6466827 51.1105042
v 79.2997131 138.4001312 50.8111954
v 82.1655426 139.6495667 50.7681007
v 87.1992645 138.1177979 50.0333443
v 101.3522110 138.6083984 47.3612595
v 108.0737152 140.7554779 45.2935333
v -18.0499115 141.5388184 40.9271126
v -11.8671026 139.5387115 40.3038406
v 1.2943980 140.3746338 39.5601997
v 3.8583457 141.7431030 39.4279480
v 6.4188619 140.1329956 39.7782860
v 11.2209749 140.0736237 40.1693306
v 16.7540798 141.0836639 40.7620163
v 18.6735001 139.3294678 41.2665787
v 23.1828632 139.4378815 42.1403503
v 32.4518242 138.8776550 44.9351349
v 34.6979713 138.8966675 45.7432594
v 44.5339012 137.5916901 48.3484192
v 46.8764343 136.4921875 48.7175407
v 49.2553558 137.6935577 49.2563934
v 54.0511513 137.6274261 49.9462929
v 56.2949448 136.4149933 50.0536385
v 58.2884407 137.5670929 50.4019012
v 65.5837402 137.4792786 50.8552170
v 69.8178558 137.3620453 50.9269943
v 74.4746475 137.5705261 50.9103127
v 76.6569748 138.9155121 51.0294495
v 81.8675156 137.0719604 50.4457893
v 90.9629059 137.8428497 49.4693260
v 103.6150589 139.8109283 46.7755966
v -24.5327625 137.9355316 42.5555267
v -14.0642986 138.6539001 40.6646233
v 21.1275597 140.6827850 41.5974312
v 27.0970650 138.1074982 43.1880302
v 30.8318729 137.7147217 44.3534164
v 37.4381180 137.6189423 46.5693359
v 40.2445755 136.3843994 47.2699242
v 49.3096123 135.3288422 49.0160751
v 60.1714363 136.4105835 50.4032936
v 74.5285797 135.1871643 50.5631714
v 76.8035049 136.6617584 50.6996460
v 88.9176102 136.8698578 49.6594048
v -28.0503254 137.1408539 43.4964333
v -22.3404408 136.8447876 42.1634941
v -20.2328243 137.9745026 41.6695175
v -18.0889874 138.9962158 41.1986618
v -0.8663480 139.1287079 39.7382698
v 3.6515896 138.6924591 39.8605843
v 6.5263333 137.7187805 40.1245804
v 8.8706284 138.9629364 40.1091843
v 13.5840368 138.8700562 40.5842857
v 42.7206078 136.4541321 47.8635788
v 61.9860916 135.2184906 50.3604698
v 63.7546501 136.3443146 50.6150589
v 79.2583389 135.7454834 50.4424553
v 84.1335754 135.5600739 50.0433121
v 107.7002869 138.3093262 45.3929062
v -26.2586575 136.4368134 43.0600433
v -16.0928974 137.5928650 41.0528450
v -12.3304119 137.4371490 40.6200523
v -10.0226059 137.3419037 40.4191093
v -5.1576080 139.0375519 39.8682709
v -3.0062973 137.7454681 39.9775620
v 1.0677856 138.2498016 39.8716316
v 11.2336845 137.8234711 40.4640656
v 23.3251724 136.5037689 42.3921738
v 25.2142582 138.5736237 42.6739998
v 32.9494629 136.8022461 45.1006432
v 35.2447853 135.9711151 45.8449440
v 44.6146011 135.3463287 48.1764221
v 46.9387131 134.1148987 48.5016632
v 56.3225098 134.0667419 49.7560387
v 58.3303146 135.2407837 50.0967979
v 65.6321411 135.0798340 50.5110779
v 70.1349564 134.5730286 50.5179901
v 93.2598648 133.9659729 48.6912155
v 101.3786011 136.1461334 47.2073975
v -29.9478455 136.0315094 44.0846901
v -24.1238213 135.3379822 42.6413956
v 1.8951478 136.3329926 40.1587296
v 21.0011330 138.0229340 41.8098564
v 26.0292072 136.3396912 43.0083046
v 37.6385574 134.9021149 46.5098763
v 51.7498283 134.1377106 49.2398834
v 54.0931816 135.2894135 49.6670341
v 60.2098389 134.0731812 50.0866966
v 67.6039810 133.7709503 50.3737106
v 72.5672531 132.9710693 50.2766953
v 86.6090851 136.1486969 49.8562202
v 88.7704163 134.6143341 49.4135475
v 97.4348907 133.7512054 47.9212036
v 99.4259644 134.9970703 47.5987129
v 105.1141739 135.3578491 46.1460876
v 107.3646851 135.9437561 45.4616623
v -30.0254650 133.5307922 44.1635742
v -22.1813049 134.7071075 42.3150291
v -20.3525620 135.5846863 41.9152985
v 6.7784877 135.4684296 40.4544449
v 8.9406700 136.7068939 40.4228210
v 31.0328197 135.2015076 44.4423294
v 33.2422752 134.3005066 45.1692581
v 42.3276787 134.4285583 47.6322365
v 62.0461121 132.8768768 50.0365982
v 63.8205605 133.9758453 50.2811241
v 79.1716309 133.2744293 50.1016045
v 81.6581039 134.5410309 50.1179543
v 83.9737549 132.9960327 49.7213364
v 86.3419037 133.8799591 49.6059685
v 90.9709930 133.1273804 48.9473572
v 95.3648224 132.4849396 48.1981049
v 103.1378784 135.0278168 46.6884651
v 106.9311218 133.4806213 45.5501595
v -25.8488445 133.6637878 43.1228065
v -16.1645451 135.1998138 41.3338966
v -11.8227844 135.3483124 40.8425522
v -3.1481924 134.9137421 40.3916550
v 11.2548513 135.5547943 40.7627640
v 16.0614910 135.4409332 41.2994041
v 18.1768169 134.1103668 41.7313499
v 35.4451370 133.4750671 45.8362732
v 39.8901138 133.5310211 47.0116844
v 44.5847931 132.9725952 47.9727669
v 47.0167618 131.6488037 48.2815437
v 58.3449059 132.8819580 49.7847710
v 65.7343369 132.6935425 50.1697197
v 69.5587006 132.3627930 50.1939774
v 74.7414932 132.9803925 50.2393379
v 76.8424683 134.3121185 50.3612747
v 81.4793777 131.9005127 49.7712250
v 101.5328369 131.3648682 46.8917580
v -7.7892132 135.8447418 40.4628868
v 13.5625343 134.2753754 41.1485481
v 20.6042614 135.3028717 41.9849319
v 24.9069958 134.0907898 42.8994560
v 27.0824394 134.4270020 43.3638077
v 37.5138435 132.4522400 46.3717957
v 51.8065224 131.7140656 48.9716644
v 60.2457352 131.7277985 49.7686844
v 74.1819916 130.8601379 49.9428329
v 76.7828751 131.9570618 50.0272675
v 88.5942841 132.2815094 49.1613464
v 93.0407028 131.5171814 48.4811630
v 104.0844803 132.8108215 46.3318291
v -27.8456707 132.2308807 43.6493492
v -23.2420864 132.4795532 42.6844635
v -18.3986225 134.1472778 41.7517891
v -18.2070580 136.5532074 41.4730301
v -14.0535526 136.3319855 40.9466438
v -11.5809278 132.8057098 41.1467438
v -5.7448478 134.7056580 40.5112648
v 2.8991783 134.2060089 40.4894295
v 4.4517727 136.1417694 40.2554893
v 5.0230279 134.2613220 40.5466270
v 8.9717140 134.4449005 40.7322845
v 11.1602440 133.1824799 41.0660324
v 42.1175575 131.9239349 47.4094276
v 49.3772507 132.9021912 48.7709656
v 62.1519699 130.6120758 49.7254906
v 63.9416656 131.6317749 49.9523201
v 71.3901901 130.8179626 49.9722366
v 79.0628281 130.6938019 49.7456970
v -20.6574135 133.1850586 42.1894112
v -16.2337399 132.8020935 41.6207199
v -13.9477396 133.9695740 41.2241936
v -9.5466042 134.3657684 40.7836761
v 1.8666013 132.3262329 40.7454376
v 6.7923288 133.2623749 40.7667961
v 26.8474045 131.9617157 43.4370041
v 29.0677395 133.5679626 43.8975067
v 29.4186230 131.0412598 44.0686798
v 31.7322617 130.1336975 44.6961365
v 35.5567398 131.4633179 45.8108177
v 37.0278168 130.1445312 46.1539001
v 39.5240707 131.0257721 46.7889442
v 44.5923843 130.4638672 47.7630234
v 49.4698601 130.4294128 48.5252533
v 54.1231651 130.4889069 49.0874786
v 58.3291473 130.4823761 49.4652367
v 66.0892944 130.1043243 49.8035812
v 67.5270462 131.7450867 50.0775528
v 68.7919159 130.0823364 49.8526344
v 90.6294632 130.7393341 48.7345810
v -16.1871662 130.3142853 41.8972397
v 0.0405904 133.9604187 40.4924965
v 2.3319268 130.1623230 41.0674095
v 8.9129286 132.1263733 41.0441208
v 15.7668056 132.9075012 41.5528069
v 22.3950901 133.5803986 42.4470177
v 51.8547592 129.2892151 48.7017784
v 60.3280830 129.4044952 49.4559669
v 72.6685028 129.1638336 49.7194176
v 83.7671356 130.1179199 49.3657303
v 86.2485886 131.3270416 49.2986145
v 88.3533478 129.8256073 48.9003334
v 92.5143585 129.1051025 48.3120232
v -30.0730228 131.0445404 44.2372437
v -6.6989937 130.4514008 41.1552391
v 4.3181591 132.0983276 40.8343277
v 6.8046250 130.9299469 41.0963402
v 13.3257074 131.7522278 41.4394341
v 15.4383497 130.2912140 41.8249931
v 41.8627357 129.1752167 47.1616478
v 63.9200859 129.6896667 49.6754227
v 70.4597549 128.2987213 49.6020851
v 81.5520172 128.8401489 49.3492661
v 86.1472092 128.6742706 48.9770927
v 95.2098846 129.7284698 47.9741974
v 106.4614868 130.5780945 45.6229515
v -25.5552998 130.8365936 43.2327576
v -20.8988228 130.5234985 42.4747925
v -18.5495586 131.6659851 42.0356407
v -9.1965218 131.6589661 41.1273155
v -4.2199807 130.4893646 41.0608902
v 10.8964176 130.6739807 41.3753395
v 17.7605553 131.4977875 41.9512711
v 19.5943832 130.0869293 42.3346748
v 44.7204704 127.9503479 47.5772171
v 47.1132507 129.1440735 48.0598640
v 49.5587120 127.9795761 48.2801018
v 54.0328674 128.0896149 48.7885208
v 58.3016624 128.0431824 49.1399193
v 64.7647247 127.9043198 49.4479790
v 67.5387573 127.3723679 49.4388657
v 74.5290146 128.1748047 49.5459900
v 76.7364578 129.4783478 49.6743164
v 79.3982697 127.8260956 49.3281631
v 90.2066040 128.3766479 48.5259552
v 97.3797455 131.2537384 47.7288628
v 98.9018478 127.9503403 47.1989288
v 101.1770782 128.8533020 46.8171120
v -23.2221870 129.2651062 42.9403076
v -2.4012637 132.0606689 40.7910767
v -0.0094576 131.0430756 40.9179840
v 7.2570930 128.5321503 41.4530106
v 8.8109913 130.0341034 41.3256416
v 21.7361298 131.0144501 42.5575447
v 40.5181999 126.7991638 46.7543640
v 51.8648109 126.9812546 48.4398956
v 60.4707832 127.1341553 49.1531487
v 72.2633286 126.7368164 49.3681793
v 76.7284927 126.9236832 49.3092003
v 84.0234604 127.3063202 48.9766388
v 88.1063461 127.3929443 48.6372490
v 93.4832687 125.5338821 47.8258743
v 96.5942230 127.4993896 47.5589409
v 102.9410629 127.2415314 46.3663101
v 107.2218399 128.3236237 45.3758545
v -18.5194416 129.0370483 42.3038483
v -13.6540489 128.9993744 41.8076057
v -4.8950062 132.6694489 40.7679482
v 4.7802544 129.3843536 41.2383766
v 15.1444283 127.6207123 42.1127930
v 23.3190060 129.0273438 42.9732094
v 27.8238602 129.6186829 43.7631798
v 31.9628105 127.5752182 44.7770844
v 42.7466316 126.9274445 47.1704979
v 47.2081680 126.6391830 47.8376274
v 62.7370834 126.3333588 49.1513367
v 91.9460907 126.9095306 48.1592102
v 105.2815552 128.0032806 45.8652344
v 10.1061659 127.9126511 41.6912689
v 21.2219601 128.8332672 42.6792068
v 36.4409714 127.7343979 45.9278831
v 49.7051048 125.6304321 48.0510025
v 53.7033272 126.1168289 48.5210266
v 55.9941330 126.4372253 48.7586403
v 56.7177467 123.6325378 48.4553604
v 58.4549103 125.6631393 48.8343163
v 65.0465851 125.4788589 49.1104622
v 79.3201065 125.4370346 48.9990196
v 89.8389130 126.1192780 48.3128242
v -30.2258644 128.3151245 44.3526268
v -25.5689850 127.9441757 43.4251366
v -16.0156994 127.7101974 42.1799049
v -4.9773369 128.2889099 41.3995399
v 12.9606848 129.0791931 41.7426414
v 22.0497456 126.4032135 43.0073967
v 27.4923744 127.4407120 43.7976685
v 34.2109985 126.5552292 45.3508873
v 38.0791664 126.1514206 46.2358437
v 42.1847153 124.9819412 46.9351387
v 52.0287056 124.8366318 48.2128487
v 60.5872040 124.9033203 48.8540077
v 67.1888504 124.2909393 48.9880104
v 74.3925476 123.7402420 48.9056435
v 84.1847687 124.7237091 48.6312981
v 86.1963272 126.0734863 48.6504517
v 87.9923859 125.3300247 48.4002800
v 91.6394501 124.7290344 47.9657173
v 95.5909195 125.2716446 47.5200157
v 98.1231308 125.5460739 47.1607628
v 106.7824020 126.3058014 45.4545784
v -30.5086002 125.4841537 44.4854698
v -23.2689972 126.3634949 43.1747017
v -7.2144356 127.8223190 41.5502625
v 1.0422539 125.9388351 41.6694717
v 2.8780115 127.6332397 41.4451370
v 5.3239560 126.9294815 41.6053810
v 19.5020962 127.5533676 42.5768204
v 36.0256500 125.6187668 45.7691345
v 62.7078209 123.9582443 48.8167229
v 71.8290024 123.9407196 48.9624519
v 81.8860245 126.0946274 48.9584961
v -30.7348900 122.8796234 44.5806007
v -28.0529404 126.6639557 43.9440155
v -20.8576221 127.6919937 42.7286224
v -18.3886681 126.3376617 42.5748901
v -3.2622981 126.4000626 41.6296120
v 0.4728577 128.4336853 41.3007240
v 17.2711506 126.2566833 42.4716530
v 24.9748478 126.8272934 43.4010773
v 27.0290527 124.6693802 43.8651276
v 34.3329086 124.1935806 45.3514595
v 39.7145424 124.4414902 46.4742355
v 44.7465210 125.4752808 47.3791275
v 50.0012093 123.4785767 47.8543167
v 54.2986450 124.2375870 48.3475685
v 58.8070564 123.6975479 48.5951042
v 64.7823563 122.8465881 48.7265434
v 69.1453400 122.8254471 48.7970772
v 76.6921158 124.5438385 48.9696274
v 79.1767883 122.9951477 48.6648254
v 81.7904587 123.7167816 48.6430321
v 89.3848419 123.9523621 48.1129036
v 93.8658295 123.1770554 47.5523491
v 99.8859024 123.7420959 46.7469254
v 102.3275375 124.6944427 46.3724976
v -20.8419685 124.9549408 42.9866180
v -15.8793697 125.0371094 42.4781876
v -13.4363298 126.3644943 42.1182899
v 7.7296247 126.0478897 41.8219452
v 12.6995087 126.3386307 42.0683403
v 36.9608841 123.5835648 45.9064941
v 52.3006058 122.6532745 47.9884338
v 60.4721222 122.6207352 48.5366096
v 73.8708649 121.7959061 48.6306572
v 76.5732269 122.2250366 48.6406822
v 88.9342880 121.7257080 47.8994598
v 91.2918625 122.4778595 47.7647400
v 106.3961182 123.9743958 45.5024719
v -28.3122559 123.8600464 44.1217079
v -23.4091892 123.6432266 43.4120789
v -8.6699305 125.9980240 41.8697433
v 3.5525932 125.2742615 41.7988586
v 5.7700357 124.8886490 41.9115791
v 10.2363062 124.9171143 42.1010437
v 14.9531431 124.9866028 42.4111137
v 19.4822178 124.9167175 42.8391151
v 25.6270466 122.6682968 43.7792358
v 32.1703529 122.5545197 44.8686104
v 45.9008331 122.1734161 47.2568016
v 47.9585533 121.4830627 47.4328842
v 62.5053444 121.4648819 48.4597549
v 71.1875229 121.2101974 48.5654984
v 97.0537643 122.6535950 47.0943108
v 101.8350830 122.2495651 46.3375740
v -25.8213787 125.0955353 43.6449280
v -16.0012169 122.4421387 42.7905693
v -10.4956942 122.2008896 42.4744987
v 10.4080000 122.2800827 42.4635582
v 29.7407398 123.5242615 44.3805771
v 39.2249107 121.9278336 46.2614784
v 43.4504280 121.3359222 46.8650703
v 50.1607056 121.4681396 47.6581230
v 66.7544327 121.5758972 48.5864410
v 68.7403107 120.1725693 48.4073639
v 78.9149628 120.4522476 48.3183899
v 86.5221863 120.8603973 47.9820290
v 103.7546310 120.8404617 45.9444008
v -25.9699440 122.3925247 43.8391418
v -20.9500465 122.3359909 43.2455368
v -13.2721443 123.4258957 42.4741936
v -2.8260508 122.5762711 42.1771011
v 2.8579500 121.2408752 42.3727875
v 12.6745825 123.6930542 42.4038239
v 34.5280190 121.7904434 45.3598366
v 41.2588272 120.2859497 46.4912910
v 52.3423653 120.3140411 47.7244987
v 60.4091301 120.2453613 48.2089005
v 84.0197754 119.8885727 48.0128174
v 90.9939651 120.1531219 47.5430489
v 92.8827209 120.9863358 47.4480858
v 94.9824905 120.4939194 47.1749382
v 99.5424347 121.1831055 46.6348915
v 104.1611557 123.1384659 45.9493484
v 106.0468597 121.6411514 45.5343971
v -28.4150219 121.2620087 44.2557564
v -18.3757610 123.6821518 42.8558617
v 4.5237269 123.1679993 42.1242676
v 14.8597126 122.4562912 42.7065620
v 29.9542484 120.8987122 44.5009727
v 36.7881012 120.7676773 45.7842331
v 45.2291336 119.7856445 46.9661064
v 62.3504486 119.0381088 48.1150322
v 64.4627151 120.2473755 48.3465652
v 70.8807526 118.5188980 48.1717110
v 81.6159592 121.3293686 48.3296967
v 88.7071838 119.3441315 47.6424484
v -30.8904800 120.3433838 44.6769409
v -18.5192871 121.0689468 43.1453133
v -12.1922483 120.6330261 42.7665024
v -3.1332242 120.5575485 42.4756241
v 5.5681949 121.1145477 42.4430847
v 16.9731560 121.1467285 43.0152359
v 49.9233932 119.3131332 47.4047203
v 54.6099625 119.0095367 47.7332230
v 58.6639404 118.9559174 47.9563789
v 66.3966980 118.9510880 48.2005005
v 76.1004333 119.6957626 48.2878685
v 81.3821106 118.8425674 48.0035706
v 86.3134460 118.4789200 47.7023735
v 95.4581223 118.2311478 46.9250412
v 97.5147400 119.3801346 46.7837067
v 103.4297256 118.6221466 45.9187050
v -7.8680229 121.1124649 42.5105400
v -5.2018652 122.0874863 42.2953415
v 8.5360460 118.2602463 42.9330406
v 7.5366406 123.2785645 42.2003517
v 12.7291880 121.2021866 42.7254257
v 27.8433037 119.9368057 44.2390099
v 52.2772598 117.9372253 47.4488258
v 60.5944214 118.1662216 47.9324760
v 73.4338379 119.1914520 48.2560425
v 75.4202652 117.1316833 47.9312248
v 83.8238144 117.4959641 47.7123222
v 88.4378281 116.8938370 47.3765335
v 105.7206573 119.3594818 45.5518341
v -28.4966679 118.7526627 44.3868904
v -23.7644653 118.6025085 43.8558655
v -0.3174185 121.4034882 42.3298149
v 10.6454048 119.8143616 42.8035851
v 14.8033400 120.0258331 42.9956055
v 16.8510647 118.7174606 43.2819862
v 36.4482269 118.1424713 45.6535416
v 47.6235695 115.8497086 46.8638268
v 49.9082184 116.9486237 47.1578331
v 62.0440369 116.7299423 47.7826042
v 64.1880798 117.7286682 47.9812012
v 70.3699875 115.8259354 47.7778206
v 78.4240189 117.5341644 47.9235344
v 86.0395279 116.0610962 47.4185638
v 101.2814941 117.8757935 46.1999512
v -21.1688366 119.7686310 43.5080185
v -16.0365181 117.4892120 43.3702736
v -9.9857473 119.5577850 42.8057442
v -3.5241406 118.5439606 42.7715073
v 1.6734202 118.7850876 42.7191467
v 10.7961206 117.4185715 43.1286163
v 19.1113548 119.6687927 43.3452225
v 21.4201317 120.6688766 43.4531479
v 29.4261551 118.4070587 44.5181656
v 38.4776039 116.5598755 45.9025116
v 40.8916664 117.5364609 46.2796211
v 54.6241074 116.5470047 47.4344215
v 59.4609451 116.2889938 47.6322327
v 66.0646667 116.3642044 47.8212852
v 90.7352753 117.7168655 47.3010406
v -13.9845200 118.9682846 43.0751457
v -9.7884617 117.3788681 43.0932922
v -7.8057551 118.3848724 42.8895912
v -5.5185061 119.6230087 42.6541748
v 12.7910213 118.7976151 43.0357094
v 23.6883774 119.2170563 43.8045044
v 28.7248707 116.0619278 44.5339165
v 45.2101479 117.1108170 46.7486649
v 52.3069916 115.5793991 47.1819992
v 67.9655685 114.9147415 47.6329422
v 72.8637466 116.4967575 47.8668823
v 83.6348495 115.1513672 47.4153137
v 90.2239456 115.5740356 47.1076202
v 96.9498062 116.6632614 46.6389618
v 100.9704819 115.6240387 46.1164284
v 103.1734695 116.3773956 45.8707428
v 105.4496460 117.0806427 45.5509491
v -28.4550762 116.2615585 44.4967575
v -26.2195606 115.0591125 44.3450699
v -18.7311783 118.2256699 43.4642487
v 4.0475407 119.5095978 42.6415176
v 14.8236284 117.6196823 43.2881126
v 23.7501564 114.9038467 44.1603737
v 26.4593430 118.0330429 44.1784096
v 45.4326210 114.6054535 46.5628967
v 50.0382271 114.5858307 46.9218750
v 61.5847397 114.3000793 47.4306068
v 63.8857613 115.2438660 47.6211090
v 78.9270554 114.8162689 47.5278893
v 81.2752457 116.2963486 47.6621170
v 85.5066299 114.0575867 47.1937256
v 96.2239304 114.1198730 46.5025673
v 98.6670914 114.8112183 46.3242569
v -32.2358971 115.7644196 44.9637947
v -31.0753765 117.5982666 44.7728271
v -26.1757107 117.4401169 44.1839714
v -21.6257057 117.3131485 43.7770805
v -11.7902365 118.0046158 43.0882835
v -8.2078362 115.8952255 43.2477341
v -5.3572555 116.8894119 43.0412216
v -2.4441714 116.6885071 43.0295410
v -1.2397714 118.7730408 42.7171898
v 6.3705730 116.6603699 43.0957680
v 16.7853870 116.3027878 43.5532265
v 18.9740105 117.1229858 43.6002007
v 31.4527206 116.6008224 44.8472366
v 38.1152420 113.9883499 45.7619057
v 40.6324005 114.9175873 46.1021194
v 47.8719330 113.4755249 46.6592674
v 54.6525459 114.1805344 47.1482430
v 65.7500229 113.8273697 47.4514580
v 69.9486160 113.3295135 47.4113655
v 76.8487473 115.4950790 47.6708832
v 81.2940521 113.8518372 47.3297577
v 92.3287811 115.7661667 46.9759064
v 100.6489563 113.0880203 46.0165825
v -19.9492016 115.7515106 43.8059387
v -3.7012527 114.6654129 43.3364601
v 8.7093887 115.8777847 43.2670479
v 10.8875675 115.0303650 43.4494514
v 12.8919268 116.3902512 43.3471146
v 26.0264645 115.5287247 44.2995605
v 30.7773724 114.1949997 44.8317032
v 59.1644363 113.5819168 47.2586899
v 67.6868362 112.4452057 47.2717018
v 72.3888321 113.9142914 47.4945335
v 76.8042068 113.4052963 47.3730507
v 83.5650558 112.8948517 47.1238594
v 102.9764709 114.0148010 45.8059731
v 105.2335663 114.7626572 45.5347710
v -30.4266777 114.9699326 44.7676392
v -23.9527073 114.0260696 44.2384796
v -15.8668270 115.1401138 43.6385384
v 0.1315064 116.5434799 43.0413666
v 4.0638032 117.5414200 42.9266624
v 15.3342590 114.8602676 43.6468773
v 21.3359184 115.3294220 43.9433517
v 25.3411884 113.3570404 44.3919983
v 33.4858932 114.7296066 45.1399727
v 36.0358505 115.5204697 45.5253716
v 43.0520554 113.1000977 46.2360992
v 60.9775543 111.5330353 47.0340157
v 63.5163193 112.7022324 47.2529716
v 69.8186646 111.0032349 47.0712700
v 78.9889297 112.4150772 47.1902809
v 85.8222427 112.0200424 46.9274673
v 88.1459427 113.8976822 47.0436630
v 91.0074768 113.5903931 46.8442230
v -32.2167053 113.7651367 44.9984322
v -28.3489532 113.8051682 44.6083717
v -13.7129965 116.4237289 43.3785667
v -1.2211438 114.5375061 43.3360062
v 28.0028000 113.7610092 44.5796623
v 40.2030563 112.3843613 45.9258118
v 48.0676003 111.1905975 46.4560089
v 54.6923752 111.8454514 46.8664131
v 56.8856392 112.8040009 47.0762177
v 58.6741333 111.5966492 46.9808083
v 65.4542999 111.3233643 47.0870399
v 74.6146317 112.2913055 47.2425842
v 81.2871704 111.5036163 47.0116653
v 89.7812958 111.8530426 46.7262573
v 93.6381531 113.3150558 46.6353722
v 95.5115662 111.9245682 46.3789940
v 102.8117142 111.4733810 45.7248459
v -30.3730431 112.6013184 44.8435440
v -15.9762173 112.8145523 43.9158821
v -11.0238724 115.2587280 43.4206276
v 1.5421729 114.0564041 43.4088593
v 12.9256096 114.0326843 43.6493683
v 20.5242767 112.9025345 44.1241875
v 32.7839966 112.3142319 45.0831528
v 45.8442802 112.2202759 46.3953514
v 52.4620361 110.8701553 46.6550369
v 67.4455261 110.0231323 46.9178123
v 72.1586990 111.5093384 47.1441231
v 83.5963440 110.5998383 46.8240738
v 88.0070114 110.8947067 46.7003593
v 91.7495728 111.2590942 46.5550156
v 97.8858871 111.8322220 46.1895752
v -23.6937733 111.4471130 44.4327774
v -21.1334248 113.3361740 44.1161194
v -18.5546875 111.8366394 44.1378670
v -13.5470991 113.8534164 43.6949272
v -6.2608466 114.1838608 43.4442101
v 4.1178880 115.2222595 43.2624931
v 10.9499159 112.6551819 43.7669525
v 14.6528139 112.9112473 43.8547020
v 44.1917000 110.5775223 46.1477089
v 50.2189255 109.8855591 46.4414330
v 63.1908264 110.1547241 46.8879662
v 78.9923935 110.0563660 46.8606644
v 95.8705978 109.8083496 46.1790085
v -32.3593216 111.4710693 45.0556717
v -28.4098415 111.3719940 44.7379417
v -26.1796303 112.6473618 44.5013390
v -16.1420097 110.4797668 44.1966858
v -11.2295103 112.3545074 43.8129807
v -4.4412489 112.4928436 43.6591034
v -2.5111969 111.0517197 43.8510170
v -0.5047826 112.2279053 43.6723747
v 6.6481242 111.8639984 43.7799149
v 16.5961266 112.3549500 43.9967575
v 27.1508923 111.4710922 44.6483269
v 29.9348469 111.8301239 44.8402748
v 34.8343849 110.6035309 45.3054504
v 47.9586411 108.9278641 46.2341652
v 54.7989845 109.4922409 46.5849953
v 56.9288521 110.5680695 46.7913857
v 59.1794014 109.6238098 46.7330017
v 65.1641846 108.8503418 46.7286148
v 69.4147568 108.6636810 46.7284088
v 74.6074600 109.8716431 46.8920326
v 76.7860336 111.0419846 47.0357361
v 85.8924026 109.5757294 46.6222076
v 90.1224442 109.6585541 46.4676971
v 93.8508682 110.5672760 46.3667488
v -28.6872711 108.9073334 44.8859138
v -26.3050117 110.1152496 44.6795654
v -21.0143013 110.5766373 44.3772202
v 8.8173037 113.4857941 43.5991287
v 8.9241400 111.0977402 43.9296608
v 11.0183611 110.2810364 44.0840454
v 12.9070892 111.7154846 43.9451218
v 36.8752937 109.0433197 45.4875336
v 46.2933388 110.2326736 46.2604523
v 52.5186157 108.4636078 46.3842926
v 61.2191544 109.1284027 46.7099113
v 67.2119904 107.6176987 46.5670471
v 72.0689392 108.9680023 46.7729492
v 76.8016586 108.6703033 46.6968460
v 81.2926712 109.1719284 46.6954651
v 83.6100311 108.2607803 46.5197411
v 100.3756638 110.3268051 45.8915977
v 104.9135590 109.8849869 45.4719505
v -30.5472431 110.2210999 44.9428253
v -18.6096115 109.3753967 44.4060593
v -13.6479406 111.3889389 44.0086823
v -11.4128733 109.8971024 44.1420670
v 4.1951127 112.7486801 43.6201019
v 14.7911510 110.7324219 44.1256027
v 16.7558346 109.8017654 44.2998085
v 21.1507092 108.3957825 44.5939865
v 22.7778797 112.8244400 44.2636185
v 25.9537315 109.0949173 44.7304230
v 45.3769379 108.1590042 46.0328751
v 50.1330109 107.4205627 46.1809387
v 62.8172531 107.7449265 46.5435638
v 71.0195389 107.2734375 46.5268478
v 79.0265121 107.6690750 46.5270958
v 85.9406204 107.1858902 46.3260117
v 88.2398300 108.3468475 46.3963280
v 90.6717148 107.1047363 46.1735458
v -32.8464966 106.6620941 45.1840630
v -16.2455807 108.1590881 44.4732666
v -9.0959988 110.8047333 43.9697685
v -4.7386427 110.2116318 43.9910507
v -2.6252010 108.6636505 44.1995544
v 1.9379016 111.1735916 43.8314285
v 18.7441139 111.3955383 44.1954422
v 20.9893494 110.6984024 44.3622704
v 28.8328342 109.5236816 44.8658524
v 34.2392235 108.1067276 45.2492180
v 38.6782074 107.5412369 45.5861053
v 47.7009315 106.5461731 46.0023651
v 54.9349594 107.0777359 46.2958870
v 60.0356064 107.0807648 46.4084854
v 64.9472885 106.4444733 46.3820267
v 69.2050476 106.3885574 46.3953590
v 74.7106018 107.4522171 46.5408478
v 102.6811829 108.8156128 45.6388893
v -24.9190865 106.4971848 44.8824272
v -7.0280695 109.3586121 44.1384315
v 2.2512894 108.5098953 44.2209167
v 9.1020002 108.7029419 44.2611504
v 27.9260693 107.2651520 44.9411926
v 52.5367355 105.9483566 46.1007843
v 67.1212921 105.2699509 46.2258720
v 72.8496704 106.3201370 46.3845406
v 81.3510666 106.8478317 46.3798370
v 83.6026077 105.9323044 46.2173843
v 88.3511200 105.9041901 46.1107178
v 93.4798279 106.2188034 45.9822388
v 100.3716125 107.5630722 45.7432556
v 104.7537460 107.3696976 45.4359627
v -29.0431499 106.4099884 45.0293732
v -24.3889790 108.7909927 44.6804886
v -16.1989365 106.1236877 44.7130966
v -13.8208389 109.0524673 44.3064461
v -3.0949376 106.6690445 44.4922752
v -0.2807764 109.6552124 44.0489845
v 4.4568505 110.2093887 43.9893990
v 12.9114504 109.3290329 44.2506714
v 14.8043537 108.3426895 44.4181404
v 16.8673248 107.4507599 44.5745735
v 25.5402584 106.4492722 44.9051399
v 30.0150566 107.8417053 45.0044670
v 36.2443924 106.7093048 45.3943481
v 41.2694206 106.0008240 45.6702766
v 43.4416084 106.5012512 45.8120728
v 45.4712677 105.5838547 45.8310585
v 62.5135231 105.3640976 46.2065697
v 71.1624603 105.1823959 46.2207108
v 76.8212433 106.2639389 46.3535461
v 79.1736526 105.0251465 46.1574402
v 98.1398163 106.2021866 45.7851562
v -30.8270588 107.7735214 45.0497322
v -26.8130608 107.6106491 44.8716393
v -11.6074228 107.5722809 44.4524536
v -9.2882738 108.4504852 44.2959404
v -4.9427438 107.9520798 44.3175240
v 7.2042737 107.0429077 44.4673538
v 18.8999290 109.0042877 44.4584503
v 31.8543530 106.9445724 45.1306496
v 35.8557358 104.4032669 45.3416023
v 38.2826195 105.3411026 45.4880829
v 47.3453522 104.5224228 45.8063965
v 55.0612259 104.6230545 46.0001640
v 57.4574051 105.7454987 46.1867943
v 60.0022621 104.3483429 46.0383797
v 64.8653870 104.1010742 46.0461426
v 69.2601624 104.0857773 46.0591011
v 74.7280884 105.0806808 46.1973076
v 85.8788223 104.7773819 46.0306664
v 88.2038345 103.4833603 45.8337364
v 91.0117340 104.2186737 45.8583603
v 95.9958649 104.7612839 45.7626190
v -9.4355650 106.1499557 44.6128044
v 12.3366785 106.6922684 44.5809364
v 21.4410019 106.2002716 44.8155212
v 29.7099857 105.8444977 45.0814018
v 33.8663025 105.6892090 45.2497330
v 43.1917648 104.4919357 45.6640320
v 52.6750259 103.3607559 45.8108673
v 67.1291199 102.9754944 45.8930092
v 72.9442520 104.2920227 46.0883255
v 81.5784531 104.8428802 46.1052704
v 83.2972031 103.2592392 45.8741150
v 98.2139587 103.6558228 45.6126976
v 102.5663681 106.1942444 45.5498886
v 104.5727158 104.9088669 45.4012146
v -23.1785011 105.1927338 44.9442558
v -20.5908470 105.1544571 44.8970222
v -14.0236273 106.7449188 44.5997429
v 4.8202043 107.7688904 44.3441162
v 5.3098598 105.4198914 44.6848221
v 14.8551531 105.9965439 44.7067299
v 19.5070534 104.3128204 44.9691391
v 45.5872345 103.3890686 45.6592178
v 49.8288269 104.6005783 45.8831367
v 62.4816780 102.9872589 45.8742485
v 76.6530991 103.8486633 46.0103302
v 93.9174652 103.1160202 45.6853752
v -33.1210899 104.0547943 45.2450485
v -31.1091824 105.2605667 45.1508141
v -29.2712269 103.9358215 45.1604729
v -27.1420307 105.1352844 45.0433388
v -11.8022900 105.2230911 44.7633820
v -5.0221901 105.7417374 44.6357346
v -0.3198957 106.4763107 44.5142250
v 2.8367054 106.0723877 44.5786705
v 17.0804749 105.0751572 44.8518333
v 19.0970421 106.7213135 44.7070923
v 27.4890079 104.8905029 45.0655212
v 31.6321545 104.6114960 45.1898994
v 33.5978966 103.3688660 45.2698860
v 35.5938187 102.1160736 45.3202858
v 40.5223122 103.8803253 45.5295792
v 43.0883865 102.5252686 45.5315819
v 47.8959427 102.5624313 45.6418686
v 50.3818245 101.7492065 45.6031837
v 55.2178726 102.1717758 45.7038078
v 60.0530777 101.9638977 45.7172279
v 64.8938904 101.8237762 45.7206573
v 69.3563538 101.8669968 45.7347603
v 74.1598129 102.6439896 45.8455963
v 78.4166489 102.7182312 45.8407707
v 85.7934036 102.1864319 45.7124672
v 100.2628098 102.5213165 45.4847031
v 102.4257431 103.7025604 45.4662704
v -25.0232868 103.9115524 45.0861549
v -19.1232185 102.3531647 45.1729965
v -14.4865179 104.1725922 44.9261932
v -9.4946518 103.8364105 44.9301720
v 1.4248800 104.4459229 44.8122749
v 7.7489738 104.5681534 44.8194160
v 9.6611118 106.2715683 44.6010361
v 12.1282930 105.0678024 44.7882080
v 39.6795311 101.8899689 45.4188156
v 52.9740524 100.7737961 45.5199432
v 67.1705017 100.7311554 45.5673981
v 71.5636520 102.9871368 45.8990211
v 80.5766296 102.9099808 45.8541222
v 83.6002655 100.4171906 45.5030289
v 87.9408264 100.9161377 45.5424004
v 89.9674988 102.0473633 45.6464462
v 104.3813477 102.5224991 45.3650970
v -25.0285091 101.4242554 45.2792244
v -2.7516625 104.6094513 44.7906303
v 3.4635789 103.8734665 44.9000511
v 5.7778797 103.0203705 45.0289650
v 14.9963703 103.6433258 44.9965401
v 17.3391705 102.5750046 45.1395569
v 24.9568176 103.7634811 45.0946274
v 45.8762169 101.1139603 45.4830742
v 62.5419846 100.7263031 45.5588684
v 76.4911804 101.4267883 45.6649628
v 81.7247391 101.1060486 45.6026268
v 92.0554352 101.3220215 45.5476685
v 96.3712769 102.0812912 45.5459976
v -33.3898773 101.4659348 45.2994118
v -31.3518257 102.7749481 45.2456436
v -29.4371567 101.5523529 45.2820358
v -16.2748680 102.0715561 45.1922379
v -5.0074878 103.4222412 44.9688606
v -0.5184820 103.4585724 44.9557228
v 12.8339119 102.4906387 45.1275749
v 25.5403824 101.3708038 45.2845497
v 27.3748150 102.4788513 45.2162056
v 31.4681168 102.3013077 45.2614212
v 39.7161484 99.6994400 45.3333817
v 41.6754761 101.4547195 45.4397430
v 43.8813400 99.8487701 45.3680458
v 48.1741524 100.1165848 45.4199295
v 50.7050056 98.8627014 45.3037148
v 55.4464188 99.7291260 45.4069824
v 57.6779480 100.9266891 45.5672112
v 60.1401367 99.6867371 45.4106598
v 64.9628448 99.6121902 45.4046516
v 69.3414612 99.6501923 45.4106331
v 73.9700470 100.0525360 45.4693375
v 79.1548767 100.4293747 45.5176277
v 85.6229401 99.3323746 45.3611526
v 94.5351334 100.2760239 45.4242783
v 97.3652496 99.3485794 45.3387260
v 100.0301590 100.2133408 45.3718338
v 102.2601929 101.3293686 45.3873978
v -13.7008934 101.4592361 45.2603035
v -9.4589291 101.5314178 45.2454147
v -2.7269871 102.1044006 45.1552925
v 10.4305372 103.7556458 44.9483261
v 22.1084480 103.8523331 45.0494728
v 29.4044418 101.2045822 45.2992439
v 35.4253616 99.7462692 45.3133202
v 53.4258041 98.2809906 45.2352409
v 67.1926117 98.4963531 45.2430077
v 81.3435898 98.7512970 45.2862930
v 104.1911163 100.1872940 45.3276291
v -20.4004345 100.1051178 45.4087257
v -11.3829527 100.4204330 45.3954239
v -7.5091128 100.0455933 45.4516754
v 1.6012975 102.4089127 45.1100883
v 3.8059459 101.5892334 45.2311783
v 6.0799904 100.5669022 45.3791466
v 15.0225697 101.2435455 45.2916718
v 29.3648548 98.7613983 45.4262657
v 31.3941002 99.9072876 45.3470306
v 46.0931244 98.7132645 45.2902946
v 62.6375580 96.3298798 44.9446754
v 62.6129227 98.5319901 45.2523613
v 71.5137405 98.6087265 45.2583733
v 76.4174271 98.8957443 45.3032265
v 78.8328400 97.5295944 45.1141090
v 92.4887772 98.5237274 45.2720222
v 102.1027374 98.9943924 45.3073921
v -31.5748215 100.4022217 45.3292313
v -29.6272469 99.2224884 45.3983383
v -5.1003933 100.9183426 45.3285484
v -0.4004154 100.9245224 45.3266335
v 1.9303532 100.0806427 45.4501801
v 27.2926121 100.0676575 45.3734741
v 37.4914513 98.5067749 45.2976646
v 41.8572121 98.5439529 45.2839546
v 48.2064323 97.7676620 45.2024193
v 51.9119987 96.8005676 45.0777283
v 55.7108879 97.2545242 45.1036186
v 60.2308578 97.4312134 45.1060104
v 64.9847488 97.4130096 45.0899315
v 69.2909012 97.3494797 45.0742607
v 73.8308792 97.5575485 45.1068954
v 95.0142822 97.4261627 45.1852074
v 99.8358459 97.7740860 45.2474327
v -25.3016815 98.9862137 45.4710960
v -9.4879742 99.5509567 45.5168915
v 8.3700237 101.8640137 45.1991577
v 33.4060440 97.9448166 45.3709488
v 35.3902245 97.4980011 45.3226318
v 67.1761551 96.2396469 44.9154472
v 83.3909531 97.6291504 45.1417999
v 87.8654480 98.1388702 45.2209587
v 90.3253326 96.9106216 45.0980835
v 97.5275040 96.3358688 45.1322556
v 102.1189728 96.6254654 45.2276764
v 104.0435028 97.9046249 45.2885132
v -33.7662506 97.0693588 45.3787155
v -29.7955647 96.8863602 45.5126343
v -22.9312057 99.8581924 45.4195404
v -17.5384541 99.6038589 45.4782944
v -13.1921148 99.0404053 45.5700226
v -2.7110612 99.4747009 45.5380478
v 0.0532217 98.1239853 45.7366028
v 2.5177317 98.0720520 45.7427444
v 8.1166134 99.5196991 45.5253601
v 12.6756115 100.2594452 45.4159012
v 16.8975811 97.6152039 45.7132530
v 44.0478210 97.3805771 45.2002525
v 46.8416824 96.1788025 45.0732613
v 49.7083893 96.1297607 45.0320969
v 64.9579239 95.1814117 44.7708130
v 71.4466629 96.2359924 44.9112930
v 76.2580643 96.3521042 44.9385948
v 83.3720322 94.8757324 44.7852020
v 85.6302948 96.4558029 45.0064850
v 88.1283798 95.3185883 44.8972054
v -31.7561245 98.1198807 45.4083366
v -27.5920181 97.9494324 45.5067291
v -23.2744884 97.5247345 45.6254883
v -21.3800945 98.2963562 45.5821075
v -5.5070066 98.0438156 45.7401848
v 14.5003386 96.5648804 45.8710175
v 27.1570816 97.4581146 45.5505676
v 29.4764824 96.1745071 45.5596504
v 37.2570915 96.1401215 45.2659912
v 39.6314125 97.2396317 45.2446899
v 41.8235092 96.0218124 45.1538315
v 53.7544441 95.8047485 44.9476013
v 55.9305534 94.6439514 44.7815857
v 57.9956856 96.1717453 44.9517937
v 60.3253136 95.1448288 44.7965889
v 62.6592331 94.0804062 44.6302376
v 69.2735367 95.0385056 44.7364311
v 73.7499542 95.1296310 44.7537537
v 78.6257172 94.9650497 44.7552376
v 81.0871506 96.1180954 44.9299583
v 99.9751663 95.1816864 45.1222305
v -25.5005951 96.5597382 45.6561813
v -10.8725376 98.0539246 45.7140808
v -8.4124975 97.7857590 45.7641335
v -2.6945198 96.7966385 45.9279556
v 6.4645901 98.1071243 45.7278519
v 23.0787029 97.2193832 45.6559448
v 31.4575005 97.5368042 45.4338531
v 34.7744904 95.4620361 45.3587036
v 67.1514740 93.9513855 44.5835381
v 90.8070450 94.0493469 44.8077431
v 104.0275116 95.9038162 45.2596474
v -33.9303970 94.8634644 45.4142799
v -29.9486275 94.5491791 45.6248741
v -17.2617989 96.6349106 45.8225098
v -7.2460890 96.0081635 46.0210037
v 2.0616529 96.0794754 46.0341301
v 4.3781190 96.8091736 45.9215965
v 20.8889809 96.4291077 45.7785645
v 39.3853149 94.7663422 45.1684265
v 44.1615028 94.9882278 45.0362778
v 47.1912308 94.5722122 44.9334412
v 49.0269623 93.4312897 44.7848091
v 64.9484482 92.8981323 44.4445190
v 71.4138184 93.8758392 44.5659676
v 76.0989838 93.8798294 44.5834084
v -31.8922653 95.8431778 45.4847145
v -27.7552395 95.5589523 45.6575165
v -23.3834152 95.1388702 45.8363304
v -21.2630901 96.2419968 45.7878113
v -19.4128075 97.6897278 45.6706696
v 6.8071022 95.4496994 46.1034012
v 11.9663858 95.4837036 46.0458450
v 16.7295570 95.3220367 45.9853477
v 18.6295395 96.4573593 45.8185883
v 22.8982677 95.0059052 45.8605309
v 27.0708656 94.4211426 45.7609177
v 41.7489281 93.2801743 45.0190620
v 44.4259567 92.7020721 44.8716545
v 51.6187210 94.5467682 44.8377457
v 53.7290115 93.1048508 44.6358681
v 56.2526894 91.6613998 44.4064560
v 60.4586029 92.8848343 44.4896851
v 62.6948547 91.7949142 44.3107986
v 69.2556229 92.7057953 44.3953896
v 73.6352768 92.7078934 44.4011307
v 78.4361572 92.4197845 44.3974113
v 88.6309280 92.4765396 44.5875626
v 97.8130951 93.6995239 44.9689255
v 100.1127243 92.5561600 45.0042686
v -25.6445560 94.1346512 45.8396301
v -21.2963352 93.8070602 46.0282974
v -12.8714399 94.0359039 46.2185440
v -2.6820121 94.3045502 46.2912254
v 9.3002729 97.1838379 45.8436317
v 32.5012474 95.5900650 45.4665489
v 31.8612003 92.3616409 45.6093330
v 36.8238297 93.8244476 45.2587128
v 67.1442871 91.6291733 44.2467651
v 80.9755936 93.5606689 44.5834084
v 85.8690872 93.6603699 44.6679611
v 93.4627075 92.9013596 44.7675781
v 102.7477798 93.9674911 45.1753464
v -34.1550903 92.4989777 45.4468689
v -30.1728725 92.2046280 45.7308998
v -19.2302608 95.1222916 45.9506493
v -17.1662445 93.9337387 46.1369667
v -15.0852594 95.2663956 46.0223312
v -7.2966561 93.8222885 46.3287544
v -0.3470159 95.4457397 46.1284599
v 1.4981800 94.1394730 46.3181915
v 11.9689064 92.8084259 46.3985748
v 14.3863230 94.1179962 46.1790047
v 16.7930946 92.9284210 46.2662697
v 40.8070335 90.7820282 44.9486656
v 42.8694191 91.3458786 44.8565865
v 46.6788597 91.8277969 44.7174988
v 51.2540588 91.8531570 44.5605965
v 64.9631577 90.5779419 44.1129913
v 71.3463974 91.4946976 44.2174110
v 75.8535919 91.3557968 44.2195091
v 80.8723068 90.9448624 44.2283859
v 83.4341507 92.1969070 44.4395866
v 86.1981049 90.5000000 44.2951012
v -32.0704079 93.5214691 45.5576439
v -27.9377003 93.1878586 45.8027115
v -23.5247822 92.6387329 46.0519867
v -11.2565336 92.8002167 46.4127121
v -10.0139322 95.1523209 46.1144142
v -5.0560579 95.3176498 46.1329384
v -2.6305993 91.9475403 46.6349945
v -0.4104360 93.1715927 46.4612656
v 6.9661636 92.5964737 46.5064545
v 25.5843925 91.8997574 46.0142441
v 48.8503876 90.6648331 44.5277786
v 58.6662292 91.7249374 44.3648224
v 60.4945984 90.6573257 44.1882744
v 62.7162132 89.4791183 43.9872894
v 69.2290344 90.3497467 44.0510139
v 73.4254227 90.2587509 44.0437241
v 91.3885422 91.3069458 44.5469818
v 95.9816589 92.0165100 44.7836876
v -25.8711243 91.6624985 46.0204887
v -15.0360222 92.7553711 46.3342476
v -9.3464594 92.2726440 46.5170746
v 9.4455729 94.1482239 46.2595253
v 24.7142296 93.9956894 45.8860474
v 29.9360847 91.3759613 45.7878532
v 33.8232613 90.8015366 45.5091553
v 36.3212852 91.5353928 45.2830238
v 38.8916969 92.3369751 45.1226273
v 38.3069305 89.9707031 45.1103401
v 53.4584885 90.2441711 44.3140030
v 67.1477203 89.2866516 43.9070854
v 78.1316833 89.5180206 43.9861565
v 83.3542252 89.4115524 44.0795746
v -30.4864330 89.8569565 45.8245926
v -19.2194614 92.5632172 46.2303123
v -17.0973396 91.3747253 46.4383316
v -12.9761257 91.6315613 46.5292625
v -7.1558766 91.3471222 46.6798096
v -0.2631384 90.8384247 46.8027115
v 4.0751371 93.9916916 46.3304443
v 19.1747112 91.8912277 46.3040504
v 21.5223389 90.8835220 46.3079185
v 42.7057686 89.3599701 44.7555122
v 46.7364731 89.4164734 44.5162964
v 50.9203911 89.2216110 44.2973137
v 55.7353745 88.6182175 44.0457306
v 64.9839554 88.2388535 43.7787323
v 71.2403793 89.0896683 43.8651581
v 75.3773804 88.8672714 43.8576584
v 94.0489349 90.3069839 44.5656815
v -32.3268471 91.1118851 45.6247787
v -28.2388668 90.8177261 45.9357719
v -25.8788509 88.6041946 46.2573280
v -11.1083393 90.7893219 46.6844406
v -4.9580822 92.8973083 46.4816055
v 7.1358285 89.7517166 46.9064293
v 16.9294701 90.4343414 46.5550346
v 27.9432507 91.5952454 45.9024277
v 35.7903976 89.2352905 45.3433838
v 48.7288589 88.2639771 44.3093300
v 58.2384338 89.6746521 44.1073227
v 60.4304771 88.3417206 43.8768883
v 62.7303848 87.1331863 43.6598701
v 69.2015533 87.9812622 43.7048912
v 80.8692169 88.2169647 43.8597412
v 87.5396347 88.0605164 44.0509682
v 91.8255081 88.7393570 44.3135986
v -21.3419056 88.5810471 46.5503731
v -14.9150820 90.2122269 46.6535873
v 9.5571394 91.3338013 46.6431351
v 14.4360590 91.5594788 46.4999123
v 26.3547211 88.0931244 46.2587547
v 31.4036751 89.9894180 45.7425385
v 33.2971954 88.4479675 45.6205101
v 44.7553101 88.1886673 44.5442200
v 52.8717308 87.2475281 44.0010605
v 67.1570358 86.9369202 43.5663490
v 73.1749039 87.8135910 43.6860962
v 83.1636658 86.5664444 43.7062988
v 89.6908722 87.1212692 44.0427017
v -30.7709904 87.7613297 45.9002228
v -19.1889439 89.9878922 46.5131607
v -16.9994545 88.7855682 46.7460899
v -11.3579731 88.7073212 46.9569206
v -7.1030455 88.8366623 47.0359917
v 4.5321121 90.9898758 46.7609749
v 17.1165848 87.9775848 46.8362389
v 30.7630081 87.5200424 45.9125671
v 37.7654572 87.5931549 45.1239395
v 42.5987320 86.9540710 44.6363525
v 46.7813301 87.0650635 44.3230286
v 50.4139938 87.1945953 44.1163940
v 58.0660706 87.1781845 43.7883644
v 65.0062180 85.8922501 43.4433784
v 71.1989288 86.6724854 43.5112419
v 94.3890762 87.7659607 44.3681107
v -32.5653915 88.5957413 45.6898689
v -28.7454681 88.4751129 46.0428429
v -23.7681789 89.8290329 46.2912865
v -9.2967501 89.7580566 46.8644905
v -4.8861084 90.4909058 46.8286743
v 2.1753731 89.5593796 46.9857445
v 19.4221191 89.3696899 46.5675087
v 21.9016895 88.2710571 46.5478973
v 44.7789841 85.7167130 44.3769608
v 48.7473679 86.0341110 44.1034775
v 60.4137917 85.9524155 43.5551186
v 62.7543564 84.7763062 43.3307953
v 69.2413635 85.5974808 43.3563042
v 102.3440628 86.2893829 44.9593697
v 9.6742334 88.5814743 47.0176430
v 14.5722733 88.9899750 46.8185196
v 32.8497581 86.0451202 45.7464828
v 35.2888451 86.8562469 45.4274712
v 40.0443115 85.9464874 44.8422623
v 55.5804787 85.9148941 43.7239265
v 67.1735001 84.5904388 43.2259979
v 73.0532227 85.5819702 43.3597107
v 90.0420837 84.4906311 43.7876663
v -29.5730171 85.8722839 46.1163139
v -23.4179020 87.0407944 46.5655861
v -16.9581890 86.1669235 47.0570831
v -12.2619534 86.8114014 47.1803894
v -6.8807578 86.3142624 47.3972588
v -0.1690499 88.3776474 47.1631165
v 4.6914425 88.2484283 47.1546860
v 12.1797323 87.4712219 47.0973549
v 17.2435150 85.5856018 47.1104240
v 19.6130123 86.9404068 46.8225174
v 21.9489498 85.7909546 46.7904549
v 27.9648724 86.3757172 46.2482643
v 37.4061317 84.7854004 45.1452789
v 42.4023399 84.0862503 44.5115700
v 46.8729439 84.6794586 44.1228447
v 50.8390656 85.2513962 43.8968811
v 65.0318832 83.5447006 43.1078033
v 76.3297729 82.3804398 42.9431953
v 80.8816605 85.5713348 43.5027618
v 85.5025787 87.4717255 43.9035301
v 94.7807770 85.2055130 44.1864738
v -32.3066139 86.0329971 45.8122063
v -19.1562576 87.3961945 46.7986908
v -14.6920900 87.5930405 46.9874916
v -9.5023727 86.9550476 47.2464142
v -4.7930675 88.0700836 47.1784477
v 2.2593524 87.0174561 47.3562279
v 24.4436169 86.8616562 46.5046959
v 34.7280922 84.3916245 45.5445709
v 48.9123611 83.7561264 43.8837585
v 53.1835823 84.4466171 43.6724968
v 58.0328598 84.7119904 43.4720039
v 60.4359779 83.5735245 43.2342949
v 62.7893639 82.4222946 43.0017967
v 69.3035126 83.2922287 43.0192108
v 74.4326019 83.9573593 43.1378365
v 78.4884491 82.7895508 43.0520782
v -31.4156132 83.5193787 46.0275574
v -25.5139828 85.7490311 46.5110588
v -21.2554474 85.9860535 46.8192444
v 7.2580237 87.0393143 47.2868996
v 9.7886410 85.9395828 47.3769760
v 14.7039251 86.4967880 47.1252785
v 39.8842430 83.7795029 44.7999039
v 43.1573219 81.2509918 44.2685356
v 44.9636726 83.1404190 44.1812859
v 67.1949615 82.2500534 42.8864136
v 71.7383652 84.1778946 43.1485672
v 80.5753021 83.1100616 43.1594391
v 82.7941971 83.8378754 43.3391571
v 102.2546463 83.9951248 44.8982124
v -23.4751148 84.2284851 46.8205490
v -19.1874409 84.9365387 47.0677795
v -0.1240067 85.9505615 47.5182686
v 4.7671218 85.6882019 47.5226822
v 12.2610188 84.9497757 47.4271240
v 17.2985764 83.2294235 47.3842812
v 19.6743622 84.5778198 47.0755348
v 28.1946793 83.1963654 46.4378128
v 47.0834618 82.3165283 43.9155083
v 51.0420456 82.8914108 43.6429138
v 65.0623016 81.1952286 42.7718048
v 84.7789078 81.9214401 43.1895599
v 87.6741486 82.7091217 43.4468193
v 92.6949768 83.4900589 43.8758507
v 100.0765533 82.9316254 44.5782776
v -34.3449211 83.6741791 45.6160660
v -26.2215805 83.3856430 46.6316299
v -14.4019575 84.7373352 47.3588753
v -11.3395147 84.4335251 47.5303040
v -4.6467381 85.6651688 47.5275421
v 2.2981951 84.5859146 47.7106781
v 23.6673870 84.5527039 46.7748070
v 25.7543316 84.2487717 46.6114845
v 32.5146065 83.8928528 45.8676491
v 33.5798225 82.0553284 45.7802849
v 49.0837135 81.4647903 43.6596222
v 53.3236275 81.9799805 43.3879662
v 58.0759544 82.3111267 43.1617622
v 60.4900703 81.2112808 42.9145050
v 62.8375854 80.0626221 42.6714745
v 69.2960968 80.9989700 42.6839027
v 73.8312149 81.3233948 42.7496872
v 79.8865891 80.5494232 42.7875481
v 82.3159637 81.2769394 42.9845428
v 88.9952316 80.4505768 43.2864304
v 90.5971680 81.8795853 43.5604935
v 95.3508835 82.4847183 44.0289116
v -30.3433094 80.8218765 46.3057594
v 7.3232951 84.5024109 47.6437454
v 9.8246956 83.4512634 47.7176285
v 14.7770071 84.0959396 47.4229546
v 21.8687515 83.4821930 47.0254059
v 30.7908268 81.9289856 46.1879044
v 38.3772049 81.9771576 44.9798698
v 55.7319832 80.9891281 43.1210747
v 67.2215881 79.9048767 42.5460358
v 77.7776718 80.9070053 42.7693062
v 93.1706924 80.7801285 43.6770287
v 100.3155518 80.3695221 44.5120888
v 102.2710876 81.6004639 44.8489456
v -34.9227333 80.8986359 45.5870438
v -0.0992723 83.5774155 47.8655624
v 4.8021693 83.2566605 47.8726997
v 7.3414593 82.0666199 47.9885178
v 12.3006163 82.5436859 47.7430000
v 17.3275013 80.8612823 47.6617775
v 19.6832027 82.2327957 47.3300247
v 21.8946972 81.1489410 47.2562370
v 36.9162750 80.3535690 45.2343941
v 47.4345436 80.3193817 43.7184029
v 51.1900291 80.5262146 43.3893166
v 55.9116096 78.5983963 42.8211937
v 65.1009903 78.8292542 42.4331589
v 71.4228439 79.8423996 42.5128975
v 75.9493713 79.9460678 42.5875473
v 84.2564926 79.1421127 42.8135529
v 86.8202667 79.9804535 43.0795250
v 98.4918671 78.8804245 44.1815300
v -32.7872200 81.6700592 45.9098015
v -21.8878231 81.5376663 47.2166634
v -15.3498878 82.4891663 47.5919495
v -10.2941589 81.8632889 47.9179573
v -6.4692459 84.0988464 47.7208443
v 23.9229355 82.4692001 46.9397812
v 26.0661011 81.5009995 46.8018532
v 34.8633575 80.0546799 45.6176720
v 38.8194008 79.2528381 44.8687096
v 49.1248970 79.1938629 43.4468536
v 53.4936790 79.5807648 43.1062202
v 58.1777840 79.9405518 42.8522987
v 60.5796051 78.8371124 42.5911903
v 62.9093628 77.6582184 42.3337898
v 69.2830124 78.6039886 42.3337135
v 75.9408112 77.3793335 42.2187500
v 81.9080124 78.8836823 42.6518669
v 88.8617935 78.3146286 43.0459251
v -30.7227592 78.0362320 46.4000702
v -27.3531971 81.1131973 46.6787605
v 7.4429464 79.5921402 48.3350143
v 9.8605413 81.0474930 48.0458908
v 12.3775330 80.1809158 48.0509033
v 14.8295565 81.7371292 47.7163239
v 41.4534798 79.0425644 44.4076576
v 43.9133530 78.6904984 44.0241356
v 67.2597046 77.5299530 42.2011223
v 73.6492081 78.6326141 42.3552551
v 91.0185165 79.3703461 43.3440819
v 102.3050232 79.2189178 44.8101044
v -35.1883202 78.4887390 45.5874405
v -19.4266834 80.1577301 47.5755005
v -12.2876921 79.8843842 48.0944939
v -0.0820052 81.2097397 48.2120438
v 4.8417645 80.8023224 48.2258339
v 17.3836613 78.4449158 47.9427414
v 19.6800213 79.8491516 47.5908356
v 21.9083519 78.7337341 47.4960327
v 28.2966137 80.4384155 46.6111870
v 30.2047729 79.3742294 46.4069366
v 32.4104347 79.6813202 46.0461617
v 36.3629341 78.2801743 45.3575134
v 46.6765823 78.1619339 43.6308289
v 51.3690300 78.1273041 43.1283264
v 56.1767883 76.1322784 42.5036163
v 71.3390274 77.2864609 42.1384850
v 86.5624619 77.3912811 42.7575531
v 93.3199692 78.0586700 43.4571266
v -32.8353424 79.5013046 45.9842491
v -21.5993958 78.8668289 47.5156403
v -14.8622332 80.5047760 47.8667297
v -6.7235336 79.6042557 48.3530006
v -4.3558483 78.2632980 48.6025276
v 24.0298538 80.0309219 47.1503677
v 26.2237778 78.9255066 46.9877625
v 49.2248688 76.7378235 43.2119751
v 53.7424202 77.1367645 42.8138504
v 58.3460007 77.5399628 42.5343552
v 60.7242050 76.3885040 42.2547150
v 63.0291939 75.1071014 41.9736633
v 65.1743317 76.4090576 42.0854874
v 78.2680740 76.3379517 42.1460114
v -28.2022991 78.7962036 46.7322388
v -19.2200909 77.5779190 47.8818893
v -14.3790979 78.1982422 48.1910210
v -1.9352235 78.0406342 48.6672707
v 7.8353915 77.0763016 48.6769218
v 10.0189762 78.6531601 48.3679352
v 12.5244799 77.8090744 48.3559952
v 14.9084606 79.3571472 48.0103951
v 39.9160156 76.7344971 44.6078568
v 44.7477798 76.1932907 43.7546158
v 67.4167252 75.1954117 41.8597031
v 70.9298019 75.1211624 41.8202171
v 73.5917511 75.7066422 41.9300003
v 76.3484802 74.7324600 41.8523979
v 88.6578064 75.8835068 42.7635040
v 90.9811325 76.8721085 43.0954895
v 100.6678467 77.8931122 44.4870453
v 102.4049683 77.1571884 44.7962761
v -35.4939995 76.0916672 45.5739708
v -26.1337070 77.1337967 47.1422691
v -7.0493703 77.3045273 48.6702576
v -0.0333741 78.8959427 48.5505676
v 4.9364963 78.0122528 48.6264076
v 28.5260944 77.8895416 46.7483635
v 37.8457870 76.8462753 45.0475235
v 47.1255226 75.2924194 43.3508606
v 54.0605507 74.5453033 42.4944611
v 86.3020477 74.8806534 42.4405861
v 90.7262650 74.3474884 42.8234215
v 93.1962204 75.4093781 43.2190704
v -33.1354408 77.0551682 46.0242195
v -23.5370045 79.7133713 47.2298050
v -11.8783007 77.4652481 48.4361115
v 19.7375126 77.4299927 47.8505135
v 31.2387772 77.0532455 46.3624687
v 40.8419037 74.1724701 44.3526764
v 58.5992584 75.0326462 42.1960793
v 60.9225388 73.8151703 41.8979683
v 63.1594620 72.1036148 41.5494423
v 65.3592072 73.8544540 41.7159996
v 95.4447250 76.6477280 43.6115227
v -28.9257946 73.5984039 46.9670258
v -28.6177540 76.3376312 46.8373032
v -26.3870716 74.7738724 47.2970276
v -21.5459213 76.4367218 47.7705650
v -16.4485703 76.2314453 48.2803917
v -13.8279877 76.2363434 48.4773178
v -9.5487661 76.2702713 48.7167892
v -2.4711001 76.1053085 48.9452782
v 10.3131046 76.3035278 48.6756325
v 12.6907187 75.4065094 48.6619873
v 15.0533838 76.8858414 48.3101997
v 26.8716621 73.9686050 47.2852325
v 38.3586082 74.5088577 44.9152832
v 45.4037209 74.0492020 43.5147018
v 49.5012970 74.0321198 42.9312096
v 56.4951668 73.5009460 42.1584244
v 67.8082275 72.8769302 41.5166664
v 81.2621078 73.0747223 41.8467598
v 83.9064560 74.1907501 42.1702003
v 88.3543243 73.4553375 42.4692307
v 101.4418259 75.2275085 44.5634727
v -7.3390718 74.7401581 49.0246582
v -0.0961787 76.6213455 48.8835869
v 3.9485116 75.9863510 48.9411354
v 6.0414925 75.4092484 48.9724464
v 15.3316641 74.0616531 48.6422806
v 19.9984913 75.0044556 48.0876312
v 28.9712753 75.3505020 46.8451080
v 33.3036919 75.4838104 46.0459442
v 43.3119698 74.1505814 43.8764114
v 49.8236046 71.1950378 42.6267891
v 54.3425331 71.7430267 42.1459541
v 74.5944748 72.9937439 41.5560265
v 78.7879257 73.8145447 41.8158493
v 85.9706421 72.3028183 42.1072044
v 97.5209503 72.8687820 43.6958427
v -35.8295326 73.7043915 45.5428467
v -33.5524864 74.6054993 46.0296745
v -23.9293098 75.5858994 47.5688057
v -11.9331083 75.1264191 48.7452507
v -4.9160671 75.5959702 48.9748535
v 18.0911674 73.5041962 48.4560738
v 31.4594917 74.2062454 46.4640007
v 39.1067543 70.7683029 44.6983452
v 58.9115105 72.4398956 41.8417130
v 65.8886490 71.1877747 41.3204575
v 68.5043793 70.5778275 41.1725883
v 79.4934921 71.3560715 41.5129356
v 93.0346069 72.5610962 42.9556923
v 95.4370651 74.1098709 43.4277191
v 99.3721619 73.9921494 44.1010132
v -26.4743633 72.6642151 47.4513702
v -19.2250271 75.0027847 48.1704330
v -14.3592567 74.2939911 48.6881905
v 10.6590166 74.2742386 48.9337502
v 12.5143700 72.9603119 48.9972305
v 33.9372139 73.2835770 45.9838104
v 44.6195297 72.0452347 43.5221291
v 56.8265152 70.7480392 41.7932587
v 60.9443092 71.5414658 41.5912056
v 71.0001221 69.9520721 41.0637131
v 75.4016647 70.4581146 41.2124214
v 89.3884125 69.0243835 42.1185341
v 94.0086441 70.3056335 42.9192963
v 99.3306961 71.8343658 44.0043564
v 101.2774353 72.4703445 44.4590492
v -30.0884743 71.5664291 46.8770218
v -24.2264843 73.1823349 47.7477150
v -12.1723156 72.8532486 49.0333595
v -7.5300207 72.3007584 49.3623009
v -0.3800437 73.9967041 49.2669868
v 4.3485551 73.9291000 49.2289772
v 16.7045364 72.0359268 48.7680550
v 29.3539906 72.7788925 46.9417725
v 36.4643440 72.4902420 45.3986855
v 42.1351585 71.7269669 43.9909248
v 45.8616333 70.2915802 43.1794128
v 47.1965637 72.3707199 43.1115303
v 52.2161102 69.9821854 42.1955681
v 80.3813248 69.0678787 41.2564468
v 81.8995361 70.7169876 41.5771141
v 83.4634018 72.3112411 41.8979988
v 97.8606033 70.4439087 43.6381073
v -36.0963593 71.2815933 45.5188828
v -33.9283447 72.1533127 46.0301933
v -27.9120655 71.1164551 47.3217964
v -24.9836407 70.5383835 47.8696060
v -22.0657024 71.5233383 48.2073517
v -19.4808788 72.5168381 48.4223251
v -16.9085121 73.5037766 48.5711098
v -9.7558661 73.7800751 49.0495033
v -5.0978417 73.1831284 49.3180962
v -2.4356430 71.8346634 49.5669060
v 2.3477545 72.7037277 49.4436188
v 18.5739517 71.1643829 48.6789627
v 20.4004574 72.5710144 48.3081436
v 22.7523003 71.4660721 48.1213875
v 24.7930088 72.7223892 47.7059021
v 31.8575554 71.6553192 46.5068321
v 34.3347626 70.6876526 45.9725761
v 59.3653679 69.9345627 41.4832115
v 66.9318924 68.3588791 40.8805847
v 69.3800278 68.7645798 40.8948898
v 95.6257629 71.6044846 43.2838440
v -14.8053389 69.8068390 49.2219658
v -9.9348335 71.4355011 49.3628464
v 7.1412430 70.4305801 49.6434631
v 9.6106863 72.0994415 49.2899399
v 27.5289021 69.0225983 47.5508690
v 32.0991020 69.1183548 46.5775490
v 47.8671341 69.5271530 42.7743454
v 73.4446411 68.9589310 40.9477959
v 76.0304794 67.9287033 40.8711205
v 84.3378601 70.2297897 41.7078247
v 100.5901108 69.8874512 44.2281380
v -17.3472137 68.7947922 49.0923805
v -12.3340511 70.6207428 49.3191109
v -7.6932821 69.9071121 49.6927185
v 0.3625726 71.3670425 49.6535339
v 4.6997213 71.5264435 49.5678329
v 14.6917486 71.4134293 49.0274887
v 16.7050896 69.9624176 49.0181236
v 29.6659164 70.2564011 47.0413094
v 41.2120361 68.9990005 44.1015854
v 50.2097969 68.4076080 42.3081169
v 57.3019829 68.0759125 41.4181709
v 77.9053192 69.6588211 41.1954269
v -36.3188934 68.7179031 45.5023918
v -31.9679070 70.6407089 46.5339165
v -29.7785110 69.5352173 47.0614052
v -22.2972851 68.9404678 48.4365654
v -12.4750652 68.3562927 49.6095734
v -5.2455978 70.7725906 49.6613922
v -1.1490024 69.9883575 49.8522263
v 2.6270652 70.2778549 49.7933159
v 7.2418513 67.9665070 49.9891167
v 18.8124943 68.7324524 48.9286613
v 20.7616100 70.1118240 48.5282669
v 23.1269398 68.9798737 48.3071289
v 25.1546974 70.2618256 47.8662109
v 59.9365044 67.5152664 41.1195679
v 64.6212692 66.4544067 40.6899757
v 69.1710815 66.8197708 40.6130981
v 71.3176193 67.7974701 40.7504120
v -31.9647331 68.2954865 46.6509590
v -27.3053837 68.6889038 47.6157646
v -10.0772257 69.1344299 49.6714363
v -3.1590004 69.2463684 49.9342117
v 9.6563559 69.2660904 49.6789017
v 12.0807123 67.9200897 49.6987724
v 32.1725426 66.6285782 46.6786957
v 34.4119034 68.0651474 46.0394707
v 38.6837730 68.1121674 44.7986069
v 45.7857819 68.0761642 43.0481071
v 48.1890945 67.0096970 42.5155754
v 60.7181740 65.2143784 40.7557449
v 67.0015945 65.1399612 40.4138603
v 78.6922913 67.3770065 40.9261780
v 98.6146774 67.6609573 43.6727638
v 101.1176529 67.6199646 44.3154182
v -27.1031303 66.1603317 47.8519020
v -17.4610710 66.3406982 49.3712578
v -7.9344964 67.4902649 50.0201759
v 0.6707749 69.0651245 49.9905663
v 4.8839836 69.1079178 49.9117851
v 14.5236168 68.9333038 49.3576126
v 16.7912693 67.5126877 49.3060875
v 23.6080437 66.4901962 48.4686394
v 40.6819801 66.1116257 44.1745644
v 52.5936050 67.2076645 41.8549805
v 55.1451073 66.2083969 41.4200783
v 71.1755447 65.6305466 40.4324875
v 76.6548538 65.6253052 40.5760269
v 73.7336502 66.4134293 40.5842819
v 91.6728897 67.0736237 42.2621803
v 93.8437881 65.3588028 42.4963608
v 100.7230911 65.5565338 44.1512718
v -36.5685234 66.1096039 45.4692039
v -24.7438831 67.6231003 48.1713295
v -19.7350101 70.0867386 48.6607666
v -12.5935688 65.9555283 49.9181023
v -5.5350742 68.2349930 50.0160980
v -1.2721115 67.8930359 50.1575470
v 7.2495956 65.6196289 50.3216019
v 19.1484089 66.1985168 49.1729927
v 21.1290321 67.5905457 48.7433891
v 25.5281849 67.8108978 48.0163002
v 43.3422203 67.0030289 43.5146065
v 57.9532700 65.3183136 41.0095406
v 62.8014793 65.0388184 40.5873871
v 69.2621994 64.8740692 40.3287582
v 83.9574585 65.6928406 41.1143074
v 89.6002045 65.9810410 41.8400116
v -22.2833366 66.3605194 48.7006378
v -14.9493313 67.4326477 49.5096283
v -10.2476912 66.8401489 49.9748802
v -3.4352982 66.6918640 50.2984352
v 9.6157656 66.8288803 50.0183830
v 28.0458679 64.6725998 47.7686691
v 38.1374283 65.3214569 44.9732742
v 44.1430016 64.6773224 43.2037544
v 52.9595566 64.6417465 41.5280151
v 73.0685883 64.1095963 40.2324905
v 81.6435928 64.3788834 40.7280884
v 83.8224564 62.9403076 40.7533607
v 85.9173813 63.8394318 41.1038857
v 87.7802734 64.7872772 41.4544716
v 91.6726608 64.3660126 42.0114708
v 98.4703674 64.7765884 43.5039749
v -34.5865822 64.8985901 46.0959244
v -8.4225321 65.4517441 50.2794228
v 0.6858637 66.7358704 50.3311653
v 4.9380689 66.7509613 50.2499046
v 11.9193544 65.5361328 50.0301437
v 14.5086603 66.2575760 49.7010803
v 17.1613083 65.1266022 49.5509987
v 21.7152252 65.1095657 48.9178009
v 29.8602505 67.7825165 47.1561241
v 46.4454269 63.5505219 42.5930710
v 55.4806442 63.6162682 41.0755692
v 64.4111710 63.8180046 40.3245010
v 66.1760483 62.2886734 40.0279503
v 68.4306183 63.0411606 40.0746880
v 70.6732254 63.5141411 40.1218224
v 79.8535919 63.1844368 40.4219208
v 87.6516418 62.3620796 41.1668205
v 93.8010788 62.7802505 42.2905388
v -36.7684975 63.7203140 45.4447556
v -34.7812996 62.3529091 46.1191177
v -19.8640690 67.6188812 48.9173050
v -17.6287556 63.8387871 49.6461563
v -12.6478386 63.3936005 50.2519608
v -1.3585422 65.4746094 50.5100403
v 2.7504034 65.5902405 50.4735146
v 7.2531114 63.3099022 50.6489487
v 26.0219269 65.4631882 48.1253510
v 32.1348495 64.2166367 46.8043442
v 39.7108345 63.8986969 44.4361954
v 50.7155113 63.4508514 41.7562523
v 57.5538101 62.8478813 40.7444992
v 59.6672668 63.2134743 40.5791664
v 62.1114273 63.1154366 40.3682365
v 72.3942261 61.9031982 39.9023476
v 74.9797058 62.4126244 40.0432892
v 96.1423950 63.7731018 42.8754997
v -32.5438538 63.4482117 46.7321091
v -22.2548656 63.8873558 48.9561310
v -15.0964451 64.8603897 49.8185501
v -10.3115244 64.4955139 50.2915306
v 2.7647290 63.2778778 50.8099365
v 9.5448980 64.5265274 50.3414268
v 13.5977116 63.8324051 50.1052933
v 26.7807045 63.2404823 48.1519165
v 32.4119301 61.8445129 46.8471565
v 35.9802742 64.1589966 45.6937943
v 44.4839706 62.4273109 42.9884338
v 46.5881424 61.1828728 42.3906937
v 48.5689697 62.3234787 42.0513000
v 53.0943375 62.1771698 41.2460403
v 60.8231201 61.0598106 40.1906281
v 69.8861694 61.3433266 39.8059425
v 74.2108002 60.1991615 39.6966171
v 89.6394043 63.3427849 41.5746422
v 91.5784607 61.7878723 41.7651482
v 98.4662628 62.2382889 43.3979836
v 100.6123199 63.1129379 44.0680466
v -26.9104061 63.7730484 48.0825729
v -19.9021454 65.1492233 49.1848640
v -8.0356617 63.2817535 50.6076851
v 0.6775224 64.3900375 50.6747437
v 4.9567571 64.4338684 50.5832672
v 11.5461550 63.4598885 50.3381233
v 22.3711777 62.7213211 49.0515442
v 29.9410591 65.4040909 47.2866669
v 34.0488510 63.3902817 46.3057022
v 37.7821198 62.7489777 45.1123810
v 65.9555130 59.7400284 39.6722527
v 83.6287308 60.5171623 40.4276237
v 85.6574707 61.4921875 40.7935905
v -28.6537018 62.4891930 47.7874184
v -26.7944164 61.4229927 48.2963448
v -18.0916233 61.7902756 49.8224754
v -12.3545990 60.8789368 50.6120491
v -1.3325794 63.0825157 50.8605118
v 7.2787609 60.9929619 50.9760284
v 19.6868439 63.9308548 49.3491211
v 40.0419464 61.8190346 44.3027840
v 50.6874695 61.0485802 41.5339851
v 67.7865753 61.0060234 39.7928963
v 71.5525131 59.6339149 39.5587540
v 76.8201904 60.6477356 39.8725967
v 96.0934906 61.2551231 42.7072220
v -30.6347313 61.8565826 47.3345032
v -24.5772095 62.5866966 48.6591415
v -22.2083149 61.4250488 49.2148895
v -10.1869402 62.0511551 50.6364441
v -3.2059331 61.5010147 51.0578346
v 9.5369234 62.2459030 50.6574326
v 27.4577637 60.9157982 48.1841431
v 35.2306976 61.4756546 46.0004311
v 44.6677551 60.0023308 42.8029938
v 48.5572243 59.9278297 41.8551598
v 61.3755531 58.8278313 39.8416824
v 66.0579681 57.2763786 39.3155670
v 68.6178436 58.9046631 39.4665985
v 88.8453293 58.4017792 40.9302673
v 98.3808289 59.7534256 43.2710381
v 100.5424957 60.6943092 43.9948807
v -19.9757652 62.7859306 49.4344139
v -7.7674775 60.7188759 50.9835854
v 0.6985794 62.1052742 51.0092926
v 4.9759126 62.1213188 50.9160576
v 11.7589159 61.2665977 50.6154060
v 22.7756195 60.3108673 49.2240067
v 29.6136246 62.8320274 47.5307617
v 46.6204758 58.7937927 42.2193680
v 55.1221428 57.9543152 40.4659081
v 73.3740540 57.9373627 39.3431549
v -17.7048244 59.8177223 50.1132660
v -5.6465530 62.3252716 50.8605652
v -1.1152090 61.0706215 51.1566658
v 2.7682159 60.9707184 51.1464577
v 7.3155799 58.6584435 51.3048019
v 20.2491760 61.4344139 49.5417290
v 33.0904999 59.4646759 46.7522278
v 42.6664200 58.7065811 43.3456116
v 50.6090012 58.6123848 41.3166542
v 59.4585342 59.3354874 40.0910301
v 78.4432831 58.8194313 39.7189522
v 83.6924438 58.3228683 40.1597939
v 91.2500992 59.3045616 41.4730911
v -30.7389221 59.2168159 47.4627953
v -26.9497166 59.3129616 48.4321899
v -21.8843079 58.9780960 49.5237122
v -13.8861933 59.5303192 50.6318932
v -9.9408617 59.5928345 50.9914360
v 2.7538147 58.6398277 51.4861908
v 9.6071253 59.9241676 50.9734726
v 13.9647808 60.1966438 50.5381317
v 27.6394730 58.4814644 48.3324127
v 38.1887016 57.8834114 45.0006218
v 44.7122116 57.6190071 42.6598892
v 52.7534447 57.1230125 40.7613297
v 57.4972916 58.7101440 40.2302017
v 61.5505257 56.4228897 39.5014267
v 63.6840820 58.1481628 39.5716782
v 70.1651077 55.0308876 38.8843536
v 70.7883377 57.1978912 39.1984711
v 74.9254150 56.5947037 39.1987839
v 79.7656937 56.9282990 39.5630112
v 81.9426346 57.1768723 39.8113861
v 83.6921692 56.1660767 39.8897400
v 86.1294632 57.5702324 40.3982620
v 93.1933899 57.7671394 41.7578278
v 97.8238907 56.9671783 42.9777145
v 100.4039536 58.2894058 43.8955078
v -36.9815292 58.9584961 45.4511833
v -32.7928925 58.1423187 46.9123268
v -28.7828693 60.3257446 47.9094887
v -24.5826683 59.8096313 48.9114418
v -19.8955002 60.5039635 49.7004356
v -13.9254189 57.3432808 50.9092522
v 0.5772426 59.8676224 51.3370056
v 4.9961667 59.7940178 51.2509918
v 11.9642630 58.8100319 50.9261398
v 15.9273777 59.3612061 50.4090843
v 23.1409760 57.9733849 49.3855324
v 30.2119446 59.8400536 47.5703964
v 31.5313358 57.9242897 47.3052979
v 46.6143951 56.3568192 42.0478630
v 52.5613441 54.6912041 40.5440598
v 57.1821938 56.2462120 39.9652977
v 59.3595352 57.3148079 39.8389587
v 77.1644363 56.6445847 39.3271103
v 78.4059143 54.3514404 39.0953445
v -37.1948853 56.5098610 45.4120216
v -16.1382961 56.3001671 50.7596474
v -15.7684889 58.7906265 50.5013809
v -11.9427433 58.4844742 50.9698181
v -5.1522131 59.7440414 51.2521667
v -2.1456470 59.0174904 51.4422569
v 7.3428764 56.3101349 51.6359253
v 17.2396812 57.5598259 50.4486198
v 20.3449192 58.5906219 49.8392487
v 50.5493126 56.2085075 41.1002235
v 72.7025833 55.2327156 38.9302521
v 90.7379379 56.8796005 41.1427765
v 94.9970627 56.1759415 42.0926552
v -34.9541321 57.2124481 46.2274208
v -23.5461006 57.5407028 49.3439331
v -9.7779245 57.1579323 51.3402138
v -4.5125098 57.2175255 51.6364632
v 2.7556562 56.2666473 51.8315811
v 9.6751909 57.5850182 51.2915077
v 14.1843233 57.6549454 50.8389854
v 27.6511650 56.1602898 48.5098648
v 33.6101723 56.8269005 46.7021408
v 36.2979736 56.2050476 45.7649040
v 42.7128181 56.3491402 43.2402954
v 44.6647339 55.1691551 42.5441933
v 48.4776611 55.0851784 41.4737740
v 68.4202881 53.7507286 38.7285728
v 75.4229431 54.6093369 38.9431763
v 88.2608871 55.9380798 40.5709343
v 98.6179581 55.0388603 43.1595078
v 100.3102417 55.9536743 43.8117256
v -29.1422310 54.7350578 48.2084694
v -26.8305912 55.0732956 48.8054466
v -25.7850075 57.4258156 48.8620453
v -14.1493187 54.7502708 51.2152138
v -8.1090736 55.8158875 51.6528854
v 0.4532385 57.5111961 51.6797638
v 5.0124021 57.4448776 51.5887070
v 21.5116444 56.5409851 49.8478966
v 23.4649487 55.6606216 49.5421524
v 29.6096725 57.3102303 47.8997841
v 31.2194653 55.9218559 47.5179329
v 38.6248512 54.5214424 44.8355675
v 40.8741798 55.1716919 43.8863754
v 57.0855560 53.6737061 39.6629982
v 83.3341751 53.8344002 39.5519066
v 85.7919464 54.8840675 40.0331612
v 92.5976028 55.3620911 41.4209518
v 96.6419601 54.5407372 42.4753342
v -37.5007935 53.9057426 45.3288422
v -31.2602692 54.0638618 47.6085548
v -18.8590412 55.5659676 50.4271622
v -11.8571825 55.9865723 51.3111649
v -1.9226147 56.2387314 51.8490715
v 7.3485284 53.9430733 51.9708023
v 32.7771225 54.3849068 47.0988350
v 50.3936615 53.8576317 40.9159164
v 59.5917206 52.4245148 39.1762276
v 61.8252106 53.9822197 39.1415863
v 70.8862000 52.9789238 38.5821686
v 71.6760330 50.4608040 38.2234535
v 76.0857697 52.2239952 38.6324005
v 80.8365860 52.8351288 39.1222763
v -35.2765236 54.7051964 46.1964912
v -23.4634418 53.0448723 49.7979431
v -9.7910328 54.7292442 51.6752548
v 2.7705147 53.8858185 52.1786041
v 9.6954174 55.2499237 51.6122589
v 14.2032442 55.4713821 51.1188927
v 28.0446472 53.9276695 48.5761681
v 34.7808304 54.7826385 46.3729057
v 36.8147545 53.4523201 45.6205444
v 44.5551453 52.9872780 42.4677200
v 52.0926933 52.6466789 40.4282608
v 54.4472580 52.4732285 39.9517975
v 62.1551361 51.5104599 38.7742691
v 73.5297699 52.5373192 38.5602608
v 78.4795761 51.5427094 38.7099724
v 92.1216278 52.9144325 41.1056519
v 98.3553848 52.9232063 42.9879646
v 100.2262039 53.6689110 43.7329369
v -33.4447212 53.0855331 46.9215813
v -23.9661407 55.2563438 49.4704094
v -21.4511299 54.1427765 50.1109352
v -7.7685885 53.6919250 51.9773941
v 0.5481018 55.0531921 52.0415649
v 5.0212431 55.0782013 51.9292068
v 11.9830608 54.2206268 51.5374756
v 21.4204502 54.3414078 50.0960808
v 23.7726288 53.1086464 49.7196541
v 29.3854904 55.3751297 48.0932198
v 38.4891739 51.0976295 44.9338264
v 46.4513359 53.4537163 41.9015160
v 50.2160416 51.5405045 40.7453003
v 64.5950470 50.6432457 38.4519806
v 74.3447723 49.6917419 38.1802788
v 83.0984268 51.3533630 39.2054024
v 87.6391907 50.8116760 39.8961334
v -16.7620296 53.6609650 50.9897614
v -6.1666627 55.3672142 51.8333740
v -1.4965914 53.7027855 52.2292938
v 7.3175702 51.5427818 52.3123779
v 32.2738647 52.3801994 47.3681679
v 66.5670776 52.2752075 38.5713730
v 78.6069946 49.0446167 38.3777046
v 80.7843323 50.2844467 38.7728577
v -35.6709099 52.0870628 46.1154289
v -31.6923733 51.5223198 47.6138687
v -27.9577103 52.4024353 48.7143288
v -14.4791689 51.8735237 51.5428772
v -9.6635809 52.3042336 52.0227432
v -3.2427833 52.0546036 52.4307175
v 2.7329268 51.5404739 52.5215302
v 9.6758614 52.8658142 51.9429970
v 14.2190256 53.2439880 51.4048080
v 28.7835312 52.0428085 48.5031204
v 34.3180466 52.6880150 46.6275101
v 36.0015335 50.5786743 46.0380058
v 47.8197479 50.2536430 41.2874451
v 52.3553352 50.5164108 40.1551476
v 62.4378662 49.0678940 38.4109535
v 85.3585281 49.7954178 39.3616714
v 93.9109955 48.8349571 41.2700195
v 98.1552734 50.5768814 42.8245354
v 100.0543137 51.3399048 43.6167030
v -37.7926369 51.0594330 45.2492638
v -29.8261757 52.4567528 48.1623344
v -21.9787693 51.6972084 50.2628250
v -13.2824783 49.7862358 51.9743233
v -7.4285960 51.1500969 52.3582420
v 0.6406877 52.7058907 52.3854294
v 5.0125666 52.7040215 52.2720299
v 11.9540234 51.7782860 51.8669853
v 19.0083694 52.8844490 50.7111588
v 21.7014236 51.6730461 50.3233566
v 24.1810570 50.3557472 49.8885002
v 30.4314899 53.5681343 47.9011536
v 30.6578903 51.1217575 47.9843216
v 40.9242020 50.6562004 43.7920494
v 50.0767899 49.1331673 40.5654984
v 54.7396927 49.4240265 39.5548897
v 83.0904388 48.8458595 38.8891144
v 96.0649948 49.7815132 42.0198479
v -22.7098751 49.2083473 50.3524132
v -17.5104294 51.0040283 51.1920967
v -11.9325275 53.4197464 51.6473160
v -5.5861807 52.7703590 52.2348480
v -1.1844950 51.7158318 52.5251503
v 7.2268286 49.1276779 52.6599731
v 22.1679497 48.9843559 50.5010834
v 26.4770260 51.8335114 49.1696510
v 28.6352310 49.9891548 48.7002869
v 59.8755188 49.8864632 38.8040619
v 87.5833282 48.2081566 39.6069794
v -33.8223190 50.4605942 46.9047318
v -31.9207573 48.9423294 47.6841354
v -9.3635321 49.8187103 52.3943329
v 9.5935059 50.3688354 52.2956390
v 14.1579199 50.7909241 51.7290916
v 33.1191483 50.2106361 47.1753540
v 39.4156609 48.9874306 44.5097427
v 52.3215752 47.9798317 39.9030876
v 57.4263000 47.9600487 38.9079590
v 69.4547043 48.8284035 37.9824944
v 80.9115982 47.7879486 38.4523697
v 89.7478867 49.2512665 40.1918716
v 97.9862213 48.1776047 42.6668015
v 99.8854141 48.9841423 43.4971962
v -20.1627369 50.1388855 50.8042984
v -18.0920830 48.4182892 51.4019623
v -13.2984953 47.6515236 52.2521210
v 0.4371898 50.5064697 52.7073517
v 4.9723306 50.3303108 52.6163292
v 16.0995388 49.7829819 51.5727501
v 19.8146343 50.1413918 50.8768120
v 28.7977962 47.5066757 48.8330421
v 30.8330097 48.8012123 48.0700417
v 39.5246124 46.6819954 44.4652710
v 45.5689392 48.5314255 41.8852615
v 62.6943665 46.6932259 38.0594330
v 69.6294250 46.4747696 37.6340103
v 78.7533569 46.6224060 38.0601883
v 91.8112793 47.7435303 40.5764618
v 95.9214020 47.3006477 41.8358955
v -35.9150391 49.3486099 46.1046219
v -22.9803047 46.7410126 50.5431900
v -11.2587967 48.6564751 52.3658752
v -4.8712358 49.9116287 52.6800003
v -2.0858231 49.9748306 52.7614937
v 2.6132708 49.2110405 52.8642197
v 7.1251268 46.7970924 52.9967880
v 22.5333176 46.3977814 50.6820908
v 26.5465488 48.9092712 49.4011536
v 32.7273979 47.8312073 47.4424057
v 47.7475128 45.1080971 40.9139442
v 60.3320580 47.4204903 38.4225845
v 60.9666176 45.1185532 38.0363960
v 67.2122879 47.3023682 37.8265915
v 74.3104553 46.7458687 37.7582474
v 80.9900513 45.4040565 38.1474190
v 83.1628571 46.4061470 38.5919838
v 87.4886169 45.6600456 39.3098450
v -33.9583626 47.8165779 46.9700928
v -29.6206532 50.0898743 48.3832588
v -15.4654512 49.2583694 51.7356186
v -2.9678147 47.8671341 53.0500908
v 9.3124561 47.8852196 52.6669006
v 11.9521255 48.9657745 52.2422867
v 33.5411263 45.8805695 47.2252960
v 34.8655281 48.0231819 46.5875435
v 37.4490318 47.9334564 45.4574585
v 43.4198799 46.9276543 42.6218071
v 45.5827179 46.0049782 41.7274971
v 54.5519524 44.3014374 39.0172348
v 67.4199448 44.9020882 37.4696121
v 83.0374985 44.0890884 38.2768517
v 89.6954727 46.6332016 39.9259758
v 91.6728134 45.1621323 40.3172531
v 97.8069763 45.7331505 42.4980125
v 99.7148972 46.6054459 43.3723564
v -32.0203552 46.4116974 47.7901077
v -29.9684544 47.5027199 48.4533157
v -25.4598236 48.0608673 49.7699471
v -20.6362705 47.6815109 50.9818420
v -18.8152180 45.3942070 51.6145554
v -13.0868549 45.2163963 52.6019325
v -8.9548454 47.2507401 52.7862854
v -0.0714278 48.1088943 53.0539474
v 4.9332151 47.9685974 52.9587669
v 13.4367781 46.8695984 52.3309937
v 15.8374662 47.5250549 51.8940315
v 20.1685295 47.5717812 51.0905113
v 43.5455284 44.5007820 42.4766083
v 52.2469177 45.4605751 39.6651077
v 58.6492805 45.4962082 38.4070396
v 62.9740143 44.5139503 37.7356033
v 69.7422180 44.1919479 37.2991142
v 74.2142639 44.3459663 37.4032784
v 76.5261841 45.4591675 37.6995850
v 95.7399292 44.7865067 41.6201553
v -35.9876442 46.6065521 46.1579132
v -34.0152092 45.2324677 47.0594902
v -27.8168526 46.2567558 49.2404137
v -25.1786270 44.9146309 50.1370201
v -22.6729088 44.7630920 50.8203354
v -16.7777004 43.6947289 52.2102051
v -7.0719261 48.5123825 52.7567711
v -5.0767694 47.4215889 53.0327301
v -1.5057852 46.3544807 53.3031425
v 2.6345041 46.8424759 53.2090912
v 7.2531872 44.5580254 53.3059235
v 17.9301796 45.9313240 51.7245140
v 22.7955456 43.9049454 50.8724480
v 26.7621574 46.2986603 49.5611305
v 29.1319370 44.7800331 48.9208221
v 41.4559097 45.5622978 43.4675827
v 78.7802505 44.2693138 37.7360954
v -27.9136314 43.6688461 49.4176903
v -15.7587109 46.3945885 52.0480614
v -10.9676609 46.1921463 52.7305412
v 2.7777166 44.4647522 53.5509338
v 8.9280539 45.8392982 52.9861183
v 10.9950876 46.3134193 52.7112999
v 37.9723892 45.4286194 45.2568855
v 39.5761604 44.2540741 44.4456596
v 45.6887398 43.5727959 41.5478363
v 49.9706764 44.0714874 40.1486359
v 52.2513237 42.9068756 39.4100151
v 56.9961510 43.5036201 38.4338684
v 62.0363235 42.8301125 37.6043434
v 67.9124451 42.9112740 37.1560364
v 89.4416962 44.0932922 39.6030273
v 93.5759964 43.7377396 40.7867546
v 97.5449448 43.2337723 42.2832642
v 99.5088654 44.1918106 43.2246933
v -38.0695038 45.3447304 45.2065773
v -38.1845169 42.6185913 45.1943779
v -32.1117325 43.9221649 47.8946037
v -30.0504913 45.0507889 48.5886154
v -21.0365238 45.6429062 51.1132164
v -12.9465675 42.8609161 52.9306602
v 0.5497046 45.6106453 53.4237480
v 4.9664907 45.6309624 53.2942238
v 12.5789948 44.5353203 52.7586555
v 15.1691275 45.1576691 52.2994194
v 20.5406208 45.0871201 51.2846947
v 31.1129665 46.4213371 48.1214409
v 31.8806896 44.1454697 47.9657974
v 41.5819359 43.1718025 43.3656960
v 43.6769524 42.1599236 42.3306541
v 47.8438911 42.6258545 40.7004318
v 50.0182152 41.5757065 39.9151955
v 59.6129074 43.1271210 37.9582024
v 65.1901550 42.7001152 37.2802162
v 78.8007965 41.8708038 37.4079590
v 82.7498474 42.1185379 37.9767570
v 84.7550049 42.4741898 38.3789368
v 87.1151657 43.1752586 38.9497757
v 95.4230804 42.2605324 41.3554535
v -36.0584335 43.9504509 46.2067642
v -32.1764183 41.4482231 48.0107918
v -23.2400131 42.8249474 50.8725967
v -6.5374870 45.9465714 53.1599121
v -3.7650030 45.4132767 53.3794403
v -1.3764155 44.3494377 53.6000061
v 7.4731312 42.2038803 53.6242676
v 18.9539547 43.8243980 51.7675858
v 22.9454842 41.4746933 51.0841370
v 26.8495655 43.8340645 49.7432671
v 28.5263386 42.6175842 49.2933083
v 39.6356506 41.8439255 44.4260406
v 52.1737480 40.3618240 39.1776390
v 54.8008041 41.4486046 38.6427498
v 57.8285637 41.0295601 37.9824333
v 67.5422592 40.7892952 36.8612747
v 69.7659454 41.8938789 36.9623985
v 88.9807434 41.5977058 39.2297897
v -34.0967712 42.6886635 47.1432228
v -28.1670341 41.0851555 49.5364876
v -23.5978622 40.2694321 51.0317078
v -14.7609110 44.1244888 52.4968452
v -10.7984123 43.7302704 53.0847702
v -3.1244087 43.2016830 53.7271461
v 9.8622484 43.8460274 53.1707802
v 37.2854462 43.0872955 45.6450272
v 45.8068161 41.1924858 41.3678360
v 65.5006485 39.8955498 36.8566284
v 74.1081924 39.6405983 36.7138672
v 81.1225433 40.8488121 37.5730324
v 93.1969452 41.2600899 40.4742775
v 99.2547302 41.7312622 43.0418549
v -30.1673031 42.5872765 48.7145653
v -20.9358940 43.6323433 51.3582535
v -18.9316330 42.3968201 51.9408951
v -13.1335421 40.5165596 53.2134933
v -8.4813118 42.0898590 53.5529594
v 0.7015384 43.2773781 53.7653427
v 5.0595384 43.2896080 53.6266861
v 11.7985916 42.4854202 53.1334953
v 20.8082333 42.7324333 51.4833145
v 30.5365677 42.3652039 48.5947304
v 33.0108223 41.6869011 47.6443672
v 43.7863388 39.7955704 42.1913872
v 47.9408150 40.1952019 40.4895630
v 53.9212532 39.0493584 38.5824471
v 69.7232437 39.4395370 36.6051674
v 76.4296799 40.6844978 37.0157318
v 83.6528015 40.0161400 37.8711166
v 86.4897919 40.6557388 38.5306129
v -34.0541039 40.1463089 47.2776260
v -25.7325897 42.0326042 50.2415199
v -17.0258846 41.0629959 52.4855804
v -5.7314458 43.1371574 53.6107025
v -1.3063486 42.1161079 53.9283104
v 2.8444083 42.0978737 53.8931313
v 7.5802755 39.6830101 53.9724998
v 18.7816639 41.7689438 52.0446548
v 23.0703773 39.0940437 51.2913094
v 26.9546833 41.4990997 49.9078560
v 29.0614033 40.5719643 49.2603226
v 56.1507149 38.8607140 38.0441628
v 61.5331116 38.2828941 37.0445595
v 72.0789719 38.3609695 36.4555969
v 76.1848068 38.3185654 36.6601601
v 88.5490265 39.0862770 38.8671989
v 90.9138870 40.2008209 39.6465874
v -23.6407776 37.8962822 51.2560768
v -15.0039196 42.0024071 52.7300110
v -10.8746977 41.3598175 53.3995819
v -3.5131683 41.1435089 54.0100327
v 2.8835297 39.6945076 54.2417946
v 9.8992128 41.1531296 53.5383301
v 33.7707558 39.1327248 47.4504089
v 35.4126205 41.0114822 46.6126137
v 37.7289772 40.2457428 45.4806671
v 38.0592918 37.5880547 45.3555946
v 39.8311958 39.3122787 44.3299103
v 41.7036247 40.7993546 43.2658730
v 50.1227798 36.6641121 39.4590034
v 58.8393135 38.5829430 37.4927483
v 62.4392357 36.0122986 36.6170158
v 81.4663010 38.8751564 37.3567543
v 85.8663330 37.8386879 38.0634499
v 92.8330307 38.9467659 40.1728287
v 97.1987610 40.6724625 42.0203438
v 99.0313797 39.2444458 42.8743668
v -30.3111935 40.1816483 48.8227119
v -21.2016010 41.1803017 51.5596008
v -19.0861244 39.8499756 52.2008972
v -13.5682602 38.0740509 53.4691505
v -8.8740063 39.7538109 53.8399582
v 0.7340607 40.9289970 54.1081200
v 5.1413465 40.8889999 53.9676018
v 12.2738266 40.4076805 53.3504791
v 16.6292038 40.8409653 52.5835037
v 20.8769436 40.3609772 51.7258148
v 29.6782551 38.1575203 49.2054977
v 31.4352264 39.8647461 48.3986740
v 41.8269386 38.3268471 43.1618462
v 43.9139175 37.3795815 42.0431480
v 48.0281754 37.7878723 40.2842636
v 52.1507111 37.8913956 38.9398575
v 57.2317924 36.4254417 37.5275879
v 78.1279144 36.6246300 36.6075172
v 95.0034714 39.8088150 41.0466423
v -37.2534294 37.3651352 45.8063583
v -17.2543640 38.9691277 52.6946106
v -11.1950502 39.0388870 53.6749687
v -6.1357594 40.0647926 54.0276146
v -1.3493192 39.8050804 54.2656708
v 7.5213737 37.1679268 54.3331642
v 18.7664738 39.3516312 52.3281975
v 23.0948277 36.7130127 51.5271492
v 27.2693920 39.1242065 49.9987221
v 75.6275024 36.1228180 36.3001518
v 80.6332397 37.0011063 36.9796066
v 83.0397797 37.4659004 37.4440041
v 90.7047424 37.8304062 39.3700752
v -37.4388962 35.1880722 45.7585487
v -35.8727837 38.7416000 46.4743271
v -28.6287155 38.6408806 49.5637779
v -25.1673717 36.4028206 50.9318542
v -15.3374128 39.5892296 52.9785347
v 10.2496529 38.3989410 53.8772240
v 27.6694508 36.3666115 50.0852661
v 34.3401413 36.5515900 47.3062477
v 35.9900398 38.3866043 46.4194679
v 42.0069008 35.7548943 43.0280571
v 46.0328903 36.4398384 41.0060692
v 48.1285820 35.3873062 40.0728340
v 54.4662247 36.5765152 38.1782646
v 59.8316307 36.2772064 37.0348549
v 64.1861038 37.9583015 36.6918259
v 67.7874832 35.0801163 36.0233879
v 72.8479156 35.7278519 36.0967751
v 96.7442245 37.9176369 41.7072029
v 98.9615784 36.7856216 42.7884941
v -38.9373512 36.8289108 44.8770103
v -35.6327057 36.2305145 46.6842384
v -33.8237572 37.5376015 47.5038910
v -29.3037109 36.4459305 49.4747620
v -26.0480843 39.0925293 50.4049950
v -18.8591404 37.5431404 52.5231133
v -13.9760447 35.5098152 53.7335358
v 0.7520449 38.5475540 54.4553795
v 5.1716456 38.4328041 54.3193550
v 30.3722534 35.6095924 49.1154442
v 44.1306534 34.9643555 41.8410110
v 52.1604156 35.4387093 38.6928558
v 53.8516541 34.1952477 38.0810852
v 77.5151215 34.4092789 36.2289543
v 82.3994827 35.2511940 37.0425797
v 84.4314346 35.9337616 37.5263481
v -16.2521420 36.9893913 53.1328278
v -11.5938950 36.6575775 53.9489822
v -5.4465890 37.4211884 54.4506264
v 7.3441148 34.7836571 54.6849174
v 22.9963551 34.2902107 51.8017845
v 58.3695068 34.2615929 37.0330353
v 75.1521225 33.9164314 35.9475060
v 79.9713974 34.7076836 36.5764351
v 84.4592972 33.8765373 37.2864685
v 86.4920654 35.2206688 37.9208260
v -33.6439896 34.7840347 47.7249451
v -31.5772648 36.2355766 48.5717735
v -25.1861248 33.3638344 51.2027130
v -9.3233538 37.5812035 54.0960312
v -3.1242666 36.2382202 54.7409859
v 9.6219549 35.8196259 54.3076286
v 28.7640820 33.8292809 49.8858337
v 36.3908043 35.7772903 46.3055191
v 46.1952400 34.1154671 40.7991791
v 50.2007675 34.2070045 39.2185478
v 55.9204063 34.1933441 37.5505791
v 63.2344513 33.8561897 36.2256508
v 68.2646332 32.6198158 35.6525421
v 95.5002670 33.0643883 40.8832169
v -39.2198601 34.2893448 44.7415504
v -27.2135811 34.8943977 50.3709755
v -20.6342335 36.2045860 52.2501526
v -18.5318394 35.2498512 52.8654251
v 0.7238987 36.1921501 54.8017235
v 2.8902826 37.2671127 54.5955162
v 16.8772831 36.1324692 53.1155701
v 18.3979607 34.5926590 52.9732895
v 20.8126335 35.5217247 52.2751694
v 75.0894165 31.5661106 35.6056137
v 76.9554062 32.5274734 35.9067612
v 79.1418839 32.4131355 36.1483459
v 82.0045700 32.5443420 36.6254196
v 86.7309647 32.7573738 37.7057991
v -37.6879692 32.6949577 45.6749115
v -11.8449221 34.1917305 54.2451286
v -7.3787107 36.2607994 54.4719276
v -5.1050940 35.0247192 54.8190994
v 7.2606297 32.4703712 55.0193825
v 23.2172756 31.9738579 51.9758072
v 26.8589516 34.2814445 50.5550385
v 44.5209236 32.9296608 41.5577621
v 48.2233391 32.9759827 39.8670425
v 52.2479439 32.9711227 38.4272614
v 54.6198006 31.8744946 37.6212006
v 66.3290634 30.9730721 35.5210190
v 93.0989761 34.2908134 39.9221153
v -24.5529232 31.5614071 51.5934753
v -9.5660086 35.2787247 54.3900757
v -2.5353787 33.8925171 55.0938148
v 9.4320717 33.6257896 54.6360512
v 11.1920414 34.5815697 54.2831154
v 15.8439932 34.2851067 53.5507164
v 29.2009163 31.4084740 49.8987465
v 36.7192612 33.2108955 46.2147636
v 40.3174438 31.9124413 44.0641975
v 42.3115196 32.9594193 42.7928848
v 46.1713448 31.8047867 40.6846428
v 50.2782135 31.7395859 38.9815712
v 59.5420189 32.5499420 36.5954857
v 62.6760712 28.8992939 35.6091652
v 70.5715942 31.6914387 35.4651375
v 72.7874374 30.5016537 35.3311310
v 88.9619980 31.5235977 38.2215614
v -39.4473114 31.8991890 44.6291542
v -35.7062607 33.6173553 46.7410126
v -31.4818497 33.3015366 48.7999725
v -22.5377960 32.7953835 52.0988388
v -20.5679760 34.0098419 52.5125313
v -18.4941578 32.7771835 53.1659889
v -14.0099764 30.4062614 54.3948860
v 0.1670730 33.7445717 55.1590843
v 5.1224480 35.9960480 54.6714363
v 20.5432739 32.8050003 52.6479568
v 30.9654884 33.0401154 49.0365067
v 33.1159859 32.2307243 48.1042213
v 43.8452377 30.6302986 41.8447647
v 57.1606827 32.1511803 37.0234718
v 58.4515457 30.2410908 36.5090103
v 77.6253357 30.1266747 35.6438637
v 82.8432693 30.0841198 36.4749146
v -29.0486107 31.9890385 49.9117317
v -27.2530994 33.0949135 50.5098114
v -11.8533678 31.6921978 54.5788689
v -7.3592615 33.9436722 54.8013153
v 2.5094311 32.4459457 55.3124580
v 7.2396154 30.0818329 55.3602180
v 23.5460758 29.7549629 52.0961914
v 27.1715260 32.2850838 50.6147842
v 33.4050560 29.7393341 48.0987930
v 35.1298485 31.4546852 47.1359787
v 48.1672287 30.6022873 39.7164307
v 60.9650307 30.7322159 36.1117477
v 86.8396912 30.1714268 37.4488411
v 91.1938095 30.2180405 38.8736610
v 95.3109436 30.0968819 40.6458931
v 98.3966827 32.5761871 42.3758774
v -36.0994873 31.0600395 46.6199417
v -32.9920464 29.0129318 48.3440056
v -31.1312027 30.5799484 49.1301842
v -24.4838505 29.1227169 51.8555298
v -16.3142452 34.1468430 53.4740257
v -9.6381998 32.8455391 54.7181740
v 9.4854164 31.3233604 54.9488792
v 11.6034698 32.6639862 54.4822731
v 29.4277554 29.0054836 49.9848022
v 37.0536652 30.6377907 46.1004486
v 39.1950912 29.8039417 44.8121605
v 46.0562668 29.3888493 40.6149025
v 52.3789558 30.4745312 38.1424446
v 54.2098885 26.6421242 37.1707039
v 59.9786224 28.2603130 35.9566956
v 66.7916489 28.7084217 35.1644287
v 70.5899429 29.3633289 35.1264992
v 89.0610733 28.8916378 37.9978180
v 97.1994400 31.0938740 41.6533051
v 98.7233047 29.3573895 42.4903564
v -39.7267609 29.8829308 44.4743881
v -22.4359207 30.3062057 52.3908157
v -20.5041599 31.5311203 52.8044243
v -13.7430868 27.7856770 54.7866135
v 2.3300366 30.0040836 55.6746674
v 4.8865423 31.2592926 55.3705521
v 19.4762325 30.3580647 53.2034569
v 31.3119526 30.5481167 49.0491180
v 42.4406395 28.7950134 42.6503296
v 44.0878716 28.0222511 41.6231804
v 50.1703873 29.3535900 38.8168449
v 56.9516830 27.7850266 36.5507050
v 61.8573036 26.4263973 35.3933144
v 79.5029221 27.6668644 35.5524979
v 91.3170471 27.6113567 38.6954498
v -34.8251915 29.5813084 47.3707390
v -26.6993637 30.4701328 50.9445572
v -11.6580296 29.1848488 54.9483910
v -7.2890811 31.5205708 55.1512260
v -4.9085703 30.3682880 55.5040207
v -2.6069360 29.4527988 55.7434158
v -0.1795330 31.1273155 55.5394745
v 7.2690711 27.6579056 55.7020073
v 23.7066269 27.4842358 52.2720947
v 27.4060230 29.9680290 50.7251930
v 33.6121750 27.2922001 48.1258965
v 35.3993683 28.9172935 47.0985298
v 52.1672974 28.0464191 37.9790344
v 74.9398422 29.0549622 35.2361870
v 93.3587494 28.9169331 39.6542435
v -24.4641743 26.7267246 52.0974083
v -16.3089790 31.5777817 53.7963409
v -9.5137167 30.3482780 55.0793037
v 11.7433910 30.1850815 54.7968407
v 29.5830936 26.6258316 50.0960083
v 37.3854485 28.0382595 45.9793129
v 39.1172066 27.3481274 44.9020958
v 40.7649422 28.1316109 43.7820854
v 42.2459145 26.8020649 42.7505417
v 49.9605026 27.0029488 38.6995697
v 59.0644951 25.3253536 35.7633209
v 78.5411453 25.2264328 35.0809937
v 81.0116501 25.3998318 35.5121994
v 89.1717682 26.2942734 37.7863808
v -30.8942337 27.9782867 49.4147034
v -20.3682709 29.0562267 53.1179848
v 2.2963419 27.6209621 56.0231171
v 16.6754322 29.4470062 53.9776001
v 19.2700996 27.8581562 53.5451012
v 21.5382061 28.7625980 52.8147430
v 31.5199757 28.1266804 49.1107445
v 46.0007935 26.8672199 40.5171661
v 56.1013412 24.8240070 36.4158249
v 61.2847557 24.3017635 35.1990852
v 93.5768814 26.4395351 39.5822372
v -39.2557526 25.1463547 44.8430290
v -36.9088516 26.1231880 46.3217201
v -28.7980824 26.7808533 50.4232635
v -26.6699619 27.9801273 51.1750298
v -20.1658268 26.6796894 53.4421158
v -7.1273389 29.0458565 55.5193863
v -4.8501701 27.9501877 55.8580666
v -2.5964155 27.0625324 56.0919952
v -0.2269025 28.5930824 55.9106941
v 7.2430482 25.2375164 56.0437279
v 23.8962364 25.1265907 52.4457321
v 27.5808659 27.6076012 50.8565979
v 33.7727547 24.8684177 48.1708374
v 35.6930504 26.3911724 47.0356865
v 47.9054794 25.7958641 39.5016403
v 53.6610374 24.0799484 37.0738678
v 63.4582596 24.4172630 34.8809967
v 65.8926163 24.1982651 34.5773087
v 72.0400696 25.5223389 34.5759430
v 84.8795166 26.2115574 36.4709015
v 96.0939331 25.5640507 40.8303566
v -32.7560158 26.4964542 48.6077232
v -24.4010391 24.3420467 52.3528595
v 13.4211168 26.2405643 55.0427742
v 19.5638924 25.2638874 53.7640076
v 29.7273331 24.2364616 50.2096176
v 38.0774956 25.3477306 45.6139374
v 40.3830299 25.8813782 44.0568657
v 41.9854507 24.4636078 42.8980255
v 51.8681641 25.6779995 37.8476753
v 69.7517700 24.6090412 34.4352989
v 71.4922180 23.0347385 34.2048073
v 73.7759781 23.8619614 34.4074669
v 87.1010437 24.9769173 36.9673805
v 91.4459305 25.0790081 38.5344353
v -30.7563858 25.5386677 49.6440468
v -22.2457600 25.5346050 52.9520874
v -22.3277588 27.8611507 52.6761360
v -9.2491293 25.3488541 55.8070030
v 2.2990646 25.3212261 56.3588066
v 4.8343892 28.8817272 55.7179108
v 17.2717686 26.6132584 54.1914177
v 21.6406078 26.4035912 53.0398102
v 31.6701412 25.7395573 49.1931076
v 45.8404427 24.3298302 40.4743652
v 67.8830261 23.7675972 34.3780251
v 76.1184845 24.6427116 34.7054710
v 77.7728882 22.8334751 34.6398392
v 91.4513931 22.5446434 38.3353577
v 93.7675934 23.9234467 39.5057602
v -37.3919296 23.8925610 46.0871239
v -28.7120094 24.3062401 50.6578407
v -26.6287289 25.5417595 51.4074516
v -13.3894014 24.9893456 55.2177429
v -7.0161753 26.5747337 55.8819313
v -4.8171010 25.5122242 56.2122879
v -2.5158105 24.6911278 56.4393120
v -0.2054646 26.2346764 56.2552986
v 17.6345520 23.9302959 54.4282608
v 24.1555767 22.7280827 52.5979004
v 27.7365723 25.2304649 50.9940567
v 33.8665237 22.4322777 48.2487907
v 35.8747253 23.8972321 47.0309181
v 49.7465019 24.7024288 38.6060905
v 55.2398911 22.1590157 36.3621597
v 57.5803719 22.7109718 35.7737427
v 59.9125900 22.6505966 35.2375946
v 62.2501984 22.3312607 34.7729034
v 64.6585464 22.0446301 34.4072495
v 85.0418930 23.4450760 36.1887321
v 87.3740005 22.8123379 36.8160934
v 98.4433823 26.5124912 42.2604103
v -24.2572041 21.8634853 52.6504745
v -15.9335251 25.9893379 54.5713577
v 9.5142727 26.2089539 55.6378365
v 15.3916731 25.0879688 54.8020706
v 19.9783859 22.7201443 53.9458733
v 29.9162922 21.7764759 50.3037491
v 39.9974823 23.5066891 44.3472710
v 41.6919632 21.9982414 43.1002884
v 43.6785126 23.1333218 41.7240562
v 49.3362846 22.3910961 38.6032219
v 51.4593124 23.2965546 37.7854042
v 67.0204544 21.8588581 34.1567764
v 69.2752838 22.2527237 34.0998421
v 73.1791687 21.3694630 34.0128059
v 75.4800873 22.0569439 34.2729797
v 86.3347397 20.9272346 36.2785492
v 88.9744873 21.0542583 37.2084427
v 93.6635056 21.3295021 39.2900238
v 96.0037537 22.5337467 40.6350746
v -39.6181068 22.8717194 44.6259537
v -34.6927910 24.3383064 47.6832123
v -32.3923416 24.3813400 48.9171677
v -22.1364899 23.1845112 53.2372017
v -12.4960928 22.1925335 55.7423096
v -9.6908627 22.9493141 56.0860519
v 2.3190649 23.0237827 56.6936913
v 4.7503047 24.2461033 56.3907127
v 21.9202557 23.9713860 53.2173843
v 31.7981701 23.3290215 49.2839050
v 58.6654015 20.9184189 35.2915497
v 79.2263870 21.3452797 34.6463623
v 81.2911377 21.1770668 35.0082512
v 83.8016357 21.0301170 35.5692291
v 91.4134064 19.9794216 38.1038208
v -38.0650635 21.8029919 45.7146072
v -28.6033211 21.7773380 50.9066124
v -26.4949398 23.0497246 51.6839447
v -17.6524963 23.7388439 54.4558372
v -11.3028221 24.3528004 55.6584091
v -4.7438231 22.7764530 56.6109238
v 8.5452614 20.8057556 56.5278282
v 18.1440811 21.3264465 54.6142120
v 25.9633350 23.9315548 51.8144073
v 27.9276428 22.8114986 51.1146965
v 33.9516907 19.9546928 48.3277893
v 35.8464470 21.5013103 47.1475105
v 50.8988075 21.1453323 37.8180351
v 70.9584045 20.6885529 33.8547935
v 74.8027725 19.1839924 33.8022194
v 98.1702347 23.6618137 42.0341759
v -34.6612740 21.4359436 47.8424034
v -32.7351761 22.3348694 48.8603287
v -24.1394424 19.3004818 52.9489059
v -15.2804432 23.0226955 55.0973358
v -1.9912995 22.3832760 56.7867737
v 2.2076123 20.4556446 57.0650482
v 12.2434969 20.6986828 55.9882660
v 14.0439100 20.4584866 55.6816483
v 20.4528294 20.1944828 54.0930328
v 30.2032547 19.1951904 50.3565598
v 37.8639870 22.6556568 45.8225365
v 39.5447197 20.7692413 44.7113152
v 43.4101868 20.6769943 41.8428574
v 45.1981583 19.5776787 40.6399765
v 68.6388397 19.9427757 33.7882118
v 72.4885483 19.3542805 33.6965218
v 95.7611313 19.6070004 40.3673553
v -39.9277420 20.5358620 44.4406357
v -34.7633324 18.9564896 47.9078903
v -30.7914276 20.8562794 49.9560432
v -19.7824459 22.0907459 54.0747643
v -12.6206636 19.3545513 56.1062660
v -0.0857294 23.9590778 56.5867844
v 4.5468783 22.0066223 56.7332039
v 6.2947125 20.8926868 56.7575531
v 12.8396463 18.1810169 56.2205009
v 15.7565699 22.4002190 55.0624886
v 22.2893162 21.5303688 53.3608742
v 31.9414062 20.8327942 49.3699799
v 56.7506485 20.2760487 35.7085342
v 63.1385117 18.2532978 34.0762749
v 70.2688141 15.5816307 33.1148262
v 82.3505783 18.9433422 34.9527092
v 85.0543289 18.3806000 35.5987473
v 87.4067688 19.0506382 36.4338646
v -38.3662415 19.2844257 45.5772247
v -36.5185165 20.3829498 46.7652969
v -26.2874699 20.5136204 51.9930611
v -17.3611870 21.2358952 54.8326645
v -10.2146416 20.5768604 56.3388214
v -7.5763040 21.6067467 56.5270424
v -5.6260486 20.1858788 56.9055634
v 18.6431084 18.7611599 54.7879753
v 24.5043602 20.3019581 52.7145615
v 28.2243271 20.3183556 51.1887932
v 34.1749725 17.3511238 48.3340912
v 35.9369774 19.1596966 47.1844559
v 49.0365257 19.9639950 38.5643349
v 56.3788261 17.7512684 35.5184059
v 82.9802246 16.5157433 34.8036919
v 93.3767090 19.0539455 38.9993515
v -14.9537134 20.4268951 55.5005341
v -4.1154342 18.7205505 57.2314224
v 14.8971605 18.5547600 55.7479897
v 37.4677544 20.6063595 46.1516991
v 39.8925323 18.2054329 44.4975929
v 47.1091309 18.5235672 39.4641304
v 68.0957870 17.4615154 33.4549179
v 72.7198257 17.2096176 33.3910408
v 97.9766464 18.3914490 41.7665367
v 98.0091248 20.8954678 41.8546219
v -40.1059837 18.1204929 44.3405457
v -28.5396271 19.3438358 51.1305885
v -22.0414715 20.6463013 53.5407104
v -19.5889244 19.3065662 54.4521942
v -12.4110909 16.7714596 56.4939957
v 4.5126748 19.9211674 57.0380554
v 6.2281365 18.8249607 57.0593338
v 8.4127092 17.8307838 56.9652519
v 16.3759518 19.8634090 55.2403564
v 22.7088146 19.0458584 53.4833641
v 24.8807182 17.8303757 52.8100357
v 41.5532990 19.5219746 43.2064667
v 49.1594810 17.4451504 38.3122177
v 50.9466476 16.8535023 37.4300652
v 56.1819115 15.2472210 35.2915268
v 58.3007965 16.3910809 34.8176842
v 65.5244751 16.6559334 33.5393257
v 67.5433121 14.9965782 33.1236229
v 77.2374573 17.6947079 33.8476219
v 79.2786407 16.3265209 33.9775658
v 87.2152710 16.8470078 36.1366882
v -36.6740074 17.8470707 46.7631760
v -26.1745281 17.9970055 52.2761574
v -18.4185333 17.3756847 55.0192413
v -16.9586449 18.8402672 55.2320747
v 8.4631357 14.9658813 57.3592644
v 26.6014767 19.0240345 52.0039635
v 36.2875671 16.6003246 47.0592041
v 49.8773003 14.7801418 37.7569466
v 54.3200836 16.6101494 36.0572853
v 60.3867912 15.0020390 34.1421967
v 62.9143639 15.8849535 33.7850494
v 75.0427322 16.2107296 33.3922005
v 97.8887863 15.9716539 41.6596146
v -32.8129883 17.6082001 49.1075821
v -14.7026558 17.8787956 55.8830719
v -10.4266605 18.1007366 56.6495018
v -3.9753606 16.6667194 57.5399055
v 10.6423893 19.2610168 56.4479599
v 14.8421879 16.3992939 56.0408478
v 18.9583969 16.1220684 55.0102768
v 38.3811340 16.3756866 45.6396523
v 43.9360809 15.2620363 41.3427353
v 47.4745674 15.9132271 39.0955772
v 81.1303864 15.0439072 34.1758156
v 91.8766785 17.3298569 38.1275558
v 93.3093948 15.1661320 38.7006874
v 95.7425308 14.8659010 40.1307182
v -40.2000656 15.7378244 44.2963829
v -30.9478436 16.5261383 50.1839981
v -22.1122417 18.0333118 53.7992516
v -20.2622948 16.6493912 54.5572014
v -18.4363384 15.2341805 55.2703018
v -8.4192228 16.7837772 57.1161919
v 3.1674683 18.1100121 57.3660736
v 6.1766629 16.1597958 57.4453964
v 12.7991791 15.2623653 56.6159401
v 16.7864227 17.4535027 55.4369392
v 20.8991566 17.5725060 54.2472610
v 23.1091251 16.5139980 53.6057777
v 40.6453552 13.9453773 43.9579620
v 42.0496140 15.6847696 42.8061714
v 45.8343544 14.4969645 40.0085678
v 52.2776871 15.4754248 36.7276611
v 58.0854034 13.9343414 34.5704346
v 65.1178513 14.2311945 33.2410736
v 75.1399002 13.5837069 33.0305939
v 85.0950165 15.4049883 35.2670021
v -34.4670029 13.9292641 48.3424606
v -26.1307697 15.5694866 52.5184860
v -16.5944080 16.4316044 55.6203384
v -6.1170263 17.8974361 57.2023849
v 1.5234832 15.4675865 57.8179588
v 25.1348438 15.4077015 52.9458656
v 26.9292984 16.4913101 52.0872002
v 34.5432396 14.3940516 48.2568932
v 54.0824509 14.0783710 35.8832588
v 62.5876122 13.4582691 33.5071449
v 77.2166748 15.0027733 33.4727592
v 83.0638657 13.8463812 34.4938583
v 97.7664948 13.4564304 41.5113182
v -32.6005669 15.2905703 49.3693542
v -10.3944311 15.9671097 56.9499702
v -8.8356667 14.4591475 57.3815346
v 3.9163306 14.5359869 57.8522911
v 10.6580296 16.5233727 56.8245277
v 14.8450861 13.8238430 56.3732262
v 21.3556156 14.6082363 54.4272728
v 39.2192993 12.3833408 45.1024666
v 42.5729370 13.0970631 42.3643951
v 44.4645615 13.2549038 40.8945694
v 47.8064194 13.3489752 38.7566757
v 60.0821037 12.4852142 33.8812218
v 62.1124153 10.9027195 33.2451134
v 68.9786301 13.4806414 32.8285980
v 72.9061737 14.6004219 33.0174637
v 77.1654282 12.3934040 33.1041069
v 81.0933533 12.3629971 33.8183556
v 89.5797653 11.8733549 36.5994339
v 95.9536285 11.8876095 40.1502304
v -40.2745934 13.4493504 44.2648315
v -30.1155300 14.4445353 50.7507820
v -27.9347649 14.5087681 51.8057976
v -22.2696285 15.5318317 54.0188026
v -20.3764038 14.2221451 54.8008461
v -1.3925496 15.5852156 57.8011360
v 12.8435907 12.6012039 56.9613266
v 16.8816528 14.9345703 55.7259178
v 23.5506020 14.4268408 53.6626167
v 32.4620361 15.5586424 49.4208221
v 40.8529167 11.8593254 43.8050079
v 45.9864845 12.1648321 39.8128777
v 49.7813148 11.9362345 37.5873985
v 64.6272812 11.7633104 32.9536743
v 85.0743942 12.7338762 34.9509125
v 91.7633743 13.3337336 37.7563286
v -34.2295570 11.4684334 48.6223373
v -28.2831783 12.4802036 51.8153000
v -26.1867638 13.2698374 52.7069473
v -24.3276501 11.9640522 53.6121140
v -11.5384054 14.0659504 57.0134087
v -6.3681316 15.4577913 57.5315895
v -2.1625307 12.9640884 58.1613960
v 8.6702766 12.3057451 57.7060928
v 25.1569424 13.1722116 53.1540871
v 27.0862236 14.0344524 52.2367783
v 35.8097916 12.3049021 47.5578117
v 53.7346611 11.6207638 35.7576752
v 97.8058853 10.9144831 41.4867401
v -36.2865982 12.5501661 47.2261810
v -32.3541946 12.8729086 49.6582718
v -22.3697510 13.1326141 54.2421913
v 10.7058077 13.8506432 57.1824570
v 14.8702745 11.1387434 56.7133446
v 20.9041386 11.7084732 54.9034615
v 39.8655128 9.5457439 44.6458588
v 44.0948792 11.2118111 41.1254578
v 55.4638863 10.4159946 34.9781914
v 59.5498505 9.9302530 33.6834373
v 69.0623322 11.2897844 32.5100594
v 73.3410492 10.0408840 32.3804169
v 88.4420242 10.2295141 35.9391785
v 92.1812744 10.9543028 37.8003120
v -40.4256287 11.1576357 44.1714973
v -20.4660378 11.8462467 55.0417862
v -0.1054799 13.7751417 58.0816383
v 6.3006411 13.3199806 57.8383598
v 12.9140329 9.8308477 57.3177528
v 23.0962772 12.4528713 54.0347214
v 30.8776188 13.5342331 50.4223824
v 34.0989037 11.6841488 48.6860275
v 42.1231804 10.4105902 42.7315750
v 45.8495483 9.8074293 39.7990570
v 76.9914627 9.7890224 32.7135620
v 78.8743515 8.2451143 32.8057213
v 85.2982407 10.5524950 34.7756386
v 90.4787521 9.2677078 36.7845764
v 94.1974564 10.1788979 38.9155273
v -37.4111710 10.9299030 46.5069962
v -34.2246971 8.9826212 48.7587700
v -18.5075092 10.4662771 55.8143768
v -6.6582813 13.0516758 57.8450127
v -4.5304990 11.7505770 58.2203751
v 1.8798575 10.5837221 58.5223579
v 9.1445312 10.1727791 57.9402199
v 18.6788826 10.8072529 55.7220764
v 24.9802475 10.9116116 53.4470215
v 27.1199112 11.8046837 52.4196663
v 35.7812653 10.0695295 47.6772728
v 37.5767326 11.1791725 46.3708115
v 55.0578079 8.3680067 34.9038887
v 86.6816177 9.1317205 35.1105270
v -38.9521980 9.9844542 45.3760414
v -35.9116936 10.0949497 47.5908623
v -22.5548706 10.6531687 54.4369316
v -15.8899755 10.9355412 56.4801331
v 10.8691120 11.3103790 57.5058250
v 10.8369551 8.8063869 57.8499298
v 16.8090611 12.3592730 56.0654068
v 20.5396156 9.0497303 55.3253937
v 30.3896542 10.7440243 50.8746414
v 38.9960327 6.8920002 45.4073219
v 43.7654457 8.5750732 41.3282661
v 58.7247086 7.4724126 33.5936852
v 61.6171341 8.1488981 32.9658089
v 80.9872665 9.4940882 33.4192276
v 84.6697388 8.5237761 34.3468437
v 88.6141129 7.8214231 35.7815094
v -40.5811615 8.7909460 44.0718155
v -30.5445404 8.9446754 50.9380074
v -20.8230801 9.3348675 55.2041206
v -13.3058138 9.7866831 57.2371254
v -6.9449644 10.5744610 58.1662254
v -0.2500607 11.7478962 58.3777504
v 1.8030778 8.1207724 58.8827667
v 4.1102276 11.8183422 58.2346611
v 6.7065291 10.2880068 58.2296791
v 18.1112309 8.3643875 56.1851387
v 22.8445702 9.9365683 54.3953857
v 24.9620686 8.4624233 53.6953087
v 33.8132133 9.2806540 48.9946404
v 41.8193207 8.3617821 42.9922867
v 53.4574280 6.7661500 35.3866768
v 55.9949722 6.4021664 34.3413277
v 64.4831619 7.4691463 32.3747711
v 76.6186218 7.2290306 32.2956924
v 86.5065231 6.7152081 34.7822838
v -37.5010223 8.8236017 46.5128632
v -34.3276749 6.4231758 48.8296356
v -28.7446537 7.3328857 52.0209808
v -17.0833626 9.0022106 56.4146271
v -11.3203440 11.2255392 57.4340057
v -4.8399534 9.1608839 58.5711823
v 8.5715303 8.0650425 58.3199310
v 26.6267529 9.6375628 52.8445740
v 28.4399052 9.7452698 51.9703522
v 35.5795250 7.7264013 47.9189873
v 45.7667618 7.3721809 39.7556686
v 60.1609726 6.0791655 33.0339355
v 74.5033188 6.6774125 31.9758072
v 80.8099365 6.6442547 33.0061264
v -39.0868721 7.6275425 45.3262749
v -35.9458275 7.6760287 47.6734085
v -32.5163193 7.7452569 49.8914680
v -2.6122608 7.9595008 58.8804665
v 3.7245576 6.4619632 59.0416832
v 29.7253571 7.3001785 51.5010262
v 44.2727051 6.2792439 40.8529625
v 47.4719391 6.1938167 38.5320854
v 70.0701294 5.8993673 31.7001305
v 72.8591156 5.1296916 31.6316509
v 88.4936142 5.1865067 35.4762383
v 90.9204102 6.3257113 36.7690659
v 95.6251373 6.4788432 39.7037315
v 97.6221008 6.9653687 41.2589493
v -40.6592560 6.4222817 44.0336952
v -21.3050137 6.6439276 55.3269691
v -13.3296976 6.9839396 57.6126785
v -7.3047962 7.9016738 58.5056038
v -0.3335806 9.3612032 58.7281342
v -0.3134449 6.8669410 59.0915985
v 1.6552483 5.9342456 59.2059860
v 4.0723834 9.1229172 58.6276741
v 12.7763042 7.0366712 57.7170639
v 27.2431450 7.5390797 52.7376671
v 31.4559975 8.5171595 50.4476166
v 40.0113373 5.2122831 44.6048775
v 42.6344376 6.5048628 42.2523689
v 51.5257034 4.8581953 36.1114655
v 53.8082886 4.2287340 34.9802322
v 55.9808922 3.5429170 34.0242805
v 58.1179733 5.0470667 33.4754791
v 60.2146378 3.9912038 32.7548561
v 65.0106049 4.9660702 31.9432545
v 82.5435791 5.4342170 33.3032227
v 86.2976303 3.7864597 34.3826256
v 93.4654007 6.2152600 38.2412682
v -37.5644836 6.4988198 46.5430565
v -30.8272133 6.4045000 50.9686852
v -17.2159004 6.8328910 56.6454048
v -11.3959389 8.4652252 57.8011932
v -5.1345234 6.1773620 58.9730034
v -2.4551058 5.3625364 59.2651367
v 19.9339428 6.4852300 55.8286362
v 35.2675972 5.3594265 48.2461815
v 34.7414017 2.7986078 48.7411804
v 37.1389923 6.2076211 46.8691063
v 49.3609924 5.4653673 37.3326721
v 83.6840286 3.4683089 33.4066582
v -36.0554695 5.2407866 47.6962547
v -19.3279209 5.5599837 56.1415253
v -15.3575230 5.5347443 57.3175278
v -9.6819496 6.8188272 58.3285980
v -7.8491435 5.2778859 58.8103218
v 21.4564266 4.9532952 55.4634895
v 31.8019028 5.6217389 50.4540176
v 38.4893417 4.5970907 45.8761673
v 41.5852165 4.6556716 43.2135468
v 45.5840950 4.3850694 39.7807693
v 49.7515678 3.0864279 36.9304276
v 62.7370987 3.1997974 32.0775757
v 65.4730988 2.4467714 31.5243130
v 70.7353363 2.9560361 31.2652092
v 73.8093872 2.7804272 31.3621807
v 78.5452347 5.5169964 32.3700218
v 90.2974167 3.5454183 36.2122993
v 94.9068451 4.1489096 39.0890007
v -40.6526070 3.9284339 44.0676231
v -31.0906487 4.1775103 50.9810715
v -29.2469254 4.8461776 51.9628677
v -21.3346367 4.1079159 55.6039772
v -19.5138950 3.2456062 56.3493309
v -13.2477026 3.9741683 58.0255241
v 0.0207996 4.0647883 59.4991379
v 6.1316123 7.2778916 58.7192116
v 17.3715572 5.8740582 56.7063408
v 23.4410439 4.5082197 54.7329178
v 25.6895504 3.4183013 53.8517189
v 30.0342255 2.4445596 51.7074623
v 33.5922813 4.5205507 49.4138145
v 40.0564003 2.7758951 44.6098976
v 51.8959961 1.9115218 35.6696243
v 60.2676125 1.2619618 32.3813095
v 75.1844940 0.6774463 31.1811199
v 76.0928802 2.4101419 31.5409203
v 92.5948257 3.9438925 37.5464439
v 94.1049271 1.8370878 38.4014015
v 96.2701797 1.9800545 40.0335007
v -37.5879135 4.4540820 46.5937271
v -34.4424629 3.7282875 48.8982010
v -25.2233772 4.1674457 54.0004921
v -11.6573133 6.0028977 58.0930710
v -2.2765405 3.2088261 59.5876503
v 2.9518576 3.9359050 59.4508209
v 12.4753456 4.0036979 58.1892014
v 36.1910667 1.9566729 47.7409782
v 36.6581802 3.8914094 47.3124619
v 68.1687393 1.4571750 31.1246090
v 97.2616348 4.2426019 40.9120483
v -36.4326897 2.7869749 47.5267792
v -32.6478615 5.1666036 49.9737968
v -7.9707608 3.1478701 59.0955963
v 21.8634357 2.9722044 55.5250740
v 37.8494911 2.3053441 46.4552307
v 65.9574814 0.0984812 31.1216698
v 70.2646255 0.4663380 30.9087353
v 77.5847092 0.7515896 31.5362396
v 80.0356979 1.0012676 32.0669975
v 85.1955490 1.2536368 33.6795845
v 89.5231476 1.2956421 35.6125908
v -40.5845413 1.5927342 44.1559372
v -38.6662025 2.6708090 45.7838478
v -27.6689625 2.9638753 52.9374657
v -23.2737980 2.9473705 54.9682388
v -15.7722483 2.8933012 57.5405884
v -10.2749491 3.9412999 58.6221657
v -6.3241596 3.8990827 59.1934814
v 7.7146039 3.2347205 59.1106529
v 9.7233391 3.6351554 58.7569160
v 16.7072926 3.3975136 57.2117615
v 19.3660603 3.6959157 56.3472328
v 23.8269005 2.5683203 54.7711487
v 32.1954117 2.9335644 50.3867569
v 42.2405396 2.2558765 42.6042328
v 46.2993393 1.6807227 39.1320190
v 54.2546272 1.5435677 34.5115280
v 87.3686295 1.2380809 34.5696487
v 88.4013596 2.9901471 35.2207031
v 91.8143005 1.5843326 36.9144440
v 97.8991394 1.7905166 41.4053040
v 48.3232002 1.4095467 37.6946220
v 50.0184937 1.0569932 36.6247292
v 23.2277298 200.0000000 26.4373455
v 24.9352798 200.0000000 27.3780441
v 28.9755001 199.9995880 29.9894867
v 31.3592796 200.0000000 31.7850704
v 33.5886154 200.0000000 33.6768417
v 35.6770668 200.0000000 35.6649628
v 37.4774017 200.0000000 37.3522873
v 39.2330589 200.0000000 38.8387985
v 41.6770401 200.0000000 40.6916504
v 44.0972061 200.0000000 42.3139114
v 46.8735809 199.9998169 43.9457703
v 49.3386612 200.0000000 45.1876907
v 52.0035782 200.0000000 46.3654823
v 54.3746986 200.0000000 47.2493744
v 57.3764648 199.9990997 48.1831894
v 60.4325714 200.0000000 48.9191971
v 63.0721970 200.0000000 49.4035110
v 65.5056915 200.0000000 49.7189636
v 68.9283142 199.9957123 49.9604950
v 72.0908813 200.0000000 49.9688721
v 75.3056793 200.0000000 49.7836418
v 77.1354065 200.0000000 49.5842857
v 78.9554138 200.0000000 49.3101273
v 81.6630020 200.0000000 48.7731323
v 84.3412781 200.0000000 48.1043129
v 85.6637421 200.0000000 47.7083244
v 87.8420563 200.0000000 46.9683685
v 90.1260376 200.0000000 46.0712585
v 92.5680466 200.0000000 44.9583740
v 95.0845337 200.0000000 43.6485329
v 96.6762695 200.0000000 42.7244492
v 98.2291260 200.0000000 41.7364006
v 100.4872818 200.0000000 40.1489449
v 102.6653366 200.0000000 38.4530487
v 106.0660172 200.0000000 35.3553391
v 106.0660172 197.5000000 35.3553391
v 106.0660172 186.5000000 35.3553391
v 106.0660172 183.5000000 35.3553391
v 106.0660172 180.5000000 35.3553391
v 106.0660172 177.7500000 35.3553391
v 106.0660172 174.7500000 35.3553391
v 106.0660172 172.5000000 35.3553391
v 106.0660172 170.5000000 35.3553391
v 106.0660172 168.5000000 35.3553391
v 106.0660172 166.5000000 35.3553391
v 106.0660172 164.5000000 35.3553391
v 106.0660172 162.5000000 35.3553391
v 106.0660172 160.5000000 35.3553391
v 106.0660172 158.5000000 35.3553391
v 106.0660172 156.5000000 35.3553391
v 106.0660172 154.5000000 35.3553391
v 106.0660172 151.7500000 35.3553391
v 106.0660172 149.5000000 35.3553391
v 106.0660172 147.5000000 35.3553391
v 106.0660172 145.5000000 35.3553391
v 106.0660172 143.5000000 35.3553391
v 106.0660172 141.5000000 35.3553391
v 106.0660172 139.5000000 35.3553391
v 106.0660172 136.7500000 35.3553391
v 106.0660172 134.5000000 35.3553391
v 106.0660172 131.7500000 35.3553391
v 106.0660172 128.7500000 35.3553391
v 106.0660172 126.5000000 35.3553391
v 106.0660172 123.7500000 35.3553391
v 106.0660172 121.2500000 35.3553391
v 106.0660172 118.2500000 35.3553391
v 106.0660172 115.5000000 35.3553391
v 106.0660172 113.5000000 35.3553391
v 106.0660172 111.2500000 35.3553391
v 106.0660172 108.2500000 35.3553391
v 106.0660172 105.5000000 35.3553391
v 106.0660172 103.5000000 35.3553391
v 106.0660172 101.5000000 35.3553391
v 106.0660172 99.2500000 35.3553391
v 106.0660172 96.5000000 35.3553391
v 106.0660172 94.5000000 35.3553391
v 106.0660172 92.5000000 35.3553391
v 106.0660172 90.2500000 35.3553391
v 106.0660172 87.5000000 35.3553391
v 106.0660172 85.5000000 35.3553391
v 106.0660172 83.5000000 35.3553391
v 106.0660172 81.5000000 35.3553391
v 106.0660172 76.7734375 35.3553391
v 106.0660172 74.5000000 35.3553391
v 106.0660172 72.5000000 35.3553391
v 106.0660172 70.5000000 35.3553391
v 106.0660172 68.2500000 35.3553391
v 106.0660172 61.2500000 35.3553391
v 106.0660172 58.5000000 35.3553391
v 106.0660172 55.7500000 35.3553391
v 106.0660172 53.5000000 35.3553391
v 106.0660172 50.8750000 35.3553391
v 106.0660172 46.5000000 35.3553391
v 106.0660172 44.5000000 35.3553391
v 106.0660172 39.7500000 35.3553391
v 106.0660172 37.5000000 35.3553391
v 106.0660172 35.5000000 35.3553391
v 106.0660172 33.5000000 35.3553391
v 106.0660172 28.5000000 35.3553391
v 106.0660172 25.5000000 35.3553391
v 106.0660172 22.5000000 35.3553391
v 106.0660172 20.5000000 35.3553391
v 106.0660172 17.5000000 35.3553391
v 106.0660172 14.5000000 35.3553391
v 106.0660172 12.5000000 35.3553391
v 106.0660172 9.5000000 35.3553391
v 106.0660172 6.5000000 35.3553391
v 106.0660172 2.5312500 35.3553391
v 106.0660172 0.0000000 35.3553391
v 101.6560364 0.0000000 31.4404392
v 98.0615692 0.0000000 28.8615570
v 95.8470230 -0.0032170 27.5371838
v 93.6704483 -0.0028046 26.3319626
v 91.7928925 -0.0023641 25.4002399
v 89.8133850 0.0000000 24.5037079
v 87.5705795 -0.0020776 23.6594925
v 84.7092438 -0.0000001 22.7236748
v 81.8570251 0.0000000 21.9724560
v 79.6891785 -0.0006614 21.5308800
v 77.5023727 -0.0031342 21.1972027
v 75.3050308 -0.0027426 20.9440746
v 72.1173477 0.0000000 20.7435684
v 69.6595154 0.0000000 20.7242794
v 67.2047424 0.0000000 20.8498230
v 64.2690964 0.0000000 21.1346626
v 62.0826492 -0.0004472 21.4720440
v 59.9109993 0.0000000 21.8946342
v 58.4760284 0.0000000 22.2359085
v 55.8740387 0.0000000 22.9706097
v 52.8564949 0.0000000 24.0201969
v 49.9087372 0.0000000 25.2521973
v 47.2698441 0.0000006 26.5553074
v 45.3536911 0.0000000 27.6222668
v 43.4918594 0.0000766 28.7816029
v 40.8937302 0.0000000 30.5931911
v 38.5921860 0.0000000 32.3964615
v 37.1221313 0.0000000 33.6769142
v 33.2333450 0.0000000 37.3524055
v 30.8742104 0.0000002 39.3121338
v 28.5345287 0.0000000 41.0485306
v 26.4872112 0.0001468 42.4014091
v 24.1030827 0.0000969 43.7927170
v 21.6537552 0.0000000 45.0657463
v 20.1205330 0.0000000 45.7698135
v 18.2789154 0.0000000 46.5339279
v 15.9734955 0.0000000 47.3744278
v 14.0723305 0.0000000 47.9753113
v 11.2144814 0.0022417 48.7154694
v 8.8492088 0.0000000 49.2051239
v 6.4242411 0.0000000 49.5805435
v 3.5244706 0.0000000 49.8643417
v 0.3069442 0.0000002 49.9927139
v -1.5333805 0.0000000 49.9726715
v -4.2117462 0.0000000 49.8044052
v -7.0321169 0.0000000 49.4971771
v -9.3771544 0.0006132 49.1064949
v -11.8496056 0.0000000 48.5677147
v -14.0722885 0.0000000 47.9746857
v -15.9735336 0.0000000 47.3744507
v -18.2788429 0.0000000 46.5338211
v -20.8159981 0.0000001 45.4469147
v -23.4315510 0.0000000 44.1631813
v -25.4369125 0.0000000 43.0358162
v -31.9544983 0.0000000 38.4527893
v -35.3553391 0.0000000 35.3553391
v -35.3553391 3.5000000 35.3553391
v -35.3553391 5.5000000 35.3553391
v -35.3553391 7.5000000 35.3553391
v -35.3553391 9.5000000 35.3553391
v -35.3553391 11.5000000 35.3553391
v -35.3553391 13.5000000 35.3553391
v -35.3553391 15.5000000 35.3553391
v -35.3553391 18.2500000 35.3553391
v -35.3553391 20.5000000 35.3553391
v -35.3553391 23.0000000 35.3553391
v -35.3553391 24.5000000 35.3553391
v -35.3553391 27.2500000 35.3553391
v -35.3553391 29.5000000 35.3553391
v -35.3553391 31.5000000 35.3553391
v -35.3553391 33.7500000 35.3553391
v -35.3553391 39.2500000 35.3553391
v -35.3553391 41.5000000 35.3553391
v -35.3553391 44.2500000 35.3553391
v -35.3553391 46.5000000 35.3553391
v -35.3553391 49.2500000 35.3553391
v -35.3553391 51.5000000 35.3553391
v -35.3553391 53.5000000 35.3553391
v -35.3553391 55.5000000 35.3553391
v -35.3553391 58.5000000 35.3553391
v -35.3553391 61.5000000 35.3553391
v -35.3553391 63.7500000 35.3553391
v -35.3553391 66.0000000 35.3553391
v -35.3553391 67.5000000 35.3553391
v -35.3553391 70.5000000 35.3553391
v -35.3553391 73.5000000 35.3553391
v -35.3553391 75.5000000 35.3553391
v -35.3553391 77.5000000 35.3553391
v -35.3553391 83.1911316 35.3553391
v -35.3553391 89.2500000 35.3553391
v -35.3553391 91.5000000 35.3553391
v -35.3553391 93.5000000 35.3553391
v -35.3553391 95.7500000 35.3553391
v -35.3553391 98.5000000 35.3553391
v -35.3553391 100.5000000 35.3553391
v -35.3553391 102.7500000 35.3553391
v -35.3553391 105.5000000 35.3553391
v -35.3553391 107.5000000 35.3553391
v -35.3553391 109.5000000 35.3553391
v -35.3553391 111.7500000 35.3553391
v -35.3553391 113.8125000 35.3553391
v -35.3553391 118.7500000 35.3553391
v -35.3553391 121.5000000 35.3553391
v -35.3553391 123.5000000 35.3553391
v -35.3553391 125.5000000 35.3553391
v -35.3553391 127.5000000 35.3553391
v -35.3553391 129.5000000 35.3553391
v -35.3553391 132.2500000 35.3553391
v -35.3553391 134.5000000 35.3553391
v -35.3553391 136.5000000 35.3553391
v -35.3553391 138.5000000 35.3553391
v -35.3553391 141.2500000 35.3553391
v -35.3553391 143.5000000 35.3553391
v -35.3553391 145.5000000 35.3553391
v -35.3553391 147.5000000 35.3553391
v -35.3553391 149.5000000 35.3553391
v -35.3553391 151.5000000 35.3553391
v -35.3553391 153.5000000 35.3553391
v -35.3553391 155.5000000 35.3553391
v -35.3553391 157.5000000 35.3553391
v -35.3553391 159.5000000 35.3553391
v -35.3553391 161.5000000 35.3553391
v -35.3553391 163.5000000 35.3553391
v -35.3553391 165.5000000 35.3553391
v -35.3553391 168.5000000 35.3553391
v -35.3553391 172.5000000 35.3553391
v -35.3553391 175.5000000 35.3553391
v -35.3553391 177.5000000 35.3553391
v -35.3553391 179.5000000 35.3553391
v -35.3553391 181.5000000 35.3553391
v -35.3553391 183.5000000 35.3553391
v -35.3553391 185.5000000 35.3553391
v -35.3553391 187.5000000 35.3553391
v -35.3553391 190.5000000 35.3553391
v -35.3553391 193.5000000 35.3553391
v -35.3553391 195.5000000 35.3553391
v -35.3553391 200.0000000 35.3553391
v -33.7517014 200.0000000 33.8312340
v -32.4663277 200.0000000 32.6872597
v -30.7474613 200.0001984 31.2944622
v -28.1628532 200.0000000 29.4162750
v -21.5689831 200.0004883 25.6116009
v -19.5548897 200.0000000 24.6965523
v -17.0374260 200.0000000 23.7101536
v -14.7065344 200.0006409 22.9303627
v -12.5796614 200.0000000 22.3215542
v -10.3342257 200.0009003 21.8031025
v -7.5232086 200.0000000 21.2914486
v -4.3502731 200.0013123 20.9165592
v -2.1424065 200.0018921 20.7806778
v 0.5600110 200.0000000 20.7177048
v 3.5065346 200.0000000 20.8461170
v 6.4422688 200.0000000 21.1301651
v 8.3871040 200.0000000 21.4222794
v 11.2769642 200.0000000 22.0124054
v 18.7691746 200.0000000 24.3803635
v 21.4724731 200.0000000 25.5598068
v -33.7525063 194.2661896 33.9222565
v -33.6479607 164.3123169 34.3147011
v -33.3907700 97.4828720 35.3995628
v -33.2647591 60.0619011 36.1205711
v -33.5028038 47.7963219 36.2671318
v -33.3587456 35.4881821 36.5590439
v 103.2250290 197.8778992 37.9141655
v 57.1025467 197.2796478 47.7511597
v 8.9937868 198.1654816 21.7860546
v 6.8800397 197.9630585 21.4811726
v 4.4312944 197.9873810 21.2092972
v -9.1595564 197.8799133 21.8598576
v -11.6947393 198.1551666 22.3591061
v -27.0191135 197.7288971 28.8050671
v -31.6022282 197.9818420 32.0504875
v 91.1008682 197.9723053 45.4312897
v 53.3339539 197.9959869 46.6408272
v 50.8920403 197.7595673 45.6591911
v 48.3876724 197.6391144 44.5062294
v 45.6542130 197.9736176 43.0935364
v 42.4291039 197.4618835 41.0686340
v 34.5814285 198.0316010 34.6304245
v 20.7838593 197.8069916 25.4634037
v 14.8997612 196.2406769 23.4690170
v 10.5329771 196.8275299 22.2720814
v -17.9828625 197.9051208 24.3072071
v -22.5794125 197.6544952 26.3290997
v 97.6984177 197.7383881 41.9264946
v 86.5559616 198.0622406 47.1779671
v 84.0163116 198.0998383 47.9406624
v 70.5790024 198.2455139 49.7256012
v 59.0915642 198.1240845 48.3642540
v 40.2499847 197.4935608 39.5297127
v 38.2218895 197.6300201 37.9343834
v 32.9087181 198.3823700 33.1168900
v 31.4870529 197.3905945 31.9670410
v 29.9006348 198.2865601 30.7355499
v 28.0752735 197.8626099 29.4797707
v -24.7593613 197.6284180 27.4748611
v 104.6468353 196.3245087 36.6528091
v 73.1128159 197.8101196 49.6066284
v 54.9536972 196.3359528 47.0006180
v 52.4885139 195.4668732 46.0473251
v 44.2274399 196.9839478 42.1859589
v 36.4126549 197.8146057 36.3471184
v 29.6994286 196.1918335 30.6960487
v 25.8553505 197.9070740 28.0838604
v 24.5655594 195.7000732 27.5287247
v 23.3002548 198.1372528 26.6534042
v -2.3190398 195.9549561 21.3649788
v -6.2215738 197.4507446 21.4764175
v -18.8707523 195.7117004 24.8877373
v 99.2402878 195.8286285 40.8105087
v 97.0303802 195.3469543 42.1632156
v 83.1873322 195.4324646 47.8143234
v 77.8374100 194.1052399 48.6452065
v 65.0282898 193.7894897 48.7719803
v 59.0993767 193.6330566 47.7718658
v 54.7662506 193.9497070 46.6472244
v 49.9202118 195.4409180 44.9983406
v 31.6895618 195.1114044 32.2037315
v 27.8814392 195.2275696 29.5313873
v 19.9259262 195.5970001 25.3260765
v 12.4562836 194.8116913 22.9788494
v -8.0799389 192.8719025 22.3772926
v -30.4291821 196.2344513 31.2115116
v -12.2097912 194.1790771 22.9972038
v -4.4315248 196.0518646 21.4942894
v 0.4188839 195.7167511 21.3525219
v 1.8003068 198.0077972 21.0456924
v 5.1315470 195.5756683 21.6218929
v 7.9764190 196.0539856 21.9156780
v 18.8166618 197.3685913 24.6848164
v 33.3123322 196.4190826 33.5106583
v 37.1391258 195.8379822 36.9752655
v 47.6092911 195.0995789 43.8962479
v 59.1506691 195.9947815 48.0968437
v 61.5725174 197.4081726 48.7859154
v 70.7889862 196.0980835 49.4185867
v 78.7523270 196.3212433 48.8186111
v 85.5627518 195.9926300 47.2380791
v 88.8017044 197.9637756 46.3742294
v 102.9539413 195.2273102 38.0621414
v 100.9883347 193.8546295 39.4991341
v 98.1075897 191.7566833 41.2640305
v 87.5642014 196.3506775 46.6402893
v 80.6315308 194.2788544 48.2165833
v 73.1074524 195.1224823 49.2201195
v 66.2643433 195.7781677 49.1788216
v 46.9657402 192.2923431 43.3244514
v 38.9400558 194.9483490 38.4357109
v 37.0394592 193.6594391 36.8545990
v 6.9983301 193.5227509 22.1303844
v 2.8544424 196.3289185 21.3328514
v -3.8231387 194.1428375 21.7165699
v -14.7617702 194.0177002 23.6959476
v -21.3188591 195.4617310 25.9449883
v -23.7212811 195.2906799 27.1144772
v -32.0845909 192.6358490 32.5997963
v 96.7579727 193.0462341 42.1566658
v 68.8119736 194.6715088 49.1769791
v 49.1750717 193.1400604 44.4386787
v 44.5207596 192.5818176 42.0370293
v 35.3482513 195.4766083 35.3523445
v 33.5692139 193.9975891 33.7744255
v 28.1757298 193.0713501 29.8357372
v 25.8185596 193.5157471 28.4004135
v 23.3460693 193.3786163 27.0959911
v 18.8683662 193.5640564 25.1212654
v 16.8803844 193.4321747 24.4248219
v 14.9780817 194.0024567 23.7593670
v 11.1377831 192.6300201 22.9648571
v 9.6197643 194.2297211 22.4472198
v 2.5448728 194.3339539 21.6069031
v -6.0911856 194.7252350 21.8511906
v -10.0525627 194.2008972 22.5330658
v -22.4024010 193.1155243 26.6691322
v -26.0547142 195.3117828 28.3947372
v -30.0030975 193.4465332 31.0385685
v 89.3186722 192.8688354 45.6111641
v 84.9184799 193.6861115 47.1385574
v 82.8017426 193.2981262 47.6265182
v 81.4489136 191.6423340 47.6959572
v 66.9468613 193.1100769 48.8456764
v 64.9772873 191.7077637 48.4698143
v 56.9987946 192.5524139 47.1224442
v 52.8903847 190.4475403 45.6259995
v 52.7554474 192.7989349 45.8404808
v 31.8416576 192.7866974 32.4005623
v 21.0706921 193.4906311 26.0240860
v 4.3977952 192.8024139 21.9506207
v -1.4681922 193.8516388 21.6427555
v -5.4281445 192.3367310 22.1152077
v -10.7212791 192.3137512 22.9272785
v -19.8481636 193.4700165 25.5153542
v -32.0557899 195.2408752 32.4949226
v 101.8785019 191.1699829 38.7439919
v 96.5373154 190.7442932 42.1134453
v 69.1714401 192.0603790 48.8007736
v 67.0912399 190.7186737 48.5058403
v 65.1303024 189.6602173 48.1926689
v 62.4070473 190.1368713 47.9151382
v 54.9220772 191.5227356 46.4061813
v 42.2457504 192.8648682 40.6772766
v 37.1972771 191.0388641 36.9229164
v 33.6349297 191.4850311 33.8636627
v 26.6651154 191.5285645 29.0205116
v 17.7254429 191.6313171 24.9176483
v 15.5508633 191.8446198 24.1912766
v -0.5200697 191.8102722 21.9240150
v -3.0056825 191.9542389 21.9810143
v -15.7956972 191.8361664 24.2702103
v -23.5796776 190.4925537 27.4623699
v -30.8287449 190.5969086 31.7432079
v -27.4031830 193.0572357 29.3526249
v -24.9453697 192.9341888 27.9500141
v -20.8369617 191.1687622 26.1697540
v 1.9232460 192.0708618 21.9145489
v 8.9443197 191.4048462 22.7196426
v 19.8437653 191.4667206 25.7219238
v 38.8564987 192.1752167 38.2758064
v 48.8639107 191.1376343 44.1114693
v 73.5732498 192.4903259 48.8097496
v 78.9759674 191.9308014 48.1805382
v 95.1587753 192.0471191 42.9502144
v 99.7797241 191.5160980 40.1970215
v 104.0901413 190.7050323 37.0386467
v 94.5028992 190.0119476 43.1024628
v 89.1062698 190.7389526 45.4448357
v 83.9404602 191.4319763 47.0981979
v 71.1695862 193.5157471 49.0424728
v 59.3565445 191.2445374 47.5177422
v 35.3788910 192.6055145 35.3742371
v 31.8062515 190.4036865 32.4501228
v -2.0363529 189.8362427 22.2459087
v -9.0724249 190.4510651 22.8736954
v -11.6951294 190.1888275 23.4144249
v -13.2479925 192.0592194 23.5276604
v -16.7722874 189.6501770 24.8360214
v -21.4800491 188.7942047 26.6715336
v -28.7133408 190.7395630 30.3056450
v -32.3459435 190.4714966 32.8668022
v -33.6882515 189.2154388 33.9482002
v 77.7894974 190.0329590 48.0765076
v 71.4299316 190.9116058 48.6550827
v 59.6081505 188.6764221 47.2215500
v 57.1937599 190.1220398 46.8658714
v 50.3884201 189.2828217 44.5596733
v 26.4443913 189.2571106 29.0548458
v 22.5837860 188.7216034 27.1576042
v 16.4027252 189.7222595 24.7020149
v -26.2977848 190.6577911 28.8691063
v 82.4711609 189.3376007 47.1733360
v 80.7163315 187.4343109 47.2626495
v 75.9400253 188.7776031 48.1066093
v 66.8444824 188.3792572 48.1527901
v 48.3107147 187.3508911 43.5106583
v 46.0684242 187.7867432 42.5008278
v 31.6452732 187.9905396 32.4092026
v 24.5213394 187.7977753 28.1503582
v 19.3354797 187.7429047 25.9306164
v 15.0069075 187.7742004 24.5310879
v 14.0152855 189.9482117 23.9953270
v 5.5562968 188.2325439 22.7122688
v -10.1112719 188.3273163 23.3485050
v -17.5533543 187.1766052 25.3783264
v -19.1448936 189.2539673 25.6952114
v -23.4115200 188.0777435 27.5962906
v -29.9732590 188.2752991 31.2598343
v -27.7104378 188.4177551 29.8304596
v -14.2743692 189.9518890 24.0591106
v -6.5556164 188.4446716 22.8019466
v -3.7424717 188.0887909 22.5924301
v 11.5494871 190.4356232 23.3479729
v 18.5810490 189.5762024 25.4502010
v 29.7515583 186.9049225 31.1724129
v 33.5513344 189.0374908 33.8420105
v 35.4354057 190.0232849 35.4244537
v 45.3783379 190.1261292 42.3301430
v 69.1827545 189.5487671 48.4385262
v 87.8533478 188.9579620 45.6756783
v 95.9315186 188.3273621 42.2412376
v 78.2091217 187.9667511 47.7326088
v 73.7173462 189.8130646 48.4177055
v 71.3844223 188.3536835 48.2849388
v 61.9379539 186.9462128 47.3968086
v 57.3332710 187.6107941 46.5821304
v 52.9642487 188.0111389 45.3707390
v 50.7305069 186.7511902 44.4320755
v 43.8330727 188.2030945 41.3459053
v 42.2943954 186.4181366 40.3257065
v 28.1606121 188.1129456 30.1211891
v 17.4232712 187.6203308 25.2801876
v 2.9411192 187.9516296 22.5584793
v -4.7341013 189.9716492 22.3934994
v -11.3719168 186.2919312 23.8702202
v -28.9864635 186.0498810 30.7513313
v -31.9332695 188.4058533 32.6121216
v 99.5275650 186.8816223 40.1231956
v 68.9453888 187.0742035 48.0672112
v 59.6205063 186.0160370 46.8658638
v 33.2933006 186.6286163 33.6764832
v 26.3797321 186.6475372 29.1964684
v 4.2942066 186.2249298 22.8952866
v -1.1774745 187.7786560 22.5208645
v -15.2694206 187.8473816 24.5965347
v -19.4857101 186.6399994 26.1097145
v -33.5673218 186.7723541 33.8921356
v 97.3493423 186.5919800 41.3629074
v 95.2352905 185.9329529 42.3944473
v 88.9414139 187.1112061 45.1009254
v 78.6763000 185.7132721 47.3530846
v 66.4658203 185.9745026 47.7768860
v 44.5752296 185.9385834 41.5911407
v 31.3214664 185.5744019 32.2768478
v 13.4994450 185.9991913 24.3742695
v -26.7986221 186.1547089 29.4590759
v -31.4273548 185.7696838 32.3385468
v 102.5708160 183.4784393 37.9919128
v 91.1501160 186.5877686 44.2460976
v 86.4247742 186.3683472 45.8008842
v 79.1006393 183.4458771 46.9739227
v 68.7428741 184.6117401 47.7001534
v 61.7941551 184.2902832 47.0128021
v 59.5209618 183.3816223 46.4941292
v 55.0458679 183.7720032 45.4947395
v 43.1417923 184.1039886 40.6880417
v 39.7962990 182.4153900 38.5914917
v 34.8800240 185.2059021 34.9618797
v 32.9064598 184.2241058 33.4389191
v 28.7251625 181.6298218 30.8284760
v 19.4680462 182.2445831 26.5631962
v 14.2823792 183.8813019 24.8319149
v 11.5818806 184.4367981 24.1435661
v 4.3038182 183.7052155 23.2611809
v -12.6337795 184.2868042 24.3901691
v -20.1762772 184.4714508 26.5853157
v -33.5853615 184.3722076 33.9369736
v -16.0157509 185.9541168 25.0426693
v -10.0994596 184.4243164 23.8796272
v -7.4608932 184.4957275 23.4662170
v -0.1672375 185.6998291 22.8153725
v 8.8123951 184.8673248 23.6012211
v 16.0881901 185.6271362 25.1065521
v 18.8987179 185.3526001 26.0280762
v 21.7877502 184.2238312 27.2536469
v 28.0574360 185.9655914 30.1837692
v 40.0771103 186.8622437 38.9420433
v 50.8864517 184.0324097 44.2095146
v 57.3648529 184.9576111 46.2358170
v 71.2692184 185.8669739 47.9228058
v 73.7031784 187.2637787 48.0477943
v 93.1309357 184.8911743 43.2621460
v 98.4447250 184.6528320 40.6296005
v 95.0296402 183.6173859 42.2988853
v 93.0897369 182.2328949 43.0398636
v 90.8863754 183.5290222 44.0300751
v 88.7550812 184.8471832 44.9127045
v 83.9280472 184.4184418 46.2082634
v 76.4169998 184.0426788 47.3820267
v 66.2680359 183.5102997 47.4036484
v 64.0705261 185.0864258 47.4282761
v 43.8330917 181.6781311 40.9046707
v 38.6200752 184.6604156 37.8676491
v 36.3934326 183.6992493 36.1852226
v 24.1358719 182.4997101 28.4181423
v 16.8587284 183.1712646 25.6229763
v 1.4430033 183.7305145 23.1152573
v -16.3529282 182.2579956 25.5854950
v -33.8862610 181.6463165 34.2108307
v 104.2439499 181.9851990 36.7619286
v 73.7723465 184.8184052 47.6882553
v 71.2322922 183.1923981 47.5311546
v 52.7785683 182.7514648 44.7130318
v 45.2663727 183.5724640 41.7667770
v 41.8146782 182.2183228 39.8233681
v 37.7702904 182.0493317 37.1942215
v 30.7233295 181.0612640 32.0583229
v 12.4102974 182.1407776 24.6161919
v -1.6018949 183.4861603 23.1618099
v -11.4383841 182.3952637 24.3885365
v -13.9029140 182.2960510 24.9375286
v -21.0225754 182.4217224 27.1148205
v -29.9382172 183.9868469 31.4329758
v 102.3037033 180.9182434 38.0892220
v 88.5134811 182.1998749 44.6886292
v 84.0821838 181.8225403 45.8441696
v 66.1635361 181.0537872 47.0471611
v 49.1628342 182.7584534 43.4273491
v 47.9866714 180.9870148 42.7698898
v 32.4601822 181.8590393 33.1822433
v 5.3490682 180.9474640 23.7388859
v -18.8449306 182.3495026 26.3421898
v -24.9026413 182.7929688 28.7448559
v -28.1991005 179.7873535 30.6357365
v -29.6804562 181.6428833 31.3902626
v -22.9048958 180.9655304 28.0180798
v -12.7232618 180.3501129 24.9241867
v 0.5711017 181.9448700 23.3677158
v 2.9173765 181.6316223 23.4785538
v 14.8600378 181.6912384 25.2486458
v 34.4132156 182.7918701 34.6053543
v 57.0638008 182.1722870 45.8154602
v 59.1030540 180.6601257 46.0523872
v 61.5745277 181.7159424 46.6258888
v 68.5749283 182.1685028 47.3400803
v 76.9191437 181.7154083 46.9983940
v 81.6881027 182.7548523 46.4542503
v 86.3575974 183.4246063 45.4663124
v 97.6933899 180.5188904 40.7709351
v 74.0970612 182.3312378 47.3044243
v 72.1966553 180.6513519 47.1355858
v 63.7297058 180.0325012 46.6720695
v 54.5956535 181.1316528 45.0611534
v 45.8764839 181.2177887 41.8745270
v 40.6944466 180.5420685 39.0761337
v 38.9845657 180.2003632 37.9848480
v 37.1965790 179.7582397 36.7435608
v 33.9473572 180.3271637 34.2866287
v 29.8719215 179.1608734 31.6186867
v 18.1246338 177.2660522 26.6777954
v 3.6138446 179.0966187 23.8800602
v -6.0315013 179.6428528 23.9993401
v 95.3795090 181.2527161 41.9561081
v 86.2692566 180.7538910 45.1682053
v 77.4831009 179.3130646 46.5935898
v 68.4862900 179.7927246 46.9896126
v 61.2336502 179.0282593 46.2004395
v 56.5883980 179.4114532 45.3611984
v 51.3988228 178.7238159 43.8208084
v 42.3982964 179.8265686 40.0195312
v 35.8609123 181.2617645 35.7558670
v 27.6894112 178.8489075 30.4221668
v 19.9638844 179.3425903 27.0454731
v 15.5566387 177.6152649 25.9299908
v 13.9725580 179.9194794 25.2565575
v -3.5551727 178.7817535 23.9321480
v -8.4667253 178.0839386 24.4972763
v -10.1950912 180.3734589 24.4435596
v -17.6895237 180.1881714 26.2143269
v -25.6438541 179.8293152 29.3345490
v -28.8034630 177.6582947 31.0879898
v -30.3213863 179.1355591 31.8942928
v 103.9945984 179.0394745 36.8839149
v 101.9136505 178.7881470 38.2683182
v 95.9652023 178.8146667 41.4844360
v 88.1741333 179.9347992 44.5339890
v 84.1418152 178.9774323 45.4644814
v 79.8811798 178.5167542 46.1740227
v 74.8851852 179.9704590 46.9213905
v 66.0974045 178.5787506 46.6890297
v 44.5240402 179.2695312 41.0808258
v 31.9260483 179.5590973 32.8850250
v 25.7851467 178.5460358 29.4946995
v 22.3136711 178.2792358 28.0231228
v 6.0527334 178.2718506 24.1885147
v -1.3602951 180.6672821 23.5652828
v -19.0329685 177.8203888 26.8973789
v -23.4142609 178.2119293 28.4636097
v -32.1690254 177.9078979 33.0897446
v 77.6709213 176.7278290 46.2111931
v 75.4061432 177.5351410 46.5283012
v 68.5359344 177.4428253 46.6494865
v 58.7325630 175.0842438 45.2470055
v 56.4937210 176.6993408 44.9984779
v 50.2600784 177.0511322 43.2561836
v 40.5137787 178.1042633 38.8498459
v 38.9831734 175.5361176 37.8293648
v 35.5292397 178.6977997 35.4882393
v 33.4637756 177.7770996 33.9851494
v 26.6879673 176.1354675 30.0945606
v 20.4932880 176.6155548 27.5074120
v 11.0493031 176.6846466 25.0818253
v 8.5466366 177.5630798 24.5770283
v 1.7550964 177.1874390 24.0870457
v -14.8167877 176.6873627 25.8515339
v -21.3960590 176.6768494 27.8257256
v -21.4626217 178.8023071 27.6351814
v -33.7790298 178.9707336 34.1718178
v -33.8203850 176.5353088 34.2456360
v -30.5722351 176.6075439 32.1428871
v -25.3886967 177.2186584 29.4027004
v -16.2686806 178.1835022 26.0396042
v -11.4021893 178.2459259 24.9432201
v -0.8717715 177.9454498 23.9590931
v 13.1284161 178.0567780 25.3033676
v 29.1275692 176.7520599 31.3185177
v 31.2937489 177.1979523 32.5718307
v 38.3157043 178.1536865 37.4692802
v 54.0223999 178.3515930 44.5719261
v 63.5961037 177.3543549 46.2776031
v 70.6763306 178.8591614 46.8931007
v 93.4807205 179.6605530 42.6418610
v 100.1369400 180.0059509 39.3920670
v 100.6228561 177.3516388 38.9750175
v 89.1532745 178.0337830 44.0207405
v 84.0210800 176.1176910 45.1185112
v 82.0409851 177.4403992 45.6816940
v 66.1114044 176.0384827 46.3239288
v 60.8785896 173.4339294 45.3834190
v 52.2716599 176.4417572 43.8414421
v 43.0268478 177.3352966 40.2061653
v 24.3810863 177.0627441 28.9700699
v 22.5567360 175.5453796 28.3630466
v 6.6995735 175.6468201 24.6268501
v -2.9040449 175.8992004 24.3175640
v -27.1687775 176.1867065 30.3382778
v 92.2476196 175.5621948 42.7281265
v 79.8515244 175.7858276 45.8051147
v 72.9562683 178.4218140 46.7912521
v 70.9352722 176.5775909 46.5619011
v 63.5794487 174.3187256 45.8480949
v 48.1181450 176.3331299 42.4060974
v 41.4982414 175.2783813 39.2790909
v 30.6488838 174.8438110 32.2639313
v 18.8771744 174.6377869 27.1921597
v -7.7004375 175.5245667 24.7583733
v -12.7116385 176.2928009 25.4406815
v -21.6861801 174.7382507 28.1193848
v -25.2814999 174.8760529 29.5358868
v 99.1591339 175.3181763 39.6689110
v 96.8673019 173.9165192 40.7023125
v 94.7347717 175.0816040 41.7176437
v 79.7981033 173.0826721 45.4430161
v 77.6543655 174.0766754 45.8368073
v 75.5000534 174.9409790 46.1509552
v 58.6452713 172.4170990 44.8797569
v 52.7823143 174.0370331 43.7305641
v 50.5472641 174.9522552 43.1380234
v 48.7434998 173.4223938 42.3655396
v 46.3251991 174.1994019 41.4984856
v 44.7950172 172.0889587 40.6805305
v 33.0653267 174.3812561 33.7708321
v 28.3775005 172.0126648 31.1793842
v 24.5887699 174.3616638 29.2780132
v 22.3735771 172.6297150 28.5722218
v -0.1473673 175.2087860 24.3538914
v -14.3404694 174.7791901 25.9813995
v -19.2115555 174.7318420 27.2880611
v -23.2678947 173.6786041 28.8081741
v -32.2459259 175.2774658 33.2163277
v -28.8655338 175.1579895 31.2617435
v -23.4465580 175.8930206 28.6826458
v -6.2973528 173.8465881 24.8447571
v 5.0028152 173.8713226 24.7349854
v 16.4435215 174.9665680 26.4710484
v 43.8872414 174.7241516 40.4547882
v 56.5452576 174.0261230 44.6717224
v 68.6210785 175.0631256 46.3059769
v 85.8294601 174.6041412 44.5267525
v 88.1493607 175.5231628 44.0382881
v 98.8472443 172.5604553 39.6811523
v 71.0268478 174.1442413 46.2067909
v 56.1372566 171.1713257 44.2273331
v 54.7009201 173.2665710 44.1512794
v 40.3216209 173.4292450 38.5399704
v 29.9689274 172.9772034 31.9562645
v 28.5819931 174.3281555 31.1558819
v 13.5731220 175.3187408 25.7483177
v 9.9689188 172.7816772 25.4347019
v -8.7933464 173.5901337 25.1618099
v -13.9389238 172.5134583 26.1863117
v -18.2991943 171.7168121 27.3432064
v -20.9736500 172.7802887 28.0666103
v -28.7107086 172.7649536 31.3114166
v -30.5178490 173.9399872 32.2320518
v -33.8357620 173.9440765 34.2882576
v 102.7256927 172.4398956 37.5556679
v 100.6448364 173.4474182 38.7871819
v 92.8277435 173.1661072 42.2903900
v 90.1544342 173.5639648 43.2199554
v 77.7425842 171.5488892 45.4708099
v 68.6876907 172.6843262 45.9610672
v 51.0930099 172.4659424 43.0562363
v 36.9638100 174.3034668 36.4891434
v 26.5981770 173.2304688 30.2525177
v 24.7100010 171.8017731 29.5407391
v 17.3965511 172.4317169 27.0182743
v 14.8887100 172.6651154 26.3711681
v 12.3799925 172.7378693 25.8439846
v 2.4364498 174.5344238 24.4929066
v -1.8729173 173.2519073 24.6604309
v -11.6435423 173.7413177 25.5861778
v -16.3502159 173.5250397 26.6203709
v -24.9651966 172.6766663 29.5794773
v 104.8882599 172.5359955 36.1757812
v 94.9926224 172.4665985 41.4012642
v 87.5637817 172.7861938 43.8743095
v 83.7966843 173.2223206 44.7938766
v 81.8035278 171.8552246 44.9787140
v 75.5440216 172.3372192 45.7735100
v 66.4675674 171.2751770 45.6560211
v 64.6261444 172.1510010 45.6460838
v 60.5538483 171.1883392 45.0224648
v 58.8057404 169.8058319 44.5655403
v 53.4312363 171.6278076 43.6286583
v 38.5930405 172.6747589 37.5046577
v 34.8801003 173.3821564 35.0184059
v 31.8741703 172.6360168 33.0700912
v 19.8001919 172.3250275 27.7297344
v 3.2156837 172.0525818 24.8844585
v -5.1264353 171.3907166 25.0977631
v -9.9493027 171.5232239 25.6048889
v -30.0378342 171.2716064 32.0834961
v -32.1103249 172.5944519 33.2210960
v 97.0255051 168.6749878 40.2592545
v 91.3969421 171.0400543 42.5679817
v 85.5792236 171.7775726 44.2353897
v 78.0033493 169.5667725 45.1686172
v 68.6541138 170.2926331 45.6112366
v 51.5790062 169.9853210 42.9302177
v 49.3012657 170.9095001 42.3194389
v 47.7140808 169.5420990 41.6386757
v 43.4604454 169.8914032 39.9309731
v 36.9439316 172.0232544 36.4402084
v 20.7721939 170.1538696 28.2621937
v 18.3490677 170.1373596 27.5400486
v 13.5071173 170.4862823 26.3517399
v -3.1689932 171.5850677 24.9499378
v -15.7586021 171.4646759 26.7241478
v -33.7146072 171.3961945 34.2430191
v -26.9066086 173.1229095 30.4053078
v -20.4446526 170.7209778 28.1040688
v 0.6366063 172.6188507 24.7289734
v 7.5302315 173.1678619 25.0649757
v 11.0809679 170.6737518 25.8902664
v 23.0942841 170.0066681 29.0723610
v 26.5743408 170.8538208 30.4039974
v 30.1837502 170.9929199 32.1691933
v 33.8608208 171.5226593 34.3426208
v 62.5983200 171.6274414 45.3629532
v 71.0106812 171.7103729 45.8510780
v 73.3221741 173.2393951 46.0240097
v 79.7706757 170.6235504 45.1083717
v 93.4353790 171.1002350 41.8752213
v 100.7402878 171.1062012 38.6290703
v 89.0095062 170.8205719 43.2624855
v 83.7380371 170.4633789 44.4497299
v 81.6971512 169.3035889 44.6545372
v 77.3200073 167.6422729 44.9563560
v 66.3667526 168.8982086 45.3073463
v 64.2895279 170.0316010 45.3153534
v 59.0951385 167.1338806 44.2582092
v 56.5501900 168.2293243 43.9445610
v 40.1906700 171.1727600 38.3690224
v 35.7550507 170.5517273 35.6298103
v 32.1503868 170.0325775 33.3136902
v 28.3461475 169.7265167 31.2957287
v 15.9273882 170.2729492 26.9009781
v 8.5202389 170.8126831 25.5111217
v 6.6315317 169.1959839 25.5364628
v 4.0057931 169.7105560 25.2641010
v -1.1246669 170.7848816 25.0063896
v -11.1780186 169.5864868 26.0518875
v -16.5410919 169.5308380 27.1410580
v -21.2810154 168.8302460 28.5580864
v -27.7131310 170.6109924 30.9416199
v -31.5850563 170.0180359 32.9914742
v 95.0772095 169.9777222 41.1515236
v 79.5418091 168.3839264 44.8270340
v 73.2853699 170.6871185 45.6521072
v 70.8769913 169.2440186 45.4892044
v 61.6269989 168.9447479 44.8638840
v 54.0272789 169.1338196 43.4903831
v 49.5201874 168.5024261 42.1502953
v 37.9978676 170.0054779 37.0643349
v 30.2409382 168.6356506 32.3056870
v 26.4298134 168.5897369 30.5021572
v 24.1498928 167.6692810 29.6631927
v 21.7002411 167.9700775 28.7804909
v 19.3463364 167.9804230 28.0584774
v 16.9304962 168.0059052 27.4103127
v -3.2388501 169.1468353 25.3120499
v -13.8370991 169.9777069 26.4843826
v -29.0554714 168.5512543 31.7165222
v 98.8879623 169.8945465 39.5037689
v 85.7741852 169.1173401 43.8615189
v 79.0840988 166.1514740 44.5701141
v 68.5034637 167.8609772 45.2521667
v 51.8920021 167.5166168 42.7500839
v 34.1184273 169.0276947 34.5438499
v 14.5242796 168.1709747 26.8475246
v -0.3402843 168.3667603 25.3527966
v -18.9293823 169.1545563 27.8123264
v 95.0452805 167.4217529 40.9509735
v 91.2062531 167.0669708 42.2183228
v 86.3636551 166.3354492 43.3982239
v 87.8865051 168.5737000 43.2979927
v 73.0417328 168.0789948 45.2853165
v 54.3429718 166.6077728 43.2707443
v 49.6693726 166.0175781 41.9529037
v 47.0208206 167.2051239 41.1751633
v 34.2142372 166.6913757 34.6295128
v 26.2067547 166.1469574 30.5869427
v 22.4930439 166.1355896 29.2199917
v 18.0765457 165.8292694 27.9471169
v 15.5528975 165.8094330 27.3588467
v 10.5647736 166.6332855 26.3593769
v 7.7176657 167.1753845 25.9311714
v -4.6667142 166.8377838 25.7217331
v -7.4042621 167.1354065 25.9043541
v -15.0641747 167.5148773 27.0407791
v -19.7693443 166.8450165 28.2939301
v -24.5840569 166.2894135 29.9456863
v -29.7003918 166.0154266 32.1514664
v -33.5266266 169.1527710 34.1645012
v -31.4625282 167.7995605 32.9901848
v -27.2218056 166.1443787 31.0174866
v -10.0359392 167.4116516 26.1829052
v 2.2816265 167.8644714 25.4561367
v 4.8639212 167.4298553 25.6483612
v 13.0613384 166.0725708 26.8351936
v 28.2807522 167.3394318 31.4035568
v 30.2377949 166.2206116 32.4124146
v 32.2269020 167.6285095 33.4294472
v 36.0843964 168.1649323 35.8372192
v 40.0640450 168.7303314 38.1875381
v 44.2520561 167.5177460 40.1198540
v 56.7267342 165.7186737 43.6637039
v 58.9315643 164.5317078 43.8908424
v 61.7911758 165.6752777 44.4379921
v 64.1109314 167.5272217 44.9426079
v 81.4648209 166.8516388 44.3570404
v 89.1071243 166.6141052 42.7626991
v 100.7695999 168.4718475 38.4930305
v 104.3360672 167.9535980 36.4638176
v 104.3382339 165.6963806 36.4316788
v 100.7896042 165.8976440 38.3675919
v 97.0297699 166.0777740 40.0713348
v 76.9251862 165.2311249 44.6495934
v 70.6201782 166.7413483 45.1219559
v 68.2526855 165.4448242 44.8925209
v 52.1847305 165.0515289 42.5573349
v 42.5062218 165.6087189 39.2279930
v 40.2170906 166.3210754 38.1674652
v 38.1240807 167.2797089 37.0712242
v 24.0866871 165.0077209 29.8722401
v 21.8979721 164.1591492 29.2080326
v 20.4920959 165.9476166 28.6019859
v 3.2958918 165.5424347 25.8351765
v 0.7154533 165.9987030 25.6978989
v -1.9241245 166.4587555 25.6565056
v -8.7731037 165.2190552 26.3222027
v -13.8277121 165.4907837 27.0480843
v -18.2819366 164.7951965 28.1168709
v -22.9395847 164.2813873 29.5329933
v -28.4143658 163.9032288 31.6716347
v 83.8455124 167.7619781 44.0790405
v 84.6261673 164.8722382 43.5564194
v 80.9048615 164.4595490 44.1109123
v 74.6984634 164.1002045 44.6366806
v 75.0358582 166.7043610 44.9935455
v 64.3237839 165.4412231 44.6659088
v 60.9085045 162.8447266 43.9434586
v 56.7921066 163.6208954 43.4099045
v 47.5651855 164.3896790 41.1148224
v 45.0075874 165.0781250 40.2454758
v 36.1759682 165.7828522 35.8748436
v 32.2645798 165.2260590 33.5154305
v 30.2735901 163.6663208 32.5404930
v 11.3845339 164.1450958 26.8091068
v 8.7370119 164.7910461 26.3718109
v 5.9530592 165.1134949 26.0596294
v -11.4052429 165.4340057 26.6452179
v -16.0565281 165.2179260 27.5390854
v -20.5875397 164.5209351 28.7740669
v -31.7795429 165.3919678 33.2413139
v 95.0086670 162.3048859 40.5478096
v 95.0139389 164.8174133 40.7497864
v 77.0068054 162.5368805 44.2586670
v 67.9275284 163.0794373 44.5399284
v 52.6643944 162.5129089 42.3926811
v 43.2868195 163.1314697 39.4187393
v 32.4976463 162.1642151 33.7295685
v 16.8818779 163.5576630 27.9203491
v 4.4491076 163.1796112 26.2360306
v 1.8226542 163.6954193 26.0549412
v -6.0364418 164.8784485 26.1009197
v -6.1689539 160.7227020 26.7039337
v -31.9177952 162.9141541 33.3938103
v -25.6064167 163.6513519 30.5330982
v -19.0867252 162.3650665 28.5945702
v -14.7609758 163.6576233 27.4589977
v -10.1787767 163.2823486 26.7611141
v -3.3330030 164.4950562 25.9921551
v -0.7361215 164.1168518 25.9743557
v 14.0223160 163.3225555 27.3607025
v 19.4748383 163.7691498 28.5394440
v 25.9112186 163.5033722 30.6675892
v 28.1695156 164.7748718 31.5053024
v 34.2493210 164.3365173 34.6813278
v 36.2107735 163.4249420 35.8714409
v 38.2218781 164.8058777 37.0672188
v 40.5709419 163.5814514 38.2255058
v 50.0979309 163.4883423 41.8203049
v 54.6639328 164.1696930 43.0520973
v 63.5269127 163.4974518 44.3130684
v 72.6843262 165.4869843 44.9130287
v 78.7053146 164.0937958 44.3254547
v 90.8233871 165.0141754 42.1190453
v 98.9160995 164.6411438 39.1788826
v 102.5965881 164.6165924 37.3897476
v 100.8137360 163.3031921 38.2366905
v 96.9542542 163.5023499 39.9214249
v 82.7291031 162.5096283 43.5805817
v 79.9210358 162.2441254 43.9333725
v 65.5239182 162.0071869 44.2585411
v 58.3089561 162.0872650 43.4712334
v 48.1985207 161.8660583 41.0963554
v 45.7803841 162.5982056 40.3417320
v 38.2460289 162.3422852 37.0146866
v 21.0324802 161.8464508 29.1759701
v 15.8904734 161.2082672 27.9822311
v 11.9929285 162.0145569 27.1856174
v 7.1685772 162.6140900 26.5170918
v -7.4644461 162.9986725 26.4907360
v -12.7257023 163.4592133 27.1145153
v -21.4427166 162.2956238 29.2520657
v -27.5833378 161.4907532 31.4620247
v -30.3851833 164.0491028 32.5768280
v 104.4711685 161.4975433 36.2854271
v 102.7301483 162.2362366 37.2375107
v 90.3833542 160.2996979 41.7477951
v 62.9003830 160.8283691 43.8837204
v 55.5165024 161.4703217 42.8962021
v 50.6742249 160.8950653 41.7114563
v 41.8774452 161.2397614 38.7093163
v 34.3840408 162.1246490 34.7805557
v 30.6392841 161.0969086 32.8290558
v 18.4565449 161.4591522 28.5302410
v 9.8291855 162.1894836 26.8597965
v 0.3667819 161.8607941 26.3012600
v -2.1497152 162.2295837 26.2778568
v -11.5419378 161.2816925 27.2154980
v -23.5201817 162.3214264 29.8994408
v -25.0924473 160.9043274 30.5561943
v 101.1597137 160.7316437 37.9559135
v 96.7389374 161.3936768 39.8462219
v 76.1284561 160.1098785 43.9734344
v 69.9434967 161.7952881 44.3964157
v 67.6194992 160.7539673 44.1879692
v 46.6300621 160.4930115 40.4693604
v 44.3253174 160.4329834 39.6467781
v 22.6518764 160.0785980 29.8259048
v 13.5416889 160.6421204 27.6123161
v 8.4024677 159.7379456 27.0377159
v 2.9199245 161.3904724 26.4251690
v -14.0817308 161.5646667 27.5966301
v 95.3520660 159.9773102 40.2375450
v 92.9044418 160.8009949 41.0928726
v 90.2434616 157.9482727 41.5366669
v 80.2500305 158.3679657 43.3587189
v 71.8846054 160.4606934 44.1961250
v 60.2196693 160.4517059 43.5280876
v 48.0345764 156.4306488 40.5428963
v 42.5846024 159.2822418 38.8884888
v 34.0830879 159.9414368 34.6275978
v 15.6154203 157.2614594 28.4108658
v 6.1121488 158.2076416 27.0568466
v 3.8314977 159.0959320 26.7953568
v 1.3994828 159.6174774 26.6427288
v -1.0647336 159.9989471 26.5796509
v -29.4090958 159.4785309 32.3446159
v -31.6713696 160.2566681 33.3521767
v -22.6451206 160.3678589 29.7988815
v -12.8352985 159.1235352 27.6907825
v -8.8643599 161.0634308 26.9045753
v -3.5575497 160.3425293 26.6033974
v 5.5365992 160.7168121 26.6577015
v 11.2260809 160.0357208 27.3353558
v 17.4477882 158.9698181 28.5795498
v 20.1028080 159.5049896 29.1677914
v 30.1205349 157.4410400 32.7613945
v 36.2229652 161.0177002 35.8632050
v 48.7392960 159.0652924 40.9915047
v 53.2009697 159.8167419 42.2188835
v 55.5966263 158.4243317 42.5368347
v 57.8631439 159.5846863 43.0718651
v 65.4058151 159.6245117 43.9103737
v 74.2816620 161.5893860 44.2932854
v 75.5275421 158.0130157 43.7072411
v 78.9243927 160.3515167 43.7714424
v 97.4090347 159.5009918 39.4641495
v 98.7944260 161.7274170 39.0566330
v 103.7220306 159.7351074 36.6555252
v 99.5451279 159.0094757 38.5853081
v 88.2893372 159.3051910 42.1371269
v 69.4791107 159.3738251 44.0372314
v 67.3746185 158.7308044 43.8829613
v 53.6024971 157.0932312 41.9869003
v 46.2485619 158.3387604 40.1635933
v 32.0906982 159.5643311 33.5991898
v 26.7420940 159.0041809 31.2981472
v 24.2734909 158.4015045 30.4821262
v 13.1065073 158.1388855 27.8670750
v -7.5307093 158.7758484 27.0928764
v -10.1807957 159.0283356 27.3353004
v -15.2674761 159.1425781 28.1157284
v -16.8354492 157.4091797 28.6312313
v -28.9410439 157.2711029 32.2698250
v 95.9545593 157.7050323 39.8523254
v 93.8434906 158.3335419 40.5841370
v 91.9517441 158.8454895 41.1798820
v 90.4171371 155.4376068 41.2245445
v 82.5073013 158.6008606 43.0981560
v 77.6423416 158.1191559 43.5792999
v 75.9968262 155.4670868 43.3154488
v 65.6993866 157.3098297 43.5962563
v 51.7620125 155.7832947 41.4387894
v 49.9888916 156.8703918 41.1224670
v 36.1086502 158.6059570 35.7769470
v 21.8407249 157.7651978 29.8074780
v 10.4906645 157.7189331 27.5500393
v 8.1846581 156.8288727 27.4206696
v 2.3345537 157.3632050 26.9921856
v -2.4612832 158.0944366 26.8872223
v -4.9378810 158.4222717 26.9519482
v -25.4877071 156.8353577 31.0111485
v -26.9055500 158.7442169 31.3820858
v -31.2724876 157.2576447 33.2736397
v -33.5148125 158.6511993 34.3397675
v 100.0493164 156.5962219 38.2508469
v 92.2811508 156.8274384 40.8941460
v 68.5076828 156.7323608 43.6283760
v 55.8622894 155.6953583 42.2517281
v 45.6795425 155.8182068 39.7719536
v 35.9956741 156.2537079 35.6972733
v 31.8920174 156.2883606 33.5957108
v -6.2829127 156.4612579 27.3198242
v -16.6478577 154.8762817 28.8890839
v -31.9062634 154.3920135 33.6600380
v -33.5733490 156.0993805 34.4135513
v -11.4098864 156.8233948 27.7892857
v -8.8218670 156.7653503 27.4962215
v -0.0556190 157.7730255 26.8998928
v 13.8731260 155.6740570 28.3045979
v 19.5043888 157.2060547 29.2560768
v 21.3095913 155.4530029 29.8860111
v 23.5307713 156.1140747 30.4498634
v 25.7959976 156.6054230 31.1352711
v 34.0012665 157.4761353 34.6135941
v 37.7288704 157.4501190 36.6219749
v 39.6766129 157.4586945 37.5573158
v 41.8830795 157.4503174 38.5028381
v 44.0188751 157.7771454 39.3432808
v 57.8991776 157.0225220 42.7474480
v 60.9804306 158.8134155 43.3976746
v 63.4667549 155.8264313 43.2284622
v 71.3772202 157.9317780 43.8325691
v 73.7930603 159.1738434 43.9593964
v 81.7154999 156.4802094 42.9194221
v 86.2883301 158.2848969 42.4315605
v 97.9964523 157.2304230 39.0930901
v 104.4240799 156.6223297 36.2339897
v 96.6229782 155.3389282 39.4469299
v 65.9623337 154.8621826 43.2608528
v 49.8075829 154.6968842 40.8516769
v 40.8405418 155.3443451 37.9687729
v 38.2249756 155.2548676 36.8075104
v 29.7342129 155.1909180 32.7057571
v 27.2457600 154.2550354 31.8024979
v 7.8861408 154.3022003 27.7459698
v -1.4762226 155.9024811 27.1849060
v -3.8232198 156.1423035 27.2209663
v -10.0054893 154.7311859 27.9008312
v -25.6267414 154.7229767 31.2216663
v -33.9588089 153.5087128 34.6479645
v 98.4975357 155.2386780 38.7783127
v 80.9065628 153.5616608 42.6289864
v 73.5106125 156.6601410 43.6024208
v 71.0176392 155.2563019 43.4432373
v 60.6386795 156.4764557 43.0382347
v 58.4816666 154.3531647 42.4814644
v 56.0388680 153.0531769 41.9498062
v 53.8156395 154.4418488 41.7252045
v 43.2596245 155.4011383 38.9096031
v 33.9033470 155.0553284 34.5961494
v 16.4032784 154.5587769 28.8836002
v 11.9149246 156.2647858 27.9309750
v 4.3824768 157.0750580 27.1128826
v -14.2844362 156.5077667 28.2652988
v -18.3060360 155.9321442 29.1119194
v -23.1012211 155.8449707 30.3510742
v 102.1830826 152.9069214 37.1941757
v 100.1393661 154.1650543 38.0922661
v 95.0797119 153.4200287 39.7856407
v 92.7211685 154.3577271 40.5367088
v 88.0987854 153.7426605 41.5379829
v 85.9555588 155.7214661 42.1786232
v 77.8500443 153.1681976 42.8596191
v 68.5678253 153.7901154 43.2004890
v 37.7843857 152.7739563 36.5366364
v 31.7812462 153.8774567 33.6211929
v 18.4340992 152.3397827 29.5389175
v -5.1706452 154.1478271 27.5750866
v -7.6074719 154.4898224 27.7009239
v -18.8016815 153.9775238 29.4380188
v -27.9537716 153.6610107 32.0904427
v -29.7087135 155.1374207 32.6840858
v 104.2142181 153.7735291 36.2918167
v 97.7632828 152.8437042 38.8803978
v 90.8319855 152.7520752 40.8449783
v 91.3687897 150.0975800 40.4498367
v 73.2734146 154.0290833 43.2256737
v 53.8393784 151.8380127 41.4196854
v 45.0015640 153.3119965 39.3571854
v 39.8218193 151.5266724 37.3814964
v 33.7785912 152.7293243 34.5662727
v 25.1863956 152.4582214 31.2535419
v 23.0247192 151.2803192 30.7330589
v 11.9691448 151.8781586 28.5206070
v 9.8745117 152.9821014 28.1238785
v 7.5594835 151.8392487 28.0666771
v 1.1325147 153.0995789 27.5906143
v -8.9773197 152.6063080 28.0875587
v -10.9493952 152.9859467 28.2437077
v -17.0769501 152.3404388 29.2693081
v -24.2818813 151.3430634 31.0792656
v -25.9871445 152.3839569 31.5142708
v -14.6966877 153.4885406 28.7108612
v -12.3562517 154.4577789 28.2290974
v -2.7567246 153.9179993 27.5063267
v -0.7003987 154.0052643 27.4540291
v 14.0313816 153.2050323 28.6374626
v 20.9299889 152.9629669 30.0349464
v 23.1615582 153.7747192 30.5471821
v 29.5748730 152.6713562 32.7578201
v 35.8595695 153.9359741 35.6144600
v 47.5145912 153.9099731 40.1661263
v 61.1780586 154.6884918 42.8566971
v 66.2520676 152.3289948 42.9080009
v 75.1711807 152.5381470 42.9375687
v 83.1885376 152.6844635 42.2318039
v 83.5307922 154.8579254 42.4670715
v 100.1552124 151.6129761 37.9447594
v 85.3178253 153.1806335 41.9792404
v 81.8889160 151.0056000 42.1728745
v 76.8398132 150.6625366 42.5808144
v 69.1450653 151.2009430 42.8292542
v 49.5052567 152.1882324 40.5267143
v 47.0607262 151.3970184 39.8167419
v 31.7095070 151.4937134 33.6676750
v 17.6926670 149.7617340 29.6844215
v 9.6120205 150.2169342 28.4784527
v 5.3022127 150.8011017 28.0669079
v 3.3081570 152.0026855 27.8014965
v -1.3007332 151.6489563 27.8069916
v -4.1001949 151.8143768 27.8605537
v -6.5989413 152.1643066 27.9499187
v -12.7521982 152.0565186 28.5994644
v 104.0797272 151.2856445 36.3117218
v 102.1643219 150.7670593 37.1279678
v 93.2416000 151.6802673 40.1447945
v 86.6794586 151.1292419 41.4981422
v 84.2648392 150.9406738 41.8532181
v 79.4141769 150.9825439 42.4283791
v 66.9905777 150.3582764 42.6507454
v 64.2715225 150.6992798 42.5602379
v 60.4063339 150.1412201 42.1550484
v 58.2980537 149.0403748 41.7621613
v 51.5946503 150.6725464 40.8491974
v 42.0027542 149.9971313 38.1358948
v 37.6393890 150.4513397 36.4253769
v 35.6844025 151.6171875 35.5160561
v 29.5695286 150.1671295 32.8797836
v 27.3769665 151.3118591 32.0390549
v 20.4992218 150.1003418 30.2268562
v 13.8538828 151.0034180 28.8917274
v 7.0297132 149.5364990 28.3568172
v -12.6988764 149.6295471 28.9079075
v 103.5467453 148.8095398 36.4817238
v 69.3041000 149.2657471 42.5522995
v 46.7312317 148.9157715 39.5127792
v 41.6539497 147.1974335 37.8667679
v 31.6681194 149.1107178 33.7298889
v 17.2724552 147.3237457 29.8857136
v 14.9655609 148.8712311 29.3225441
v -5.7117090 149.7236786 28.2407494
v -30.1196117 149.4468079 33.1112976
v -25.9818153 150.1383667 31.6792889
v -19.6058846 151.6791382 29.8656044
v -10.6420412 150.9986572 28.4792843
v 1.1840980 150.5130768 27.9679565
v 12.2398195 149.4295502 28.8760242
v 23.1185055 148.7208710 30.9870205
v 25.2487717 149.9488983 31.4646969
v 33.6985397 150.3956146 34.5635490
v 44.5067978 150.7721252 39.0182762
v 49.2250977 149.6794128 40.2124863
v 53.7781296 149.2666931 41.1099510
v 56.0311546 147.8948975 41.3072395
v 62.5201035 149.0562134 42.2031860
v 71.7166290 150.2568359 42.7036781
v 80.7241287 149.2336121 42.0593185
v 89.0835571 150.9692535 41.0311508
v 98.1980286 149.8045959 38.5342979
v 100.7272110 149.1450958 37.6172867
v 89.7435989 148.8701172 40.6697388
v 85.3484039 148.8885498 41.4362717
v 82.8755875 148.9492188 41.7817268
v 78.5226669 148.4259186 42.1459579
v 76.0521545 148.7201996 42.3473892
v 64.8827744 148.2936707 42.2558327
v 60.5368576 147.6832123 41.8337593
v 51.4390450 148.1212463 40.5407829
v 46.4879036 146.4459686 39.2379150
v 44.2179527 148.1982269 38.7412796
v 35.6174202 149.2635956 35.4787827
v 29.5474205 147.7493591 32.9918404
v 27.4232101 148.8008881 32.2165718
v 21.1916370 147.3856506 30.6549759
v 10.2409229 147.5742798 28.8974419
v 1.4051803 148.0072021 28.3358936
v -3.1457207 149.4021454 28.1762924
v -10.2588167 148.5653076 28.7687836
v -14.9812059 148.3093567 29.3986549
v -20.9387131 149.3779907 30.4022160
v -25.5915565 147.9062347 31.7250042
v -27.8838978 148.6100616 32.3783646
v -31.9654655 147.6155701 33.8899231
v 103.9872360 146.3206024 36.2545319
v 96.1929855 147.9441528 39.0223694
v 93.7205505 148.9551239 39.7721214
v 86.4474258 146.7293091 41.0054016
v 81.1041794 147.2141418 41.7504044
v 74.0419846 147.2417908 42.2169800
v 71.5466919 148.2697296 42.4162178
v 62.9497299 146.5941772 41.8881950
v 53.6879654 146.6494751 40.7893677
v 48.9980087 147.1831665 39.9162521
v 44.0740776 145.6553650 38.5218315
v 39.3443565 147.0462799 37.0315819
v 33.6556282 148.0141296 34.5844231
v 25.3530025 147.4931641 31.6841564
v 12.6985102 146.9314270 29.2589359
v -27.3460331 146.6408997 32.3283348
v -33.8230667 148.6981201 34.6475067
v 101.6214981 146.8881073 37.1922760
v 98.8572845 146.9134674 38.1444778
v 76.6885223 146.9988098 42.0647125
v 69.5295868 147.3865509 42.2838860
v 58.2639923 146.5445709 41.4294777
v 55.9661407 145.4013214 40.9888039
v 31.5993786 146.7007141 33.7845955
v 19.3855782 146.0835266 30.4148426
v 1.2859706 145.5777283 28.6947689
v -2.3185952 147.0292664 28.4988632
v -4.7734451 147.2627258 28.5492764
v -29.5948429 146.4698334 33.0692444
v 100.3492966 145.1657867 37.5642090
v 96.3935318 145.2879333 38.7628250
v 90.0561981 145.2118988 40.2109070
v 78.7991943 145.4175415 41.7015572
v 71.3014450 146.0419922 42.0935936
v 63.4293175 144.0507050 41.5645828
v 46.2552681 143.9533539 38.9769478
v 42.1852722 144.8410645 37.9092216
v 37.7161369 145.4314728 36.3537483
v 33.5704803 145.5883636 34.5898170
v 25.4784775 145.0715027 31.9046688
v 21.5432453 144.9389801 30.9721794
v 17.3955860 144.9026794 30.1864300
v 13.1004381 144.4791565 29.6253281
v 5.5264988 144.8193970 28.9318237
v -21.0165825 144.9464264 30.8656521
v -23.5284252 144.1719818 31.4924564
v -31.7561016 144.7991943 33.9025383
v -14.7883110 145.8735657 29.6738739
v -10.0769930 145.9970703 29.0989056
v -7.5912428 147.4106903 28.6921616
v 15.1040382 146.0473480 29.6908436
v 23.4020576 146.2185669 31.2794456
v 27.4438877 146.3858643 32.3783531
v 29.4734535 145.3330536 33.0858078
v 35.6028137 146.8293762 35.4683380
v 40.1791000 145.1405334 37.2645226
v 51.2501831 145.5000305 40.2175293
v 60.5233269 144.9136810 41.4554710
v 65.5438919 145.7686768 41.9283714
v 81.8938293 144.8683472 41.3546715
v 83.7823792 146.7871094 41.3861237
v 91.4620819 147.2672882 40.1356201
v 104.2938309 144.0731201 36.0910263
v 102.2457962 144.6821442 36.8829422
v 75.8478546 144.9857635 41.8223877
v 68.4835052 145.1142578 41.9336166
v 58.7766914 142.6309204 40.9771233
v 56.2748299 143.0829468 40.7402039
v 53.5769463 143.7622223 40.4361496
v 48.7233047 144.6843109 39.6156082
v 31.4598675 144.2592163 33.8154678
v -3.6949968 144.8802490 28.8513775
v -12.4816303 144.3185120 29.5724716
v -19.0565014 143.0758972 30.6807404
v -25.8546886 143.1366577 32.1520386
v 94.1818237 143.7225037 39.1915474
v 87.8462067 144.7007294 40.5419006
v 82.6798782 142.9029083 41.0111504
v 77.3229980 142.8965607 41.4463005
v 66.0797043 143.2353210 41.5911064
v 61.3834190 142.2325745 41.1636047
v 50.7993050 142.9125519 39.8609848
v 43.7808723 142.9640198 38.2541275
v 41.2783089 143.0026093 37.5260506
v 38.9541588 143.0787354 36.7570648
v 35.4519348 144.3939972 35.3990974
v 29.3243256 142.9565887 33.1580429
v 27.4449558 144.0207367 32.5307617
v 23.6278992 143.7819977 31.5456944
v 19.6295910 143.7049255 30.7156696
v 15.3291864 143.6656799 30.0155582
v 9.0760040 142.8431244 29.4420662
v 3.1646357 143.9878540 28.9601402
v -8.1785097 144.9689484 29.0792789
v -9.7656307 143.4971771 29.4105511
v 88.7758560 140.4268341 39.9055443
v 80.1210251 142.6138458 41.2096748
v 73.3058548 144.5077209 41.8391457
v 70.9311600 143.5771179 41.7329826
v 63.9735451 141.5518036 41.2437363
v 48.3501205 142.2252045 39.3056221
v 42.3332710 141.0635681 37.7350273
v 33.4077682 143.1432037 34.5708084
v 25.6588631 142.6930847 32.1346245
v 21.7639732 142.5221710 31.2515774
v 13.5878267 142.4898376 29.9384270
v 11.5253334 142.5654755 29.7028618
v 6.9755058 143.1626282 29.2504997
v 4.9775181 142.2443237 29.2779102
v -26.1509304 140.5385284 32.4167519
v -31.6492596 142.4779053 33.9389877
v 104.7580872 141.8822021 35.8738365
v 92.2217789 142.4863586 39.5018921
v 86.9590759 142.3230438 40.3960190
v 76.1304779 140.5323334 41.1682053
v 74.8270493 142.5899353 41.5181732
v 66.4296188 140.8218842 41.2539520
v 62.1803741 139.7144012 40.8724632
v 59.6851425 140.1237640 40.7316971
v 44.2587814 140.1605988 38.1915283
v 35.2856750 141.9786377 35.3268776
v 28.8894119 140.6715240 33.1442528
v 27.4846039 141.9992218 32.6720695
v 23.8518715 141.3691711 31.8064079
v 19.7822933 141.3212128 30.9952450
v 12.9275169 140.2877502 30.1461792
v -2.1336927 142.4136353 29.1709652
v -11.5209818 141.6970673 29.8162441
v -14.0275154 142.0690765 30.0434914
v -16.4360561 142.4074707 30.3294125
v -23.9451370 141.5915527 31.8087654
v -32.8908043 140.2507172 34.4393158
v -29.8623600 143.5551910 33.2985115
v -21.6871548 142.4819946 31.2423458
v -20.1619053 140.9178314 31.1028557
v -7.4775190 142.9593048 29.3109283
v -5.1345477 142.7128754 29.2187862
v 17.5581932 142.5316772 30.4859734
v 31.2177715 141.8019867 33.8216286
v 36.9682274 143.1721802 36.0155563
v 46.1252098 141.4180450 38.7392426
v 54.5331879 141.3504791 40.2923088
v 56.9979401 140.3355408 40.4829788
v 68.6052856 142.2898407 41.5245323
v 78.2285843 141.0152130 41.1258278
v 84.8610916 144.2803802 40.9296761
v 96.3031235 142.5928192 38.5804291
v 98.6154099 141.5396118 37.8913918
v 84.4467087 141.6448364 40.6476784
v 79.9070740 139.9458008 40.8579330
v 72.7366638 142.3914490 41.5438118
v 70.9287338 141.1885529 41.3837471
v 52.4456596 141.5192413 39.9933090
v 33.1732559 140.6519928 34.5356522
v 26.2662525 140.2304230 32.4688759
v 21.8862324 140.1391907 31.5043221
v 17.6627922 140.1662903 30.7727451
v 10.1493750 140.4495850 29.8587189
v -28.0573978 142.0459595 32.8280373
v 103.4800415 140.1505127 36.2988358
v 102.7204361 142.3963318 36.6353683
v 68.7031708 139.9510345 41.1851654
v 39.6628418 138.7570801 36.8282776
v 37.5131454 140.7978363 36.1727257
v 30.6961327 139.0543213 33.7692337
v 4.3954353 139.6536713 29.6278133
v -2.0515220 140.1808014 29.4914303
v -4.2219667 140.4264069 29.5110588
v -6.6348476 140.6780243 29.5819626
v -9.0234051 141.1196442 29.6777992
v 101.7396088 138.5576935 36.8288460
v 79.6141586 137.4606628 40.5401306
v 77.7382050 138.8191376 40.8459740
v 73.4129333 140.1268158 41.1961555
v 70.9008331 138.8934631 41.0478287
v 63.1395645 137.3407440 40.6024132
v 51.5780258 137.4392548 39.4047546
v 37.0713844 138.2488556 35.9733810
v 28.0352459 138.4087372 33.0522499
v 25.8769150 138.0448608 32.5388298
v 21.9710617 137.7720795 31.7469845
v 17.7863827 137.7410583 31.0672073
v 11.3053169 138.5330811 30.2146511
v -0.8015798 138.4894867 29.7247353
v -24.2136364 139.0464630 32.0830879
v -28.7682743 136.8413391 33.3216019
v -13.1492004 139.9160919 30.2185001
v 6.3751783 137.7583923 29.9829597
v 15.4699507 138.9792633 30.6074123
v 19.8717575 138.9378052 31.2613182
v 23.9776306 139.0206451 32.0363274
v 35.1287193 139.5014648 35.2692947
v 46.4931602 138.6318512 38.5857048
v 58.3871155 137.8246307 40.3052673
v 64.6559982 139.1784058 40.9444389
v 66.7958603 138.8781586 40.9840279
v 81.7240372 138.5569000 40.5243378
v 83.8857956 139.3388824 40.4170189
v 91.3090134 140.6766663 39.4949760
v 93.1831818 138.9552002 38.9790001
v 99.1713562 139.0579834 37.5914154
v 103.9710922 137.7721558 36.0920029
v 68.5713730 137.7580872 40.8632584
v 56.0725403 137.7752686 40.0553360
v 44.8990288 137.4402924 38.1315384
v 32.9131012 138.0678864 34.5018082
v 13.3716078 137.6127167 30.5351524
v 9.0751476 138.1974487 30.0812111
v -3.2780154 138.2784424 29.7940483
v -5.7336588 138.3929901 29.8635235
v -8.2022676 138.7807922 29.9455261
v -10.7027082 139.3585052 30.0544529
v -14.4889221 138.4377747 30.5560970
v -19.8129463 138.4966278 31.2985096
v -22.2687550 137.6571808 31.8156414
v -30.8108444 138.4128876 33.8172455
v 102.2166748 136.5939636 36.6133842
v 100.0598984 136.7967072 37.2331505
v 81.5855179 136.2048645 40.2211952
v 75.1165466 137.6771698 40.7949829
v 65.8753510 136.8525085 40.6603203
v 59.4794769 135.5966492 40.1082191
v 56.8299408 135.4266815 39.8395500
v 41.8607750 134.6506042 37.2484856
v 35.0058594 136.9848633 35.2339478
v 24.1567001 136.7666473 32.2670097
v 19.9454842 136.4927521 31.5300179
v 15.7142916 136.4690857 30.9449463
v 11.0687399 136.1783295 30.5111599
v -24.4215069 136.5452423 32.3363686
v 79.3790131 134.9576263 40.2082977
v 77.3667145 136.1941833 40.4911613
v 72.7129135 137.7880096 40.8710480
v 70.7715912 136.6363525 40.7168999
v 65.9947128 134.2233887 40.2851295
v 52.0637665 134.7161560 39.1806870
v 47.2260170 135.9995880 38.5096245
v 37.4124603 135.8050537 36.0425644
v 32.7393646 135.4767456 34.5026283
v 26.7562103 136.0223236 32.8909454
v 22.0928459 135.3692169 31.9989281
v 13.6655540 135.0625000 30.8923874
v 2.7501333 134.3445587 30.3548222
v -2.0260887 136.1921692 30.0728607
v -7.3519192 136.3741302 30.2303638
v -16.7722626 137.8762970 30.9078598
v -18.7289009 135.9614716 31.4007664
v -22.4545403 135.3214264 32.0674171
v -31.1299152 135.8328857 34.0131149
v -33.1997986 137.3748932 34.6030502
v 101.1502762 134.6946259 36.8426895
v 93.3442078 134.5521393 38.5384827
v 86.9516983 135.5798035 39.5989990
v 84.0665283 135.1199036 39.8542061
v 81.4735107 133.7542725 39.8997498
v 77.1098099 133.6328125 40.1384048
v 63.9651909 135.3386536 40.3648796
v 58.3743668 133.8491516 39.7850990
v 56.4611053 132.8471680 39.4793282
v 37.2815933 133.0930481 35.9511490
v 28.6152973 134.6001434 33.4095116
v 19.9893894 133.8859253 31.8086662
v 7.7018609 133.6921997 30.6253586
v -0.4206622 134.1374054 30.3608551
v -26.7032261 135.3133087 32.9191360
v -29.0619144 134.2890625 33.5325928
v -33.3649178 134.9211426 34.7058296
v -20.7112350 136.4007111 31.6636105
v -11.9897480 135.3284607 30.7043495
v -4.7103333 136.1161652 30.1517086
v 8.3127384 135.9049530 30.3501987
v 11.7015162 133.5481567 30.9146729
v 15.8468008 133.9138031 31.2695217
v 17.8806419 135.2043304 31.3703442
v 45.4516792 134.7156372 38.0519333
v 52.5196075 132.6366425 39.0136452
v 54.1493454 136.2123413 39.6309624
v 61.8220558 135.3881073 40.2513618
v 98.5342026 134.6906128 37.4928513
v 103.7836990 135.0717316 36.0948830
v 92.1932831 132.3389282 38.5162582
v 79.0977097 132.5152893 39.8836288
v 72.9730377 135.6879730 40.5595589
v 70.8093033 134.2829590 40.3727989
v 66.1556396 131.7268524 39.9315186
v 60.4524193 133.4718781 39.8979454
v 54.4035873 133.8965149 39.3885765
v 39.6413689 133.9815521 36.6404839
v 34.9880829 134.4035339 35.2358322
v 22.2586193 132.8484192 32.2655220
v 9.7517281 134.3221130 30.6632481
v -6.3035483 134.0082397 30.5167961
v -14.1260805 133.8348999 31.0929031
v -18.3015366 133.4010315 31.6248226
v -20.4676056 134.3259888 31.8360806
v -24.5835381 133.9532471 32.5793457
v -31.2847023 133.3561707 34.1504364
v 99.7342911 132.4492950 37.0901794
v 89.9789734 131.5663757 38.7539253
v 68.5161133 133.0098267 40.1673050
v 63.3256378 133.0599670 40.0105400
v 50.3973885 132.8273163 38.7435417
v 47.9773369 133.5193939 38.4247894
v 46.0964928 132.0521851 37.9673500
v 43.8618965 133.1891937 37.6157417
v 13.9279137 132.4410248 31.2526569
v -3.4614296 133.6053162 30.4780598
v -9.2576017 134.0738373 30.6629047
v -11.8348799 132.7061768 31.0349503
v -15.9386225 131.5793915 31.5580425
v -22.4319668 132.8301392 32.2954979
v -29.4172497 132.2112122 33.7312202
v 86.1011887 133.1276093 39.3993263
v 78.7789230 130.2033386 39.5767059
v 73.0877457 133.1502686 40.1876602
v 71.0198059 131.8045044 40.0084572
v 63.9159317 130.2766724 39.6435623
v 61.1776199 131.1302795 39.6245117
v 54.2716751 131.4855347 39.0887070
v 51.7914009 130.2426605 38.6567802
v 44.2200165 130.7045593 37.5160561
v 28.7028217 131.7206879 33.5891075
v 22.9164162 130.3459320 32.6038399
v 15.8651981 131.6401215 31.5445423
v 6.6998105 128.7571259 31.2759190
v -3.7141917 130.8652344 30.8803978
v -5.4108248 132.0659485 30.7570038
v -7.5149760 131.8015442 30.8813972
v -17.4412270 130.6221619 31.8377934
v -24.5473557 131.2272797 32.7961540
v 7.2774100 131.3020935 30.9397202
v 11.8474512 130.9158020 31.2717819
v 24.3226395 132.1743927 32.6834526
v 30.9784355 131.8093567 34.1250153
v 32.7542953 132.9947052 34.5655823
v 37.4153519 130.5311737 35.9446106
v 39.2101860 131.8209991 36.4482918
v 58.6161079 131.8716583 39.5439072
v 75.1142197 134.7408600 40.3717384
v 81.1196518 131.3161316 39.5959282
v 83.5905762 132.3097076 39.5373497
v 94.4524155 132.3977814 38.1511765
v 97.0806732 132.4139862 37.6566238
v 102.2973709 132.5469360 36.4554062
v 100.9486771 130.2399597 36.6995811
v 95.6449051 130.1703644 37.7579575
v 68.7374496 130.5643616 39.8161964
v 61.7965279 128.6046600 39.3106117
v 56.5100899 130.4176941 39.1786270
v 42.4261627 129.0533142 37.0560150
v -9.8625402 131.2454224 31.0891609
v -11.8066750 130.5160828 31.3214092
v -27.0682087 132.3695374 33.1983109
v -31.0104237 130.9556732 34.1682091
v -32.6713409 129.2436676 34.6327782
v 90.4055557 128.8566132 38.4076729
v 83.0335922 129.9096832 39.2703285
v 80.6579208 128.9998779 39.3089943
v 76.5658569 128.9335632 39.4898987
v 75.0802231 132.4863739 40.0451508
v 66.5104904 129.2605438 39.5856743
v 59.0343857 129.4454193 39.2557602
v 54.4142151 128.9873657 38.8075180
v 48.5941696 130.6702423 38.2579002
v 35.0167542 131.7454376 35.2529106
v 32.8108864 130.5716858 34.6366920
v 30.6386986 129.8347931 34.1239738
v 21.2513618 128.2876282 32.5594215
v 14.5979795 129.6514130 31.6675911
v 9.3402309 129.3240204 31.3230343
v -2.0627494 129.5720520 31.0409603
v -5.9145188 129.9679413 31.0753822
v -26.5711594 129.4973145 33.2931252
v -28.7569103 130.2733765 33.6808701
v 103.6617203 130.2025909 36.0265617
v 101.9484787 128.2554932 36.3904762
v 98.3576813 130.1730804 37.2497749
v 94.4361725 127.9665146 37.7716179
v 70.9906235 129.6426849 39.6908112
v 28.5661373 128.8294830 33.7217255
v 25.8751354 130.1420593 33.1229248
v 18.9197178 128.5358429 32.2414207
v 17.3149700 130.0791473 31.8844643
v -8.2366991 129.4049377 31.2526245
v -15.3708591 128.6585388 31.8560085
v -19.9246979 129.2023010 32.2902222
v -22.2682610 130.1823120 32.5205383
v -30.2871799 128.6449738 34.0894737
v 97.1109695 127.9918900 37.3379135
v 84.4715881 128.4560242 38.9707680
v 82.4735107 127.6231155 39.0107384
v 73.7525406 130.2223053 39.7502556
v 64.4554901 127.8515244 39.3217010
v 59.5692139 126.5919571 38.9125366
v 52.6689262 127.3308563 38.4348297
v 48.4484978 125.9926682 37.7973518
v 43.2271461 126.6764603 37.0637741
v 40.5790482 127.1546402 36.5816574
v 32.5216637 128.2648621 34.6197701
v 30.5323887 127.8891525 34.1809006
v -17.7103729 128.4579010 32.1124535
v -28.2641830 128.2383118 33.6953850
v -24.2872658 128.4897614 32.9828835
v -12.8547583 128.6131439 31.6496487
v -10.5293407 128.8863068 31.4515400
v 23.9506531 127.8373337 32.9818649
v 37.9998207 127.9138107 36.0338097
v 39.8817825 129.6989899 36.5380058
v 44.9511032 128.4774323 37.4836235
v 56.8077812 127.9376526 38.8920288
v 66.6132431 127.1993790 39.2903137
v 78.5751114 128.2622223 39.3148270
v 89.7743683 126.1717987 38.1952782
v 99.7473602 127.9843216 36.8464661
v 95.8771896 126.0105667 37.3906212
v 86.4726257 128.0139923 38.7424660
v 79.8809280 126.5421982 39.0134659
v 72.0025253 127.6169968 39.3919640
v 65.1665192 125.5380478 39.0138779
v 56.7584572 125.4722672 38.5765800
v 54.8826256 126.8368759 38.5942650
v 26.6530895 127.1074753 33.4780884
v 19.2657280 126.2536545 32.5302391
v 16.7628078 127.7147293 32.1039734
v 12.3217564 125.6034088 32.0054016
v 10.0359392 126.5285950 31.7445889
v -6.5786839 127.5037613 31.4497051
v -9.0071497 126.9591293 31.6297607
v -11.5100031 126.4705658 31.8372936
v -21.8801517 127.5391998 32.7158356
v -26.4900761 126.6124344 33.4823074
v -29.2467747 126.3993607 33.9891586
v -31.7132835 126.8396988 34.4732475
v -33.9640465 127.2891083 34.9959106
v 98.5481567 125.8402176 36.9442596
v 93.5868835 125.9792328 37.7179413
v 69.0461655 127.8962555 39.4281311
v 67.7443466 125.3682938 39.0449753
v 62.5889740 126.1607895 39.0104523
v 51.0503769 125.4490585 38.0540390
v 34.1470871 126.3030014 35.0558815
v 31.7007446 126.2308655 34.4969177
v 24.7873039 125.2541656 33.3217545
v 22.1917400 125.9555893 32.9067574
v 20.6574020 124.4300385 32.8714104
v 13.0005169 123.2616501 32.3514938
v 8.3104591 124.9404984 31.8786640
v -14.1538544 126.2266312 32.0550117
v -19.4464264 126.6332855 32.5065575
v -23.7666931 125.9379272 33.1217880
v 103.9353790 124.7192535 35.8462715
v 77.9217148 124.5255508 38.8155098
v 72.9810104 125.1781998 39.0278206
v 61.1877785 122.2380981 38.4052467
v 58.9443359 123.8000641 38.5046272
v 53.9728928 124.7010574 38.2570343
v 40.0557137 122.8397369 36.2970543
v 29.6851578 121.9623184 34.2857513
v 6.4539938 123.5021439 32.0131912
v 2.4948220 123.6461639 31.9091759
v -15.7681389 123.9058914 32.4659157
v -21.4424019 125.0333557 32.9033661
v -23.1934452 123.9488525 33.2171898
v -33.3083992 124.9775391 34.8775406
v -16.8596172 126.2199783 32.2844162
v 14.3655596 124.7552567 32.2537498
v 22.7949581 123.6953354 33.1912918
v 27.6392899 124.1986618 33.8332253
v 38.5911942 124.9693832 36.0900536
v 41.4356918 124.7149734 36.6309395
v 44.0886421 124.3652115 37.0478745
v 49.2622719 123.5975189 37.6689644
v 66.1585770 122.8847656 38.6571503
v 74.6240845 127.2373199 39.3014526
v 82.0633545 125.6065903 38.7672768
v 84.4975815 126.0844345 38.6661758
v 97.0114212 123.8988876 37.0644035
v 85.6333847 123.2419510 38.2266350
v 80.9301987 121.8712082 38.3250847
v 78.5660400 122.3048782 38.4814529
v 76.4408417 122.5531616 38.5800705
v 56.4516563 122.9633713 38.2400703
v 51.8029556 122.9233322 37.8574409
v 42.2738953 122.3129272 36.6403961
v 35.7538948 123.8946838 35.4433327
v 33.0655899 124.2290649 34.8426933
v 20.5899639 122.4439697 33.0678253
v 15.8039312 122.7454758 32.6093483
v 10.5409784 124.0124893 32.1117249
v 4.3584328 122.1778030 32.1515198
v -7.3676367 125.0264053 31.8288879
v -30.7768631 124.3076019 34.3753166
v 101.9262238 123.0599747 36.1971664
v 99.5644684 123.5857925 36.6403503
v 97.8602753 121.7838135 36.7948647
v 74.0378342 122.8242569 38.6705818
v 34.0819435 122.3565063 35.0842896
v 11.1928263 121.3042603 32.5084801
v 8.6369152 122.3985443 32.2445068
v -3.6876009 123.3200684 31.9743519
v -5.8643270 123.5223846 31.9940014
v -7.8568206 122.2470932 32.2401848
v -10.6274548 121.6006317 32.4412422
v -25.2614212 124.0821838 33.4818230
v 95.4855881 121.9494781 37.1242905
v 92.8857117 121.8895187 37.4209366
v 87.6520462 121.3273315 37.8458519
v 70.0562592 120.9021225 38.4116859
v 58.5512810 120.8540192 38.0936394
v 56.1385727 120.8409500 37.9533386
v 45.0081749 121.8973846 37.0007057
v 40.1570854 120.2450485 36.2067261
v 35.7390556 121.0769730 35.4335594
v 32.0592995 122.1993179 34.6889915
v 18.3323231 121.3116302 32.9784203
v 6.5254869 120.7232437 32.4109802
v 2.1489978 121.0860901 32.2792511
v 0.3862296 122.6914291 32.0343628
v -1.7277168 121.7716141 32.1757660
v -5.4226208 121.4850769 32.2740097
v -8.8487959 119.5943069 32.6425400
v -12.8188915 123.6345291 32.2921257
v -14.8641596 121.9450150 32.6390877
v -17.1683006 121.5738068 32.8542557
v -21.6161919 122.6140823 33.1570854
v -23.9821415 122.1124191 33.4742012
v -26.1221886 122.1187973 33.7490311
v -29.9607124 121.5732727 34.3548393
v -32.7381554 122.2383728 34.8162460
v 85.3756332 120.5056076 37.9045792
v 81.4357071 119.6399536 38.0013313
v 79.0517349 120.0806732 38.1535530
v 72.7612839 120.4021225 38.3321800
v 67.9496841 121.2305069 38.4450340
v 66.1520538 120.0697708 38.2499619
v 61.3866501 119.5051575 38.0369110
v -13.1190100 120.6706390 32.6920280
v -15.5662537 119.7386398 32.9562912
v -19.7972965 120.9472809 33.1460838
v -22.5156269 119.8978653 33.5092545
v -31.2730808 120.0400925 34.6298752
v -25.2978363 120.0620728 33.8039207
v 8.3984480 119.8456650 32.5937729
v 13.9400864 120.9183655 32.7098007
v 16.3336506 120.0065689 32.9762115
v 20.6098080 120.1080780 33.3066864
v 24.9944363 120.4101715 33.7380524
v 43.1093788 119.6908112 36.6003227
v 49.9805031 121.0949860 37.4912262
v 54.5528412 119.5378189 37.6902809
v 98.3155365 119.7220459 36.5939980
v 102.1281662 121.0536041 36.0922928
v 103.5262146 119.4297104 35.8053856
v 100.1088257 121.3640671 36.4290428
v 96.0607147 118.0501938 36.7459259
v 94.2796173 119.8664474 37.0892868
v 89.1456146 119.4871216 37.5213737
v 85.1870804 118.3027039 37.6402359
v 75.0048294 119.0540771 38.1079788
v 68.3951035 119.1633835 38.1487045
v 54.8039360 117.0483932 37.4076233
v 52.6963310 118.0310135 37.3872261
v 50.8646507 119.0185699 37.3554726
v 41.2362061 117.6235733 36.2401085
v 14.6310225 118.5675354 33.0443420
v 12.6914463 119.4063263 32.8323593
v 4.0686741 119.5218201 32.5303955
v -0.0153055 120.1341629 32.4086189
v -3.5408971 120.9401245 32.3171539
v -6.8136954 120.0070419 32.5217667
v -20.3752918 118.7056808 33.4315262
v 103.8800430 116.5891190 35.6923065
v 101.4580383 117.2625732 36.0521660
v 100.7753220 119.4101410 36.2377548
v 91.6857147 119.6789627 37.3277283
v 79.6621933 117.7187195 37.8040276
v 70.7258759 118.4752426 38.0586929
v 66.5375061 117.5113449 37.8873940
v 64.0529785 118.5001907 37.9801445
v 56.6814728 118.7222977 37.7187958
v 35.2802544 118.6281281 35.3434181
v 30.8708115 117.6992035 34.6579247
v 24.8038216 118.0215225 33.9050674
v 22.8118992 119.1163788 33.6141319
v 20.7840443 117.4054413 33.5947151
v 18.5634575 118.8638229 33.2678337
v 16.7895813 117.5832520 33.2916679
v 6.6356702 116.9916534 32.9441376
v 3.9273841 116.8945770 32.9109077
v -29.3648148 119.0303345 34.3887711
v 59.3131180 115.1052704 37.3661156
v 39.0593643 117.9611282 35.9555473
v -0.4326229 117.5847778 32.7825356
v 95.9215164 113.6873856 36.4251671
v 80.4671631 115.2531128 37.4392967
v 73.3109512 114.9126434 37.5287056
v 71.1497803 116.0296478 37.7014275
v 64.4052582 115.8651352 37.6129036
v 61.9680748 114.3044128 37.3380890
v 45.9905624 115.5646133 36.6170349
v 26.0252361 113.9794998 34.3323174
v 15.0912600 116.1497116 33.3675537
v 1.4575895 115.8584747 33.0384521
v -2.7172809 116.8751526 32.8988991
v -7.4504404 115.2583847 33.2087059
v -9.8984289 114.4641495 33.3822746
v -11.8037977 116.2083740 33.2132187
v -16.3413315 117.1215210 33.3210907
v -33.2882576 116.8577576 35.0273247
v -24.5584316 117.6822281 33.9089050
v -22.0400505 117.1063995 33.7310944
v 10.7835255 118.7556915 32.8310280
v 12.8633795 117.3101044 33.1126900
v 18.6601505 116.7708817 33.5071220
v 28.7169724 117.2484131 34.3976173
v 33.0465050 118.0555725 34.9696121
v 50.2691078 116.6930237 37.0664787
v 68.9173965 116.7669220 37.8034401
v 75.3012161 116.4756165 37.7316017
v 85.0903091 116.0181198 37.3594170
v 91.8390198 115.7023544 36.9181480
v 97.1334152 115.7812881 36.4683914
v 101.8719788 114.8172379 35.9064941
v 99.5515137 115.4726181 36.2000923
v 56.9266510 116.0699463 37.3959045
v 52.7686043 115.4509888 37.1009827
v 50.6351280 113.8093948 36.7938499
v 41.8697128 115.2073212 36.1863823
v 39.3317223 115.8654785 35.9178848
v 37.1063042 117.0474243 35.6403275
v 24.4331512 115.6607132 34.0639305
v 22.1813354 115.1257782 33.9259872
v 13.2074041 114.7983322 33.4518166
v -3.0294847 114.2578278 33.2821426
v -14.3042307 115.2868652 33.4374466
v 98.0323029 113.9422989 36.2629547
v 94.5108261 115.7493362 36.7063866
v 90.6938858 113.4623184 36.7647820
v 88.1638184 113.2930603 36.8818130
v 87.0812149 115.1174927 37.1498985
v 77.8101120 115.6443253 37.5643616
v 69.5441818 114.7448425 37.5117188
v 67.1425171 114.6046448 37.4744797
v 57.0956268 113.3868713 37.0617867
v 48.2176247 114.7425003 36.7240562
v 44.1391602 114.4021988 36.3626862
v 19.7591400 114.9035568 33.7818985
v 15.5764208 113.5425491 33.7097740
v -21.5098171 112.5354004 34.1304970
v -26.5239792 115.8122635 34.2477112
v 97.6711273 111.6088257 36.1367531
v 93.3142319 113.5846558 36.6081696
v 50.9382286 111.2380905 36.5429306
v 29.9464073 113.1369934 34.7438087
v 21.2185574 112.7219925 34.0941162
v 18.2906666 112.4036102 33.9705849
v 13.5611486 112.1266708 33.8090553
v 7.4489541 113.5360565 33.4505043
v -33.4026642 113.8655090 35.1018028
v -31.0317554 115.3057938 34.7706718
v -19.1937847 113.4251633 33.9068260
v -5.4699469 113.4835205 33.4229240
v 3.5517185 114.3062363 33.2800369
v 11.2848272 113.6440048 33.5342255
v 34.2667503 113.6566544 35.2157478
v 64.4807281 113.0183716 37.2093735
v 71.3114166 113.6541901 37.3534508
v 73.3133926 112.3271713 37.1515045
v 75.7528305 113.3683472 37.2778473
v 78.8995743 112.7064972 37.1294861
v 81.3080139 113.2716141 37.1472054
v 85.4649658 113.4126358 37.0192261
v 104.1157303 114.1479416 35.6112099
v 83.1660309 112.3482132 36.9689331
v 64.3348770 109.7969360 36.7483902
v 59.5595016 112.5860443 37.0375786
v 48.5271950 112.0995178 36.4990273
v 44.0285072 112.0263290 36.1880417
v 38.9538002 110.8657379 35.7047920
v 36.8244820 112.3098450 35.5226974
v 27.6561241 112.1762695 34.5905533
v 23.7294559 113.2393951 34.2100067
v -10.4749203 111.8961029 33.7473526
v -12.3370275 113.5410309 33.5832100
v -14.8673658 112.4183731 33.8181305
v -30.5705509 112.6383896 34.8291893
v 94.9034195 111.4551010 36.3158073
v 92.2526398 111.3484726 36.4619255
v 87.0175552 111.1443558 36.6807404
v 84.8880844 111.2692108 36.7720757
v 76.8439102 110.5551605 36.8606110
v 74.8825989 110.9652710 36.9414825
v 71.2456818 111.2115326 36.9953842
v 66.8336563 111.5771790 37.0313797
v 55.0933075 111.8493576 36.7940102
v 34.6284790 110.9683838 35.2799683
v 31.9198322 111.6547546 34.9931793
v 22.9228592 110.7351303 34.3831596
v -0.7667351 109.8905487 33.9088478
v -25.3932400 111.0657806 34.5049896
v 57.3979836 110.6052170 36.7152786
v 49.0043335 109.5945587 36.2851257
v 46.2280922 110.2421036 36.1981888
v 43.3695488 109.6553421 35.9840927
v 31.2138844 108.4264908 35.0451584
v 29.6181812 110.4310837 34.8450203
v 25.3279305 111.4048843 34.4721756
v 20.3031292 110.1537323 34.3070450
v 17.9403057 109.7091980 34.2588768
v 3.4347029 111.7909470 33.6439590
v -6.1135592 111.0261917 33.7838898
v 98.7738037 109.1386871 35.8997879
v 92.6767273 107.1635056 36.0391960
v 91.2201385 109.1218338 36.2876968
v 83.2824249 110.0417023 36.6637955
v 75.1727219 108.8302383 36.6301918
v 73.2252121 109.8423004 36.7897835
v 71.1790848 108.5424652 36.6054039
v 66.9451218 109.2010422 36.6883888
v 55.2115173 109.6831894 36.5338707
v 51.3209724 108.8358459 36.3032570
v 45.0151520 107.5876694 35.9243240
v 40.8091240 109.1095276 35.7844048
v 38.2657433 108.2088547 35.5721626
v 34.1533890 108.2680740 35.2659683
v 26.9423409 109.2248764 34.7334938
v 19.2149200 107.6262512 34.5316200
v 13.7690039 109.4179611 34.1596642
v 11.4629393 108.4169769 34.2364120
v 3.3504283 109.2569351 34.0106926
v -2.5206327 108.9121094 34.0567322
v -4.6522336 108.9971161 34.0581779
v -27.1947498 109.4825668 34.7322617
v -12.9265795 110.8384399 33.9546700
v -8.5506763 110.3159637 33.9215927
v 1.3419228 110.8304672 33.7728157
v 9.3688755 109.9732742 33.9837646
v 32.5554543 109.6803436 35.1063576
v 53.2245407 110.3492508 36.5442696
v 59.8213043 110.5014267 36.7658081
v 79.1346588 109.6206665 36.6940575
v 93.8035812 109.2562866 36.1865768
v 103.8458405 110.0978622 35.5563774
v 95.2370758 107.0655899 35.9318619
v 90.4885941 107.1932678 36.1152000
v 88.4180145 108.6056671 36.3351746
v 56.5643082 108.0215225 36.3651390
v 49.6189041 107.6308517 36.1159401
v 29.0518894 108.1186447 34.9230003
v 24.5127716 109.2143173 34.6003990
v 22.2495327 107.8531494 34.6190338
v 7.2605653 108.7316284 34.1234818
v -6.1193438 106.6766815 34.4034309
v -18.2886276 108.7061462 34.3824196
v -20.8829918 108.1258392 34.5366631
v -33.1243134 106.8394623 35.2123871
v 86.2944260 106.7150497 36.1695747
v 83.7532959 107.5777893 36.3326683
v 81.3887558 108.5315704 36.5051651
v 77.1820221 107.9446411 36.4851990
v 68.7547913 107.3097534 36.4220238
v 61.4137917 108.9532242 36.5877953
v 53.8438148 107.7217560 36.2578049
v 42.5428314 107.2992096 35.7874413
v 9.2256184 107.2380600 34.3577843
v 5.2499814 107.6611710 34.2548523
v 1.2729949 108.3189850 34.1390724
v -0.8521267 107.4214630 34.2700043
v -3.2151868 106.8791733 34.3562317
v -13.4976597 108.0805511 34.3228607
v 103.0336533 104.3830414 35.4767113
v 53.3724937 105.0062408 35.9321747
v 49.0003052 105.6946487 35.9071159
v 3.2095318 106.7674866 34.3716431
v 1.1009974 105.9085083 34.4912415
v -18.7558537 106.1752930 34.6778145
v -28.3537292 105.5957184 35.0315323
v -28.9547653 107.8381958 34.9321976
v -30.7562046 106.1858826 35.1055984
v -16.1411495 106.9482422 34.5243187
v -11.1563435 106.6220856 34.4702454
v 7.1237736 105.9472504 34.5154076
v 23.1593723 105.0965424 34.9003983
v 27.5161953 106.3761520 34.9470062
v 33.1916771 106.0867767 35.2355156
v 38.6640282 105.6722870 35.5220337
v 40.3630867 106.7493515 35.6481171
v 47.5366058 107.6560135 36.0415573
v 51.3366623 106.4915924 36.0527802
v 58.1706734 106.1620941 36.1587448
v 63.0799904 106.8655777 36.3196449
v 65.8516083 107.1278610 36.3816147
v 72.1481476 105.8379440 36.2083321
v 75.4549866 106.7505722 36.3281593
v 100.2337036 107.2117767 35.7127037
v 99.0933914 104.9982452 35.6439247
v 91.2906647 105.2452393 35.8899345
v 89.6344910 103.4404984 35.7309647
v 79.8510818 104.3738327 35.9589043
v 77.0964279 105.1785889 36.0912666
v 74.4510269 105.0063400 36.0808182
v 67.4397583 104.7819214 36.0495834
v 60.4939995 106.4949875 36.2371826
v 36.3632164 106.1562271 35.4170723
v 25.6950169 104.3811111 35.0285110
v 20.6459408 105.2959976 34.8196831
v 16.2525635 107.7364502 34.4336548
v 9.1957579 104.5169373 34.7336082
v 2.9383554 104.4306717 34.7105408
v -4.1203418 104.6150970 34.6878662
v -8.7460356 105.3928680 34.6077766
v -13.7184105 105.0564728 34.7122993
v -21.5063229 105.4851151 34.8200455
v -25.9956169 105.0639114 34.9807854
v 70.0254059 104.7926636 36.0559921
v 64.7375259 104.6090851 36.0131798
v 61.8768158 104.0621719 35.9182243
v 57.5991096 103.8907700 35.8563423
v 55.2726250 103.3047256 35.7589722
v 46.4869232 105.3862076 35.8078995
v 5.0612273 105.0938873 34.6228867
v 1.0164404 103.8373718 34.7939339
v -10.9631948 104.0874786 34.8072243
v -16.5567322 104.4579849 34.8290024
v -30.2155399 103.8403625 35.1867867
v 96.5191956 104.8201218 35.7115440
v 94.9939880 102.7182846 35.5802879
v 87.0355377 104.1244125 35.8451920
v 82.3946609 103.4116364 35.8079185
v 48.2079468 103.1129456 35.6443291
v 37.5183449 104.0107422 35.4376450
v 35.2084923 103.8896790 35.3498383
v 31.1491795 103.7247696 35.2172661
v 13.1234579 104.7262878 34.7477951
v -4.9278641 102.7776947 34.9557610
v -19.4123554 101.1515121 35.2316017
v -23.8152065 104.1553726 34.9966393
v -31.9791451 101.9474258 35.2965508
v 97.9447327 102.4379730 35.5165329
v 90.4423599 100.9372330 35.4540253
v 76.3951416 100.6152802 35.4435768
v 71.4292297 103.4820099 35.8644257
v 64.0008621 102.0254364 35.6430206
v 59.5937309 102.4863205 35.6881561
v 45.1845093 103.1342163 35.5952148
v 42.0904999 103.0987091 35.5311432
v 39.0538216 102.3910141 35.4359131
v 36.6176491 101.9428558 35.3789368
v 34.4249763 101.6950912 35.3387756
v 32.2328911 101.6002960 35.3092613
v 29.7281742 101.5198746 35.2827759
v 28.4123440 103.8057861 35.1409760
v 26.6468792 101.5466843 35.2497215
v 23.8113899 102.6498871 35.1274109
v 21.8474522 101.2463074 35.2350578
v 19.5372467 102.6889801 35.0684395
v 16.7472668 102.9088135 35.0141296
v 14.1129503 102.8190689 35.0001869
v 9.5694561 101.8775558 35.0982780
v 6.8542037 103.0123291 34.9284973
v -0.3076880 102.2103958 35.0319977
v -10.5285835 101.7965240 35.1122169
v -24.2057381 101.7363892 35.2089615
v -25.7746105 103.0952682 35.1255188
v -21.6600819 102.7396469 35.0880165
v -12.7136002 102.3885040 35.0445709
v -8.7553644 102.9980850 34.9399338
v -2.8026986 102.5850754 34.9792709
v 4.5046606 103.0585251 34.9139557
v 21.7749634 103.3994598 35.0277176
v 52.9706001 102.6542816 35.6579247
v 66.4451828 102.4247208 35.7054787
v 68.9792328 102.5137939 35.7224655
v 75.4364929 102.8947830 35.7721977
v 78.0170746 102.6006699 35.7217064
v 104.6350174 102.8429031 35.3979874
v 102.4480591 101.7642593 35.4131508
v 54.6640282 101.3426666 35.5168076
v 50.6922913 101.7514496 35.5391159
v 46.4542770 100.9375839 35.4354324
v 17.7606735 100.9641342 35.2453766
v 15.4322290 100.6606064 35.2745667
v 12.8534746 100.2251816 35.3266449
v 4.9532261 100.9655838 35.2163620
v -6.7069001 101.7055817 35.1134377
v -34.0462303 102.5508347 35.3209534
v 104.2167282 100.3343048 35.3615532
v 84.5679474 99.3584290 35.2729225
v 82.6655884 100.9254303 35.4782372
v 78.8802185 100.3423691 35.4030876
v 73.5360947 100.9862595 35.4987259
v 65.8034134 99.9962997 35.3552361
v 61.7094498 101.2108688 35.5231934
v 59.6368752 99.9980698 35.3554306
v 57.0891228 101.2175903 35.5107231
v 52.7843246 100.3166046 35.3911285
v 48.7521706 100.8283768 35.4333496
v 40.6869507 100.5075226 35.3798637
v 24.1423988 100.1939621 35.3388023
v 17.3564014 98.8857040 35.4827957
v -4.4342103 100.8040924 35.2393265
v -26.9041748 100.7959671 35.3005638
v 95.9661865 100.8621979 35.4244080
v 57.6390190 98.4202576 35.1521530
v 47.8979645 98.9081116 35.2540016
v 45.1469879 98.7191696 35.2558975
v 42.3702164 98.5757217 35.2704353
v 37.4251823 97.7005768 35.3127594
v 29.9153099 97.8285446 35.4577103
v 27.4028034 97.1046600 35.5420609
v 22.0891457 98.7239304 35.4760551
v 5.4212899 98.4553070 35.5769463
v -3.6522217 98.4342651 35.5822754
v -29.1329632 98.6985474 35.4234428
v -31.5418282 99.3374710 35.3774796
v -33.6358032 100.0400391 35.3536148
v -17.1837578 99.4973907 35.4117279
v -14.4990520 100.4583282 35.2987480
v 0.5304118 99.8831863 35.3724327
v 2.9774268 99.2457581 35.4651527
v 19.7577934 99.9061203 35.3654175
v 26.2214699 99.2415466 35.4104424
v 31.1149921 99.5726166 35.3712845
v 35.7834702 99.6566086 35.3540115
v 38.1432953 100.0484467 35.3592949
v 50.4423561 99.3954926 35.2931290
v 52.6193542 97.4605026 35.0703697
v 55.0951462 99.2152939 35.2603531
v 70.7452774 100.4828568 35.4259949
v 72.5291367 98.5614319 35.1451759
v 75.0056152 98.5904999 35.1512642
v 80.8801575 100.0604935 35.3634529
v 97.8880310 99.8226318 35.3438187
v 100.1523132 100.7077560 35.3911934
v 82.2748871 98.6109848 35.1708336
v 79.9600601 98.2052917 35.1076851
v 67.5530396 97.9500275 35.0573578
v 61.5345650 99.0868835 35.2295799
v 60.0705109 97.6363220 35.0361099
v 39.8363304 98.2337189 35.2847481
v 28.5121555 99.4226303 35.3915215
v 14.9111176 98.2855988 35.5657463
v -1.9509137 100.3510056 35.3041840
v -9.6734743 99.4302139 35.4338913
v -13.0693130 98.3406067 35.5699234
v 104.0464783 97.6080399 35.3105583
v 99.7774887 98.2277222 35.2652550
v 93.5872116 97.4081039 35.1216316
v 73.9283752 96.8562088 34.8985519
v 71.8726883 96.3784790 34.8256798
v 70.0266647 98.2377167 35.0974159
v 49.5376091 97.0223846 35.0622025
v 22.4505901 96.2597122 35.7035980
v 19.6831837 97.0926056 35.6642075
v 12.4619179 97.9159393 35.6272774
v 7.9259953 97.6068115 35.6904488
v 3.4355226 96.7058868 35.8335876
v 1.1135116 97.4885178 35.7227020
v -5.6360393 96.2186966 35.8958321
v -21.9917297 96.2632294 35.7110291
v -26.6680908 97.9399414 35.4976158
v 91.3573456 95.2912216 34.8767815
v 88.7868881 96.7314453 34.9869385
v 84.1563034 96.9535904 34.9654579
v 81.6303482 96.2774506 34.8560982
v 58.1520882 95.9670639 34.8296776
v 55.5794182 96.6399078 34.9429970
v 46.6941910 96.6926422 35.0733528
v 41.4479332 96.7303009 35.1874466
v 39.4005814 95.9964981 35.2112007
v 5.8532214 95.8763809 35.9442139
v 101.5362549 96.0144196 35.1955185
v 98.6612549 96.1640396 35.1231041
v 81.3678513 93.8447189 34.5257568
v 78.8978119 95.5829544 34.7390480
v 76.0484390 96.2324142 34.8145561
v 66.7662048 95.7490997 34.7394447
v 62.9582863 94.6302185 34.6027870
v 58.6354446 93.6263046 34.5177193
v 56.1688080 94.1885834 34.6308594
v 53.5396080 94.6629181 34.7368660
v 48.1120415 94.8156052 34.8788223
v 36.9535217 95.2962646 35.2857742
v 34.6180954 94.4475937 35.3948555
v 18.2925701 94.4861755 35.9708519
v 10.3487415 96.6333694 35.8117714
v -10.4880095 94.6190414 36.0828743
v -13.3147230 95.6515808 35.9132004
v -15.7840223 95.5236359 35.8954697
v -21.7239742 93.8805847 35.9464111
v -23.9760170 94.7728424 35.7984924
v -26.2324524 95.5927048 35.6700897
v -31.0926151 96.6741180 35.4777565
v -28.5992603 96.1458511 35.5696373
v -8.5556440 96.6137924 35.8257942
v -0.5069658 95.9852982 35.9426727
v 1.4659328 95.0323715 36.0813255
v 20.5739861 94.8316116 35.8813248
v 24.5410748 97.7783508 35.5395584
v 34.7980766 97.1111069 35.3690796
v 43.8256073 96.5539093 35.1206055
v 60.6072960 95.3360748 34.7213249
v 94.3293686 94.8500748 34.9088211
v 104.2789078 94.5348816 35.2622185
v 102.0477219 92.9023132 35.1028175
v 86.4116058 95.5355225 34.8134499
v 76.9400864 93.5569153 34.4371071
v 38.5104523 91.6327133 35.1138763
v 39.0863800 93.6208267 35.1414948
v 32.3636856 93.4477158 35.5334740
v 27.7071590 94.2552109 35.7160416
v 13.1180801 93.2193680 36.2299805
v 8.3217907 94.9742813 36.0552444
v -19.5839615 92.8402939 36.1158447
v -25.9788074 93.2519989 35.8490639
v -33.1313324 94.8745880 35.4607773
v 99.5813675 93.7238846 35.0147324
v 97.8623657 91.8596115 34.8166313
v 83.8613663 94.6045532 34.6600075
v 79.4672165 92.5218887 34.3195572
v 74.0595093 94.4145050 34.5442543
v 65.3564453 93.9644928 34.4896584
v 49.2515030 93.1600723 34.6858368
v 46.9435539 92.6945801 34.7258911
v 22.9742489 91.5485535 36.1186905
v 6.2909517 93.2883072 36.3105507
v -0.6131994 93.7518692 36.2694473
v -4.9259748 94.1175003 36.2012215
v -7.5608311 93.6736832 36.2441101
v -12.6070118 92.5783920 36.3210602
v 75.3783951 91.6175995 34.1464195
v 70.4438782 91.7914505 34.1548424
v 65.9455643 91.6650772 34.1557617
v 63.4147034 92.3718109 34.2794609
v 61.0216141 93.0164795 34.3998680
v 56.6884842 91.8369141 34.3268089
v 36.6746826 92.9401245 35.2650757
v 34.3941727 91.9505844 35.4296722
v 30.3995934 93.8755035 35.6197014
v 27.5992126 91.4993286 35.8936157
v 25.2324963 92.7765656 35.9171638
v 20.1191311 92.5018539 36.1380348
v 15.6665421 94.0092773 36.0794907
v 8.7079496 92.3268967 36.4192047
v -9.8948002 91.7277527 36.4838715
v -15.2401094 93.3052368 36.1771698
v -23.7470779 92.3347778 36.0169411
v -27.8984776 94.1614456 35.7104988
v -30.4079514 93.8299942 35.6179466
v 94.0973206 90.8726044 34.5501213
v 57.0928955 89.4469986 34.0117912
v 46.2505150 90.2614822 34.5543594
v 36.6084251 90.5579224 35.2401123
v 29.7454643 90.0765457 35.8315086
v 21.0610352 90.4976273 36.3035355
v 6.5989447 90.7644119 36.6668282
v -0.5744110 91.2853851 36.6304016
v -21.6329823 91.5857697 36.1709557
v -28.2267857 91.9792023 35.8273697
v -33.0135689 92.3808517 35.5221062
v -30.6988125 90.9219742 35.7298965
v -19.7463760 90.4440460 36.3649483
v 1.6388235 92.5452271 36.4444275
v 14.8843164 91.9286270 36.3533669
v 17.1053295 92.1172180 36.2720451
v 32.0087433 91.0439758 35.6269226
v 41.1228523 91.3153381 34.9299927
v 44.1705246 92.1211090 34.8048820
v 54.2490768 92.3011398 34.4436340
v 77.8806076 90.7982025 34.0565872
v 95.3638306 92.5207138 34.7474403
v 104.2643814 89.0222244 35.1677818
v 104.1719208 91.6159058 35.2076302
v 83.5149231 92.5699615 34.3930016
v 70.9857178 89.6698303 33.8441353
v 63.7978401 90.0086136 33.9410210
v 61.3871040 90.6723557 34.0723991
v 52.6793518 90.5522842 34.2918167
v 23.2543697 89.3140259 36.3044357
v 13.3121901 90.4626694 36.5796700
v 11.0397577 91.2837372 36.5238266
v 4.1023512 91.6301193 36.5660820
v -2.7906272 90.2406693 36.7758522
v -14.9609051 90.3422699 36.5470352
v -23.2640495 90.2295227 36.2244644
v 88.3621597 92.0465317 34.4489288
v 78.6025467 88.1714096 33.6995468
v 73.8839493 89.6382599 33.8491173
v 54.7400284 90.0010223 34.1593933
v 36.9308052 87.9649963 35.1752014
v 21.0200520 88.4421692 36.5119133
v 18.5943584 90.0479126 36.4547424
v 11.4469624 88.3151016 36.9100685
v 8.9478884 89.6470642 36.7873383
v 4.2579770 89.2735596 36.9058075
v -20.1774635 87.9651871 36.6033745
v -25.8263454 90.4640656 36.0645866
v 87.6384277 88.1497650 33.9715157
v 68.3155136 88.7026978 33.7091408
v 66.7965317 86.9730377 33.4698486
v 64.2476730 87.6064758 33.5937614
v 61.7596245 88.2822647 33.7361069
v 55.1095467 87.5756683 33.8470306
v 18.8139896 87.1980057 36.7582169
v 8.9756832 86.8856888 37.1686325
v 4.3516374 86.9171448 37.2447395
v -2.6440058 87.8484421 37.1251602
v -7.0139546 87.8660202 37.0710258
v -11.6053753 86.9413300 37.0857315
v -15.9976883 87.5126343 36.8554802
v -24.1648808 88.4570541 36.3255424
v -26.5241127 87.6855011 36.2201347
v -28.5170593 89.3241806 35.9659309
v -30.9313812 88.2500000 35.8128319
v -9.4558630 88.9233170 36.8760910
v -4.9530735 89.1685867 36.9134560
v -0.4746135 88.9553757 36.9717979
v 1.7629594 90.1684494 36.7913055
v 6.7004132 88.2364731 37.0244141
v 14.0857258 88.2517471 36.8365059
v 15.6810179 90.1232758 36.5515633
v 31.5756264 88.8815308 35.7326851
v 39.0063744 89.4846191 35.0126686
v 48.2443771 88.6834946 34.3053780
v 59.4012375 88.8841019 33.8727913
v 89.2648773 90.0861740 34.2600479
v 91.8656998 89.9443817 34.3588600
v 94.3778381 88.7172546 34.3765793
v 98.5399857 89.1769333 34.6922455
v 102.6619339 87.9462433 34.9860001
v 96.6677170 87.6666870 34.4475632
v 88.3738327 85.9028625 33.7472649
v 57.4860344 87.0275345 33.6882172
v 50.0236588 87.6393204 34.1009254
v 45.8943481 87.6365814 34.3625832
v 43.5985603 86.7204742 34.4729538
v 34.1224480 89.0813370 35.4830322
v 32.3067169 86.8190765 35.7226830
v 23.2997627 84.6968002 36.7128868
v 21.1113853 86.0444565 36.7462158
v 16.9637642 85.9421616 36.9950790
v 14.9236813 86.1452789 37.0671005
v -4.7349906 86.6780167 37.2749214
v -18.4358253 86.4389954 36.8606720
v -22.4659901 86.9331512 36.5695267
v 90.1407928 87.6934891 34.0386543
v 85.0233688 88.5901718 33.9250984
v 75.8938141 85.2620926 33.2376862
v 73.4204483 85.2773361 33.2117386
v 62.2930527 85.8907471 33.3919907
v 50.8536644 85.7556381 33.8556290
v 29.8266354 87.4802856 35.9537506
v 23.5206089 87.0308990 36.4892769
v 1.9077117 87.9033661 37.1211510
v -0.3584261 86.7009583 37.3013115
v -2.5079474 85.4798813 37.4707298
v -8.9676800 86.3735657 37.2387009
v -33.2015152 87.1790390 35.6104164
v 94.7835236 86.2342072 34.1892815
v 83.2759476 86.6044922 33.6100006
v 72.1708069 87.5187607 33.5316505
v 64.9459991 85.2260818 33.2433205
v 55.6321068 85.1701508 33.5301743
v 37.4443016 85.2684708 35.0677414
v 35.6034660 83.7059250 35.3173485
v 12.9277840 86.4467163 37.1078262
v -6.7306552 85.3887329 37.4266968
v -10.4289684 84.9053040 37.3981705
v -12.3600512 84.2247467 37.4186897
v -24.7436447 86.0214462 36.4843712
v -26.9497528 85.1570358 36.3552933
v 98.8055725 86.0275879 34.5200768
v 96.6181946 85.4199371 34.2767563
v 90.7829514 85.3442917 33.8266029
v 85.8204803 86.2613983 33.6651344
v 84.1775284 84.2846909 33.3460426
v 76.8942642 83.1872635 32.9589615
v 65.5435715 82.8014984 32.8850975
v 62.9876137 83.4973068 33.0394211
v 39.7974167 84.0147018 34.7288399
v -2.2392502 82.8902512 37.8501167
v -6.4938154 82.9900894 37.7727203
v -8.6216793 84.0379333 37.5721436
v -28.9731522 83.9823227 36.2156868
v -31.0861130 85.4921341 35.9030724
v -4.5256052 84.2483444 37.6281319
v -0.2636562 84.4182205 37.6351700
v 6.6713629 85.6265564 37.3947411
v 8.9133120 84.1616211 37.5462952
v 11.1158447 85.4127350 37.3083267
v 13.2997303 84.1702118 37.3871307
v 18.7060318 84.4504547 37.0656319
v 51.7960663 83.9805527 33.6064644
v 58.0305595 84.6327820 33.3593025
v 74.4947815 83.1897049 32.9191132
v 78.5564575 85.4578094 33.3182144
v 101.7685776 85.3827820 34.7979469
v 104.3412170 83.6281662 35.0880775
v 91.3222733 83.2943802 33.6537399
v 69.9832458 82.4947968 32.7948380
v 67.8918610 84.4449844 33.0926666
v 60.4679642 84.1004333 33.1973610
v 56.2351685 82.7906189 33.2052689
v 47.0536423 83.6616287 33.9393921
v 43.5433655 84.5182724 34.3323288
v 30.3970127 84.9448624 36.0075798
v 21.1354961 84.0106430 36.9443817
v 15.8979864 83.9497452 37.2873459
v 6.6489787 82.9257812 37.7783813
v 4.1749325 82.0609741 37.9487076
v -10.5581961 82.7940216 37.6792030
v -14.6416092 83.1672211 37.4498749
v -17.0059433 82.0923309 37.4425735
v 95.1374435 83.7470703 34.0126801
v 89.1516724 83.5796585 33.5315666
v 86.6698456 84.0032654 33.4319382
v 82.9481201 82.1020966 33.0078087
v 79.0437927 83.1940994 33.0122833
v 75.3217392 81.0076141 32.6164017
v 49.4460754 83.3105774 33.7061844
v 44.8699684 82.5456161 34.0613327
v 42.1898079 82.9520111 34.3856926
v 37.8867683 82.6110992 34.9474792
v 20.0000820 82.2217484 37.2100830
v 17.4206257 81.8248444 37.4452667
v 1.6161548 81.0171280 38.1270370
v -0.1288651 82.3952026 37.9307671
v -21.3264809 82.6725159 37.0616989
v 102.0117035 82.1749802 34.7117691
v 102.0675201 79.4836273 34.6242409
v 87.3673859 81.4334793 33.1678467
v 86.4003220 78.8960495 32.7988663
v 77.8320770 80.8579254 32.6511688
v 63.6849022 80.8324203 32.6460876
v 61.2114792 81.7690277 32.8542747
v 57.1417503 80.4541779 32.8621750
v 40.3576584 80.9948883 34.5282288
v 35.0967178 79.2640839 35.4071312
v 29.2544403 80.2897873 36.3783073
v 26.5412769 80.5455933 36.7164803
v 24.0222397 80.5773163 37.0023766
v 21.6489849 80.3745499 37.2580147
v 9.5907459 81.4935532 37.8906593
v -12.6939087 81.6290970 37.7421379
v -23.6152821 81.7461319 36.9425926
v -8.5272408 81.6612625 37.9038239
v -4.1376748 81.8386459 37.9814873
v 6.2343540 80.2768402 38.1630516
v 11.7667608 81.9208145 37.7443810
v 14.4728622 81.2470932 37.6969795
v 25.1031380 82.7742233 36.7105560
v 33.8815117 81.9059296 35.6078568
v 43.1313629 80.4695663 34.1186523
v 47.2673569 81.5633850 33.7343559
v 54.1577034 80.6952820 33.0744324
v 58.7804260 82.2986069 33.0215454
v 72.2477493 83.1512680 32.8935776
v 99.6555862 83.0428467 34.4373627
v 98.1022263 80.8174362 34.1209183
v 84.6624603 80.4570084 32.8835869
v 80.4389572 81.6301575 32.8410416
v 49.3379326 80.6143188 33.4481888
v 16.8111382 79.1461639 37.7993088
v 9.1713085 79.7947998 38.1391182
v -1.4171927 80.8245468 38.1563950
v -19.5291653 78.3855362 37.6600342
v -21.7018623 79.9540558 37.2932739
v -25.9028778 81.0993576 36.7512436
v -28.5298805 80.9797974 36.4397850
v 104.1282501 80.8476639 35.0041199
v 90.3159332 81.3664322 33.3765068
v 67.5530853 79.1214294 32.3211403
v 66.0051956 80.6347733 32.5654678
v 63.0048828 78.2348938 32.3013420
v 59.6494713 80.0569305 32.6842995
v 55.7344208 78.4897156 32.7008171
v 53.2884102 78.0777206 32.8344269
v 51.3581696 79.4167862 33.1460228
v 47.4888268 79.5406723 33.5323601
v 45.5297470 79.9147186 33.7847748
v 37.8209114 80.0604095 34.9008865
v 18.9554520 77.2651825 37.8328018
v 12.1332064 79.2121124 38.0871124
v -8.4903793 79.2357101 38.2430763
v -12.9364700 79.0973129 38.0562515
v -33.1794968 78.8040848 35.7816277
v 100.2056732 80.6522064 34.3876839
v 77.5456314 77.9659882 32.2355766
v 75.6873245 78.7338562 32.2967033
v 41.9034576 78.7893448 34.1892700
v 39.8494339 78.3095169 34.4937019
v 27.5298138 78.1200638 36.7477150
v 19.2660313 79.8321381 37.5257874
v 14.4612722 78.0391541 38.0997505
v 4.3977513 78.1399689 38.5125122
v -10.7822847 77.9711304 38.3184662
v -15.1691570 77.9888763 38.0545578
v -24.1030998 79.1035156 37.1175423
v 94.1814194 78.8613663 33.5044746
v 82.4361725 76.7236786 32.2738457
v 67.1622543 76.7001953 31.9747314
v 60.6801567 77.9854584 32.3570023
v 58.2465324 78.2131882 32.5104561
v 37.4722252 77.6409378 34.9114151
v 30.0990753 77.6478271 36.3703156
v 7.2507205 77.7551041 38.4919281
v 2.1993966 76.2939835 38.8123550
v -8.5178270 76.8331604 38.5762901
v -29.0357723 77.8763123 36.5298729
v -33.2262650 76.4716339 35.8237190
v -21.9606037 77.0340042 37.5471497
v -6.0810061 78.0238266 38.4888535
v -0.4502418 78.8300018 38.4529800
v 21.2660923 77.9854965 37.5317764
v 23.1436253 78.7308884 37.2592964
v 48.9588737 78.2268829 33.2546501
v 79.4620132 79.4705887 32.5099716
v 82.0350571 79.5440826 32.6272392
v 87.8656311 77.0010223 32.6882324
v 89.0236359 79.1352997 33.0258789
v 104.1340790 75.7228394 34.9154129
v 102.1843414 76.9564667 34.5556717
v 99.5742340 78.2829285 34.1751747
v 90.2719421 76.8640976 32.8906021
v 73.5220642 76.8577805 31.9867001
v 59.3515129 75.9420242 32.1483154
v 54.7481995 76.7542419 32.5615921
v 52.9392815 75.7805710 32.6013222
v 50.9265404 76.9384155 32.9212723
v 41.9969101 76.4038773 34.0458183
v 37.3273659 75.6420593 34.9096298
v 32.8334808 77.2426834 35.8873558
v 23.6569939 76.3693771 37.4057999
v 5.0693979 75.8459702 38.8284569
v -10.7946291 75.6511230 38.6300049
v -13.0010509 76.7463455 38.3554420
v -24.6740532 76.6010818 37.2526817
v 88.9881744 75.2337952 32.5895767
v 64.6819992 76.1387634 31.9511871
v 55.0118256 74.7329712 32.2946968
v 16.6710148 74.0456161 38.4097137
v 7.7578764 75.2405701 38.8285828
v -0.4023809 76.1019135 38.8520775
v -1.6136792 74.0340195 39.1463585
v -2.7168937 76.8061523 38.7274208
v -4.1514750 73.9627991 39.1191635
v -21.1449776 74.4100800 37.8985023
v -23.1474876 75.0600510 37.5848427
v 102.3691406 74.8488312 34.5201225
v 84.4024658 74.5773849 32.1213799
v 63.7684975 73.3376923 31.5847740
v 57.5784607 73.6505585 31.9635715
v 44.7113457 72.9308395 33.3707314
v 42.7426147 73.8408356 33.7670021
v 38.6408615 74.0649567 34.5816307
v 33.7871552 72.8074570 35.7442474
v 23.2561874 73.6297302 37.6978760
v 5.7336464 73.4684982 39.1493073
v 0.7361717 74.1421814 39.1370735
v -10.7361403 73.2468491 38.9564285
v -14.7601042 73.3444901 38.6603928
v -25.0457230 74.3007126 37.3844032
v -29.5257320 74.8186417 36.6036644
v -33.1778183 74.3844147 35.8734055
v -16.9466476 74.6044235 38.3184700
v -8.5901566 74.4288330 38.9069633
v 3.1750443 74.0927429 39.1215897
v 21.1370430 75.4548874 37.7957916
v 20.8995152 72.9566422 38.0722771
v 25.6271000 74.3264008 37.2961464
v 28.1104813 75.3641510 36.8270416
v 33.4385948 74.8934174 35.8077354
v 40.6991920 74.5532684 34.1794319
v 45.0602341 75.3236465 33.4917068
v 48.3422585 75.5250778 33.0699539
v 62.0557327 75.8934479 32.0119858
v 69.1964722 74.9322281 31.6929722
v 71.4071808 75.7674942 31.8102512
v 75.6919937 75.9343948 31.8924427
v 78.0167236 75.3253098 31.8769798
v 86.9243240 74.9262772 32.3643646
v 96.4024963 74.8576736 33.4632111
v 100.3511658 75.5267715 34.1601257
v 101.0847168 73.2209015 34.1915741
v 96.4945297 72.6016235 33.3084946
v 55.1404953 72.3056488 31.9905071
v 52.9593468 73.3764114 32.3267975
v 29.4253445 73.4044647 36.6992912
v 14.7140036 72.8798752 38.7217331
v 12.5023041 73.7688293 38.7751350
v 8.2619514 72.7158737 39.1598511
v 1.8531595 72.4513397 39.3769188
v -6.5081568 73.0612106 39.1833839
v -20.7208443 71.9934540 38.1952171
v -22.9364338 73.0793304 37.7943420
v -27.3007622 73.4120636 37.0847092
v 91.0366669 74.1530838 32.6873550
v 88.5347748 73.1867294 32.3109360
v 86.0992889 72.7283173 32.0249405
v 76.3132172 73.3684311 31.5406513
v 73.5638275 73.9973297 31.5711613
v 64.0771255 70.8255310 31.2166405
v 59.1291008 71.3187714 31.5476227
v 43.1969109 71.4720078 33.5354767
v 40.6531258 72.2414856 34.0840721
v 35.9524612 73.9107056 35.2045441
v 31.6222382 72.7245789 36.2684631
v 29.3078270 71.2704010 36.8332787
v 25.2142105 71.8694916 37.5502434
v 18.5925140 72.3652725 38.4105148
v 12.9645529 71.2077713 39.0763245
v 10.6623545 71.9578171 39.1373901
v -8.6929741 71.9869537 39.2403412
v 103.7687836 73.1505127 34.7789040
v 98.5957413 73.9717712 33.7656860
v 99.0898514 71.2515030 33.6928749
v 92.3030319 72.0342484 32.6355324
v 61.7915382 71.1737747 31.3695946
v 56.9616852 71.2739182 31.7051315
v 53.0696564 70.9038620 32.0314445
v 50.9210091 71.9790115 32.3971138
v 46.9079704 73.0638809 33.0383186
v 37.9361496 71.7837296 34.6807671
v 27.4554405 72.6882172 37.1098747
v 20.4879284 70.4548264 38.3810768
v 16.6201878 71.9631119 38.6603394
v 3.9528189 71.8250351 39.4338722
v -2.5243561 72.3071518 39.3899002
v -6.6846800 70.7175217 39.5096397
v -10.8110209 70.6923981 39.2959862
v -12.7697039 72.0366898 38.9822502
v 102.0570297 70.8737640 34.3132744
v 94.2716064 71.1385574 32.8392563
v 85.1825790 70.4364243 31.6617661
v 82.3970337 69.8762817 31.3637295
v 80.4026566 69.4252625 31.1755676
v 77.2975159 71.1398392 31.2582302
v 66.2549515 71.5049133 31.2437572
v 50.9091644 69.4475937 32.1326714
v 43.7757797 68.7311935 33.2436867
v 39.6465378 69.7151794 34.2035980
v 24.8038902 69.4420242 37.8131752
v 22.8925610 71.1390305 37.9744034
v 4.6774206 69.3860397 39.7678185
v -4.6724663 69.3578262 39.7715225
v -31.3349113 70.8386078 36.3984795
v -29.4010315 72.2581787 36.7627563
v -29.1569633 69.8033752 36.9316521
v -24.9607792 72.0374298 37.5796623
v -22.6971436 70.7786407 38.0396767
v -20.3982162 69.5176315 38.4897156
v -2.3808711 70.1866455 39.7008171
v 6.4444323 71.0084381 39.4759712
v 8.9274273 70.1591339 39.4803505
v 15.2613373 70.4334946 38.9773102
v 17.8697395 69.7498474 38.7830849
v 27.0869579 70.3212814 37.3299675
v 33.3873482 70.4829178 35.9003563
v 35.0876503 68.6529770 35.4351044
v 35.5160637 71.2265854 35.3079643
v 41.7183838 70.0065842 33.7462845
v 72.1278763 71.6705399 31.2149048
v 74.7192078 71.4186478 31.2170868
v 104.5597763 70.5740585 34.9357338
v 96.5136337 70.0704269 33.1240387
v 89.5735016 68.5192108 31.9124508
v 90.2064362 71.3570175 32.2980003
v 78.3584366 69.4826889 31.0721188
v 28.9893818 68.8987427 37.0240479
v 22.4181309 68.6118317 38.2813072
v 0.0890929 68.5243759 39.9609642
v -6.7534661 68.6136169 39.8038292
v -24.7912464 69.6990204 37.7941666
v -27.0741634 71.0516586 37.2828217
v -31.2421818 68.3751831 36.5109215
v 100.5020142 68.8721619 33.8673973
v 98.3149567 69.0599060 33.3996468
v 75.8179474 69.2238312 30.9333439
v 73.3172760 69.3986969 30.8973446
v 70.7333984 69.5747070 30.9032555
v 62.8853378 68.8615417 30.9923344
v 57.5660896 69.2389908 31.3960419
v 53.1880074 68.4992828 31.7433147
v 46.4347801 68.3726730 32.7172165
v 37.2784004 69.2401962 34.8045235
v 13.6378651 68.6245575 39.3508987
v 9.6292343 67.5905838 39.7953911
v 7.1898746 68.4765472 39.8046608
v -2.6288531 67.7754822 40.0475273
v -20.3421211 67.0875702 38.7469864
v -22.5738144 68.4160919 38.2759857
v 94.3254623 68.5990906 32.6235085
v 84.3904266 68.1190567 31.2971115
v 82.0594254 67.6645279 31.0462265
v 79.5499649 67.4178543 30.8432255
v 64.3703156 66.4007187 30.5737801
v 61.3281822 66.5629120 30.7607231
v 48.8156967 67.7289429 32.2669640
v 36.5781860 66.5971451 34.9721107
v 30.8416901 67.3084183 36.6528664
v 26.6894722 68.0097885 37.5679893
v 18.0852184 67.1572647 39.0469589
v 5.3608580 66.8627625 40.1093788
v -5.1717472 67.0907135 40.0808563
v -8.1619635 66.6691818 40.0040627
v -15.8730640 69.7386017 38.9990768
v 92.0872116 67.1313553 32.1230812
v 90.0187836 65.7954102 31.6782131
v 83.9152679 65.6953049 30.9470158
v 77.0871201 67.1220093 30.6791058
v 53.2010880 66.1542587 31.4739437
v 46.9577866 65.8160324 32.4035072
v 38.9303665 67.1452484 34.2996902
v 26.2697601 65.8664017 37.8036385
v 12.0214739 66.7910461 39.7263756
v 7.8284111 65.9008408 40.1333694
v 1.4080476 66.3421860 40.2753639
v -20.5969009 64.8903503 38.9322968
v -22.5935135 66.0612717 38.4909744
v -24.7732067 67.2901077 37.9912071
v -24.7346954 64.8378372 38.1969986
v -26.9101830 66.0358810 37.6530876
v -29.0829735 67.2574081 37.0894661
v -14.8841476 67.3408279 39.3942070
v -12.5939302 66.8969040 39.6628227
v -3.2048800 65.3464355 40.3892632
v 2.8779917 67.7727127 40.0455894
v 24.2803936 66.9094620 38.1134605
v 28.5031605 66.6442032 37.2579231
v 30.1654015 65.0941162 36.9241867
v 33.1001205 67.8737106 36.0107689
v 45.0583458 66.6241150 32.8423271
v 49.2566223 65.2202377 31.9503994
v 51.0943832 67.0118484 31.8490677
v 55.4799461 67.5552444 31.3801079
v 67.0815735 67.1250916 30.5898533
v 69.5584869 67.3529968 30.5808754
v 72.0391846 67.3383255 30.5822105
v 74.5515976 67.1531296 30.5970402
v 96.5815887 67.7777557 32.9678879
v 98.8400116 67.1408157 33.3945961
v 101.3144836 66.4574966 33.9605370
v 103.4690018 68.1774139 34.5999641
v 96.8832779 65.5450211 32.8705330
v 57.4400139 63.5097275 30.6716919
v 55.3183022 64.9811325 31.0840721
v 40.6301689 65.1840210 33.7704659
v 27.9317303 64.4558716 37.5215683
v 25.6669807 63.7288437 38.0819969
v 16.8406277 65.5081558 39.3920555
v -5.9667044 64.6475601 40.3999290
v -8.7586384 63.8911476 40.3584824
v 99.3537292 64.7755432 33.3766212
v 86.1546478 66.1056976 31.2260475
v 81.2824631 65.5038986 30.6985607
v 78.6528397 65.0896988 30.4687862
v 70.8688660 65.2611847 30.2705498
v 66.4191742 65.1278839 30.3162842
v 38.1837807 64.4930191 34.4359131
v 3.4200697 65.3877411 40.3803864
v -0.6860195 65.9845200 40.3320045
v -13.7473202 64.7231369 39.8339767
v -13.9196625 61.8811684 40.1806755
v -26.7865105 63.5417976 37.8501968
v -28.9781647 64.7182846 37.2513657
v 92.2512589 64.2586365 31.8693695
v 73.2668076 65.1830215 30.2822571
v 69.7328796 63.1418304 29.9637985
v 67.2319183 63.1780663 30.0103035
v 64.8855972 63.6839867 30.1646442
v 63.3572578 62.2559853 30.0376606
v 57.2842293 60.5588379 30.3082638
v 54.8700256 62.2364960 30.8014584
v 50.2649078 63.0307350 31.5631218
v 33.5469360 63.6278305 35.9729691
v 29.7897682 62.8296356 37.1311989
v 10.8881702 62.4495430 40.4011650
v 3.5309074 62.9939423 40.7233696
v 5.8139853 64.3021622 40.4578896
v -3.8400192 62.5917244 40.7723274
v -28.8790207 62.3081589 37.4034042
v -31.1011009 63.4942932 36.7326469
v -33.2796669 64.7359238 36.0375175
v -22.6108971 63.7037621 38.7059402
v -20.5801506 62.6934052 39.1618233
v -1.2105852 61.2060852 41.0254707
v 1.2889863 64.3452530 40.5692520
v 15.3060570 63.6754608 39.7972336
v 27.4491577 62.0863914 37.7877159
v 31.5811119 63.7238960 36.5839958
v 35.8301582 63.9175911 35.1892014
v 37.4257660 61.8493538 34.6197090
v 42.4422607 63.4036140 33.2117958
v 52.8149376 63.7356567 31.2490273
v 59.2047386 62.2211533 30.3336487
v 72.1693649 63.2377319 29.9827347
v 75.8706360 64.6988144 30.2816544
v 90.0297852 63.7149467 31.4531727
v 94.9375839 63.7835579 32.3306313
v 97.3179779 63.1686478 32.7949753
v 83.1483078 63.4862938 30.5859585
v 80.4239731 63.1908722 30.3171139
v 77.7478561 62.6726151 30.0817299
v 75.5929794 62.4106560 29.9444180
v 61.2987022 62.2582054 30.1699734
v 47.2965546 62.9344330 32.0904121
v 44.4512253 61.7890739 32.6146431
v 39.9185448 62.5197754 33.8503151
v 34.7877045 61.1357803 35.5668945
v 23.2930183 62.1853867 38.7124214
v 6.0368137 61.5988655 40.8332405
v -6.7313085 62.1321526 40.7236824
v -16.3051414 60.6600189 40.0340271
v 102.3438797 61.8194733 34.0769272
v 95.6445389 61.7986069 32.3134155
v 93.4044189 61.4083443 31.8090458
v 84.6078033 61.1830902 30.4382420
v 71.2253418 61.0537224 29.6572418
v 41.9040794 60.7770729 33.2001076
v 25.2818584 61.6250114 38.3365135
v 21.2292442 60.3656158 39.2780266
v 19.1158524 62.2708321 39.4453354
v 16.6559486 61.6539268 39.8704567
v 13.7454653 61.4043694 40.2575645
v 8.7728033 60.8627205 40.7791214
v 3.3112009 60.5926895 41.0800171
v 1.1206455 62.0701332 40.9035339
v -3.2345395 59.9627571 41.1722527
v -20.5636292 60.2900505 39.4099693
v -22.6000271 61.3327789 38.9267921
v -24.6626396 62.3996468 38.4120598
v -33.2603951 62.4636726 36.0894279
v 104.0657959 62.8276482 34.6576500
v 97.4364319 60.6575584 32.6494751
v 93.1612091 58.5116577 31.4978600
v 88.6892014 62.2281113 31.0907364
v 82.0973434 61.2863693 30.1994915
v 79.4846115 60.7840652 29.9197140
v 68.4220963 60.9149704 29.6561069
v 54.4688530 59.5220718 30.5270996
v 32.0271072 61.6948853 36.5117416
v 26.6321659 59.6866684 38.1556320
v -5.2064228 60.6379242 41.0078773
v -9.2148981 61.2977524 40.6852074
v -26.7316322 61.1328659 38.0287209
v 103.5900269 57.5073242 34.3822784
v 99.4529190 59.1314697 33.0936165
v 89.5210190 59.8011856 30.9491272
v 87.1020050 60.4749947 30.6638565
v 83.3748322 59.5368729 30.0919209
v 81.3137360 59.0760536 29.8300762
v 76.3419113 59.9216881 29.6179810
v 73.1748505 59.2579460 29.4182987
v 70.1069489 58.8627930 29.3391666
v 65.3988495 60.9628601 29.7557182
v 58.7672844 58.0434036 29.8209801
v 47.7643585 58.2483292 31.5748615
v 41.7369614 58.1176262 33.1046486
v 32.6683044 59.0992203 36.3647461
v 9.3207865 58.7432442 41.0324631
v 5.3585033 59.1551895 41.2144470
v -22.4755688 58.8828125 39.1780014
v -26.7129784 58.7224388 38.1976395
v -31.2096672 58.7197723 36.8742905
v -23.8455334 57.3024750 39.0131836
v -24.6080055 59.9995842 38.6161919
v -16.3700199 58.2770157 40.3090363
v -14.0482712 59.3886566 40.4802284
v -7.1313181 59.8050919 41.0320625
v 0.9714788 59.7056313 41.2475166
v 11.2912607 59.9722786 40.6972923
v 13.5939064 58.6707497 40.6258202
v 15.8974533 59.3784218 40.2451134
v 17.5579662 57.4059677 40.2304268
v 18.4335136 59.7962799 39.8202744
v 24.0294094 59.8391495 38.7599449
v 29.6686821 59.9398232 37.3097191
v 36.7629433 59.6287994 34.8176155
v 39.1904831 59.5333138 33.9641075
v 48.9931679 60.5841980 31.5415955
v 52.0134964 60.8638573 31.0476227
v 60.1061974 60.2671127 29.9920979
v 62.6383667 60.3100853 29.8093300
v 104.0185471 60.3100243 34.5936203
v 101.1866837 57.7376595 33.5498505
v 95.3066559 59.6279335 32.0638771
v 83.2072296 57.1311836 29.7617016
v 67.0820465 58.1864090 29.2950363
v 61.3961754 58.0904198 29.5924339
v 56.2438698 57.7662659 30.0757751
v 45.7034111 58.2211266 32.0447655
v 44.0067749 59.3413506 32.5495682
v -9.3939266 58.8857155 41.0043030
v -28.9144630 57.3521538 37.6677551
v 85.4249878 58.7199593 30.2286205
v 74.8528748 57.2515297 29.1711903
v 69.6170120 56.4675217 28.9919548
v 60.0498886 55.7568130 29.3917885
v 57.5392456 55.6451569 29.6463490
v 52.4765968 58.4747200 30.7070599
v 50.2889442 58.4094505 31.0816326
v 44.0212326 57.0318565 32.3871803
v 35.0850983 58.2559204 35.4631729
v 33.3640099 56.4797287 36.1678848
v 28.0680428 57.3273010 37.9113808
v 21.4082031 55.7795944 39.6930771
v 15.4452267 57.4028397 40.5484352
v 11.4749670 57.5879593 40.9968567
v 7.3282027 58.5227547 41.2011147
v 5.1558666 56.7653084 41.5656624
v -3.0764718 57.5101967 41.5331535
v -5.0765471 56.3094177 41.6367340
v -7.1885529 57.5302048 41.3490334
v -11.7635937 57.9591599 40.9175644
v -14.1493959 56.9692154 40.7724648
v -16.4821548 55.9055061 40.5745087
v -26.4271049 56.2199936 38.4512901
v 94.9193726 54.7643089 31.5692425
v 93.0247345 55.8572273 31.2205486
v 90.6604919 57.2273903 30.8710594
v 85.9910812 56.0497169 29.9777946
v 72.3788452 57.0022697 29.0752029
v 67.4427567 55.3373375 28.8702831
v 48.9415703 55.7667427 31.0909767
v 41.9647865 55.5437126 32.8949318
v 35.5033226 55.7081108 35.2916908
v 23.9293194 55.0555229 39.1869621
v 3.0767663 55.7294579 41.7913208
v -1.0314057 56.1775665 41.7617378
v -9.4579573 56.5419731 41.3209000
v -33.3763809 57.3337021 36.1444740
v -21.5583324 56.1965408 39.6198921
v -20.3085403 57.4199638 39.7493782
v 9.3745737 56.5013161 41.3371239
v 11.6267662 55.2260399 41.2939568
v 16.1641064 55.4749336 40.6677055
v 22.6104355 57.7183189 39.2532120
v 25.2854195 57.4811707 38.6541710
v 37.2791977 57.3726654 34.5862656
v 51.7020531 56.4413872 30.6154118
v 53.9795761 57.1036644 30.3113651
v 76.9927673 57.2418442 29.2684250
v 80.7150269 57.0538330 29.5038681
v 95.1407928 56.9979668 31.8043766
v 99.4142914 56.5577354 32.9359055
v 78.7648163 55.5174637 29.1391144
v 76.2184906 55.0502319 28.9167118
v 65.0743942 55.8675919 29.0432434
v 62.5713158 55.8733025 29.1965771
v 46.2702141 56.3224869 31.7540760
v 39.5650826 56.5104332 33.7312584
v 31.8679199 54.1259155 36.8026123
v 29.1676769 54.9983597 37.7065125
v 7.2992015 55.3977737 41.6437645
v -3.0073562 55.0555382 41.8903236
v -7.2061038 55.2189598 41.6743660
v -11.8349152 55.5724640 41.2263336
v -14.2263184 54.5603790 41.0652161
v -16.5650692 53.5002060 40.8462677
v 104.0426636 54.6308975 34.4947090
v 102.2547302 53.0894508 33.7500305
v 81.4284973 54.9147453 29.2806969
v 71.6000748 54.6664772 28.7258511
v 61.2750969 53.4487267 28.9619255
v 42.2986641 53.2950478 32.6656227
v 34.0189476 54.3181076 35.9370918
v 27.9717216 53.3810310 38.1851044
v 21.7284679 53.5685539 39.8414612
v 11.7289629 52.7532654 41.6106491
v 5.2357941 54.2954483 41.9192810
v -5.0417566 53.9392929 41.9781570
v -21.3202229 53.9316864 39.8947792
v 97.2132111 54.9765778 32.1943893
v 73.9416733 54.8349762 28.7927074
v 69.4942398 54.5077782 28.7041912
v 65.8536835 53.3968773 28.6466904
v 37.5990753 54.7019119 34.4075584
v 18.9976768 54.6487770 40.2919388
v 14.0071859 54.0450706 41.1582489
v 9.4848566 54.0635262 41.6621704
v -0.9172001 53.6888847 42.1265373
v -2.8886576 52.6272621 42.2464523
v -9.4881496 54.2013206 41.6393280
v -25.9323349 53.6369095 38.7788010
v -29.9396458 53.0633926 37.5451813
v -31.8284550 53.6969566 36.8296700
v -33.4670448 54.7907295 36.1579399
v 93.3953552 53.2793922 31.0674286
v 68.1916504 52.9033852 28.4921169
v 53.3183136 52.3500595 29.8671837
v 27.8331203 51.0825653 38.3605804
v 23.9308853 52.1685066 39.4362564
v 20.1801414 52.2781448 40.3084641
v 16.3776684 53.0380325 40.9323044
v -4.9363289 51.4929771 42.3344765
v -21.0193787 51.2085953 40.2337036
v -25.4879303 50.9897614 39.1020317
v -27.7859325 52.0926666 38.3219299
v -33.5589294 52.5227089 36.1628075
v -23.4900856 52.4892349 39.5207214
v -16.5088654 50.9848595 41.1519852
v -14.2339993 52.1255341 41.3701134
v -11.8649597 53.1906700 41.5380783
v -7.1940746 52.8673058 42.0070610
v 1.0976394 52.2114944 42.3416595
v 7.3927889 52.9391098 41.9833679
v 26.0789433 52.9904556 38.7828865
v 48.9029350 52.8383102 30.8268776
v 70.6388321 52.5222282 28.4104996
v 75.3413239 52.5433998 28.5129147
v 77.5798416 52.7829437 28.6700001
v 79.8527985 52.7964325 28.8451862
v 82.2221985 52.3486671 29.0226154
v 84.0182571 54.2476158 29.4851856
v 86.6074142 53.2788773 29.7324600
v 104.3341370 52.1377373 34.5730629
v 95.7404709 52.6282768 31.6149311
v 84.6901932 51.5969009 29.2386494
v 80.8294296 50.5488358 28.6311207
v 73.0488586 52.4151268 28.4200039
v 63.6087646 53.5690727 28.7971916
v 62.5866432 51.1221008 28.5275669
v 51.0476418 51.4345589 30.2040482
v 46.7347069 51.2982903 31.2162781
v 35.6712570 50.4614182 35.2034798
v 35.6963615 53.1230240 35.2021866
v 29.5673676 49.5808220 37.8409996
v 21.8830624 51.0927773 40.0459251
v 18.2817497 51.7473602 40.7478485
v 3.1620336 50.7632599 42.5112076
v -0.8890330 51.4918251 42.4478683
v -2.5662794 50.2198029 42.6052513
v -7.1532488 50.4512291 42.3509064
v -9.4850798 51.8379822 41.9636383
v -31.7020550 51.5186806 36.9467354
v 89.1287842 52.3783455 30.0605526
v 57.4727325 50.9794769 29.0594025
v 42.4174194 51.0410805 32.4920425
v 31.7038708 51.0057564 36.9558029
v 25.8376942 50.3446541 39.0388260
v 23.7697353 49.5076599 39.7083015
v 19.8675919 50.1494064 40.5992622
v 16.4085808 50.8996277 41.1778488
v 11.6005096 50.2703476 41.9513359
v 7.4203281 50.5511436 42.3182755
v -11.8362589 50.7786827 41.8598976
v -14.1245651 49.6098289 41.7012482
v -23.0680161 49.8110657 39.8684692
v -27.5004654 49.4147034 38.5825844
v -33.5478935 50.2173195 36.1967125
v 104.6295929 50.0392342 34.6716995
v 87.3009033 50.3797569 29.5033016
v 86.5143967 47.5518608 29.0246162
v 85.1280823 49.4268684 29.0312691
v 82.9553833 49.8986168 28.7860069
v 74.3804092 50.0274963 28.1096325
v 71.8582840 50.1355515 28.0663776
v 64.5096588 48.9660034 28.0872440
v 60.1047096 50.9658012 28.7407532
v 55.9575653 48.8233528 29.0062122
v 49.1117210 47.9567757 30.2916985
v 46.9159737 48.7773361 30.9481583
v 44.4480133 49.4909401 31.7394657
v 37.7348595 48.9904785 34.2272949
v 21.6147900 48.5401459 40.3599701
v 19.3779259 47.7444687 40.9640770
v 17.7725544 49.4175720 41.1059151
v 15.5714283 48.9822807 41.5496330
v 3.0903733 48.2493362 42.8796196
v 0.3641027 49.5623360 42.7322807
v -7.3320651 48.1189041 42.6648598
v -9.4530153 49.4510078 42.2945671
v -25.0985603 48.2516861 39.4260941
v -31.6201153 49.1230812 37.0604858
v -20.6553650 48.5152855 40.5901375
v -4.7885313 48.7353897 42.7373924
v 48.9338036 50.3281708 30.5646858
v 66.6195602 50.9386864 28.2581844
v 69.2203293 50.4554214 28.1188183
v 91.5532303 51.5185547 30.4726410
v 94.0134964 50.7224388 30.9869976
v 102.8331299 50.6171341 33.9020348
v 94.8575058 48.1906128 30.9962997
v 89.0911789 48.0717354 29.5719013
v 78.4191589 47.6714935 28.0103035
v 50.7821007 49.3197060 30.0440006
v 41.9305038 48.5817413 32.5311584
v 33.6108284 49.3422546 36.1784630
v 27.3876896 48.2871780 38.6941681
v 25.3799057 48.0160370 39.3664207
v 23.8209019 46.5955353 39.9394760
v 17.1665668 47.1158638 41.4880943
v 13.2581882 48.5807343 41.9614563
v 7.3905921 48.2404099 42.6452942
v 0.7589247 46.8332138 43.1324387
v -1.9617784 47.7475014 42.9820747
v -11.7227631 48.3243866 42.1976089
v -16.2692909 48.3433075 41.5039558
v 103.7872009 48.0403938 34.2596550
v 97.5851898 47.2373772 31.7735195
v 91.9056931 48.6662254 30.2632847
v 83.8281631 47.7008476 28.6157455
v 81.1230545 48.0838242 28.3288746
v 73.0845032 47.7143135 27.7327938
v 61.5091820 48.5330811 28.2665405
v 60.0938339 45.7487526 28.0389919
v 58.7156448 48.5724068 28.5799503
v 51.3947983 47.2376518 29.6849575
v 45.0025368 46.9261208 31.3708210
v 35.5760612 47.8106766 35.2424202
v 33.4873085 46.7445259 36.2848358
v 29.2920208 46.6888123 38.1011734
v 21.0765209 45.9759445 40.7440872
v 14.8259401 46.6464157 41.9644394
v 3.3180535 45.7049561 43.2417564
v -6.2072210 46.3775063 42.9903946
v -20.2182293 45.7846756 40.9689026
v -22.6174068 47.0937386 40.2346191
v 90.7082596 45.9801292 29.7087498
v 70.2803574 47.7529831 27.7133503
v 67.4645996 48.4657936 27.8683472
v 53.1332130 49.5077591 29.5778694
v 47.1721954 46.2353706 30.6524601
v 37.5700455 46.2457199 34.2449837
v 26.4162884 45.9016190 39.1794891
v 12.0634174 46.2121696 42.4290390
v 9.5250988 44.9108429 42.9111176
v -3.8110149 46.1311798 43.1613503
v -9.5400553 47.1580200 42.5993729
v -13.8824558 47.0644646 42.0611343
v -29.7463512 45.8804398 37.9589882
v 101.6634216 46.4118423 33.2699623
v 95.6536636 45.9813347 31.0571194
v 82.2699127 45.7582893 28.1531658
v 77.7388687 45.0197105 27.5830956
v 75.8017731 47.2064705 27.7667313
v 71.8635864 45.9248047 27.4476738
v 69.8849411 45.2177696 27.3427410
v 65.8982773 46.4299240 27.6432304
v 55.8719406 44.5938263 28.4937077
v 54.1725769 46.4246178 29.0263233
v 51.7516785 44.5540848 29.3113117
v 43.3806381 42.4497299 31.6165447
v 41.4447479 45.9698830 32.5679855
v 29.8401146 44.5186462 37.9837074
v -5.1921005 44.5746002 43.3160629
v -27.3852081 46.4156380 38.8104591
v -24.5932217 45.4705086 39.8037987
v -18.2694149 47.0782928 41.2679710
v -15.8947620 45.7208557 41.8876038
v -11.4970427 45.8642845 42.5506935
v 7.3482413 46.0150833 42.9632187
v 16.6112785 44.8013000 41.8654137
v 27.9029961 44.2448997 38.7641296
v 31.4588089 45.6411247 37.2432747
v 33.3927574 44.1821632 36.3781433
v 35.4612122 45.1819191 35.3017998
v 49.3950233 45.4356346 29.9753666
v 57.1030655 46.4069443 28.5215778
v 63.1362190 46.2332687 27.8009624
v 88.3360367 45.5853348 29.1372128
v 68.2042007 46.4429321 27.5515804
v 47.4483452 43.4607239 30.3326359
v 31.4089890 43.1972923 37.3532028
v 24.0966702 44.3666458 40.0522461
v 22.0920219 43.8464813 40.6853065
v 18.8195572 45.3982315 41.3408165
v 14.1882095 44.2953339 42.3651772
v 5.4140596 45.0800247 43.2287025
v -1.3099772 45.1470909 43.3706932
v -3.1790645 43.6427193 43.5433731
v -7.1006622 43.6862984 43.3098564
v -8.6017141 45.3555908 42.9361649
v -13.6417236 44.5980606 42.4135818
v -26.4837227 43.5563545 39.3246002
v -33.4688721 45.3169556 36.3199921
v 101.7056580 43.9022141 33.1899414
v 86.4712601 45.0671730 28.7145386
v 83.0364380 43.6566162 27.9787807
v 81.0646286 43.9950066 27.7680607
v 75.8907242 44.3952370 27.3711414
v 73.8785858 45.2193260 27.3958416
v 71.8529053 43.8163452 27.1398811
v 69.4109497 42.9882622 27.0226841
v 64.9145508 44.2104149 27.3839817
v 62.3778877 43.7992744 27.5287457
v 56.2807083 42.3156509 28.1383018
v 49.7082748 42.5889282 29.6174736
v 41.3829460 43.3985481 32.4531403
v 25.6726856 43.0124207 39.6497841
v 11.7159901 43.5889130 42.8262978
v 7.1155767 43.8441048 43.2897377
v 1.3210450 44.0777550 43.5318031
v -11.4713993 43.4034729 42.8812561
v -15.6136646 43.2414627 42.2407913
v -17.8797474 44.4202194 41.6485939
v -28.8822441 44.0240593 38.4006844
v -31.3255730 44.0621758 37.3633003
v 97.3644867 44.4014053 31.5032711
v 94.7841873 43.5912857 30.5898743
v 85.2505569 43.3421173 28.2865868
v 67.4923706 44.5713921 27.3035545
v 57.9740791 43.8997269 28.0701065
v 54.0715714 43.4619942 28.6896992
v 45.2664299 44.3023567 31.0868378
v 23.3535004 41.7486458 40.5091782
v 18.4263535 43.1488037 41.6700783
v 13.6718874 41.8934288 42.7515297
v 4.3185544 43.0876732 43.5760536
v -5.0544329 42.2829208 43.6530914
v -21.8482685 41.8622322 40.9407043
v -24.0468044 42.7963524 40.1959419
v 101.7404861 41.1807518 33.1081619
v 97.1348267 41.9271049 31.2515259
v 90.9597473 41.9995232 29.3571301
v 83.7579575 41.4275360 27.7966537
v 64.2438583 41.9745750 27.1075077
v 62.1620712 41.7622375 27.2627163
v 54.5391731 40.7436447 28.2746525
v 52.1023636 41.7329178 28.9258652
v 45.5451622 41.4995766 30.7759628
v 39.4694138 41.9692421 33.2277985
v 33.3432846 41.5634575 36.4549446
v 31.3113022 40.6310043 37.4920311
v 27.4312649 41.4236259 39.1203690
v 25.3558655 40.2650719 39.9642296
v 6.9157953 41.5557899 43.6288795
v 4.6202145 40.3125763 43.9599266
v -11.3075762 40.5036888 43.2882156
v -15.4017220 40.8690147 42.5718155
v -17.6400394 41.9487610 41.9838943
v -23.5421009 40.6907997 40.5392113
v -33.6190033 40.2744598 36.3371544
v -30.0991974 42.2859688 37.9879875
v -28.2968330 41.6671524 38.7685661
v -13.4548836 42.1769142 42.7535591
v -9.5897589 43.3893738 43.1098175
v -7.1559687 41.1734314 43.6609192
v -2.6664295 41.0224266 43.9409294
v -0.7237553 42.5066833 43.7631683
v 1.9407253 41.4183617 43.9051971
v 11.3848314 41.2254753 43.1831627
v 18.0131683 40.8393135 42.0246315
v 20.4470253 41.8176880 41.3212624
v 29.4542065 42.3510818 38.2507515
v 37.4584045 43.5118752 34.2500381
v 60.2733002 42.8038406 27.6170673
v 66.8239059 42.3615494 27.0110359
v 81.3850784 41.9645844 27.5306454
v 87.4499741 43.2539673 28.6864986
v 99.4363022 42.7800331 32.1774597
v 104.1737518 40.5029945 34.3015404
v 99.1893997 40.3475876 31.9378605
v 92.9140091 41.5949478 29.8518219
v 88.7851868 41.0099144 28.7206268
v 84.6161652 38.8640556 27.6151104
v 79.2251434 40.3204956 27.0628414
v 71.4685593 41.3650932 26.7761002
v 59.2609138 38.5791931 27.1836948
v 58.5561142 41.2604675 27.6392136
v 41.5204315 40.7564926 32.2591057
v 33.2944031 38.9217072 36.5369797
v 27.2811604 38.6931000 39.3549156
v 9.1807346 40.2610512 43.5903168
v -4.7656593 39.4258080 44.0796280
v -17.4609852 39.5813446 42.2957802
v -21.8276367 39.5149689 41.1674995
v -30.1374321 40.1857719 38.0617943
v -31.7993622 41.4107208 37.2383690
v 93.2164230 39.1417236 29.7076130
v 68.8308029 40.6374550 26.6888351
v 66.1428909 39.7910690 26.6734886
v 50.2866592 39.7923889 29.1769848
v 43.6756554 39.7016907 31.3209152
v 37.4504814 40.7366524 34.1994286
v 29.3011036 39.6728706 38.4522247
v 7.0446754 39.1858559 43.9546700
v 2.5774705 38.8182106 44.2679176
v -0.0755878 39.8838234 44.1531868
v -7.2881780 38.8259010 43.9789505
v -9.3006277 40.3071098 43.5668411
v -13.0989151 39.7985573 43.1131172
v -28.3145046 39.0726929 38.9108543
v 104.2973938 38.1011810 34.3288231
v 96.9448395 37.0910568 30.8299255
v 48.5464096 37.8183212 29.4850216
v 41.8197517 38.0156021 31.9833145
v 37.5247192 37.6848450 34.0874214
v 35.3590240 39.7694473 35.3539925
v 35.1848907 37.2180672 35.4548531
v 31.2872467 37.8962479 37.6102104
v 25.2447567 37.6750984 40.2091408
v 21.3578148 37.9606285 41.4638138
v 19.7407665 39.3853035 41.7652016
v 16.7612762 37.0759621 42.7370682
v 13.8785276 37.1609993 43.3174706
v 11.3051910 38.7739525 43.5210686
v 5.1734138 37.8027229 44.2927551
v -5.6506462 37.4372177 44.3085136
v -17.1754150 37.1783257 42.6365891
v -21.9348927 36.8141937 41.3973274
v -26.4484558 37.6473351 39.7551422
v -30.3586445 37.7383080 38.0700951
v -31.9366608 39.0100670 37.2464027
v -24.0932217 38.5985832 40.5390091
v -19.6186695 38.3264885 41.9088287
v -15.0645752 38.4735527 42.9309082
v -1.9786172 38.3422508 44.3548851
v 9.1424332 37.8634338 43.9282837
v 21.6814022 40.0621147 41.1621666
v 23.3557701 39.0195885 40.7487030
v 39.6070099 39.2237892 33.0560341
v 52.7898560 39.0109711 28.4538784
v 56.8958855 39.6719131 27.6999454
v 60.8851166 40.2782516 27.1999454
v 70.7898941 38.7126198 26.3879452
v 73.4751129 39.6455383 26.5667019
v 82.0709686 39.6611328 27.3172512
v 86.9634018 39.1438484 28.1020737
v 88.9879456 38.2973709 28.4616489
v 91.0929260 39.9074364 29.1743736
v 98.8331223 37.9859467 31.6545963
v 102.2301636 36.4997902 33.1676941
v 100.8367844 38.6239891 32.5754089
v 95.2041550 38.2724876 30.2799931
v 93.4030151 36.6698189 29.5395813
v 91.2527313 37.4132690 28.9602165
v 79.3077240 35.7858620 26.4393806
v 75.1135864 37.7450790 26.3699570
v 72.9042206 37.6535950 26.2615223
v 55.2379227 38.0730591 27.8121395
v 51.0898552 37.1841965 28.6815357
v 44.1340752 36.8323021 30.9458694
v 29.2229252 36.9289780 38.6384392
v 20.9571056 35.7483482 41.8000221
v 7.2881098 37.1078644 44.2256012
v 3.3186657 36.1759148 44.6259651
v 0.6411366 37.2511482 44.5347977
v -3.6834197 36.7777710 44.5225868
v -7.4369402 36.6373405 44.2725143
v -10.3908644 38.4846573 43.6781082
v -12.3013344 37.2906418 43.5668564
v 100.1949768 36.6233559 32.1845360
v 84.1200027 36.1933937 27.1894398
v 61.9850273 37.4347229 26.6820278
v 33.2948532 36.3483658 36.5815811
v 31.3271580 34.8146629 37.6988525
v 11.2103920 36.1037903 43.8973732
v 6.1935716 35.0884819 44.6018143
v -14.6191692 35.9310684 43.3316460
v -19.2265987 35.9721870 42.2615166
v -24.5706043 35.9608116 40.5887260
v 95.2369461 36.2036629 30.1231651
v 91.4463043 34.8447838 28.7542267
v 81.7930145 35.8786087 26.7665501
v 73.7538300 35.8344879 26.0281677
v 71.3964615 36.2802429 26.0306416
v 67.6958618 37.9973221 26.3417244
v 53.5763054 36.3920059 27.9700146
v 49.4666100 35.1912956 28.9424438
v 46.0238762 38.6332970 30.3798790
v 38.4622612 35.1832161 33.5207291
v 36.6483269 35.3325386 34.5635033
v 27.1188374 36.1192474 39.5946159
v 25.0169392 35.2425423 40.4883728
v 23.1631184 36.6473618 41.0233841
v 18.5673923 35.1313210 42.5270309
v -5.3703294 35.4375381 44.6167641
v -20.8127747 34.7065201 41.9465218
v -22.7749748 34.1316948 41.3760796
v -26.8065681 34.8408890 39.8075333
v 100.4370422 34.4839592 32.1906052
v 98.5702972 35.6793213 31.4001942
v 80.8070755 33.8206291 26.3497887
v 51.8859329 34.5808754 28.1857319
v 34.9457817 35.2543259 35.6087570
v 33.7469177 33.9550819 36.3574066
v 32.5061722 32.0027847 37.1334991
v 26.7870770 33.7360458 39.8963699
v 22.8183002 34.2865562 41.3490295
v 20.4664669 33.4283409 42.1782265
v 17.9913292 32.7927361 42.9440193
v 13.4109325 34.1106567 43.7873001
v 10.6716290 33.1195641 44.3732910
v -14.1894703 31.1795292 44.0108376
v -14.1554575 33.3626900 43.7418137
v -16.4636021 34.6081619 43.0968018
v -28.9170856 33.5494499 38.9581642
v -31.0011425 35.0222015 37.8579178
v -9.6721430 35.6822624 44.1554070
v -7.3438954 34.3408165 44.6060944
v -3.1829801 34.3005142 44.9010391
v -1.2706519 35.7013664 44.7521591
v 1.2914540 34.5703163 44.9216194
v 16.0116863 34.7258072 43.1851234
v 28.8723240 34.3496475 38.9309235
v 46.7743759 35.5573845 29.8648453
v 59.8008308 35.8659782 26.7415180
v 63.9882050 35.6539955 26.2337914
v 66.7884827 35.3804550 26.0038223
v 69.1354980 36.7473679 26.1148720
v 76.4961929 35.4334373 26.1269951
v 89.1694489 35.7493172 28.2191525
v 104.5400543 35.2876091 34.4156609
v 96.5482559 34.7762375 30.5066776
v 94.0098419 34.0484352 29.5101700
v 89.3508911 33.2182388 27.9891682
v 78.4357071 33.6340904 26.0402241
v 76.4200821 33.2459869 25.8033447
v 72.0555649 34.1192169 25.7274380
v 62.1247406 34.5256386 26.2587547
v 58.0506020 34.8523636 26.8854752
v 56.8717194 33.0947609 26.8725491
v 44.6085510 33.9491653 30.5523586
v 37.7742844 33.1627693 33.8503609
v 35.7575836 33.4557266 35.0961418
v 15.5048170 32.1868286 43.6084900
v 6.4117942 32.1993752 44.9967117
v 3.9253066 33.4199524 44.9977150
v -5.1711254 33.0960922 44.9663658
v -20.8793755 32.5475349 42.1446228
v -24.9204674 33.1303482 40.6899605
v 102.5547485 33.5740776 33.2497902
v 98.4060898 33.2486420 31.1779766
v 85.5218582 34.0862770 27.1905308
v 84.6995850 31.5819931 26.7091312
v 64.6943741 33.5251122 25.8715019
v 54.3380318 33.8035164 27.4926815
v 52.5366249 31.8668194 27.7133026
v 47.4783173 32.8061562 29.3760338
v 42.2238464 35.1406364 31.6443691
v 40.1994476 33.2860527 32.5316048
v 15.0759029 29.7111740 44.0049210
v -2.9238095 31.8125420 45.2733345
v -7.2217932 31.9558716 44.9559517
v -9.5005236 33.1970215 44.5182877
v -27.0272141 31.9825554 39.9057999
v 102.8886337 31.3896389 33.3766518
v 100.6685410 31.6407242 32.1742973
v 87.1858902 32.1638260 27.3187065
v 83.1849518 33.8797569 26.7248459
v 79.8680267 31.7589207 25.9500732
v 77.4863968 31.6000423 25.6617870
v 65.6177444 30.7663212 25.4094563
v 57.7127876 30.2961559 26.3537407
v 50.2698479 32.3160744 28.4077682
v 45.1340446 31.2267132 30.1311264
v 35.4066925 29.6008396 35.3235092
v 17.4153938 30.3713779 43.3649864
v 4.3739371 30.5813522 45.3797722
v -5.0678539 30.6963806 45.3169899
v -18.7325459 31.2478294 42.9109573
v -20.8673801 30.0197010 42.4043694
v -29.0631123 30.7994328 39.0325012
v -32.8102989 33.1053848 36.9283104
v -16.5284863 32.4102325 43.3446655
v -11.8155622 29.5290623 44.6660118
v -11.7116070 31.9911861 44.3562164
v 19.9211826 30.9754410 42.5963898
v 22.3817997 31.8594494 41.7226028
v 26.5304298 31.4095249 40.1622238
v 28.2585335 32.3322296 39.3338470
v 30.2099590 32.1932030 38.3788147
v 33.6482430 29.5300980 36.4983444
v 34.6257248 31.6736279 35.8382874
v 36.5759850 31.1747360 34.5479927
v 42.8055191 32.2535973 31.2091198
v 59.7696152 32.9103317 26.3532677
v 62.7499123 31.8622284 25.8194523
v 70.2863312 32.3528938 25.4557953
v 72.7581100 31.9292431 25.4199562
v 91.5997696 32.1789856 28.5297852
v 93.8561859 31.1636810 29.1902599
v 55.0603256 31.2836533 27.0272732
v 41.3017845 30.3366852 31.8262825
v 31.3555470 29.7266273 37.8699379
v 24.3537273 30.4043732 41.1284065
v 19.3104362 28.1617565 43.0781746
v 10.9618816 30.1612320 44.7244911
v -0.5275910 30.4242783 45.5346832
v -2.8580623 29.3503571 45.6338310
v -7.1295624 29.5574589 45.3050652
v -9.3120394 30.7561378 44.8799934
v -34.0128670 31.2844315 36.2337151
v 104.2673798 30.1042328 34.1783218
v 99.8665237 28.8805122 31.6243591
v 91.7093506 29.2104321 28.2639084
v 89.3040848 30.7037678 27.7007828
v 82.1701584 31.8644466 26.2909603
v 81.2485962 29.9014931 25.8857918
v 76.1632996 29.5343494 25.2559490
v 73.6015244 29.7146053 25.1303082
v 71.1568527 30.0073166 25.1120434
v 64.7555084 28.1734676 25.1037674
v 63.3201141 29.5959930 25.4424152
v 60.8100739 30.0176373 25.8115921
v 47.3420486 30.4096279 29.2053032
v 43.5490150 29.5235500 30.6932049
v 28.7232590 29.9995308 39.2354393
v 16.7704964 28.3431988 43.7661133
v 2.0897455 28.6989365 45.7559662
v -12.8633451 27.6739082 44.7234535
v -14.4670429 28.8508358 44.2490807
v -16.5405788 30.0140667 43.6282043
v -23.0378399 28.8335323 41.7638092
v -25.3258152 27.6148720 40.9550056
v -30.9270611 29.7627811 38.1019211
v 102.1809387 29.3942318 32.9040604
v 95.8212662 29.8940220 29.8382988
v 68.6027222 30.4428272 25.2089672
v 51.2823563 29.6167088 27.8175316
v 49.1255226 30.2634926 28.5638142
v 40.3710136 28.5053406 32.2266121
v 38.8635368 30.3873901 33.1484909
v 28.0700531 27.7361259 39.6987877
v 9.1206169 28.6161308 45.2058144
v 6.8541007 29.5170345 45.3393440
v -5.0560737 28.3068924 45.6609154
v -18.6581402 28.7506142 43.2071686
v -20.7979527 27.5152760 42.6751900
v 93.1969528 26.9030571 28.5658112
v 89.0528870 28.1396103 27.3422642
v 86.7620239 27.3219967 26.6426430
v 82.8480148 28.2657032 25.9325180
v 74.5602341 27.5184956 24.8590221
v 72.0193253 27.7204647 24.7928696
v 61.9026794 27.7489338 25.3500938
v 56.7010651 27.5917854 26.2094345
v 52.3173981 27.3154049 27.2675743
v 50.1529274 27.4680748 27.9455738
v 48.0001335 27.8807068 28.7335358
v 38.9263878 27.4173527 33.0100021
v 37.0283279 28.5738449 34.2199211
v 32.6502419 27.1653633 37.1658669
v 24.2215347 25.5375214 41.5879936
v 12.9154148 28.6961765 44.5840569
v 1.1046289 26.4332790 46.1162376
v -11.0081501 26.9815063 45.1457863
v -12.7495317 25.5630856 45.0205231
v -14.5954494 26.5248222 44.5128403
v -16.5341892 27.5811558 43.9172592
v -23.0903244 26.2224960 41.9763908
v -31.1148090 27.6679363 38.0864830
v -34.1892776 26.7566433 36.1780472
v -32.8978195 28.8605309 36.9775734
v -29.3559818 28.2142811 39.0234833
v -27.2831020 29.2053394 39.9762688
v -9.1528196 28.3378582 45.2364845
v -7.1040545 27.1830101 45.6425819
v -2.9367115 26.9243317 45.9839172
v -0.6319418 27.8849525 45.9058914
v 4.9745274 27.7469273 45.7523384
v 11.0250502 27.8993626 45.0240860
v 14.9162645 27.2355003 44.3517303
v 24.2165318 27.9507351 41.3933716
v 30.1795902 27.4719944 38.6158943
v 42.1503601 27.8227940 31.2590618
v 45.7964096 28.6049824 29.6544685
v 67.3014374 28.4199543 24.9641075
v 93.9774170 28.9985352 29.0473747
v 97.5337524 28.2098999 30.4556007
v 104.5697403 26.0118313 34.3072891
v 103.5853577 27.6103745 33.7043495
v 101.3811264 26.8753033 32.3477821
v 90.8913727 26.3540268 27.7124767
v 77.5549164 27.0226307 25.0240192
v 69.7163925 28.1490631 24.8483982
v 59.2145424 27.7895660 25.7572556
v 44.2776833 26.8792133 30.1816177
v 40.7816162 26.2586918 31.8994827
v 35.1544800 27.0119019 35.4938545
v 28.6363621 25.1839523 39.5594673
v 26.3216476 26.6632996 40.5890388
v 9.7062502 26.1626625 45.4590645
v 3.2439277 25.8841381 46.1243401
v -5.1200547 25.9440880 45.9961243
v -18.5860920 26.2750473 43.4999580
v -20.7825966 24.9757442 42.9344864
v -27.6329365 26.5734100 39.9783401
v 82.4003296 25.8934116 25.5360584
v 80.4891739 27.6518002 25.4641647
v 69.4558792 26.2456055 24.5807400
v 66.2785721 26.4458523 24.7380066
v 54.4618454 27.3315678 26.6939678
v 46.5283661 25.9843597 29.1384087
v 37.3693810 25.8140068 33.9460144
v 31.3913078 24.8171024 38.0215378
v 19.8513336 25.2380447 43.2185555
v 17.2810192 26.1325073 43.8889084
v 1.4740173 24.1342773 46.4437943
v -0.8207030 25.3827324 46.2690125
v -3.1068821 24.4547920 46.3352509
v -7.1224346 24.8433990 45.9709435
v -9.0306263 25.9437618 45.5849228
v 90.1464539 23.8881016 27.2043438
v 86.3060608 24.5672226 26.1962509
v 79.9972992 25.1125755 25.0479240
v 65.0992661 24.6928139 24.5812283
v 53.4681244 25.0857582 26.6893158
v 51.2052345 25.0419941 27.3586807
v 49.8872032 22.3950405 27.5308475
v 48.8603592 25.3172626 28.1836796
v 44.9721184 24.1912346 29.6665421
v 22.2102127 24.3303394 42.4873734
v 20.4659481 22.8484745 43.2644882
v 8.0329189 24.2075062 45.9531898
v 3.9685071 23.2029495 46.4732857
v -5.2286735 23.5852280 46.3275299
v -18.6221046 23.7923756 43.7617607
v -32.3147621 26.1029510 37.4182739
v -30.0037594 25.5828342 38.7962646
v -16.5225353 25.1552372 44.2068863
v -14.5941296 24.1633663 44.8074341
v -12.7253122 23.2221165 45.3295670
v -10.8878098 24.6113186 45.4854012
v 15.0776482 24.5784588 44.6337585
v 35.9535942 23.9887409 34.9108124
v 39.3312378 24.7268295 32.6730232
v 42.7904510 25.2148972 30.7841816
v 55.6980324 25.2210178 26.1380634
v 57.9959145 25.3781738 25.6645527
v 60.3943214 25.5489159 25.2653160
v 75.2795868 25.2183228 24.5675888
v 77.6439819 24.2335224 24.6327457
v 84.0757828 24.5088596 25.6780014
v 88.5930939 25.6353054 26.9272823
v 94.6496353 24.9017754 28.9505005
v 96.8189545 25.6314259 29.9475689
v 99.0908356 26.2353897 31.0829144
v 100.5855331 24.1477757 31.7772636
v 104.3110504 23.6500263 34.0949173
v 102.7754822 24.9964409 33.1108284
v 82.1995239 23.0382881 25.1201744
v 75.7445602 22.9559746 24.2733612
v 73.1154480 23.0869923 24.1435032
v 68.0443726 24.3032703 24.3406696
v 57.2447624 22.7991295 25.4938431
v 54.8279991 22.8236217 26.0584850
v 41.2950821 23.6102867 31.4851799
v 37.8936081 23.0659924 33.5404587
v 33.8347092 24.5386257 36.4393883
v 24.1180954 23.2021122 41.8307610
v 17.7639122 23.1804123 44.0959549
v 10.4338732 23.7459335 45.6747131
v 2.1937573 21.5176163 46.8013954
v -3.3323438 21.4952126 46.7533302
v -7.0575538 22.4574184 46.3142357
v -9.0047960 23.5985279 45.9124031
v -31.8072109 23.5355320 37.8128738
v -33.5672035 21.8561649 36.6727829
v -33.7738304 24.2918568 36.4943771
v 79.5713959 22.5850449 24.6424942
v 65.6695786 22.6107559 24.2290630
v 63.3186607 23.1358242 24.5300179
v 61.4073448 23.7017994 24.8565903
v 47.3005028 23.2976093 28.5942955
v 43.3660507 22.4492798 30.3200970
v 30.1558056 22.3728828 38.8523903
v 25.7071209 21.6106853 41.2456055
v 22.3586407 22.3974628 42.6129684
v 15.1220179 21.8654652 44.9606438
v 11.0540524 21.6773090 45.8474045
v 6.4407015 22.2809162 46.4044800
v -0.8558758 22.2541485 46.7229233
v -10.8523397 22.2658978 45.8062325
v -12.6941862 20.8760071 45.6403656
v -14.6037245 21.8087902 45.0983849
v -16.5731468 22.7511864 44.4762077
v -20.8084278 22.4764996 43.1783257
v -22.8022327 21.1198730 42.5534554
v -25.0851345 21.8394356 41.5140762
v -27.4092655 22.3986797 40.3561668
v 104.3247528 21.1303234 34.0640984
v 102.2568893 21.9890785 32.6907539
v 96.4576263 21.3800716 29.4682693
v 77.1024094 21.4615917 24.1844330
v 74.2269058 21.0864773 23.9012203
v 71.3427505 21.0008698 23.7974358
v 68.5902710 22.1658154 24.0057335
v 52.4816856 22.6454887 26.6989765
v 39.7988091 22.0100784 32.2885704
v 36.5394325 21.3738995 34.4691849
v 32.6344337 22.2702370 37.3026428
v 31.4167957 19.8572845 38.1829529
v 26.9368134 19.5498638 40.7911987
v 23.4955616 20.9177265 42.2843132
v 19.2106304 21.1719227 43.8671913
v 12.8649988 20.5878925 45.6413422
v -5.0789194 20.8496246 46.7309303
v -18.7226620 21.4062080 43.9863663
v -29.1063347 20.4025936 39.5634232
v -29.6463070 22.8372803 39.1333847
v 99.9008179 21.4454918 31.2540989
v 97.1501999 19.0741844 29.6337757
v 95.0092850 19.5218964 28.6509075
v 92.6649323 19.7009926 27.6823483
v 85.5588303 19.9697323 25.4435444
v 83.3674240 20.3288784 24.9894257
v 78.7746964 20.3910561 24.2239590
v 63.8835907 20.7641354 24.1324577
v 56.3722572 20.4971905 25.3921509
v 49.7306900 19.7383652 27.3143826
v 47.9017296 20.5805683 28.1048584
v 38.2935371 20.3276024 33.2091064
v 19.3172474 18.6900139 44.0997963
v 17.1767998 20.3595791 44.5854530
v 14.8914566 19.3535290 45.3298492
v 12.8344307 18.1354389 45.9652977
v 10.6362677 19.4750271 46.2154503
v 4.7605882 20.5532665 46.8041534
v 0.8366245 19.9682446 47.0607300
v -10.7525473 19.9280815 46.1367378
v -12.5825138 18.5260201 45.9677811
v -14.5820608 19.4737473 45.3950806
v -16.6172180 20.4311485 44.7365456
v -18.7042580 19.2271919 44.2373314
v -22.2554779 19.2840137 42.9328384
v -26.9306087 20.0070095 40.7572937
v -8.8846083 21.2427845 46.2542458
v 21.2259331 20.7283421 43.2083817
v 34.7490959 22.0292702 35.8152885
v 41.7280083 20.9054298 31.1103916
v 45.6074219 21.4164085 29.1671200
v 53.9055138 20.3800011 26.0215588
v 59.4426231 23.0636272 25.0960197
v 86.9754868 21.9192352 26.0495930
v 89.1372223 21.6483383 26.6468716
v 81.0133057 20.3527679 24.5550518
v 69.1213684 20.2152939 23.7063465
v 66.4353409 20.4340019 23.8600960
v 59.6078339 19.7033443 24.6150208
v 35.3667908 19.9140377 35.3438110
v 33.6735992 19.8736763 36.6338348
v -20.6448803 18.2272434 43.6701965
v -28.6966820 17.7664642 39.9331322
v 91.4828644 17.4113998 27.0126896
v 87.7927094 19.4724598 25.9953156
v 86.1207886 17.5516014 25.2949905
v 84.2911224 18.3510799 24.9364052
v 77.5180435 18.8689156 23.8628674
v 46.2767448 18.6680088 28.6402683
v 36.7175560 18.7837372 34.3056564
v 29.0831184 19.6968575 39.6126862
v 16.6423626 17.8828373 45.0355492
v -1.1935911 19.2764149 47.1532097
v -6.2788262 17.6061707 47.0799828
v -8.6499815 18.9212379 46.6059952
v -32.1644363 18.0209961 37.7391891
v -31.4713707 20.5988350 38.1146240
v -33.6158829 19.2909317 36.6836777
v 102.9667969 19.5994873 33.0778427
v 93.6442719 17.8903809 27.9119606
v 79.6178284 17.7449074 23.9776955
v 75.3650360 18.7844925 23.6505928
v 72.6792908 18.7761345 23.5009441
v 67.5138626 18.2967262 23.4843254
v 64.9038086 18.4608021 23.7022018
v 62.1216393 18.5707893 24.0507908
v 57.5215225 18.0690098 24.8127594
v 56.3230019 16.4130154 24.8882313
v 55.2521057 18.2393951 25.3906345
v 50.6321373 17.6850109 26.7697525
v 43.7785034 19.3602905 29.9108868
v 41.8402596 18.6668396 30.9198017
v 40.1644173 19.3591747 31.9593639
v 38.5003548 17.3386612 32.9848480
v 5.4800682 18.0027103 47.1127892
v -3.6913440 18.4328442 47.1769333
v -10.5036325 17.6195908 46.4886055
v -12.2909632 16.1475010 46.3360672
v -14.4746494 17.1209202 45.7155418
v -16.5845108 18.1452847 45.0172729
v -22.8245049 17.2486420 42.9008675
v -24.5629044 19.1552830 41.9696693
v -26.6743469 17.9697819 41.0349655
v -30.4891167 17.9564590 38.8475571
v 102.6244507 17.3418522 32.7796593
v 93.2029343 15.7141218 27.5301075
v 82.3330002 17.9816380 24.4751434
v 76.9965591 16.7820282 23.5110455
v 74.3052902 16.4237385 23.2351494
v 59.8310432 17.2781487 24.2432556
v 52.9212799 17.8907700 26.0279598
v 49.2440262 15.5240870 27.0803261
v 40.7199593 16.9556389 31.5022907
v 32.5148582 17.4696674 37.5110168
v 27.9395847 17.4018059 40.3921394
v 26.0738945 17.5835075 41.3645515
v 13.2934628 15.6749468 46.1793671
v 9.3892717 14.7336817 47.0776749
v 3.1434381 16.7014771 47.4627724
v 0.8423902 15.5446968 47.7023468
v -1.3828467 16.8266811 47.5040588
v -27.7008419 16.0079556 40.6045570
v -25.2627583 16.5177498 41.8517647
v -20.8673534 15.7835455 43.8379326
v -18.6711349 16.9511490 44.5035210
v 0.9346783 17.8646812 47.3648338
v 7.8187575 16.4074268 47.0728264
v 15.6759520 15.5125113 45.5900955
v 24.3128338 16.7800198 42.2743874
v 30.2051468 17.4452038 39.0471954
v 44.8255501 16.5860863 29.1749458
v 48.4799385 18.0101299 27.6291561
v 70.0577545 18.3648853 23.4120808
v 88.6910934 16.7268353 25.9522533
v 101.2288513 19.3107395 31.9379387
v 104.4137650 18.6032982 34.0820923
v 100.5322113 16.8520203 31.3976021
v 71.5106583 16.2085590 23.0965862
v 68.8011703 16.1164036 23.1102695
v 61.7300262 16.1333771 23.7630348
v 54.4158974 15.8600521 25.3397255
v 51.8260269 15.0750837 26.0732174
v 47.0113525 16.0501270 28.0851784
v 42.7205925 16.7947807 30.3117657
v 34.8711510 17.3998451 35.7411194
v 33.4251785 14.8709803 36.9037132
v 20.5023479 16.2347584 43.9254646
v -1.6294181 14.4770756 47.8428345
v -3.9630668 15.8746529 47.5266876
v -6.9130454 14.8426704 47.4029732
v -9.8887405 15.3075666 46.9047089
v -11.8352680 13.7033148 46.7537766
v -14.2484045 14.7203979 46.0699081
v -16.5014019 15.7983866 45.3205452
v -33.7401390 16.7753239 36.6299667
v 84.0967407 16.2392826 24.6225758
v 70.2976074 13.9769325 22.7665615
v 66.2125320 16.2527370 23.2722492
v 58.1454086 15.6056328 24.3568058
v 39.5244026 14.8876772 32.1959190
v 28.9638405 15.2906637 39.9211464
v 27.9985809 13.0894423 40.6197701
v 21.6151848 14.1725378 43.6939125
v 17.1560135 13.4764032 45.3938713
v 11.5008831 13.9703970 46.7928047
v 7.3143940 13.9927406 47.4828224
v 5.3202939 15.4450178 47.4952202
v -18.6597633 14.5591955 44.7701950
v -20.8772564 13.2846003 44.0856285
v -30.0042343 15.0972176 39.2815666
v -32.0485535 15.7644815 37.8907204
v 97.3278351 14.3279591 29.4032745
v 83.9523849 11.5718985 23.9970474
v 62.9025192 13.8291759 23.2754459
v 56.2734604 13.9625597 24.5988922
v 38.5852318 12.9979811 32.7872467
v 29.9347057 13.4765043 39.4018631
v 18.9020653 11.7109108 44.9986992
v 2.6766026 11.7687817 48.2062874
v -1.8553245 12.1120548 48.1827774
v -4.1660838 11.0035486 48.2229614
v -6.5172362 11.9354992 47.8624268
v -13.9559088 12.2856579 46.4476814
v -16.3638592 13.4039001 45.6472511
v -22.8670273 11.8148422 43.3742905
v -25.1219959 12.2214746 42.2483788
v -31.9973240 13.2531939 37.9995689
v -33.7805595 14.3281851 36.6290283
v -28.3343239 13.7203369 40.3761864
v -27.1513195 12.2777205 41.1479492
v 0.5865122 13.1706009 48.0610962
v 4.9819884 12.9268665 47.8815308
v 9.4215107 12.4086428 47.3887024
v 14.2513609 12.6625710 46.3219490
v 19.4407768 14.0229588 44.5504303
v 35.5731049 14.5397434 35.1811295
v 37.5514679 14.6705399 33.6090317
v 41.5307732 14.6710224 30.8869419
v 43.5530281 14.4116545 29.6928596
v 45.6040154 14.0423174 28.5880203
v 47.7357597 13.5461006 27.5411549
v 60.3602295 14.6432304 23.7890224
v 73.2499161 13.7943525 22.7985077
v 76.1718597 14.4159012 23.0895081
v 78.8163681 14.9013729 23.4674244
v 86.0723495 12.6789198 24.6888237
v 94.9596863 13.8677731 28.1601887
v 99.6652679 14.4257784 30.7432537
v 102.2118835 14.4346085 32.3941154
v 103.0201721 11.6049576 32.8898544
v 96.4744720 11.7960558 28.7669888
v 88.3572006 13.8183098 25.5144882
v 84.0336761 13.8975277 24.3100910
v 80.3298950 12.8870878 23.4209232
v 77.9016113 12.5781860 23.0131474
v 69.3247223 12.1493206 22.5142574
v 58.6956558 13.0042000 23.8973217
v 51.7498474 12.0521450 25.7770691
v 40.3127975 12.6255770 31.5678406
v 31.8635521 12.4226589 38.1184273
v 23.8794022 14.4225760 42.6743584
v 20.7134361 12.4144211 44.2403984
v 11.7458591 11.8592529 47.0219307
v 8.5393496 10.4097013 47.8079033
v -18.5613728 12.1608009 45.0685196
v -20.6623592 10.8895254 44.4121246
v 104.3908081 13.3005705 33.9785309
v 94.2030869 11.1909294 27.5713787
v 92.5715942 13.1035395 27.0092621
v 89.8365173 10.2391615 25.6279602
v 75.4488068 12.0943708 22.6868782
v 73.4206314 11.4822121 22.4626884
v 67.5334930 11.0622540 22.4301872
v 55.2933617 11.8403053 24.6007271
v 49.8933220 13.1389427 26.5895481
v 25.6406059 12.5476274 41.9604683
v 16.7507000 10.8288641 45.8309097
v 12.8657446 10.1058960 46.9976196
v -31.9228706 10.7431231 38.1335793
v 104.7029419 11.2022028 34.1975136
v 100.9065399 11.9986744 31.4075203
v 98.6748505 12.0568218 30.0084248
v 91.8553391 10.5394640 26.4638939
v 88.0953522 11.3904743 25.1525745
v 79.3803177 10.7669172 22.9706516
v 77.0417099 10.3059263 22.5864983
v 71.4085464 11.8710575 22.4600983
v 60.9737892 12.0085421 23.3241386
v 57.1207619 11.2911673 24.0410461
v 42.3059196 12.2576094 30.2789173
v 38.9320679 10.8242226 32.4699936
v 29.5609951 11.3440933 39.7471962
v 27.3637466 10.7180796 41.1313171
v 22.9744263 11.8474283 43.3228226
v -4.2786198 8.7037668 48.5466919
v -6.0241723 9.8483410 48.2186584
v -11.4554873 11.1929426 47.1675644
v -13.7161160 9.8728752 46.8127213
v -16.1947231 10.9591675 45.9917107
v -22.6144485 9.5613728 43.6992912
v -24.3691750 10.4276333 42.7836838
v -30.0818043 9.1543341 39.5101242
v -33.9426079 11.6836071 36.5500183
v 103.9444122 9.3378086 33.5575256
v 101.9781189 9.5478134 32.0570145
v 99.8724136 9.7672491 30.6237144
v 85.9758072 10.1856546 24.3585529
v 83.4974823 8.7967758 23.5266800
v 81.7415085 10.9668293 23.4280357
v 73.2607498 7.3940668 21.8648987
v 63.2079468 10.9149828 22.8275490
v 59.2386169 10.4105864 23.4377842
v 55.5150146 9.5911932 24.2611198
v 49.2147751 9.1682472 26.4740906
v 37.4890556 9.0392351 33.5448914
v 31.1428661 9.6526241 38.7446594
v 0.3078712 10.7084665 48.4205437
v -8.7519693 9.5510378 47.8883400
v -26.3169403 10.3373804 41.7566376
v -31.9756508 8.5202703 38.1617088
v -33.6647072 9.1142855 36.8107796
v -20.4555302 8.5583391 44.7330132
v -18.4321632 9.7747297 45.3783607
v -2.0638237 9.7381048 48.5230446
v 2.4796119 9.1368322 48.5977135
v 4.7566109 10.3478136 48.2709808
v 10.5384951 10.2287436 47.4846344
v 33.2708435 9.9279556 37.1137314
v 36.7803574 11.9676924 34.1672401
v 44.3162384 11.9558392 29.1049900
v 46.3519478 11.6022692 28.0195236
v 49.1594467 11.1860714 26.7034149
v 53.6222000 10.7540865 24.9822121
v 65.4247208 9.6854649 22.3957615
v 72.1960449 9.7020111 22.1611748
v 74.6235886 9.7580795 22.2828865
v 96.8715363 7.4824443 28.6571827
v 90.7258148 7.9476905 25.7334461
v 88.2174530 8.9757681 24.9113121
v 78.4984131 8.9006433 22.5757809
v 69.8297424 10.1064920 22.2099686
v 61.2554436 9.4191027 22.9184532
v 47.0532799 9.3083954 27.4783821
v 45.0420837 9.6532850 28.5389557
v 35.3890305 9.6493130 35.3328552
v 28.8881760 8.6654282 40.3220024
v 23.0063515 8.9969378 43.5706444
v 20.8544426 10.3056536 44.3910103
v 18.7859669 9.2357578 45.3095703
v 13.9935713 7.9385304 46.9832916
v -2.2822325 7.3244524 48.8665962
v -6.4082017 7.7368250 48.4779587
v -11.5325966 9.0632877 47.4329758
v -13.2593956 7.5047593 47.2281761
v -16.0831432 8.2160015 46.3509140
v -24.9159737 8.3016443 42.6631317
v 98.9137878 7.5193872 29.8852787
v 81.6310959 6.5695562 22.8067608
v 70.5971451 7.7241154 21.8516178
v 67.8695297 8.2667236 22.0125580
v 63.2696800 8.3153439 22.4488220
v 59.5722504 8.2839336 23.0861645
v 57.6333771 8.7493792 23.5852623
v 53.6140633 8.0911083 24.6774712
v 47.7253723 6.9481440 26.9462872
v 39.6316452 8.2506990 31.8656750
v 34.3643761 7.5244021 36.2307854
v 16.6234207 7.9897099 46.2061691
v -17.4432564 5.9344544 46.1643372
v -26.8059311 6.3201427 41.7542839
v 104.7354660 7.3403268 34.1789055
v 99.9378052 5.0240350 30.4242210
v 71.4136429 4.9561276 21.4547253
v 69.1294250 6.1947341 21.6481857
v 67.3121643 6.0209022 21.7130299
v 58.6383705 6.4989595 23.0600262
v 42.0072517 7.4840670 30.2018356
v 38.2729607 6.4499526 32.8460159
v 18.9218445 7.0220098 45.5079727
v -0.0412421 5.6910567 49.1461830
v -12.6789646 5.0152955 47.6945572
v -20.0299816 6.0331006 45.1676521
v -24.5390453 5.6877847 43.0793571
v -31.2401848 6.5692468 38.7902107
v -33.4504967 6.5627341 37.0315247
v -22.4664574 7.2108331 43.9868736
v -8.3984928 6.4417057 48.3810005
v 6.9545641 5.2804017 48.7539558
v 12.6334772 5.8868909 47.5981216
v 23.0216675 6.3727913 43.7989159
v 25.0897942 7.6657944 42.6293831
v 27.1971550 6.6906023 41.5042076
v 36.2922440 7.0804935 34.5238647
v 43.9274750 8.0354290 29.0504665
v 45.6010475 7.4140058 28.0677471
v 50.0136299 6.8993573 25.9049530
v 51.9310722 6.8967657 25.1397514
v 55.8534431 6.6258759 23.8096161
v 76.3317108 7.5760632 22.1250038
v 79.0821991 6.9177685 22.3911552
v 86.1613464 7.4937654 24.0875492
v 103.0420380 7.1291609 32.7785378
v 102.0297546 4.7821422 31.9215183
v 92.7232208 6.0040159 26.4052277
v 88.5119019 6.3671064 24.7161522
v 63.1927910 5.8460736 22.1195354
v 60.6073151 4.5246902 22.3679810
v 53.3800468 5.4653573 24.4590073
v 43.9473534 6.0144510 28.8993683
v 40.3043594 5.6485224 31.2702885
v 33.3517799 5.4695597 37.1256027
v 29.3513012 6.0599155 40.1549911
v 25.3110771 5.1863184 42.6945877
v 15.2380915 5.7368059 46.9106026
v 9.6935806 6.0449991 48.2190971
v -20.5114231 3.8607202 45.1858521
v -22.3351707 4.7377381 44.2760086
v -29.0844707 6.5221400 40.3043671
v 97.8843765 5.2307005 29.0939407
v 96.0919266 5.4565654 28.0707664
v 84.1046906 5.8882513 23.3063717
v 82.3496704 4.1966910 22.6482334
v 77.4010925 4.8435426 21.8619022
v 74.6039429 4.9187541 21.5814056
v 65.6863556 4.3908267 21.6098366
v 57.6484566 4.2626314 23.0137558
v 55.1536713 3.8220441 23.6720829
v 43.9307022 3.9438887 28.7739716
v 37.1341591 4.5738440 33.7500381
v 35.2622795 5.0239201 35.4396706
v 31.3968487 5.7508855 38.6892242
v 27.7830448 3.9971914 41.3019066
v 17.7995720 5.3485126 46.1071701
v 13.9088793 3.7812254 47.5380325
v 4.4448581 4.5938640 49.1221771
v -0.1336841 3.3231046 49.4957924
v -6.4519424 5.4979982 48.7859421
v -7.8728118 3.9941466 48.7906876
v -26.3889370 4.0035806 42.1700974
v -28.4025211 4.4064522 40.8789368
v -32.3640594 4.3651376 37.9791031
v 104.4452057 4.5729837 33.8923264
v 90.6204834 5.0040417 25.3837318
v 90.5977783 2.2918601 25.0882530
v 88.8265457 4.0595407 24.5778313
v 68.6018829 4.2568645 21.3834801
v 61.5809021 2.0556951 21.8467560
v 48.6844292 4.1694031 26.2342167
v 42.2774010 4.7158432 29.8659439
v 38.9687920 3.9772186 32.2169724
v 32.1953125 3.8694274 38.1231079
v 20.6186104 5.0063510 45.0314255
v 2.0919428 3.8046899 49.3857956
v -9.8317833 2.1610184 48.7116089
v -14.7833986 2.7312648 47.4105644
v -18.5365162 3.9959040 45.9778557
v -21.9803543 2.2677810 44.6746063
v -24.3458195 2.6568775 43.4365158
v -30.3888493 4.4449983 39.4877319
v 102.9275208 2.2513473 32.5591965
v 96.5122833 2.8239081 28.1052551
v 67.6867905 2.0784242 21.1168880
v 63.1240158 3.7365110 21.8341522
v 64.5167084 1.7586254 21.3639641
v 48.6387215 1.6660489 26.0126896
v 40.7680511 3.0689833 30.8262939
v 39.4317207 1.8449494 31.7832718
v 37.8949356 2.1674759 33.0449066
v 23.8043823 1.4430507 43.8229408
v 23.2951031 3.7849851 43.8894539
v 12.6678228 1.8845236 48.1173592
v 8.8616982 3.5682225 48.7020836
v -0.3236338 1.5566776 49.7605057
v -7.3803182 1.8415031 49.1655922
v -26.1783943 1.8484131 42.4458733
v -29.6046371 2.6379902 40.1470146
v -5.2337103 3.6310780 49.1916428
v 10.2365818 1.8233036 48.6808815
v 16.4285908 3.5047238 46.7995033
v 18.9994583 2.9052019 45.9213791
v 25.6893482 2.6913040 42.6772919
v 30.2749577 3.8794372 39.6023750
v 33.9483414 2.7023602 36.6538467
v 36.0911942 2.4521601 34.6622810
v 42.6806450 2.2926192 29.4593754
v 45.9230652 4.6626968 27.6779613
v 76.0930023 2.4410107 21.3622398
v 78.5555496 2.3918972 21.6772747
v 94.2874756 2.0071766 26.8081627
v 85.7170486 2.0205681 23.2806129
v 83.2700806 2.0115860 22.5893002
v 54.7031097 1.7384969 23.5586510
v 52.9454231 2.9420478 24.3203850
v 50.6733665 2.2070506 25.1413422
v 46.7553215 2.0875027 27.0126247
v 44.6986465 2.1453176 28.1857471
v 27.5455990 1.7178539 41.6051483
v 21.4277878 2.1693063 44.9489326
v 17.4998245 1.3831732 46.6671181
v -12.2371092 2.4297178 48.1485291
v -19.5863190 2.0467403 45.7723465
v -27.9360313 2.1868854 41.3161316
v -31.2995377 2.2446110 38.8919868
v -34.0419884 4.3363185 36.5528641
v 98.8429413 2.6017115 29.5428352
v 88.1449203 2.1232066 24.1036606
v 80.9121628 2.2360609 22.0754166
v 73.3380814 2.4026039 21.1406631
v 56.8265648 2.0044851 22.9430828
v 29.4143639 1.9072957 40.3190994
v 8.2186203 1.6463537 49.0759850
v 4.1560955 2.0915220 49.5071869
v 1.7446446 1.7054204 49.7050209
v -17.2577763 2.1126308 46.6758614
v 22.8090420 200.0242615 28.7887993
v 109.9551086 200.0000000 39.2444305
v 107.8337860 200.0000000 37.1231079
v 46.9809914 199.7510071 46.2389259
v 89.4280014 199.8157043 48.4522438
v 59.7696381 199.6641693 51.0234375
v 100.9700928 199.9144592 42.5115204
v 49.1740189 199.7634125 47.0374031
v 99.0100632 199.8835297 44.0419159
v 44.0302238 199.7274780 45.1116295
v 39.7640953 199.8314819 41.4239006
v 37.5895348 199.8352356 40.0183563
v 31.3773155 199.9271393 34.3400764
v 44.9679260 199.5307312 47.7752228
v 102.9993439 199.9467773 40.7485046
v 70.7731781 199.7712402 51.5165443
v 32.8865623 199.8807068 36.6692505
v 24.7502022 200.0017395 30.0511093
v 30.0959377 199.8995361 36.1688385
v 57.8023987 199.7234039 50.1676674
v 61.9006119 199.7237701 51.0153885
v 75.7188187 199.6779633 52.0428467
v 82.1785049 199.8264008 50.1153145
v 28.9132919 199.9442444 33.4526062
v 78.0091324 199.6520538 52.0554466
v 103.3816376 199.8650513 43.1273041
v 96.9842300 199.8640442 45.1624718
v 60.6648445 199.4321136 52.7998352
v 55.5799103 199.4903412 51.3119621
v 50.0648575 199.5789337 48.9684982
v 24.1504784 200.0541992 32.7067757
v 38.8584137 199.6146698 44.8056145
v 39.9995766 199.7090912 43.3994713
v 41.1689377 199.6295929 45.0867500
v 53.0444069 199.6215515 49.6097183
v 91.0574036 199.6477356 49.7730598
v 92.1221085 199.8125000 47.6259270
v 88.7806015 199.6076202 50.6887627
v 66.5345535 199.3636475 54.0192413
v 47.4841156 199.5437469 48.4733734
v 27.6311111 199.9523621 36.1123276
v 28.8060551 199.9188538 37.8009453
v 76.6334457 199.3196564 54.5052261
v 107.5402222 199.9545441 40.1692009
v 105.3305054 199.9155121 41.4589958
v 90.9396133 199.4352570 51.8785973
v 38.0762215 199.7119751 42.5788956
v 50.6790352 199.3239288 51.5665855
v 58.9772835 199.1648865 54.5246696
v 64.6287460 199.1044312 55.6642914
v 79.2287292 199.2988281 54.4959221
v 85.9338455 199.3181915 53.6624527
v 107.2377853 199.8935852 42.3727493
v 109.6501999 199.9204559 42.4232521
v 48.1018677 199.3466797 50.8052559
v 42.1122513 199.4998627 47.5049896
v 53.2482224 199.2709198 52.6081047
v 55.9260712 199.1700897 54.0117188
v 81.7832108 199.2838287 54.3998871
v 103.9069519 199.7752228 45.1551170
v 69.2841339 199.2531586 54.9499016
v 61.8213539 199.1506805 55.0197296
v 58.0941582 199.4369812 52.2856712
v 39.8249474 199.5342712 46.5782852
v 74.9411774 198.9626465 57.0111580
v 88.1694260 199.1040039 55.0992966
v 99.2270279 199.7252045 46.7536736
v 103.5542755 199.6533661 47.3827591
v 101.4569397 199.5896759 48.4586906
v 95.8071136 199.3411102 52.0597191
v 78.0450287 198.9612579 56.9293938
v 51.2033386 199.0832977 54.2233658
v 48.6859970 199.1480103 53.3025932
v 93.3311310 199.2681427 53.0734901
v 105.6340332 199.7251892 46.1515884
v 96.2800064 199.5348511 49.8885193
v 80.8186264 198.9778137 56.6738815
v 67.3608093 198.9906616 56.6627693
v 62.9482803 198.8565216 57.3683014
v 37.2704849 199.5631256 46.7521935
v 39.4107819 199.4662323 48.5224419
v 45.6644096 199.3692932 50.0581551
v 60.2337990 198.8960724 56.8388062
v 88.4376297 199.3686981 52.8926353
v 107.7184448 199.8192596 44.4872017
v 53.4435692 199.0135498 55.1646500
v 85.6501389 199.0438538 55.8267136
v 72.5164871 198.7781525 58.2972641
v 65.4535522 198.7807159 58.0947723
v 30.7308807 199.8455200 41.3785591
v 35.0118752 199.6491699 45.8232269
v 28.5389194 199.9419861 39.7726593
v 31.8662758 199.7902832 43.7023239
v -32.8804665 200.0000000 37.8302116
v -30.7591457 200.0000000 39.9515305
v 6.2922826 200.4784088 25.2692356
v 14.0043373 200.1551514 25.1115742
v -0.4147293 200.2793884 22.8217258
v -30.5326824 200.0533905 33.2744255
v 2.2633400 200.2499542 22.7834988
v -14.9115391 200.3219910 25.6772919
v -28.4686775 200.0926361 32.0633202
v -10.0263166 200.6762848 26.8407688
v -1.0922517 200.5484924 24.7025318
v 16.5980053 200.1479645 26.4574661
v 12.1425896 200.1348724 24.0731449
v 3.6697528 200.4993134 24.8550301
v -28.7557659 200.1293640 36.8704300
v -21.5400734 200.3560486 30.1501427
v -15.0987978 200.5633850 28.0227547
v -26.3443298 200.2087708 33.0920105
v -5.1913643 200.6629639 25.6905499
v 10.2378941 200.6598206 28.1043606
v 20.3498440 200.2806244 32.0606194
v -19.3467407 200.3843689 28.7114449
v -28.5605736 200.0921783 39.3866844
v -21.5905590 200.5391235 34.8284416
v -26.5075512 200.2246399 38.0217628
v -16.4293079 200.8024292 31.9600582
v -8.6307917 201.0017853 28.9920654
v 25.0326405 200.1207581 36.6475182
v -13.8710222 200.8547516 30.3689709
v 26.7333088 200.0427856 38.2747116
v -18.9915714 200.6882019 33.3922653
v -4.4240661 201.0663300 28.4202328
v 18.9077988 200.5227966 33.3674011
v 8.4067430 200.9840088 29.5311451
v 21.5308781 200.3087769 34.0311050
v 16.5137653 200.6567841 32.1941299
v 3.1011581 201.1117859 28.7988586
v 0.8676624 201.1242828 28.6076279
v -21.5547523 200.4732361 32.5365715
v 13.6892614 200.7309113 30.6315994
v 4.7101464 200.7816162 27.0262642
v -6.0526228 200.3082581 23.3031483
v -7.1291990 200.8585968 27.4265060
v -2.6065769 200.7694702 26.2150116
v -0.1955158 200.8160706 26.5270329
v 9.8580551 200.2083588 24.0233498
v 20.4571018 200.1626129 30.0285854
v 18.5151672 200.1867218 28.6651669
v 5.0098720 200.2351685 23.0196762
v 19.2657356 200.0590057 26.6029739
v -3.1348040 200.3730164 23.4977093
v -12.5704641 200.3321228 24.9223080
v 7.6214981 200.2495575 23.7153568
v -36.2655716 7.6227584 36.3386765
v -36.7713661 14.3760977 37.0047569
v -36.6986275 16.8876610 36.9734802
v -36.5004616 40.2460365 37.2755203
v -36.8611526 55.8977356 38.7676010
v -35.1825981 108.7670822 37.3014526
v -35.0784531 115.5922241 37.1424637
v -34.6245461 130.8289795 37.7278175
v -34.2991447 162.2636719 37.0526543
v -36.6060715 22.7728825 36.9776306
v -35.8913879 72.1430283 37.2826576
v -35.8204842 74.8220673 37.2072754
v -35.7085495 81.1331406 37.2271385
v -35.8899727 84.8315201 38.8719368
v -35.4255562 96.8833313 37.6682091
v -35.1123161 113.3143158 37.1867447
v -34.7999344 114.9749680 39.0708733
v -35.0320053 118.1740112 37.1196289
v -34.9076729 124.0766830 37.2100029
v -34.2514114 164.5836182 37.0677299
v -33.9579468 188.6596375 36.9301605
v -33.9246979 197.4763794 36.8216209
v -36.6377373 9.8699856 36.7764130
v -37.4527054 32.7858849 38.4784279
v -36.1646233 54.7760162 37.1451416
v -36.2937393 57.5638466 37.5716095
v -36.4866409 71.0143738 39.2639465
v -35.6525230 84.0097427 37.2071991
v -35.4832344 91.3826752 36.8116341
v -35.2735291 102.3137360 38.9430199
v -35.0404091 107.8316803 39.3739090
v -35.0192986 121.2890091 36.9329033
v -34.8024368 126.2653046 37.4664497
v -34.0877457 174.1007538 37.0649261
v -32.9421310 175.5401154 38.5545349
v -32.5583382 196.4265137 38.2565804
v -32.5800972 198.5028687 38.1733742
v -34.4053955 159.5395355 36.9528618
v -34.6605186 151.3874359 36.7070656
v -34.7600822 143.4258423 36.7301521
v -35.1471786 111.0544510 37.2497139
v -35.7123718 77.8398438 36.9751015
v -36.3448067 43.4882088 37.1035233
v -36.2896690 37.1986008 36.8463669
v -36.4422035 31.1157589 36.9416924
v -36.5325623 28.4986134 37.0023956
v -38.2588997 12.9947710 38.6904297
v -37.0203667 19.7266083 37.4324532
v -38.0642586 24.4765759 38.9417839
v -36.6160316 25.7697144 37.0533867
v -37.2466087 48.0650520 39.0029984
v -36.2837486 49.7788086 37.2065201
v -37.0658150 65.6497269 40.3511429
v -35.9788132 69.3456039 37.3923645
v -36.1469460 79.3990860 39.2105026
v -35.9214897 86.8160172 39.6341629
v -35.6675110 93.1824951 39.8527184
v -35.3586693 99.7649307 37.8611031
v -34.8730087 112.6360245 39.1791039
v -34.7161598 117.4241333 39.0166397
v -34.4520378 124.9073410 38.9783096
v -34.2825966 145.8977051 37.6953964
v -37.2730408 35.5370483 38.3291054
v -37.2760849 50.9430237 39.2736473
v -36.6567650 68.3737488 39.4767570
v -35.6740799 91.3192062 38.9997864
v -34.9543495 110.2731552 39.2714005
v -33.9436188 129.7240448 40.1001244
v -34.5108337 136.9403534 37.6544075
v -33.8742027 138.9390106 39.1614075
v -33.8215332 143.3212891 38.8988647
v -33.5809860 150.5328064 38.8623695
v -34.0097618 153.2121735 37.8866005
v -32.0920601 159.9283752 40.7987785
v -33.1940804 165.6139374 38.6511269
v -33.1952820 163.4608002 38.7621880
v -33.2067795 160.9666290 38.8827400
v -34.1918907 156.7400970 37.4102669
v -34.5395317 132.8355103 37.8409805
v -34.6196785 120.0959778 39.0124016
v -35.9653206 63.5826645 37.0489883
v -37.8078728 27.2372894 38.7274094
v -38.1958961 10.4995899 38.5303421
v -39.1204300 16.8971577 39.8866653
v -37.7032280 55.2301064 40.6143227
v -37.0520287 59.7853279 39.5856323
v -37.8317795 66.2988281 42.7119331
v -35.1711159 103.0849838 41.2685738
v -34.5285454 114.2462769 41.1446877
v -33.0238724 145.7310638 40.4582138
v -31.7013264 155.2150116 41.9751091
v -32.1138573 162.3828735 40.5535011
v -31.5586147 194.6454620 39.3711243
v -31.1480160 197.0867157 39.6887054
v -31.7648144 174.7427216 40.1660271
v -33.1011200 158.3993073 39.2154160
v -33.2542610 147.6827545 39.7663803
v -34.5174103 122.7647171 39.0339890
v -34.1298332 121.6996155 41.0016937
v -34.7877083 109.4741364 41.3473167
v -35.3224258 100.6045990 40.6855354
v -35.8644753 91.3541794 41.1943665
v -36.0345383 82.3809128 39.2089577
v -36.6522102 77.9079208 41.2256050
v -38.6702690 31.4060917 40.1859512
v -38.4079132 21.7977962 39.2594414
v -38.7991714 19.3252125 39.6247826
v -39.4406281 8.6232758 39.8300095
v -38.9537621 6.1637163 39.1927605
v -39.4426651 14.3508568 40.1305122
v -38.8965836 38.2314034 41.0960770
v -36.2407188 86.8871460 42.1043510
v -35.9140587 89.0798569 40.4757805
v -35.7642288 93.6873627 41.7728386
v -35.4291954 99.0737381 42.8518333
v -33.1491318 131.2255402 42.4327011
v -33.0525360 134.0280457 42.1370583
v -33.4697113 136.6213531 40.5054092
v -32.8313293 153.1287231 40.1110001
v -40.6562843 6.8108702 41.0464554
v -40.8866119 8.8562880 41.4279099
v -40.1368179 11.3827028 40.7501564
v -40.5071640 15.7958136 41.4791031
v -40.0710945 20.6840744 41.3017235
v -39.1764488 26.0134411 40.5234070
v -39.8829155 37.5010567 42.6107903
v -38.5781631 41.0041122 40.8195190
v -38.3678513 43.8377037 40.7201767
v -39.2399635 45.3151817 42.4587784
v -39.0670357 48.1569290 42.5282669
v -37.9061317 63.9256935 42.4382477
v -37.3696060 73.9634781 43.1045609
v -36.7963142 75.1555328 41.1544876
v -36.1733055 89.1662140 42.9187241
v -35.6246872 96.3792725 42.7067719
v -34.9174614 107.0946198 41.4957199
v -34.6536522 108.7477188 43.3607559
v -34.6551857 111.8724213 41.2619209
v -34.1292915 115.8391800 43.1228333
v -33.9550743 118.2235489 43.0456505
v -32.8938560 138.9196930 41.6814079
v -30.2549438 186.9955292 41.2269402
v -31.6022148 185.5605621 39.7408180
v -31.8309975 182.8623505 39.6141243
v -30.7931862 173.3472137 41.5850334
v -32.4673309 172.8459473 39.3287048
v -35.0205994 105.1329041 41.8493843
v -36.0371094 91.5262527 43.3657761
v -36.2655334 84.2960815 41.1338844
v -36.5280495 81.0189056 41.5603142
v -38.1566162 49.3010597 40.8785591
v -39.5499191 35.4391479 41.8507881
v -39.7487793 32.5886497 41.8739166
v -40.2982559 18.2234879 41.4018860
v -33.4422455 125.7490005 42.7901077
v -32.2034950 145.1662598 42.3369102
v -32.0901146 148.0315857 42.1507301
v -31.7017727 150.5614166 42.5833626
v -30.4904118 181.3673248 41.3351936
v -30.3221741 184.1958466 41.3396759
v -29.4827194 197.7367401 41.3625107
v -31.1349430 159.2045898 42.4872742
v -30.5798588 178.5323792 41.4435501
v -33.2950630 128.5285339 42.5770760
v -33.7704620 120.6711273 43.0299301
v -34.2919884 113.4773560 43.2240906
v -34.8278847 106.4540100 43.4521217
v -35.0264549 104.0577621 43.3903770
v -35.2360649 101.5180435 43.1256409
v -35.8790665 93.9347000 43.9289742
v -36.7026634 83.0819626 43.3357162
v -36.9324455 81.0647430 43.6821136
v -37.1889801 76.4770432 43.1514740
v -37.7236481 68.8914261 42.9778214
v -39.4264221 42.5532684 42.4443932
v -39.6376495 39.8555679 42.4781265
v -40.3859177 25.2615128 42.0932083
v 44.5017929 0.0144838 34.0877991
v 23.3854465 0.2300467 46.1770210
v 17.0273895 0.2691638 48.9574051
v -11.6217175 0.2796142 50.9794579
v -16.3444443 0.2402221 49.6558456
v 20.9220066 0.1758904 46.7918777
v 19.8243561 0.3609844 48.7384834
v 12.2055883 0.3662172 50.9675369
v 5.2293415 0.2447412 51.2991257
v 40.7385216 0.0529358 33.0139084
v 33.1068611 0.2900178 42.4724388
v 30.8177052 0.1873598 41.7875900
v -27.6718750 0.1277241 44.4714508
v 35.0936470 0.1361356 38.3334656
v 37.2254333 0.1117487 36.6341629
v 39.4413643 0.0850712 34.9687309
v 7.4012108 0.2924174 51.3405876
v -2.7951500 0.3223485 52.1457443
v -9.2116766 0.3280903 51.6888809
v -14.0252190 0.2581893 50.3437576
v -20.6525135 0.2513440 48.5813065
v -23.0393047 0.1673476 46.8309288
v -25.4212322 0.1492782 45.6935120
v 35.1096153 0.2362052 40.7839241
v 28.6673069 0.2179818 43.4280968
v -1.4861507 0.6932446 54.6692352
v -16.4250584 0.5287849 52.2243309
v -27.9475842 0.3104456 47.4274750
v 45.4193726 0.0072220 31.6053181
v 26.2867241 0.2671534 45.2360992
v 5.7609782 0.5469348 53.2560616
v -0.1842806 0.3507556 52.3414688
v -6.8939209 0.4468212 52.7956314
v -13.9186850 0.5574369 52.8437805
v -22.9176559 0.3467503 49.0972404
v -11.5470991 0.6060848 53.5267944
v 22.4649086 0.4271858 48.3900871
v 31.0977669 0.3408764 44.1646004
v 41.1624985 0.1038885 36.9067459
v 27.4608383 0.4752594 47.3274117
v 25.1235752 0.4531320 47.7530975
v -6.8645501 0.8233656 55.4534149
v -36.8665504 0.0610939 40.8580780
v -30.3134193 0.2337506 45.6935921
v 4.1129084 0.8137174 55.2416840
v 10.7694607 0.6877342 53.5521698
v 37.0475731 0.2446086 41.5630341
v 24.2961674 0.6255956 50.0693932
v 6.6282187 0.8977376 55.6202011
v 1.3428156 0.7424492 54.9237747
v -4.4590330 0.6931368 54.6471596
v -25.1437168 0.3225484 48.2627602
v -24.5885868 0.5075183 50.5265770
v -9.2132463 0.6859047 54.3373413
v 15.7061577 0.7737993 53.3984222
v 29.7571678 0.5465841 48.4003105
v 31.6849747 0.4547263 46.4195786
v 40.0636139 0.1373875 39.1752090
v 20.8591881 0.8452466 53.3125877
v -0.1107158 1.0880905 57.3467903
v -16.2642841 0.8512062 54.8714943
v -35.9857330 0.2045252 44.8592873
v -30.5643044 0.3848504 48.0935402
v -22.0968113 0.5175487 51.0784531
v -11.6434536 0.9593530 56.1259308
v 13.2454786 0.7239705 53.4091988
v 27.0838966 0.5980810 49.2863197
v 33.5845299 0.3762351 44.7500916
v 5.2964568 1.1488969 57.5672760
v -34.7494392 0.2923478 46.4278488
v 35.4704628 0.3056242 43.0570145
v 43.5787888 0.0316371 36.4645233
v 36.1220970 0.3311739 45.2415009
v 26.1281166 0.7391108 51.6595840
v 14.7093401 1.0116104 55.6722221
v 12.1072416 1.0175078 55.9915047
v -26.3292217 0.6524231 51.8434868
v 32.5515022 0.5075926 48.5095901
v 2.8408701 1.1182240 57.4702530
v -32.6032028 0.3465749 47.3512077
v 17.2266350 1.0259145 55.5958328
v 9.2039127 1.0268753 56.3507881
v 34.2428780 0.4219205 46.8585510
v 40.9521599 0.0971108 41.0637894
v 37.9877243 0.2447524 43.4416771
v 23.4907990 0.8039261 52.5665627
v 7.2117677 1.1775758 57.6747169
v 42.5903816 0.0352605 39.0827713
v 104.2982483 0.0000000 37.1231079
v 102.5304794 0.0000000 38.8908730
v 100.7627182 0.0000000 40.6586380
v 48.0049744 -0.0614342 30.7058926
v 56.3062592 -0.0915807 24.4443035
v 100.9977646 -0.0674218 33.6511040
v 75.9209824 -0.3637644 23.5936813
v 80.6087418 -0.2428035 23.5012817
v 80.6677170 -0.5191275 25.5902977
v 54.5839348 -0.1787461 26.6650429
v 58.8694077 -0.1595495 24.1942177
v 84.9169998 -0.2965809 25.1794395
v 87.0372696 -0.3622001 26.6794643
v 89.1303711 -0.4150864 28.4615479
v 91.5093460 -0.2073673 27.5412426
v 93.7461014 -0.3243815 31.1970291
v 67.7105865 -0.6230960 25.5841045
v 91.4302292 -0.3902030 29.9249821
v 98.0021057 -0.1987464 36.6009140
v 93.5538940 -0.4628435 35.5514183
v 89.1719818 -0.6011125 30.9997330
v 68.2254639 -1.0679113 28.4238396
v 44.9443741 -0.0999855 38.0098457
v 55.1516304 -0.6472373 31.3375874
v 76.4947205 -0.7328768 26.2753315
v 83.4393997 -0.7697235 28.7562752
v 72.4286575 -1.0396442 28.0010395
v 57.4129677 -0.7827618 30.7564812
v 74.8161392 -1.0066359 27.9694405
v 81.4027786 -1.0341164 30.1960278
v 84.1127090 -0.9499943 31.0478363
v 91.8997192 -0.5552284 34.1497040
v 95.7038345 -0.3205572 37.1740341
v 62.1870766 -0.9968949 29.6700611
v 78.9890900 -1.0796643 29.4891090
v 89.7724762 -0.6887255 33.4549561
v 50.9931602 -0.4961203 33.9772339
v 64.2267609 -1.0776068 29.4250679
v 70.2557678 -1.1719763 28.8868370
v 81.0059586 -0.8021418 27.9662819
v 48.9558983 -0.3451696 34.8078537
v 86.3734283 -0.6621071 29.3917961
v 95.8689346 -0.3065518 34.8545609
v 93.7801361 -0.4076435 33.4015274
v 60.9335709 -0.6634670 27.9441071
v 52.5921326 -0.4816507 32.1440659
v 46.4530182 -0.1633483 36.0238838
v 62.2933693 -0.4568727 25.7529984
v 74.2069473 -0.6855476 25.7111225
v 84.9061584 -0.5387876 27.3053360
v 96.0698318 -0.2463104 32.5251122
v 98.3125763 -0.1726397 34.1451912
v 93.6867676 -0.1897257 28.8209324
v 71.8965454 -0.6167921 25.1637325
v 64.8450775 -0.5286353 25.5319576
v 66.0852661 -0.2631277 23.2092571
v 78.4925613 -0.3886408 24.1358795
v 89.4645844 -0.1770598 26.0554867
v 98.7005157 -0.0949065 31.5313244
v 51.7205467 -0.0918239 27.1254444
v 68.6388168 -0.2722839 22.9369907
v 73.4307556 -0.3258224 23.1613426
v 82.5646820 -0.2751452 24.2440147
v 63.5184975 -0.2280428 23.4524021
v 48.9867477 -0.0382193 28.0493603
v 107.4679794 184.4799957 37.0149994
v 105.8154907 88.1847916 37.4829216
v 104.3586197 21.4805489 37.5304070
v 104.5469208 18.6439400 37.2222557
v 107.2652893 198.2845154 36.5757256
v 107.3811569 164.8421783 37.3860283
v 106.8406219 142.1128082 37.2016258
v 106.7066116 139.2209015 36.9894485
v 106.1514435 104.3699493 37.2804489
v 106.0908051 101.4454575 36.9595184
v 105.2640915 49.5577812 36.9447517
v 104.7500992 45.2256851 37.7543907
v 105.2552338 33.3530579 36.5705490
v 104.4761200 10.8681908 37.1407471
v 104.9536972 2.0714865 36.4916573
v 107.3938675 190.9531860 36.8122711
v 107.4964142 137.8297424 39.1379585
v 106.6212082 127.4463501 37.3899841
v 106.4053650 116.9051437 37.3626022
v 106.0417633 98.4611740 37.1650772
v 105.8081284 85.3487778 37.0979309
v 105.1732483 60.2420502 37.6020966
v 104.9856491 26.5958900 36.8399925
v 105.0285110 39.9954338 37.0831451
v 104.8906784 42.5116348 37.4020081
v 105.0169983 47.6401215 37.3575897
v 105.1125641 57.2901878 37.5949478
v 105.7053070 82.5737839 37.4205513
v 105.9888000 95.9772949 37.2694511
v 106.2112350 106.9860611 37.4349709
v 106.7636566 133.2586823 37.4569626
v 106.8324203 149.7311096 36.9099503
v 107.0013428 155.4400024 37.0430756
v 106.8876648 157.4701385 36.7883377
v 107.1673813 167.6334381 36.9837456
v 107.8538284 193.3589935 37.2725029
v 107.5865326 178.6635895 37.2898521
v 107.8848877 156.8813324 38.5544548
v 106.9948502 152.8212128 37.1138687
v 107.8182449 148.3886871 38.9773636
v 106.8878937 144.5003662 37.2047997
v 107.4772491 132.3809204 39.7075233
v 107.1886673 123.9664154 40.0463905
v 106.7289200 117.8380966 39.0779381
v 106.3739319 114.5455627 37.4668503
v 106.3369522 112.2297287 37.5870857
v 106.2899017 105.6146545 39.4055099
v 104.5951614 35.5170250 37.6313248
v 104.5302048 13.3846769 37.1318626
v 108.8655548 182.8598785 38.7327919
v 108.6602020 180.5376129 38.5772285
v 108.4229279 141.8020020 41.0070801
v 107.0171890 126.0056458 39.0271950
v 106.8384399 121.9186249 38.8837852
v 106.6570816 113.4749146 39.7546043
v 105.8700562 96.6175461 41.1939049
v 105.2398834 81.2046890 39.7381210
v 105.0344009 75.9313965 39.6409225
v 104.1004639 56.0213051 39.8273811
v 103.9685516 33.2186813 38.5042191
v 102.6747437 32.8090591 40.4122925
v 101.1457672 11.0387259 40.8908577
v 102.4826508 2.4465492 39.0349884
v 103.5230103 30.7636204 39.0325317
v 104.0866089 37.9358559 38.5425339
v 104.3721771 61.7544250 39.7821655
v 105.5943222 88.5791016 39.4955826
v 105.7968903 91.0320358 38.3270226
v 105.7922821 93.2433624 39.4352837
v 105.8800507 95.2247620 39.2580223
v 105.9725342 97.5970612 39.1591263
v 106.0745850 100.2258301 39.1060448
v 107.6515503 130.2992249 40.6067696
v 106.7581558 136.0925751 37.2802620
v 107.6876373 143.2120972 39.1089287
v 108.6431961 191.3247681 38.1773224
v 110.4721222 197.0654144 39.8957787
v 109.2603989 195.2756195 38.7061806
v 109.4847260 178.2699738 39.7252388
v 107.4045410 159.3366241 37.6139832
v 109.0047531 155.8705750 40.6132278
v 107.7533951 145.7248993 39.0480652
v 107.2843475 128.0504608 39.7024574
v 105.0837326 78.5655823 39.9277267
v 104.6251831 64.3107452 39.3937035
v 103.4384918 45.5726318 40.1849823
v 102.8249664 38.5568199 40.6348724
v 103.0343704 19.5132904 39.1279526
v 102.6387558 7.1800447 39.0461998
v 102.8899765 12.1430731 38.9748955
v 103.7980270 40.5353165 39.1689034
v 103.5987854 43.1802254 39.6997337
v 103.8836060 53.0980034 40.0041504
v 106.3169098 104.1572800 41.3494644
v 106.7281647 109.2621231 42.5142212
v 108.1432190 136.5948944 41.0253677
v 108.0073013 154.2161865 38.9371643
v 109.7662811 175.7007446 40.2447739
v 109.4475937 187.8061218 39.2089996
v 109.1982574 173.3377686 39.6308632
v 109.3323593 170.4689636 39.9983330
v 109.0853806 152.8267670 41.0782700
v 108.8072128 149.6778107 40.8765984
v 108.2918091 139.2067566 41.0448990
v 108.0357742 134.2915344 41.1089211
v 107.3415833 121.6781540 41.2773056
v 107.3557053 116.5511093 43.1852837
v 106.9954910 115.0013504 41.5594368
v 105.4800491 89.7723846 41.0915833
v 104.9734573 82.5424042 41.6257248
v 104.4977036 74.0242386 41.3882942
v 104.5136261 71.4173355 40.7966461
v 103.6430359 67.3556366 42.7867203
v 104.1255951 65.8985291 41.0612640
v 103.0447083 28.3674812 39.5756111
v 111.7423859 198.3476257 41.1286201
v 110.7717209 174.2656860 41.6957130
v 110.6345978 171.7825012 41.7237091
v 110.4369202 166.9063568 41.8904343
v 110.1282730 162.2243195 41.8795776
v 110.0557327 159.8811951 42.0130081
v 110.0608826 152.8715210 42.9118729
v 106.2807159 102.7323456 43.3226280
v 106.0108109 99.0885544 41.1928711
v 104.9708786 86.2021561 43.2691078
v 103.9408798 72.2920456 43.0260468
v 102.5872345 51.9842300 42.5974236
v 101.7661972 39.0662155 42.4187126
v 101.2822495 29.7938519 42.1953468
v 101.4451904 18.4187698 41.0233650
v 101.0198593 8.6518173 40.8816757
v 101.3362274 15.8810453 40.9823723
v 102.4637756 25.9972763 40.2249832
v 102.9563370 54.9885788 42.2717361
v 105.1682587 85.0330353 41.3636513
v 105.6122284 92.0581207 41.0600967
v 106.1605225 101.6229935 41.2500610
v 106.6456451 107.1591187 43.5501060
v 108.7299652 135.4012756 42.8908119
v 109.7625656 150.5960083 42.6662369
v 108.7923584 160.8838654 39.8403893
v 109.0985031 165.7108154 39.9678841
v 110.0025787 181.0480804 40.2167664
v 111.2266922 191.5887909 40.9910812
v 108.9168472 137.8416290 42.9005013
v 108.3675385 130.7360229 42.8580437
v 108.0776672 128.2487488 42.4781609
v 108.1167450 125.9895706 43.2587738
v 107.7768478 121.4827271 43.3594589
v 107.4818039 119.2416763 42.7305984
v 107.2487106 114.4906845 43.5281143
v 106.4713364 105.1177368 43.3716049
v 106.0901337 100.3131027 43.2882233
v 104.0102081 74.3771286 43.3796043
v 102.3978424 46.4919243 42.2090263
v 111.0489120 179.2852020 41.6457596
v 110.9058151 176.7142181 41.6638718
v 100.8637466 1.5209627 40.6393204
v 101.7162094 34.4737091 42.0044785
v 102.3498230 41.2295456 41.6860771
v 102.5053711 48.9863358 42.3379135
v 103.5761948 63.2792854 42.1347008
v 103.8337173 69.8022690 42.7568054
v 104.4129410 76.6133194 42.4392014
v 105.5286484 93.1778259 43.2015915
v 109.2368011 142.8016357 42.7831535
v 109.3946228 145.2570953 42.7158737
v 109.5574875 147.8295898 42.6637802
v 110.0258789 157.4705505 42.2436371
v 110.2620163 164.5605469 41.8524666
v 110.5743408 169.3009644 41.8604469
v 111.1363449 188.9086761 41.0575676
v 35.1900597 128.8076172 35.3091011
v 88.6329498 123.7244720 38.0375900
v 94.5917053 136.9331207 38.5108261
v 94.0348282 73.9899216 33.0500832
v -20.3396816 197.7629395 25.2788715
v 55.6168365 199.7633362 49.3068085
v -10.8305531 200.9667206 29.6339855
v -34.0350075 134.4905853 39.1855659
v -33.3830948 141.0675812 40.1659012
v -34.2965927 148.8697815 37.5207291
v 106.6998596 115.8171310 39.3723755
v 104.9351730 67.2583771 38.8214111
v 52.9266891 21.3351669 37.0488586
v 88.2193222 156.7601013 41.8637695
v 87.2661972 125.7952652 38.4023819
v 88.9241943 146.9410095 40.6124611
v 103.8763123 127.3214188 35.9116402
v -24.4370060 185.7952576 28.2781467
v 1.4171752 170.1982269 25.0942402
v 94.4272537 155.9767761 40.2010765
v 4.2411995 127.7491226 31.3457489
v 1.1676915 132.0996399 30.6621170
v 1.5603997 127.7037582 31.3097019
v -1.4036378 131.7360992 30.7183857
v 0.1065958 129.7993622 30.9941559
v -1.2941409 127.2955475 31.3671017
v -1.4066849 124.3474960 31.7979431
v 87.9257507 101.6392365 35.5443993
v 80.2513657 89.7756424 33.9547081
v 77.5122223 98.2804413 35.1117592
v 73.5478745 79.2731781 32.3385696
v 69.4230957 86.9924088 33.4538956
v 66.7283630 74.1031799 31.6073265
v 31.9138966 113.9609299 34.9193153
v 30.0827179 106.0750275 35.0776825
v 2.3244107 6.4344354 48.9843674
v 70.0472717 198.8788300 57.5611267
v 90.7683258 199.1757507 54.2064476
v 57.3841972 198.9263458 56.3270264
v 63.6022186 199.4652710 53.0158882
v 99.0718689 199.5136566 49.7107811
v 8.9573956 200.4881287 26.2152004
v -32.8798294 143.1890106 41.0926781
v -35.1371040 105.0751419 39.6318321
v -37.0464172 53.6877594 39.0122299
v -36.1670113 46.6727257 36.8781013
v -37.8743134 17.8306313 38.4195290
v -34.6928520 128.4790344 37.6935768
v -34.6762009 139.3178253 37.0806084
v -34.1321564 176.6764221 36.9510727
v -36.3642540 73.6681671 39.1909180
v -35.5656128 95.3862000 39.9058952
v 104.6240158 79.8158722 42.5013618
v 101.5272064 31.9725590 42.0437012
v 105.3525848 90.8748245 43.1882019
v 105.9311676 93.7286224 37.4762993
v 105.9022980 97.8981934 43.2528763
v 106.9901428 119.6088181 40.0848083
v 108.4271240 175.9470367 38.4632988
v 106.5014114 119.6794891 37.5705414
v 106.4771576 106.6538315 41.5949821
v 105.5762939 68.0720749 36.8990173
v 104.7771378 24.3055325 37.0582466
v 108.1820374 169.0681152 38.4228592
v 108.8591843 163.3170319 39.7657776
v 87.9560776 138.0370483 39.7511864
v 89.5167694 136.0842133 39.3109283
v 1.7512974 138.9822083 29.6622124
v -8.4840546 142.7184448 39.5583611
v 88.5608673 133.6725616 39.1715508
v 88.4925232 127.6355362 38.4970322
v 90.6069794 162.6253510 41.9318008
v 90.6969604 180.5370483 43.7817574
v 8.6668558 115.2259674 33.2435379
v -7.0488315 117.7946014 32.8400688
v -10.8497028 196.0744781 22.4389248
v 14.1899481 200.0001068 22.7735519
v 3.6430042 190.3027039 22.2574787
v 6.2539101 147.2668304 28.6248379
v 7.2608042 140.5626526 29.6355667
v 92.0266418 136.5702362 38.9566994
v 3.7078280 146.8101654 28.5692368
v 76.9739761 87.0213242 33.5085716
v 43.9516792 199.2782135 51.4718742
v 72.0033798 199.1266632 55.8870964
v 97.8519211 199.3750458 51.4620628
v -33.0302849 184.4592590 38.1115875
v -35.2793846 103.9385681 37.2633438
v -31.8608246 177.0722656 39.8949242
v -30.1983032 192.7226868 40.9178886
v 42.8791237 0.0397093 32.3415222
v -21.5166435 0.7517240 53.3885498
v 47.0790939 -0.0935466 33.2998962
v 82.8814621 -0.5450774 26.5126419
v 78.7201004 -0.7850704 27.0910339
v 98.3006668 -0.1476390 39.1723022
v 106.8173523 130.2444305 37.8617020
v 108.6551132 146.9054413 40.8815689
v 105.7354050 94.2953720 41.2043343
v 105.3230972 87.4480515 41.2911987
v 101.2507172 13.4309587 40.9223022
v 100.9007797 6.2154965 40.8658638
v -2.0770428 164.1803894 36.1003723
v 22.4268780 198.2763214 37.7590065
v 68.9695129 123.1423645 38.7343178
v 15.8712854 200.0008850 23.3204613
v 0.5763443 193.5471649 21.6659489
v 94.5246735 194.3139954 43.4674034
v 61.1286469 124.5261536 38.7165031
v 5.6827388 135.2987061 30.3047848
v 62.5165443 64.2444534 30.3668842
v 34.7899399 116.2390137 35.2699966
v -21.5885410 200.1909180 27.8173637
v -35.2285995 106.4236679 37.3554420
v -30.7706089 168.9839783 42.0075035
v -36.1484604 60.5994911 37.3784256
v -27.1481571 0.4992309 50.0371780
v 104.3909149 8.2145205 37.1808319
v 107.8149338 123.7711029 42.7141457
v 104.1833038 59.0285378 39.9470940
v 2.5604124 141.4482880 29.3159599
v 24.7245903 197.6672668 39.3937454
v 99.1613235 117.2744598 46.4350014
v 100.4519119 87.4813232 44.8062325
v 96.6737518 176.3806305 40.9680099
v 94.0519714 146.2840729 39.4469643
v 101.7631531 59.7806206 33.8207588
v -19.0493031 157.8900909 29.0708733
v -3.9584310 128.0917053 31.2905350
v 69.4185791 77.4713821 32.0625954
v -4.6980934 118.9199142 32.6294060
v -21.5379314 114.6109695 33.9302864
v 46.2434616 199.2097778 52.4217262
v -1.5158478 201.1176758 28.4917564
v -35.4496078 98.0191803 40.2129173
v -35.3267822 101.7994003 36.9609070
v -34.0804787 166.9555817 37.2602158
v -34.1341553 186.0822754 36.7751579
v -29.6988621 0.5113940 49.9039268
v 106.9534531 112.4245300 42.5378227
v 102.3488464 44.0636749 42.0031624
v 105.2990494 37.6577911 36.5812912
v 103.0808105 35.6566353 40.0007782
v 104.8593216 30.9828091 37.1032944
v 103.0056000 17.1428337 39.0505219
v 70.3802872 34.1768303 35.8302765
v 87.8639832 53.4029846 40.2218819
v -27.2016010 196.4831238 41.4454384
v 87.7313156 148.9350281 41.0573540
v 104.1400681 78.2811356 34.9621391
v -32.6978531 110.7442627 35.0928841
v 71.1992188 94.0580673 34.4860306
v 65.4869003 69.0571671 30.9130535
v 26.9571075 118.9610291 34.0788422
v 90.9504013 61.8123207 31.4037151
v 80.5122681 199.6033783 52.1399498
v -36.7826424 12.0980158 36.9776573
v -34.8515434 134.5556030 36.8196526
v -34.4679527 111.1075439 43.2964859
v 70.9803925 -0.2841354 22.8592091
v 103.3458252 60.4342880 42.2340965
v 107.6764832 187.0194702 37.2096100
v 86.5888748 99.9977036 35.3541603
v 3.3612697 132.0614777 30.6981544
v 71.5250320 78.2798996 32.1776543
v 65.7639465 33.2484093 35.8883553
v 87.2044678 59.9864845 40.8360481
v 68.4427261 197.5580750 49.5792618
v 60.6290283 73.5749512 31.7595711
v 30.3973904 115.5285873 34.6822166
v 91.6481705 79.0534363 33.2537117
v 2.2115891 200.8063965 26.7115517
v 106.2800369 109.6798782 37.5712662
v 102.7736893 9.6765804 39.0021896
v 35.7841949 75.4942169 45.5182190
v 92.5800400 8.4618330 37.8414001
v 101.5413589 120.0034256 46.2708282
v 93.9195862 12.7359209 38.8985519
v 85.4296036 137.5554504 40.0188789
v 91.0296021 191.2848206 44.7682571
v 98.4984512 144.1194611 38.0845680
v 33.4506302 99.5070496 35.3621140
v 25.7384739 87.7583618 36.2723579
v -33.2305870 84.2932510 35.6634293
v 84.3403015 3.6994126 23.0914478
v 22.3786888 200.1088715 31.3302059
v 109.6863632 192.7222443 39.2596092
v 106.5871429 124.6026688 37.4880867
v 91.3247604 42.6524353 39.9876556
v 4.0509095 162.6411133 36.4248123
v 90.2243195 168.7958984 42.6954536
v 92.8030624 168.7962952 41.8833313
v 95.7014847 150.6890869 39.3780174
v 93.3607101 100.2911911 35.3813171
v 106.0660172 48.5625000 35.3553391
v -2.1878097 119.3477783 32.5331192
v -13.6648464 198.5299377 22.8137589
v 68.4116058 135.4523315 40.5233727
v -17.9891453 140.5046692 30.7844810
v 75.4588852 124.8581467 38.9376717
v 11.3584881 3.8278241 48.1740112
v 94.4792252 4.4101882 27.1148186
v -8.4174128 200.2350311 23.1410618
v -36.9457016 2.4715507 36.9886284
v -38.8186989 51.1178093 42.4504890
v -13.8637218 0.8998457 55.4911728
v 2.8911135 0.3845488 52.4312515
v 61.1614532 -0.1947193 23.8058052
v -34.0181999 171.6354065 37.2233162
v 33.6108360 120.3480988 35.0194054
v 83.2750320 121.4095001 38.1449776
v 101.7351761 55.6058769 33.6564331
v 98.2733383 16.7723312 30.0692673
v -0.8258643 112.5061493 33.5272598
v -32.5801544 104.5054779 35.2369804
v 22.0022850 191.1919861 26.6594830
v 41.5565453 199.3670959 50.2645302
v -26.0561333 200.1354370 30.5068989
v -33.5086670 194.4508972 37.3136978
v 105.2951965 62.8471413 37.4324112
v -17.7801895 149.5164795 29.7268295
v 83.1566238 25.1614227 35.9285355
v 90.2246323 54.4313354 40.8042946
v 100.3304977 104.9500580 45.6088295
v 32.3597260 65.5504379 36.2973251
v 28.0377445 85.8988571 36.2043571
v 26.5640049 116.5145493 34.2036591
v 9.0746746 8.5357399 47.9793129
v -25.9989471 113.4259949 34.3717804
v 102.9564590 14.6143255 38.9998856
v 86.2464676 139.9186707 40.2068405
v -19.7793465 147.2255249 30.3686485
v 84.6091919 31.3940945 37.0179939
v 89.3957367 60.8395920 41.2797890
v 84.7272644 28.8199863 36.7455711
v -23.6389847 149.5111847 31.0553036
v 33.1115456 199.7609406 42.0510368
v 104.9028320 51.4843369 37.7480888
v -0.7520843 115.0791931 33.1504593
v -33.0280190 177.9023438 38.3465614
v -34.0817337 126.8940048 40.1032257
v 65.1024246 35.6225090 36.2813034
v 60.8440781 20.1158791 34.7245903
v 78.1513367 3.0025089 31.9480438
v -16.5563297 4.0424705 46.6883125
v 93.2424469 191.8522644 43.8688736
v -18.8271351 145.4137421 30.3842487
v -15.5211544 140.2054291 30.4661331
v 8.0876389 127.1437531 31.5623741
v 2.9770465 14.2794466 47.8202934
v 5.4904780 201.0777130 29.1292858
v -33.5899086 123.1591949 42.9875488
v -19.1657200 0.4739295 51.2342796
v 65.7916794 -0.9037138 27.8715000
v 105.5371323 137.7502289 46.0994759
v 88.1923294 129.6559143 38.7601852
v 103.3751297 137.0885468 46.7203255
v -31.8738232 157.6207275 41.4053955
v 92.9915237 84.5715256 33.9037819
v 80.9347076 3.6848888 32.6451263
v 20.7767029 182.6546021 37.9456635
v -31.1754799 65.8928757 36.6215973
v 7.0171113 182.9787445 23.6226273
v -32.1177902 164.9749298 40.3436470
v 21.5916519 0.6267784 50.7073936
v -32.4188194 141.1654205 42.4962578
v 86.1367722 65.8861923 41.3714600
v 79.0765686 11.0189791 33.2218513
v 71.5146790 122.9914627 38.7196007
v 63.0858612 193.0123901 48.4139099
v 33.1138229 199.8054657 39.7760773
v 88.1491394 71.3081055 42.2136841
v -24.5633602 81.5544815 46.9548874
v 60.5768852 17.4509907 34.4244804
v 79.1893845 13.7248230 33.6091919
v 98.4259872 178.0163116 40.2167931
v 61.0389938 192.5142670 48.0171471
v -9.8683167 124.3516998 32.0310173
v 93.1349487 117.7492218 37.0076790
v -36.2479019 52.3543472 37.2372131
v 80.9589157 43.1197548 37.8400307
v 5.5429211 112.8007660 33.5219002
v 23.0125084 117.0593643 33.8153305
v 20.8608398 7.7575989 44.6461601
v 55.1356583 198.9307861 56.1343842
v 63.3422394 -0.7589379 27.6333408
v 58.5088730 18.8199978 35.0720253
v 11.5594711 200.8076935 29.8432674
v 79.6885757 19.0439816 34.4248848
v 86.9388351 27.5389481 37.1907730
v 90.8116150 35.4299812 39.1957512
v 91.0009613 98.2887802 35.1790543
v 7.3925357 111.3613358 33.7551956
v -28.4126911 139.4322815 33.0810852
v -24.1709747 158.4722748 30.4465656
v -15.0128508 150.8601227 29.0839043
v 92.8784790 163.5477600 41.3581581
v 50.7182541 -0.1728014 29.8613091
v 105.5768661 75.1925507 37.3318825
v 107.4219513 181.7382202 37.0164413
v -10.3141165 200.3031769 24.0510082
v 64.3993988 187.6301270 47.8250084
v 85.3133316 59.5236168 40.5163116
v 0.1083694 140.7674255 29.3905106
v 30.8417645 75.2008286 36.3378487
v 30.6572189 7.5743284 39.1694336
v -31.5542946 187.8399963 39.6908302
v -34.4420700 183.7740631 36.4477119
v 5.3026476 132.9310303 30.6291809
v 87.7349014 131.6770325 39.0468674
v 30.4761372 84.8445206 46.0758514
v 25.7567482 129.3878632 43.3642502
v 23.2832642 110.0899506 44.5282211
v 17.1246376 123.6626740 42.7458000
v 12.0845203 187.8099213 34.2176933
v 13.7398281 154.4191284 38.7080383
v 14.2946329 48.7500305 51.9726677
v 14.5357838 39.5565300 53.1194992
v 14.5841103 36.7708473 53.4671555
v 10.5777664 150.3368530 38.7539177
v 5.6757650 4.1837130 59.2074509
v -1.1276593 35.4113846 54.9120827
v 1.5212281 151.1736298 37.9916878
v -5.8891063 167.2471924 35.9026413
v -3.4095759 142.5779572 39.2876282
v -3.6536226 197.4324646 31.3678322
v -6.7738576 111.7192459 43.8015480
v -9.4391584 140.2516327 39.9792595
v -14.1881142 121.1968994 42.8128242
v -17.1383114 83.6938095 47.3334389
v -21.7106552 74.0077744 48.0005264
v -27.6265488 166.6546936 42.3618851
v -34.8325386 59.7419205 46.1884842
v -38.8304863 62.8418694 44.7330284
v 31.8058071 109.6026382 45.0552101
v 29.6552372 126.0792999 44.2798271
v 28.8233643 139.0195618 43.6607628
v 27.0296383 158.7531128 42.3028374
v 34.6993484 149.7855225 46.0421257
v 40.3075638 59.5291786 44.1800041
v 48.0352783 28.2065983 39.6024933
v 45.9114952 38.8153915 41.1943359
v 42.4660378 61.0883560 43.4937935
v 43.7755966 69.6306534 43.5441818
v 42.9708557 188.6052399 52.1786346
v 43.0414848 190.6663513 52.3905449
v 43.0234108 165.0215454 50.2063828
v 43.4252663 167.6168213 50.5729179
v 48.4833679 191.7816467 54.8216591
v 53.3858910 9.1584387 35.6498489
v 55.6273308 83.3958206 43.4179420
v 57.0645027 9.0442371 34.2866440
v 54.0066681 183.8637085 55.6321259
v 53.7742691 186.8654022 55.9430313
v 59.4926605 159.8645325 53.5299797
v 59.4318314 162.1899109 53.8381424
v 67.7754211 4.0920219 31.5312405
v 67.0238266 12.5853014 32.8139343
v 69.8359756 139.8675385 51.2943230
v 74.8612595 165.8025208 54.9910698
v 74.9303970 168.2196655 55.3385315
v 74.9201584 170.6292572 55.6876335
v 74.8439636 175.2697906 56.3618279
v 75.0040970 177.4577332 56.6718826
v 75.0529938 179.7664490 57.0041199
v 75.0027237 182.1320953 57.3485870
v 75.0047379 184.5498352 57.6983795
v 75.0798492 187.0043640 58.0510674
v 74.9865952 86.4583893 43.5059509
v 75.2976227 151.5085144 52.9018631
v 73.9330292 156.4623871 53.6707191
v 74.7073669 159.2755280 54.0518608
v 80.7150726 169.1062775 54.9495659
v 80.7545395 171.4476776 55.2675438
v 80.7921371 173.7870789 55.5852051
v 80.8265152 176.1267548 55.9030380
v 80.8475571 178.4705353 56.2230797
v 80.8435822 180.8189087 56.5471039
v 80.8117294 183.1679840 56.8752136
v 77.9975128 78.8222046 42.4818611
v 79.4143753 154.5644836 53.0634422
v 79.3095627 157.2845154 53.4545937
v 80.1849442 159.8182678 53.7237511
v 80.4616089 162.0802612 54.0080452
v 86.1809998 167.6800232 53.8814735
v 86.2374496 170.0148010 54.1654243
v 86.2838287 172.3431854 54.4504280
v 86.3181458 174.6684723 54.7366524
v 80.5874481 30.0835495 36.0504341
v 81.2956009 55.2536049 39.4892921
v 85.2225113 84.6453629 43.5449944
v 86.1515121 155.9288483 52.3994751
v 86.1198349 160.6436462 53.0014114
v 91.6178894 175.7052002 53.5048485
v 90.9089890 142.7866821 50.0227814
v 92.1207733 153.1606903 50.9106522
v 91.6851349 166.2581940 52.4412155
v 89.2690430 23.7824173 37.5670280
v 96.2865753 147.1775665 49.3239479
v 94.3608627 8.0578680 38.9090462
v 97.9496765 81.4633179 44.2439346
v 103.1016312 142.5339966 47.0727692
v -27.6231194 181.8616333 42.0279083
v -39.0794449 5.2635393 45.3860703
v -31.6597672 73.0173950 46.4845200
v -34.7228737 16.4435043 48.0545197
v -32.7613449 60.7729950 46.7974014
v -30.0505085 2.6426737 51.6922722
v -22.1646023 115.3196030 43.9995041
v -24.6267242 65.0747147 48.4230080
v -24.2041359 14.3616285 53.4229736
v -24.8766346 6.8100324 53.8938675
v -16.0607471 142.6567688 40.4730949
v -16.0496006 140.0549774 40.7639389
v -16.1921329 119.9300003 43.0958633
v -13.2115507 196.7083130 33.4560394
v -10.1802988 175.1865540 35.4061699
v -13.7555580 12.5265303 56.7884331
v -6.9735999 123.6989899 42.1201134
v -8.1010380 19.1938210 56.8140106
v -3.5869625 168.3789368 35.5625687
v -3.0070643 74.0644073 49.2355576
v -2.4801226 10.5236120 58.5099258
v -2.2546237 159.0977783 36.8489990
v -0.1440913 187.5544128 32.6454086
v 2.3243623 82.2001648 48.0584755
v 2.7289126 67.9186783 50.1349144
v 1.8305825 13.0111141 58.1702232
v 11.0868664 108.0306931 44.3840904
v 13.6287518 181.3281403 35.4309807
v 17.5821400 75.9477234 48.2201614
v 17.9659767 48.6587067 51.3954506
v 18.9458942 13.4134617 55.3352242
v 18.9831562 141.9657898 41.0513687
v 18.5685120 136.7073059 41.5194016
v 19.3605499 191.0192871 36.5580025
v 20.9337120 163.1895142 39.6049957
v 20.7259293 160.7053528 39.7453842
v 29.9920883 4.4326644 51.5712471
v 24.0940113 194.8379517 39.0683250
v 24.9102077 140.6590118 42.4679642
v 29.7140045 93.5428162 45.6839218
v 27.1864185 161.6427460 42.2732582
v 29.6952209 149.3430176 43.7533493
v 40.0052376 36.6918793 44.2407913
v 29.1797657 162.8769379 43.3179359
v 40.5856476 57.2308769 44.0400505
v 37.5896416 111.4853363 45.6210251
v 44.6916847 90.4821014 44.7057419
v 47.4875031 118.3192902 47.0821877
v 56.9763031 115.1399231 47.3796501
v 57.2206154 108.2204742 46.4997444
v 57.5608368 103.2979202 45.8724518
v 57.8270226 98.5710678 45.2630119
v 58.2155266 93.7325211 44.6330833
v 62.3483734 67.1293106 40.9044075
v 63.9427528 9.5761423 32.7459030
v 71.9244003 43.1572266 37.1562309
v 82.6765289 186.6116028 57.0301094
v 88.0809021 187.5852356 55.9104042
v 88.1120605 182.8158722 55.3208046
v 85.2536011 67.8521500 41.5089836
v 87.5712128 85.6787033 43.7784424
v 99.6254272 179.0135040 50.8389549
v 92.2279434 86.1367569 44.0865326
v 95.9488678 107.3825760 45.9772301
v 106.5358810 142.5054169 45.9040833
v 44.5039940 191.8676758 53.1799240
v 44.7058334 189.5062103 53.0517426
v -5.7177882 169.7235107 35.5348396
v 30.5454254 169.5599060 44.1668930
v 105.3650894 168.3586731 47.3774910
v 103.9196930 166.1479492 47.9859085
v -7.0203171 140.7609100 39.7313652
v 56.8524857 117.6336441 47.6930809
v 77.5384216 63.0968323 40.2593269
v 63.9019508 55.6656265 39.2056847
v 71.9852753 45.5330009 37.5030975
v 76.8664703 27.2512703 35.1511459
v 95.1376343 27.8125286 40.4275208
v 51.1908646 19.1675568 37.5296021
v 71.3618927 10.4579716 32.3656235
v 70.3924484 125.3979645 39.0714722
v 101.2923737 196.5646210 39.3998528
v 104.3555603 184.7934723 36.7280846
v 104.4358673 170.2627869 36.4307213
v 101.9753342 158.1443787 37.4714928
v 102.2071152 155.4412842 37.2698975
v 104.4607620 112.2244949 35.5401077
v 15.0983229 1.7789496 47.4395370
v 26.7680454 8.7376604 41.6196671
v 36.6136322 16.4829407 34.3575096
v 97.3363342 83.3612747 34.1980209
v 65.0951614 14.5103769 23.1211300
v 84.7557068 22.3810635 25.5545883
v 100.8436813 2.4384184 30.9383125
v 99.7268677 -0.0009088 30.0188122
v 100.9917526 7.3422627 31.2638226
v 34.9499435 0.0000351 35.7477722
v 5.2905688 47.0927162 42.9517517
v 5.3085642 49.4527512 42.6119118
v 5.3165932 51.8592224 42.2667084
v 6.9317803 11.5808678 47.8653069
v 2.9323924 19.0778141 47.1314049
v -2.5366523 4.8170867 49.2178459
v -18.6436348 49.7900200 40.8933487
v -18.8452072 52.4201660 40.5651474
v -18.9275608 55.0132523 40.2661362
v -18.3810272 57.1214104 40.1267548
v -18.5065937 59.3173065 39.8638496
v -18.5033894 61.7294846 39.5965919
v -18.3684692 70.7748566 38.6115417
v -18.8381748 73.3289948 38.2774696
v -19.3018875 75.8408890 37.9563942
v -17.2745171 79.4533997 37.7296371
v -19.3622780 81.0284576 37.3908195
v -18.9949722 83.7366409 37.1254463
v -17.7824879 89.0943604 36.5946503
v -17.4404678 91.6913834 36.3093567
v -17.5068817 94.1997528 36.0204506
v -19.6212234 95.3734589 35.8439064
v -23.9706230 55.0802956 39.1764641
v -28.6766262 36.3461189 38.9146881
v -33.5232315 42.7868500 36.3436279
v -31.0239620 82.6499634 36.0242920
v -27.6840134 120.6692886 34.0625992
v -31.2135410 117.8531647 34.6986427
v -30.2773743 140.9909973 33.5487366
v -7.9807520 180.5403748 24.0892315
v -8.6597385 186.4868011 23.3568916
v -0.8836637 197.9525452 21.0315514
v -16.6871433 175.9328003 26.4195480
v -12.7748766 188.1191101 23.9290276
v -13.6076498 196.4230957 23.0673008
v -23.5319729 200.0026703 26.6305313
v -6.8429337 190.7089081 22.5114079
v -23.7059441 168.6167297 29.4234524
v 0.8212240 189.6189575 22.2479057
v -10.0855665 175.8979950 25.0318336
v -17.4529552 167.1907043 27.6327724
v -20.1746864 160.1292419 29.1136303
v 102.9228897 192.9200897 38.0184593
v 99.7537842 198.0924225 40.5887527
v 77.1189346 126.7129517 39.1537132
v 24.4894753 190.7689514 27.8925667
v 24.9800682 169.7901001 29.8110256
v -15.5968285 198.1177826 23.4492950
v -3.4302511 197.9191589 21.1424599
v -33.8435211 161.5140228 34.4733276
v 22.8752594 121.4766541 33.4095917
v -14.9201298 143.8748322 29.9333992
v 13.2696228 192.2548676 23.5119953
v 0.9521660 187.3825836 22.5771065
v -33.8909073 145.7959137 34.7163429
v 46.7539673 178.9128876 42.0787659
v 18.4520016 123.7197952 32.7211380
v -8.2536860 150.2445526 28.3495903
v 96.9512329 171.2812195 40.4785156
v 92.9852982 166.0962982 41.5676231
v 12.1357784 168.4795532 26.3604660
v 103.8351669 174.7392273 36.9034920
v 0.8101442 155.5228577 27.2324772
v 45.7096786 169.6122131 40.8772964
v 39.7590408 153.5855408 37.4442711
v 36.3715973 126.3624344 35.6101875
v 87.6709976 117.3364410 37.3754807
v 86.5274658 97.8441772 35.0945435
v 81.1725464 111.1175690 36.8586655
v 77.2025299 118.2785187 37.9525490
v 72.8123016 91.9581451 34.1819458
v 59.5526199 104.6002884 35.9709930
v 44.3448486 54.6979904 32.1378822
v 43.9358559 105.2834015 35.7152519
v 35.3916550 42.4985313 35.3390388
v 36.1041183 81.5395432 35.2222786
v 29.1833687 119.5737076 34.3343506
v 14.4152231 66.0771866 39.5997734
v 14.9160709 9.9041433 46.4927330
v 12.7694254 64.2016144 40.0029068
v 11.5459833 111.0243149 33.8909264
v 12.2912760 76.3880463 38.4497757
v 11.3085279 69.3706207 39.4413681
v 12.4117441 25.9057808 45.0367317
v 3.8117223 94.1121597 36.2085419
v 1.7672753 31.7958870 45.3165054
v 2.1709208 70.2598724 39.6931725
v -4.1686301 13.3863316 47.8759003
v -4.5596032 6.2299681 48.8819618
v -6.8289981 108.9818115 34.0830879
v -6.5750036 104.0447769 34.7812653
v -33.2147827 119.5550995 34.9655991
v -6.2523427 75.5019379 38.8440361
v -15.5842476 109.7237091 34.1743126
v -27.8951035 111.7996063 34.6320114
v 31.7109547 1.9825929 38.5674286
v 86.0512772 63.3380852 30.8757591
v -26.5737553 78.5537643 36.8524475
v 99.9170151 61.9493599 33.3710518
v 99.1838760 19.0501556 30.7166500
v -29.7131920 0.0005085 40.1921806
v 83.9587708 199.2462921 54.4555016
v 105.5398254 199.8365173 43.7710724
v -25.4602795 200.0019073 27.7130775
v -24.0572357 200.3578339 33.9977379
v -36.2467422 76.4291000 39.1413727
v -40.7538948 13.6714964 41.6175880
v -38.8802223 28.6802597 40.2998466
v -30.5517445 189.9028625 40.7005692
v -37.2859497 45.2222252 38.8761444
v -37.9942131 52.2091522 40.8953552
v -6.9308362 1.1442975 57.6821518
v -37.4448547 0.1308099 43.3741302
v 53.4617653 -0.3031062 29.2490978
v 102.9356766 -0.0276146 35.4555435
v 86.9616928 -0.8421141 32.4045792
v 103.5961685 50.4032860 40.3328819
v 105.5749130 77.7798615 37.5566902
v 108.2564011 166.9985809 38.6290894
v 107.5897446 140.6079559 39.1178284
v 106.9247589 169.9701385 36.5815811
v 107.5754166 125.9913101 41.1676178
v 106.4152603 122.1959991 36.9274750
v 104.5744858 81.7918091 43.5463028
v 107.1029968 176.1215515 36.7162170
v 108.1707306 189.3305359 37.7113762
v -35.3553391 85.9687500 35.3553391
v 2.5929470 130.0462646 30.9776192
v 88.5570221 99.1848221 35.2613335
v -11.2398520 118.8647156 32.8362236
v 85.2334976 44.8431396 38.7576103
v 92.7437057 76.5493698 33.1251183
v -24.0336533 115.2134399 34.0663834
v 58.0163193 2.6099451 33.2126503
v 104.2740784 5.7288227 37.2566185
v -34.0225449 124.2404785 40.8620987
v 103.3868103 65.3058929 43.0881538
v 100.3273926 -0.1040965 35.9063416
v 37.4499130 0.1883578 39.3454933
v 1.1560655 171.0536957 35.0776062
v 82.5404968 117.3081741 37.6417732
v -27.1979313 0.0010228 41.9464645
v 33.9816856 77.6595688 45.8444328
v 29.5013733 103.5560532 45.1821823
v 21.3076057 148.7473755 40.9397621
v 24.2917919 64.0833664 48.5741196
v 24.8977566 61.7531319 48.6712875
v 25.2699413 59.4335938 48.8021965
v 25.4828358 57.0937958 48.9621658
v 25.7683487 54.6527214 49.1070976
v 24.5221844 47.6630630 50.0567894
v 24.7734737 45.1199188 50.2304878
v 24.9309254 42.6714287 50.4170876
v 25.0878410 40.2826385 50.5956192
v 25.2653732 37.8700943 50.7666245
v 25.2168007 35.4988327 51.0022049
v 25.1732292 33.2435074 51.2271538
v 25.3833542 30.9813175 51.3688316
v 25.5976830 28.6670723 51.5093307
v 25.7727890 26.3197746 51.6633644
v 26.2303963 21.5002155 51.9305191
v 17.2932377 150.6602325 39.8185158
v 12.8656445 161.4655151 37.6853256
v 12.4917488 158.8883514 37.9352760
v -4.1672330 124.1778870 41.9684219
v -7.1718802 107.0709152 44.4623451
v -7.2909842 102.4362335 45.1154823
v -30.3257084 11.5979328 50.8497124
v -33.6100464 99.1811371 45.3433380
v 37.8132248 60.3030396 45.1232948
v 32.2532921 119.5863037 44.9218750
v 33.1859474 159.3738251 45.5806427
v 40.3501015 88.3466644 44.8924446
v 47.8131943 10.8626108 38.6075020
v 38.0381126 187.9772644 49.5314369
v 43.1086769 179.0011597 51.4165344
v 51.9439583 72.8486557 42.5256729
v 52.4993248 191.3890686 56.1222763
v 55.8924980 12.8030033 35.1033897
v 60.5742378 40.6648674 37.4986229
v 56.7509842 190.5558319 57.1424179
v 65.8222504 19.4196224 33.9067650
v 72.5387268 28.0423298 34.9629135
v 74.1130447 37.6440392 36.4258881
v 80.8440475 187.9444885 57.5277290
v 78.9548111 39.1668930 37.0517731
v 80.5596848 164.4034119 54.3180275
v 86.0921326 162.9942017 53.3046951
v 91.7666016 177.7934113 53.6895523
v 84.4041138 5.9061828 33.9353256
v 89.1884308 89.7121048 44.3002510
v 92.3370972 108.8057861 46.2792702
v 94.9858398 156.7808685 50.5598602
v 101.4562378 179.9484558 50.0399513
v 93.2969360 31.5733566 39.8118477
v 98.4090424 101.5240021 45.4685059
v 112.3434296 180.7006836 43.1425934
v -38.2165146 39.6147652 45.2276764
v -25.2925339 174.9348450 40.7435455
v -27.9687080 48.4822388 49.0218925
v -30.7213097 23.1856518 49.8224602
v -18.4564037 106.8814850 44.6730270
v -11.0834837 127.5986710 41.7924271
v -9.3375788 181.3357849 34.4247208
v -7.2808080 187.8189087 33.1858368
v -8.5634842 44.6538925 53.1866150
v -2.5498099 89.5589981 46.9835243
v -2.4772310 87.1531906 47.3345184
v -2.4364092 84.7690430 47.6823883
v -2.4392385 82.3979111 48.0281296
v -2.3565288 80.0387192 48.3726273
v 2.3425241 79.7734985 48.4126625
v 2.2015111 77.4193268 48.7573853
v 2.1042323 75.1182175 49.0937424
v 8.4866428 74.6388779 48.9915924
v 6.3276496 163.7180481 36.4487114
v 11.6539164 194.6350861 33.2492599
v 13.6624432 136.6579132 40.8652115
v 22.7601891 157.2988586 40.7011261
v 24.7342548 190.5785828 39.7071419
v 24.5762405 158.5515900 41.2711716
v 25.4020252 176.2265015 40.7541313
v 43.5287590 4.2858443 41.4464607
v 50.0716629 39.1039467 39.6860962
v 86.1435852 158.2998352 52.7000237
v 99.0877686 76.4675903 44.1600647
v 88.9029236 196.5390472 56.7488823
v 22.7969608 190.1077728 38.4804993
v 52.1811829 182.4729614 54.9748077
v 67.0832062 180.8455658 57.2010841
v 56.4597397 180.4520874 55.7588310
v 56.8578300 177.9626617 55.5170898
v 30.5192032 178.2135010 44.2279739
v -27.0993385 171.4038696 41.9347229
v 13.8120804 169.2475739 36.9307785
v 57.3338280 163.4540863 53.7022285
v -28.6488361 149.0829926 43.3270264
v 46.6370926 148.1981506 49.7875061
v 67.6181107 136.1747589 50.7239342
v 43.0815201 118.5285034 46.6176109
v 68.3709641 117.5178833 48.0157967
v 78.7889175 86.8115005 43.6199570
v 77.0313339 84.9915848 43.3284073
v 93.8585892 67.9939957 42.7068596
v 76.4820023 47.8868713 38.0412254
v -27.2743359 36.8670921 50.1911507
v 67.6944733 26.2188988 34.7520065
v 70.2367554 27.0335846 34.7897835
v -38.4879112 16.7649002 45.5560684
v 43.2820549 17.8997936 41.8889999
v 83.1800842 10.8253708 34.1570129
v -38.4559059 12.3399277 45.6884499
v 72.3407211 7.9037457 32.0198021
v 27.1980247 199.9996796 28.7850952
v 72.3203812 162.9493866 44.5534859
v 102.5370865 188.7371216 38.1865997
v 98.2967529 189.2259216 41.0028000
v 100.5549469 143.0975647 37.3907623
v 102.0656586 99.0634689 35.3230629
v 87.7554016 70.7704773 31.9523144
v 69.6103439 34.6282616 25.7958221
v 67.5503311 32.9743042 25.6189232
v 80.6646652 8.8384590 22.9217625
v 106.0660172 41.8125000 35.3553391
v 93.3141098 46.0993385 30.3815117
v -9.1952648 12.7547207 47.3733368
v -17.4196930 111.4177475 34.0426292
v -16.5555763 72.1485062 38.6449051
v -17.2794838 77.0088806 38.0108910
v -33.5130272 108.6857758 35.2011719
v -35.3553391 115.8281250 35.3553391
v -21.9625301 186.3939972 27.1027126
v -17.3268547 193.7635193 24.5348854
v 75.6963730 169.5289764 45.3572159
v 64.4123764 197.7838593 49.2730370
v 63.7339096 121.1273117 38.3435936
v 30.0388546 193.9753723 31.0274525
v -7.4969606 171.3981476 25.3101215
v -22.8816853 171.1139832 28.8903713
v -29.9332294 161.9979095 32.4497757
v -27.0966034 178.2110138 30.1519299
v 37.1187439 188.5914764 36.8357162
v 9.6950521 182.5012970 24.0662003
v 47.4296570 128.2461853 37.8601570
v -13.9055586 131.0267487 31.4260502
v -0.7410568 148.9095459 28.2005520
v -9.9645624 136.9561462 30.3201790
v 39.6578560 149.1183624 37.2255821
v 5.5672526 153.2523346 27.7263546
v 98.8855133 117.6496353 36.3994751
v 72.4585571 81.0420685 32.5882454
v 69.1889496 112.6495743 37.2033272
v 61.7080078 116.8898010 37.6876411
v 43.5483017 100.9205017 35.4168930
v 38.0049095 51.9127922 34.1864243
v 33.2457924 103.4354248 35.2865143
v 27.8522682 22.1787243 40.1426239
v 26.0203228 76.4727554 37.0787277
v 26.6615486 55.2799606 38.4446754
v 24.6723213 32.8419037 40.8116493
v 24.8434505 19.1468086 41.8433571
v 19.1688824 37.2912712 42.1337967
v 17.3763142 115.1986771 33.6034813
v 15.9909153 67.9067764 39.2037621
v 9.9106941 77.1291199 38.4743652
v 9.5413198 51.6222382 41.9902573
v 3.0611110 58.1931190 41.4331284
v -13.7286491 117.9935989 33.0672684
v -19.0759811 103.6853867 34.9551163
v -19.7230473 40.7133446 41.6291771
v -19.8891144 43.1500549 41.3285942
v -27.0585804 118.2043915 34.1434288
v -28.9673805 116.6298218 34.4613266
v -1.1844733 98.0555649 35.6395454
v -14.8272486 102.8960266 34.9961281
v -15.1972361 97.7378159 35.6333771
v -13.7774830 88.1600647 36.8583107
v -23.0650768 84.3628540 36.7617493
v -23.0531673 23.5694771 42.2352180
v -31.3861427 108.4311371 35.0552025
v -28.5272579 114.1987000 34.5464821
v -33.0986900 89.9029999 35.5682869
v 93.0905762 81.6922913 33.6449738
v -30.9359398 55.7274055 37.0804253
v 86.2603912 199.5747681 51.4827805
v -7.8501563 200.5217285 25.1077538
v -19.8698177 200.1855621 26.7255554
v -32.9345741 155.7997894 39.6881752
v -38.3793221 56.8694038 42.3802261
v -38.0057297 15.5578899 38.4939194
v -37.0240288 79.0016174 43.2909966
v -32.3243027 0.0699644 41.3201103
v 70.1228104 -0.8432078 26.7588863
v 91.6016922 -0.5044289 32.2085114
v 106.0660172 31.4375000 35.3553391
v 106.1795807 102.9580383 39.2123260
v 106.9007492 146.8945770 37.1395416
v 109.0878143 140.3339844 42.8627892
v 110.9348755 186.3783417 40.9971313
v 106.5702591 110.9125443 39.9530869
v 101.5525131 23.4629707 41.2588615
v 46.4714508 -0.0005166 29.0798016
v -33.3108025 66.9763260 35.9848099
v 54.5533676 19.3961735 36.2836189
v 25.3047409 165.5332336 41.1966133
v 104.4951096 193.7024994 36.7534561
v 29.9664536 189.3075104 31.2002048
v 31.4070396 119.9574966 34.6510315
v 23.7791367 172.2756348 40.0956421
v 20.9332829 37.9650688 51.9737663
v 10.8309689 101.5216293 45.2498398
v 5.0045452 33.6250305 55.0235710
v -8.7973289 113.3238068 43.6172409
v -7.8185272 81.4273148 48.0640297
v -19.3727703 82.5996552 47.3114624
v -28.4555225 9.9438353 51.9439392
v -30.8278198 56.6075439 47.5852394
v 44.2307320 1.9349107 40.7976418
v 42.0333252 174.9139099 50.6144409
v 51.5804977 10.4042511 36.5737572
v 51.9124260 12.9982252 36.6572189
v 49.9653931 46.5985374 40.3722191
v 68.0042801 169.7104950 55.6170235
v 74.8334961 8.7601471 32.3030014
v 79.3324814 61.0854988 40.0951500
v 96.6816177 191.7265472 53.2713165
v 94.0634918 51.3619232 41.4985352
v 95.8557434 58.6343842 42.4820709
v 101.5173721 133.8113708 47.0367851
v -25.2710915 172.4816284 40.8445854
v -19.3742065 196.5544434 36.0942421
v -21.3705502 91.2405014 46.2814751
v -11.1914940 190.2130585 33.6759262
v -7.5427341 192.3498077 32.6031952
v -1.2682865 37.4520493 54.6110687
v 12.7436838 38.3134422 53.5623016
v 12.2299995 98.0001297 45.7123375
v 13.9626856 141.1578064 40.3539276
v 24.1581593 124.2816010 43.4601364
v 26.4959698 76.4351196 47.1478920
v 27.2319126 71.4888229 47.4185753
v 21.3186531 186.9231415 37.8842926
v 28.5567131 167.8105621 42.8777199
v 36.7494278 148.3426819 46.8004150
v 72.8673935 71.3392715 41.2849884
v 73.1408234 12.1136894 32.6702843
v 109.0165558 177.1361542 45.5360603
v 94.7254715 193.3631134 54.2708931
v 50.1974182 185.8186340 54.7631035
v 89.2609024 153.0908051 51.5004768
v 102.4044189 88.5928726 45.0188370
v 42.5115128 53.9632645 43.2306023
v 71.9238052 40.7665939 36.8032875
v 41.4419594 30.3686981 43.3227501
v 82.7199707 1.1629150 32.8258362
v 70.3066940 164.2478485 44.7558746
v 71.0715942 152.5431519 43.0424919
v 81.9857483 174.6044769 45.3104820
v 106.0660172 195.0625000 35.3553391
v 58.7607079 53.3427505 29.2038879
v 76.7462540 50.1387711 28.2381992
v 43.0955582 9.8633299 29.6672344
v 87.9119110 57.8404961 30.4718742
v 84.8916779 29.0458450 26.4294815
v 92.5859604 1.5319052 25.9071522
v 91.4402847 21.7782574 27.4287052
v 92.4458923 24.3079929 28.0435524
v 70.4798660 2.2355845 21.0538960
v -7.3515158 90.5848999 36.6815300
v -35.3553391 36.4843750 35.3553391
v -26.2050533 184.1308136 29.2872238
v -33.7000198 197.2527008 33.8320885
v 67.5210419 199.9951477 49.8907700
v 6.1835432 190.9538879 22.3912716
v 58.7987099 177.8354950 45.6200104
v 56.9464226 194.9484100 47.4112892
v 47.3043327 183.1493988 42.6883659
v 28.2806034 190.5891571 30.0470505
v 20.8551121 174.3374329 27.8612576
v 17.3082085 195.5021362 24.3456554
v -12.5745068 167.5924530 26.5502357
v 49.0743599 178.8505402 43.0063171
v 10.8319883 179.6832123 24.6450558
v 10.0715923 155.3877411 27.8170185
v 3.3168075 149.4589233 28.1712856
v 69.0419312 110.1043091 36.8307610
v 68.4889679 65.2125702 30.2809181
v 58.1720085 66.4644470 30.9828110
v 44.0426826 78.0368881 33.8333893
v 44.8782806 64.3710938 32.7077789
v 39.3655586 86.7944946 34.8823662
v 18.8407555 74.7693787 38.1180878
v 21.2649632 63.1804047 38.9962234
v -22.1661263 44.3798332 40.6126595
v -16.5988083 84.8262482 37.1437683
v -17.8191891 67.9859238 38.9893875
v 79.9553604 77.3060455 32.2310944
v -27.1525288 82.9443436 36.4831047
v 97.0922928 39.4519310 31.0539722
v 104.4350739 32.5092239 34.3194160
v 65.9233551 199.7087250 51.6598587
v 71.2626801 199.4845581 53.4515915
v -12.8504572 200.6407166 27.6111622
v -32.0889511 143.0376587 42.9458122
v 28.5721607 0.6725010 50.8227692
v 101.2092667 25.9851685 41.9302750
v 101.7475662 28.0605373 41.3690109
v 111.3004684 181.4477234 41.7877922
v 106.0660172 192.0000000 35.3553391
v 91.5656433 124.3195114 37.8008041
v 77.3434448 20.3631592 34.2409286
v 92.0980835 69.7317810 32.3811340
v -32.7807083 186.9500122 38.3203201
v 4.9339585 130.5452271 30.9585972
v -3.2966974 111.3409271 33.7081718
v 104.3595428 163.4873352 36.3828354
v -26.3558216 10.8909903 52.8505402
v 81.6428223 61.8671494 40.3964005
v -18.6499615 65.6383286 39.1409760
v 33.7834587 161.8372803 45.9561729
v -10.7714977 7.0821571 47.8619156
v 13.6259718 145.7866516 39.7429466
v 0.2570558 21.9572105 56.8796692
v -7.9051628 168.6316833 35.9332886
v -18.1611443 25.7768517 54.0705605
v -21.1568642 192.0204620 37.4144211
v 37.9401894 18.6679344 45.8927422
v 38.5972481 32.4157791 45.1428146
v 27.7910004 153.8842773 42.8030052
v 47.1653099 21.1944180 39.5957336
v 52.1277237 189.0413361 55.7377281
v 63.5321312 60.9752731 39.9757080
v 93.8117905 46.2747498 41.0524979
v -17.2166557 81.3794327 47.6070023
v -7.2423477 104.7825623 44.7852631
v -2.4781647 113.0157089 43.5643425
v 6.1524653 118.9371719 42.7679482
v 6.5047259 114.2835693 43.4351044
v 13.8490314 28.8655510 54.6204567
v 15.2943897 143.2480316 40.2893867
v 16.2387867 194.5435028 34.8312492
v 25.8007011 145.8233795 42.4173317
v 33.2870026 7.0757585 49.4462585
v 51.0985985 7.5930376 36.5581741
v 91.7716141 168.7107086 52.6863556
v 88.3330078 192.2421722 56.4056320
v 41.3812027 177.5121307 50.5339928
v 21.8128452 173.3874054 39.1189651
v 38.7947998 152.1006012 47.7503319
v 15.7770233 145.9526672 40.0594482
v 11.1601524 142.4389496 39.8539810
v 98.0604935 108.8427200 45.9698143
v 33.4318619 101.0092239 45.3067398
v 75.8881302 58.4854622 39.5192413
v -16.1338158 28.9679165 54.1538925
v 96.4255447 17.2926273 40.6750107
v 63.2447968 0.7516341 31.6405754
v 86.4752350 177.7884979 44.7559853
v 88.1684265 64.6036301 31.2880936
v 67.4953384 13.7800598 22.8299561
v 88.2447128 23.5412407 26.5899582
v 96.1106110 32.3405380 30.1476307
v -12.0272551 89.8181229 36.6954041
v -25.5339184 145.6044159 31.8793297
v 66.4214554 198.2100677 49.5456886
v 63.9124413 182.5692902 47.0545158
v -6.1370468 169.1497498 25.5008354
v 40.3622169 193.1573486 39.4203682
v -22.8784657 146.9803009 31.0854473
v 20.5832577 189.2756348 26.2482109
v 51.3450165 158.2992249 41.6146507
v 102.5942078 169.5784302 37.5458565
v 59.8312378 86.4749451 33.5386925
v 45.5719910 70.8794632 33.0691452
v 40.4832039 52.3178291 33.2378654
v 37.5459976 119.4353104 35.7557297
v 31.1403885 82.4253769 36.0162697
v 22.4764271 16.0015926 43.1541786
v 19.4234867 65.0161667 39.0950203
v 10.8294840 116.2441483 33.1717911
v 3.1951151 53.2461624 42.1496582
v 7.3911629 26.8311100 45.6633835
v -8.4867792 16.8827381 46.9110565
v 41.0294838 10.1678619 30.9825325
v 98.0900345 199.2171326 53.2655983
v -33.7816467 191.4858398 37.0763626
v -30.6007195 175.9169006 41.6251297
v -39.9284210 29.9816341 41.8881683
v 14.4945736 0.4610023 51.1133614
v -30.0123825 0.1004201 42.9800034
v 42.0197983 0.0705329 34.6445351
v -9.2736568 1.0396268 56.8483315
v 107.9322128 151.2937469 38.9960899
v 107.5650940 196.1921539 36.9154396
v -16.3698139 195.9686127 23.9572105
v 104.5471420 15.9212751 37.1659012
v 63.3394814 123.7358017 38.6976509
v 92.4821167 196.1976929 44.6227760
v 15.6627073 196.5918579 34.3759956
v 92.2478485 102.9117737 35.6378365
v 16.0758610 200.4008636 29.4536781
v 93.8534012 104.9753876 35.8011627
v 98.2340546 162.4253693 50.0475845
v 96.2749634 52.1993523 42.2239609
v -14.0991812 32.9367218 54.0501480
v 4.8318143 26.5418587 56.0539742
v 21.6523247 30.7359447 52.5687218
v -16.5487747 162.4917603 27.9758224
v 46.4544258 145.8683319 49.5237503
v 46.5299950 143.4967957 49.3160629
v 46.6688690 141.1590424 49.1188927
v 46.7902908 138.8227844 48.9248734
v 27.7645969 5.2855825 52.6793022
v -9.2938919 9.5384970 58.0079765
v -21.4690266 56.5746155 49.8543892
v -24.2071304 149.0523529 41.7311707
v 52.9521866 59.6493912 40.9980278
v 69.0067291 51.2908897 38.3491058
v 91.6373901 196.6337891 55.8338280
v 87.4903107 67.2469330 41.6903572
v 91.8762589 50.3552551 40.8194962
v 95.3506012 135.0434723 48.4299469
v 113.0697708 198.1445312 42.4930878
v -18.4067421 30.2718086 53.4815483
v 6.8596859 109.4478989 44.1243324
v 12.1979551 70.4408188 49.3536415
v 13.2819872 34.4028053 53.9927292
v 16.3959770 148.2842102 39.9076195
v 27.8024254 66.6590347 47.6727753
v 21.6614590 178.5381927 38.6696091
v 23.5438194 166.9381409 40.3186226
v 44.9089546 180.1571808 52.2637444
v 92.7008438 155.9617615 51.0688515
v -0.7664498 152.4784546 37.7871094
v -2.2182605 129.0871124 41.2222710
v 31.1865788 15.1797209 38.5019188
v 99.8856812 53.9408684 32.9508362
v -0.2367788 71.5981522 39.5122643
v -7.9980788 112.7667236 33.5693474
v -22.1121712 166.5631561 29.0468235
v 93.6940155 187.5309601 43.2643013
v 21.9633503 181.0934906 27.6116982
v 15.3943567 141.3800659 30.3043213
v -16.4115124 135.0015259 31.2002106
v 0.7493221 143.1391296 29.0462036
v 71.1312637 73.6384125 31.4989147
v 58.9518127 108.4347916 36.4721298
v 50.8760185 74.5019684 32.6688232
v 48.4062080 70.6457977 32.6031189
v 46.3649788 60.1611900 32.0495949
v 33.0699577 84.3720551 35.6877518
v 22.0137501 29.3321095 42.0860977
v 22.3151093 18.3605957 43.0072021
v 18.0974808 15.9992657 44.8023605
v 12.8289156 23.0791988 45.3208923
v 8.5486526 117.8932571 32.8695183
v 68.5705261 199.6546021 52.2194138
v -38.4722824 34.1594849 40.0875053
v 25.8109779 85.1594315 36.4608078
v 40.2533455 16.0770092 44.2478333
v -11.4178457 26.6284142 55.3285332
v -6.2228694 80.5376968 38.1274986
v 96.6014633 184.6986084 41.6201439
v 95.9397354 69.0663605 43.1706390
v 93.1922455 118.4948349 47.1719742
v 86.7600174 69.7072449 41.8853073
v -2.9737713 153.9731750 37.6236038
v 32.1563568 18.2437878 49.4155807
v 24.1495743 77.5666962 47.3556709
v 27.1818924 185.1700287 41.6363335
v 36.9212265 143.1061096 46.6390495
v 94.2619553 108.5113220 46.1574249
v -2.4290600 184.0190582 33.2266350
v 2.3300240 166.8239136 35.7263069
v 2.7683854 34.8625488 54.9525299
v 11.8521471 156.1312866 38.1781731
v 17.2749729 100.0241623 45.4305878
v 56.1611977 1.0918119 33.6828880
v 63.2331352 40.3371506 37.1239166
v -4.6012907 187.7140961 32.8593407
v 81.8162842 153.5063171 52.6774940
v 37.6236229 100.8570099 45.3445473
v 45.4870911 80.6561508 43.9552879
v 80.0834427 77.8986969 42.4352760
v 14.3582783 31.7686234 54.1560898
v 88.3445206 161.8946381 42.4139977
v 55.9067764 53.3593216 29.5791721
v 59.1821327 2.1492913 22.3526154
v 100.5965042 51.3931313 33.0623322
v 99.5821457 45.2351418 32.3714371
v -26.4303284 137.9386902 32.6759911
v -8.4111691 195.5388641 22.0580654
v 90.1402969 188.9939880 44.8802185
v 76.1327896 186.3733826 47.7429428
v -8.7172871 169.3572083 25.7397804
v -26.2344379 168.4277191 30.4394150
v -3.9374099 181.6182098 23.5436783
v -0.3043831 146.8543854 28.4964657
v 41.6231613 85.5242386 34.5899544
v 34.9460907 86.2457123 35.4118538
v 4.3246875 84.4713745 37.5978966
v -22.1026440 100.2316589 35.3326721
v -20.7871132 85.3406830 36.8361282
v -1.2603644 104.7570648 34.6601791
v 26.3971767 15.2671356 41.3559532
v 99.7751312 47.4309998 32.5634232
v -26.4898243 200.2377472 35.5274048
v -37.6258354 29.9912186 38.6027222
v -38.2351761 46.6105385 40.7452888
v 8.2569246 0.6331727 53.5434875
v 5.3542190 169.5009460 35.5363655
v 0.7705600 125.2628784 31.6597176
v 14.2701635 42.3996353 52.7948494
v 96.5861435 50.1027222 31.6587982
v 29.6919613 128.5697327 44.2077904
v 49.1766510 140.0329132 49.4888306
v 50.7922897 191.5556793 44.9679718
v 104.3932419 132.7797699 35.8726959
v 92.7481689 150.3036041 50.4690323
v 96.0201569 -0.1518329 30.0979156
v 15.4456367 63.8906555 49.9048080
v 10.4326649 6.2084041 58.2829361
v -15.3941851 61.7011909 50.1820259
v 40.8225365 6.8801355 43.8740616
v 31.3321571 132.6534119 44.5655212
v 47.6552544 3.6889136 38.2865410
v 49.5144081 9.4158459 37.5344963
v 66.5947495 9.7254753 32.4495049
v 95.1425171 137.5754089 48.7056351
v -28.8662434 29.2969990 50.1934547
v -17.5854549 57.7255745 50.3805885
v 15.8059196 61.5686989 50.1510544
v 16.9198265 43.3842888 52.2205429
v 33.5696411 131.8736877 45.2405128
v 54.6296997 46.7971611 39.2812996
v 96.9123764 28.3420658 41.3936920
v -22.3279839 102.5746155 45.1709023
v -34.8239937 86.9703903 45.4857178
v 56.4730644 45.6255264 38.7903633
v 82.6914139 37.6863365 27.1467419
v 65.4385300 7.0988808 22.0204124
v -8.7386665 69.4620209 39.5871506
v -4.7178035 184.2027893 23.2282314
v -13.8884697 186.1119690 24.4513454
v -2.8960190 186.0211487 22.8470631
v -5.6850543 176.6594391 24.3917255
v 45.4165764 176.8181763 41.3138809
v 19.1818771 148.1691284 30.1509533
v 37.5689163 148.0728455 36.3474960
v 89.2635117 115.5382767 37.0751534
v 55.8231544 105.6807709 36.0587463
v 52.9385643 112.8321152 36.8140907
v 48.7164383 118.9913406 37.1639633
v 21.9847755 26.7481060 42.3405380
v 3.7223160 80.0489502 38.2468872
v -5.1108689 58.6243820 41.3020554
v 2.0035648 85.6566696 37.4478073
v 100.6582489 103.2948532 35.5111618
v 101.2888565 48.9204254 33.2140083
v 26.7131004 199.9762421 31.5356426
v 94.4730682 199.6979828 48.3130569
v -29.8951263 195.2414093 41.0885696
v 59.8759117 -0.3829148 26.1090279
v 107.8677673 171.5202026 37.8777351
v 103.1476746 57.7291031 42.2527008
v 103.2827759 23.7748623 39.0100670
v 99.7491302 119.1576080 46.4811401
v 63.9780350 199.7782745 50.9714508
v 79.3918762 106.9185257 36.3152885
v 103.9592133 42.8935738 34.2341957
v 32.0175018 125.0543365 44.8132896
v 17.5089893 32.2187653 53.4574089
v 83.7734985 147.9264679 51.7037849
v 96.1171570 66.3980179 43.0356483
v 109.9376831 166.9969025 44.7545662
v 86.2026672 196.5538788 57.5358582
v 99.3989868 166.6557159 49.9632835
v 99.0179901 49.5718040 32.4067116
v 18.5560951 114.2589417 43.8809052
v 19.3181496 98.5489578 45.5820160
v -0.1948424 160.2145691 36.6540527
v 37.3489418 192.2538147 49.3723183
v 64.9958725 45.7071228 37.7222252
v 69.9819870 36.8106880 36.2168617
v -33.6797638 31.7286243 47.8557053
v 17.9431000 60.2404594 50.0290794
v 16.3430195 52.1092567 51.2463799
v 16.6949615 38.2790337 52.8871536
v 19.3540783 55.8549957 50.3134727
v 16.6394520 155.5280304 39.1570396
v 66.6872253 187.9517822 58.2094269
v 69.9103012 174.7753448 56.3978767
v 70.9518890 12.9211721 32.7148590
v 97.3434677 136.2799683 48.1456833
v -9.2521229 194.1444550 32.6936760
v 1.9198080 158.8229980 36.8823700
v 99.3209763 137.4803925 47.7996101
v -24.0109596 116.2694016 44.0639534
v 57.1987381 50.9402657 39.3113441
v 69.4567261 8.6439648 32.1117706
v 1.0633655 54.7101250 41.9764938
v -2.7134428 95.6918488 35.9824791
v 81.9666901 180.2230072 46.0630417
v -15.0656099 184.1980896 24.9888420
v 58.3109322 151.5905304 42.1010742
v 56.0563812 150.4550476 41.6313553
v 9.0974722 175.0206146 25.0097618
v -12.4473467 137.7493896 30.4272881
v 46.0649605 119.3446732 36.9285393
v 39.5976601 136.7224579 36.7273407
v 51.6389313 81.8965988 33.3924637
v 28.0842285 83.0862579 36.3688965
v 25.1576157 78.4370270 37.0477753
v 0.9568815 57.2295723 41.6099129
v 105.5224075 86.4030457 39.3485374
v -3.0332420 125.7541656 31.6126881
v 103.8340759 65.3955154 34.6355324
v 37.8754463 103.1216888 45.4057465
v 94.6703949 116.0884018 46.8105354
v 101.3263397 187.1203156 38.9632339
v -22.0487061 140.0319824 31.5483704
v 73.4146805 107.2378464 36.4097214
v 9.3704987 112.6454010 33.6167374
v 17.7571964 38.8029213 42.3092804
v -24.7053566 193.5272827 39.5491409
v 48.5440369 57.5319252 41.6610489
v 47.0376434 164.8117218 51.5209274
v -28.5868664 16.7280369 51.3190079
v -24.1366405 16.7754307 53.2067413
v -10.1413689 172.5113220 35.7500534
v 17.8138027 62.8178558 49.7424469
v 77.0922775 72.1479950 41.5108109
v 73.1089630 151.8229370 42.9098244
v 87.3079300 194.3206482 46.4846725
v 34.3714256 12.2308407 36.1842422
v 79.9345932 189.7012787 47.7119446
v 60.7619209 137.6676788 40.4917717
v -33.4853973 142.9867401 34.6015282
v -14.3818035 136.4047546 30.7960529
v 11.9852610 154.2718506 28.2068348
v 73.0279541 117.5633850 37.9169044
v 47.3347931 117.1800308 36.8689156
v 25.0049839 106.9988327 34.8007278
v 17.5209427 63.5818901 39.5300446
v 16.0918522 42.4445877 42.2434349
v 9.5128927 47.1461525 42.6100388
v 65.2725143 12.3187828 22.7848911
v 83.3031464 199.0016937 56.3361969
v 58.5265160 -0.5646941 28.3748493
v 107.0443497 117.3342056 41.0026016
v 61.2708740 194.6480408 48.3542900
v 94.5192337 17.2581596 39.5087852
v -24.4518261 198.1191559 39.1770325
v 11.2853460 105.8617630 34.5734329
v 30.9018288 183.1439056 32.0869255
v -5.7195621 186.6273651 22.9715004
v -22.6723824 98.1687622 35.5204010
v 35.6673241 58.7076378 45.9272728
v -11.3718185 130.2347107 41.4672050
v 43.2125473 49.4377213 42.7965698
v 68.8191833 189.0075226 58.4582214
v -19.4616566 190.6542358 36.6458893
v -30.4411678 38.1158485 48.9146576
v -17.1732273 71.1438446 48.8294601
v -2.2816036 31.9811726 55.3787689
v 52.3809624 113.2283859 46.9180489
v 59.3848190 166.9261932 54.4674606
v 80.0573196 23.2425423 35.0514984
v 99.4263763 132.5426941 47.4207726
v 63.3402634 20.3419876 34.3343773
v 91.0327148 54.1779556 30.6295147
v 13.0589304 197.6522217 22.7599430
v 24.3536739 185.1774445 28.2991219
v 91.7241058 193.7164001 44.7253532
v 89.6203003 111.1369247 36.5709305
v 70.8375473 84.9759140 33.1564598
v 61.9716110 111.5886917 36.9625740
v 51.2037277 53.9763718 30.4458885
v 9.4718151 49.3215981 42.3108368
v -14.1945658 85.8512726 37.1336021
v 64.5774460 51.5556335 28.4527988
v -29.6831799 50.5562019 37.7585640
v 36.4918251 199.6506195 44.2415390
v -34.4110603 116.6289825 41.0269699
v -33.1453400 0.2148755 44.8652992
v 105.4093704 83.8183594 39.4166832
v 2.7610483 125.8591385 31.5928860
v 56.0621376 -0.4443417 28.7876072
v 17.8603172 50.7751579 51.1623459
v 61.0930138 176.1756897 45.7918549
v 16.6196442 54.7664833 50.8773422
v 83.4112396 186.9442902 46.6427765
v 64.8269577 48.1850700 38.0887146
v 19.0396099 167.5721436 38.5705643
v -1.9690499 18.2174988 57.3959312
v 54.6682930 68.9019394 41.7903938
v 69.1920624 191.9471130 58.8978081
v 82.3754807 27.6240692 36.0680237
v 89.3520355 16.0088100 36.8805466
v 18.4923763 182.2093048 36.9776688
v 27.6466713 122.0295563 44.1035080
v 94.4001160 53.7995110 41.7671394
v 57.5580940 37.0681992 27.2529240
v 7.4527130 7.2918386 48.4008522
v 4.9673729 7.4513435 48.6644287
v -12.0470371 171.5009613 25.9475727
v 28.0169220 161.7717438 31.6357117
v 54.2423973 121.9418030 37.9529686
v 42.1669807 152.8631744 38.3501663
v 59.0321198 117.8466034 37.7192879
v 52.4345551 88.1575775 34.0332870
v -29.6579647 101.3387299 35.2916870
v 77.1327362 42.3994446 27.1640530
v 86.1374359 41.1450729 28.1797256
v -32.0254707 192.1150818 38.9734764
v -34.2778206 119.1192322 40.9924278
v 49.6626854 -0.2417376 32.4226227
v 104.7775803 83.8423843 43.3495369
v -2.6719553 1.0758843 57.2894096
v 82.5908356 89.0576553 33.9107437
v 59.8188057 -0.9027936 30.1663742
v -26.0595684 119.8692627 44.0148315
v -25.6718960 79.3199692 47.0201645
v 0.7244073 17.9321232 57.4657478
v 74.9019318 163.4099426 54.6430283
v 48.4555740 64.6665878 42.2735367
v -4.7736421 192.5541077 32.1853371
v -17.5710335 104.4701920 44.9244881
v 51.6345329 75.5898590 42.8419533
v 97.0602417 182.8300781 41.2555695
v 88.6397781 94.2859650 34.7088966
v -32.2899437 31.0268269 37.2857132
v 81.3005600 185.1307373 46.8450508
v 65.3348236 78.6107025 32.2895660
v 53.7784271 83.3760681 33.4135628
v 79.3038712 43.1614151 27.4616947
v 88.5549774 55.0957642 30.2644424
v 81.6408005 15.1915464 23.9703293
v -40.2446251 4.4673910 40.4748955
v -39.7508774 2.1113756 39.8455772
v 35.3923416 199.8523560 38.4736938
v 42.3086052 76.5337601 44.1638069
v 90.4676666 117.6265717 37.2143402
v 46.6422653 53.8854752 31.4662399
v 103.9898682 122.1838989 35.7850571
v 67.2566910 6.7941475 31.9627476
v 66.5707550 193.2827606 58.9693794
v 40.0683899 50.1745987 33.3013000
v 75.7637329 161.5108490 54.3174782
v 50.8476486 -0.6748908 36.0095444
v -14.0323362 146.6528320 39.6970062
v -16.9503670 78.9819946 47.9087791
v 21.1260586 143.2656250 41.3675537
v 79.9530716 45.6523819 27.8700104
v -6.4887385 182.2400665 23.6699238
v 81.2555618 197.1257935 48.4700165
v 23.5125542 162.5224457 29.8847618
v 52.3832741 120.4564056 37.6359825
v 50.3008995 140.1962891 39.4848785
v 47.9157791 140.0992432 39.0188713
v 38.4060516 159.6888580 37.0200615
v 53.2617073 85.6601639 33.7072258
v 46.5455780 77.6896133 33.4790382
v 10.6889229 93.9897690 36.1654472
v -2.8391869 92.7142563 36.4153824
v 32.4119682 7.7065225 37.8488998
v 76.2217484 40.0062141 26.7675972
v 74.4469910 33.7280655 25.7502766
v -28.8608494 151.2327576 43.3520355
v 30.0655861 191.7401276 31.1483803
v -5.2121558 91.8220215 36.5286942
v 83.5032578 119.4368515 37.8745766
v 23.5513763 177.3010406 39.6847458
v 15.0011616 198.2845917 23.2346859
v 39.5029449 44.6694832 33.3154449
v 51.7080650 136.5135193 49.5037956
v 71.1089554 189.9071960 58.6155968
v 90.3845520 92.4554672 34.5604782
v 20.1101398 101.4310074 45.2732124
v -1.2510543 124.3861694 41.8982811
v -7.8826385 151.5624542 38.2900581
v -34.7797394 27.3886509 47.4936829
v 78.8099976 29.5998745 25.5186234
v 48.8668251 184.9423218 43.5151138
v 46.7420578 185.4702759 42.6268921
v -8.9475098 182.4577484 23.9566498
v 50.0314445 127.9898987 38.1936378
v 46.2898674 129.9934540 37.8324509
v 74.8371811 87.3494949 33.5260201
v 59.0503731 91.2764435 34.1998825
v 43.0382576 65.9834824 33.2281532
v 22.7360516 93.8767395 35.9172134
v 20.2193260 44.0097694 41.1568298
v 101.2465591 105.4632416 35.5876503
v -31.0165062 163.9260712 42.1501884
v 43.5816765 199.3973083 49.3856201
v 28.6040516 136.3221893 43.6798477
v -38.5339622 3.7237477 38.6601410
v 26.0465813 199.9960938 34.2636261
v 25.1979027 160.8617401 30.6031361
v 54.1197739 132.9093170 49.3799019
v 70.6292953 149.9032288 52.7666550
v 76.8267212 87.4078445 43.6679153
v 59.3978539 54.9200211 39.5203362
v 84.3540039 160.1097565 43.0007401
v 101.4315948 125.7679443 36.4047546
v 55.9830971 35.5291786 27.3544636
v 77.8090286 37.8663445 26.5823574
v 75.1254730 31.6449203 25.4864063
v 6.8778090 9.2633572 48.1884079
v 82.1155548 140.8877411 40.7979622
v 51.7469673 153.2337036 41.1600037
v 85.5759506 109.2329407 36.4974899
v 43.7142677 89.3899078 34.6418266
v 36.7234421 110.0837479 35.4900284
v 15.5530872 39.6863327 42.6806297
v -15.0744953 5.5836148 46.9638176
v 100.2531052 91.0448074 34.9131584
v 105.1614838 88.5600891 43.2234383
v 105.7101898 95.5102310 43.2286644
v -30.9558067 166.6229248 41.9687462
v 111.2158356 197.5335236 44.2018127
v 22.0439186 76.3282318 47.7197647
v 14.7921352 98.9026031 45.5787849
v 91.2589722 15.3057032 37.6631851
v 22.3698540 73.9192886 47.9247055
v 25.1158142 163.0478821 41.2365608
v 23.2359619 101.4642792 45.2764854
v 26.7062931 183.8570557 29.5776215
v 96.6792450 78.5794907 33.7795258
v 47.5727348 189.6458588 43.3861656
v -12.5083551 147.1226959 29.2095203
v 1.1602331 179.8150482 23.6902218
v -18.8616409 123.8049240 32.7521629
v -38.3139572 1.6845139 38.3642502
v 9.7767859 0.3295010 51.2041397
v -31.3736553 170.8052673 40.9860992
v -37.0286827 5.3113875 37.1256905
v -28.1386719 151.1109161 32.3151016
v -32.5871964 109.1059647 45.1234818
v 11.2017851 174.5145416 25.3976250
v -2.6008844 156.6211395 37.2189293
v -21.1761208 83.7828140 47.0486755
v 7.0364718 180.1242523 34.2403564
v 23.9328480 89.8862305 46.2746658
v 59.5601768 157.5522308 53.2240906
v 98.8989563 148.2328796 48.7074203
v 106.0660172 188.7500000 35.3553391
v 62.6351471 97.0932159 34.9494591
v -6.6729040 98.9008255 35.5115204
v -23.4519463 14.4318972 42.8724060
v 64.0658493 58.2389069 29.4348907
v -39.2609978 0.0000000 39.2609978
v -36.9445724 72.5440216 41.1593132
v 106.0660172 80.0312500 35.3553391
v 48.7006912 137.8787842 38.9595451
v 23.4775620 105.6992569 44.9094734
v 23.2812538 92.5460663 46.0698509
v 22.6421299 7.0523758 54.7803421
v 81.5893860 160.3630524 43.4612465
v 96.1281204 96.6580276 35.1020622
v 53.4734612 29.4259815 27.1943817
v 88.1086960 66.6665421 31.5213623
v -35.4958115 93.9106445 37.6666832
v -37.5508537 71.4745865 43.0612793
v 92.3284912 189.3894501 44.0435219
v -19.9931183 98.2582016 35.5349350
v 98.1896896 52.0881691 32.2924500
v 93.6366653 60.2379570 42.0551987
v -36.8672142 61.3898621 45.4505310
v 23.4610882 107.7914429 44.7284317
v 18.9970303 94.4224167 46.0322876
v 99.0427322 34.4989128 42.7868233
v -5.4977384 152.8038330 37.9235001
v 25.2734432 5.9877639 53.7988853
v 29.3743229 160.2121124 43.4597473
v 59.6307487 155.2246704 52.9162979
v 61.7709465 69.5569153 41.2743568
v 106.9112091 150.2602539 45.9748116
v 108.7700500 152.2245941 45.1752548
v 97.2077637 35.1195030 41.8054810
v 84.1177750 157.3925934 42.7007370
v -13.9108009 178.3416595 25.4373665
v 83.3323898 137.3513641 40.2175179
v 63.4894714 99.5091553 35.2862091
v -32.3781815 167.9820709 39.7482224
v 90.9675446 134.1471100 38.8848038
v 76.3600540 89.1064148 33.7968674
v 96.9565506 196.6798706 53.6013870
v 66.9726105 49.7222595 38.1879616
v 48.1560249 85.9232559 34.0547943
v 69.7158813 125.5637512 49.2006836
v 25.0016975 154.6268616 31.0394497
v -16.8054008 200.6018677 29.5318928
v 99.0911331 2.6367185 42.5209961
v -15.9755354 1.2000406 57.6498260
v 34.2787132 65.5176315 46.1584702
v 32.6784134 34.7801476 48.1642113
v 20.8249493 196.1679535 36.9248886
v 28.9030437 15.0680523 51.3019409
v 24.9281998 96.1915894 45.6946602
v 6.3091311 175.6052551 34.7727509
v 8.0538616 5.4661026 58.7538033
v 4.1735430 99.2295227 45.5725327
v -3.5173919 64.0324860 50.6826591
v -9.3885965 79.1088333 48.3327103
v -6.5187998 164.8234558 36.3080139
v -36.1016350 41.3116188 46.2679901
v 40.7457924 81.5820007 44.6091919
v 37.2342644 179.0240936 48.5466843
v 40.6636047 199.3378601 51.8032646
v 74.1498108 41.9715996 37.0576553
v 75.7895203 4.6539721 31.8235531
v 85.9953918 191.6138458 56.9637222
v 91.0423508 32.8718948 39.0407753
v 96.1940842 9.0664167 40.2192574
v 106.3597946 158.3505096 46.4828339
v 112.5451279 185.1135254 42.9748268
v -26.6671715 150.4167023 42.4916496
v -27.9730358 134.8451843 43.5636787
v -27.2027912 87.0193558 46.2673111
v -13.8563938 131.5254211 41.5180779
v -19.4601040 52.6775246 50.6555519
v -8.6882305 84.2052155 47.6490211
v -2.2418158 191.2539062 32.1673775
v -5.9553666 125.8558884 41.7769470
v 6.8965487 195.7364655 32.0307655
v 6.7266092 72.9531631 49.2998047
v 8.5268269 197.2509766 32.1264000
v 8.6754255 145.7233887 39.1686058
v 12.0591545 90.1150970 46.7520981
v 15.8384743 139.2146912 40.8372612
v 17.4615040 128.8735657 42.2004662
v 21.6649914 123.3788452 43.2265167
v 25.7805443 120.5693970 43.9404106
v 32.1156464 37.3445625 48.2741814
v 33.9853668 117.2544022 45.2148361
v 40.2115860 34.0951500 44.1208229
v 32.6364021 145.8338928 45.0792923
v 40.0870056 53.1018639 44.2051735
v 45.4220390 16.9651127 40.3837547
v 39.5599594 175.7281036 49.5492592
v 50.1763954 112.2397690 46.6855698
v 54.4845963 29.1523170 37.3704376
v 57.6898193 11.4600744 34.3810501
v 56.3132591 131.6655884 49.4484634
v 64.5296097 194.4608765 58.9669151
v 65.4672089 182.3852081 57.3158875
v 72.2108765 141.0901947 51.4655418
v 72.5051270 0.6966344 30.9801807
v 79.1498566 84.6918716 43.3344765
v 81.2579193 66.8110428 41.0211029
v 94.2164536 188.3187714 53.9552917
v 90.1175003 99.6733856 45.3931427
v 92.8652878 95.6537170 45.0021629
v 51.2487030 194.6182861 56.1161308
v 22.0217094 194.2273560 37.7645531
v 35.1076775 191.7515869 47.8731766
v 23.3991566 192.4235382 38.7293091
v -15.7719755 190.2659912 35.1008720
v 35.9322586 162.5638580 47.0639153
v -28.6612301 155.4650879 43.1644096
v 4.1495657 154.9725647 37.5370941
v 106.0276413 140.0977020 46.0123558
v 20.0252476 132.6464081 42.1466560
v -27.8089104 129.5121765 43.7665100
v 38.8821220 128.5735168 46.5185089
v 47.3121414 124.1468353 47.6124725
v 19.2866764 122.2383499 43.0949173
v 102.5013046 91.0951920 45.0878944
v 80.6230927 75.5135574 42.1375275
v 81.2554779 59.2152023 40.0097771
v 89.8709106 51.8795586 40.4756355
v 42.5749512 51.9115677 43.1421394
v 94.9992065 35.8915443 40.8124466
v 88.7839432 34.1065674 38.4287720
v 34.7849007 33.9926262 47.2038116
v 81.0951614 17.2343025 34.4560623
v 70.5555496 18.3538589 33.5188904
v 75.1216660 11.1171494 32.6760368
v 35.0817986 175.9966736 35.1566658
v 79.0958099 198.5570984 49.0749969
v 85.6792984 130.4666443 39.1155128
v 89.7282944 195.5900269 45.7497902
v 89.8243713 142.8603973 40.0019836
v 101.5007019 198.5101318 39.3215294
v 101.7042236 175.0898132 38.2463722
v 85.3591766 76.7650375 32.4658089
v 74.3128204 42.3581543 26.9958706
v 51.5356789 9.2591362 25.5480785
v 90.1800613 19.3936195 26.7412186
v 90.7554855 14.8704758 26.4682674
v 79.9642868 4.5826387 22.2161865
v 95.3503113 27.4814053 29.4567757
v -10.2843714 4.5662255 48.3006401
v -18.4960785 7.7205076 45.5821800
v -18.1149406 119.0702896 33.2129669
v -26.2351665 14.2392092 41.5162125
v -31.0114918 79.8213425 36.1282654
v -33.1916161 81.5031509 35.7273636
v -33.5279770 132.0958862 34.8058739
v -27.7585201 144.6005249 32.5893288
v -15.1827240 180.2665100 25.5046844
v 95.1650543 197.3835754 43.3700066
v 80.3822098 124.0916061 38.6523743
v 76.7077560 131.2627716 39.8168411
v 29.1078053 159.2293701 32.2271881
v 9.8081360 188.7381134 23.2319317
v 29.2512188 184.4940338 30.9890099
v 22.8360558 186.4968567 27.4793224
v 16.8497314 197.8652039 23.9014683
v 54.4289436 138.7851715 39.9728432
v 12.3924780 188.0526123 23.8473949
v -4.7510424 162.6075439 26.3387318
v -17.5859470 184.5479279 25.6889687
v 94.1189499 177.2619171 42.1617584
v 17.1148663 180.1790161 26.0491257
v 42.2811584 172.3867950 39.5237350
v 99.1933670 182.4503632 40.0687218
v 49.6424942 135.3528442 38.8759117
v 46.7324829 124.0414581 37.3998756
v 47.5535622 121.4624405 37.2757187
v 47.0929909 171.6263733 41.5871468
v 8.1140661 145.5414734 28.9934864
v 10.7345333 145.0102234 29.2941761
v 8.2106924 148.0661163 28.6483116
v 3.3865614 154.8815460 27.3860607
v 41.6335831 131.8216858 37.0404892
v 5.9537716 155.7461243 27.3952370
v -5.0422573 125.5314560 31.6844368
v 84.3917465 104.9932861 35.9897728
v 80.8329391 87.1780319 33.6133080
v 69.1983566 72.1219025 31.2833652
v 68.0809402 69.4734192 30.9116325
v 56.7891998 76.3356552 32.3591919
v 55.2730522 69.9414749 31.6907825
v 54.9223213 114.4236755 37.0984497
v 55.4516487 55.6876640 29.9270916
v 51.3018684 65.0271301 31.6121578
v 42.0086441 94.4158401 35.0431595
v 39.3526573 76.1045532 34.5033188
v 41.3069611 67.7754669 33.7267761
v 39.9730759 36.4191360 32.7745285
v 36.9327431 114.6877213 35.5706902
v 31.5205994 48.1927223 37.1276474
v 30.8663292 57.0256271 37.0540123
v 32.0702477 79.8286057 35.9572563
v 26.2188339 24.1868668 40.8060341
v 26.3672199 29.0452595 40.3984756
v 13.5367422 106.8391647 34.4825058
v 14.5259657 75.3412247 38.4314499
v 14.6672773 17.3059845 45.6386719
v 11.2145891 48.2735558 42.2658806
v 11.4917698 8.0971813 47.5722122
v 9.3185425 42.6088409 43.2503433
v 1.9815280 83.3647614 37.7823868
v 2.4001212 101.9379425 35.0728683
v -3.4551992 79.2698593 38.3629951
v -10.6886835 80.3578796 38.0011902
v -14.9729586 80.4856415 37.7625122
v -16.8658962 102.0689163 35.1136017
v -25.6607819 24.6705303 41.0276833
v -29.7221909 110.1466599 34.8660774
v 25.1626492 10.0756540 42.4059258
v 96.9798126 94.3141785 34.9494438
v 83.4680939 72.2991791 31.7608376
v 55.4525871 29.2073708 26.6835117
v 78.9205170 58.3150330 29.5378647
v 63.3450241 39.7859077 26.8759918
v -28.8638172 86.6655273 36.0822182
v 63.7599525 16.3068848 23.5153294
v -28.2741833 54.7050476 38.0120392
v 87.5181656 34.3008041 27.6526527
v 84.5971146 26.6403103 26.0648308
v 98.0831909 30.7331772 30.8806057
v 86.2325287 15.0745010 25.0287266
v 104.3032379 15.8648214 33.9573975
v 73.1836166 199.7198792 51.8587608
v 86.9988480 199.8050232 49.2349091
v 41.8254585 199.8059540 43.0083275
v 30.7545872 199.8585815 38.6123962
v -23.7109680 200.1698151 29.0642757
v 1.0845784 200.5263062 24.6818142
v -24.1397800 200.3803406 36.3965302
v -16.2616577 200.9025726 34.1569061
v -32.5158463 136.7066498 43.0919800
v -37.7686768 8.0316286 37.9833984
v -35.5908241 86.9882660 37.1340446
v -33.8852081 132.1857758 39.9354782
v -34.3206253 141.1747437 37.8771324
v -40.1381149 27.4383316 41.9529953
v -18.2732811 0.1980645 48.7325554
v 69.9181442 -0.5214947 24.6213951
v 104.4489059 68.5940399 40.5289955
v 105.6239395 80.2400894 37.5757523
v 109.3446121 168.0232849 40.1786537
v 108.5403290 144.3306274 40.9390221
v 112.4257126 182.4767761 43.0744362
v 110.0070801 154.9779205 42.5242462
v 92.5074463 87.0785599 34.1098976
v -17.4590778 200.3107605 26.7467289
v 90.1972961 176.1397247 43.4872284
v 4.4701033 124.8569336 31.7679195
v 67.3447418 147.6617584 42.2744064
v -17.7625427 159.9955750 28.5424995
v 66.2182236 89.2455597 33.8033218
v 63.6328812 195.3926392 48.8269806
v 92.5318604 3.4882665 26.0753803
v 101.8241425 36.9517403 42.0943604
v -21.1804466 153.6722412 30.0303555
v 25.1722584 122.7895584 33.5768661
v 85.4948807 52.3583183 39.6905632
v 90.2373199 71.7958069 42.5110550
v 59.9691277 64.2510223 30.5421066
v 18.9866695 0.5953025 51.0801010
v 34.1031380 199.7078400 43.9204636
v 28.2248249 114.8185272 34.4822578
v 95.4136887 94.6265259 44.9649353
v 101.8279800 63.9481277 34.0025024
v -26.5796890 8.3185692 52.9847527
v -10.0764570 169.9664612 36.0791779
v 104.5606079 176.6369629 36.4383087
v 86.8387985 68.4415588 31.5808220
v -33.3450012 71.9575958 35.8827171
v 47.6166725 8.5371361 38.5881653
v 97.4017334 167.0142212 50.7345352
v 7.6535320 189.3060608 22.8120956
v 45.8583107 126.3320084 37.4648399
v 13.1310558 39.7727280 43.1088905
v 106.4267197 108.2426453 39.7150574
v 60.6285362 152.4951172 42.4967804
v 33.7239265 52.0238647 36.0792274
v -30.8309040 32.1944275 38.0533104
v 102.5769272 167.0591736 37.4736328
v -24.5479660 9.4319420 53.7719917
v 95.0872498 40.7522240 30.4471874
v 97.2721710 58.0090256 32.4259796
v -0.7833197 33.0758781 45.1411858
v 50.9234314 104.1118393 35.7885323
v -37.1022377 70.0106430 41.1849060
v 21.9196491 99.1057053 45.4980316
v 73.8005753 61.4981194 29.7593288
v 76.7115097 -1.0805442 28.8398380
v 38.3076973 34.9506950 45.2654266
v -3.8263309 54.5642662 52.0481377
v -12.8697004 96.5352173 45.8958511
v -7.3125706 133.3982239 40.7759933
v -27.2363472 102.6894379 45.2023659
v -30.3839436 157.3241577 44.0320206
v -34.4326859 89.9770813 45.4718246
v 43.9662209 25.5672512 41.6181870
v 39.6152077 170.7005463 49.2370415
v 43.0230217 115.9044418 46.4266167
v 62.3434067 5.6531382 32.4899750
v 70.3253250 72.1135101 41.3823166
v 107.8764114 196.8804321 46.9654694
v 108.8355560 182.4658966 45.7972603
v -31.1247005 75.4900284 46.4632683
v -32.8286629 19.9593544 48.9563828
v -17.4959164 155.9389343 39.3019867
v -17.3539295 158.7127533 38.9753342
v -22.5825481 107.2007904 44.7555618
v -26.8592129 50.3744392 49.1831284
v -17.7690296 116.1598206 43.6251488
v -9.9746695 150.0787354 38.7097664
v -11.7257557 102.8089218 45.0812492
v -7.3805943 57.9857063 51.3887291
v -4.1506648 14.2329159 57.8794708
v 4.4618826 180.2933807 33.9184341
v 14.7820702 3.0733140 57.7693596
v 14.9495993 179.1623840 36.0741577
v 19.9139271 193.6920471 36.6206207
v 24.1057224 131.5713501 42.9104195
v 29.0053654 89.3026810 45.9733505
v 36.0289726 82.2519989 45.3775749
v 47.7298317 47.6878662 41.1204720
v 54.8569756 55.3787575 40.2084579
v 56.2382164 129.1884918 49.1263199
v 64.7364426 26.9338722 35.0818291
v 72.8048782 32.9552612 35.6902390
v 101.7251511 158.9587097 48.5065155
v -11.3618565 192.9443970 33.3680305
v 6.4028802 156.2919769 37.5008049
v 95.8563843 79.4223557 43.8598175
v -25.5704079 52.8591957 49.3148041
v 67.1279297 37.9203072 36.4691811
v -32.0977707 38.9672127 48.1847916
v 68.5512848 30.3179302 35.3042107
v 82.4257965 23.2589760 35.5253563
v 82.8411331 123.7257614 38.4729233
v 85.1693192 82.4395447 33.1610565
v 74.1410141 63.3891869 30.0400467
v 92.0564270 43.8499336 29.8318901
v 5.6783996 24.9823589 46.0935631
v -8.7529182 107.8724670 34.2640724
v -11.6467075 60.3837509 40.6068764
v -11.4015512 62.9127007 40.2901459
v 63.3845596 153.1607666 42.8448181
v 22.1861038 195.6856842 26.3203678
v -18.3135986 191.5609894 25.1355381
v -16.8867722 144.6248169 30.1390686
v -33.7441902 191.7575378 33.9498177
v 76.1707687 191.6218567 48.4893837
v 28.0961742 156.9619446 31.9453564
v 52.9434357 185.3733826 45.0606232
v 8.0573483 187.1661072 23.1726303
v -17.1698627 146.8681183 29.9220600
v 55.1397362 186.5195312 45.8617859
v 15.9093161 151.6290283 29.1423759
v 41.6492729 169.9808044 39.0671310
v 98.9334183 167.2811432 39.3269043
v -6.1593590 145.0252838 28.9400635
v 39.9568634 161.3064270 37.8383980
v 42.3042068 138.7438049 37.5804176
v 81.2874527 84.3928452 33.2502480
v 60.1543312 68.9502945 31.1650105
v 47.8515129 40.5676956 29.9521542
v 45.2650070 94.5312576 34.9374428
v 17.9884624 105.1959229 34.7694817
v 15.3307695 105.0321579 34.7405167
v -5.0675998 116.0951767 33.0422974
v 8.3272409 63.3211174 40.4657784
v 95.7367554 81.1457062 33.8629837
v -25.2689419 83.5402451 36.6329575
v 51.2151909 4.7277346 25.1851444
v -33.6142082 37.8649368 36.3810234
v -25.8944073 40.6235733 39.7473183
v 102.6795959 39.0234375 33.4800911
v -28.0566692 24.4018917 39.8969345
v 95.7003403 16.7812710 28.7575474
v 105.1389694 199.9705811 39.0816460
v 35.4596214 199.7386780 41.5524673
v 101.6430283 199.7767944 45.3517723
v 13.6154194 200.4117126 27.8102779
v -23.9127121 200.2894440 31.5707474
v 23.7149067 200.1669769 35.0145378
v -36.2210770 34.0795898 36.6716003
v -37.3367043 57.5574760 40.0230064
v -38.0810471 59.2617416 42.0599823
v -13.9635086 1.2527616 58.1590462
v 57.3363380 -0.2878373 26.4476967
v 108.7438049 197.8033752 38.0951920
v 105.0790024 73.3336868 39.0634499
v 3.5758867 137.0791626 29.9767170
v 66.3269653 173.5898285 45.9829865
v 92.8227463 92.6905289 34.6629829
v 57.8289871 0.5793282 33.0270462
v -37.8430252 61.5844193 41.8420715
v 6.2830973 185.5210419 23.1836014
v 6.5141692 2.8527610 49.1565475
v 101.9727936 -0.0437652 37.1849060
v 63.6470070 31.4095669 35.8302383
v 18.7716961 36.9336319 52.6124039
v 68.7563934 28.3428516 35.0091400
v 41.1871872 179.9811707 50.6300316
v -26.9405499 5.6259794 53.0619125
v 95.8318100 163.4471741 50.9369392
v 43.0915527 190.5069733 41.0619469
v 21.0172749 186.9394226 26.6612797
v 10.2755575 65.0121078 40.1006622
v 104.3069229 187.6241455 36.8099060
v 37.5298157 8.5893431 46.4871025
v 41.5018234 188.6767273 39.9783020
v -27.5057621 85.0295258 46.3795891
v 93.1803360 198.2784119 44.4864769
v -27.7865372 163.8464661 42.5236397
v 40.7450981 159.4371796 38.1198425
v 80.4965286 37.8653259 26.8670769
v 88.5178146 36.6020927 38.6025124
v 11.9619064 36.3716927 53.9303474
v -27.3793030 100.3352737 45.3527641
v -36.2393723 22.5349903 46.8578491
v 41.8743515 110.8181076 45.9893990
v 49.0137558 7.4201317 37.6656075
v 42.2265625 192.8730011 52.1673203
v -23.5602455 121.0733261 43.6374245
v -17.9089432 198.7854462 35.1420288
v -20.6802692 108.0144577 44.6184845
v -19.5444660 58.1666222 50.0219307
v -4.3011031 3.5911663 59.4197273
v 1.7324764 123.5063324 42.0307274
v 8.2746058 159.6389771 37.2214012
v 24.4190044 75.1547394 47.5386810
v 28.6246529 186.8808746 42.7699966
v 34.8385849 197.6534424 47.9588585
v 47.0010185 152.7939453 50.3227463
v 76.4713058 43.1072273 37.3680000
v 91.9642563 69.8276215 42.5578766
v 105.0624466 112.3708191 45.5076370
v 104.6381989 125.5575790 45.9338684
v -16.8499622 161.5849609 38.5416145
v 38.8920021 119.2472839 46.0831451
v 23.6755371 121.7645111 43.6008987
v -7.4177566 38.2453804 54.1871262
v 47.7120895 23.5601425 39.4562721
v 16.7039356 10.1012459 56.3738594
v -17.5648136 4.2348104 56.8589783
v 55.3994026 198.3192444 47.3773613
v 85.2114792 189.0843048 46.4668427
v 104.3951569 199.9999542 36.9378510
v 104.9096298 198.3680725 36.4478416
v 84.0673065 78.4406357 32.5912628
v 89.7153015 43.5979385 29.2190456
v -10.9028435 65.4466858 39.9952011
v -25.1255207 30.3173523 40.8277168
v -31.5622787 46.6916389 37.1723824
v -29.5785809 48.0344849 37.9134216
v -22.8268127 110.2586441 34.4199905
v -29.3255291 197.9658356 30.3389568
v 79.5643311 181.0883331 46.5742188
v 76.7445450 195.8993073 49.0361595
v 63.2514648 158.2168732 43.5474358
v 20.0473633 130.8892670 32.1327972
v 100.7029190 184.6575775 39.2707214
v 15.1134987 159.2704163 28.0688362
v 42.0150375 167.9560242 39.1366501
v 37.9863167 122.0397034 35.8909912
v -1.1139212 144.8583374 28.7989769
v 96.1562119 139.5911560 38.3891640
v 90.2023010 121.6867676 37.6704407
v 43.2092934 45.0511246 31.8500443
v 13.1017437 31.3378410 44.2041740
v -19.2027321 116.3740311 33.5888176
v 8.8121862 35.4591827 44.2939720
v -23.5698051 112.8029709 34.2372856
v -22.9812279 31.4400883 41.5472641
v 102.2144012 112.1545410 35.7714996
v -27.1088238 75.8994064 36.9557495
v 90.2557831 12.3250275 26.0137749
v 98.1681061 23.3489151 30.4400291
v 93.3329239 8.6078844 26.9284363
v 104.6991882 1.8622704 34.0785751
v -35.6579399 89.0915375 38.0829391
v -36.5454254 85.1660919 43.3749428
v 32.9691963 0.1589115 40.0216026
v 104.0360947 -0.0002801 33.4779167
v 110.9674225 194.3923798 40.5487900
v -9.3772402 117.0121002 33.0168953
v -33.4388618 181.8485718 37.7018967
v 27.3183537 121.3907166 33.9647331
v -33.6844330 0.0003786 36.9377670
v -30.7638130 151.7088623 44.2368736
v -25.6623764 191.6499634 40.3253975
v -3.4856241 38.6838036 54.3680153
v 41.4013062 88.2411575 34.7513123
v 74.3988342 26.4453259 34.8204918
v -22.7258263 35.5132446 51.7580376
v 9.5058613 28.7807255 55.2998581
v 9.2797241 23.5523376 56.0490723
v 8.0494385 157.5773468 37.4787331
v 36.7880020 145.7266846 46.7069168
v 109.1419449 185.3641052 38.9606628
v -29.1674042 153.2664795 43.4492607
v -30.5589905 154.6874084 44.1288567
v 35.9788132 45.5868225 46.1902046
v 6.8730140 22.8625622 56.4191513
v 1.9521703 92.1045532 46.6146851
v -7.1289129 24.0687866 56.2263985
v -13.0669813 82.2709656 47.7417221
v -28.7900429 83.2338028 46.3640099
v 34.2877922 93.1554260 45.4215584
v 103.0239029 173.7570496 48.8541679
v -22.9099998 193.1001282 38.3756828
v 8.1957216 120.6370926 42.5916138
v 21.3377399 118.0739441 43.6857796
v 24.7564621 99.0245590 45.4722443
v 36.6594696 69.6275101 45.3858643
v 39.6945763 192.5993195 50.7856331
v 42.5673218 108.5760727 45.8995209
v 65.8595505 154.1152496 53.2643013
v 72.0664825 73.5991669 41.6046906
v 103.6097641 129.8602448 46.3334694
v 14.8676891 198.7984619 33.8217659
v -15.3716908 195.5710602 34.3679695
v 32.1141472 179.5005188 45.3910065
v 93.1341782 136.4003296 48.9573326
v -18.2236233 114.1717453 43.8689423
v 98.4066849 87.4663239 44.6310654
v 61.5794373 32.7272339 36.2859917
v 36.8024330 14.1317167 46.8079147
v 86.8374252 191.5825958 46.3082809
v 91.6161194 177.9112854 43.1866646
v 97.7513275 106.9448090 35.8180733
v 80.2599182 74.9437332 31.9198723
v 0.0789115 8.2158861 48.7839203
v -1.1123579 58.7126770 41.3912277
v -10.9363289 109.2840042 34.1096573
v -24.8460445 108.7669449 34.6501694
v -25.3807602 188.3475189 28.5429821
v 75.4173813 194.3447876 48.9477959
v 30.5403786 124.2388611 34.3354034
v 55.0777321 189.1085052 46.1617661
v -23.6738434 153.2357941 30.7446499
v -25.4029846 170.6203003 29.9178963
v 9.6303377 132.2180939 30.9442120
v 6.3695755 126.1739044 31.6315365
v 82.9691620 114.6474609 37.2757263
v 10.2163925 74.5441513 38.8122940
v -4.4936833 71.6133194 39.4515686
v 8.2063227 33.3896103 44.6486092
v 8.7393093 31.1667671 44.8980141
v -1.1031266 63.6303749 40.6719818
v 53.8825760 13.3239775 25.2043419
v 89.8070602 50.1645546 29.9509544
v 103.8740768 45.3390617 34.2405701
v 97.7095184 9.7395067 29.3000164
v 96.8454895 199.7034454 47.6605034
v -6.7865419 201.1374664 29.4760685
v -31.1036625 161.2989044 42.2901573
v -37.2538033 67.8106155 41.2662659
v -39.8257103 23.3730373 41.1909866
v 29.1082973 0.4041235 45.8251076
v -24.1331463 0.7045758 52.6222458
v 0.7483944 136.5557404 30.0092735
v -35.3553391 170.5000000 35.3553391
v 66.2481003 166.5252380 44.9585228
v 65.9520187 164.2956238 44.6193352
v 73.9505997 199.3805542 54.1620369
v 100.0765228 85.4289856 44.6836166
v -31.7711658 152.6107178 42.1686096
v -34.3482094 0.0420679 39.7251892
v -22.1566582 151.4498291 30.4977608
v 100.5788422 126.3408279 46.7919388
v 7.2619357 200.7572784 27.5772362
v -32.7694206 170.6117096 39.0242958
v 5.3760109 110.2839966 33.8801231
v -2.6896009 2.1931214 49.5949745
v 97.5535507 84.5326920 44.3821373
v 28.6090469 17.7283039 51.2233391
v 66.1908875 54.8071785 38.9542351
v 92.4853668 159.9753723 51.5434074
v 78.8665161 73.0263214 31.5883999
v 35.3531914 76.4624786 35.3586578
v -33.9759903 169.3665314 37.3490028
v 64.2598190 53.1791153 38.8355293
v 92.8116913 36.7422829 39.9968109
v 64.8365784 29.4033852 35.4224319
v 45.5192490 85.1158142 34.1918869
v 30.5485859 16.5199032 50.3767967
v -36.1601601 0.0184023 38.2856445
v -33.4327278 2.1058311 37.1209412
v -34.1179047 200.0000000 36.5927734
v -32.0417137 36.9541092 37.2528496
v 32.7234497 13.2238073 49.4187889
v 28.0987167 2.9490607 52.7111969
v 31.9652996 171.8004608 45.1270676
v 38.2587204 163.2551422 48.1692085
v 37.4517822 182.7871704 48.8778419
v 55.7267990 60.8138390 40.7118149
v 88.2462387 159.3920593 52.4442177
v 97.0245132 158.0682678 50.0740395
v -24.1654301 157.5368347 41.1666756
v -29.6166821 67.1465988 47.2490501
v -0.9375606 172.4277802 34.8741150
v 68.0673904 166.8599396 55.2022972
v 98.9501343 159.7510223 49.5867577
v 94.4885254 37.8773232 40.7182426
v 87.2984085 14.2188110 35.8947372
v 89.5866318 13.8350906 36.7891312
v -23.3701382 5.3068495 54.6792831
v 26.4063187 133.1613312 33.0081902
v 73.2843399 175.7875824 46.3934555
v 76.7815857 197.9377136 49.3232956
v -33.3559837 69.3644409 35.9247246
v 29.2601528 126.4141083 33.9914780
v 17.8035946 132.5587616 31.6593056
v 100.9918289 182.2904816 38.9872169
v 102.7399979 176.9192963 37.6757660
v 97.3352280 136.9875946 37.9220734
v 51.4427605 92.3700790 34.5360909
v 50.5540047 89.7655411 34.2941666
v 25.0322227 95.3202362 35.7257843
v 1.7718281 118.4504166 32.6611404
v 86.8035736 90.4782639 34.2170258
v -26.5058403 107.2365723 34.8471985
v 86.5176544 4.5245724 23.8325233
v 83.4830399 199.5297089 52.3096581
v 84.6806870 199.7940826 49.8761139
v -31.4330482 200.0493622 35.5345955
v -32.1089439 179.8856354 39.4262810
v -32.7021637 150.2936707 40.6225777
v -41.1494293 2.7918854 41.3159752
v 106.0660172 63.9453125 35.3553391
v 88.8326340 105.8659668 36.0138893
v -20.3739643 198.9026184 36.4492188
v 106.0660172 4.5156250 35.3553391
v 106.0660172 66.5468750 35.3553391
v -16.5866261 65.5461578 39.4202843
v 13.2493086 23.2580452 55.4650269
v -1.0539316 126.8595963 41.5344009
v 14.8366566 5.2932129 57.4696312
v -8.6853294 100.8187790 35.2413750
v 96.2782593 186.7622070 52.9663124
v 95.6861267 98.8813248 35.2684250
v 7.9202437 180.3209229 24.1095123
v 25.5723419 186.3638000 40.4540710
v -15.1800900 99.9964294 45.4417839
v -15.2189369 97.8335724 45.7045517
v -34.2938499 67.2897034 46.1002731
v -27.5013714 169.2766113 42.2289467
v 100.6758499 189.0840454 51.0975189
v 97.2315903 77.4118958 43.9175491
v 106.3894196 170.5977020 46.9230080
v -33.0013008 55.6284866 46.9546394
v -14.6260977 72.0283890 48.9566803
v 3.9105623 150.1335449 38.2189865
v 9.5561428 179.7773895 34.6894112
v 10.5432234 177.2306213 35.2141304
v 41.4417763 17.5188198 43.2970123
v 34.3496552 129.3501892 45.4303169
v 58.4410515 61.0442467 40.4181061
v 89.3181458 18.3714046 37.0821838
v 103.2278671 168.5140533 48.4389877
v 102.3139420 163.9481659 48.5815468
v 30.8682995 164.2367706 44.3455849
v 37.0044174 158.5177155 47.3709831
v 99.3568192 156.9374390 49.2281303
v 35.5431900 113.0623932 45.4143295
v 50.5571480 65.8291321 42.0101128
v 34.5459290 43.5350075 46.9004059
v -35.3553391 80.4227829 35.3553391
v 79.0401001 155.8433838 43.1307182
v 4.2332950 176.4285889 24.3114185
v -20.2315922 131.7910461 32.0614395
v 101.3172913 109.5006027 35.7510490
v 69.3062134 95.9881897 34.7691879
v 49.1833954 73.1457901 32.7391090
v 50.8279152 94.9102859 34.8218155
v 16.6990318 76.4750748 38.1216888
v 14.1366720 51.2506447 41.4934883
v 6.1208172 115.2564468 33.1816902
v -16.2710381 63.1265984 39.7471352
v -27.8283424 103.3401184 35.1480942
v 102.3840485 90.2127762 35.0277863
v 104.2032471 86.4882278 35.1183243
v -19.0924664 200.5667419 31.1026230
v -28.7244244 200.1266785 34.4768257
v -37.7063179 39.4447327 39.2407265
v 44.0508766 0.0139218 29.9980793
v 100.8279800 3.8012955 40.8007164
v 109.7548523 190.2576752 39.4454422
v 107.4300308 161.8901215 37.5565643
v 105.4252853 65.4304810 37.2149391
v -32.1785851 150.3560181 33.8981628
v 81.8390656 105.9500275 36.1514816
v 97.3805847 75.2992477 43.8134537
v -25.2941475 170.1368408 40.9791374
v -9.3028164 27.8529587 55.4534264
v 83.1938782 30.1813850 26.2436886
v 105.6634903 72.7605515 36.8301277
v -5.7063241 172.2591705 35.1782570
v 62.1951256 151.1054688 42.4602509
v 26.1581726 180.8818665 29.5051174
v 53.5795593 54.8004990 30.1059456
v 86.1107788 92.9417343 34.4937592
v 28.9157162 12.4366360 51.5066910
v 32.1028671 11.0663586 49.9071236
v 112.0364304 196.2532501 41.5601387
v 25.4033432 178.7176666 40.6565475
v -4.7482200 80.8848801 48.2151108
v -28.4778843 57.5630760 48.1860008
v -34.1149826 69.6874466 46.0682945
v 32.2194824 182.1293335 45.5250053
v 45.8542557 196.5378876 54.2290535
v 72.2006073 136.1155243 50.7399902
v 84.1920013 122.2596817 48.3105469
v 86.7609863 123.4812012 48.2850761
v 94.2041626 127.3504181 47.9055214
v -38.0661201 30.2421131 45.5107002
v -38.9803543 27.7754402 44.9881706
v 1.5431883 148.2209778 38.4219551
v 85.3554306 47.2920074 39.0696716
v -0.6761461 136.6972046 40.0972061
v -6.0231776 65.3134384 50.4174309
v -36.6014824 28.6235828 46.4243736
v -33.5106964 166.8340302 34.1950340
v 43.3587990 194.9853973 41.4967041
v 95.8424454 134.6877899 38.0778732
v 85.1008301 102.0955505 35.6169853
v 80.4954376 102.0017548 35.6285706
v 65.1499634 97.6460724 35.0186386
v 64.5999756 95.8137665 34.7591400
v -14.5890446 71.2578659 38.9360580
v 51.5896263 20.0975037 26.7000141
v 84.6178284 45.5541992 28.4623737
v -26.9485455 68.5698166 37.4704857
v -39.3756561 0.0586768 41.9613800
v 107.4607086 173.9497986 37.2476273
v 105.1947784 70.4269791 38.2937241
v -37.4470978 42.3267441 38.9819221
v -33.7468414 179.5401001 37.3775482
v 39.7190971 113.3596344 35.8706055
v -32.3400993 10.3413582 49.8175430
v -19.9521751 24.4839039 53.7499313
v 12.0293713 56.4843788 51.2303925
v 21.6880913 184.6908264 38.2383118
v 19.0731850 154.8990479 29.4052486
v 36.3968925 66.8181229 45.5076752
v -29.7027073 64.4811325 47.3991432
v 62.4622650 128.4856720 49.4394722
v -18.8533497 149.0106659 40.3198853
v -18.3147392 146.5887299 40.4533005
v 2.2689052 116.3979568 43.0714645
v 93.4794235 147.7854919 50.0456924
v 98.1711884 91.2604370 44.8350029
v -25.6635380 184.7984009 40.5689812
v -26.0489597 182.4342957 40.9157181
v 99.9587326 89.7445526 44.8639374
v 68.3290863 56.1852760 39.0786057
v 103.1445465 107.2385178 35.5423050
v 91.5633850 59.7199211 31.2976398
v 24.1256409 179.7375183 28.6369343
v -20.2554169 180.4076385 27.0391407
v 54.4735413 175.5276489 44.3640442
v 55.1389122 50.9543228 29.3972225
v 48.7879105 91.1465836 34.5102997
v 46.2167854 113.1741028 36.4389381
v 15.8826523 110.7612457 34.0606728
v -12.8688812 74.4548340 38.6616821
v -15.0323477 75.6774597 38.3510628
v 95.1866455 76.5364227 33.4263992
v 86.5138626 36.7832680 27.7269878
v -27.5785370 8.4960728 41.1400566
v 18.2368603 200.4002533 31.2424049
v -18.8581429 0.7955542 54.1127701
v 103.9951706 3.5723004 37.5050201
v -11.7049685 51.0254860 51.9943008
v 91.0745697 135.4394989 49.1864967
v 20.0288143 57.6388664 39.7789268
v -13.1388988 69.3426514 39.3025284
v 102.6357880 21.4965420 39.7243614
v 87.0906219 119.3333893 37.6510353
v 100.7627869 88.3199234 34.8186684
v -37.1375389 37.8377457 38.2233505
v 111.6561279 199.9143982 43.8045807
v 41.2256317 195.1549225 40.1218414
v 41.5797310 111.4021683 35.9512215
v -29.6649780 34.3813972 49.4859238
v 74.8081741 114.7323380 47.5940514
v -24.4080544 50.8332748 49.7895775
v 19.0098534 164.6663971 38.8429146
v 97.4446793 129.2758026 47.5612450
v 99.2906876 130.1719360 47.2826004
v 54.7254715 121.6744537 48.0674858
v 96.3870087 86.8601074 44.4367714
v 56.3213654 30.1876755 36.9873123
v 15.3136034 8.1676464 56.9755707
v 101.0925827 140.7753906 37.1167259
v 94.3721619 124.0490341 37.4418335
v 82.3578110 12.8911266 23.8085785
v -22.5822678 183.8726196 27.6029606
v 57.9582634 144.5220490 41.1350555
v 51.0049286 193.6622467 45.2746811
v 17.6171150 156.6182404 28.8872204
v 52.8094139 139.6932831 39.8480492
v 5.8622322 171.4482269 25.1501980
v 68.1867905 100.2591248 35.3931732
v 68.2526627 93.4466553 34.4007797
v 61.6603737 79.7691574 32.5617752
v 29.7500820 95.8338013 35.5534515
v 96.2288132 90.2256851 34.6092148
v 20.9212074 200.0520935 27.7047005
v -30.4811058 200.0540924 37.9325562
v -38.1544800 36.7706108 39.7836914
v -5.0386963 0.2771327 51.7265778
v -32.1219673 65.9563217 46.7200317
v -32.4698296 189.4757233 38.5805244
v -15.1644573 8.2158222 57.0058098
v -21.5224648 158.0849304 29.6933594
v 52.5193634 180.5134125 44.3717499
v 20.0515766 67.8072281 38.7156982
v 1.3286762 113.3778000 33.4016266
v 42.3847961 113.2572784 36.1265106
v 15.3397169 27.3803654 54.5115547
v 74.7750626 173.0597382 56.0441818
v 71.9763947 47.8946495 37.8533669
v 98.6506729 194.9342957 52.6052704
v -14.3021231 15.2115335 56.2991638
v 17.2049809 163.3858643 38.4616051
v 58.2397575 121.5790558 48.2802429
v -19.5108566 187.8213348 36.9320641
v 64.1141891 69.2025604 41.1000252
v -37.9428406 48.1662407 45.1926498
v 36.8657265 186.1430664 36.5811348
v 87.1228256 170.5243835 43.7096291
v 86.9450912 29.8206139 26.9923573
v -17.5199070 96.7694702 35.7254486
v -27.2408829 181.8930206 30.0235596
v 75.1898651 121.0191116 38.3882828
v -31.9306488 180.4501801 32.8678703
v 14.3731441 126.8199234 31.9996834
v 5.1155534 148.7630463 28.3528442
v 96.4061508 120.2424316 36.8707123
v 73.0795746 103.7522736 35.9008560
v 69.6265945 79.9502945 32.4259148
v 39.7385292 47.4284363 33.3371773
v 22.4959526 82.5005722 36.9772568
v 13.7978601 56.3571815 40.8933449
v 94.4901199 66.1946716 32.4473534
v 61.0466042 7.0590601 22.6428928
v -28.9622097 59.9256630 37.4926033
v -31.1041851 61.1929283 36.8099670
v 98.1496429 20.8666611 30.2961349
v 107.4357758 135.0493622 39.2627563
v 32.5305252 115.8665771 34.9502487
v 82.7641068 7.8507991 33.6667595
v -20.2579594 155.8703156 29.5788212
v 50.5256844 181.2547760 43.7651443
v -28.3565006 195.6170197 29.8064995
v 40.8214188 191.0717468 39.6356316
v 94.6641769 199.8536377 46.2035217
v 99.3465195 154.0985565 49.0039864
v 39.1419945 189.4268188 38.3877602
v 99.9296265 111.0805817 35.9341049
v -7.5407910 138.4146118 40.0895691
v -22.9348297 7.9569073 54.5750008
v 82.8815536 68.3778152 41.3499641
v 91.1738205 148.2380524 50.5724640
v -3.1596460 20.4682617 57.0215988
v 6.2329555 171.7169800 35.3131065
v 72.1238098 143.5179596 51.8222809
v 76.5655441 50.0687943 38.3567810
v 90.4902496 150.7377167 50.9872627
v 23.7035217 116.8423615 43.9936638
v 98.0619049 8.8856668 41.6627769
v 35.2273865 187.6085663 35.2503014
v -10.7772875 67.9959946 39.6589546
v 100.5908737 189.1475067 39.5634804
v -27.4315128 156.1154022 31.7660923
v -30.3799381 152.3943939 33.0823288
v -27.9775848 123.6901855 33.9229279
v 16.4603596 125.2817612 32.3593712
v 99.8471680 113.1409454 36.0462112
v 67.7327423 81.5729599 32.6758461
v 43.1701164 47.2368813 32.0096664
v 29.7868843 52.3604774 37.6287231
v 16.8042145 96.4161224 35.7733345
v -24.5899715 99.2536011 35.4177933
v 94.1254959 22.0785408 28.4929638
v 95.9725418 23.4075871 29.3987522
v 95.6020126 9.3266792 28.1129379
v 94.8600464 6.8968945 27.5319061
v -38.6485596 54.1427116 42.5569801
v 104.3554688 28.5265827 37.7537498
v 102.3243179 30.3584518 40.7295456
v 103.8261108 26.1982346 38.3907623
v 92.0368118 127.1795654 38.0297661
v -16.3372135 13.8397474 56.0051880
v 11.5806713 27.4673595 55.1872101
v -24.3901196 96.9890900 35.6006737
v -37.3081665 0.0000000 37.3081665
v 102.4959488 4.6123619 39.0987663
v -9.1708307 12.1875677 57.6503716
v 50.7763824 192.6881866 55.7333450
v 84.3231430 76.4402847 42.4803696
v -19.1395092 8.0035286 55.9155769
v -10.8871279 124.8950882 42.1373062
v -5.0579853 140.9678040 39.5883713
v 21.1374416 93.5993423 46.0535316
v 20.8629875 156.0503082 40.2098351
v 34.5657845 119.5051422 45.3401566
v 41.9705505 63.6771393 43.7341156
v 29.1295300 136.7872620 33.4250755
v 30.5566750 133.8019104 33.9332275
v 40.9576416 184.5273132 39.4210243
v 96.3937988 109.1531830 36.0429459
v 44.5129128 52.2323799 31.9178391
v -20.6538315 20.2978916 43.4364815
v 97.6527557 97.9839859 35.2205086
v 103.8989944 47.2422523 39.4662819
v 104.3521118 49.1308289 38.7277069
v 108.8315582 158.4959259 40.0840874
v -5.2710629 1.4750698 49.4803848
v 41.3205719 48.1430550 43.5820465
v -12.0076332 34.5162926 43.9752197
v -18.1285038 27.7659111 53.8428802
v 11.3913422 24.6728516 55.5875549
v 79.1278000 65.2221985 40.6537399
v 102.6591110 186.0498047 38.0019341
v 14.1717453 95.9092789 35.8697510
v 45.3210907 51.0434036 42.1059494
v 110.7016678 183.6105347 40.8990097
v 45.4931831 194.8538818 42.7587967
v -40.8437042 0.0000000 40.8437042
v -9.0299025 128.8489685 41.4995918
v 45.9804344 65.8402786 42.8556328
v -30.7614517 18.4930878 50.1368103
v -23.7953014 77.8256226 47.3768349
v -15.7984667 183.7244263 35.8198624
v -19.3920326 193.5988464 36.3543243
v 103.4888153 150.2761383 47.3283958
v 72.3113098 145.8981476 52.1664124
v -0.6413900 20.2487259 57.1221657
v 85.6802597 162.8410645 43.1060066
v -31.7685051 182.9877167 32.6682014
v 98.6709595 193.6809387 41.0566673
v 24.4272137 134.4643250 32.5155830
v 2.3981211 185.6779480 22.8715439
v 12.1219873 128.2072906 31.6519451
v 90.5976791 138.5253754 39.3986702
v 34.4943619 66.0771484 35.6299782
v 11.6276951 103.4259109 34.9016533
v 39.0851517 0.1305137 37.4003448
v 93.8405151 141.2293396 39.0440407
v 84.3812103 90.8367767 34.1903610
v 86.5941849 160.4507294 42.6187210
v -5.4997082 136.7020569 40.2196808
v -23.0797882 107.6793213 34.6640778
v -33.7955170 151.1237335 34.5995941
v -32.3980942 152.3777618 33.9355736
v 38.4192276 187.1623077 37.7738495
v 40.2426414 104.4879303 35.5398941
v 12.1998348 95.5791702 35.9356422
v -4.9844298 32.7380333 55.1570625
v 10.9562283 22.0510025 56.0183105
v -4.7763100 83.2063370 47.8800621
v 71.7647781 101.0069046 45.6092339
v -23.4883537 191.0205383 38.8719521
v -21.4633160 38.2832413 51.8042793
v 8.5908089 152.2643738 38.2716103
v 36.0125694 181.3707123 47.9614677
v 24.8742924 111.3675461 44.5117378
v 40.1577721 108.9801025 45.7511253
v 10.6931229 16.6337242 46.5880318
v -16.8682785 114.4059143 33.6724510
v 97.7062073 76.3314133 33.7699165
v 39.0732880 0.1872367 41.4045830
v 18.3394623 0.8414463 53.6045952
v -4.8446436 1.0889193 57.3534584
v 88.3045654 164.2846375 42.7048798
v 60.7666435 34.3741074 36.6307869
v 91.9271088 144.5182953 39.7619743
v 25.4099579 90.2384949 36.1044693
v 39.8283424 54.0710907 33.5437737
v 94.3327332 196.9755096 54.8039932
v 81.9130249 91.3848267 34.2050323
v 10.7648611 186.4772949 23.7260227
v 77.1881790 190.9947052 58.4346848
v -28.1391144 183.8019867 30.3657780
v 47.8483086 196.5581970 55.0817032
v 74.1714630 125.5768585 49.1751099
v -38.6970100 0.2119667 45.7698860
v 41.7406845 122.8797684 46.7245445
v 17.0255623 143.5406494 40.5365753
v 30.6576157 136.2514496 33.8597946
v 41.9182549 105.3736496 35.6507149
v 31.3294754 69.9367065 36.4372902
v 16.6361351 88.1457748 36.7529259
v 78.9729614 50.2234077 28.4147358
v -36.1603966 66.4438705 37.7533722
v -11.9353199 100.0925827 35.3438492
v 17.9480343 146.0663147 40.4423180
v 41.0960236 190.4392700 51.3863831
v 76.9998703 120.5367203 38.2737656
v -18.1765804 12.6789818 55.6485710
v -8.9537306 123.5619049 42.2201004
v 75.2536469 64.3581848 40.3363037
v -25.3011303 2.3780565 54.1369247
v 13.0635977 152.0729218 38.8828621
v 44.4846687 123.5324554 47.1820717
v 92.5272522 173.8524933 53.0205994
v 45.5780754 22.1680412 40.5277786
v 70.2676468 180.8906403 47.1829910
v -11.1161032 97.6094666 35.6760216
v -18.6431408 33.9350853 42.6345940
v 36.9690323 177.2022247 36.5314064
v -4.3524127 173.9605865 24.6754494
v 44.1414337 117.0868835 36.5463181
v -20.0684643 110.8457336 34.2229195
v 63.2425575 25.8340359 24.9241219
v 100.0487900 -0.0848183 38.4513664
v 108.3056641 132.6527100 42.2251282
v 27.7913151 88.5939026 36.0613136
v -22.3984909 109.2707596 44.5608215
v -36.6778526 63.8752823 39.0315018
v -24.2009239 106.2981491 34.8224678
v -36.7076988 15.2786093 46.8343353
v 100.7022934 192.0540009 51.3102226
v 52.6733551 18.4126377 36.8560829
v 73.8954926 149.8122711 42.5931854
v 6.1537256 118.5987625 32.7046280
v -28.4166813 11.1733084 40.4695396
v 9.3563738 168.8716125 25.8878994
v 32.2074356 96.4707336 35.4562569
v 21.7416821 65.7641296 38.6578865
v 10.3131027 99.2368774 35.4587402
v 64.9524536 37.2954712 26.3910637
v -30.1093140 12.3191986 39.3301277
v -37.2910118 63.1990280 40.6421242
v 27.0900764 0.7939030 53.3656235
v 16.3352776 137.6017303 41.0921440
v 80.3318329 71.5410995 31.4582977
v -21.7230606 89.4468536 36.3745918
v -18.7748241 63.8864594 39.3136063
v 101.5189285 20.5586681 41.0847282
v -34.7239609 0.1140525 42.4054909
v 103.6133881 1.6687355 37.8521309
v -36.7377205 62.0017471 39.0221977
v 8.3423147 18.6418438 46.6788597
v -13.0535564 88.9870987 46.8680420
v 69.4248657 74.0235062 41.6645317
v 71.9606247 82.4725494 42.9001465
v 23.5063133 187.9338837 39.0601730
v 77.9231339 163.0302124 54.3844223
v 69.2246170 75.9646759 41.9489250
v 47.7818489 52.3979683 41.4553947
v -38.1693726 14.1231632 45.8524094
v 26.4964066 196.0330658 28.6130505
v 72.4632416 25.7729988 24.5223827
v 7.4507389 100.4706650 35.2893753
v 43.2373695 135.8601685 37.6472855
v 68.6298676 90.5808945 33.9818459
v 29.6911125 92.2821198 35.7315407
v 23.9486713 64.5493469 38.3656883
v 10.9283161 83.4195938 37.5804253
v -6.2527232 19.7811069 46.7736969
v 8.8461351 21.6824760 46.1953621
v 1.4504234 78.2342758 38.5338898
v -31.4117947 73.6126404 36.2777519
v 93.3044586 199.5846863 49.9016762
v 41.2183838 137.1732330 37.2070503
v 40.4544525 140.6047974 37.1477356
v 74.9911728 197.2147980 49.3975372
v 81.4492035 73.7899857 31.8277588
v -31.3460979 76.5635529 36.1928673
v 56.6341286 120.6926804 48.0717583
v 70.9241333 23.5826530 24.1738281
v 6.9100618 20.0589695 46.6632080
v 38.5779953 13.9503918 45.5482254
v 4.1786304 16.8285217 57.4978447
v -32.8781166 2.0658126 50.0086555
v 46.4454269 191.3088684 53.9712982
v 82.4813004 75.8088913 42.2804489
v 82.8411407 188.5320129 57.2558517
v 109.3271179 164.5971375 45.0762291
v 87.5894852 12.1559715 35.7893753
v 93.0679703 130.1540527 38.1713371
v 61.6040611 21.2578545 24.4980907
v 11.5758762 200.4249573 26.7989521
v -32.1344299 0.1432703 43.4938049
v -4.4724650 76.8012161 38.6985817
v 9.9566050 99.9854660 45.4570808
v 96.5209427 89.2836914 44.6114426
v 11.7010612 101.4552307 35.1632843
v 16.8300514 0.5751216 51.5456276
v 105.2294998 53.6591530 37.1587830
# 11900 vertices, 0 vertices normals

f 1 307 270
f 267 11239 266
f 253 292 252
f 252 292 273
f 252 273 251
f 248 249 293
f 238 299 237
f 306 1 2
f 307 1 306
f 123 4384 122
f 2384 2355 2440
f 3111 10851 3131
f 3111 3131 3156
f 3254 3253 3302
f 3254 3302 3303
f 3349 3348 3391
f 3349 3391 3441
f 3442 3441 11309
f 3495 3442 11309
f 3606 3556 3605
f 3607 3658 3702
f 4085 10281 4071
f 4085 4071 11334
f 4225 11216 4310
f 4320 4360 4367
f 306 9437 370
f 470 10034 11857
f 545 470 11450
f 10424 545 11450
f 648 630 682
f 648 682 699
f 699 682 11513
f 699 11513 732
f 732 10036 806
f 806 10036 829
f 806 829 846
f 846 829 908
f 1671 10479 1670
f 9650 2160 2195
f 2709 2728 2710
f 3606 3605 3658
f 3993 3978 4037
f 10281 4029 4071
f 131 4367 130
f 2051 2020 2036
f 2174 2160 2143
f 2793 2728 2792
f 2850 2793 2839
f 2899 2850 2884
f 3273 3225 3272
f 3368 3273 3322
f 3629 3573 3572
f 1287 1245 1286
f 1328 1287 1315
f 10296 1328 1363
f 1433 10296 1416
f 2020 1982 11678
f 2102 2143 2160
f 2728 2693 2792
f 2793 2792 2839
f 2850 2839 2884
f 2899 2884 2930
f 3225 3224 3272
f 3273 3272 3322
f 3573 3519 3572
f 3629 3628 10890
f 4343 4319 4386
f 10384 681 772
f 1689 1567 1634
f 1778 1754 1763
f 10782 2302 2340
f 2662 2707 2708
f 2708 2707 2759
f 2708 2759 2760
f 2760 2759 2807
f 2760 2807 2808
f 3092 9960 3109
f 3155 9961 9962
f 3424 3382 3367
f 3485 3424 9965
f 3540 3485 9966
f 3590 3540 9967
f 3645 3590 9968
f 3656 3645 9969
f 3729 3656 9970
f 3777 3729 9971
f 3830 3777 9972
f 3872 3830 9973
f 3921 3872 9974
f 3976 3921 3975
f 4027 3976 9975
f 5 6 283
f 520 488 612
f 924 879 906
f 924 906 10648
f 1567 1582 1634
f 1754 1737 1763
f 2194 2143 10825
f 4027 9975 4070
f 283 6 11327
f 283 11327 10353
f 2158 2069 10533
f 2791 2790 2849
f 3366 3320 3365
f 3381 3366 3406
f 3423 3381 3463
f 4103 4053 4102
f 4152 4103 4131
f 10813 4242 4223
f 6 7 11327
f 10923 1905 1950
f 2261 2211 2193
f 3180 10540 3240
f 3240 10543 3270
f 3320 3270 10543
f 3366 3365 3406
f 3381 3406 3463
f 3423 3463 3517
f 4103 4102 4131
f 4340 4318 4366
f 4385 4366 124
f 124 4366 123
f 845 878 905
f 905 878 904
f 1347 1302 1327
f 1448 10276 1414
f 1848 1753 1833
f 1891 1848 1876
f 1933 1891 1920
f 1980 1933 1963
f 2034 1980 2019
f 2086 2034 2068
f 2139 2086 2122
f 2192 2139 2191
f 2245 2192 2227
f 2300 2245 2286
f 3462 3405 9632
f 3715 10542 9634
f 3919 3902 3936
f 4241 11250 11601
f 4241 11601 4339
f 4339 4383 4384
f 4384 4383 122
f 122 4383 121
f 8 9 281
f 8 281 282
f 730 646 11461
f 845 771 770
f 1015 994 1043
f 1753 1777 1833
f 1848 1833 1876
f 1891 1876 1920
f 1933 1920 1963
f 1980 1963 2019
f 2034 2019 2068
f 2086 2068 2122
f 2139 2122 2191
f 2192 2191 2227
f 2245 2227 2286
f 2300 2286 2315
f 3405 3390 9632
f 3919 3936 4009
f 280 281 9
f 729 10856 844
f 1847 1762 1832
f 2676 2626 2675
f 2725 2676 2724
f 2964 2911 10029
f 4358 4382 119
f 9 10 280
f 422 453 440
f 440 453 504
f 844 861 923
f 923 861 11674
f 923 11674 954
f 2676 2675 2724
f 3439 3438 3494
f 3494 3493 3555
f 3740 3739 3793
f 3793 3792 3839
f 3839 11302 11703
f 4358 10476 4382
f 4358 4287 10476
f 10 11 305
f 1799 1752 1798
f 1846 1799 1845
f 2299 2244 2298
f 2352 2299 2351
f 2438 2352 10858
f 2881 2838 2880
f 3761 3677 3714
f 4050 4007 4049
f 4099 4050 11884
f 4240 4190 4239
f 4338 4240 4286
f 305 11 279
f 305 279 352
f 352 279 384
f 352 384 333
f 333 384 421
f 333 421 439
f 439 421 452
f 439 452 467
f 1105 9505 1150
f 1654 1653 1652
f 1752 1699 1686
f 1799 1798 1845
f 1846 1845 1890
f 2244 2243 2259
f 2299 2298 2351
f 2352 2351 10858
f 2601 2555 11311
f 2571 2601 2641
f 2881 2880 2928
f 4007 4006 4049
f 11884 4049 4098
f 4240 4239 4286
f 279 11 12
f 279 12 304
f 304 12 13
f 1061 1070 10535
f 1061 1060 1070
f 1460 1413 1459
f 1460 1459 1496
f 1460 1496 1510
f 1510 1496 1548
f 1510 1548 1565
f 1931 2000 1948
f 1948 2000 2032
f 2032 2050 2067
f 2067 2050 2099
f 2067 2099 2157
f 2157 2099 2189
f 2283 2258 2314
f 2283 2314 2350
f 2399 2368 2367
f 2975 2927 2949
f 3020 2975 2990
f 3068 3020 3039
f 3760 3713 9637
f 115 4337 114
f 304 13 332
f 304 332 351
f 351 332 367
f 351 367 393
f 393 420 438
f 438 420 10879
f 438 10879 487
f 592 575 10427
f 592 10427 643
f 9954 11408 940
f 9954 940 953
f 953 940 1003
f 953 1003 1042
f 1060 1042 1070
f 11525 1395 1413
f 1565 1548 11527
f 1685 1733 1734
f 2314 2367 2350
f 2949 2990 2975
f 2990 3039 3020
f 3039 3089 3068
f 3068 3089 3126
f 3126 3140 3167
f 3167 3177 3219
f 3219 3237 3268
f 3268 3285 3317
f 3317 3332 3362
f 3362 3379 3403
f 3403 3420 3459
f 3459 3480 3513
f 3513 3536 3568
f 3568 3585 3623
f 3623 3641 3676
f 3676 10189 3713
f 332 13 14
f 14 15 271
f 1299 1325 1342
f 1998 1947 1962
f 3479 3419 3478
f 3535 3479 3534
f 3726 3687 3725
f 11768 3726 3773
f 3867 3825 3866
f 3916 3867 3915
f 3972 3916 11312
f 4023 3972 11312
f 4035 4024 4115
f 4081 4035 4115
f 4206 11122 4205
f 4206 4205 4236
f 4206 4236 4256
f 4256 4236 4282
f 4256 4282 4305
f 11234 4305 4380
f 10434 466 502
f 749 642 748
f 1086 1030 10861
f 1104 1086 1129
f 1104 1129 1149
f 1342 1325 1324
f 1751 1651 11101
f 1714 1751 1698
f 1947 1903 1962
f 2437 2417 2522
f 11770 2705 2758
f 3153 3176 3236
f 3343 3378 3419
f 3479 3478 3534
f 3535 3534 3584
f 3726 3725 3773
f 3825 3824 3866
f 3867 3866 3915
f 3916 3915 11312
f 4081 4115 4165
f 11122 4165 4205
f 271 15 278
f 111 4379 110
f 11669 1562 1632
f 2282 2226 2256
f 2436 2382 2435
f 2615 2537 2569
f 10878 2659 2704
f 2947 2863 2896
f 3247 3192 3235
f 3297 3247 3284
f 3342 3297 3377
f 3388 3342 11581
f 3458 3388 3418
f 4126 4080 4048
f 4127 4126 4164
f 11707 4255 10368
f 4316 10368 4304
f 4316 4355 4379
f 15 16 278
f 1379 1362 1446
f 1379 1446 9384
f 9734 11810 1916
f 2083 1997 10167
f 9642 2154 2171
f 2171 2154 2208
f 2337 2282 11120
f 2537 2521 2520
f 2863 10860 2848
f 2863 2848 2896
f 3247 3235 3284
f 3297 3284 3377
f 3458 3418 3491
f 3698 3686 3737
f 3737 3724 3791
f 3791 3772 3838
f 16 17 277
f 1996 1959 2049
f 2336 11451 2397
f 2485 2536 2552
f 2862 2818 2861
f 3218 3191 3234
f 3986 3934 3970
f 4034 3986 4021
f 4219 4204 4254
f 4219 4254 11622
f 11622 4254 4303
f 11622 4303 4315
f 4315 4303 11251
f 4315 11251 4378
f 1085 1040 1068
f 1085 1068 1127
f 1085 1127 1161
f 1616 1561 1649
f 1616 1649 1665
f 2242 2186 2281
f 11100 11452 2500
f 11100 2500 2485
f 2485 2500 2536
f 2552 2536 2584
f 2552 2584 11854
f 2638 2658 2703
f 2862 2861 2910
f 3191 10477 3234
f 3218 3234 3233
f 3490 3477 3552
f 3552 3477 3599
f 3599 3583 3654
f 3654 3638 3685
f 3986 3970 4021
f 4034 4021 4068
f 4079 4068 4114
f 109 4335 108
f 2499 2447 2498
f 2551 2499 2550
f 2551 2550 2597
f 2861 2817 2909
f 10877 3315 3359
f 4047 4003 4046
f 4095 4047 4094
f 4148 4095 4147
f 4148 4147 4175
f 4148 4175 4188
f 4234 4218 11670
f 4234 11670 4280
f 4334 4377 108
f 1560 1547 1648
f 1560 1648 1615
f 1615 1648 1647
f 2447 2463 2498
f 2499 2498 2550
f 10877 3359 3400
f 3711 11301 3757
f 3757 3756 3808
f 3808 3807 3851
f 4095 4094 4147
f 108 4377 107
f 3314 3246 3265
f 3710 3653 10060
f 4020 3969 3968
f 4066 4020 4045
f 4162 4146 4161
f 2416 2395 2415
f 2519 2461 2483
f 2636 2673 2686
f 3314 3265 3264
f 4066 4045 10582
f 106 4376 105
f 104 11885 103
f 3850 3788 3787
f 3896 3850 3882
f 4002 10015 3984
f 11741 4002 11113
f 4093 11741 4078
f 4093 4078 4125
f 4093 4125 4145
f 4145 4125 4174
f 4145 4174 9982
f 4233 11547 4267
f 4233 4267 4302
f 4302 4267 4364
f 4302 4364 4332
f 4332 4364 11885
f 11439 20 275
f 301 348 349
f 950 877 11501
f 1732 1710 1774
f 1930 10676 1994
f 1930 1994 10552
f 2170 2206 2255
f 2170 2255 2279
f 2279 2255 11102
f 2279 11102 2296
f 2296 11102 11225
f 2381 11225 2414
f 2381 2414 2434
f 2434 2414 2460
f 2434 2460 2483
f 2483 2460 2518
f 2483 2518 2535
f 2535 2518 2567
f 2535 2567 2568
f 2568 2567 2613
f 2568 2613 10875
f 10875 2613 2635
f 2673 11218 2702
f 2702 11218 11314
f 2702 11314 2773
f 3136 3149 3215
f 3282 3358 3263
f 3435 3387 3453
f 3453 3452 3510
f 3672 3696 11592
f 3850 3787 3882
f 3896 3882 3954
f 4002 3984 11113
f 11741 11113 4078
f 301 11439 275
f 275 20 21
f 3386 3416 3434
f 3434 3416 3472
f 3434 3472 3473
f 3549 3473 3531
f 3549 3531 10862
f 3549 10862 3581
f 3581 10862 3651
f 3581 3651 3671
f 3671 3651 3670
f 4001 3983 4019
f 9721 4001 4065
f 9721 4065 11831
f 4173 10066 4202
f 4173 4202 4217
f 4217 4202 4251
f 4217 4251 4266
f 4266 4251 4301
f 4266 4301 4313
f 4313 4301 4352
f 4313 4352 4363
f 4363 4352 4375
f 4363 4375 101
f 10607 21 22
f 485 11297 484
f 641 691 675
f 781 675 692
f 11453 3001 11516
f 3001 11453 11620
f 3214 9648 3245
f 3245 3295 11458
f 11458 3295 3313
f 3313 3295 3338
f 3313 3338 3386
f 3473 3472 3531
f 3651 10012 3637
f 3983 3953 11226
f 4001 4019 4065
f 3508 3507 81
f 3669 83 84
f 3669 84 3709
f 3753 3709 85
f 3806 3753 86
f 11524 3806 87
f 3861 11524 88
f 3952 3861 89
f 4000 3952 90
f 4044 4000 91
f 4044 91 92
f 4044 92 4092
f 4092 92 93
f 4092 93 4144
f 4144 93 94
f 4144 94 4187
f 4187 94 95
f 4187 95 4232
f 4232 95 96
f 4232 96 4279
f 4279 96 97
f 4279 97 4331
f 4331 97 98
f 4331 98 4374
f 9463 274 24
f 9463 24 25
f 27 436 26
f 436 27 28
f 538 28 29
f 9718 30 31
f 9718 31 691
f 691 31 692
f 692 31 32
f 765 781 33
f 10048 765 34
f 1084 37 38
f 1084 38 1114
f 1114 38 11103
f 1773 47 48
f 1773 48 1794
f 1794 48 49
f 1805 1794 49
f 1900 50 51
f 1993 52 1992
f 1992 52 53
f 1992 53 2047
f 2047 53 54
f 2047 54 2092
f 2092 54 55
f 2152 56 57
f 2152 57 2252
f 2252 57 58
f 2252 58 2309
f 2393 60 61
f 2393 61 2445
f 2445 61 62
f 2445 62 2496
f 2496 62 63
f 2701 66 67
f 2701 67 2736
f 2736 67 68
f 2736 68 2784
f 2784 68 69
f 2784 69 2834
f 2834 69 70
f 2834 70 2893
f 2893 70 71
f 2893 71 2940
f 2940 71 72
f 2984 72 73
f 3084 3034 74
f 3213 75 76
f 3232 76 77
f 3232 77 3281
f 3281 77 78
f 3281 78 3357
f 3357 78 79
f 80 81 3507
f 81 82 3508
f 3709 84 85
f 3753 85 86
f 3806 86 87
f 11524 87 88
f 3861 88 89
f 3952 89 90
f 4000 90 91
f 4225 4320 4290
f 4225 4290 10478
f 4085 11883 10414
f 4037 10281 3994
f 3795 3796 10282
f 3658 3607 3606
f 3441 3442 3349
f 3349 3323 3303
f 3254 3197 10612
f 10612 3197 9984
f 3156 9984 3132
f 3111 3156 3132
f 3111 3132 3056
f 2913 2956 2931
f 9490 2913 2931
f 2794 9957 2761
f 2709 2663 2628
f 2628 2663 2629
f 2628 2629 2589
f 2489 2541 11315
f 2489 2588 2541
f 2489 11315 2488
f 2384 2441 2385
f 2384 10307 2355
f 2318 2264 2263
f 2263 2264 2230
f 2212 2263 2230
f 2103 2070 2021
f 1952 2004 9985
f 1862 1851 10525
f 1862 10525 9651
f 926 10197 881
f 908 926 881
f 908 881 846
f 846 881 847
f 846 847 788
f 806 846 788
f 806 788 733
f 806 733 732
f 732 733 666
f 699 732 666
f 406 394 386
f 406 386 370
f 370 386 336
f 370 336 306
f 4367 131 4344
f 4387 132 133
f 1435 1518 1464
f 1398 1435 10425
f 1304 1348 9654
f 1304 9654 1260
f 1260 9654 1215
f 1260 1215 1214
f 1214 1215 1166
f 1214 1166 1165
f 9986 1165 1154
f 995 1031 1018
f 941 995 979
f 893 941 927
f 11329 734 700
f 649 598 11517
f 407 456 408
f 407 408 387
f 387 308 318
f 318 309 269
f 269 309 268
f 4271 4322 4261
f 4271 4261 4226
f 4180 4226 4196
f 4134 4180 4155
f 4086 4134 4106
f 10064 4086 10895
f 11105 3941 3905
f 3745 3765 3730
f 3679 3745 3730
f 2980 3025 3044
f 2932 2886 2851
f 2543 2544 2507
f 2421 2452 2422
f 2421 2422 2370
f 10572 10436 2287
f 1834 1893 1863
f 1165 1166 1154
f 9986 1154 1044
f 995 1018 979
f 941 979 927
f 893 927 848
f 789 830 773
f 789 773 734
f 734 773 700
f 11329 700 649
f 456 507 472
f 408 456 472
f 387 408 371
f 387 371 308
f 318 308 309
f 11777 11323 11227
f 2470 2508 2471
f 2423 2470 2453
f 2371 2423 2404
f 2320 2371 2321
f 2052 11227 2039
f 2006 2052 2039
f 1815 1863 11797
f 1738 1815 1782
f 1675 10921 1703
f 1045 1090 1046
f 1004 10915 11401
f 957 1004 980
f 909 957 894
f 753 808 10896
f 578 522 508
f 372 10536 337
f 11239 319 286
f 11239 286 266
f 135 136 4394
f 4272 11228 11079
f 3797 3780 3746
f 3746 3780 3731
f 3703 3746 3731
f 3703 3731 3661
f 3703 3661 3660
f 3557 9657 3575
f 3497 3557 3522
f 3444 3497 3426
f 3198 3256 3226
f 3010 3044 11740
f 2648 2679 2680
f 2470 2471 2453
f 2423 2453 2404
f 2371 2404 2321
f 2320 2321 2267
f 1863 1878 11797
f 1815 11797 1782
f 10921 1738 1703
f 1675 1703 1657
f 10303 1184 1183
f 1045 1046 11401
f 1004 11401 980
f 957 980 894
f 865 909 11106
f 578 11775 11402
f 508 522 9989
f 409 508 9989
f 410 409 9989
f 4388 135 4394
f 4394 136 4395
f 136 10704 4395
f 2796 2841 2809
f 2745 2796 2763
f 2694 2745 2711
f 2649 2694 2664
f 2606 2649 2621
f 2559 2606 2575
f 2509 2559 2527
f 2454 2509 2455
f 2356 2405 2372
f 2303 2356 2322
f 2247 2303 2268
f 2199 2247 2215
f 2039 2087 2071
f 1852 1894 1853
f 1272 1316 1289
f 1231 1272 1246
f 1185 1231 1168
f 1135 1185 1118
f 1092 1135 1076
f 1047 1092 1032
f 9662 1047 1019
f 910 958 9663
f 600 11209 632
f 547 600 564
f 490 547 509
f 4156 10174 10175
f 4072 4156 10175
f 4072 4107 4057
f 4057 11833 9796
f 4030 9796 3979
f 3942 3979 3943
f 3942 3943 3924
f 3704 3747 3732
f 3523 10038 3543
f 3350 11130 3371
f 11860 3350 3325
f 11860 3325 3288
f 3257 11860 3288
f 3158 10580 3183
f 3114 3158 3144
f 2934 2967 2887
f 2934 2871 2841
f 2841 2871 2809
f 2796 2809 2763
f 2745 2763 2711
f 2694 2711 2664
f 2649 2664 2621
f 2606 2621 2575
f 2559 2575 2527
f 2509 2527 2455
f 2356 2372 2322
f 2303 2322 2268
f 2247 2268 2215
f 2199 2215 2163
f 2087 2124 2071
f 2039 2071 1983
f 1272 1289 1246
f 1231 1246 1168
f 1185 1168 1118
f 1135 1118 1076
f 1092 1076 1032
f 1047 1032 1019
f 10301 716 9990
f 547 564 509
f 490 509 9660
f 263 287 11518
f 137 138 4389
f 3680 3681 3662
f 3576 3633 3662
f 3393 3465 10489
f 3393 10489 3372
f 3393 3372 3351
f 3351 3372 3306
f 3305 3351 3306
f 10371 3199 3173
f 2746 2797 2764
f 2695 2746 2712
f 2650 2695 2665
f 2607 2650 2591
f 2455 2510 2472
f 2406 2455 2472
f 2323 2406 2373
f 1765 10922 1817
f 11240 1261 1232
f 1169 11240 1186
f 1119 1169 1136
f 1077 1119 1093
f 1033 1077 1048
f 943 10581 959
f 896 943 911
f 850 896 866
f 793 850 810
f 736 793 754
f 684 736 702
f 633 684 650
f 580 633 601
f 524 580 548
f 473 524 491
f 11886 473 444
f 388 11886 9664
f 4171 4181 9993
f 11833 4073 10158
f 9328 10158 3925
f 9328 3925 3876
f 3633 3680 3662
f 3544 3445 3499
f 3465 3499 3445
f 2797 10683 2810
f 2746 2764 2712
f 2406 2472 2373
f 1853 1865 1817
f 1261 1273 1232
f 11240 1232 1186
f 1169 1186 1136
f 1119 1136 1093
f 1077 1093 1048
f 1033 1048 1005
f 943 959 911
f 896 911 866
f 850 866 810
f 793 810 754
f 736 754 702
f 684 702 650
f 633 650 601
f 580 601 548
f 524 548 491
f 473 491 444
f 11886 444 9664
f 388 9664 321
f 4012 3962 3926
f 3705 3690 3634
f 11403 3173 3200
f 3027 3076 3045
f 2473 2474 2425
f 2473 2425 2424
f 2424 2425 2374
f 1318 1367 1332
f 1274 1318 1291
f 1233 1274 1248
f 1188 1233 1204
f 1138 1188 1156
f 1094 1138 1110
f 1049 1094 1063
f 1007 1049 1020
f 961 1007 981
f 913 961 914
f 868 913 869
f 812 868 813
f 756 812 757
f 704 756 737
f 652 704 668
f 492 549 9669
f 4059 4108 4074
f 3766 3767 3748
f 3592 3634 3611
f 3466 3500 3524
f 11403 3200 11465
f 3115 11403 3076
f 3027 3045 2982
f 2888 2915 2872
f 2842 2872 2798
f 1766 1767 1721
f 1318 1332 1291
f 1274 1291 1248
f 1233 1248 1204
f 1188 1204 1156
f 1138 1156 1110
f 1094 1110 1063
f 1049 1063 1020
f 1007 1020 981
f 961 981 914
f 913 914 869
f 868 869 813
f 812 813 757
f 756 757 737
f 652 668 615
f 4346 140 141
f 258 313 257
f 4346 141 10311
f 3427 3428 3411
f 2957 2997 10832
f 2901 2957 2916
f 2108 2165 2126
f 1908 1956 1923
f 11634 1908 1880
f 1819 11634 1836
f 1769 1819 1784
f 1722 1769 1740
f 1679 1722 1691
f 1625 1679 1639
f 1574 1625 1587
f 1524 1574 1540
f 1466 1524 1481
f 1420 1466 1438
f 1368 1420 1385
f 1319 1368 1333
f 1275 1319 1292
f 1234 1275 1249
f 1189 1234 1205
f 870 915 882
f 814 870 831
f 758 814 774
f 359 9995 360
f 141 142 10311
f 4137 4228 9772
f 3159 3201 3202
f 3097 3116 3098
f 2997 3012 9771
f 2901 2916 2853
f 2056 2040 2022
f 1908 1923 1880
f 11634 1880 1836
f 1819 1836 1784
f 1769 1784 1740
f 1722 1740 1691
f 1679 1691 1639
f 1625 1639 1587
f 1574 1587 1540
f 1524 1540 1481
f 1466 1481 1438
f 1420 1438 1385
f 1368 1385 1333
f 1319 1333 1292
f 1275 1292 1249
f 1234 1249 1205
f 1189 1205 10831
f 1139 10831 10800
f 1095 10800 9670
f 1050 9670 9671
f 962 982 10621
f 915 10621 882
f 870 882 831
f 814 831 774
f 758 774 717
f 10046 717 653
f 9995 445 446
f 359 360 322
f 359 322 313
f 256 290 255
f 142 143 4368
f 2998 3077 3013
f 2902 11636 2958
f 2358 2357 2376
f 2272 2304 2327
f 2041 2089 2057
f 1986 2041 2009
f 1939 1986 1957
f 1896 1939 1909
f 1820 1896 1866
f 1759 1802 1770
f 1660 1704 1680
f 1605 1660 1626
f 1555 1605 1575
f 1501 1555 1525
f 1454 1501 1467
f 1403 1454 1421
f 1351 1403 1369
f 1307 1351 1320
f 1263 1307 1276
f 1217 1263 1235
f 1171 1217 11324
f 1121 1171 1140
f 1079 1121 1096
f 1035 1079 1051
f 998 1035 1008
f 945 998 963
f 898 945 916
f 815 898 871
f 527 583 528
f 476 527 477
f 427 476 428
f 339 10901 290
f 4368 4361 4325
f 4297 4325 9672
f 4297 10700 4248
f 4157 10482 9673
f 4109 9673 4061
f 11206 3734 9481
f 3664 9557 11140
f 3077 3078 3013
f 11636 2998 2958
f 2358 2376 2327
f 2089 2109 2057
f 2041 2057 2009
f 1986 2009 1957
f 1939 1957 1909
f 1896 1909 1866
f 1802 1820 1770
f 1759 1770 1723
f 1704 1723 1680
f 1660 1680 1626
f 1605 1626 1575
f 1555 1575 1525
f 1501 1525 1467
f 1454 1467 1421
f 1403 1421 1369
f 1351 1369 1320
f 1307 1320 1276
f 1263 1276 1235
f 1217 1235 11324
f 1171 11324 1140
f 1121 1140 1096
f 1079 1096 1051
f 1035 1051 1008
f 998 1008 963
f 945 963 916
f 898 916 871
f 527 528 477
f 476 477 428
f 427 428 340
f 255 290 254
f 3665 3707 9461
f 10538 3665 9461
f 11109 2903 2917
f 11325 11855 11109
f 2768 11859 2799
f 2716 2768 2749
f 2669 2716 11856
f 2624 2669 2682
f 2579 2624 2610
f 2531 2579 2563
f 2477 2531 2512
f 2429 2477 2457
f 2377 2429 2408
f 2328 2377 2359
f 2273 2328 11771
f 1371 1422 1386
f 1141 1206 1172
f 1080 1141 1111
f 817 10177 832
f 10546 817 818
f 617 670 655
f 551 617 584
f 10651 10615 10731
f 4369 144 145
f 145 146 10904
f 3099 3118 3100
f 11325 10199 2889
f 11325 2889 2828
f 2633 2682 2670
f 2593 2633 9684
f 2532 2593 2564
f 2234 2290 2274
f 2177 2234 2221
f 2128 2177 2168
f 2074 2128 2111
f 2024 2074 2058
f 1969 2024 11593
f 1924 1969 1925
f 1741 1803 11795
f 1692 1741 1725
f 10903 1502 1469
f 11675 10903 1423
f 1250 1293 1278
f 1190 1250 9685
f 9686 1157 1190
f 929 984 9675
f 883 929 9676
f 833 883 9677
f 775 833 11629
f 719 775 9678
f 671 719 9679
f 618 671 9680
f 565 618 9681
f 511 565 9682
f 457 511 9683
f 412 457 429
f 374 375 342
f 374 342 323
f 251 323 250
f 10904 146 4347
f 10904 4347 4327
f 4327 4347 4348
f 4327 10867 4274
f 4041 4139 4076
f 3998 3981 3946
f 3946 3981 3947
f 3946 3947 3893
f 9997 3834 3751
f 11134 3751 3718
f 11134 3718 3691
f 3666 3646 9998
f 3292 3327 3308
f 3099 3100 3059
f 2781 2828 2769
f 2633 2670 9684
f 2234 2274 2221
f 2177 2221 2168
f 2128 2168 2111
f 2074 2111 2058
f 2024 2058 11593
f 1741 11795 1725
f 1692 1725 1640
f 1589 1628 1541
f 1502 1527 1469
f 10903 1469 1423
f 11675 1423 1334
f 1293 1321 1278
f 984 10679 9675
f 929 9675 9676
f 883 9676 9677
f 833 9677 11629
f 775 11629 9678
f 719 9678 9679
f 671 9679 9680
f 618 9680 9681
f 565 9681 9682
f 511 9682 9683
f 323 342 315
f 323 315 250
f 250 315 249
f 2815 2890 10925
f 1662 1727 1706
f 1425 1470 1455
f 1372 1425 1404
f 1309 1372 1352
f 1054 1099 9698
f 11858 1054 9699
f 966 11858 10001
f 919 966 946
f 873 919 9688
f 820 873 9689
f 761 820 9690
f 708 761 9691
f 657 708 9692
f 605 657 9693
f 553 605 9694
f 496 553 512
f 496 9999 447
f 447 9999 413
f 447 413 362
f 362 413 376
f 362 376 316
f 4249 10867 4328
f 9794 3847 3819
f 3768 3720 3719
f 11241 3578 3526
f 10059 3413 3336
f 11676 3336 3309
f 3231 3309 3294
f 2514 2547 2580
f 1470 1503 1455
f 1425 1455 1404
f 1372 1404 1352
f 919 946 9688
f 873 9688 9689
f 820 9689 9690
f 761 9690 9691
f 708 9691 9692
f 657 9692 9693
f 605 9693 9694
f 4370 147 148
f 4370 148 4371
f 2236 2306 2292
f 1557 1608 1609
f 1219 1265 1252
f 1173 1219 1220
f 1123 1173 9707
f 1081 1123 10039
f 1036 1081 9708
f 999 1036 10002
f 948 999 985
f 900 948 9700
f 853 900 9701
f 797 853 9702
f 740 797 9703
f 687 740 720
f 636 687 672
f 585 636 619
f 531 585 554
f 531 554 497
f 531 497 479
f 479 497 448
f 479 448 430
f 344 10868 345
f 344 345 10530
f 246 10530 245
f 4371 149 10209
f 11143 3964 3965
f 3848 9537 10652
f 3721 3693 3683
f 3647 3683 3648
f 3431 3432 3396
f 3396 3432 3373
f 3207 3208 3186
f 3207 3186 10926
f 10272 3061 3060
f 2937 2938 2874
f 2719 2751 2697
f 2719 2697 2684
f 1557 1590 1483
f 948 985 9700
f 900 9700 9701
f 853 9701 9702
f 797 9702 9703
f 687 720 672
f 636 672 619
f 585 619 554
f 149 150 10209
f 2654 9778 2581
f 2293 2294 2223
f 2076 2150 2114
f 2076 2114 2060
f 2076 2060 2045
f 1744 1789 1772
f 1695 1744 1728
f 1642 1695 1683
f 1591 1642 1610
f 1543 1591 11582
f 1485 1543 1530
f 1441 1485 1471
f 1388 1441 9710
f 1336 1388 1373
f 1295 1336 11672
f 10204 1253 11677
f 1159 10204 9711
f 1022 1064 1023
f 931 987 9712
f 885 931 10299
f 835 885 874
f 776 835 11815
f 721 776 9709
f 673 637 620
f 620 637 586
f 620 586 566
f 566 586 533
f 566 533 513
f 513 533 480
f 513 480 459
f 459 480 432
f 459 432 414
f 414 432 390
f 414 390 377
f 10041 10373 244
f 244 10373 243
f 10209 150 4372
f 4230 4215 4199
f 4199 11890 4158
f 4158 11412 4111
f 4111 4064 4016
f 3693 3722 3694
f 3385 3329 3353
f 2843 2891 2876
f 2843 2876 2830
f 2843 2830 2800
f 2800 2830 2771
f 2800 2771 2752
f 2752 2771 2720
f 2581 10005 2516
f 1789 1825 1772
f 1744 1772 1728
f 1695 1728 1683
f 1642 1683 1610
f 1591 1610 11582
f 1543 11582 1530
f 1485 1530 1471
f 1441 1471 9710
f 1253 1295 11677
f 835 874 11815
f 776 11815 9709
f 4372 150 151
f 4372 151 4390
f 151 152 4390
f 2061 2115 2062
f 1883 1884 1826
f 1696 1708 1643
f 1355 1428 1390
f 1280 11558 9714
f 1056 1100 1082
f 967 988 11211
f 762 821 799
f 555 11447 498
f 363 11631 10843
f 242 10843 10339
f 4275 4329 4276
f 4275 4276 4231
f 4231 4200 4185
f 3894 9713 3849
f 3849 3820 3803
f 3803 3820 3783
f 3803 3783 3752
f 3596 3649 3597
f 3548 3597 9504
f 3503 9504 3449
f 2831 2801 2782
f 10419 1913 1884
f 1486 1407 1428
f 1428 1407 1390
f 1355 9714 11558
f 9714 1266 1280
f 1221 1175 1191
f 854 799 821
f 799 742 762
f 762 742 709
f 3064 3120 3083
f 10006 10426 2115
f 1884 1856 1826
f 1826 1856 1791
f 1745 1791 11522
f 1577 1611 10376
f 10483 10376 10548
f 1355 1390 9714
f 1082 1100 11405
f 854 901 836
f 709 742 710
f 709 710 660
f 660 710 661
f 660 661 607
f 607 661 608
f 607 608 555
f 555 608 556
f 555 556 11447
f 11447 556 499
f 11447 499 460
f 460 499 449
f 10180 449 378
f 1442 1489 1408
f 934 933 10531
f 778 838 11316
f 723 778 763
f 723 763 689
f 723 689 10008
f 622 639 587
f 622 587 567
f 567 587 535
f 567 535 514
f 514 535 461
f 11832 433 379
f 153 154 4392
f 4349 4350 4330
f 4159 4186 9493
f 4159 9493 4090
f 4033 4089 10606
f 4033 3999 3950
f 3735 10009 3708
f 2856 2906 11500
f 11138 2856 11456
f 11332 11373 9439
f 2534 11897 11559
f 2534 11559 2481
f 2333 10010 2308
f 2308 10010 2237
f 1391 1408 1337
f 1065 1057 11468
f 1024 11468 989
f 838 839 11316
f 778 11316 763
f 326 379 364
f 1281 1297 10833
f 1281 10833 1241
f 1083 1144 10871
f 1038 1083 1066
f 1038 1066 1025
f 800 855 840
f 744 800 779
f 690 744 724
f 690 724 662
f 690 662 640
f 640 662 588
f 435 482 401
f 435 401 391
f 391 401 365
f 391 365 347
f 347 365 11110
f 347 11110 299
f 4330 4351 4362
f 4330 4362 4277
f 10870 4277 4278
f 1974 2027 2028
f 1410 1473 9782
f 1240 1281 1241
f 1144 1176 10871
f 10871 1066 1083
f 1025 949 1038
f 886 11457 855
f 840 779 800
f 779 724 744
f 724 674 662
f 588 11111 537
f 588 537 500
f 500 537 483
f 500 483 482
f 482 483 401
f 401 380 365
f 365 380 327
f 365 327 11110
f 11110 327 300
f 299 11110 237
f 10834 1323 219
f 1194 10834 220
f 1146 1194 221
f 1101 1146 222
f 1011 1101 223
f 11889 1011 224
f 764 823 229
f 711 764 230
f 711 230 10011
f 711 10011 663
f 380 402 366
f 4172 160 161
f 4172 161 4124
f 4124 161 162
f 4124 162 4077
f 4077 162 163
f 4077 163 4042
f 4042 163 164
f 4042 164 4043
f 4043 164 165
f 3982 165 166
f 3982 166 3932
f 3932 166 167
f 3932 167 3805
f 3805 167 168
f 3805 168 3785
f 3785 168 169
f 3785 169 10827
f 3668 170 171
f 3668 171 3617
f 3617 171 172
f 3617 172 3562
f 3562 172 173
f 3562 173 3506
f 3506 173 174
f 3506 174 3451
f 3451 174 175
f 3451 175 3399
f 3399 175 176
f 3399 176 3356
f 3356 176 177
f 3356 177 3312
f 3312 177 178
f 3312 178 3262
f 3262 178 179
f 3262 179 3212
f 3212 179 180
f 3212 180 3164
f 3164 180 181
f 3164 181 3122
f 3122 181 182
f 3016 183 184
f 3016 184 2971
f 2971 184 185
f 2971 185 2922
f 2922 185 186
f 2922 186 2877
f 2877 186 187
f 2877 187 2833
f 2833 187 188
f 2833 188 2783
f 2783 188 189
f 2783 189 2735
f 2735 189 190
f 2735 190 2685
f 2685 190 191
f 2685 191 2625
f 2625 191 192
f 2625 192 10205
f 10205 192 193
f 10205 193 10924
f 10924 193 194
f 10924 194 2495
f 2495 194 195
f 2495 195 2444
f 2444 195 196
f 2444 196 2392
f 2392 196 197
f 2392 197 2346
f 2346 197 198
f 2346 198 2295
f 2295 198 199
f 2295 199 2239
f 2239 199 200
f 2239 200 2183
f 2183 200 201
f 2183 201 2133
f 2133 201 202
f 2133 202 11243
f 11243 202 203
f 11243 203 2028
f 2028 203 204
f 2028 204 1975
f 1975 204 205
f 1975 205 1928
f 1928 205 206
f 1928 206 1887
f 1887 206 207
f 1887 207 1841
f 1841 207 208
f 1841 208 1793
f 1793 208 209
f 1793 209 1748
f 1748 209 210
f 1748 210 1709
f 1709 210 211
f 211 212 1613
f 1595 212 213
f 1558 213 214
f 1507 214 215
f 1429 215 216
f 1429 217 1338
f 1338 217 218
f 1338 218 1323
f 1323 218 219
f 10834 219 220
f 1194 220 221
f 1146 221 222
f 1101 222 223
f 1011 223 224
f 823 228 229
f 764 229 230
f 11052 663 10011
f 557 231 450
f 450 231 232
f 450 232 402
f 402 232 233
f 402 233 366
f 366 233 234
f 328 274 9463
f 328 9463 416
f 416 26 436
f 35 11454 34
f 1282 40 1376
f 1376 40 41
f 1376 41 1430
f 1430 41 42
f 1490 42 43
f 1579 44 45
f 1579 45 1596
f 1596 45 46
f 1596 46 1697
f 1697 46 47
f 1697 47 1773
f 2029 1992 2047
f 2253 2152 2252
f 2310 2252 2309
f 2941 2893 2940
f 11516 2984 11453
f 3338 3281 3357
f 3650 3637 3669
f 3650 3669 3709
f 3650 3709 3723
f 3723 3709 3753
f 3723 3753 11523
f 11523 3753 3806
f 11523 3806 11524
f 3911 3861 3952
f 3967 3952 4000
f 3967 4000 4018
f 4018 4000 4044
f 11861 10063 4092
f 4216 4232 4265
f 4265 4279 9719
f 9719 4331 4375
f 4375 4331 4374
f 10607 22 274
f 10607 274 328
f 2894 2893 2941
f 2941 2940 11516
f 3066 11453 3034
f 3085 3066 3084
f 9648 10824 3213
f 3416 3338 3357
f 3754 3650 3723
f 3754 3723 3786
f 3786 3723 11523
f 11529 11523 11524
f 3862 11529 11524
f 11772 485 540
f 540 485 501
f 501 11560 569
f 569 11560 589
f 935 11501 11454
f 990 9647 11220
f 10873 10723 10051
f 1559 1544 10874
f 1888 1842 1805
f 1993 1976 1929
f 2029 2064 2048
f 2134 2093 2064
f 2184 2253 2254
f 2254 2310 2311
f 2394 2365 2413
f 2446 2394 2459
f 2497 2446 2517
f 2549 2497 2566
f 2635 2596 2656
f 2723 2672 2754
f 2772 2846 11112
f 11112 2846 2894
f 11112 2894 9720
f 9720 2941 2985
f 3188 3149 9722
f 3282 11458 3313
f 3339 3313 3386
f 3339 3386 3387
f 3387 3386 3434
f 3387 3434 3452
f 3452 3434 3473
f 3509 3473 3549
f 3532 3549 3581
f 3671 3670 3695
f 3695 3670 3754
f 3695 3754 10539
f 3821 10736 3787
f 3984 3953 3983
f 4112 9721 11831
f 4160 4112 4173
f 4203 4160 4217
f 4252 4203 4266
f 4252 4313 4353
f 4353 4313 4363
f 4353 4363 102
f 102 4363 101
f 540 501 569
f 745 675 766
f 950 11501 935
f 1614 1559 10874
f 1806 10920 1773
f 2048 1977 1976
f 11314 2672 2723
f 2773 11314 2723
f 2923 2857 9720
f 2923 9720 2985
f 3149 3102 9722
f 10171 3188 3214
f 3282 10171 11458
f 3435 3339 3387
f 3453 3387 3452
f 3532 3509 3549
f 3532 3581 11141
f 10185 11439 301
f 11744 349 10280
f 515 558 570
f 570 558 623
f 623 558 664
f 623 664 676
f 676 664 745
f 676 745 725
f 725 745 766
f 725 766 782
f 782 766 824
f 782 824 841
f 841 824 877
f 841 877 887
f 887 877 950
f 950 969 936
f 969 1058 1027
f 1058 1102 1067
f 1102 11406 1115
f 10370 1377 1340
f 1377 1457 1392
f 1474 1532 1492
f 1532 1580 1545
f 1646 1710 1732
f 1774 1858 1795
f 1858 1871 1843
f 1871 10676 11230
f 2094 2117 2079
f 2170 2279 2240
f 2296 2381 2395
f 2381 2434 2415
f 9588 2702 2773
f 10677 2773 2816
f 2835 2816 2858
f 2858 2857 2859
f 2859 2857 2908
f 2908 2857 2942
f 2942 2986 3002
f 3002 2986 11407
f 3017 11407 11553
f 3017 11553 3123
f 3123 11553 3136
f 3123 3136 3137
f 3189 3137 3215
f 3189 3215 11515
f 11515 3263 3264
f 3264 3263 3340
f 3340 3263 3358
f 11117 3340 3435
f 11117 3435 10014
f 3474 10014 3453
f 3474 3453 3510
f 3474 3510 3489
f 3489 3510 3563
f 3489 3563 3550
f 3550 3563 3618
f 3550 3618 3652
f 3652 3618 10617
f 3770 3788 10484
f 10484 3788 3850
f 10484 3850 3863
f 3864 10484 3863
f 3863 3850 3896
f 3863 3896 3912
f 3968 10015 4002
f 3968 4002 4045
f 4045 4002 11741
f 10582 4045 11741
f 4146 10582 4145
f 4302 4332 4333
f 4333 4332 9723
f 9723 4332 104
f 887 950 936
f 936 969 1001
f 1001 969 1027
f 1027 1058 1067
f 1067 1102 1115
f 1115 11406 1160
f 1340 1377 1392
f 1444 1474 1492
f 1492 1532 1545
f 1545 1580 1597
f 1597 1580 1646
f 10491 2279 2296
f 2395 2381 2415
f 2519 2483 2535
f 2614 2535 2568
f 2673 2568 10875
f 2859 2835 2858
f 2943 2924 2908
f 2943 2942 3002
f 11139 3264 3340
f 3475 3474 3489
f 3673 3550 3652
f 3822 10484 3864
f 3864 3863 3913
f 3913 3863 3912
f 105 9723 104
f 329 302 11231
f 991 937 1001
f 11114 1147 11115
f 1210 11114 1223
f 1445 1412 1411
f 1647 1598 1663
f 2015 1995 9724
f 2118 2080 2079
f 2135 11232 10016
f 2347 2395 2416
f 2462 2415 2461
f 2484 2461 2519
f 10186 2614 2583
f 2583 2614 2636
f 2583 2636 2674
f 2674 2636 2686
f 2860 2895 9646
f 9646 2895 2924
f 2924 2943 2944
f 2987 3035 3050
f 3050 3035 9725
f 3103 9725 3150
f 3103 3150 3151
f 3151 3150 3216
f 3151 3216 3190
f 3190 3216 3246
f 3296 3314 11139
f 3417 3454 3475
f 3417 3475 3476
f 3476 3475 3533
f 3985 4020 4066
f 3985 4066 10583
f 4163 10271 11089
f 4354 11210 4376
f 4354 4376 11812
f 11328 329 350
f 693 624 677
f 746 677 726
f 801 726 783
f 856 783 842
f 902 842 888
f 951 888 937
f 1002 937 991
f 1039 991 1028
f 11245 1028 1126
f 1312 1255 11555
f 1412 11556 1411
f 1508 1445 1493
f 1547 1493 1546
f 1648 1546 1598
f 1648 1598 1647
f 1749 1712 1711
f 1749 1807 1808
f 1808 1807 1829
f 1808 1829 1889
f 1889 1829 1872
f 1889 1872 1901
f 1901 1872 1944
f 1901 1944 1978
f 1978 1944 1995
f 2081 2080 2118
f 2463 2416 2462
f 2550 2484 10186
f 2657 2583 2674
f 2674 2686 10797
f 2817 2803 2860
f 3511 3417 3476
f 4377 11414 4354
f 4377 4354 11812
f 276 302 9731
f 418 381 437
f 465 418 10914
f 516 465 541
f 572 516 590
f 625 572 11743
f 678 625 693
f 727 678 746
f 784 727 801
f 843 784 856
f 889 843 902
f 938 889 951
f 1029 938 1002
f 1196 1147 11114
f 1242 1196 1210
f 1298 1242 1312
f 10705 1298 1359
f 10705 1359 1378
f 9728 1508 9729
f 9729 1508 1547
f 1649 1533 1560
f 1649 1615 1665
f 1665 1615 1664
f 1684 1664 1712
f 1775 1808 1830
f 1830 1808 1889
f 1830 1889 1859
f 1859 1889 1901
f 1859 1901 9730
f 1945 9730 1978
f 2049 1945 2031
f 2031 11331 2065
f 2065 11331 2081
f 2065 2081 2095
f 2095 2081 2135
f 2095 2135 2153
f 2153 2135 10016
f 2186 2153 10016
f 11452 2447 2500
f 2500 2447 2499
f 2536 2499 2551
f 2551 2597 2598
f 2598 2597 2657
f 2598 2657 2637
f 2637 2657 2687
f 2861 2909 2946
f 2946 2909 2945
f 2972 3036 3086
f 3018 3086 3124
f 3087 3124 3165
f 3087 3165 3138
f 3138 3165 3217
f 3175 3217 11233
f 3175 11233 10485
f 3283 11233 10369
f 3283 10369 3315
f 3330 10877 3376
f 3401 3400 3455
f 3401 3455 3456
f 3456 3455 3511
f 3456 3511 3564
f 3456 3564 3565
f 3565 3564 3619
f 3565 3619 3620
f 3620 11773 3674
f 3674 11773 3711
f 3674 3711 3712
f 3712 3711 3757
f 3712 3757 3758
f 3758 3757 3808
f 4067 4047 4095
f 4067 4095 4096
f 4096 4095 4148
f 11809 4188 4204
f 4204 4234 11710
f 4314 4334 4335
f 4335 4334 108
f 11136 381 418
f 10187 418 465
f 542 465 516
f 591 516 572
f 609 572 625
f 694 625 678
f 747 678 727
f 802 727 784
f 857 784 843
f 903 843 889
f 952 889 938
f 992 938 1029
f 1161 1147 1211
f 1211 1147 1196
f 1211 1196 1256
f 1256 1196 1242
f 1256 1242 1313
f 1313 1242 1298
f 1393 1378 9728
f 1561 1533 1649
f 10876 1684 1750
f 1750 1684 1775
f 1831 1750 1775
f 1831 1775 1830
f 1859 1873 1830
f 1959 9644 9730
f 1959 1945 2049
f 2031 1945 11118
f 2082 2031 2065
f 2095 2136 2065
f 2187 2095 2153
f 2242 2153 2186
f 2187 2153 2242
f 11451 2312 2396
f 2500 2499 2536
f 2536 2551 2584
f 2584 2551 2598
f 2756 9645 10288
f 2804 10288 10706
f 2910 2861 2946
f 10477 3087 3138
f 10477 3138 3175
f 3233 3283 3330
f 3436 3376 3401
f 3490 3401 3456
f 3477 3456 3565
f 3583 3565 3620
f 3638 3620 3674
f 3685 3674 3712
f 3790 3712 3758
f 11730 10309 10378
f 4021 4003 4047
f 4068 4047 4067
f 303 277 330
f 10018 609 694
f 695 802 9732
f 9732 857 10584
f 970 992 1012
f 1012 992 1040
f 1012 1040 1059
f 1059 1040 1085
f 1059 1085 1103
f 1103 1085 1161
f 1103 1161 1148
f 1148 1161 1211
f 1148 1211 1197
f 1197 1211 1256
f 1197 1256 1243
f 1243 1256 1313
f 1243 1313 11119
f 1362 1360 1361
f 1361 1360 10705
f 9643 1475 1509
f 1650 1616 1665
f 10017 10613 1750
f 11711 1831 1873
f 1860 11711 1873
f 1997 1960 2066
f 2066 1996 2049
f 2066 2049 2082
f 2066 2082 2096
f 2096 2082 2136
f 2096 2136 2137
f 2137 2136 2187
f 2137 2187 2207
f 2207 2187 2242
f 2207 2242 2256
f 2256 2281 11120
f 2348 2336 2397
f 2435 2397 11100
f 2521 11100 2485
f 2520 2485 2552
f 2520 2552 2569
f 2569 2552 11854
f 2638 2599 11854
f 2704 2638 2703
f 2704 2703 11313
f 11313 2804 2786
f 2786 2804 2818
f 2786 2818 2848
f 2848 2818 2862
f 2848 2862 2896
f 2896 2862 2910
f 2896 2910 2925
f 2925 2910 11459
f 2973 2961 2988
f 4004 4034 4079
f 4004 4079 4048
f 4048 4079 11632
f 4281 4315 4336
f 4336 4315 4378
f 993 970 1012
f 1041 1059 1162
f 1162 1059 1103
f 1162 1103 1148
f 1162 1148 1212
f 1212 1148 1197
f 1212 1197 1224
f 1224 1197 1243
f 1224 1243 10735
f 1362 1361 1446
f 1446 1361 1475
f 10167 2066 2096
f 11120 2336 2348
f 2435 2348 2397
f 2757 11313 2786
f 10860 2757 2786
f 10860 2786 2848
f 2947 2896 2925
f 2947 2925 2962
f 2962 2925 2973
f 4164 11632 9733
f 271 278 331
f 392 383 10681
f 502 10188 451
f 713 712 767
f 10861 1041 1086
f 1086 1041 1129
f 1129 1041 1162
f 1129 1162 1128
f 1224 10735 10828
f 1325 10735 1314
f 1325 1314 1324
f 1324 1314 1362
f 1324 1362 1379
f 1458 1379 9384
f 1563 11669 11761
f 1776 1698 1796
f 1776 1796 10880
f 10880 1796 1844
f 10880 1844 9734
f 1917 1916 1962
f 1962 1916 1961
f 2097 2083 9642
f 9642 10167 2154
f 2349 2337 2382
f 2436 2349 2382
f 2448 2436 2521
f 2448 2521 2501
f 2501 2521 2537
f 2501 2537 2553
f 2553 2537 2615
f 2553 2615 2600
f 2600 2615 2659
f 2600 2659 2639
f 2639 2659 10878
f 2758 2639 10878
f 2758 10878 10168
f 2805 10860 2836
f 2836 10860 2863
f 2836 2863 2878
f 2878 2863 2947
f 2878 2947 2926
f 2926 2947 2962
f 2926 2962 2974
f 2974 2962 3003
f 2974 3003 3019
f 3019 3003 3052
f 3019 3052 3067
f 3067 3052 3105
f 3067 3105 3125
f 3125 3105 3152
f 3166 3152 3192
f 11121 3247 3267
f 3267 3247 3297
f 3267 3297 3316
f 3316 3297 3342
f 3316 3342 3361
f 3361 3342 3388
f 3361 3388 3478
f 3478 3388 3458
f 3773 3725 3737
f 3824 3773 3791
f 3899 11502 10415
f 3957 3899 3971
f 9735 4080 4097
f 4097 4080 4126
f 4097 4126 4127
f 4282 4316 4317
f 4317 4316 4379
f 4317 4379 4365
f 332 14 271
f 332 271 9641
f 367 9641 392
f 367 392 420
f 420 392 10681
f 420 10681 10879
f 10879 466 486
f 486 466 10434
f 486 10434 575
f 575 10434 574
f 575 574 10427
f 10427 574 626
f 642 10427 626
f 697 642 749
f 804 858 825
f 858 11505 890
f 890 11505 9785
f 9418 1003 1030
f 9418 1030 1086
f 1069 1086 1104
f 1069 1104 9739
f 9739 1104 1149
f 10421 10828 1299
f 1326 1299 1342
f 1395 1342 1394
f 1395 1326 1342
f 1495 9640 11712
f 1564 1563 11761
f 1564 11761 1617
f 1617 11761 1651
f 10389 1714 1776
f 1809 1776 10880
f 1999 1947 1998
f 1999 1998 2016
f 2016 1998 2083
f 2297 2257 2313
f 2297 2313 2338
f 2338 2366 2398
f 2398 2366 2417
f 2398 2417 2437
f 2486 2437 2522
f 2486 2570 2523
f 2819 2806 2864
f 2864 2897 9737
f 9737 2948 2949
f 2949 2989 3004
f 3053 3004 3038
f 9637 3699 3738
f 3738 11768 10619
f 3826 3867 3868
f 3868 3867 3916
f 3868 3916 3917
f 4268 4305 4306
f 4306 4305 11234
f 4306 11234 4356
f 332 9641 367
f 393 367 420
f 487 10879 486
f 487 486 9740
f 9740 486 575
f 643 10427 642
f 643 642 697
f 785 749 804
f 825 785 804
f 11408 825 858
f 11408 858 890
f 11408 890 940
f 1003 940 9736
f 940 890 9736
f 1042 1003 9418
f 10388 10421 1299
f 10388 1299 1326
f 1395 1394 1459
f 1459 1394 9640
f 1564 1495 1563
f 1548 1495 1564
f 1685 1617 1733
f 1733 1714 10389
f 10734 9979 1874
f 2000 1903 1947
f 2000 1947 1999
f 2156 2098 2155
f 2156 2155 2209
f 2398 2437 2399
f 4149 4081 11122
f 4356 11234 113
f 279 304 351
f 279 351 384
f 384 351 393
f 384 393 421
f 421 393 438
f 421 438 452
f 452 438 487
f 452 487 503
f 503 487 9740
f 560 592 593
f 593 592 643
f 593 643 644
f 644 643 697
f 644 697 750
f 751 750 785
f 751 785 825
f 751 825 859
f 859 825 11408
f 9954 859 11408
f 1013 10428 1060
f 10550 1061 10535
f 1198 1180 1225
f 1226 1225 10388
f 1380 11525 1413
f 1431 1413 1460
f 1511 1460 1510
f 1581 11527 1685
f 1652 1685 1667
f 1798 1686 1810
f 1875 1931 1948
f 2033 1948 11557
f 2084 11557 2067
f 2157 2189 2172
f 2172 2189 2258
f 2172 2258 2259
f 2259 2258 2283
f 2368 2399 2400
f 2400 2399 2449
f 2449 2399 2502
f 2449 2502 2503
f 2503 2502 2524
f 2503 2524 11311
f 11311 2554 2617
f 2617 2554 2640
f 2617 2640 2661
f 2661 2640 2688
f 2661 2688 2706
f 2706 2688 2737
f 10026 9741 2787
f 2950 2975 2991
f 2991 3020 9742
f 9742 3068 3090
f 3090 3068 3126
f 3106 3126 3167
f 3178 3167 3219
f 3193 3219 3268
f 3193 3268 3249
f 3249 3268 3317
f 3249 3317 3298
f 3298 3317 3362
f 3344 3298 3362
f 3344 3403 3421
f 3421 3403 3459
f 3421 3459 3481
f 3481 3459 3513
f 3492 3481 3513
f 3492 3513 3568
f 3492 3568 3586
f 3586 3568 3623
f 3602 3586 3623
f 3602 3623 3676
f 3602 3676 3714
f 3714 3676 3713
f 10429 3760 3774
f 10678 4149 4116
f 4116 4189 9743
f 9743 4237 4207
f 4207 4237 4283
f 4207 4283 4238
f 4238 4283 4284
f 4238 4284 4285
f 4285 4284 4337
f 4357 4337 115
f 467 452 503
f 518 467 503
f 518 503 560
f 627 560 593
f 627 593 679
f 679 593 644
f 786 769 751
f 891 859 9954
f 891 9954 922
f 9505 1060 1061
f 1150 1061 10550
f 10550 1180 1198
f 11525 9638 1326
f 1380 1413 1431
f 1431 1460 1511
f 1549 1511 1510
f 1549 1510 1565
f 1581 1685 1652
f 1699 1667 1686
f 2601 11311 2617
f 2641 2617 2661
f 2689 2661 2706
f 2738 2706 9741
f 3318 3249 3298
f 3404 3421 3460
f 3460 3421 3481
f 3514 3481 3492
f 3569 3492 3586
f 3624 3586 3602
f 3677 3602 3714
f 4098 10678 4116
f 4098 4116 11884
f 4128 4116 9743
f 4128 9743 4239
f 4239 9743 4207
f 4239 4207 4286
f 4286 4207 4238
f 4286 4238 4269
f 4269 4238 4285
f 4269 4285 4357
f 334 280 305
f 334 305 352
f 333 439 453
f 453 439 467
f 504 453 467
f 594 519 627
f 594 627 628
f 628 627 679
f 11123 628 679
f 11123 679 644
f 769 11123 644
f 10465 922 971
f 10465 971 972
f 1130 1105 1150
f 1130 1150 1199
f 1213 10917 1257
f 1300 1257 11460
f 1344 11460 1343
f 1344 1343 1345
f 1345 1343 1396
f 10884 1345 1432
f 1511 1462 1461
f 1599 1653 1654
f 1599 1654 1668
f 1668 1654 1699
f 1668 1699 1700
f 1700 1699 1752
f 1700 1752 1735
f 1735 1752 1799
f 1832 1799 1846
f 1904 1979 10291
f 10291 1979 2033
f 2001 2033 2084
f 2001 2084 10292
f 10292 2084 2138
f 2100 2138 2190
f 2100 2190 10379
f 10379 2190 2243
f 2210 2243 2244
f 2284 2299 2383
f 2383 2299 2352
f 2352 2438 2401
f 2525 2601 2571
f 2571 2641 2675
f 2675 2641 2689
f 2675 2689 2724
f 2724 2689 2738
f 2724 2738 2739
f 2739 2738 2788
f 2739 2788 2774
f 2774 2788 2838
f 2774 2838 2820
f 2820 2838 2881
f 4051 4007 4050
f 3973 4007 4051
f 4051 4050 4099
f 4051 4099 4069
f 4208 4240 4257
f 4257 4240 4338
f 4257 4338 10857
f 118 4381 117
f 280 10 305
f 334 352 10881
f 10881 333 422
f 422 333 453
f 595 543 594
f 595 594 645
f 645 594 628
f 645 628 10798
f 10798 628 11123
f 1087 972 10030
f 11137 1130 1199
f 1300 11460 1344
f 1432 1345 1396
f 1512 1462 1511
f 1599 1550 1653
f 1736 1700 1735
f 1904 1919 1890
f 2001 10291 2033
f 1918 2001 2017
f 2017 2001 10292
f 2017 10292 2119
f 2100 10292 2138
f 2119 2100 2120
f 2120 2100 10379
f 2210 10379 2243
f 2173 2210 2285
f 2284 2210 2244
f 2285 2210 2284
f 2284 2244 2299
f 2383 2352 2401
f 2775 2739 2774
f 4257 10857 10476
f 281 280 10883
f 10883 334 10881
f 385 10883 10881
f 385 10881 422
f 403 385 422
f 403 422 440
f 770 11462 844
f 770 844 878
f 878 844 923
f 994 1014 1087
f 994 1087 1071
f 9635 1301 1346
f 1346 1345 10884
f 1414 1346 10884
f 1513 1497 1551
f 1513 1551 1566
f 1566 1551 1600
f 1566 1600 1618
f 1618 1600 1655
f 1618 1655 1656
f 1656 1655 1687
f 1656 1687 1715
f 1715 1687 1736
f 1715 1736 1762
f 1847 1919 1861
f 1861 1919 11318
f 1861 11318 1932
f 1932 11318 1918
f 1932 1918 1949
f 1949 1918 2017
f 1949 2017 2018
f 2018 2017 2119
f 2018 2119 2085
f 2085 2119 2120
f 2085 2120 2121
f 2121 2120 2173
f 2121 2173 9744
f 2191 2121 9744
f 9744 2285 2227
f 10165 11896 2402
f 10191 11896 2487
f 10191 2487 2465
f 2465 2487 2538
f 2465 2538 2504
f 2505 2465 2504
f 2504 2538 2585
f 2504 2585 10885
f 10885 2585 2626
f 10885 2626 2642
f 2642 2626 2676
f 2642 2676 2690
f 2690 2676 2725
f 2690 2725 2740
f 2740 2725 2775
f 2740 2775 2776
f 2776 2775 2821
f 2776 2821 2822
f 2822 2821 2865
f 2822 2865 2866
f 2866 2865 2911
f 2866 2911 2912
f 2912 2911 2964
f 2912 2964 10380
f 10380 2964 3005
f 10293 11703 3884
f 4100 4008 4129
f 4150 4100 4176
f 4150 4176 4220
f 120 4358 119
f 10031 385 403
f 505 404 403
f 468 504 543
f 845 770 878
f 955 904 1014
f 994 955 1014
f 1327 9635 1346
f 1327 1346 1414
f 1633 1618 1656
f 1833 1762 1847
f 1920 1861 1932
f 2019 1949 2018
f 2018 2085 2068
f 2122 2085 2121
f 2122 2121 2191
f 2191 9744 2227
f 2315 10165 2402
f 2418 10191 2465
f 2505 2504 2586
f 2586 2504 10885
f 2627 10885 2642
f 2677 2642 2690
f 2726 2690 2740
f 3022 10380 3006
f 3071 3006 3070
f 3071 3022 3006
f 9632 3439 3461
f 3884 11443 3936
f 3936 11443 4009
f 4036 4008 4083
f 4083 4008 4100
f 4083 4100 4130
f 4130 4100 4150
f 4130 4150 4177
f 4177 4150 4191
f 4177 4191 11601
f 11124 4358 120
f 335 282 368
f 335 368 10031
f 469 404 505
f 469 505 9630
f 561 9630 544
f 787 771 845
f 862 845 905
f 973 10049 955
f 973 955 1015
f 9977 1088 1043
f 1151 9978 10430
f 1151 10430 9631
f 1268 11813 1285
f 1285 1302 1347
f 1619 1633 1688
f 1688 1633 1701
f 1688 1701 1702
f 1702 1701 1777
f 1702 1777 1753
f 1811 1753 1848
f 1811 1848 9629
f 9629 1848 1891
f 9629 1891 1905
f 1905 1891 1933
f 1905 1933 1934
f 1934 1933 1980
f 1934 1980 2002
f 2002 1980 2034
f 2034 2086 2101
f 2101 2086 2139
f 2101 2139 2140
f 2140 2139 2192
f 2140 2192 2193
f 2193 2192 2245
f 2193 2245 2260
f 2260 2245 2300
f 2260 2300 2301
f 2353 2300 2315
f 2301 2353 10431
f 2403 10778 2418
f 2466 2418 2505
f 2466 2505 2506
f 2556 2506 2572
f 2572 2586 2627
f 2572 2627 2602
f 2602 2627 2677
f 2602 2677 2643
f 2643 2677 2726
f 2643 2726 2691
f 2691 2726 2777
f 2691 2777 2741
f 2741 2777 2823
f 2741 2823 2789
f 2789 2823 2867
f 9746 2882 2898
f 2898 2882 2929
f 2929 2882 2977
f 2929 2977 2978
f 2978 2977 3022
f 2978 3022 3023
f 3023 3022 3071
f 3023 3071 3072
f 3072 3071 10475
f 10585 10475 10486
f 3483 9747 3462
f 10487 3483 3516
f 3538 10487 3588
f 3588 10487 3626
f 3643 3626 10542
f 3885 3854 3902
f 3974 3919 4009
f 4025 3974 4052
f 4025 4101 4084
f 4084 4151 9748
f 9748 4222 4209
f 4209 4222 11250
f 4209 11250 4241
f 4307 4241 4339
f 7 8 282
f 11327 7 282
f 680 629 9745
f 9745 730 11125
f 787 845 862
f 892 905 10049
f 975 973 1015
f 1088 1015 1043
f 1107 9977 9978
f 1152 1107 1151
f 10544 1151 9631
f 1950 1934 2003
f 2211 2140 2193
f 2898 2929 2951
f 2951 2929 2978
f 2951 2978 2993
f 2993 2978 3023
f 2993 3023 3041
f 3041 3023 3072
f 3517 3483 3538
f 3571 3538 3588
f 3885 3919 3937
f 3937 3919 3974
f 3937 3974 3991
f 3991 3974 4025
f 3991 4025 4102
f 4102 4025 4084
f 4131 4084 9748
f 4131 9748 4178
f 4178 9748 4209
f 4178 4209 4223
f 4223 4209 4241
f 4223 4241 4307
f 4318 4307 4384
f 405 10295 423
f 405 423 454
f 488 454 506
f 488 506 576
f 596 488 576
f 612 488 596
f 596 576 680
f 596 680 647
f 698 647 11125
f 906 827 892
f 10648 974 975
f 1109 1108 1152
f 1109 1152 1131
f 1131 1152 10544
f 1244 10544 1268
f 1258 9976 1303
f 9749 1514 1515
f 1515 1514 10886
f 9750 1619 1620
f 10919 1716 1717
f 1717 1716 10887
f 1717 10887 1800
f 1763 1717 1800
f 1800 1811 1849
f 1849 1811 9629
f 1849 9629 10923
f 2159 2158 2211
f 2159 2211 2141
f 2141 2261 2228
f 2228 2261 2246
f 2340 2246 10733
f 2451 10826 11713
f 11713 2556 2557
f 2557 2556 2618
f 2557 2618 2619
f 2619 2618 2644
f 2619 2644 2645
f 2645 2644 2692
f 2645 2692 2727
f 2727 2692 2742
f 2727 2742 2743
f 2743 2742 2790
f 2743 2790 2791
f 10780 2952 2953
f 2953 2952 2994
f 2953 2994 2995
f 2995 2994 3042
f 2995 3042 3024
f 3024 3042 3073
f 3073 3142 3129
f 3129 3142 3180
f 3129 3180 3170
f 3170 3180 3240
f 3170 3240 3223
f 3223 3240 3270
f 3223 3270 3271
f 3271 3270 3320
f 3271 3320 3321
f 3321 3320 3366
f 3321 3366 3367
f 3367 3366 3381
f 3920 4010 4026
f 4026 4010 4053
f 4026 4053 4054
f 4054 4053 4103
f 4054 4103 4117
f 4117 4152 4168
f 4168 4152 4192
f 4168 4192 4210
f 4210 4192 4242
f 4210 4242 4243
f 4243 4242 10813
f 4243 10813 10829
f 10829 10813 4340
f 4341 4385 125
f 681 10654 698
f 826 772 731
f 974 10648 906
f 11633 11595 975
f 1072 1108 1109
f 1778 1800 1849
f 1778 1849 10888
f 10888 1849 10923
f 9960 3073 3129
f 9961 3129 3170
f 9962 3170 3223
f 9963 3223 3271
f 9964 3271 3321
f 3382 3321 3367
f 4258 4211 4210
f 4258 4210 4243
f 4288 4258 4243
f 4288 10829 10367
f 10367 10829 4341
f 353 10853 284
f 10911 10853 11126
f 11550 612 9576
f 681 9576 10654
f 665 681 10384
f 10302 828 879
f 10302 879 880
f 880 879 924
f 880 924 925
f 925 924 10648
f 925 10648 976
f 1016 976 9752
f 1073 9752 9753
f 1117 9753 1153
f 10033 1153 11714
f 1416 1381 10707
f 1416 10707 1449
f 1449 10707 1534
f 1449 1534 1516
f 1516 1534 1582
f 1567 1689 1635
f 1635 1689 11127
f 11127 1737 1754
f 11247 10193 10888
f 1850 10193 11247
f 2194 10811 2302
f 2302 10782 2316
f 11320 2439 10855
f 2526 10812 10799
f 3055 10383 3092
f 3301 3382 3347
f 3347 3382 3383
f 3383 3382 3424
f 3383 3424 3407
f 3407 3424 3485
f 3407 3485 3486
f 3486 3485 3540
f 3486 3540 3541
f 3541 3540 3590
f 3541 3590 3591
f 3591 3590 3645
f 3591 3645 3628
f 11510 4259 4224
f 9419 4 284
f 455 520 10196
f 714 665 10384
f 805 772 828
f 805 828 10302
f 10163 10302 880
f 907 10163 880
f 880 925 907
f 907 925 10385
f 10385 925 976
f 1315 9959 1363
f 1363 9959 1381
f 1363 1381 1416
f 1568 1567 1583
f 1583 1567 1635
f 1669 1635 11127
f 9627 11127 1754
f 1754 1778 1812
f 2573 2526 2587
f 3369 3347 3383
f 3408 3383 3407
f 3518 3407 3486
f 3572 3486 3541
f 3572 3541 3591
f 4386 4319 9754
f 4386 4342 127
f 682 613 714
f 926 907 10385
f 10781 1073 1074
f 1074 1117 10035
f 9653 1074 10035
f 1201 1245 1228
f 1228 1245 1287
f 1228 1287 1269
f 1269 1287 1328
f 1269 1328 1364
f 1364 1328 10296
f 1476 9756 1568
f 1476 1568 1535
f 1583 1635 1636
f 1636 1635 1669
f 2229 2262 9958
f 9958 2317 2341
f 2420 2469 9757
f 9757 2573 2540
f 2588 11128 2603
f 2603 2646 9626
f 9626 2693 2728
f 2794 2728 2793
f 2794 2793 2850
f 2850 2899 2885
f 2899 2930 2955
f 2955 2930 2979
f 2966 2979 3074
f 3093 3130 3171
f 3110 3171 3224
f 3110 3224 3181
f 3181 3224 3225
f 3425 3408 3518
f 3425 3518 3440
f 3440 3518 3519
f 3764 3813 3778
f 4212 4244 4260
f 4260 4244 10297
f 9437 354 9755
f 370 9437 9755
f 11857 597 11450
f 630 597 613
f 630 11450 597
f 630 613 682
f 682 714 11513
f 11513 714 10727
f 829 10036 863
f 908 907 926
f 9758 1017 10781
f 9758 1074 9653
f 9653 10035 1181
f 1202 1201 10283
f 1382 10296 1433
f 1463 1382 1433
f 9652 1463 1476
f 10751 9652 1535
f 10751 1583 1636
f 1670 10751 1636
f 1670 1636 1669
f 1671 1670 1669
f 1671 1669 1755
f 10469 1671 1755
f 1672 1671 10469
f 10469 1755 1779
f 9651 1779 1813
f 9651 1813 1862
f 1862 1813 10655
f 1862 10655 1892
f 1952 1892 1921
f 1952 1921 1982
f 1952 1982 1965
f 1965 1982 2020
f 1965 2020 2051
f 2195 2174 2229
f 2318 2263 9958
f 2628 2603 9626
f 9957 2794 2850
f 2885 2899 2913
f 2956 2913 2955
f 3604 10890 3657
f 3657 10852 10931
f 10931 10852 3764
f 4170 4119 4194
f 4212 4194 4244
f 4212 4213 4170
f 4359 4360 4309
f 130 4359 129
f 395 386 394
f 395 394 424
f 614 562 648
f 847 881 9786
f 9786 881 10197
f 956 10197 978
f 1132 9653 1202
f 1601 1536 10751
f 2037 2004 2021
f 2037 2021 2070
f 11472 2037 2070
f 11472 2070 2104
f 2265 2264 10307
f 2265 10307 2342
f 2342 10307 2384
f 2342 2384 2385
f 2542 2541 2574
f 2574 2541 2589
f 11129 2663 2710
f 10208 3796 3843
f 3843 3796 3842
f 3843 3842 3888
f 3888 3842 3887
f 3888 3887 3939
f 3939 3887 3993
f 3939 3993 3994
f 4321 4290 4344
f 307 306 336
f 2574 2589 2629
f 2663 2647 2629
f 9490 2795 9957
f 11321 2931 2956
f 9655 9984 3197
f 3392 3323 3349
f 3496 3409 3495
f 3542 3496 3556
f 3542 3606 3608
f 3608 3606 3607
f 3814 10208 3843
f 3844 3843 3888
f 3889 3888 3939
f 3940 3939 3994
f 10478 4290 4321
f 4321 4344 4387
f 614 648 699
f 1182 1132 1202
f 1383 1329 1382
f 1383 1382 1397
f 1814 1780 10525
f 1814 10525 1851
f 11715 1877 9985
f 10891 2004 2037
f 2213 2196 2230
f 2213 2230 2264
f 2213 2264 2265
f 2490 11315 2542
f 2544 2542 2574
f 2544 2574 2604
f 2604 2574 2629
f 2604 2629 2647
f 2647 2663 11129
f 2744 2729 11129
f 2762 2744 2795
f 2869 2840 9490
f 2869 9490 2931
f 2900 2931 11321
f 3094 3025 3056
f 3094 3056 3132
f 3143 3132 9984
f 3274 9762 3197
f 3496 3495 3556
f 3609 3542 3608
f 3630 3608 9760
f 3814 3843 3844
f 3844 3888 3889
f 3889 3939 3940
f 3940 3994 4055
f 285 307 336
f 355 336 386
f 752 733 788
f 789 788 847
f 11400 847 9786
f 11469 978 9761
f 1089 1132 1165
f 1536 1601 1569
f 1569 1601 1602
f 10479 10488 1602
f 1877 1851 9985
f 2370 2342 2385
f 3009 11321 11552
f 9762 9655 3197
f 3370 3323 3392
f 3487 3409 3496
f 3520 3496 3542
f 3609 3520 3542
f 3609 3608 3630
f 3659 3630 9760
f 3995 3940 4055
f 4105 11463 10414
f 4105 10414 4104
f 4105 4104 4133
f 4180 4133 4195
f 4180 4195 4226
f 4226 4195 4245
f 4226 4245 4291
f 4291 4245 10478
f 10037 4291 4321
f 285 269 270
f 285 270 307
f 285 336 355
f 355 386 396
f 396 386 395
f 442 395 424
f 471 442 11238
f 471 562 577
f 631 614 666
f 10047 631 666
f 10047 666 733
f 752 10047 733
f 752 788 789
f 789 847 11400
f 1089 10830 1132
f 1214 1182 1229
f 10893 1383 1434
f 1450 1434 1397
f 1450 1397 1477
f 1450 1477 1517
f 1517 1477 1536
f 1517 1536 1569
f 1780 1756 10525
f 1877 1814 1851
f 1935 11715 10891
f 2038 10891 2037
f 2038 2037 11472
f 2196 2161 2230
f 2370 2385 2421
f 2729 2647 11129
f 2729 2744 2762
f 2900 2869 2931
f 11728 3392 3409
f 11728 3409 3487
f 3487 3496 3520
f 4180 4134 4133
f 10172 4387 133
f 267 268 309
f 371 319 308
f 10912 371 408
f 10912 408 472
f 563 507 521
f 715 700 773
f 807 790 830
f 864 807 848
f 957 864 927
f 1004 957 979
f 1271 1215 9654
f 11305 1348 1398
f 1537 1518 1570
f 1584 1570 1621
f 1637 1621 1673
f 1781 1801 1834
f 2266 2214 10572
f 409 10912 472
f 472 507 563
f 667 649 700
f 715 667 700
f 715 773 790
f 790 773 830
f 807 830 848
f 864 848 927
f 957 927 979
f 1004 979 1018
f 1004 1018 10915
f 11470 1044 1154
f 11470 1154 1167
f 1167 1154 1166
f 1203 1167 1166
f 1203 1166 1215
f 1203 1215 1271
f 1464 1518 1537
f 1537 1570 1584
f 1584 1621 1637
f 11246 1893 1935
f 2052 2005 9763
f 2197 2162 2214
f 2197 2214 2266
f 2266 10572 2287
f 2319 2370 2422
f 2507 2544 9987
f 10863 2678 2729
f 2824 2778 2762
f 9659 2932 2980
f 9659 2980 3044
f 3182 9658 9655
f 3182 9655 9762
f 3182 9762 3255
f 10206 3255 3275
f 3857 11105 3905
f 10284 3996 4039
f 4039 3996 10895
f 10895 4086 4106
f 4106 4134 4155
f 4155 4180 4196
f 4196 4226 4261
f 443 410 9989
f 489 522 546
f 599 546 11402
f 701 599 10864
f 1091 1046 1090
f 1134 1091 1133
f 1184 1134 1183
f 1400 1399 1436
f 1451 1436 1478
f 1498 1478 1538
f 1603 1538 1622
f 1657 1622 1675
f 1757 1703 1738
f 1757 1738 1782
f 1864 11797 1878
f 9764 2508 2558
f 9764 2558 2590
f 2590 2558 2605
f 489 443 9989
f 489 9989 522
f 546 522 11402
f 10896 701 753
f 958 894 980
f 958 980 996
f 996 980 11401
f 996 11401 1046
f 1091 1090 1133
f 1134 1133 1183
f 1230 1184 10303
f 1230 1288 1305
f 1305 1288 1330
f 1305 1330 1349
f 1349 1330 1399
f 1349 1399 1400
f 1400 1436 1451
f 1451 1478 1498
f 1498 1538 1553
f 1553 1538 1603
f 1603 1622 1657
f 10054 1878 1954
f 10054 1954 11107
f 2590 2605 2620
f 2620 2605 2648
f 2620 2648 2680
f 2796 10437 2779
f 2796 2779 2825
f 2933 2914 9659
f 2933 9659 3010
f 3113 3075 3112
f 3113 3157 3172
f 3172 3198 3226
f 3226 3256 3324
f 3324 3256 3304
f 3426 3497 3522
f 3522 3557 3575
f 3575 9657 3632
f 3632 9657 3660
f 3661 3632 3660
f 3747 3731 3780
f 3816 3780 9656
f 4030 4039 4056
f 4056 4039 4087
f 4072 4056 4087
f 311 287 310
f 523 509 564
f 579 564 632
f 895 849 9663
f 10364 10363 1365
f 10365 10364 1417
f 10366 10365 1465
f 1520 10366 1519
f 1572 1520 1571
f 1624 1572 1623
f 1624 1676 1719
f 1719 1676 1718
f 1719 1718 1758
f 1758 1718 1816
f 1758 1816 10922
f 10922 1816 11814
f 9765 1853 1894
f 1936 9765 1966
f 2007 1936 1983
f 2053 2007 2071
f 2887 2871 2934
f 2981 2887 2967
f 3144 3158 3183
f 3241 3257 3288
f 287 311 373
f 9783 11229 9661
f 9783 9661 9784
f 9784 9661 9660
f 9784 9660 510
f 510 9660 509
f 510 509 523
f 523 564 579
f 10386 632 9990
f 10386 9990 683
f 683 716 735
f 895 9663 942
f 942 9662 1019
f 10052 1289 1316
f 1936 1966 1983
f 2007 1983 2071
f 2053 2071 2124
f 2935 2887 2981
f 3325 3350 3371
f 3371 11130 10176
f 3499 3498 3523
f 3499 3523 3543
f 3610 3633 10038
f 3798 3816 3833
f 3924 3890 3845
f 3890 3924 3943
f 11833 4057 4107
f 9665 10174 10298
f 9665 10298 4246
f 4246 10298 4292
f 4345 4293 4292
f 1006 1005 1048
f 1062 1048 1093
f 1137 1093 1136
f 1155 1136 1186
f 1187 1186 1232
f 1247 1232 1273
f 1290 1273 1317
f 1331 1317 1366
f 1384 1366 1418
f 1437 1418 10470
f 1479 10470 1521
f 1638 1658 1677
f 1690 1677 1720
f 1739 1720 1765
f 1783 1765 1817
f 1835 1817 1865
f 1879 1865 1906
f 1922 1906 1937
f 1967 1937 1984
f 2125 2088 2145
f 2175 2145 2248
f 2232 2248 2269
f 2288 2269 2323
f 2343 2323 2373
f 2473 2472 2510
f 2545 2510 2560
f 2591 2560 2607
f 2665 2591 2650
f 2712 2665 2695
f 2810 2764 2797
f 10650 2888 2935
f 10650 2935 3026
f 3372 10553 3306
f 3705 3662 3681
f 3733 3681 3732
f 3858 3817 3799
f 3858 3799 3876
f 10432 4389 138
f 288 261 11794
f 321 288 11794
f 11708 321 9664
f 11708 9664 425
f 425 9664 444
f 425 444 474
f 474 444 491
f 10203 474 491
f 10203 491 548
f 10203 548 581
f 581 548 601
f 602 581 601
f 602 601 650
f 651 602 650
f 651 650 702
f 703 651 702
f 703 702 754
f 755 703 754
f 755 754 810
f 811 755 810
f 811 810 866
f 867 811 866
f 867 866 911
f 912 867 911
f 912 911 959
f 960 912 959
f 960 959 1005
f 1006 960 1005
f 1006 1048 1062
f 1137 1062 1093
f 1137 1136 1155
f 1187 1155 1186
f 1187 1232 1247
f 1247 1273 1290
f 1290 1317 1331
f 1331 1366 1384
f 1384 1418 1437
f 1437 10470 1479
f 1638 1677 1690
f 1690 1720 1739
f 1739 1765 1783
f 1783 1817 1835
f 1835 1865 1879
f 1879 1906 1922
f 1922 1937 1967
f 2072 2088 2125
f 2125 2145 2175
f 2175 2248 2232
f 2232 2269 2288
f 2288 2323 2343
f 2473 2510 2545
f 2545 2560 2591
f 9666 2665 2712
f 2730 2712 2764
f 3027 10650 3026
f 3027 3026 3058
f 11131 3227 3306
f 3592 3544 3576
f 3662 3592 3576
f 3733 3798 10898
f 3858 3876 3925
f 4058 4031 4073
f 4058 4073 4120
f 9667 4181 4214
f 4247 4214 4246
f 4247 9667 4214
f 272 258 259
f 10045 615 668
f 1401 1367 1419
f 1452 1419 1480
f 1523 1499 1522
f 1573 1523 1586
f 10900 1573 10755
f 1767 11132 1721
f 9790 11880 1907
f 9790 1955 9766
f 9766 2008 2055
f 2055 2008 2054
f 2055 2054 2107
f 2107 2054 2106
f 2107 2106 9767
f 9767 2106 2164
f 9767 2164 2217
f 2217 2164 2216
f 2217 2216 9768
f 9768 2216 2270
f 9768 2270 2325
f 2325 2270 2324
f 2325 2324 9769
f 9769 2324 2374
f 9769 2374 2426
f 2426 2374 2425
f 2426 2425 9770
f 9770 2425 2474
f 9770 2474 2528
f 2576 2474 2561
f 2666 2631 9666
f 2713 9666 2730
f 2765 2730 2747
f 2811 2747 2798
f 2852 2798 2872
f 2901 2872 2915
f 3096 3045 3076
f 3184 11465 3200
f 3229 3200 3228
f 10493 3394 10489
f 3500 3466 10493
f 3524 3500 3545
f 3663 3634 3690
f 3748 3690 3766
f 3800 3781 3767
f 3927 3846 3926
f 313 258 272
f 338 272 312
f 338 312 357
f 358 338 357
f 445 9669 525
f 525 9669 9668
f 525 9668 582
f 582 9668 615
f 582 615 10045
f 10045 668 10046
f 1332 1367 1401
f 1401 1419 1452
f 1452 1480 1499
f 1499 1480 1522
f 1523 1522 1586
f 1573 1586 10755
f 11132 10900 1678
f 11132 1678 1721
f 2576 2528 2474
f 2576 2561 2608
f 2608 2561 2631
f 2608 2631 2666
f 2666 9666 2713
f 2713 2730 2765
f 2765 2747 2811
f 2811 2798 2852
f 2852 2872 2901
f 3184 3200 3229
f 3427 3394 3466
f 9994 3545 3611
f 3781 3748 3767
f 3800 3817 3846
f 3927 3926 3962
f 9589 4059 4074
f 4108 4059 4058
f 4074 4108 4136
f 4136 4108 10899
f 4136 10899 4182
f 4346 4296 9948
f 669 653 717
f 738 717 774
f 794 774 831
f 851 831 882
f 897 882 10621
f 944 10621 982
f 1120 10800 10831
f 1170 10831 1205
f 1216 1205 1249
f 1262 1249 1292
f 1306 1292 1333
f 1350 1333 1385
f 1402 1385 1438
f 1453 1438 1481
f 1500 1481 1540
f 1554 1540 1587
f 1604 1587 1639
f 1659 1639 1691
f 11554 1691 1740
f 1759 1740 1784
f 1802 1784 1836
f 1854 1836 1880
f 1895 1880 1923
f 1938 1923 1956
f 1985 1956 2022
f 2146 2126 2165
f 2200 2165 2218
f 2249 2218 2271
f 2304 2271 2326
f 2357 2358 2375
f 2428 2357 2427
f 2476 2428 2475
f 2530 2476 2529
f 2578 2530 2577
f 2623 2578 2622
f 2668 2623 2667
f 2715 2668 2714
f 2767 2715 2766
f 2813 2767 2812
f 2854 2813 2853
f 3098 3046 3012
f 3307 3384 3352
f 3749 11206 3781
f 3877 3859 3928
f 9558 3928 3927
f 256 257 289
f 289 257 313
f 289 313 322
f 361 322 360
f 361 360 426
f 426 360 446
f 426 446 475
f 475 446 493
f 475 493 526
f 526 493 550
f 526 550 603
f 526 603 616
f 616 603 653
f 669 717 738
f 738 774 794
f 794 831 851
f 851 882 897
f 997 9671 1034
f 1170 1205 1216
f 1216 1249 1262
f 1262 1292 1306
f 1306 1333 1350
f 1350 1385 1402
f 1402 1438 1453
f 1453 1481 1500
f 1500 1540 1554
f 1554 1587 1604
f 1604 1639 1659
f 1659 1691 11554
f 11554 1740 1759
f 1759 1784 1802
f 1802 1836 1854
f 1854 1880 1895
f 1895 1923 1938
f 1938 1956 1985
f 2089 2126 2146
f 2146 2165 2200
f 2200 2218 2249
f 2249 2271 2304
f 2357 2375 2427
f 2428 2427 2475
f 2476 2475 2529
f 2530 2529 2577
f 2578 2577 2622
f 2623 2622 2667
f 2668 2667 2714
f 2715 2714 2766
f 2767 2766 2812
f 2813 2812 2853
f 2854 2853 2916
f 2854 2916 10832
f 9771 3012 3046
f 3098 3012 3097
f 10286 3098 3116
f 10286 3116 3159
f 10286 3159 3202
f 3411 3428 3467
f 9557 3612 3706
f 3877 3818 3859
f 10545 428 477
f 494 477 528
f 10044 10902 634
f 10044 634 654
f 654 634 685
f 1097 1096 1140
f 1206 11324 1235
f 1277 1276 1320
f 1370 1320 1369
f 1422 1369 1421
f 1468 1421 1467
f 1482 1467 1525
f 10053 1525 1575
f 1588 1575 1626
f 1681 1626 1680
f 1724 1723 1770
f 1785 1770 1820
f 10055 1909 1957
f 1968 1957 2009
f 2023 2009 2057
f 2073 2057 2109
f 2127 2109 2166
f 2176 2166 2219
f 2233 2219 2272
f 2289 2272 2327
f 2344 2327 2376
f 2386 2376 2407
f 2442 2407 2456
f 2491 2456 2511
f 2546 2511 2562
f 2592 2562 2609
f 2632 2609 2651
f 2681 2651 2696
f 2731 2696 2748
f 2780 2748 2814
f 2826 2814 2855
f 2873 2855 2902
f 3145 3078 3133
f 3161 3145 3133
f 3429 10537 3446
f 3546 3525 3558
f 291 254 290
f 291 290 10901
f 10701 340 411
f 494 10545 477
f 705 654 718
f 705 718 759
f 759 718 795
f 759 795 816
f 816 795 815
f 816 815 871
f 11409 10177 916
f 11409 916 963
f 964 11409 963
f 964 963 1008
f 1009 964 1008
f 1009 1008 1051
f 1052 1009 1051
f 1052 1051 1096
f 1097 1052 1096
f 1141 11324 1206
f 1370 1277 1320
f 1370 1369 1422
f 1468 1422 1421
f 1468 1467 1482
f 10053 1482 1525
f 10053 1575 1588
f 1681 1588 1626
f 1724 1680 1723
f 1724 1770 1785
f 1866 1785 1820
f 10055 1957 1968
f 1968 2009 2023
f 2023 2057 2073
f 2073 2109 2127
f 2127 2166 2176
f 2176 2219 2233
f 2233 2272 2289
f 2289 2327 2344
f 2344 2376 2386
f 2386 2407 2442
f 2442 2456 2491
f 2491 2511 2546
f 2546 2562 2592
f 2592 2609 2632
f 2632 2651 2681
f 2681 2696 2731
f 2731 2748 2780
f 2780 2814 2826
f 2826 2855 2873
f 2873 2902 2903
f 2958 2998 3013
f 3047 3013 3079
f 3079 3013 3078
f 3079 3078 3145
f 3161 3160 11563
f 3502 3525 3546
f 3546 3558 11140
f 3665 9557 9481
f 4061 4040 4060
f 9672 4325 4361
f 273 292 314
f 529 551 584
f 818 817 832
f 917 11409 928
f 1111 1141 1172
f 1157 1111 1172
f 1172 1206 1236
f 1207 1157 1172
f 2290 2273 11771
f 11771 2328 2359
f 2359 2377 2408
f 2408 2429 2457
f 2457 2477 2512
f 2512 2531 2563
f 2563 2579 2610
f 2610 2624 2682
f 2682 2669 11856
f 11856 2716 2749
f 2749 2768 2799
f 2799 11859 2827
f 3000 2959 2999
f 3146 3117 3161
f 3146 3161 3204
f 3292 3291 10372
f 9793 11630 3412
f 9793 3412 3468
f 9773 3468 3547
f 10207 9773 3547
f 10207 3547 3577
f 3802 3750 11142
f 3892 3945 3980
f 3980 3945 3997
f 3980 3997 10933
f 4273 10067 10554
f 323 251 273
f 341 273 314
f 341 314 10651
f 565 584 617
f 1098 1080 1111
f 1207 1172 1236
f 1207 1236 10756
f 1236 1277 10756
f 2917 2959 3000
f 3000 2999 3028
f 3099 3117 3146
f 3242 3203 3291
f 3292 3308 3291
f 11630 3292 3395
f 11630 3395 3412
f 9793 3468 9773
f 3469 9793 9773
f 3594 3577 10538
f 3751 3750 3802
f 3892 3879 3891
f 293 249 315
f 343 315 342
f 343 342 375
f 11792 375 429
f 11792 429 458
f 458 429 9683
f 1112 9687 9686
f 1208 1190 9685
f 1294 1278 1321
f 1335 1321 1334
f 1424 1334 1423
f 1439 1423 1469
f 1528 1469 1527
f 1542 1527 1541
f 1629 1541 1628
f 1641 1628 1640
f 1726 1640 1725
f 1742 1725 11795
f 1822 11795 1786
f 1838 1786 1837
f 1910 1837 1924
f 2011 1925 11593
f 2025 11593 2058
f 2112 2058 2111
f 2129 2111 2168
f 2202 2168 2221
f 2250 2221 2274
f 2305 2274 2329
f 2360 2329 2378
f 2409 2378 2430
f 2458 2430 2478
f 2513 2478 2532
f 10757 2564 9684
f 2829 2769 2828
f 2829 2828 2889
f 3205 3174 3242
f 3205 3242 3259
f 3293 3259 3308
f 3293 3308 3327
f 293 315 343
f 495 458 9683
f 495 9683 9682
f 552 495 9682
f 552 9682 9681
f 604 552 9681
f 604 9681 9680
f 656 604 9680
f 656 9680 9679
f 707 656 9679
f 707 9679 9678
f 760 707 9678
f 760 9678 11629
f 819 760 11629
f 819 11629 9677
f 872 819 9677
f 872 9677 9676
f 918 872 9676
f 918 9676 9675
f 965 918 9675
f 965 9675 10679
f 1099 9687 1112
f 1112 9686 1158
f 1158 9686 1190
f 1208 9685 1251
f 1251 9685 1278
f 1294 1321 1335
f 1424 1335 1334
f 1424 1423 1439
f 1528 1439 1469
f 1528 1527 1542
f 1629 1542 1541
f 1629 1628 1641
f 1726 1641 1640
f 1726 1725 1742
f 1822 1742 11795
f 1822 1786 1838
f 1910 1838 1837
f 2011 11593 2025
f 2112 2025 2058
f 2112 2111 2129
f 2202 2129 2168
f 2250 2202 2221
f 2305 2250 2274
f 2360 2305 2329
f 2409 2360 2378
f 2458 2409 2430
f 2513 2458 2478
f 2564 2513 2532
f 10057 10757 9684
f 2652 10057 2670
f 2652 2670 2717
f 2732 2652 2750
f 2750 2717 2781
f 2750 2781 2769
f 10586 2829 2889
f 10586 2889 2918
f 2969 2968 3030
f 2969 2918 2968
f 3230 3205 3259
f 10059 3327 3430
f 3718 3751 3834
f 3907 11300 3893
f 4076 4139 4110
f 4110 4139 10200
f 10934 4184 10178
f 4263 4274 10867
f 247 248 294
f 294 248 293
f 316 294 293
f 530 512 9694
f 947 946 10001
f 1055 9699 9698
f 1122 9698 9697
f 1142 9697 9696
f 1279 1264 1309
f 1322 1309 1352
f 1405 1352 1404
f 1426 1404 1455
f 1504 1455 1503
f 1529 1503 1556
f 1607 1556 1606
f 1630 1606 1662
f 1804 1727 1771
f 1824 1771 1823
f 1898 1823 1868
f 1911 1868 1941
f 1988 1941 1987
f 2012 1987 2043
f 2059 2043 2090
f 2130 2090 2148
f 2178 2148 2203
f 2432 2361 2431
f 2432 2431 2492
f 2492 2431 2479
f 2580 2547 10056
f 2653 10056 10905
f 2683 2653 10905
f 2718 2732 9695
f 2904 2890 10586
f 2936 2983 3014
f 3231 3206 3230
f 324 294 316
f 398 324 376
f 530 9694 606
f 606 9694 9693
f 635 606 9693
f 635 9693 9692
f 686 635 9692
f 686 9692 9691
f 739 686 9691
f 739 9691 9690
f 796 739 9690
f 796 9690 9689
f 852 796 9689
f 852 9689 9688
f 899 852 9688
f 899 9688 946
f 947 899 946
f 947 10001 1010
f 1010 9699 1055
f 1055 9698 1122
f 1122 9697 1142
f 1142 9696 10435
f 1237 1264 1279
f 1279 1309 1322
f 1405 1322 1352
f 1405 1404 1426
f 1504 1426 1455
f 1504 1503 1529
f 1607 1529 1556
f 1607 1606 1630
f 1706 1630 1662
f 1804 1706 1727
f 1804 1771 1824
f 1898 1824 1823
f 1898 1868 1911
f 1988 1911 1941
f 1988 1987 2012
f 2059 2012 2043
f 2130 2059 2090
f 2178 2130 2148
f 2235 2178 2203
f 2275 2291 2203
f 2345 2361 2432
f 2410 2432 2492
f 2514 2492 2479
f 2514 2479 2547
f 2580 10056 2653
f 2683 10905 2671
f 2718 2671 2732
f 10906 2936 3014
f 9705 3206 3231
f 9705 3231 3294
f 3294 3309 3337
f 3337 3309 3336
f 3647 10000 3635
f 3692 3647 3635
f 3692 3682 3720
f 3720 3682 3719
f 9704 3720 3768
f 9704 3768 3819
f 3819 3768 9794
f 4122 4063 4062
f 4063 4122 9590
f 431 448 9775
f 9775 497 532
f 532 497 554
f 658 619 672
f 688 672 720
f 741 720 9703
f 986 985 10002
f 1174 9707 1220
f 1354 1353 1387
f 1406 1387 1440
f 1484 1440 1483
f 1694 1608 1693
f 1707 1693 1743
f 1788 1743 1787
f 1881 1869 11520
f 1912 1881 1926
f 1942 1926 1970
f 1989 1970 2026
f 2044 2026 2075
f 2113 2075 2131
f 2149 2131 2179
f 2222 2179 2236
f 2276 2236 2292
f 2548 2516 2515
f 2697 9706 2684
f 2752 2697 2751
f 11709 2770 11887
f 4015 3965 3964
f 10041 244 245
f 9776 619 658
f 658 672 688
f 688 720 741
f 741 9703 798
f 798 9703 9702
f 834 798 9702
f 834 9702 9701
f 884 834 9701
f 884 9701 9700
f 930 884 9700
f 930 9700 985
f 986 930 985
f 986 10002 1037
f 1037 9708 11404
f 11404 9708 10039
f 11404 10039 1124
f 1124 9707 1174
f 1310 1353 1354
f 1354 1387 1406
f 1484 1406 1440
f 1484 1483 1505
f 1590 1505 1483
f 1694 1609 1608
f 1694 1693 1707
f 1788 1707 1743
f 1869 1881 1912
f 2044 2075 2113
f 2149 2113 2131
f 2149 2179 2222
f 2222 2236 2276
f 2276 2292 2331
f 2331 2387 2411
f 2411 2387 2410
f 2411 2410 2493
f 2654 2548 2594
f 2891 2938 2970
f 3528 3447 3527
f 3684 3648 3683
f 9550 3769 10652
f 10652 9537 3880
f 4298 9575 4312
f 4312 9575 10209
f 534 498 533
f 534 586 638
f 638 586 637
f 638 637 659
f 659 637 10003
f 875 874 10299
f 1023 9712 987
f 1389 1373 9710
f 1643 1610 1683
f 1696 1683 1728
f 1760 1728 1772
f 1790 1772 1825
f 1840 1825 1839
f 1882 1840 1839
f 1882 1839 1899
f 1971 2045 2046
f 2046 2045 2060
f 10006 2077 2114
f 10006 2114 2151
f 2151 2114 2150
f 2224 2223 2294
f 10908 2294 2293
f 2389 10908 2388
f 2443 2412 2480
f 10005 2581 2595
f 722 659 10003
f 722 9709 11815
f 821 762 11815
f 821 11815 874
f 875 821 874
f 988 9712 1023
f 11385 1143 1113
f 1427 1389 9710
f 1427 9710 1471
f 1472 1427 1471
f 1472 1471 1530
f 1643 1683 1696
f 1696 1728 1760
f 1760 1772 1790
f 1790 1825 1840
f 1882 1899 1958
f 1958 1927 1971
f 1971 1927 2045
f 2077 2046 2060
f 2077 2060 2114
f 2443 2389 2412
f 3063 3082 3119
f 3119 3082 9549
f 9538 3260 9462
f 11412 4064 4111
f 4215 4185 4199
f 4250 4215 4230
f 325 296 11631
f 11832 378 449
f 11455 449 499
f 514 499 556
f 567 556 608
f 621 608 661
f 743 710 742
f 743 742 777
f 777 742 799
f 777 799 836
f 836 799 854
f 836 901 933
f 933 901 11080
f 11410 1082 11405
f 11405 10007 1175
f 1407 1486 1487
f 1729 1611 1708
f 1729 1708 11596
f 1791 1746 11522
f 1914 1856 1884
f 1914 1884 1913
f 2091 2115 10426
f 2225 2181 2251
f 2225 2251 2308
f 2308 2251 2332
f 2655 2611 9780
f 2920 2905 11242
f 3032 3031 3064
f 3032 3064 3083
f 3279 3243 9538
f 3414 3397 3448
f 3414 3448 3449
f 3449 9504 3504
f 3966 3909 3949
f 3966 3949 11466
f 4276 4200 4231
f 240 241 297
f 296 241 10339
f 326 296 325
f 325 11631 378
f 11832 449 11455
f 11455 499 514
f 514 556 567
f 567 608 621
f 9779 710 743
f 837 777 836
f 837 836 933
f 11410 10357 1082
f 11666 1175 1221
f 1592 10548 10376
f 11597 10623 1729
f 1792 1791 1856
f 1914 1913 1972
f 1972 1913 10573
f 2225 9781 2181
f 2333 2332 2379
f 2721 2733 2699
f 3032 10058 3031
f 3210 3187 3243
f 3279 3210 3243
f 3561 9504 3597
f 3561 3597 3615
f 3615 3597 3649
f 3615 3649 11390
f 11390 3649 9606
f 3735 9606 10869
f 3783 10009 10869
f 3820 3849 3895
f 4200 4142 4185
f 4373 4329 4391
f 400 364 379
f 434 400 433
f 481 434 461
f 536 481 535
f 640 536 587
f 690 640 639
f 690 639 689
f 690 689 744
f 744 689 763
f 800 763 11316
f 800 11316 855
f 1038 9788 11468
f 1356 1337 1409
f 1409 1337 1408
f 1409 1408 9717
f 9717 1408 1489
f 299 238 298
f 298 326 364
f 800 744 763
f 1144 11135 1192
f 1144 1192 1193
f 1193 1192 1239
f 11745 1296 1356
f 1356 1409 1374
f 1531 1489 1506
f 1828 11377 1827
f 1828 1827 1857
f 1857 1827 1885
f 1857 1885 9492
f 1943 10521 9438
f 2182 2204 9539
f 9539 2237 2277
f 2277 2237 10010
f 2277 10010 2334
f 2334 10010 2333
f 2334 2333 2380
f 2380 2333 2390
f 2380 2390 2433
f 2433 2390 2481
f 2433 2481 2482
f 2482 2481 11559
f 3784 3835 9795
f 9795 3835 3860
f 236 237 300
f 415 380 401
f 462 401 483
f 557 483 537
f 674 11111 662
f 968 920 949
f 1011 1066 1101
f 1101 1066 10871
f 1101 10871 1145
f 1928 1870 1915
f 1928 1915 1975
f 1975 1915 1974
f 1975 1974 2028
f 2169 2182 2238
f 2922 2877 2907
f 2922 2907 2921
f 3122 3065 3121
f 3805 3804 10490
f 4042 3999 10310
f 415 401 462
f 462 483 557
f 557 537 568
f 568 537 11111
f 1145 1176 1194
f 1357 10833 1297
f 1375 1357 1374
f 1595 1594 1613
f 1613 1594 1644
f 1613 1644 1709
f 1709 1644 11326
f 1709 11326 1761
f 2363 2391 2392
f 2922 2921 2971
f 3617 3616 3667
f 3932 3805 10490
f 4043 3951 3999
f 4043 3999 4042
f 301 275 10607
f 3 9437 2
f 285 318 269
f 11239 267 309
f 289 290 256
f 314 292 291
f 300 327 10776
f 331 278 303
f 335 10353 11327
f 354 9419 10853
f 339 289 322
f 326 297 296
f 330 276 9731
f 9641 271 331
f 282 335 11327
f 313 272 338
f 339 290 289
f 323 273 341
f 316 293 343
f 9731 302 11328
f 392 9641 331
f 10883 368 281
f 368 282 281
f 369 10353 335
f 355 318 285
f 356 310 320
f 359 313 338
f 359 338 358
f 339 322 361
f 10701 314 291
f 362 316 343
f 344 324 398
f 387 318 355
f 374 323 341
f 374 341 389
f 379 326 325
f 11317 348 10579
f 385 368 10883
f 406 370 9755
f 372 371 10912
f 388 373 9783
f 340 339 361
f 391 347 364
f 391 364 400
f 11328 350 437
f 10031 368 385
f 387 355 396
f 9995 359 358
f 9995 358 397
f 11297 11772 10579
f 10188 383 10549
f 10913 9755 10911
f 407 387 396
f 412 374 389
f 414 377 10300
f 402 380 415
f 423 369 404
f 10913 10911 441
f 407 396 395
f 427 340 361
f 427 361 426
f 435 391 400
f 435 400 434
f 437 417 10914
f 11136 418 10187
f 404 10031 403
f 407 395 442
f 447 362 11792
f 450 402 415
f 10616 417 11744
f 440 505 403
f 9751 405 454
f 10042 441 455
f 456 407 442
f 11886 9783 9784
f 457 412 10731
f 447 11792 458
f 459 414 431
f 461 433 11455
f 450 415 462
f 468 505 440
f 456 442 471
f 473 11886 9784
f 10285 425 474
f 476 427 426
f 476 426 475
f 459 431 9775
f 482 435 434
f 482 434 481
f 10187 465 542
f 488 520 454
f 490 11807 443
f 490 443 489
f 492 10285 474
f 492 474 10203
f 496 447 458
f 496 458 495
f 557 450 462
f 520 9751 454
f 507 456 471
f 508 409 472
f 473 9784 510
f 511 457 478
f 511 478 584
f 513 459 9775
f 514 461 11455
f 501 485 484
f 508 472 563
f 524 473 510
f 524 510 523
f 527 476 475
f 527 475 526
f 531 479 9774
f 513 9775 532
f 500 482 481
f 500 481 536
f 11560 501 538
f 11560 538 539
f 541 571 590
f 542 516 591
f 547 490 489
f 547 489 546
f 549 492 10203
f 553 496 495
f 553 495 552
f 578 508 563
f 565 511 584
f 566 513 532
f 566 532 9776
f 574 10434 611
f 576 506 561
f 521 507 471
f 578 563 598
f 580 524 523
f 580 523 579
f 549 10203 581
f 583 527 526
f 585 531 530
f 588 500 536
f 588 536 640
f 590 571 11743
f 591 572 609
f 600 547 546
f 600 546 599
f 528 10902 551
f 605 553 552
f 605 552 604
f 585 530 606
f 607 555 534
f 664 558 589
f 595 629 544
f 11517 521 577
f 583 526 616
f 618 565 617
f 620 566 9776
f 622 567 621
f 589 11560 11561
f 624 570 623
f 633 580 579
f 603 582 10045
f 634 583 616
f 669 616 653
f 636 585 606
f 636 606 635
f 607 534 638
f 641 589 11561
f 664 589 641
f 11743 624 693
f 609 625 694
f 652 10043 602
f 652 602 651
f 653 603 10045
f 670 617 10044
f 618 617 655
f 657 605 604
f 657 604 656
f 620 9776 658
f 660 607 638
f 660 638 659
f 663 568 11111
f 691 641 11561
f 745 664 641
f 677 624 623
f 696 626 610
f 698 10654 647
f 633 579 10386
f 634 616 669
f 671 618 655
f 706 655 670
f 673 620 658
f 10008 622 621
f 663 11111 674
f 745 641 675
f 677 623 676
f 684 633 10386
f 684 10386 683
f 653 10045 10046
f 685 634 669
f 687 636 635
f 687 635 686
f 673 658 688
f 693 677 746
f 694 678 747
f 712 696 10018
f 712 10018 695
f 647 680 9745
f 772 681 698
f 737 10046 668
f 671 655 706
f 708 657 656
f 708 656 707
f 709 660 659
f 711 663 674
f 675 691 692
f 726 677 676
f 713 748 712
f 11125 647 9745
f 719 671 706
f 721 673 688
f 709 659 722
f 723 10008 9779
f 726 676 725
f 731 698 11125
f 10727 714 10384
f 734 11329 10047
f 736 684 683
f 736 683 735
f 718 685 738
f 740 687 686
f 740 686 739
f 721 688 741
f 723 9779 743
f 746 726 801
f 747 727 802
f 767 712 695
f 771 730 11462
f 731 772 698
f 734 10047 752
f 10173 716 10301
f 756 703 755
f 758 10046 737
f 758 737 757
f 10546 706 705
f 761 708 707
f 761 707 760
f 762 709 722
f 764 711 10201
f 783 726 725
f 804 749 713
f 730 771 11125
f 776 721 741
f 778 723 743
f 778 743 777
f 764 10201 780
f 783 725 782
f 731 771 787
f 805 10384 772
f 789 734 752
f 753 715 790
f 793 736 735
f 793 735 792
f 795 718 738
f 795 738 794
f 797 740 739
f 797 739 796
f 776 741 798
f 801 783 856
f 802 784 857
f 767 695 9732
f 828 772 826
f 808 753 790
f 808 790 807
f 809 10173 791
f 812 756 755
f 812 755 811
f 814 758 757
f 814 757 813
f 817 10546 759
f 817 759 816
f 820 761 760
f 820 760 819
f 823 764 780
f 842 783 782
f 858 804 768
f 828 826 827
f 833 775 818
f 833 818 832
f 835 776 798
f 835 798 834
f 838 778 777
f 838 777 837
f 824 766 10013
f 842 782 841
f 861 844 10856
f 815 795 794
f 815 794 851
f 853 797 796
f 853 796 852
f 856 842 902
f 857 843 903
f 879 828 827
f 848 830 11400
f 865 808 807
f 865 807 864
f 868 812 811
f 868 811 867
f 870 814 813
f 870 813 869
f 873 820 819
f 873 819 872
f 854 821 875
f 822 876 780
f 877 824 10184
f 888 842 841
f 827 787 862
f 883 833 832
f 883 832 917
f 885 835 834
f 885 834 884
f 888 841 887
f 892 827 862
f 906 879 827
f 893 848 11400
f 893 11400 9786
f 896 850 849
f 896 849 895
f 898 815 851
f 898 851 897
f 900 853 852
f 900 852 899
f 902 888 951
f 903 889 952
f 10049 974 892
f 909 865 864
f 909 864 957
f 913 868 867
f 913 867 912
f 915 870 869
f 915 869 914
f 919 873 872
f 919 872 918
f 901 854 875
f 937 888 887
f 954 11674 10465
f 929 883 917
f 929 917 928
f 931 885 884
f 931 884 930
f 901 875 932
f 934 837 933
f 937 887 936
f 941 893 9786
f 941 9786 956
f 910 894 958
f 943 896 895
f 943 895 942
f 945 898 897
f 945 897 944
f 948 900 899
f 948 899 947
f 949 9787 9788
f 951 937 1002
f 952 938 992
f 961 913 912
f 961 912 960
f 964 928 11409
f 966 919 918
f 966 918 965
f 967 901 932
f 969 950 935
f 1001 937 936
f 971 922 10428
f 972 954 10465
f 1014 954 972
f 973 974 10049
f 984 929 928
f 987 931 930
f 987 930 986
f 967 932 988
f 969 935 990
f 970 993 10278
f 1013 971 10428
f 994 1015 955
f 975 974 973
f 995 941 956
f 962 914 981
f 998 945 944
f 998 944 997
f 999 948 947
f 1038 949 9788
f 1002 991 1039
f 1040 992 1029
f 1007 961 960
f 1007 960 1006
f 983 964 1009
f 11858 966 965
f 999 947 1010
f 1058 969 990
f 1030 9639 10861
f 1022 987 986
f 1058 990 1026
f 1028 1001 1027
f 9752 976 11595
f 1033 10581 1019
f 1033 1019 1032
f 1035 998 997
f 1035 997 1034
f 1036 999 1010
f 9699 1010 10001
f 1022 986 1037
f 1024 1000 10357
f 1039 1028 11245
f 1068 1040 1029
f 1071 1043 994
f 1047 996 1046
f 1049 1007 1006
f 1053 1009 1052
f 1036 1010 1055
f 11385 1056 1023
f 1102 1058 1026
f 1126 1028 1027
f 1070 1042 9418
f 1049 1006 1062
f 1054 10703 1099
f 1064 1022 1037
f 9708 1037 10002
f 1126 1027 1067
f 1059 1041 1012
f 1070 9418 1069
f 1072 9752 11595
f 9753 9752 1072
f 1077 1033 1032
f 1077 1032 1076
f 1050 1020 1063
f 1079 1035 1034
f 1079 1034 1078
f 1081 1036 1055
f 1064 1037 11404
f 1065 10357 11410
f 1083 1038 1057
f 1150 9505 1061
f 1092 1047 1046
f 1092 1046 1091
f 1094 1049 1062
f 1094 1062 1137
f 1080 1053 1052
f 1109 9753 1072
f 1124 1143 11404
f 1100 11385 1113
f 11471 11410 11405
f 1126 1067 1115
f 1152 1108 1107
f 1153 9753 1109
f 1090 1045 11470
f 1119 1077 1076
f 1119 1076 1118
f 1095 1063 1110
f 1121 1079 1078
f 1121 1078 1120
f 1123 1081 1122
f 1144 1083 11135
f 9986 1089 1165
f 1133 1090 11470
f 1135 1092 1091
f 1135 1091 1134
f 1138 1094 1137
f 9697 1099 1112
f 1123 1122 1142
f 10007 1100 1113
f 1146 1101 1145
f 1178 1126 1115
f 1149 1129 1128
f 1105 11236 1116
f 1116 11236 1106
f 1153 1109 1131
f 1138 1137 1155
f 1141 1097 1140
f 9686 1098 1111
f 9686 1111 1157
f 9707 1124 10039
f 10007 1113 10387
f 11471 1192 11135
f 1178 1115 1160
f 1164 11714 1131
f 1133 11470 1167
f 1169 1119 1118
f 1169 1118 1168
f 1139 1110 1156
f 1171 1121 1120
f 1171 1120 1170
f 1173 1123 1142
f 1159 1124 1174
f 1194 1146 1145
f 1195 11406 1177
f 1179 1149 1128
f 1213 1200 11137
f 1163 10430 9978
f 1183 1133 1167
f 1185 1135 1134
f 1185 1134 1184
f 1188 1138 1155
f 1188 1155 1187
f 9696 9697 1158
f 1208 1158 1190
f 1173 1142 10435
f 1191 10007 10387
f 1176 1144 1193
f 1223 1178 1160
f 1203 1183 1167
f 1190 1157 1207
f 9696 1158 1208
f 1191 10387 9711
f 1223 1160 1209
f 1198 1199 10550
f 11240 1169 1168
f 1189 1156 1204
f 1217 1171 1170
f 1217 1170 1216
f 1237 10435 1218
f 1240 1176 1193
f 1209 1195 1267
f 1231 1185 1184
f 1233 1188 1187
f 1234 1189 1204
f 1219 10435 1237
f 1254 1239 11666
f 1240 1193 1239
f 10834 1194 1241
f 1255 1223 1209
f 10828 1179 1224
f 1213 11774 1200
f 1245 1227 1259
f 1233 1187 1247
f 1250 1190 1207
f 1253 1220 1252
f 1259 1244 1258
f 1260 1214 1229
f 1234 1204 1248
f 1263 1217 1216
f 1263 1216 1262
f 1265 1219 1237
f 1210 1255 1312
f 1272 1231 1230
f 1274 1233 1247
f 1275 1234 1248
f 1276 1277 1235
f 1250 1207 10756
f 1294 1251 1278
f 1265 1237 1279
f 1280 1238 10473
f 10370 1340 1311
f 1300 11774 1213
f 9976 1268 1285
f 10303 1271 1288
f 1274 1247 1290
f 1264 1251 1294
f 10834 1241 10833
f 1339 10051 1282
f 9959 1258 1303
f 1315 1287 1286
f 1304 1260 1229
f 1272 1230 1305
f 1275 1248 1291
f 1307 1263 1262
f 1307 1262 1306
f 1295 1253 1310
f 1281 1240 11745
f 1323 10833 1357
f 10370 10873 1339
f 1312 11555 1359
f 1344 1301 1300
f 1316 1272 1305
f 1318 1274 1290
f 1319 1275 1291
f 1308 1277 1370
f 1309 1264 1294
f 1337 1296 10801
f 1297 1281 11745
f 1360 1313 1298
f 1343 11460 11525
f 1345 1301 1344
f 1327 1302 9635
f 1318 1290 1331
f 1309 1294 1335
f 1336 1295 1310
f 1354 1336 1310
f 1360 1298 10705
f 1394 1342 1324
f 1381 1303 11806
f 1363 1328 1315
f 1316 1305 1349
f 10363 1317 10052
f 1319 1291 1332
f 1351 1307 1306
f 1351 1306 1350
f 1353 1322 1405
f 1297 11745 1356
f 1377 10370 1339
f 1348 1304 10893
f 1365 1316 1349
f 1367 1318 1331
f 1368 1319 1332
f 1371 1308 1370
f 1372 1309 1335
f 1372 1335 1424
f 1355 11558 1373
f 1374 1297 1356
f 1338 1323 1357
f 1338 1357 1375
f 1411 1341 1340
f 1394 1324 1379
f 1396 1343 1380
f 1367 1331 1384
f 1371 1370 1422
f 11675 1334 11746
f 1388 1336 1354
f 1355 1373 1389
f 1411 1340 1392
f 1414 10276 1327
f 1416 10296 1363
f 1365 1349 1400
f 1368 1332 1401
f 1403 1351 1350
f 1403 1350 1402
f 1387 1353 1405
f 1388 1354 1406
f 1442 1390 1407
f 1429 1338 1375
f 1443 1358 1376
f 1361 10705 1393
f 1431 1396 1380
f 1417 1365 1400
f 1419 1367 1384
f 1420 1368 1401
f 1425 1372 1424
f 1387 1405 1426
f 1428 1355 1389
f 1428 1389 1427
f 1410 1374 1409
f 1445 1411 1392
f 1458 1394 1379
f 1459 1413 1395
f 1447 10884 1432
f 1398 10893 1434
f 1419 1384 1437
f 10903 11675 1386
f 1425 1424 1439
f 1441 1388 1406
f 1441 1406 1484
f 1410 1409 9717
f 1443 1376 1430
f 1445 1392 1444
f 1447 10305 1414
f 1449 1433 1416
f 9756 1433 1449
f 1417 1400 1451
f 1420 1401 1452
f 1454 1403 1402
f 1454 1402 1453
f 1440 1387 1426
f 1440 1426 1504
f 1531 9717 1489
f 1456 1457 1443
f 1475 1361 1393
f 1511 1461 1431
f 10192 1448 10305
f 10707 1415 9749
f 1465 1417 1451
f 1480 1419 1437
f 1466 1420 1452
f 1470 1425 1439
f 1470 1439 1528
f 1486 1428 1427
f 1486 1427 1472
f 1474 1457 1456
f 1493 1445 1444
f 9756 1449 1516
f 1480 1437 1479
f 9674 1468 1482
f 1485 1441 1484
f 1493 1444 1492
f 1475 1393 1494
f 1496 9640 1495
f 1534 10707 9749
f 1518 1435 1450
f 1465 1451 1498
f 1466 1452 1499
f 1501 1454 1453
f 1501 1453 1500
f 1483 1440 1504
f 1485 1484 1505
f 1544 1491 1490
f 1474 1456 1491
f 1508 1493 1547
f 1509 1475 1494
f 1552 10192 1513
f 1518 1450 1517
f 1478 1436 1464
f 1519 1465 1498
f 1524 1466 1499
f 1524 1499 1523
f 1503 1470 1528
f 1483 1504 1529
f 1507 9782 10918
f 1532 1474 1491
f 1546 1493 1492
f 9789 9384 9643
f 1534 9749 1515
f 1478 1464 1537
f 1503 1528 1542
f 1543 1485 1505
f 1543 1505 1590
f 1558 10918 9570
f 1544 1490 1579
f 1546 1492 1545
f 1533 1509 1494
f 1551 1512 1550
f 1566 1552 1513
f 1582 1534 1515
f 1518 1517 1569
f 1519 1498 1553
f 1555 1501 1500
f 1555 1500 1554
f 1541 1527 11519
f 1557 1483 1529
f 1557 1529 1607
f 10874 1544 1579
f 1648 1547 1546
f 1562 9643 1509
f 1495 1548 1496
f 11527 1548 1564
f 1600 1551 1550
f 10032 1552 1566
f 1582 1515 9750
f 1538 1478 1537
f 1571 1519 1553
f 1574 1524 1523
f 1574 1523 1573
f 1556 1503 1542
f 1556 1542 1629
f 11330 10483 1472
f 9572 1506 1578
f 1580 1532 1559
f 1598 1546 1545
f 1549 1565 1581
f 1538 1537 1584
f 1576 10053 1588
f 1591 1543 1590
f 1593 10548 1592
f 10874 1579 1596
f 1598 1545 1597
f 1600 1550 1599
f 1618 10032 1566
f 1634 1582 9750
f 1570 1518 1569
f 1570 1569 1602
f 1571 1553 1603
f 1605 1555 1554
f 1605 1554 1604
f 1608 1557 1607
f 1591 1590 1609
f 1595 9570 1594
f 1645 1614 10874
f 1580 1559 1614
f 1653 1549 1581
f 1655 1600 1599
f 1633 10032 1618
f 1622 1538 1584
f 1623 1571 1603
f 1625 1574 1573
f 1625 1573 10900
f 1606 1556 1629
f 1608 1607 1630
f 1631 1644 10183
f 10183 1612 1578
f 1646 1580 1614
f 1663 1598 1597
f 1634 9750 1620
f 1622 1584 1637
f 1606 1629 1641
f 1642 1591 1609
f 1642 1609 1694
f 1577 1610 1643
f 1645 1596 1697
f 1663 1597 1646
f 1652 1653 1581
f 1701 1633 1656
f 1620 1619 1688
f 1621 1570 1602
f 1621 1602 10488
f 1623 1603 1657
f 1660 1605 1604
f 1660 1604 1659
f 1693 1608 1630
f 1693 1630 1706
f 211 1613 1709
f 10920 1645 1697
f 1710 1614 1645
f 1664 1615 1647
f 1664 1647 1712
f 1666 1616 1650
f 1699 1654 1652
f 1668 1655 1599
f 1687 1655 1668
f 1689 1634 10919
f 1675 1622 1637
f 1676 1623 1657
f 1678 10755 1638
f 1679 1625 10900
f 1679 10900 11132
f 1662 1606 1641
f 1662 1641 1726
f 1710 1646 1614
f 1751 11101 1698
f 1699 1652 1667
f 1716 1620 1688
f 1675 1637 1674
f 1678 1638 1690
f 1692 1640 1661
f 1695 1642 1694
f 1687 1668 1700
f 1715 1701 1656
f 1716 1688 1702
f 1737 1689 10919
f 1673 1621 10488
f 1676 1657 1703
f 1677 1658 1624
f 1704 1660 1659
f 1704 1659 11554
f 1692 1661 1705
f 1695 1694 1707
f 1773 10920 1697
f 1710 1645 10920
f 1736 1687 1700
f 1777 1701 1715
f 10921 1675 1674
f 10921 1674 1764
f 1718 1676 1703
f 1677 1624 1719
f 1721 1678 1690
f 1722 1679 11132
f 1727 1662 1726
f 1774 1710 10920
f 10017 11739 10613
f 10887 1716 1702
f 1737 10919 1717
f 1721 1690 1739
f 1741 1692 1705
f 1727 1726 1742
f 1744 1695 1707
f 1744 1707 1788
f 1810 1734 10389
f 1762 1736 1735
f 10887 1702 1753
f 1763 1737 1717
f 1764 1674 11464
f 1780 11464 1756
f 1718 1703 1757
f 1720 1677 1719
f 1720 1719 1758
f 1759 1723 11554
f 1743 1693 1706
f 1743 1706 1804
f 1748 1709 1761
f 1774 10920 1806
f 1776 1714 1698
f 1798 1752 1686
f 1781 10921 1764
f 1816 1718 1757
f 1766 1721 1739
f 1771 1727 1742
f 1771 1742 1822
f 1745 11522 1760
f 1793 1748 1761
f 1858 1774 1806
f 1762 1735 1832
f 1777 1715 1762
f 1812 9627 1754
f 1766 1739 1783
f 1789 1744 1788
f 1745 1760 1790
f 1793 1761 11244
f 1833 1777 1762
f 1801 1764 1780
f 1816 1757 1782
f 1765 1720 1758
f 1787 1743 1804
f 1842 1794 1805
f 1801 1780 1814
f 1815 1738 1781
f 1765 1758 10922
f 1818 1766 1783
f 1819 1769 1768
f 1819 1768 11634
f 1823 1771 1822
f 1787 1804 1824
f 1826 1791 1745
f 1827 11377 1792
f 1841 1793 11244
f 1829 1807 1795
f 1844 10017 11711
f 9979 10734 1809
f 1778 1763 1800
f 1850 1813 10193
f 1815 1781 1834
f 1818 1783 1835
f 1837 1786 1803
f 1823 1822 1838
f 1839 1825 11521
f 1826 1790 1840
f 1841 11244 1886
f 1858 1806 1842
f 1845 1797 11235
f 1919 1847 1832
f 1876 1833 1847
f 1834 1801 1814
f 1834 1814 1877
f 1815 1834 1863
f 1864 11814 11797
f 1853 1817 10922
f 1820 1802 1854
f 1837 1803 1855
f 11520 1787 1824
f 11520 1824 1898
f 1827 1792 1856
f 1886 11244 1828
f 1886 1828 1857
f 1873 1831 1830
f 1876 1847 1861
f 1852 10922 11814
f 1868 1823 1838
f 1868 1838 1910
f 1883 1826 1840
f 1870 1886 1857
f 1887 1841 1886
f 1872 1829 1843
f 9734 1844 11810
f 1931 10734 1874
f 1924 1837 1855
f 1899 1839 1869
f 1883 1840 1882
f 1885 1827 1856
f 1890 1845 11235
f 1920 1876 1861
f 1893 1834 1877
f 1852 1864 1894
f 1896 1820 1854
f 1896 1854 1895
f 1924 1855 1897
f 1881 11520 1898
f 1914 1885 1856
f 1887 1886 1870
f 1917 9734 1916
f 1931 1874 1903
f 1893 1877 11715
f 1878 1863 11246
f 1908 11634 11880
f 1908 11880 9790
f 1941 1868 1910
f 1881 1898 1911
f 1899 1869 1912
f 10676 1871 1888
f 2000 1931 1903
f 1982 1921 10889
f 1907 1879 1922
f 1941 1910 1925
f 1927 1899 1912
f 1993 1929 1900
f 10676 1888 1929
f 1903 1917 1962
f 1979 1875 1948
f 1963 1920 1932
f 1950 1905 1934
f 1939 1896 1895
f 1939 1895 1938
f 1924 1897 1969
f 1926 1881 1911
f 1926 1911 1988
f 9730 1901 1978
f 1963 1932 1949
f 1964 11247 1951
f 1966 1894 10054
f 1955 1907 1922
f 1956 1908 9790
f 1941 1925 2011
f 1974 1915 1943
f 1974 1943 1973
f 1964 1982 10889
f 1955 1922 1967
f 1940 10055 1968
f 2045 1927 1942
f 9438 1914 1972
f 1994 10676 1929
f 1998 1962 1961
f 1979 1948 2033
f 2019 1963 1949
f 2038 2005 1953
f 1984 1937 1936
f 1986 1939 1938
f 1986 1938 1985
f 1969 1940 2024
f 1970 1926 1988
f 1989 2045 1942
f 1991 9438 1972
f 1991 1972 1990
f 1994 1976 1977
f 2036 2020 1981
f 2004 1952 1965
f 2006 1954 1953
f 1983 1966 11107
f 1984 1936 2007
f 2008 1955 1967
f 1987 1941 2011
f 1970 1988 2012
f 2027 1974 1973
f 2029 1993 1992
f 2050 1999 2016
f 11319 2035 11678
f 2021 2004 1965
f 2021 1965 2051
f 2006 1953 2005
f 2008 1967 10620
f 1987 2011 2025
f 2068 2019 2018
f 1983 11107 2039
f 10897 1984 2007
f 2041 1986 1985
f 2041 1985 2040
f 2026 1970 2012
f 2026 2012 2059
f 2094 1977 2048
f 11331 11118 2015
f 2082 2049 2031
f 2052 2006 2005
f 10897 2007 2053
f 2043 1987 2025
f 2043 2025 2112
f 2064 2029 2047
f 2080 9724 2030
f 2099 2050 10290
f 2069 2035 10533
f 2102 2103 2051
f 2103 2021 2051
f 2054 10620 2072
f 2076 2045 2044
f 2061 2046 2077
f 2064 2047 2092
f 2080 2081 11331
f 2138 2084 2067
f 2122 2068 2085
f 2102 2051 2036
f 9763 2005 11472
f 9763 11472 2104
f 2053 2088 10897
f 2089 2041 2040
f 2074 2042 2128
f 2075 2026 2059
f 2075 2059 2130
f 2115 2061 2077
f 10306 2078 2091
f 11243 2063 2133
f 2134 2064 2092
f 2094 2048 2093
f 2185 11828 2079
f 2136 2082 2065
f 2099 10290 2098
f 2087 2039 11227
f 2087 11227 11323
f 2106 2054 2072
f 2090 2043 2112
f 2076 2044 2113
f 2115 2077 10006
f 2117 2094 2093
f 2154 10167 2096
f 2155 2097 9642
f 2189 2099 2098
f 2142 2069 2159
f 2143 2102 11776
f 2106 2072 2125
f 2090 2112 2129
f 2150 2076 2113
f 2117 2093 2116
f 2187 2136 2095
f 2137 2154 2096
f 2138 2067 2157
f 2158 2101 2140
f 2123 9763 2104
f 2109 2089 2146
f 2131 2075 2130
f 2131 2130 2178
f 2150 2113 2149
f 2205 2134 10794
f 2155 9642 2171
f 2189 2098 2156
f 2190 2138 2157
f 2145 2105 2163
f 2164 2106 2125
f 2165 2108 9767
f 2148 2090 2129
f 2148 2129 2202
f 9781 10306 2091
f 2183 2133 2169
f 2206 2117 2116
f 2208 2154 2137
f 2209 2155 2171
f 2258 2189 2156
f 2173 2120 10379
f 2211 2158 2140
f 2164 2125 2175
f 2165 9767 2217
f 2177 2128 2147
f 2206 2116 2184
f 2209 2171 9980
f 2190 2157 2172
f 2174 2143 2194
f 2162 2123 2196
f 2248 2145 2163
f 2166 2109 2146
f 2166 2146 2200
f 2177 2147 2201
f 2179 2131 2178
f 2179 2178 2235
f 2180 2150 2149
f 2180 2149 2222
f 2204 9781 2225
f 2183 2169 2238
f 2208 2137 2207
f 2258 2156 2188
f 2243 2190 2172
f 2214 2162 2196
f 2214 2196 2213
f 2199 2163 2144
f 2248 2163 2215
f 2216 2164 2175
f 2218 2165 2217
f 2203 2148 2202
f 2203 2202 2250
f 2181 10006 2151
f 2238 2182 9539
f 2239 2183 2238
f 2253 2205 2152
f 2255 2206 2184
f 2257 2209 9980
f 2262 2174 2194
f 2212 2195 2229
f 2199 2198 2231
f 2216 2175 2232
f 2234 2177 2201
f 2223 2180 2222
f 2243 2172 2259
f 2340 10811 2228
f 2340 2228 2246
f 2263 2212 2229
f 2219 2166 2200
f 2219 2200 2249
f 2234 2201 2290
f 2236 2179 2235
f 2236 2235 2291
f 2223 2222 2276
f 2239 2238 2278
f 2255 2184 2254
f 10491 2241 2240
f 2298 2244 2259
f 2261 2193 2260
f 9958 2263 2229
f 2213 10572 2214
f 2247 2199 2231
f 2247 2231 2267
f 2248 2215 2268
f 2270 2216 2232
f 2271 2218 9768
f 2273 2220 2233
f 2308 2237 2225
f 2278 2238 9539
f 2278 9539 2277
f 2295 2239 2278
f 2310 2253 2252
f 11102 2255 2254
f 2313 2257 10289
f 2297 2258 2188
f 2246 2261 2260
f 2302 2262 2194
f 2320 2266 2287
f 2270 2232 2288
f 2271 9768 2325
f 2273 2233 2289
f 2336 2281 2312
f 2282 2256 11120
f 2314 2258 2297
f 2298 2259 2283
f 2339 2285 2284
f 2315 2286 2339
f 2246 2260 2301
f 2317 2262 2302
f 2269 2248 2268
f 2272 2219 2249
f 2272 2249 2304
f 2306 2236 2291
f 2306 2291 2330
f 2293 2223 2276
f 2293 2276 2331
f 2295 2278 2335
f 11102 2254 2311
f 2314 2297 2338
f 2350 2298 2283
f 2317 2302 2316
f 2318 9958 2341
f 2303 2247 2267
f 2303 2267 2321
f 2269 2268 2322
f 2324 2270 2288
f 2326 2271 2325
f 2328 2273 2289
f 2330 2305 2360
f 2335 2278 2277
f 2335 2277 2334
f 2346 2295 2335
f 2364 2310 2309
f 11225 11102 2311
f 2396 2312 2280
f 2348 2382 2337
f 2366 2313 9981
f 2367 2314 2338
f 2351 2298 2350
f 2339 2284 2383
f 2355 10307 2318
f 2320 2287 2319
f 2324 2288 2343
f 2328 2289 2344
f 2329 2274 11771
f 2329 11771 2359
f 2333 2308 2332
f 2364 2309 9983
f 2396 2280 2347
f 11451 2336 2312
f 2402 2353 2315
f 2369 2317 2316
f 2319 10436 2370
f 2323 2269 2322
f 2358 2327 2304
f 2331 2292 2387
f 2388 2293 2331
f 2362 2307 10908
f 2346 2335 2363
f 11225 2311 2365
f 2368 2351 2350
f 10858 2351 2368
f 2371 2320 2319
f 2356 2303 2321
f 2356 2321 2404
f 2323 2322 2372
f 2374 2324 2343
f 2375 2326 9769
f 2377 2328 2344
f 2361 2330 2360
f 2361 2360 2409
f 2390 2333 2379
f 2363 2335 2334
f 2363 2334 2380
f 2392 2346 2363
f 2414 11225 2365
f 2417 2366 2349
f 2398 2367 2338
f 10858 2368 2400
f 11320 2369 2316
f 2371 2319 2422
f 2424 2343 2373
f 2375 9769 2426
f 2377 2344 2386
f 2378 2329 2359
f 2378 2359 2408
f 2414 2365 2394
f 11452 11451 2396
f 2435 2382 2348
f 2417 2349 2436
f 2399 2367 2398
f 2487 11896 2401
f 2418 10778 10191
f 2419 2369 11320
f 2440 2354 2420
f 2406 2323 2372
f 2407 2376 2357
f 2450 2438 10858
f 2423 2371 2422
f 2405 2356 2404
f 2405 2404 2453
f 2406 2372 2405
f 2424 2374 2343
f 2427 2375 2426
f 2407 2357 2428
f 2429 2377 2386
f 2431 2361 2409
f 2431 2409 2458
f 2387 2345 2432
f 2391 2363 2380
f 2391 2380 2433
f 2444 2392 2391
f 2459 2413 2393
f 2460 2414 2394
f 2502 2399 2437
f 2487 2401 2438
f 2424 2373 2472
f 2429 2386 2442
f 2430 2378 2408
f 2430 2408 2457
f 2410 2387 2432
f 2412 2388 2411
f 2443 10909 2389
f 2390 2379 11072
f 2444 2391 2495
f 2459 2393 2445
f 2460 2394 2446
f 2417 2436 2448
f 2450 2400 2449
f 2467 10534 2403
f 2488 2440 2420
f 2423 2422 2452
f 2456 2407 2428
f 2412 2411 2493
f 2555 2450 2449
f 2487 2438 2464
f 2488 2420 9757
f 2470 2423 2452
f 2454 2405 2453
f 2454 2453 2471
f 2473 2424 2472
f 2475 2427 9770
f 2456 2428 2476
f 2477 2429 2442
f 2479 2431 2458
f 2479 2458 2513
f 2481 2390 11072
f 2495 2391 2433
f 2495 2433 2482
f 2517 2459 2445
f 2518 2460 2446
f 2483 2461 2434
f 2522 2417 2448
f 2486 2502 2437
f 2524 2502 2486
f 10826 2467 2466
f 2475 9770 2528
f 2477 2442 2491
f 2478 2430 2457
f 2478 2457 2512
f 2515 2410 2492
f 2517 2445 2496
f 2518 2446 2497
f 2522 2448 2501
f 2555 2449 2503
f 2538 2487 2464
f 2489 2488 9757
f 2511 2456 2476
f 2515 2492 2514
f 2480 2412 2493
f 2521 2485 2520
f 2524 2486 2523
f 2538 2464 2525
f 10826 2466 2506
f 2508 2470 2507
f 2509 2454 2471
f 2509 2471 9764
f 2510 2455 2527
f 2529 2475 2528
f 2511 2476 2530
f 2531 2477 2491
f 2547 2479 2513
f 2547 2513 2564
f 10924 2495 2482
f 2566 2517 2496
f 2567 2518 2497
f 2484 2550 2498
f 2569 2537 2520
f 2570 2522 2501
f 2554 2524 2523
f 2474 2473 2545
f 2529 2528 2576
f 2531 2491 2546
f 2532 2478 2512
f 2532 2512 2563
f 2548 2515 2514
f 2548 2514 2580
f 2567 2497 2549
f 2570 2501 2553
f 2554 2523 10021
f 2555 2503 11311
f 2585 2538 2525
f 10812 11713 2557
f 2543 2542 2544
f 2558 2508 2507
f 2560 2510 2527
f 2562 2511 2530
f 2614 2519 2535
f 2597 2550 10186
f 2585 2525 2571
f 2558 2507 9987
f 2559 2509 9764
f 2560 2527 2575
f 2561 2474 2545
f 2577 2529 2576
f 2562 2530 2578
f 2579 2531 2546
f 2613 2567 2549
f 2616 2570 2553
f 10022 2640 10021
f 2640 2554 10021
f 2585 2571 2626
f 2619 2662 10799
f 2559 9764 2590
f 2561 2545 2591
f 2579 2546 2592
f 2593 2532 2563
f 2593 2563 2610
f 2547 2564 10757
f 2594 2548 2580
f 2581 2516 2654
f 2613 2549 2596
f 2583 2597 10186
f 2658 2584 2598
f 2615 2569 2599
f 2616 2553 2600
f 2627 2586 10885
f 2589 2541 2588
f 2589 2588 2603
f 9987 2544 2604
f 2605 2558 9987
f 2605 9987 2630
f 2607 2560 2575
f 2577 2576 2608
f 2609 2562 2578
f 2594 2580 2653
f 2641 2601 2617
f 2602 2618 2572
f 2628 2589 2603
f 2606 2559 2590
f 2606 2590 2620
f 2607 2575 2621
f 2631 2561 2591
f 2622 2577 2608
f 2609 2578 2623
f 2624 2579 2592
f 2636 2614 2568
f 2660 2616 2600
f 2688 2640 10022
f 2644 2618 2602
f 2646 2603 11128
f 2630 9987 2604
f 2630 2604 2647
f 2631 2591 2665
f 2624 2592 2632
f 2633 2593 2610
f 2633 2610 2682
f 10905 10056 10057
f 2634 9780 2595
f 2673 2636 2568
f 2658 2598 2637
f 2660 2600 2639
f 2677 2627 2642
f 2644 2602 2643
f 2662 2619 2645
f 2648 2605 2630
f 2650 2607 2621
f 2622 2608 2666
f 2651 2609 2623
f 2671 10905 10057
f 2657 2597 2583
f 2689 2641 2661
f 2648 2630 2678
f 2649 2606 2620
f 2649 2620 2680
f 2650 2621 2664
f 9666 2631 2665
f 2667 2622 2666
f 2651 2623 2668
f 2669 2624 2632
f 2684 2594 2653
f 9778 2654 9706
f 2699 9780 2634
f 2699 2634 2721
f 2672 2656 2701
f 2687 2657 2674
f 2703 2658 2637
f 2704 2659 2638
f 2705 2660 2639
f 2737 2688 10023
f 2692 2644 2643
f 2707 2662 2645
f 2669 2632 2681
f 2684 2653 2683
f 11373 11332 11382
f 2687 2674 10797
f 2705 2639 2758
f 2726 2677 2690
f 2692 2643 2691
f 2693 2646 2708
f 2709 2628 9626
f 10863 2648 2678
f 2695 2650 2664
f 2667 2666 2713
f 2696 2651 2668
f 2732 2671 2652
f 2750 2652 2717
f 2698 9778 9706
f 2698 9706 2697
f 2686 2673 2702
f 2738 2689 2706
f 2707 2645 2727
f 2728 2709 9626
f 2729 2678 2647
f 10863 2679 2648
f 2694 2649 2680
f 2695 2664 2711
f 2730 9666 2712
f 2714 2667 2713
f 2696 2668 2715
f 2716 2669 2681
f 2719 2684 2683
f 2719 2683 2718
f 2698 2697 2752
f 2735 2685 2700
f 2754 2672 2701
f 2757 10878 2704
f 2787 2737 10024
f 2742 2692 2691
f 2759 2707 2727
f 2693 2708 2760
f 2716 2681 2731
f 2717 2670 11856
f 2717 11856 2749
f 2735 2700 2734
f 2754 2701 2736
f 2739 2725 2724
f 2777 2726 2740
f 2742 2691 2741
f 2759 2727 2743
f 2746 2695 2711
f 2714 2713 2765
f 2748 2696 2715
f 11138 2722 2733
f 2734 2700 9716
f 2755 10169 10797
f 2757 2704 11313
f 2788 2738 9741
f 2777 2740 2776
f 2792 2693 2760
f 2794 2761 2710
f 2679 10863 2778
f 2745 2694 10437
f 2746 2711 2763
f 2747 2730 2764
f 2766 2714 2765
f 2748 2715 2767
f 2768 2716 2731
f 9695 2732 2750
f 9695 2750 2769
f 2783 2735 2734
f 2802 2754 2736
f 2785 2755 2803
f 2804 2756 10288
f 2837 2787 10025
f 2775 2725 2739
f 2790 2742 2741
f 2807 2759 2743
f 2779 2679 2778
f 2747 2764 2810
f 2768 2731 2780
f 2781 2717 2749
f 2781 2749 2799
f 2783 2734 2832
f 2802 2736 2784
f 2821 2775 2774
f 2823 2777 2776
f 2790 2741 2789
f 2807 2743 2791
f 2797 2746 2763
f 2766 2765 2811
f 2814 2748 2767
f 2800 2752 2751
f 2801 11138 2733
f 2817 2785 2803
f 2838 2788 10026
f 2839 2792 2808
f 2779 2778 10696
f 2797 2763 2809
f 2798 2747 2810
f 2812 2766 2811
f 2814 2767 2813
f 2800 2751 11709
f 2831 2782 2771
f 2833 2783 2832
f 2846 2802 2784
f 2861 2818 10706
f 2879 2837 2819
f 2821 2774 2820
f 2823 2776 2822
f 2849 2790 2789
f 10423 2807 2791
f 2839 2808 10194
f 2824 10696 2778
f 2824 2762 2840
f 2825 2779 10696
f 2828 2781 2799
f 2815 9695 2769
f 2815 2769 2829
f 2831 2771 2830
f 2846 2784 2834
f 2806 2805 2836
f 2865 2821 2820
f 2867 2823 2822
f 2849 2789 9746
f 2841 2796 2825
f 2812 2811 2852
f 2855 2814 2813
f 2843 2800 11709
f 2844 2831 2830
f 2844 2830 2876
f 2880 2838 10027
f 2884 2839 10194
f 2885 9957 2850
f 2853 2812 2852
f 2855 2813 2854
f 2890 2815 2829
f 2843 11709 2875
f 10040 2877 2832
f 2894 2846 2834
f 2895 2835 2859
f 2897 2806 2836
f 2864 2879 2819
f 2927 2879 2864
f 2867 2822 2866
f 2869 2824 2840
f 2851 2824 2869
f 2870 2841 2825
f 2827 11859 11855
f 11325 2828 2827
f 2857 2858 11112
f 2909 2817 2860
f 2897 2836 2878
f 2882 2867 2866
f 2914 2870 2886
f 2853 2852 2901
f 2874 2938 2875
f 2907 11500 2892
f 2924 2895 2859
f 9646 2909 2860
f 2928 2880 10028
f 2883 9746 2898
f 2930 2884 2868
f 2900 2851 2869
f 2932 2851 2900
f 2934 2841 2870
f 2934 2870 2914
f 2888 2872 2842
f 2903 11109 2873
f 2893 2894 2834
f 2924 2859 2908
f 2948 2897 2878
f 9737 2927 2864
f 2949 2927 9737
f 2882 2866 2912
f 2954 11237 10780
f 2930 2868 10195
f 2921 2907 2892
f 2942 2857 2923
f 2944 2945 9646
f 2948 2878 2926
f 2977 2882 2912
f 2934 2914 2933
f 2935 9991 2887
f 2902 2855 2854
f 2937 2874 2904
f 2921 2892 2939
f 2944 9646 2924
f 2976 2928 2950
f 2952 2898 2951
f 2954 10780 2953
f 2979 2930 10195
f 2915 2888 10650
f 2957 2901 2915
f 11516 2985 2941
f 3036 2945 2944
f 2961 11459 10618
f 2989 2948 2926
f 2994 2952 2951
f 2996 2954 2953
f 9659 2914 2932
f 2959 2903 2958
f 2968 10199 2917
f 2968 2917 3000
f 2983 2936 2904
f 10906 11671 2936
f 2971 2921 2939
f 2986 2942 2923
f 2986 2923 2985
f 2989 2926 2974
f 3022 2977 10380
f 2980 2932 2900
f 2967 2934 2933
f 2967 2933 3010
f 2957 2915 2982
f 2971 2939 3015
f 3036 2944 2987
f 3003 2962 2973
f 2990 2949 3004
f 2991 2976 2950
f 3021 2976 2991
f 2994 2951 2993
f 2996 2953 2995
f 3074 2979 2965
f 3008 2956 2966
f 2997 2957 2982
f 2999 2959 2958
f 3031 11242 2919
f 3035 2987 2943
f 3035 2943 3002
f 3051 2961 2972
f 3038 2989 2974
f 3039 2990 3004
f 3042 2994 2993
f 3024 3043 2995
f 3074 2965 10383
f 3010 9659 3044
f 3026 2935 2981
f 2999 2958 3013
f 3035 3002 3017
f 3038 2974 3019
f 3039 3004 3053
f 3025 2980 3009
f 3025 3009 3056
f 2982 10650 3027
f 2997 2982 3045
f 2998 11636 9771
f 3031 2919 3049
f 10528 10058 3032
f 9725 3035 3017
f 9742 3021 2991
f 3069 3021 9742
f 3042 2993 3041
f 10851 3008 3007
f 3096 3097 3045
f 2998 9771 3046
f 3047 2999 3013
f 3059 3030 3028
f 3059 3028 3080
f 182 183 3033
f 3104 3051 3018
f 3067 11528 3019
f 3089 3039 3053
f 3073 3042 3041
f 3058 3026 11473
f 3062 9582 3048
f 3062 3048 3061
f 3065 3015 10528
f 182 3033 3122
f 10680 11740 3075
f 3077 2998 3046
f 3077 3046 3098
f 3119 3049 3063
f 3064 3049 3119
f 3102 3066 3085
f 3123 9725 3017
f 3090 3069 9742
f 3127 3069 3090
f 9960 3024 3073
f 3093 10851 3007
f 3131 10851 3093
f 3115 3076 3058
f 3080 3047 3079
f 3099 3059 3080
f 3124 3086 3050
f 3124 3050 3103
f 3140 3089 10859
f 3127 3090 3106
f 3142 3073 3041
f 3171 3055 3109
f 3112 3057 11716
f 3114 10680 3075
f 3114 3075 3113
f 3115 3058 3095
f 3077 3098 10286
f 3117 3080 3079
f 3117 3079 3145
f 3099 3080 3117
f 3135 3062 3061
f 3121 3065 3101
f 3143 9658 11716
f 3097 3096 11465
f 3133 3078 10286
f 3147 3100 3118
f 3135 3061 3134
f 3120 3119 9549
f 3121 3101 3148
f 3137 3150 3123
f 3216 3150 3137
f 3165 3124 3103
f 10477 3104 3087
f 3168 3127 3106
f 9961 9960 3129
f 3171 3130 3055
f 3156 3131 3110
f 3112 11716 9658
f 11403 3115 10371
f 3116 3097 11465
f 3118 3099 3146
f 3187 3120 9549
f 3164 3122 3121
f 3151 3165 3103
f 3177 3140 3153
f 3168 3106 3178
f 3180 3142 10585
f 3171 3109 3155
f 3158 3114 3113
f 10371 3115 3144
f 3202 3133 10286
f 3161 3117 3145
f 3174 3118 3146
f 3163 3121 3148
f 3164 3121 3163
f 3158 3113 3172
f 10371 3144 3183
f 3116 11465 3184
f 3160 3133 3202
f 3174 3146 3204
f 9618 3135 3134
f 3163 3148 10182
f 3188 3215 3149
f 3217 3165 3151
f 3220 3168 3178
f 9962 9961 3170
f 3224 3171 3155
f 3181 3156 3110
f 3253 10612 3181
f 3157 9658 3182
f 3159 3116 3184
f 3185 3147 10308
f 9618 3134 3186
f 3212 3164 3163
f 3234 10477 3175
f 3236 3176 3166
f 3220 3178 3193
f 3224 3155 3196
f 3198 3172 3157
f 3199 10371 3183
f 9792 3160 3202
f 3206 10926 3185
f 3209 9618 3186
f 3209 3186 3208
f 3211 3163 10182
f 3217 3151 3190
f 3236 3166 11121
f 3198 3182 3255
f 3199 3183 3241
f 3159 3184 3229
f 3290 9792 3201
f 3207 3206 9705
f 3243 3187 3162
f 3243 3162 3260
f 3244 10182 3210
f 3212 3163 3211
f 3265 3216 3189
f 3265 3189 11515
f 11233 3217 3190
f 3234 3175 10485
f 3269 3220 3193
f 3240 10540 3239
f 9963 9962 3223
f 3228 3200 3173
f 3201 3159 3229
f 3242 3174 3204
f 3242 3204 3203
f 3262 3212 3211
f 3269 3193 3249
f 3256 3198 3255
f 3257 10580 3226
f 3227 3199 3241
f 3258 3291 3203
f 3231 3230 3259
f 3277 3208 9705
f 3278 3209 3208
f 3262 3211 3261
f 3295 3245 3232
f 3282 3263 10171
f 3265 11515 3264
f 3331 11121 3267
f 3275 9762 3274
f 3227 3241 3288
f 3278 3208 3277
f 3243 3260 9538
f 3261 3211 3280
f 3295 3232 3281
f 11139 3314 3264
f 3283 3233 10485
f 3318 3269 3249
f 9964 9963 3271
f 3302 3253 3287
f 3256 3255 10206
f 3290 10758 3289
f 3308 3259 3242
f 3308 3242 3291
f 3293 3231 3259
f 3294 3277 9705
f 3312 3262 3261
f 3332 3285 11099
f 11860 3257 3324
f 3305 3227 3288
f 9792 3290 11389
f 3309 3231 3293
f 3328 3277 3294
f 3311 3261 3280
f 3338 3295 3281
f 3331 3267 3316
f 3305 3288 3325
f 3335 10372 3258
f 11676 3309 3293
f 11676 3293 3327
f 3328 3294 3337
f 3312 3261 3311
f 3363 3318 3298
f 3382 9964 3321
f 3368 3322 3301
f 3356 3312 3311
f 3435 3358 3339
f 3378 3331 3316
f 3379 3332 3343
f 3363 3298 3344
f 3368 3301 3347
f 11735 11860 3324
f 3351 3305 3325
f 3355 3311 10358
f 3356 3311 3355
f 3386 3338 3416
f 11594 11139 11117
f 3378 3316 3361
f 3368 3347 3369
f 3351 3325 3371
f 3355 10358 3374
f 3404 3363 3344
f 3406 3365 10643
f 3394 3372 10489
f 10647 3326 3352
f 3327 3292 11630
f 3396 3373 3337
f 3373 3353 3328
f 3399 3356 3355
f 3419 3378 3361
f 3393 3351 3371
f 9793 3430 11630
f 3396 3337 3336
f 3398 3355 3374
f 3419 3361 3478
f 3408 3369 3383
f 3393 3371 10176
f 3384 3394 3427
f 3470 10059 3430
f 3396 3336 3413
f 3398 3374 3415
f 3399 3355 3398
f 10014 3454 11117
f 3455 3375 3417
f 3490 3436 3401
f 3421 3404 3344
f 3463 3406 9747
f 3518 3408 3407
f 3441 3391 3425
f 3448 3397 3385
f 3448 3385 3433
f 3451 3399 3398
f 3480 3459 3437
f 3441 3425 3440
f 3443 10614 11728
f 10176 11130 3426
f 3465 3393 10176
f 3412 3429 3446
f 3431 3396 3413
f 3431 3413 3488
f 3354 3414 10287
f 3450 3398 3415
f 3451 3398 3450
f 11309 3441 3440
f 3498 3465 10176
f 3468 3412 3446
f 3468 3446 3502
f 3450 3415 3471
f 3509 3452 3473
f 3474 3454 10014
f 3475 3454 3474
f 3511 3455 3417
f 3477 3490 3456
f 3514 3460 3481
f 3483 3463 9747
f 3517 3463 3483
f 3443 11728 3487
f 3428 3427 3466
f 3428 3466 3524
f 9596 3431 3488
f 3503 3448 3433
f 3503 3433 3529
f 3506 3451 3450
f 3531 3472 3507
f 3531 3507 3508
f 3534 3478 3458
f 3536 3480 3535
f 3464 3443 3487
f 3497 3444 3464
f 3498 10176 3426
f 3505 3450 3471
f 3509 3510 3452
f 3534 3458 10020
f 3556 11309 11474
f 3464 3487 3520
f 3498 3426 3522
f 3499 3465 3498
f 3500 10493 3445
f 3547 3468 3502
f 10866 3469 9773
f 9596 3488 3526
f 3505 3471 3530
f 3506 3450 3505
f 3563 3510 3509
f 3563 3509 3532
f 3582 3475 3489
f 3533 3564 3476
f 3569 3514 3492
f 3571 3517 3538
f 3544 3499 3543
f 3545 3500 3544
f 9994 3501 3524
f 9994 3524 3545
f 3525 3467 3501
f 3547 3502 3546
f 10866 9773 10207
f 3548 3503 3529
f 3562 3506 3505
f 10862 3531 3508
f 3582 3489 3550
f 3584 3534 10020
f 3585 3536 3554
f 3521 3464 3520
f 3557 3497 3521
f 3560 9596 3526
f 3560 3526 10000
f 3580 3529 3528
f 3616 3505 3530
f 3584 10020 3567
f 3605 3556 11474
f 3521 3520 3609
f 3523 3498 3522
f 3523 3522 3575
f 3577 3547 3546
f 3559 10866 10207
f 3594 3559 10207
f 3578 11241 10866
f 3618 3563 3532
f 3673 3582 3550
f 3583 3477 3565
f 3624 3569 3586
f 3643 3627 3588
f 3576 3544 3543
f 3633 3543 10038
f 3592 3545 3544
f 3558 3525 10433
f 3577 3546 11140
f 3614 3580 3579
f 3618 3532 11141
f 3641 3585 3601
f 3627 3571 3588
f 3605 11474 3573
f 3574 3521 3609
f 3633 3576 3543
f 3664 3558 10433
f 9998 3559 3594
f 3613 3560 10000
f 10617 3618 11141
f 9633 10542 3626
f 3628 3629 3591
f 3658 3605 3604
f 3574 3609 3630
f 10038 3523 3575
f 10038 3575 3632
f 10538 3577 11140
f 3671 3696 11141
f 3638 3583 3620
f 3677 3624 3602
f 3634 3592 3662
f 3635 3595 3646
f 3684 3614 3648
f 3670 3651 3637
f 3687 3640 11248
f 11298 3641 3601
f 3658 3604 3657
f 3631 3574 3630
f 3631 3630 3659
f 3660 9657 3631
f 3610 10038 3632
f 3610 3632 3661
f 3680 3633 3610
f 3667 3616 3636
f 3668 3617 3667
f 3670 3637 3650
f 3696 3672 10617
f 11248 3622 3698
f 9634 10542 9633
f 3702 3658 3657
f 3682 3635 3646
f 10929 3667 11411
f 3685 3638 3674
f 3717 10164 11207
f 3680 3610 3704
f 3682 3646 3691
f 3683 3647 3692
f 3693 3694 3684
f 10835 3668 3667
f 3679 3631 3659
f 3679 3659 3745
f 3703 3660 3679
f 3704 3610 3661
f 3705 3634 3662
f 9557 3664 3612
f 3721 3683 3692
f 3670 3650 3754
f 10060 3672 3710
f 3741 3715 9634
f 3704 3661 3731
f 3681 3680 3732
f 3707 3665 9481
f 11134 3666 9461
f 3719 3682 3691
f 3719 3691 3718
f 3721 3692 3720
f 3790 3685 3712
f 3761 3714 10429
f 3703 3679 3730
f 3734 3707 9481
f 3743 3702 10931
f 3746 3703 3730
f 3747 3704 3731
f 3766 3705 3733
f 3746 3730 3765
f 3768 3719 3718
f 3721 3720 9704
f 3822 3771 3770
f 3837 3790 3758
f 3774 10166 10429
f 3811 10166 3774
f 3779 10931 3764
f 3769 9548 3721
f 3765 3745 10208
f 3797 3746 3765
f 3816 3747 3780
f 3801 11142 3734
f 9997 3751 3802
f 10652 3769 9704
f 3803 3752 3782
f 3797 3765 3815
f 9794 3768 3834
f 10652 9704 3819
f 3835 3783 3820
f 10490 3804 3784
f 3827 10619 3826
f 3833 3799 10898
f 3799 3817 10898
f 3803 3782 9605
f 10736 3821 11529
f 3866 3824 3838
f 3855 3812 3854
f 3815 3765 3814
f 3815 3814 3844
f 3848 10652 3819
f 3848 3819 3847
f 3849 3803 9605
f 10490 3784 9795
f 3866 3838 11502
f 11628 3853 10293
f 3879 10062 3891
f 3847 9794 3907
f 3860 3835 3820
f 3881 10490 9795
f 3881 9795 3860
f 10736 11529 3862
f 3882 3787 10736
f 3869 3826 3868
f 3903 3855 3854
f 3880 9550 10652
f 3915 3866 11502
f 3903 3854 3885
f 11105 3815 3844
f 11105 3844 3889
f 3845 3890 3833
f 3799 3833 3890
f 3846 3817 3858
f 3893 3879 3892
f 3954 3882 3953
f 3915 11502 3899
f 3875 3857 3905
f 3876 3799 3890
f 3876 3890 3943
f 3926 3846 3858
f 3927 3859 3846
f 3891 10061 3906
f 3951 3881 3910
f 3960 3903 3885
f 3926 3858 3925
f 3908 3847 3907
f 3930 9537 11143
f 3909 3910 3895
f 11312 3915 3899
f 3959 3900 3958
f 3960 3885 3937
f 3941 11105 3889
f 3941 3889 3940
f 9328 3876 3943
f 3945 3891 3906
f 3945 3906 3944
f 3946 3893 3892
f 3948 3931 3930
f 3949 9713 3931
f 11312 3899 3957
f 4005 3917 3987
f 9328 3943 3979
f 4012 3926 3925
f 3927 3928 3859
f 3949 3931 3948
f 3950 3910 3909
f 3950 3909 3966
f 3982 3932 3881
f 3982 3881 3951
f 4006 3959 3958
f 4010 3960 3937
f 3946 3892 3980
f 10265 3947 3981
f 4021 3970 4003
f 4023 11312 3957
f 4006 3958 3988
f 4010 3937 3991
f 4026 9975 3920
f 3996 11816 3995
f 3942 10284 4030
f 10158 4012 3925
f 3997 3945 3944
f 3997 3944 9996
f 3998 3946 3980
f 9604 3964 3963
f 4016 3948 3965
f 4017 3949 3948
f 3982 3951 4043
f 4022 3956 4004
f 3973 4082 11769
f 4052 4009 3990
f 9996 10624 4013
f 4016 3965 4015
f 4033 3950 3966
f 4019 3967 4018
f 4049 4006 3988
f 4053 4010 3991
f 4030 10284 4039
f 4032 4016 4015
f 4065 4019 4018
f 4068 4021 4047
f 4080 4022 4004
f 4052 3990 4036
f 4053 3991 4102
f 10064 3996 3995
f 4040 3997 9996
f 4041 3998 10933
f 4111 4016 4032
f 4078 11113 4001
f 4080 4004 4048
f 4101 4052 4036
f 10064 3995 4055
f 4060 4040 9996
f 4014 4040 4061
f 4065 4018 10063
f 4078 4001 9721
f 4094 4047 4046
f 10678 4098 3988
f 4082 3973 4051
f 4075 9589 4074
f 4060 4013 4075
f 4122 4062 4076
f 4088 10932 4063
f 10653 11466 4064
f 4094 4046 3985
f 4114 4068 4067
f 4101 4036 4083
f 4118 4070 4054
f 4105 10064 11463
f 4087 4039 10895
f 4121 4075 4074
f 4139 4041 4014
f 4125 4078 9721
f 4115 9735 4097
f 4069 4129 4051
f 4151 4101 4083
f 4087 10895 4106
f 4107 4073 11833
f 4109 4060 4075
f 4122 4076 4110
f 11413 10653 11412
f 4090 4089 10779
f 4125 9721 4112
f 4147 4094 10583
f 4131 4102 4084
f 4118 4054 4117
f 4156 4072 4135
f 4120 4073 4107
f 4121 4074 4136
f 4109 4075 4121
f 4123 4111 4032
f 4164 4126 4048
f 4165 4115 4097
f 4165 4097 4127
f 4151 4083 4130
f 4135 4087 4106
f 4120 4107 10175
f 4158 4111 4123
f 4158 4123 10065
f 4090 10779 4159
f 4174 4125 4112
f 4222 4151 4130
f 10899 4108 9993
f 4157 4109 4121
f 4174 4112 4160
f 4175 4147 9726
f 11702 4096 11809
f 4189 4149 4166
f 4190 4099 4128
f 4192 4152 4131
f 4169 4117 4168
f 4137 4121 4136
f 4140 4110 10934
f 4142 11413 11890
f 4172 4124 4143
f 4175 9726 4163
f 4205 4165 4127
f 4205 4127 11707
f 4190 4128 4239
f 4222 4130 4177
f 4192 4131 4178
f 4211 4169 4168
f 4213 11334 4170
f 4171 4120 10175
f 4171 10175 10174
f 4137 4136 4182
f 4197 4140 10934
f 4185 4142 11890
f 11547 4174 4160
f 4218 4175 4163
f 4255 4164 9733
f 4171 10174 9665
f 4182 10899 9667
f 4199 10065 4230
f 4185 11890 4199
f 4186 4159 4142
f 4186 4142 4200
f 11547 4160 4203
f 4220 4167 4208
f 4242 4192 4178
f 4211 4168 4210
f 4212 4170 4194
f 10481 4156 9988
f 4197 10934 10178
f 9491 4186 4200
f 10870 4143 4201
f 4251 4202 4216
f 4236 4205 11707
f 4236 11707 10368
f 4237 4189 4166
f 4242 4178 4223
f 4214 4181 9665
f 4227 4182 9667
f 4228 4137 4182
f 4228 4182 4227
f 4249 4197 10178
f 4231 4185 4215
f 4267 11547 4203
f 4221 4220 4208
f 11079 4196 4261
f 4227 9667 4247
f 4231 4215 4250
f 4267 4203 4252
f 4282 4236 10368
f 4283 4237 9738
f 4221 4208 4257
f 4289 11511 4224
f 11216 4212 4260
f 4246 4214 9665
f 4249 10178 4263
f 4264 4229 4198
f 4300 9715 9491
f 4277 10870 9715
f 159 160 11679
f 4265 4251 4216
f 4301 4251 4265
f 11710 4254 4204
f 4303 4254 11710
f 4283 9738 4268
f 4273 10554 10700
f 10867 4249 4263
f 10004 11660 4298
f 4275 4231 4250
f 4300 9491 4276
f 4364 4267 4252
f 4271 4226 4291
f 4272 11079 4261
f 4272 4261 4322
f 4293 4246 4292
f 11108 4262 4296
f 4275 4250 4299
f 4302 4333 4253
f 4284 4283 4268
f 4338 4286 4269
f 4318 10813 4307
f 4319 4289 4270
f 4273 10700 9672
f 10004 4298 4312
f 4349 4300 4276
f 4330 4277 4300
f 9719 4301 4265
f 4352 4301 9719
f 4314 4303 11710
f 11251 4303 4314
f 4305 4282 4317
f 4284 4268 4306
f 4322 4271 10037
f 4292 4311 4323
f 4324 11108 4296
f 4297 4248 11108
f 4326 4273 9672
f 4327 4274 4326
f 4349 4276 4329
f 11210 4253 4333
f 11251 4314 4335
f 4337 4284 4306
f 4311 4272 10480
f 4345 4292 4323
f 4389 4293 4345
f 4346 4324 4296
f 10311 4324 4346
f 4325 4297 4324
f 4348 10867 4327
f 4330 4300 4349
f 4364 4252 4353
f 4376 11210 4333
f 4380 4305 4317
f 4337 4306 4356
f 9636 4338 4269
f 9636 4269 4357
f 4366 4318 4384
f 4325 4324 10311
f 4392 4349 4329
f 4393 4362 4351
f 4375 4352 9719
f 4364 4353 11885
f 4379 4355 4336
f 4380 4317 4365
f 4383 11445 11124
f 4367 4360 4359
f 4368 4325 10311
f 4369 4326 4361
f 10904 4327 4326
f 4370 4348 4347
f 4371 10209 9575
f 4390 4391 4299
f 4392 4329 4373
f 4351 4330 4350
f 4376 4333 9723
f 10037 4387 10172
f 4395 4345 4323
f 4390 4299 4372
f 101 4375 11796
f 105 4376 9723
f 112 4380 4365
f 112 4365 111
f 114 4337 4356
f 114 4356 113
f 116 9636 4357
f 116 4357 115
f 118 4382 4381
f 119 4382 118
f 121 4383 11124
f 121 11124 120
f 123 4366 4384
f 130 4367 4359
f 134 10172 133
f 4395 4323 4394
f 142 4368 10311
f 144 4369 4361
f 153 4392 4373
f 4393 4351 156
f 4708 4699 11862
f 4768 4723 4767
f 4850 4893 4904
f 4904 4893 4948
f 4904 4948 10783
f 5072 5159 5177
f 5229 5249 5269
f 5295 5269 5314
f 5295 5314 5391
f 5295 5391 5390
f 5541 5562 10847
f 5610 5562 5667
f 5610 5667 5687
f 5687 5667 5711
f 5687 5711 5735
f 5735 5711 5774
f 5735 5774 5761
f 5761 5774 5809
f 5761 5809 5825
f 5825 5809 5844
f 5825 5844 5876
f 5961 5982 11415
f 6054 11415 6102
f 4697 4399 4696
f 4697 4696 4735
f 4697 4735 4722
f 4790 4722 4766
f 4835 4790 4807
f 4860 4835 4878
f 4916 4860 4903
f 10609 4916 4931
f 5054 4992 5020
f 5561 5529 5594
f 4722 4735 4766
f 4790 4766 4807
f 4835 4807 4878
f 4860 4878 4903
f 4916 4903 4931
f 10609 4931 4992
f 5054 5020 5071
f 5134 5071 10935
f 5116 5134 5200
f 5360 5392 5375
f 5529 5493 5542
f 5594 5578 5609
f 5594 5609 5643
f 5643 5609 5688
f 5643 5688 5676
f 5676 5688 5734
f 5676 5734 5745
f 5745 5734 5760
f 5745 5760 5792
f 5792 5760 5824
f 5792 5824 5860
f 5886 5860 5875
f 5886 5875 5927
f 5960 6010 6056
f 6056 6010 6086
f 6056 6086 6087
f 6163 6120 6162
f 6163 6162 6207
f 6207 6218 6235
f 4399 4400 4696
f 4903 4878 11680
f 4931 4903 4930
f 4992 4931 5003
f 5200 5231 5248
f 5248 5282 5316
f 5375 5392 5429
f 5375 5429 5458
f 4696 4683 4735
f 4766 4834 4807
f 4903 11680 4930
f 4931 4930 5003
f 4992 5003 5020
f 5134 10935 5199
f 5248 5231 5282
f 5316 5282 5294
f 5493 5458 5542
f 5860 5824 5875
f 4696 4400 4683
f 4807 4834 4879
f 4930 4966 5003
f 5282 5231 5247
f 5360 5294 5392
f 5392 5393 5429
f 5458 5429 5475
f 5458 5475 5512
f 5458 5512 5542
f 5578 5542 5528
f 5609 5629 5665
f 5609 5665 5688
f 5688 5665 5709
f 5688 5709 5734
f 5734 5709 5776
f 5734 5776 5760
f 5760 5776 5807
f 5760 5807 5824
f 5824 5807 5842
f 5824 5842 5875
f 5875 5842 5913
f 5875 5913 5927
f 5927 5913 5946
f 5927 5946 5960
f 5960 5946 6010
f 6010 5981 6086
f 6120 9316 6162
f 6207 6162 6206
f 4683 4765 4735
f 4834 4765 4753
f 4878 4807 4879
f 5003 4966 5033
f 5003 5033 5020
f 5231 5199 5247
f 5429 5393 5475
f 9316 9880 6162
f 4683 4401 4706
f 4683 4706 4765
f 5020 5033 5070
f 10935 11820 5176
f 10935 5176 5199
f 5199 5176 5216
f 5199 5216 5247
f 5282 5247 5317
f 5282 5317 5294
f 5294 5317 5359
f 5542 5512 5528
f 5665 5593 5664
f 5807 5861 5842
f 5842 5861 5885
f 5842 5885 5913
f 5913 5885 5899
f 5946 5913 5899
f 6010 5946 5959
f 4706 4401 4402
f 4409 4410 11252
f 11820 5069 5176
f 10089 4412 4413
f 4785 4762 4800
f 4785 4800 4801
f 4801 4800 4881
f 4857 4801 4881
f 4857 4881 4901
f 5333 5280 5332
f 5333 5332 10210
f 5372 5333 10210
f 5372 10210 5441
f 5442 5372 5441
f 5442 5441 5489
f 5490 5442 5489
f 5490 5489 5525
f 5640 5592 10211
f 11058 5673 5742
f 11058 5742 5787
f 6159 6158 9798
f 4762 4740 4832
f 4762 4832 4800
f 4800 4846 4881
f 4881 4846 4886
f 4881 4886 4901
f 4901 4886 4952
f 4901 4952 4924
f 4924 4952 4974
f 4924 4974 5007
f 5007 4974 11817
f 5028 11817 5093
f 5028 5093 5064
f 5064 5093 5112
f 5064 5112 5150
f 5150 5112 5154
f 5150 5154 5174
f 5174 5154 5233
f 5174 5233 5211
f 5211 5233 5263
f 5211 5263 5280
f 5441 10069 5454
f 5441 5454 5489
f 5489 5454 5550
f 5489 5550 5525
f 5525 5550 5572
f 5525 5572 5592
f 5592 5572 10211
f 5673 5694 5728
f 5673 5728 5742
f 5742 5728 5755
f 5742 5755 5787
f 5787 5755 5820
f 5787 5820 5865
f 5865 5820 5873
f 5865 5873 5883
f 5883 5873 5896
f 5883 5896 5924
f 5924 5896 5955
f 5924 5955 9513
f 9513 5955 6005
f 9513 6005 6021
f 6021 6005 6037
f 6021 6037 6068
f 6068 6037 6100
f 6159 9798 9420
f 6255 9420 6229
f 4800 4832 4846
f 4692 4702 4740
f 4740 4702 4749
f 4740 4749 4832
f 4832 4749 4824
f 4846 4885 4886
f 4886 4885 4953
f 4886 4953 4952
f 4952 4953 4973
f 4952 4973 4974
f 4974 4973 5012
f 4974 5012 5013
f 5013 5111 5093
f 5093 5111 5112
f 5112 5111 11416
f 5112 11416 5154
f 5154 11416 5234
f 5154 5234 5233
f 5233 5234 5262
f 5233 5262 5263
f 5263 5262 5290
f 5263 5290 5332
f 10210 5399 10069
f 5454 5551 5550
f 5550 5551 5571
f 5550 5571 5572
f 5572 5571 5605
f 5572 5605 10211
f 5728 5727 5755
f 5755 5727 5819
f 5755 5819 5820
f 5820 5819 5872
f 5820 5872 5873
f 5873 5872 5895
f 5873 5895 5896
f 5896 5895 5954
f 5896 5954 5955
f 5955 5954 6004
f 5955 6004 6005
f 6005 6004 6036
f 6005 6036 6037
f 4832 4824 4846
f 4702 11877 4749
f 4749 11877 11344
f 4749 11344 4824
f 4846 4824 4885
f 5111 5063 11416
f 5262 10088 5290
f 5290 10088 5353
f 5454 5481 5551
f 5571 5508 5605
f 5819 5837 5872
f 5872 5837 5895
f 5954 5941 6004
f 6004 6060 6036
f 6036 6060 6081
f 6100 6037 6113
f 6100 6113 6139
f 6139 6113 6195
f 6174 6195 9515
f 11416 5127 5234
f 5399 5352 10069
f 5954 5895 5941
f 6174 9515 6217
f 4783 4716 4782
f 4783 4782 4831
f 5009 10687 4960
f 10557 5009 4988
f 10557 4988 5049
f 5099 10557 5049
f 5099 5098 10212
f 5191 10212 5190
f 5191 5190 5239
f 5240 5191 5239
f 5240 5239 5349
f 5324 5240 5349
f 5350 5324 5349
f 5634 5570 5635
f 10838 9494 5975
f 6112 6078 6111
f 6112 6111 6197
f 6196 6112 6197
f 4691 4420 4421
f 4716 4742 4782
f 4960 4922 5010
f 4988 5010 5026
f 4988 5026 5049
f 5049 5026 10312
f 5190 5209 5239
f 5239 5209 5278
f 5239 5278 5349
f 5635 5590 5637
f 5635 5637 5634
f 5870 9546 5919
f 5975 6034 6062
f 6062 6034 10937
f 6078 6062 10937
f 6078 10937 6111
f 6196 6197 11144
f 4782 11335 4831
f 4831 11335 11253
f 5190 5151 5209
f 5209 5189 11639
f 5349 5288 5350
f 10836 5553 5590
f 5590 5589 5637
f 5637 5589 5655
f 5637 5655 5656
f 9494 5974 5975
f 6111 6137 6197
f 6197 9330 6199
f 4690 4747 4742
f 4742 4747 10588
f 11253 4882 4922
f 5010 4987 5026
f 5026 4987 5048
f 5026 5048 10312
f 10312 5048 5097
f 5553 5488 9329
f 5590 9329 5589
f 4690 4743 4747
f 4882 4912 4922
f 4922 4912 4959
f 4922 4959 5010
f 5010 4959 4987
f 5189 5172 5238
f 5278 11639 5289
f 5289 5325 5288
f 4882 10447 4912
f 4743 4423 4677
f 4743 4677 10938
f 4912 4921 4959
f 4959 4921 4958
f 4959 4958 4987
f 4987 4958 9388
f 4987 9388 5048
f 5238 5208 9506
f 5289 9506 5325
f 4677 4423 4424
f 4430 11255 11254
f 4920 4972 4986
f 9440 5123 5124
f 5124 5123 5188
f 5171 5124 5188
f 9506 5287 5325
f 4432 4433 9800
f 11215 4432 9800
f 4434 4435 5045
f 5153 5170 5237
f 9873 5153 5277
f 5504 5503 5524
f 11165 5326 5329
f 11165 5329 5402
f 5402 5485 5405
f 5405 5485 5439
f 5405 5439 5369
f 5369 5439 5450
f 5524 5588 5505
f 4437 4438 5187
f 5326 11088 5329
f 5329 5404 5402
f 5402 5404 5485
f 5503 9335 5524
f 5505 5588 5603
f 5328 4440 4441
f 5328 4441 10270
f 5423 5486 5438
f 5438 5486 9802
f 5487 5523 5554
f 5554 5523 5569
f 5554 5569 5556
f 5423 10270 5422
f 10270 4441 4442
f 5422 4442 4443
f 5422 4443 5486
f 4443 4444 5486
f 5486 4444 5555
f 5636 5698 5697
f 5697 5740 5723
f 5697 5698 5740
f 9441 5723 5752
f 5601 4447 5652
f 5672 5722 5739
f 5672 4448 4449
f 4450 4451 5784
f 5784 4451 5833
f 5784 5833 5882
f 4451 4452 5833
f 5881 5833 4453
f 4453 4454 5923
f 6001 4455 10472
f 10472 4455 4456
f 6215 6275 6216
f 6272 6216 6275
f 6096 4457 9332
f 9332 4457 4458
f 4461 4462 6293
f 6293 4462 6394
f 8415 8447 8501
f 8501 9599 8502
f 8502 9599 8532
f 8502 8532 8521
f 8521 8532 8586
f 8521 8586 8567
f 8567 8586 8632
f 6433 6516 11337
f 4462 4463 6394
f 6394 4463 9804
f 7100 7101 7121
f 7100 7121 7122
f 7122 7121 7184
f 7122 7184 7183
f 7183 7184 7200
f 7183 7200 7201
f 7201 7200 7259
f 7201 7259 7258
f 7629 7662 7663
f 7987 8035 8054
f 7987 8054 7969
f 7969 8054 8092
f 8624 8587 9805
f 9804 4463 4464
f 8500 8543 9599
f 8204 8242 8254
f 8500 11018 8544
f 6464 4465 11564
f 7725 7708 7740
f 8242 8203 8253
f 8242 8253 8254
f 8254 8253 8338
f 11018 8446 9806
f 8605 8543 8623
f 7260 7318 7288
f 7317 11096 7339
f 7469 7444 7497
f 7918 7881 7951
f 8500 8544 8543
f 8543 8544 8566
f 6597 4466 4467
f 6693 6726 6738
f 7374 7373 7417
f 7374 7417 7443
f 7707 7738 7739
f 7739 11023 7836
f 7836 7866 7780
f 7780 7866 7919
f 7967 8032 8033
f 8033 8032 8051
f 8033 8051 8052
f 8286 8243 8285
f 8287 8390 9807
f 8338 9807 8389
f 8481 10720 8469
f 8469 10720 9621
f 8469 9621 8499
f 8663 4534 4535
f 6894 6893 9808
f 7119 7118 7188
f 7119 7188 10074
f 7372 7464 11022
f 11022 7464 7467
f 7467 7532 7468
f 7541 7531 7577
f 7578 7577 7625
f 7578 7625 7641
f 7641 7625 7658
f 7641 7658 7659
f 7989 8017 7966
f 7966 8017 8089
f 7966 8089 8049
f 8121 8120 8201
f 8122 8223 8224
f 8337 8324 8392
f 8337 8392 8391
f 8391 8392 8443
f 8663 9910 4534
f 6793 4473 4474
f 6793 4474 11489
f 8159 8158 8222
f 6950 6951 7008
f 7408 7535 7483
f 7483 7535 7534
f 7483 7534 7533
f 7533 7534 7540
f 7533 7540 11803
f 7779 7704 10943
f 8048 11824 8143
f 8159 8222 8245
f 8245 8222 8282
f 8393 8484 8483
f 8483 8484 8497
f 8637 8621 4532
f 8637 4532 9814
f 6919 4475 4476
f 6919 4476 4477
f 6919 4477 6991
f 8467 8485 8411
f 8518 8467 8549
f 8638 8581 8649
f 7043 7070 7104
f 7104 7070 7105
f 11357 8368 8427
f 8411 11357 8486
f 8467 8411 10944
f 8467 10944 8549
f 8518 8549 8601
f 8581 8639 8649
f 7043 7042 7070
f 7186 7198 7261
f 7186 7261 7213
f 7539 7536 7573
f 7539 7573 7575
f 7539 7575 7576
f 7576 7575 7623
f 7576 7623 7624
f 7624 7623 7655
f 7931 7992 7991
f 7991 7992 8014
f 7991 8014 8031
f 8080 8031 8088
f 8080 8088 8103
f 8080 8103 8104
f 8104 8157 8119
f 8119 8157 8174
f 8119 8174 8175
f 8175 8174 8221
f 8175 8221 11892
f 8518 8601 8639
f 8638 4529 4530
f 4478 7042 9465
f 8561 8551 8580
f 8618 8601 8647
f 4479 4480 7135
f 7135 4480 7185
f 8561 8580 8646
f 4527 8618 4526
f 7700 7722 7737
f 7700 7737 7770
f 7770 7737 7839
f 7770 7839 7778
f 7778 7839 11222
f 7930 7923 7929
f 7930 7929 7964
f 7930 7964 10763
f 8013 8012 8046
f 8047 8046 11863
f 8200 8250 8251
f 8251 8250 8277
f 8251 8277 8278
f 8278 8277 8351
f 8278 8351 11025
f 8561 8646 11179
f 11179 8646 8647
f 8647 8646 4525
f 8618 8647 4526
f 7336 7355 7407
f 7440 7509 10625
f 8465 8515 8516
f 8516 8515 8529
f 8516 8529 8551
f 8551 8529 8579
f 7185 4481 4482
f 8645 4524 4525
f 7368 9442 7406
f 7368 7406 7466
f 7682 7640 11257
f 7682 11257 7771
f 7771 11257 7776
f 7771 7776 10668
f 10668 7776 7840
f 8087 8145 8144
f 8144 8145 8155
f 8144 8155 8156
f 8156 8155 8198
f 8199 8198 8276
f 8326 8276 8331
f 8326 8331 8332
f 10314 8426 10601
f 10601 8426 8487
f 11654 8559 8560
f 8579 10442 8662
f 10571 11437 7354
f 7335 7354 7405
f 7335 7405 9442
f 8514 8559 11654
f 8662 4523 4524
f 4483 4484 7405
f 7604 7621 7654
f 7946 11576 11027
f 7946 7961 7947
f 7947 7961 11640
f 8045 8101 8102
f 8102 8101 8118
f 8145 8118 8173
f 8145 8173 8197
f 8197 8173 8220
f 8197 8220 8261
f 8197 8261 8275
f 8275 8261 8301
f 8275 8301 8302
f 8350 8396 8440
f 8513 8527 8528
f 7405 4484 7367
f 9527 7481 7482
f 7621 10532 10460
f 7367 4485 7481
f 4486 4487 7537
f 7537 4487 7572
f 7537 7572 7603
f 7928 7993 8009
f 11028 8117 8146
f 8146 8117 9810
f 8154 9810 8219
f 8154 8219 8249
f 8249 8219 8300
f 8220 8249 8274
f 8397 8398 8408
f 8397 8408 8424
f 8424 8408 8439
f 8424 8439 8489
f 8489 8439 8552
f 8488 8489 8463
f 4519 8615 4518
f 8615 10222 4518
f 7620 9510 4488
f 4488 4489 11359
f 11359 4489 10524
f 10222 8661 4517
f 8086 10221 8116
f 8116 8248 10315
f 8247 8248 8258
f 8493 8553 8552
f 8552 8553 8576
f 8576 8641 8640
f 4517 8661 4516
f 8082 8007 8150
f 7960 7944 7959
f 11029 7960 8007
f 11693 8217 10220
f 8327 10946 8405
f 8327 8405 11030
f 11030 8405 8399
f 8399 8405 8437
f 8399 8437 8460
f 8461 8574 8511
f 8511 8574 8575
f 8511 8575 10947
f 10947 8575 8660
f 8644 4513 8660
f 8660 4513 4514
f 8644 8643 4512
f 8644 4512 4513
f 8084 8153 8085
f 8151 8085 8153
f 8492 8491 8558
f 8083 4494 4495
f 8084 4494 8083
f 8152 4496 8194
f 8643 8659 4511
f 8557 11062 8596
f 8596 11062 8597
f 4496 4497 8194
f 8194 4497 8329
f 8329 4497 4498
f 10219 4508 4509
f 8329 4498 11031
f 8434 8403 8458
f 8434 8458 8459
f 8459 8458 9813
f 8459 9813 8510
f 4498 4499 11031
f 11031 4499 8420
f 8433 4500 4501
f 8555 8524 8595
f 8555 8595 8556
f 8556 8613 9811
f 8658 9811 9812
f 4505 9812 9811
f 4505 9811 8613
f 4506 8614 8658
f 9811 8658 8525
f 8556 8525 9813
f 4509 4510 8597
f 11029 7945 7960
f 4490 7805 7773
f 8640 8661 8577
f 8640 8577 8576
f 8576 8577 8552
f 10077 8438 8462
f 8462 8438 8407
f 10692 8407 8398
f 8406 11604 10692
f 8406 10692 8349
f 8349 10692 8300
f 8349 8300 8260
f 8349 8260 8259
f 8259 8260 8218
f 8258 8218 8247
f 8259 8218 8258
f 8248 8247 10315
f 8116 10315 8147
f 8116 8147 8086
f 8042 8008 8081
f 8030 8081 7994
f 4517 4518 10222
f 10222 8615 8599
f 10222 8599 8526
f 8526 8599 8527
f 8526 8527 8512
f 8526 8512 8463
f 8489 8488 8425
f 8489 8425 8424
f 8424 8425 8396
f 8424 8396 8397
f 8274 8261 8220
f 8300 8274 8249
f 8249 8220 8173
f 8249 8173 8154
f 8043 11640 8009
f 8009 11640 7961
f 8009 7961 7928
f 7927 7875 7847
f 7846 7791 11090
f 7603 7482 7537
f 4519 4520 8617
f 4522 8600 4521
f 8617 8600 8616
f 8578 8559 10495
f 8528 8578 10495
f 8494 8426 8409
f 8440 8494 8409
f 8275 8198 8197
f 8045 8102 8011
f 8010 7962 7947
f 7946 7865 11576
f 7924 11576 7841
f 7841 11576 7840
f 7721 11147 10079
f 7621 7604 10468
f 10442 4523 8662
f 8636 9910 8604
f 8652 8633 4539
f 4540 4541 8652
f 8624 4542 4543
f 11871 8184 8127
f 8127 8184 11148
f 7748 7798 7749
f 7713 7748 7730
f 7673 7713 7690
f 7475 7527 7491
f 7475 7491 7431
f 7475 7431 7430
f 7346 7382 7332
f 7237 7300 7224
f 7209 7224 7165
f 7209 7165 7174
f 6964 6985 6930
f 6840 6816 6777
f 6777 6816 6803
f 6747 6777 6803
f 6734 6747 6692
f 6734 6692 6677
f 11864 6677 6633
f 6542 6581 6590
f 6473 11380 9608
f 8320 8359 8360
f 9818 8479 8385
f 7857 7870 7819
f 7857 7819 7798
f 7798 7819 7749
f 7748 7749 7730
f 7713 7730 7690
f 7673 7690 9815
f 7615 9815 9816
f 7566 9816 9817
f 7112 7174 7079
f 7112 7079 7063
f 7063 7079 7055
f 7063 7055 7027
f 7027 7055 7016
f 7027 7016 6969
f 6969 7016 10509
f 6969 10509 6931
f 6969 6931 6930
f 6909 6827 6840
f 6840 6827 6816
f 6677 6692 6633
f 6581 6605 6590
f 6503 6487 6473
f 6473 6487 11380
f 4545 4546 8665
f 8541 8588 10659
f 8479 10659 8478
f 8288 8360 8312
f 8288 8312 9819
f 8626 11381 8589
f 8533 8589 9820
f 8533 9820 8504
f 8470 8477 8373
f 8185 8113 8112
f 8112 8113 8071
f 8112 8071 8072
f 8072 8071 8002
f 8072 8002 8001
f 8001 8002 7955
f 8001 7955 11092
f 7859 7914 7829
f 7859 7829 7800
f 7800 7829 7760
f 7800 7760 7761
f 7616 7691 7617
f 7616 7617 7591
f 7591 7617 7553
f 7591 7553 7552
f 7552 7553 7503
f 7552 7503 7502
f 7307 11340 7349
f 7282 7210 7192
f 7192 7210 7173
f 7192 7173 10392
f 7080 7065 7064
f 7034 7064 7066
f 7034 11012 6986
f 6986 6902 6948
f 6908 6948 6902
f 6838 6876 6828
f 6838 6828 6804
f 6838 6804 6778
f 6778 6804 10719
f 6748 6778 10719
f 10458 6490 6489
f 6489 6490 6452
f 8589 11381 9820
f 11340 7432 7349
f 7064 7065 7066
f 6876 6877 6828
f 9511 6314 6325
f 4550 4551 8627
f 4551 8607 8627
f 8627 8607 8591
f 8591 8607 10949
f 8591 10949 8540
f 10496 7151 7134
f 7134 7151 7081
f 7134 7081 7087
f 7087 7081 7056
f 7087 7056 7029
f 7029 7056 7017
f 7029 7017 7005
f 7005 7017 11013
f 7005 11013 6967
f 6967 11013 6932
f 6967 6932 6904
f 6904 6932 6889
f 6904 6889 6878
f 6836 6878 6830
f 10223 6766 6750
f 6750 6766 6708
f 6750 6708 6716
f 6716 6708 11818
f 6716 11818 6665
f 6588 6583 6544
f 6588 6544 6532
f 11149 6532 6502
f 6878 6889 6830
f 6532 6544 6502
f 6456 11149 11341
f 8607 4551 4552
f 8607 8653 10949
f 10949 8534 10275
f 8450 8506 8451
f 8345 8450 8376
f 8290 8344 8291
f 8233 8290 8234
f 8186 8233 8187
f 8136 8186 8135
f 8059 8136 8060
f 7978 8059 8023
f 7957 7979 11729
f 7911 7863 7862
f 7862 7750 7802
f 7802 7750 7715
f 7758 7802 7715
f 7694 7758 7672
f 7694 7672 7650
f 7593 7618 7567
f 7593 7567 7555
f 7555 7567 7524
f 7555 7524 7504
f 7504 7524 7478
f 7504 7478 7451
f 7451 7478 7435
f 7451 7435 7414
f 7414 7435 11150
f 7414 11150 7365
f 7226 11258 11681
f 7151 11681 11584
f 7151 7152 7081
f 7081 7152 11573
f 7081 11573 7056
f 11013 6965 6932
f 6932 6965 6890
f 6932 6890 6889
f 6830 10317 6836
f 6836 10317 6766
f 6766 6751 6708
f 6708 6709 11818
f 6583 6587 6544
f 6502 6491 11341
f 8608 4553 4554
f 8508 8522 10950
f 8452 8476 8418
f 8452 8418 8377
f 8377 8418 8361
f 8377 8361 8347
f 8347 8361 8318
f 8347 8318 8293
f 8293 8318 8237
f 8293 8237 8236
f 8236 8237 8211
f 8236 8211 8189
f 8189 8211 8130
f 8189 8130 8133
f 8133 8130 8098
f 8133 8098 8062
f 8062 8098 8040
f 8062 8040 8025
f 8025 8040 7973
f 8025 7973 7977
f 7977 7973 11819
f 7977 11819 7908
f 6501 6545 6497
f 11779 10081 6382
f 6329 11779 11277
f 4554 4555 8667
f 6805 9833 9834
f 6545 11015 10123
f 6501 6497 6475
f 8654 4555 4556
f 8237 8318 8255
f 8211 8190 8130
f 8130 8190 8099
f 8130 8099 8098
f 8098 8099 8041
f 8098 8041 8040
f 7821 7872 7827
f 7821 7827 7787
f 6497 6545 10123
f 8610 4557 8611
f 6779 6806 6768
f 8454 8509 8472
f 7669 7733 7696
f 7594 7669 7668
f 7019 7058 9912
f 7019 9912 6989
f 7019 6989 6966
f 6331 10126 6263
f 4557 4558 8611
f 8657 4561 4562
f 8538 4563 8474
f 8538 8474 8473
f 8473 8474 8432
f 8473 8432 8455
f 8383 8382 10952
f 10952 8315 8316
f 8538 4562 4563
f 8316 8315 8296
f 8456 4564 4565
f 8456 4565 4566
f 8456 4566 8381
f 8381 8348 8364
f 8363 8364 8297
f 8256 8297 8212
f 8256 8212 8239
f 8239 8212 8193
f 8239 8193 8192
f 8192 8193 11016
f 8381 4567 8348
f 8381 4566 4567
f 8348 4567 4568
f 8100 8067 8068
f 8027 8068 11259
f 8100 8132 8067
f 8170 8171 8172
f 8132 8170 8131
f 8067 7975 8068
f 8068 7958 11259
f 4571 4572 8065
f 7873 7892 7823
f 7873 7823 7826
f 7909 7910 9838
f 7909 9838 7892
f 7892 9838 7823
f 4572 4573 8065
f 8065 4573 8066
f 8005 4573 4574
f 4575 10224 4667
f 11180 4667 10224
f 7569 7518 7521
f 7754 4577 9839
f 7790 9839 7719
f 7719 7697 11260
f 4577 4578 9839
f 7719 9839 7697
f 7518 7570 7519
f 7518 7519 7505
f 7521 7518 7505
f 4666 4580 7571
f 7571 7520 7556
f 7520 7507 7556
f 7556 7507 7506
f 7506 7507 10138
f 7387 7386 7384
f 7571 4581 7520
f 7520 4581 4582
f 4582 4583 7508
f 7508 4583 7452
f 4583 4584 7452
f 7385 4665 11656
f 11656 7303 7302
f 7302 7303 7286
f 7302 7286 7285
f 7285 7286 7243
f 7285 7243 7242
f 7242 7243 7241
f 4585 4586 7353
f 7196 7167 7169
f 4588 4589 11418
f 7007 4592 11475
f 6891 6892 6833
f 6891 6833 6832
f 6832 6833 6818
f 9499 9941 6879
f 6736 6713 6712
f 6835 10136 6782
f 6782 10136 6781
f 6584 6623 6585
f 4597 4598 4664
f 11429 6454 11342
f 11342 6454 6421
f 10666 6559 6546
f 6607 4600 4601
f 6371 9544 10135
f 9466 4603 4604
f 6381 6330 9842
f 6380 4605 10085
f 6155 4609 4610
f 6155 4610 4611
f 6155 4611 6076
f 5831 9609 5880
f 5852 5831 5796
f 5988 4613 4614
f 5988 4614 5971
f 4614 4615 5971
f 5854 5832 5768
f 5880 5854 10956
f 4617 4618 9869
f 5039 9844 5024
f 5738 4619 4620
f 11498 5738 11763
f 11763 4620 4621
f 5420 5520 5464
f 5520 5420 5437
f 5568 4621 4622
f 5520 5501 5464
f 4982 4999 4983
f 4873 4837 9851
f 4794 4776 4756
f 4756 4776 4729
f 4756 4729 4711
f 4711 4729 9863
f 4711 9846 4730
f 5224 5165 5164
f 5139 9847 5077
f 5077 5084 10837
f 5568 4622 4623
f 5568 4623 5533
f 5533 4623 4624
f 5533 4624 5522
f 9864 5522 4625
f 4624 4625 5522
f 4897 10498 9848
f 4866 9848 4838
f 4712 4673 4652
f 4712 4652 4653
f 10094 5421 5348
f 5348 5421 5306
f 5348 5306 5309
f 5309 5306 5276
f 5309 5276 10450
f 10450 5276 5258
f 11348 5186 10093
f 4970 4994 10969
f 10498 10558 4940
f 9864 4626 4627
f 4627 4628 4663
f 5144 5121 5083
f 5144 5083 5060
f 4673 4651 4652
f 5166 5143 5223
f 5223 5143 5108
f 5223 5108 5121
f 5121 5108 5083
f 4673 4674 4651
f 4628 4629 11530
f 4757 9849 4728
f 5079 5060 4998
f 4984 4998 11605
f 4984 11605 4938
f 5222 4630 5168
f 5142 5061 5082
f 5082 5061 5044
f 10225 4995 11642
f 5142 5081 5061
f 10225 11642 11793
f 4995 10225 9333
f 4841 4814 4818
f 10349 4713 4687
f 4633 4634 4971
f 11343 4871 4853
f 4853 4817 4814
f 4814 4817 4778
f 4871 4870 4842
f 4971 4634 4635
f 4636 4637 4909
f 4779 4816 11663
f 4646 4688 9850
f 4843 4844 11156
f 4780 4815 4760
f 4700 4675 9918
f 4909 4637 4844
f 4780 4727 11663
f 4662 4639 4640
f 4676 4643 4644
f 4688 4646 9320
f 9320 4646 4647
f 4647 4687 9320
f 4871 11343 4918
f 4711 4793 4756
f 4756 4793 4812
f 4756 4812 4794
f 4794 4812 4896
f 4794 4896 9851
f 4937 4941 4982
f 4982 10740 5040
f 10837 5119 5077
f 5224 5285 5257
f 5257 5285 5304
f 5347 5367 5419
f 5347 5419 5436
f 5347 5436 5382
f 5382 5436 5437
f 5520 5519 11683
f 5521 5464 5501
f 5521 5600 5532
f 4672 4732 4755
f 9422 4730 4775
f 4730 4755 4775
f 4836 4811 9853
f 10709 10451 5024
f 5163 5275 5221
f 5256 5303 9855
f 9855 5303 5366
f 5346 5366 10362
f 10793 5620 5681
f 5680 5750 5721
f 5721 5750 5768
f 4657 4671 4672
f 4659 9392 10626
f 4734 4660 4684
f 4660 4661 4684
f 4701 4431 10213
f 4744 4701 10160
f 4744 10160 9857
f 4745 9799 4744
f 4745 4744 9857
f 4745 9857 4798
f 4714 9799 4745
f 4827 11682 10071
f 4827 11750 4745
f 4689 4427 9858
f 4689 9858 4714
f 4689 4714 4715
f 4761 4715 11750
f 4799 4746 10071
f 4799 10071 4883
f 9423 4761 4826
f 4826 4761 4799
f 4829 4799 4883
f 4910 4883 10071
f 4910 4955 10417
f 4425 4426 10958
f 9423 4715 4761
f 4826 4799 4829
f 4911 4883 4910
f 4911 4910 10417
f 4911 10395 4883
f 9561 10628 9423
f 9561 9423 4826
f 10352 9423 10628
f 4954 10395 4911
f 4957 4956 5025
f 10820 10395 4921
f 9388 4957 5094
f 4921 4954 4958
f 11336 9388 5094
f 4781 10588 10938
f 4830 4781 9495
f 5048 9388 5097
f 5097 9388 11336
f 4784 4783 4831
f 5781 5782 5867
f 5976 5975 6062
f 6061 6062 6078
f 6079 6078 6112
f 6138 6112 6196
f 4748 10710 4716
f 4748 4716 4783
f 4748 4783 4784
f 5110 5099 10212
f 5351 5324 5350
f 5351 5350 5406
f 5570 5634 5638
f 5726 5695 5701
f 5726 5701 5782
f 5781 5726 5782
f 5781 5867 5799
f 5940 5918 10838
f 5976 5940 5975
f 6061 5976 6062
f 6079 6061 6078
f 6138 6079 6112
f 4741 10710 4748
f 4913 4855 10687
f 4913 10687 4923
f 4923 10687 5009
f 5125 5110 10212
f 5125 10212 5191
f 5125 5191 5235
f 5235 5191 5240
f 5235 5240 5261
f 5261 5240 5324
f 5261 5324 5279
f 5279 5324 5351
f 5407 5351 5406
f 5407 5406 10814
f 5453 5506 5552
f 5657 5570 5638
f 5657 5638 5695
f 5702 5695 5726
f 5754 5726 5781
f 5754 5781 5818
f 5871 5918 5893
f 5893 5918 5940
f 5893 5940 5952
f 5952 5940 5976
f 5952 5976 6003
f 6003 5976 6061
f 6003 6061 6035
f 6035 6061 6079
f 6035 6079 6133
f 6133 6079 6138
f 10959 6138 6196
f 10959 6200 6201
f 6253 6201 6200
f 4717 4741 4748
f 5400 5279 5351
f 5400 5351 5407
f 5591 5570 5657
f 5702 5657 5695
f 5702 5726 5754
f 11417 4417 10936
f 4884 10590 4855
f 4884 4855 4913
f 11264 4923 5009
f 5027 11264 5050
f 5062 5027 5050
f 5062 5050 5110
f 5173 5125 5235
f 5173 5235 5210
f 5210 5235 5261
f 5241 5210 5261
f 5483 5453 5507
f 5507 5453 11476
f 5894 5871 5893
f 5953 5893 5952
f 5977 5952 6003
f 11417 10936 4741
f 4845 10590 4884
f 10448 4884 4913
f 4961 4913 4923
f 5126 5110 5125
f 5126 5125 5173
f 5331 5279 5400
f 5371 5400 5407
f 11476 5570 5591
f 5639 5591 5657
f 5639 5657 5702
f 5741 5702 5754
f 5866 5871 5894
f 5836 5866 5894
f 5894 5893 5953
f 5953 5952 5977
f 6173 6138 10959
f 6173 10959 6201
f 4856 4845 4884
f 5008 4923 11264
f 5008 11264 5027
f 5062 5110 5126
f 10088 5173 5210
f 5279 5241 5261
f 5371 5331 5400
f 5508 5507 11476
f 5508 11476 5591
f 5703 5639 5702
f 5703 5702 5741
f 5800 5754 5818
f 5941 5894 5953
f 11157 4845 4856
f 4961 10448 4913
f 4961 4923 5008
f 5192 5126 5173
f 5192 5173 10088
f 10088 5210 5241
f 5440 5371 5483
f 5786 5741 5754
f 5786 5754 5800
f 5800 5818 5866
f 5836 5800 5866
f 5941 5836 5894
f 6060 5953 5977
f 5051 5008 5027
f 5051 5027 5063
f 5063 5027 5062
f 5127 5062 5126
f 5127 5126 5192
f 5352 5331 5371
f 5727 5703 5741
f 5727 5741 5786
f 6060 5941 5953
f 6080 6035 6133
f 6080 6133 9859
f 5012 4961 5008
f 5012 5008 5051
f 5262 5192 10088
f 5481 5371 5440
f 5482 5551 5440
f 5508 5482 5507
f 5633 5639 11834
f 11834 5639 5703
f 5837 5786 5800
f 5837 5800 5836
f 5837 5836 5895
f 6060 6004 5941
f 6080 10960 6035
f 6195 6080 9859
f 9515 9859 6173
f 9515 6173 6202
f 6082 6068 6158
f 6132 6158 6159
f 10319 9483 4750
f 4786 4785 4801
f 6006 6068 6082
f 6132 6082 6158
f 9617 4857 4914
f 10320 4962 4989
f 5014 4989 5052
f 5092 5052 5100
f 5194 11199 5193
f 5243 5193 5242
f 5323 5242 11370
f 11266 5480 5509
f 5549 5509 5557
f 5659 5632 5658
f 5729 5704 5780
f 5756 5780 5801
f 5821 5801 5838
f 5916 5838 5917
f 5956 5942 9513
f 6038 6006 6082
f 6256 6194 6255
f 9617 4914 4963
f 10320 4989 5014
f 5014 5052 5092
f 5113 5100 11199
f 5113 11199 5194
f 5194 5193 5243
f 5243 5242 5323
f 5323 11370 5354
f 11266 5509 5549
f 5549 5557 11152
f 5659 5658 5704
f 5729 5780 5756
f 5756 5801 5821
f 5821 5838 5916
f 5916 5917 5942
f 6038 6082 6114
f 6114 6082 6132
f 6114 6132 6140
f 5897 5916 5942
f 5978 5942 5956
f 5978 5956 6022
f 6022 5956 6006
f 6022 6006 6038
f 6069 6038 6114
f 4739 4412 10089
f 5897 5942 5978
f 6069 6114 6160
f 6160 6114 6140
f 5006 10320 5014
f 5113 5194 5232
f 5232 5194 5243
f 5232 5243 5264
f 5264 5243 5323
f 5398 5354 11371
f 5398 5408 5425
f 5425 5408 5480
f 5693 5659 5704
f 5693 5704 5729
f 5839 5821 5916
f 5839 5916 5897
f 5999 5897 5978
f 6039 6022 6038
f 6039 6038 6069
f 5999 5978 6022
f 6115 6069 6160
f 5029 5006 5014
f 5101 10644 5113
f 5355 5398 5425
f 5355 5425 5455
f 5631 11152 11085
f 5660 5693 5705
f 5705 5693 5729
f 5705 5729 5779
f 5779 5729 5756
f 5779 5756 5802
f 5802 5756 5821
f 5802 5821 5839
f 6007 5999 6022
f 5943 5999 6007
f 6007 6022 6039
f 4411 4693 4410
f 4410 4693 4669
f 4409 4678 4408
f 4408 4678 4679
f 4408 4679 4407
f 4407 4679 4680
f 4407 4680 4406
f 4406 4680 4681
f 4405 4682 4404
f 4403 4694 4695
f 4698 4399 4697
f 4698 4697 4707
f 4707 4697 4722
f 4707 4722 10091
f 5021 5054 5089
f 5089 5134 5116
f 5158 5116 5200
f 5158 5200 5230
f 5230 5248 5268
f 5268 5248 5316
f 5268 5316 5315
f 5315 5316 5360
f 5315 5360 5361
f 5361 5360 5375
f 5361 5375 5430
f 5430 5375 5493
f 5474 5529 5561
f 5561 5594 5628
f 5628 5594 5643
f 5628 5643 5666
f 5666 5643 5676
f 5666 5676 5710
f 5710 5676 5745
f 5710 5745 5775
f 5775 5745 5792
f 11718 5960 6056
f 6055 11718 6056
f 6055 6056 6087
f 6088 6055 6087
f 6088 6087 6120
f 6121 6088 6120
f 6121 6120 6163
f 11345 6207 6235
f 6179 6235 10162
f 5159 5088 5116
f 5159 5116 5158
f 5808 5792 5860
f 5843 5860 5886
f 5900 5886 11717
f 5982 11717 11799
f 6043 5982 11718
f 6043 6055 6088
f 6101 6088 6121
f 5314 5249 5268
f 5314 5268 5315
f 5391 5315 5361
f 5808 5775 5792
f 5843 5808 5860
f 4932 4979 5021
f 4932 5021 5034
f 5034 5021 5088
f 5135 5159 5158
f 5135 5158 5230
f 5135 5230 5249
f 5249 5230 5268
f 5391 5314 5315
f 10961 5474 11158
f 5843 5886 5900
f 6043 6088 6101
f 6101 6121 11419
f 6235 6179 11345
f 4397 10068 4708
f 4768 4709 11862
f 4768 4767 4808
f 4861 4850 4904
f 5055 5034 5072
f 5055 5072 5104
f 5104 5072 5136
f 5136 5072 5177
f 5136 5177 5178
f 5178 5177 5229
f 5178 5229 9861
f 9861 5269 5270
f 5270 5269 5295
f 5270 5295 5338
f 5338 5295 5390
f 5338 5390 10711
f 10754 5494 5495
f 5495 5494 5541
f 5495 5541 5540
f 5627 10847 5610
f 5611 5610 5687
f 5686 5687 5735
f 5773 5735 5761
f 5810 5761 5825
f 5845 5825 5876
f 5912 5876 5901
f 5947 5901 5961
f 4396 4397 4710
f 4710 4397 4708
f 4710 4708 4709
f 4769 4709 4768
f 4851 9860 4861
f 10964 4851 4861
f 5136 5105 5104
f 5137 5136 5178
f 5137 5178 5228
f 5228 5178 9861
f 5228 9861 5270
f 5339 5338 10711
f 5445 10754 5495
f 5627 5610 5611
f 5611 5687 5686
f 5686 5735 5773
f 5773 5761 5810
f 5810 5825 5845
f 5845 5876 5912
f 5912 5901 5947
f 5947 5961 11751
f 11751 11415 6054
f 6054 6102 6044
f 6044 6102 6127
f 6127 6102 6143
f 6127 6143 6164
f 6268 11065 11294
f 4661 4710 4684
f 4661 4396 4710
f 9421 4660 10965
f 10965 4660 4734
f 4686 4659 10626
f 4686 10626 4725
f 4687 4648 9862
f 4688 9320 4758
f 4676 4644 11263
f 4669 4703 11252
f 4678 4704 4679
f 4707 4699 4698
f 6094 6152 6123
f 6154 6153 6213
f 5000 5001 10787
f 10787 5076 5086
f 5107 5138 5183
f 5107 5183 11821
f 11821 5183 5220
f 11821 5220 5203
f 5203 5220 5274
f 5203 5274 10321
f 5344 5417 5385
f 5385 5417 5468
f 5385 5468 5435
f 5435 5468 5498
f 5435 5498 5467
f 5531 5582 5621
f 5907 5987 5970
f 5970 5987 6018
f 4670 4733 4671
f 10451 4981 5058
f 5118 5145 5162
f 5162 10092 5204
f 5204 10092 10449
f 5255 10449 5310
f 10235 5310 5365
f 5345 5365 5418
f 5345 5418 5384
f 5384 5418 5449
f 10318 5767 5796
f 5768 5750 5854
f 5832 9843 5853
f 4670 4659 4686
f 9846 9863 4654
f 4712 4776 10446
f 4777 4726 4795
f 4795 4726 4837
f 4838 4837 4866
f 4795 4837 4838
f 4897 4937 10498
f 10969 10558 4970
f 4994 4970 5041
f 5041 10957 5084
f 5041 5084 5059
f 5078 5059 5140
f 5078 5140 5120
f 5120 5140 5165
f 9864 5465 5522
f 4674 4673 9391
f 4728 4777 4795
f 4728 4795 4839
f 4757 4728 4839
f 4757 4839 4813
f 4813 4839 4872
f 4813 4872 4840
f 4840 4872 4907
f 4938 4994 4984
f 4984 4994 11567
f 5079 4998 11567
f 5060 5079 5078
f 5060 5078 5144
f 5166 5223 5258
f 5166 5258 5205
f 5259 5308 5307
f 4627 4663 9864
f 10087 4757 4813
f 4818 4868 4841
f 4841 4868 4908
f 4841 4908 10086
f 4869 10086 9333
f 9333 10086 11605
f 9333 11605 4995
f 4995 5042 11642
f 4996 5042 10095
f 4648 4687 4647
f 4853 4814 11343
f 4871 4918 4898
f 4985 4898 11793
f 11749 4997 11644
f 4971 11644 5080
f 4633 5080 4632
f 4816 4842 4780
f 4815 4842 4870
f 4760 4815 4843
f 4843 4899 4844
f 5006 4926 4925
f 4926 5006 5005
f 5005 5006 5029
f 5005 5029 10229
f 5244 5264 5322
f 5244 5322 5321
f 5321 5322 5355
f 5321 5355 5409
f 5409 5355 5455
f 5979 5943 6007
f 6059 6007 6039
f 4678 4703 4704
f 4682 4705 11531
f 4405 4705 4682
f 4723 4699 4707
f 11153 4709 4769
f 9531 4769 9860
f 9531 9860 4851
f 4947 4967 10396
f 5105 5056 5104
f 10711 10754 5445
f 6165 6089 6127
f 6188 6165 6164
f 4684 4724 4734
f 4726 4777 10446
f 10349 10087 4713
f 4759 4688 4758
f 4727 4676 11263
f 4719 4787 10230
f 4977 4964 5032
f 4977 5032 5017
f 5017 5032 5068
f 4703 4720 4704
f 4704 4721 4679
f 4679 4721 4680
f 4680 4721 4737
f 4681 11737 4705
f 4695 4736 4706
f 4706 4736 4765
f 4724 11153 4791
f 4724 4791 4770
f 4809 4876 4852
f 4852 4876 4894
f 4852 4894 4863
f 4863 4894 4945
f 4863 4917 10967
f 5795 9562 11155
f 4773 4875 4820
f 4820 4875 10962
f 5001 4993 5023
f 5001 5023 10787
f 10787 5023 5076
f 5086 5138 5107
f 5302 5301 5379
f 5302 5379 5344
f 5467 5498 5534
f 5467 5534 5582
f 5852 10575 5906
f 5907 5986 5987
f 4670 4686 4733
f 4754 4820 10228
f 4895 4905 11752
f 11752 4969 4943
f 4943 4969 4981
f 9551 10323 5719
f 10956 5796 5880
f 5854 5880 9843
f 5853 9843 5937
f 4671 4733 4732
f 4672 4671 4732
f 4712 4729 4776
f 11348 9852 10450
f 10450 5305 5309
f 5309 5305 5382
f 5144 5120 5141
f 5144 5141 5121
f 5121 5141 5186
f 5121 5186 5223
f 5308 5368 11530
f 5307 5308 11530
f 4995 4998 5042
f 5167 5206 5142
f 5142 5206 5168
f 11343 9333 4918
f 4918 9333 10225
f 4985 4997 11749
f 11644 5044 5061
f 11644 5061 5080
f 4899 4909 4844
f 4909 4939 4636
f 4662 11156 4639
f 10447 4830 9495
f 4912 10447 4921
f 4824 11344 11157
f 4824 11157 4885
f 4885 11157 4856
f 4885 4856 4953
f 4953 4856 10448
f 4953 10448 4973
f 4973 4961 5012
f 5111 5051 5063
f 5127 5063 5062
f 5234 5127 5192
f 5262 5234 5192
f 10088 5241 5353
f 5481 5440 5551
f 5482 5440 5507
f 5551 5482 5571
f 5571 5482 5508
f 5727 11834 5703
f 5819 5727 5786
f 5819 5786 5837
f 6060 5977 6081
f 6081 5977 10960
f 6081 10960 6113
f 6113 10960 6080
f 6113 6080 6195
f 6195 9859 9515
f 4719 9592 4833
f 4833 9592 4803
f 4902 4847 4887
f 5004 4926 5005
f 5128 5101 5195
f 5196 5195 5264
f 5479 5455 5548
f 5547 5548 5573
f 5661 5660 5705
f 5661 5705 5743
f 5743 5705 5779
f 5743 5779 11606
f 5788 5779 5802
f 5840 5802 5839
f 5915 5943 5944
f 5979 6007 6059
f 6059 6039 6083
f 6176 9424 6175
f 6176 6175 6230
f 4788 4804 11346
f 4788 4889 4849
f 4976 10231 5016
f 4976 5016 4964
f 4964 5016 5053
f 4964 5053 5032
f 4704 4720 4789
f 4721 4704 11607
f 4823 4763 10471
f 4823 10471 4849
f 10785 4823 4849
f 4737 4721 4763
f 4751 4763 4823
f 4751 4823 10785
f 4751 4737 4763
f 4880 4751 10785
f 4859 10785 4858
f 4880 10785 4859
f 4764 4751 4880
f 4891 4859 4915
f 11212 4764 4880
f 11212 4880 4891
f 4805 11531 4764
f 4805 4764 11212
f 11590 11531 4805
f 4977 4928 4964
f 11719 4892 4928
f 4977 11719 4928
f 4929 4977 5017
f 4752 11590 10322
f 11667 11217 4949
f 5018 4929 5017
f 5018 5017 5068
f 4695 4694 4752
f 11638 11765 4965
f 5069 5090 5068
f 4753 4752 4822
f 4978 4966 4965
f 4978 4965 4929
f 4978 4929 5018
f 5019 4978 5018
f 5019 5018 5090
f 4736 4695 4752
f 4736 4752 4753
f 4806 4753 4822
f 4966 11638 4965
f 5033 4978 5019
f 11820 5090 5069
f 4834 4753 4806
f 4879 4806 10096
f 5033 4966 4978
f 4808 4767 10232
f 4850 10232 4893
f 4893 4877 4948
f 5072 5034 5088
f 5072 5088 5159
f 5177 5159 5135
f 5177 5135 5229
f 5229 5135 5249
f 5269 5249 5314
f 5562 5561 5628
f 5667 5562 5628
f 5667 5628 5666
f 5711 5667 5666
f 5711 5666 5710
f 5774 5711 5710
f 5774 5710 5775
f 5809 5774 5775
f 5809 5775 5808
f 5844 5809 5808
f 5844 5808 5843
f 5876 5844 5843
f 5901 5876 5900
f 6102 6043 6101
f 6143 6102 6101
f 6143 6101 11419
f 6189 6143 11419
f 11153 4710 4709
f 4851 10964 11213
f 5035 10396 5056
f 5073 5056 5105
f 5228 5270 5271
f 5413 5339 10711
f 5626 5627 5611
f 5712 5686 5773
f 5712 5773 5762
f 5762 5773 5810
f 5762 5810 5826
f 5826 5810 5845
f 5826 5845 5877
f 5877 5845 5912
f 5877 5912 5902
f 5902 5912 5947
f 5902 5947 5962
f 5962 5947 11751
f 5962 11751 6011
f 6011 11751 6054
f 6011 6054 6044
f 6089 6044 6127
f 6305 9865 6268
f 6094 6124 6152
f 6250 6262 9906
f 10234 4734 4724
f 10234 4724 4770
f 4685 10234 4772
f 4772 4771 4810
f 4772 4810 9867
f 6033 6074 6095
f 5531 5621 5618
f 5907 9609 10445
f 4774 4733 4686
f 4774 4686 4725
f 4774 4725 4773
f 4733 4774 4754
f 5937 5970 5971
f 5971 5970 5988
f 4732 4733 4754
f 5720 5737 5750
f 4755 4732 4775
f 9422 4819 4811
f 4836 9853 4906
f 4874 4906 10499
f 5184 10660 5163
f 5163 10660 5275
f 5275 5303 5256
f 5383 5346 10362
f 5584 11347 5567
f 9869 5768 10592
f 9869 10592 4617
f 4617 10592 4616
f 4616 10592 5853
f 5437 5436 5466
f 9422 4793 4730
f 5077 5119 5139
f 9847 5139 5185
f 5164 5256 5285
f 5285 9855 5304
f 5436 5419 5466
f 5437 5466 9610
f 5520 9610 5519
f 5600 11683 5599
f 4970 4983 10957
f 10957 4983 4999
f 10094 5348 5420
f 5465 10094 5464
f 5465 5464 5521
f 5465 5521 5522
f 4872 9848 4907
f 5078 5120 5144
f 5308 5276 5306
f 5308 5306 5368
f 5368 5381 4663
f 5043 10095 5108
f 5167 5143 5166
f 5167 5205 5206
f 5206 5205 5259
f 5206 5259 5222
f 5222 5259 5307
f 4758 4796 4778
f 11343 4869 9333
f 4918 10225 11793
f 5080 5081 4632
f 4632 5081 4631
f 4759 4758 4778
f 4636 4939 4635
f 4787 4719 4833
f 4888 4847 4902
f 5128 5065 5101
f 5196 5128 5195
f 5244 5196 5264
f 5479 5409 5455
f 5547 5479 5548
f 5574 5573 5631
f 5661 10560 10559
f 5864 5840 5915
f 6176 6141 6115
f 4791 11153 4769
f 4791 4769 9531
f 4771 10234 4770
f 4771 4770 4809
f 4817 4759 4778
f 4817 4779 4759
f 4849 4889 4890
f 5069 5198 5176
f 4770 4791 4821
f 4770 4821 4809
f 4934 4980 4935
f 4935 4980 10097
f 9334 5202 5253
f 5284 5311 5342
f 5284 5342 5343
f 5343 5342 5387
f 5343 5387 5386
f 5386 5387 5434
f 5386 5434 10968
f 10968 5434 5469
f 10968 5469 5380
f 5380 5469 5518
f 5380 5518 5497
f 5497 5518 5530
f 5497 5530 5535
f 5535 5530 5597
f 5535 5597 5566
f 5617 5566 5616
f 5617 5616 5683
f 6051 6108 6124
f 6213 11685 6249
f 6213 6249 6250
f 6250 6249 6262
f 9867 4810 4864
f 9867 4864 4875
f 5138 5076 5182
f 6075 6095 6109
f 6155 6154 6185
f 6155 6185 4609
f 4609 6185 4608
f 10626 4685 4725
f 4725 4772 9867
f 4725 9867 4773
f 4773 9867 4875
f 11203 4944 9578
f 5023 11477 5076
f 5138 5225 5183
f 5183 5254 5220
f 5220 5254 5274
f 5344 5379 5417
f 5582 5534 5622
f 5582 5622 5621
f 5621 5622 5651
f 11161 9562 9547
f 5906 5936 5951
f 5987 6033 6018
f 6018 6033 6075
f 4754 4774 4820
f 5583 5531 5598
f 9551 11376 5718
f 5880 9609 9843
f 5937 9843 9609
f 5937 5907 5970
f 4820 4774 4773
f 4819 4775 4792
f 4792 4732 4754
f 4726 4776 4794
f 4899 4919 4909
f 4909 4919 4939
f 4939 4971 4635
f 4848 4833 4847
f 5149 5065 5128
f 5155 5149 5128
f 5155 5128 5196
f 5245 5155 5196
f 5245 5196 5244
f 5320 5245 5244
f 5320 5244 5321
f 5356 5320 5321
f 5356 5321 5409
f 5526 5547 5574
f 5980 5979 6059
f 6131 6083 6115
f 6131 6115 6141
f 6203 6141 6176
f 6203 6176 6230
f 5035 5056 5073
f 5340 5339 5389
f 5389 5339 5413
f 5473 5413 5445
f 5473 5445 5513
f 5513 5540 5539
f 11551 5539 5626
f 5668 5611 5686
f 5668 5686 5712
f 5746 5712 5762
f 5746 5762 5811
f 5811 5762 5826
f 5811 5826 5846
f 5846 5826 5877
f 5846 5877 5911
f 5911 5877 5902
f 5911 5902 5948
f 5948 5902 5962
f 5948 5962 5983
f 5983 5962 6011
f 5983 6011 11267
f 11267 6011 6044
f 6144 6089 6165
f 9865 6208 6188
f 6208 9865 6267
f 4810 4771 4809
f 4812 4793 4811
f 4811 4793 9422
f 4816 4779 4817
f 11056 5109 5172
f 4890 4950 10738
f 5053 5103 5032
f 5069 5068 5115
f 5069 5157 5198
f 5176 5198 5216
f 4804 4787 4848
f 5004 5005 5030
f 5030 5005 10229
f 5030 10229 5066
f 5066 10229 5065
f 5066 5065 5149
f 5478 5479 5547
f 5575 5574 10559
f 10560 5661 5692
f 5744 11606 5789
f 5789 5788 5864
f 5789 5864 5863
f 10966 5864 5925
f 5925 5864 5915
f 6070 6059 6083
f 4791 9531 4821
f 4809 4821 4876
f 4863 4945 4917
f 4917 4945 4934
f 5202 5146 11610
f 11155 9866 5851
f 5989 5935 5968
f 6032 6108 6051
f 6123 6152 6153
f 4946 4862 11213
f 4933 10396 5035
f 5217 5228 5271
f 5389 5413 5431
f 5431 5413 5473
f 11551 5626 5595
f 5763 5746 5811
f 5859 5811 5846
f 5878 5846 5911
f 5903 5911 5948
f 5995 5948 5983
f 6166 6144 6165
f 4810 4809 4852
f 4810 4852 4864
f 4864 4852 4863
f 4944 4935 10097
f 11791 4935 4944
f 5057 11449 5075
f 5182 5202 5225
f 5225 5202 9334
f 5225 9334 5254
f 5254 9334 5284
f 5284 5343 5274
f 5301 5343 5386
f 5379 5386 10968
f 5651 5617 5683
f 5651 5683 5671
f 5856 9514 5935
f 5936 5989 5969
f 5969 5989 6016
f 5969 6016 6032
f 6017 5969 6032
f 6017 6051 6074
f 6074 6051 6094
f 6074 6094 6095
f 6095 6094 6123
f 6095 6123 6109
f 6109 6123 6153
f 6154 6213 6185
f 6185 6213 6250
f 6185 6250 4608
f 4875 10967 10962
f 11203 11160 4944
f 9578 4944 10097
f 5254 5284 5274
f 5417 5379 10968
f 5417 5380 5468
f 5468 5380 5497
f 5468 5497 5498
f 5498 5497 5535
f 5498 5535 5534
f 5534 5535 5566
f 5534 5566 5622
f 5622 5566 5617
f 9611 5621 5651
f 5951 5936 5969
f 6074 5986 6017
f 5986 6074 5987
f 5987 6074 6033
f 6075 6033 6095
f 6075 6109 6076
f 6076 6109 6154
f 6155 6076 6154
f 4865 11160 11203
f 4969 4936 5001
f 4969 5001 5000
f 4981 4969 5000
f 4981 5000 5058
f 5058 5000 10787
f 5058 10787 5086
f 5145 10500 11821
f 10449 5302 5310
f 5310 5302 5344
f 5310 5344 5365
f 5365 5344 5385
f 5365 5385 5418
f 5418 5385 5435
f 5418 5435 5449
f 5449 5435 5467
f 5449 5467 5499
f 5598 5531 5618
f 5598 5618 5682
f 11376 5682 5718
f 5718 9547 10323
f 10323 5766 5767
f 5767 5766 5855
f 5937 9609 5907
f 5970 6018 5988
f 5988 6018 10955
f 4819 4792 9393
f 5024 10451 5038
f 5024 10500 5039
f 5039 5118 9854
f 9854 5118 5162
f 9854 5162 5184
f 5184 5162 5204
f 5184 5204 10660
f 10660 5204 5255
f 10660 5255 5275
f 5275 10235 5303
f 5303 5345 5366
f 5366 5345 5384
f 5619 11376 9551
f 5720 5719 5737
f 5750 5737 10956
f 4812 4811 4836
f 4812 4836 4896
f 4896 4836 4874
f 4941 4942 10740
f 10740 4942 10709
f 5119 5184 5139
f 5139 5184 5163
f 5139 5163 5185
f 5185 5163 5221
f 5285 5256 9855
f 9855 5346 5304
f 5304 5346 5367
f 5367 5346 5383
f 5367 5383 5419
f 5419 5383 9856
f 5466 11623 9610
f 5600 5501 11683
f 5600 5599 11684
f 11684 5680 11498
f 5738 5721 9869
f 4726 9851 4837
f 4866 4837 4873
f 5059 5084 9847
f 5059 9847 5140
f 5305 9852 10394
f 5382 5420 5348
f 10094 5420 5464
f 5522 5521 5533
f 5533 5521 5532
f 4839 4795 4838
f 4839 4838 4872
f 4872 4838 9848
f 4907 9848 10498
f 4907 10498 4940
f 4938 10969 4994
f 4994 5041 11567
f 11567 5041 5059
f 5079 11567 5059
f 5079 5059 5078
f 5186 5141 10093
f 5186 11348 5223
f 5258 11348 10450
f 5306 5421 5368
f 5368 5421 5381
f 4908 4938 10086
f 10086 4938 11605
f 5042 5060 5083
f 5042 5083 10095
f 10095 5083 5108
f 5167 5166 5205
f 5080 5061 5081
f 4816 4817 4853
f 4816 4853 4842
f 4842 4853 4871
f 4899 4870 4919
f 4939 4919 11749
f 4955 10973 10684
f 10684 10973 5011
f 5025 5011 5047
f 11346 11162 4889
f 5247 5216 5267
f 5566 5597 5616
f 5989 5968 6016
f 6016 11478 6032
f 6032 11478 6108
f 6152 6124 6171
f 4876 4821 10324
f 10973 5095 5011
f 5025 5047 5094
f 5094 5047 10970
f 11162 4888 4951
f 5015 5004 5030
f 11568 5066 5149
f 5426 5409 5479
f 5526 5478 5547
f 5998 5925 5944
f 5980 6059 6070
f 6070 6083 6131
f 10662 6203 6231
f 10662 6231 6271
f 4890 11159 4950
f 4991 4990 11662
f 4991 9870 5016
f 5016 9870 5053
f 5015 5030 5091
f 11568 5149 5156
f 5156 5149 5155
f 5156 5155 5197
f 5197 5155 5265
f 5265 5155 5245
f 5265 5245 5291
f 5291 5245 5320
f 5291 5320 5397
f 5397 5320 5356
f 5397 5356 5426
f 5426 5356 5409
f 5426 5479 5478
f 5491 5478 5526
f 5692 5743 5744
f 5790 5744 5789
f 6040 5980 6070
f 6084 6070 6131
f 6142 6131 6141
f 6142 6141 6177
f 6177 6141 6203
f 6177 6203 10662
f 4980 5002 5037
f 5075 10561 5106
f 5146 5226 11610
f 5253 5312 5311
f 6015 11478 6016
f 6108 6107 6151
f 4933 4946 4947
f 5022 5035 5073
f 5022 5073 5117
f 5117 10233 5201
f 5218 5201 5217
f 5218 5217 5272
f 5272 5217 5271
f 5272 5271 5340
f 5431 5473 5472
f 10502 5644 5668
f 5763 5811 5859
f 5859 5846 5878
f 5878 5911 5903
f 5903 5948 5995
f 5995 5983 11420
f 11267 6089 6103
f 6103 6089 6144
f 9871 6208 6236
f 6236 6208 6267
f 9870 10501 5053
f 5053 10501 5103
f 5103 10501 5148
f 5103 5148 5115
f 5198 5246 5267
f 5198 5267 5216
f 11159 4889 11162
f 5253 5252 5312
f 5311 5312 5341
f 5311 5341 5342
f 5342 5341 5378
f 5342 5378 5387
f 5387 5378 5433
f 5387 5433 5434
f 5434 5433 5463
f 5434 5463 5469
f 5469 5463 5517
f 5469 5517 5518
f 5518 5517 5565
f 5518 5565 5530
f 5530 5565 5596
f 5530 5596 5597
f 5597 5596 5650
f 5597 5650 5616
f 5616 5650 9872
f 5616 9872 5683
f 5769 10786 5794
f 6108 6151 6124
f 6171 6225 6152
f 5102 5091 11568
f 5129 11568 5156
f 5212 5197 5265
f 5281 5265 5291
f 5334 5291 5397
f 5373 5397 5426
f 5477 5426 5478
f 5477 5478 5491
f 5491 5526 5576
f 5576 5526 5575
f 5576 5575 5606
f 5606 10560 5691
f 5691 10560 5692
f 5691 5692 5730
f 5730 5692 5744
f 5730 5744 5790
f 11609 5863 10966
f 10966 5925 5998
f 6008 5980 6040
f 6040 6070 6084
f 6084 6131 6142
f 6116 6084 6142
f 4946 4894 4862
f 4945 4894 4946
f 4968 4933 10971
f 5179 5117 5201
f 5179 5201 5218
f 5273 5218 5272
f 5273 5272 5297
f 5297 5272 5340
f 5297 5340 5389
f 6104 11267 6103
f 6104 6103 6145
f 11686 6144 9871
f 10738 4950 4990
f 5148 5133 10972
f 5157 10972 5246
f 5267 5246 5318
f 10237 5074 5075
f 5935 5967 5968
f 6124 6151 6171
f 6152 6225 11685
f 4920 9800 4972
f 5095 5046 5096
f 5171 5188 5236
f 5236 5188 5260
f 5236 5260 9507
f 4920 4986 11421
f 4955 11268 10973
f 10973 11421 5095
f 5011 5095 9591
f 5011 9591 5047
f 5047 9591 9440
f 10970 5124 5109
f 5109 5124 5171
f 5109 5171 5172
f 5208 5171 5236
f 5172 5171 5208
f 5208 5236 9507
f 5208 9507 9506
f 4975 11159 4927
f 4975 4927 5015
f 5102 11568 5129
f 5129 5156 5197
f 5212 5265 5281
f 5281 5291 5334
f 5334 5397 5373
f 5373 5426 5477
f 5510 5491 5576
f 5778 5730 5790
f 5863 5790 5789
f 5997 5957 6008
f 5997 6008 6040
f 6041 6040 6084
f 6041 6084 6116
f 6116 6142 6177
f 4991 10236 9870
f 5267 5337 5317
f 4950 11159 4975
f 4945 4946 4968
f 4968 4946 4933
f 4945 4968 4934
f 4934 4968 5002
f 5037 5087 10237
f 10237 5087 5074
f 5968 5967 10398
f 5968 10398 6015
f 6249 11685 9841
f 9591 5096 5122
f 5325 5287 5401
f 4975 5015 11624
f 5067 5031 5102
f 5130 5102 5129
f 5175 5129 5197
f 5662 5606 5691
f 5898 10966 5998
f 6008 5957 5998
f 5997 6040 6041
f 6161 6116 6177
f 10971 5022 5036
f 5022 5117 5147
f 5147 5117 5179
f 5273 5250 5218
f 5298 5273 5297
f 5298 5297 5376
f 5376 5297 5389
f 5376 5389 5431
f 5414 5431 5472
f 5459 5472 11608
f 5579 11608 11551
f 5579 11551 5595
f 5949 5903 5995
f 5949 5995 5994
f 5994 5995 11420
f 6209 6187 11686
f 4972 4433 4434
f 9800 4433 4972
f 4972 4434 5045
f 4972 5045 4986
f 4986 5045 5046
f 5046 5045 11422
f 5122 5153 5123
f 10501 5132 5148
f 5317 5337 5359
f 5002 4968 10971
f 5794 5849 5850
f 5850 5908 9563
f 9563 5908 5934
f 5934 10593 5967
f 6171 6183 6184
f 6171 6184 6225
f 5031 5091 5102
f 5067 5102 5130
f 5130 5129 5175
f 5175 5197 5212
f 5427 5373 5477
f 5427 5477 10325
f 5662 5691 5706
f 5706 5691 5730
f 5803 5778 5790
f 5803 5790 5874
f 5898 10713 11609
f 10741 6041 6116
f 6204 6161 6177
f 6204 6177 10662
f 6204 10662 10712
f 9870 5114 10501
f 5037 5002 10971
f 5180 5147 5179
f 5180 5179 5250
f 5414 5376 5431
f 5459 11269 5472
f 5537 5459 5579
f 5579 5595 11163
f 11163 5595 5644
f 5678 5677 5772
f 5812 5763 5859
f 5910 5878 5903
f 6045 11420 6104
f 5252 5300 5312
f 5312 5300 5364
f 5312 5364 5341
f 5341 5364 5377
f 5341 5377 5378
f 5378 5377 5448
f 5378 5448 5433
f 5433 5448 5462
f 5433 5462 5463
f 5463 5462 5536
f 5463 5536 5517
f 5517 5536 5564
f 5517 5564 5565
f 5565 5564 5623
f 5565 5623 5596
f 5596 5623 5649
f 5596 5649 5650
f 5650 5649 5679
f 5650 5679 9872
f 9872 5679 5771
f 5683 9872 5716
f 5716 5771 5770
f 5770 5816 5794
f 5850 5849 5908
f 5967 10593 10398
f 6184 6247 6225
f 6225 6247 6248
f 10236 5031 5067
f 5131 5130 5175
f 5213 5175 5212
f 5266 5212 5281
f 5292 5281 5334
f 5396 5334 5373
f 10325 5510 5511
f 5558 10766 5641
f 5641 5662 5690
f 5690 5662 5706
f 5706 5730 5778
f 5731 5706 5778
f 5791 5778 5803
f 10713 5803 5874
f 10974 5898 5957
f 10974 5957 6023
f 6023 5997 6041
f 6117 6161 6193
f 6193 6161 6204
f 10501 5114 5132
f 5074 5087 5160
f 5849 5933 5908
f 6050 6122 6107
f 6248 6247 6263
f 6248 6263 9841
f 5114 5130 5131
f 5131 5175 5213
f 5213 5212 5266
f 5266 5281 5292
f 5292 5334 5396
f 5396 5373 5427
f 5476 10325 5511
f 5690 5706 5731
f 5791 5731 5778
f 5822 5803 10713
f 10098 6085 10741
f 6193 6204 6270
f 6270 6204 10712
f 5160 5147 5180
f 5219 5180 5250
f 5283 5250 5273
f 5283 5273 5298
f 5313 5283 5298
f 5388 5298 5376
f 5388 5376 5414
f 5388 5414 5446
f 5537 5579 5625
f 5625 5579 11163
f 5669 11163 5678
f 5736 5678 5772
f 5812 5772 5763
f 5827 5812 10397
f 10397 5878 5910
f 5847 10397 5910
f 5910 5903 5949
f 5928 5910 5949
f 5963 5949 5994
f 5963 5994 6027
f 6265 6209 6266
f 5170 5169 5237
f 9874 5370 9612
f 9612 5370 5369
f 5122 5170 5153
f 5123 9873 5188
f 5260 5207 5286
f 9874 5286 5370
f 5260 5286 9507
f 9507 5286 9874
f 9507 9874 5287
f 5287 9874 5401
f 5401 9874 9612
f 5401 9612 9387
f 9870 10236 5114
f 5267 5318 5337
f 5337 5318 5336
f 5337 5336 5394
f 5293 5266 5292
f 5357 5292 5396
f 5410 5396 5427
f 10810 10714 10713
f 10098 10741 6117
f 5226 5161 5251
f 5771 5815 5770
f 6151 6170 6183
f 5087 5036 5160
f 10795 5074 5160
f 5181 5160 5180
f 5313 5298 5388
f 10594 5537 5625
f 5625 11163 5669
f 5685 5669 5678
f 5685 5678 5736
f 5736 5772 5764
f 5764 5772 5812
f 5847 5827 10397
f 5928 5847 5910
f 5963 5928 5949
f 6090 6027 6045
f 6167 6146 6187
f 6167 6187 6209
f 5170 10941 5169
f 5153 5237 5277
f 5337 5394 5359
f 5359 5394 5393
f 5252 5251 11837
f 5934 10562 10593
f 9876 4436 5187
f 5169 9876 5187
f 5286 5330 5370
f 5370 5330 5405
f 5370 5405 5369
f 5114 5067 5130
f 10977 5131 5213
f 5214 5213 5266
f 5214 5266 5293
f 5293 5292 5357
f 5357 5396 5410
f 5410 5427 5476
f 5630 5456 5558
f 5630 5558 5641
f 5642 5641 5690
f 5674 5690 5731
f 5131 5132 5114
f 5336 5395 5394
f 5132 5131 10977
f 9878 5133 10977
f 5411 5357 5410
f 5443 5410 5476
f 5456 5476 5511
f 5642 5630 5641
f 5642 5690 5674
f 5707 5674 5731
f 5707 5731 5791
f 5757 5791 5822
f 10713 10714 5822
f 5448 5461 5462
f 5462 5461 5516
f 5462 5516 5536
f 5536 5516 9877
f 5536 9877 5564
f 5564 5624 5623
f 5623 5624 5648
f 5623 5648 5649
f 5679 5649 5715
f 5679 5715 5749
f 5679 5749 5771
f 10593 5990 6014
f 10593 6014 10398
f 6151 6107 6170
f 5181 10795 5160
f 9875 5283 5313
f 5299 9875 5313
f 5299 5313 5362
f 5362 5313 5388
f 5415 5388 5446
f 5827 5764 5812
f 5904 5847 5928
f 5993 5963 6027
f 6053 6027 6090
f 6090 6145 11645
f 5393 5394 5412
f 5181 5227 5161
f 5251 5227 11837
f 5161 5227 5251
f 5252 11837 5300
f 5815 5857 5816
f 6247 6261 6263
f 5411 5410 5443
f 5443 5476 5492
f 5492 5476 5456
f 5492 5456 5527
f 5707 5791 5757
f 5757 5822 5862
f 5914 5862 10714
f 5914 10714 10810
f 10098 6130 10742
f 5227 5181 5219
f 11837 5227 9875
f 5362 5388 5415
f 5471 5415 5446
f 5471 5446 5496
f 5685 5612 5669
f 5950 5904 5928
f 5950 5928 5963
f 5950 5963 5993
f 6012 5950 5993
f 6053 5993 6027
f 6053 6090 11753
f 6146 11753 11645
f 6146 11645 6187
f 6146 6167 6210
f 6210 6167 6219
f 5132 10977 5133
f 5336 5335 5395
f 5394 5395 5412
f 5393 5412 5475
f 5300 5363 5364
f 5816 5857 5891
f 5816 5891 5849
f 6014 10099 6031
f 6247 6246 6261
f 5187 4438 9801
f 5237 10326 5326
f 5207 11165 5330
f 5330 11165 5402
f 5330 5402 5405
f 5452 5524 5505
f 5293 9878 5214
f 5358 5293 5357
f 5444 5443 5492
f 5546 5492 5527
f 5607 5630 5642
f 5862 5804 5757
f 5841 5862 5914
f 5996 5958 6024
f 11082 6117 10975
f 5336 11270 5335
f 10972 5133 5215
f 5227 5219 9875
f 6170 10788 6183
f 10788 6260 6246
f 6246 6260 6261
f 11088 5403 5329
f 5329 5403 5404
f 5439 5485 5484
f 5439 5484 5450
f 5450 5484 5502
f 5450 5502 5503
f 5503 5502 9335
f 5588 5654 5603
f 5319 9878 5293
f 5319 5293 5358
f 5358 5357 5411
f 5527 5630 5607
f 5607 5642 5689
f 5708 5674 5707
f 5732 5707 5757
f 5732 5757 5804
f 5958 5996 5926
f 6192 11082 10975
f 6232 10975 10976
f 11837 9875 5299
f 5362 5415 5432
f 5432 5415 5471
f 5613 5563 10238
f 5613 10594 5612
f 5713 5685 5736
f 10979 5736 5764
f 5879 5847 5904
f 5992 5950 6012
f 6147 11753 6146
f 6147 6146 6210
f 11088 5327 5328
f 9335 5587 5588
f 5215 9878 5319
f 5395 5428 11167
f 11837 5299 5300
f 5364 5363 5416
f 5364 5416 5377
f 5377 5416 5470
f 5377 5470 5448
f 5448 5470 5461
f 9877 5615 5624
f 5624 5615 5648
f 5648 5715 5649
f 5715 5748 5749
f 11166 5793 5858
f 6122 6186 6170
f 6170 6186 10788
f 11088 5328 5403
f 5588 5587 5654
f 5335 5319 5358
f 5374 5358 5411
f 5444 5411 5443
f 5577 5546 5527
f 5732 5708 5707
f 6026 5996 6025
f 6026 6025 6042
f 10742 6042 6025
f 6130 6042 10742
f 6192 10975 6232
f 5299 5362 5363
f 5363 5362 5432
f 5447 5471 5514
f 5713 5736 10979
f 5813 5828 5879
f 5929 5879 5904
f 5929 5904 5950
f 11753 6091 6053
f 6091 11753 6147
f 6168 6147 6210
f 5335 5358 5374
f 5374 5411 5444
f 5457 5444 5546
f 5577 5527 5607
f 10663 5577 5607
f 5675 5663 5708
f 5823 5804 5841
f 6071 6042 6130
f 6118 6130 11082
f 6118 11082 6192
f 5990 6030 6014
f 6014 6030 10099
f 6106 6186 6122
f 5403 5328 10270
f 5300 5299 5363
f 5857 5858 5890
f 5849 5891 5933
f 5545 5457 5546
f 5663 10663 5689
f 5663 5689 5708
f 5675 5708 5732
f 5758 5732 5804
f 6026 11865 5996
f 10982 6026 6042
f 10982 6042 6071
f 6071 6130 6118
f 6191 6118 6192
f 6205 6192 6232
f 5515 5514 10238
f 5515 5447 5514
f 10980 5713 10978
f 9395 5813 5879
f 9395 5879 5929
f 5984 5992 6012
f 5984 6012 11349
f 6220 6168 6210
f 5569 5523 5586
f 5556 5569 5602
f 5556 5602 5587
f 5403 10270 5423
f 5404 5423 5438
f 5404 5438 5485
f 5485 5438 5487
f 5485 5487 5484
f 5484 5487 5554
f 5484 5554 5502
f 5502 5554 5556
f 5502 5556 9335
f 9335 5556 5587
f 5699 5604 5783
f 5699 5783 9331
f 5374 5395 5335
f 5512 10715 5543
f 5512 5543 5528
f 5428 5444 5457
f 5545 5546 5577
f 5608 10663 5663
f 5675 5732 5758
f 11876 5805 5823
f 6191 6192 6205
f 6030 6073 10099
f 5416 5363 5432
f 6046 6052 6091
f 5569 5586 5602
f 5587 5602 9508
f 5654 9508 5724
f 5416 5447 5470
f 5461 5581 5516
f 5516 5581 10981
f 9877 5516 10981
f 9877 10981 5615
f 5748 11272 5793
f 5857 5890 5891
f 5891 5932 5933
f 5523 5487 9802
f 5523 9803 5586
f 5544 11221 5545
f 5559 5545 5577
f 10102 5663 5675
f 5823 5805 5804
f 10982 5945 6026
f 6178 6191 6205
f 6178 6205 6233
f 6233 6205 6269
f 5447 5416 5432
f 5460 5447 5515
f 5614 5563 5613
f 5645 5614 5613
f 5829 10978 5813
f 5984 11349 6052
f 6091 6052 11349
f 6180 6168 6220
f 5586 9803 5585
f 5602 5586 5636
f 5724 9508 5723
f 10715 5544 5543
f 5749 5748 5793
f 5891 5890 5932
f 5990 6029 6030
f 6186 6182 10788
f 5544 5545 5559
f 5733 10102 5675
f 5777 5675 5758
f 5777 5758 5805
f 6009 5945 10982
f 6058 6009 10982
f 6058 10982 6129
f 5460 5515 10983
f 10983 5515 5563
f 10103 5563 5614
f 5765 10978 5829
f 9395 5829 5813
f 9425 5984 9624
f 9624 5984 6052
f 11350 9564 6168
f 6180 6220 6237
f 5470 5447 5460
f 5470 5460 5461
f 5461 5460 5581
f 5615 10981 5647
f 5615 5647 5684
f 5615 5684 5648
f 5648 5684 10100
f 11272 5848 5793
f 5858 5889 5890
f 5890 5931 5932
f 6073 6126 6125
f 6260 6245 10951
f 9802 5486 5555
f 5733 5675 5777
f 5581 5460 10983
f 10103 10983 5563
f 10268 9624 6052
f 10268 6052 6046
f 9336 6046 11350
f 11350 6168 6180
f 9803 9802 5555
f 5543 5544 5560
f 5543 5560 5528
f 5932 5931 5966
f 5932 5966 10101
f 6030 6072 6073
f 5585 5653 5636
f 5586 5585 5636
f 5724 9441 5783
f 11786 9441 5797
f 11786 5797 5834
f 5560 5544 5559
f 5560 5559 9879
f 5608 9879 10663
f 5806 5777 5805
f 5806 5805 11876
f 5981 6009 6058
f 6071 6119 6129
f 6178 6190 6191
f 5714 10452 10100
f 5890 5889 5931
f 6029 5966 6013
f 6030 6029 6072
f 6182 6244 6245
f 10981 10983 10103
f 5555 4445 4446
f 5555 4446 5601
f 5555 5601 9803
f 9803 5601 5585
f 5636 5653 5698
f 5797 5868 11758
f 5920 5921 11754
f 5759 5733 5777
f 5759 5777 5806
f 5981 5959 6009
f 5981 6058 6057
f 5646 10103 5614
f 10980 9394 5670
f 5887 5830 9395
f 11057 11350 6180
f 6211 6180 6237
f 5752 9496 5868
f 5560 9879 5593
f 6072 6126 6073
f 6126 6150 6125
f 6243 6244 6182
f 4446 4447 5601
f 5653 5585 5652
f 5797 11758 5834
f 5664 5608 10102
f 5861 5806 5885
f 5885 5806 11876
f 5884 5885 11876
f 11057 6180 6211
f 6288 6211 6237
f 5608 5593 9879
f 5664 10102 10503
f 5861 5759 5806
f 6128 6057 6129
f 6128 6129 6119
f 6206 6190 11271
f 5647 5646 10239
f 5684 5647 10239
f 5684 10239 5714
f 6125 6150 6169
f 9397 5765 5814
f 5665 5664 5709
f 5848 5888 5889
f 5931 5991 5966
f 6029 6049 6072
f 5672 5653 5652
f 5709 5664 10503
f 5709 10503 5776
f 5807 5759 5861
f 5739 5785 5751
f 5751 5785 10072
f 5653 5672 5698
f 5698 5672 5739
f 5807 5776 5759
f 5885 5884 5899
f 5959 5946 5899
f 6010 5959 5981
f 9316 6057 6128
f 6206 9880 6190
f 10452 5747 11272
f 5888 5930 5889
f 6013 5966 5991
f 6013 6049 6029
f 6049 6105 6072
f 6072 6105 6126
f 6245 6244 6259
f 6238 6211 6288
f 11273 11423 9318
f 5931 5930 5991
f 6105 6149 6126
f 6150 6243 6169
f 10072 11602 5869
f 11273 5869 5922
f 10841 9396 5973
f 5785 5722 5784
f 5785 5784 5882
f 10072 5785 5882
f 9318 11532 5973
f 5848 10399 9619
f 5991 6028 6013
f 6013 6048 6049
f 6126 6149 6150
f 6244 6243 6258
f 6244 6258 6259
f 4450 5784 5722
f 6048 6093 6049
f 6049 6093 6105
f 6150 9593 6243
f 5888 5905 5930
f 5930 5965 5991
f 6149 9593 6150
f 5881 5923 5892
f 5939 5892 5938
f 5939 5972 6000
f 6228 11274 6278
f 11602 5892 5922
f 5922 5892 5939
f 5922 5939 11423
f 11423 5939 6000
f 11532 6064 6063
f 5930 5905 5965
f 5991 5965 6028
f 6105 6148 6149
f 6093 6148 6105
f 6148 6212 6149
f 5892 5923 5938
f 6064 6019 6098
f 6064 6098 6067
f 6048 6047 6093
f 6149 6212 9593
f 6001 5938 5923
f 6028 5965 5985
f 6048 6028 6047
f 6093 6047 9444
f 6148 6093 9444
f 6066 6096 6097
f 6066 6097 6135
f 6110 6135 6156
f 6226 6277 6227
f 5972 6001 6065
f 6019 6066 6098
f 6098 6135 6110
f 6028 9339 6047
f 6028 5985 9339
f 11603 6136 6198
f 9339 6092 6047
f 6221 6240 6290
f 6212 10984 6222
f 10760 6097 9332
f 9332 6097 6096
f 6156 6215 6198
f 6198 6215 6216
f 6198 6216 6226
f 6226 6216 11647
f 6242 6223 6291
f 6214 6273 6275
f 4458 4459 6172
f 6241 6222 6221
f 6223 6222 6241
f 6291 6223 6241
f 6344 6293 6394
f 6344 6394 11281
f 11687 6345 6344
f 11687 6344 11281
f 6357 6345 11687
f 6357 6343 6345
f 6372 11668 6433
f 6315 6343 6357
f 11720 6372 6433
f 6358 6343 6315
f 6277 11647 6276
f 6358 6276 6343
f 10356 6434 6465
f 6548 10356 6547
f 6373 6358 6315
f 6373 6315 6408
f 6409 6408 6463
f 6342 9594 6358
f 6342 6358 6373
f 10629 6409 6435
f 6435 6409 6463
f 11274 6227 6296
f 6359 6342 6373
f 6467 10629 6435
f 10504 6342 6359
f 10504 10697 6342
f 6410 6393 6360
f 9882 9478 9943
f 6361 9881 10504
f 6360 6361 10504
f 6410 6360 10629
f 6279 9881 6341
f 6341 6361 6393
f 6341 9881 6361
f 6411 6410 10767
f 6727 6685 9882
f 6479 10767 6478
f 10985 6549 11533
f 9955 10726 6279
f 9955 6279 6341
f 6395 6393 6411
f 6610 6550 11533
f 6392 11351 6395
f 6881 10674 6868
f 6316 11351 6392
f 9883 6392 6395
f 6653 6610 6656
f 6480 6479 11499
f 6686 6740 6695
f 10986 10674 6881
f 6657 6656 6686
f 6696 6686 6695
f 6696 6695 6741
f 6897 11169 6881
f 6391 6316 6392
f 6657 6686 6696
f 6611 6596 11534
f 6611 6653 6657
f 6808 10986 6917
f 6412 6391 6462
f 9398 6808 6917
f 6362 6297 6316
f 6728 6696 6741
f 6728 6741 6791
f 6954 6939 6982
f 6954 6982 7038
f 9884 6297 6362
f 6362 6316 6391
f 6898 6917 6939
f 6898 6939 6954
f 6562 6611 9345
f 6390 6362 6391
f 6390 6391 6412
f 6521 6515 6481
f 6752 6728 6791
f 6752 6791 10842
f 6437 6412 6481
f 6522 6521 6595
f 6595 6521 6596
f 6562 6595 6596
f 6652 6562 9345
f 6697 6652 9345
f 6742 6728 6752
f 6940 6898 6954
f 6280 9884 6340
f 6340 9884 6362
f 6437 6481 6515
f 6728 6697 6696
f 6809 6752 10842
f 6413 6390 6412
f 6612 6562 6652
f 6809 10842 10743
f 9398 10743 10842
f 6651 6652 6670
f 6742 6670 6697
f 9346 6940 7010
f 7046 7010 7100
f 6612 6563 11648
f 6671 6651 6670
f 6671 6670 6742
f 7046 7100 7122
f 6389 6317 6390
f 6882 10743 6870
f 7046 9346 7010
f 6298 6254 10595
f 6438 6389 6413
f 6753 9467 9885
f 6882 6796 6809
f 6870 6916 6978
f 6298 10595 6318
f 6318 10595 6317
f 6318 6317 6388
f 6388 6317 6389
f 6388 6389 6414
f 9467 6742 9885
f 10630 6870 6978
f 6672 6651 6671
f 6753 9885 6796
f 6796 9885 6809
f 9480 10105 9346
f 10987 10400 7183
f 6594 6536 6563
f 6650 6563 6612
f 6650 6612 6651
f 6650 6651 6672
f 11480 6672 6671
f 11612 9467 6753
f 9480 7046 7099
f 7098 7099 10400
f 10987 7183 7201
f 6594 6563 6650
f 11480 9467 11612
f 6921 10630 6978
f 6281 6298 6339
f 6339 6298 6318
f 6339 6318 6363
f 6363 6318 6388
f 6536 6439 6514
f 6482 6439 6536
f 6523 6536 6594
f 6594 6650 11611
f 11611 6650 6672
f 6796 6882 9347
f 9347 6882 10630
f 6921 6978 10105
f 10988 10987 7201
f 11866 11612 6753
f 6922 10630 6921
f 6364 6339 6363
f 6523 6482 6536
f 11649 6921 10105
f 11649 9445 6993
f 6754 11612 11866
f 6821 6820 9347
f 6821 9347 6922
f 6922 9347 10630
f 6299 6281 6339
f 11688 6922 6921
f 7022 6993 9445
f 6299 6256 6281
f 11688 6899 6922
f 6993 11688 11649
f 10688 6993 7022
f 7022 7098 9348
f 7279 7257 10241
f 6364 10106 6415
f 6440 6482 6513
f 6513 6482 6523
f 6593 6523 6594
f 6593 6594 11611
f 6994 6993 10688
f 10688 7022 7060
f 6256 6255 6281
f 6743 6698 11612
f 7060 7022 9348
f 7257 7279 7217
f 6319 6300 6299
f 6387 6319 6364
f 6396 6440 6513
f 6537 6513 6523
f 6537 6523 6593
f 7072 7060 9348
f 7217 9468 7257
f 7217 7279 7291
f 6396 6415 6440
f 6564 6537 6593
f 6564 6593 6613
f 6512 6396 6513
f 6512 6513 6537
f 6538 6512 6537
f 6538 6537 6564
f 6699 6743 6755
f 6755 6743 6754
f 6822 6797 11060
f 6955 6900 6899
f 6955 6899 6994
f 7123 7072 7159
f 9426 7217 7291
f 6257 10090 6300
f 6257 6300 10107
f 10107 6300 6319
f 10839 6564 6613
f 6900 6883 6899
f 10688 6955 6994
f 7292 7291 7376
f 10107 6319 6320
f 10631 6387 6396
f 6614 6538 6564
f 6614 6564 10839
f 6798 6755 6797
f 6823 6797 6822
f 6823 6822 6871
f 6871 6822 6883
f 7072 7123 7139
f 7292 9426 7291
f 7404 7292 7376
f 10631 6396 6483
f 6483 6396 6512
f 6524 6512 6538
f 6756 6699 6755
f 6798 6797 6823
f 6871 6883 6900
f 6956 6900 6955
f 6956 6955 11613
f 6995 6955 10688
f 9426 7292 7326
f 7326 7292 7404
f 6756 6723 6699
f 6756 6755 6798
f 7023 6995 7097
f 7139 7202 11170
f 7403 7326 7404
f 6659 6614 10839
f 6923 6871 6900
f 6923 6900 6956
f 9886 6524 6538
f 6565 6538 6614
f 6565 6614 6615
f 6615 6614 6659
f 6996 11613 7023
f 10401 6461 6483
f 6615 6659 6660
f 6700 6756 10744
f 6977 6923 6956
f 6977 6956 6996
f 7047 7023 7097
f 9484 7047 7097
f 7124 7139 11170
f 6397 6461 6422
f 6422 6461 10401
f 6511 10401 6524
f 6625 6615 6660
f 6957 6977 6996
f 7024 6996 7023
f 7024 7023 7047
f 7073 7047 9484
f 10242 11170 7218
f 7377 7403 7410
f 7419 7377 7410
f 6346 6301 10664
f 6539 6565 6616
f 6616 6565 6615
f 6616 6615 6625
f 6625 6660 6687
f 6687 6723 6700
f 6757 10744 6772
f 6772 10744 6846
f 6957 6996 7024
f 7140 7124 7203
f 7293 7316 7403
f 7293 7403 7377
f 7420 7377 7419
f 7420 7419 10214
f 6468 6422 10401
f 6688 6625 6687
f 6854 6846 10327
f 10989 7024 7047
f 10989 7047 7073
f 7256 7203 10242
f 6301 6231 6230
f 6301 6230 10664
f 6365 6346 6312
f 6365 6397 6422
f 6416 6365 6422
f 10505 6511 6539
f 6649 6616 6625
f 6649 6625 6688
f 6701 6687 6700
f 6810 6757 6772
f 6824 6772 6854
f 6884 6915 6924
f 6924 6915 6977
f 6924 6977 6957
f 6997 6957 7024
f 6997 7024 10989
f 7048 6997 10989
f 7140 7073 7124
f 7293 7377 7411
f 7411 7377 7420
f 6271 6231 6301
f 6282 6301 6346
f 6441 6416 6422
f 6540 10505 6539
f 6540 6539 6616
f 6701 6688 6687
f 6701 6700 6757
f 6824 6810 6772
f 10689 6884 6924
f 6976 6924 6957
f 7061 7048 10989
f 7061 10989 7073
f 7107 7073 7140
f 7266 7293 7294
f 7361 7293 7411
f 7411 7420 10992
f 6346 6365 10991
f 10991 6365 6416
f 6460 6416 6441
f 6484 6441 6468
f 6484 6468 10505
f 6599 6540 6616
f 6649 6599 6616
f 6648 6649 6688
f 6702 6688 6701
f 6702 6701 6790
f 6790 6701 6757
f 6790 6757 6810
f 7061 7073 7107
f 7107 7140 10990
f 7294 7267 7266
f 7294 7293 7361
f 7361 7411 7462
f 7462 7411 10992
f 6347 6282 10991
f 6592 6540 6599
f 6648 6688 6702
f 11424 6702 6790
f 6799 6790 6810
f 10716 6824 6884
f 7049 7061 7108
f 7108 7061 7107
f 7108 7107 7141
f 7141 7107 10990
f 7204 10990 7256
f 7315 7267 7294
f 7421 7361 7462
f 6283 6271 6282
f 6347 10991 10506
f 10506 6460 6374
f 6484 6460 6441
f 6617 6592 6599
f 6617 6599 6649
f 11482 6648 6702
f 11424 6790 6799
f 6799 6810 10665
f 6998 6997 7048
f 6998 7048 7049
f 7141 10990 7204
f 7204 7256 7232
f 7315 7294 7402
f 7402 7294 7361
f 7461 7462 11508
f 7511 10441 11569
f 6284 6283 6338
f 6442 6460 6484
f 6442 6484 6510
f 6510 6484 6493
f 6600 6592 6617
f 6617 6649 6648
f 11482 6702 11424
f 7049 7048 7061
f 7142 7108 7141
f 7142 7141 7160
f 7160 7141 7204
f 7255 7204 7232
f 7295 7315 7402
f 6348 6338 6347
f 6348 6347 10506
f 6374 6348 10506
f 6510 6493 11093
f 6647 6617 6648
f 6872 10665 10716
f 7050 6998 7049
f 7050 7049 10402
f 7160 7204 7255
f 7422 7421 7461
f 7461 7421 7462
f 7544 10632 7511
f 7544 7511 7643
f 7629 7607 7643
f 7629 7643 7662
f 6469 6442 6510
f 6647 6600 6617
f 6647 6648 6673
f 6673 6648 11482
f 6941 6914 10565
f 7219 7160 7255
f 7422 7402 7421
f 7461 11508 10632
f 6398 6348 6374
f 6398 6374 6423
f 6423 6374 6442
f 6423 6442 6469
f 6618 6600 6647
f 6626 6647 6673
f 6703 6673 11482
f 6744 11482 11424
f 6941 10565 6983
f 6983 10565 6999
f 6999 6998 7050
f 7108 7142 10402
f 10403 7142 7160
f 7254 7255 10993
f 10993 7315 7295
f 7445 7422 7461
f 7445 7461 10632
f 7598 7544 7607
f 7582 7607 7629
f 7582 7629 7679
f 7679 7629 7663
f 7679 7663 7709
f 6494 6469 6510
f 6618 6647 6626
f 6626 6673 6689
f 6689 6673 6703
f 6744 11424 11570
f 7143 11481 10403
f 7327 7295 7401
f 7401 7295 7402
f 7401 7402 7422
f 7582 7598 7607
f 10976 6270 10507
f 6366 6348 6398
f 6423 6469 6509
f 6509 6469 6494
f 6745 6703 6744
f 6845 11570 11425
f 6975 6941 6983
f 7096 11481 7143
f 10404 7327 7401
f 7378 7401 7422
f 7378 7422 7445
f 7644 7582 7679
f 7644 7679 7684
f 7684 7679 7709
f 6424 6398 6423
f 6509 6494 6541
f 6541 6494 6551
f 6773 11570 6845
f 7000 6983 7037
f 7219 7254 7233
f 10404 7401 7378
f 7378 7445 7471
f 7545 7598 7583
f 7583 7598 7582
f 7583 7582 7644
f 6321 10596 6366
f 6424 6423 6509
f 6601 6551 6618
f 6601 6618 6626
f 6627 6626 6689
f 6773 6845 6856
f 6856 6845 10845
f 6941 6975 6925
f 7413 10404 7412
f 7412 10404 7378
f 7412 7378 7471
f 7584 7545 7583
f 6321 6366 11571
f 6443 6424 6509
f 6443 6509 6541
f 6566 6541 6551
f 6566 6551 6601
f 6601 6626 6627
f 6856 10845 11392
f 7001 6942 6975
f 7253 7233 10244
f 7559 11721 7584
f 7584 7583 7630
f 7630 7583 7644
f 11822 6321 6367
f 6367 6321 11571
f 6567 9888 6566
f 10108 6566 6601
f 10108 6601 6627
f 6722 6627 6689
f 10768 6773 6856
f 10328 7074 7143
f 10328 7143 10403
f 7413 7412 7423
f 7423 7412 7471
f 7423 7471 9887
f 11275 7630 7726
f 6367 11571 6399
f 6567 6566 10108
f 6628 10108 6627
f 10768 6856 6857
f 6857 6856 11392
f 6689 11172 6722
f 6857 11392 6926
f 7051 7095 7075
f 7075 7095 7074
f 7125 7074 10328
f 7125 10328 7161
f 7446 7423 9887
f 7664 11275 7726
f 7664 7726 7742
f 7664 7742 7795
f 7795 7742 7882
f 7795 7882 7854
f 6269 10563 11822
f 6444 6425 6485
f 6485 6425 6443
f 6974 6943 6942
f 6974 6942 7001
f 7075 7074 7125
f 10996 7161 10745
f 7314 7328 7340
f 7340 7328 7413
f 6507 6508 11766
f 6690 6628 6722
f 10994 11172 6789
f 6943 10453 6926
f 6943 6926 6942
f 6958 6974 7011
f 7011 10243 7051
f 7094 7051 7075
f 7126 7075 7125
f 7182 7125 7161
f 7182 7161 10996
f 7340 7413 7379
f 7379 7413 7423
f 7608 7559 7584
f 7608 7584 11689
f 7710 11275 7664
f 7782 7664 7795
f 7782 7795 7808
f 7808 7795 7854
f 7808 7854 7952
f 6285 6233 6269
f 6285 6269 11822
f 6958 7011 7012
f 7012 7011 7051
f 7094 7075 7126
f 7126 7125 7182
f 7379 7423 7446
f 7710 7664 7782
f 6619 6567 10108
f 6619 10108 6628
f 6619 6628 6661
f 6661 6628 6690
f 6901 6943 6958
f 6958 6943 6974
f 7162 7126 7182
f 7162 7182 10996
f 7268 10745 7314
f 7400 7340 7379
f 7472 7379 7446
f 7743 7710 7782
f 7833 7782 7808
f 7833 7808 10997
f 10997 7808 7952
f 7953 10997 7952
f 6313 6233 6285
f 6313 6285 6350
f 6445 6400 6444
f 6508 6444 6485
f 6445 6444 6508
f 10995 7094 7076
f 7076 7094 7126
f 7268 7314 7329
f 7329 7314 7340
f 7400 7379 7472
f 7743 7782 7833
f 6568 6567 6619
f 6691 6661 6690
f 6691 6690 10994
f 10245 6844 11299
f 7144 7126 7162
f 7234 7268 7280
f 7280 7268 7329
f 7329 7340 7400
f 7883 10997 7953
f 6351 6313 6350
f 6552 6507 11766
f 6646 6568 6619
f 6646 6619 6661
f 6629 6661 6691
f 6730 6691 10994
f 6811 6844 10245
f 6944 6901 6958
f 7002 6958 7012
f 7025 7012 10995
f 7144 7076 7126
f 7313 7280 7329
f 7313 7329 7400
f 7313 7400 7399
f 6313 10330 6233
f 9890 6944 7002
f 7025 7002 7012
f 7025 10995 7052
f 7052 10995 7076
f 7127 7076 7144
f 7206 7144 7162
f 7220 7234 7280
f 7460 7399 7400
f 7460 7400 7472
f 7585 10109 10702
f 7585 10702 11650
f 7796 7743 7833
f 7796 7833 7809
f 7809 7833 10997
f 7884 7809 7883
f 7884 7883 7936
f 7936 7883 7953
f 7936 7953 8035
f 6569 6552 6568
f 6569 6568 6646
f 6569 6646 6645
f 6629 6646 6661
f 6629 6691 6704
f 6704 6691 6730
f 6774 6729 6844
f 6811 10245 6885
f 6885 10245 6901
f 7181 7144 7206
f 7220 7206 7234
f 7645 7585 11650
f 7809 10997 7883
f 6401 11546 6400
f 6401 6400 10769
f 6525 6507 6552
f 6553 6552 6569
f 6645 6646 6629
f 6645 6629 6721
f 6721 6629 6704
f 6704 6730 6758
f 6758 6730 6729
f 6758 6729 6774
f 6886 10454 6885
f 6944 6885 6901
f 6886 6885 6944
f 6959 7002 7025
f 7052 7076 7127
f 7127 7144 7181
f 7424 7399 7460
f 7546 7585 7631
f 7631 7585 7645
f 7810 7796 7809
f 7810 7809 7811
f 7811 7809 7884
f 7937 7884 7936
f 7937 7936 7987
f 7987 7936 8035
f 10998 11546 6401
f 6525 10769 6445
f 6446 10769 6525
f 11387 6959 7025
f 11387 7025 7052
f 7180 7181 7206
f 7180 7206 7220
f 11755 7220 7312
f 7312 7220 7280
f 7312 7280 7313
f 7447 7424 7460
f 7447 7460 7498
f 7547 7498 10109
f 7547 10109 7546
f 7609 7546 7631
f 7678 7631 7645
f 7678 7645 7767
f 7811 7884 7897
f 7897 7884 7937
f 6721 6704 6705
f 6811 6774 6844
f 7252 7180 11755
f 7312 7313 7330
f 7330 7313 7399
f 7487 7447 7547
f 7632 7631 7678
f 9889 7678 7767
f 7810 9889 7796
f 7898 7937 7986
f 7986 7937 7987
f 7986 7987 7969
f 6386 10998 6401
f 6386 6401 6417
f 6417 6401 10769
f 6417 10769 6446
f 6506 6525 6553
f 6759 6758 6774
f 6858 6774 6811
f 7179 7181 7180
f 7296 11755 7312
f 7296 7312 7330
f 7330 7399 7424
f 7380 7330 7424
f 7425 7424 7447
f 7609 7631 7632
f 9525 6234 6302
f 6459 6418 6417
f 6459 6417 6446
f 6506 6446 6525
f 6506 6553 10110
f 10110 6553 6570
f 9497 6570 6645
f 6721 9497 6645
f 6787 6759 6858
f 6858 6759 6774
f 7053 11387 7093
f 7179 7180 7252
f 9540 7252 11755
f 9540 11755 7296
f 7380 7424 7425
f 7425 7447 7487
f 7632 7678 7677
f 7677 7678 9889
f 7898 7897 7937
f 7985 7986 7969
f 6337 9525 6302
f 7221 7252 9540
f 7311 9540 7296
f 7362 7296 7330
f 7362 7330 7380
f 7560 11086 7609
f 7744 7677 9889
f 7810 7811 7783
f 6426 6459 6446
f 7077 7093 7127
f 7077 7127 7181
f 7077 7181 7179
f 7311 7296 7362
f 7473 7425 7487
f 8055 7985 8092
f 6554 6506 10110
f 6571 10110 6570
f 7128 7077 7179
f 7685 7677 7744
f 7812 7783 7867
f 7868 7898 7899
f 7997 7985 8055
f 6375 9485 9349
f 7676 7632 7677
f 7676 7677 7685
f 7685 7744 7745
f 7745 7744 7783
f 7745 7783 7812
f 7868 7812 7867
f 7868 7867 7898
f 7868 7899 7984
f 7997 7899 7985
f 7997 7984 7899
f 8077 7997 8055
f 6644 11838 6630
f 11867 6731 6787
f 7128 7179 11801
f 7129 7128 11801
f 7297 7311 7362
f 11000 7380 7425
f 7548 7512 11690
f 7548 7560 10999
f 10999 7632 7676
f 7633 10999 7676
f 7797 7745 7812
f 9350 6506 6554
f 6572 6571 6644
f 6662 6644 6630
f 7109 9620 7128
f 7190 7129 11801
f 7251 7221 9540
f 11690 7474 7473
f 7633 7548 10999
f 7666 7633 7676
f 7666 7676 7685
f 7666 7685 7766
f 7766 7685 7745
f 7797 7812 7855
f 7855 7812 7868
f 7917 7868 7984
f 8020 7984 7997
f 8093 8077 8108
f 6336 9891 6303
f 6427 6426 6470
f 6732 6631 11614
f 6775 11867 6787
f 11827 6775 6873
f 7251 9540 7311
f 7398 7297 7362
f 7398 7362 7380
f 7488 7474 11690
f 7983 7917 7984
f 7983 7984 8020
f 8020 7997 8077
f 8036 8020 8077
f 6662 6572 6644
f 6662 6630 6631
f 6960 11001 7026
f 7250 7190 7221
f 7250 7221 7251
f 7310 7297 7398
f 10113 7474 7488
f 7675 7633 7666
f 7675 7666 7766
f 7797 7766 7745
f 7855 7868 7917
f 6447 6402 6427
f 6470 6447 6427
f 7013 6960 7026
f 7222 7190 7250
f 7250 7251 7269
f 7610 7548 7633
f 7784 7797 7855
f 7784 7855 7885
f 7885 7855 7917
f 8036 8077 8093
f 6505 6447 6470
f 11827 6761 6775
f 6961 10566 6960
f 10112 7013 7092
f 7092 7109 7145
f 7178 7190 7222
f 7363 7310 7398
f 7363 7398 7426
f 7900 7917 7983
f 11003 8020 8036
f 11003 8036 8094
f 8094 8036 8093
f 6526 6505 6573
f 6972 10566 6961
f 7091 7092 7145
f 7178 7145 7129
f 7235 7222 7250
f 7235 7250 7269
f 10113 7488 7528
f 7646 7675 7711
f 7746 7675 7766
f 7746 7766 7797
f 7813 7784 7885
f 7900 7885 7917
f 8206 10111 8264
f 7091 10112 7092
f 7130 7091 7145
f 7249 7222 7235
f 7235 7269 7270
f 7341 7310 7363
f 7528 7512 7561
f 7711 7675 7746
f 7784 7746 7797
f 7886 7813 7885
f 7886 7885 7900
f 7982 7900 7983
f 7982 7983 8020
f 6322 6402 6428
f 6428 6447 6471
f 11426 6732 6762
f 6762 6732 6761
f 7130 7145 7178
f 7163 7178 7222
f 7611 7561 7610
f 7611 7610 7646
f 10114 7900 7982
f 7998 7982 11003
f 6403 6322 6428
f 6720 6631 11426
f 7054 10567 10112
f 7054 10112 7091
f 7163 7130 7178
f 7249 7163 7222
f 7397 7341 7363
f 7459 7363 7426
f 7459 7426 10113
f 7686 7646 7711
f 7747 7711 7746
f 7747 7746 7784
f 7813 7747 7784
f 7886 7900 10114
f 6268 9469 6304
f 6304 6352 9598
f 6643 6631 6720
f 11651 6972 6962
f 7078 7054 7091
f 7191 7163 7249
f 7513 7528 7561
f 7562 7561 7611
f 7727 7686 7711
f 7727 7711 7747
f 7832 7747 7813
f 7887 7813 7886
f 7901 7886 10114
f 10114 7982 7998
f 8076 7998 11003
f 8076 11003 8094
f 8163 11002 8180
f 8163 8180 8207
f 6305 6268 6304
f 6419 6403 6428
f 6419 6428 6471
f 7036 6962 10567
f 7036 10567 7054
f 7078 7091 7130
f 7164 7130 7163
f 7459 7397 7363
f 7458 7397 7459
f 7562 7513 7561
f 7562 7611 7612
f 7686 7612 7646
f 7981 7901 10114
f 7981 10114 7998
f 8181 8163 8207
f 9598 6305 6304
f 6353 9598 6352
f 6376 6353 6403
f 6419 6471 6472
f 10746 11426 6762
f 6746 10746 6762
f 6963 6962 7036
f 7078 7130 7164
f 7191 7164 7163
f 7458 7459 7448
f 7448 7459 10113
f 7489 7448 7513
f 7727 7747 7832
f 7832 7813 7887
f 7887 7886 7901
f 6353 6352 6403
f 6376 6403 6419
f 6429 6419 6472
f 6576 6575 6620
f 6720 6620 6643
f 6674 6632 6720
f 7090 7078 7164
f 7549 7489 7513
f 7549 7513 7562
f 7586 7562 7612
f 7686 7634 7612
f 7687 7686 7727
f 7814 7831 7832
f 7814 7832 7887
f 7814 7887 7856
f 10508 10406 8076
f 10508 8076 8056
f 8163 8056 11002
f 6306 6305 9598
f 6429 6376 6419
f 6591 6504 6575
f 6591 6575 6576
f 6719 6674 10746
f 6776 6746 6800
f 7035 6963 7036
f 7035 7036 7054
f 7146 7090 7164
f 7146 7164 7191
f 7514 7489 7549
f 7902 7901 7981
f 8356 10332 8414
f 8356 8414 8447
f 6306 9598 6353
f 6763 6746 6776
f 6812 6800 6874
f 6861 6874 6860
f 7089 7035 7054
f 7089 7054 7078
f 7146 7191 11625
f 10247 10333 11839
f 7831 7687 7727
f 7765 7687 7831
f 7831 7727 7832
f 7856 7887 7901
f 8126 8109 8125
f 8126 8125 8181
f 8126 8181 8241
f 10407 8241 8207
f 8415 8356 8447
f 6368 6306 6353
f 6472 6504 6527
f 6675 6632 6674
f 6776 6800 6812
f 6812 6874 6861
f 6861 6860 6928
f 7014 6963 7035
f 7090 7089 7078
f 7396 7342 11583
f 7815 7831 7814
f 7815 7814 10116
f 7980 7981 10406
f 8340 10407 10332
f 6306 6267 6305
f 6368 6353 6376
f 6577 6527 6591
f 6577 6591 6576
f 6577 6576 6642
f 6675 6674 6719
f 6813 6776 6812
f 6825 6812 6861
f 6913 6861 6928
f 7003 7035 7089
f 7343 10247 7342
f 11583 7458 7427
f 8388 8356 8415
f 6335 6306 6368
f 6448 6429 6472
f 6448 6472 6527
f 6642 6632 6675
f 6706 6719 6763
f 6813 6812 6825
f 6825 6861 6913
f 7014 6945 6963
f 7014 7035 7003
f 7131 7090 7146
f 7343 7342 7396
f 7499 7427 7489
f 7499 7489 7514
f 7550 7499 7514
f 7587 7634 7688
f 7888 7856 7902
f 8208 8126 8241
f 8226 8241 10407
f 8340 8356 8388
f 6307 6267 6306
f 6307 6306 6335
f 6430 6377 6429
f 6429 6377 6376
f 6578 11173 6577
f 6621 6642 6675
f 10246 7003 7089
f 10598 10333 7343
f 7588 7563 7587
f 10578 7815 10116
f 7903 7888 7902
f 7903 7902 7980
f 7980 7902 7981
f 7980 10406 7999
f 8164 8109 8126
f 8164 8126 8208
f 8208 8241 8226
f 8371 8388 8415
f 8371 8415 8501
f 6307 6236 6267
f 6430 6429 6448
f 6578 6577 6602
f 6602 6577 6642
f 6602 6642 6621
f 7177 7131 7146
f 7147 7131 7177
f 11625 7177 7146
f 7395 7396 11583
f 7970 7903 7980
f 8110 7999 8109
f 8110 8109 8164
f 8164 8208 8227
f 8227 8208 8226
f 8357 10408 8388
f 8371 8501 8502
f 6266 6236 6307
f 6308 6307 6335
f 6528 6430 6448
f 6706 6763 6786
f 6786 6763 6813
f 6913 6945 6946
f 6946 6945 7014
f 6946 7014 6984
f 6984 7014 7003
f 6984 7003 11483
f 7062 10246 7131
f 7223 7177 11625
f 7344 10598 7343
f 7344 7343 7396
f 7515 7457 7499
f 7515 7499 7550
f 7674 7688 7728
f 10770 7764 10578
f 7816 7888 7916
f 7916 7888 7903
f 8137 8110 8164
f 8357 8388 8371
f 8430 8371 8502
f 6308 6266 6307
f 6603 6602 6621
f 11802 6825 6862
f 6862 6825 6913
f 6929 6913 6946
f 6971 6929 6946
f 6971 6946 6984
f 7309 7271 10598
f 7309 10598 7344
f 7588 7550 7563
f 10599 7764 10770
f 7916 7903 7938
f 8021 7999 8110
f 8137 8164 8182
f 8182 8164 8227
f 8226 10408 8265
f 8357 8371 8430
f 8521 8430 8502
f 6286 6266 6308
f 11174 6528 11173
f 6603 6578 6602
f 6764 11691 6706
f 6764 6706 6786
f 6842 6786 6813
f 6842 6813 11802
f 6929 6862 6913
f 10246 11483 7003
f 7176 7110 7147
f 7176 7147 7177
f 7176 7177 10118
f 9892 10118 7271
f 7394 7344 7396
f 7394 7395 7428
f 7428 7395 7457
f 7589 7588 7613
f 7589 7613 7635
f 7635 7613 7674
f 8075 8021 8110
f 6286 6308 6323
f 6369 6323 10117
f 6785 6764 6786
f 6785 6786 6842
f 6863 11802 6862
f 6863 6862 6929
f 7015 6971 6984
f 7015 6984 11483
f 11005 11483 7062
f 7110 7062 7147
f 9892 7271 7309
f 7345 7309 7344
f 7500 7457 7515
f 11484 7515 7564
f 8021 7954 7970
f 8075 8110 8137
f 8228 8182 8227
f 8228 8227 8265
f 8387 8357 8430
f 8503 8521 8567
f 6265 6266 6286
f 6334 6286 6323
f 11004 6528 11174
f 6579 6578 6603
f 6841 6842 11802
f 6841 11802 6863
f 11005 7015 11483
f 11484 7500 7515
f 7689 7635 7674
f 7689 7674 10599
f 7817 7816 7916
f 9898 8075 8137
f 10409 8137 8182
f 8228 8265 11006
f 8321 8357 8387
f 8431 8387 9893
f 9893 8430 8521
f 9893 8521 8503
f 6287 6265 6286
f 6450 6449 11004
f 6801 6785 6842
f 6801 6842 6841
f 6912 6863 6929
f 6912 6929 6971
f 9896 7015 11005
f 7393 7345 7394
f 7393 7394 7428
f 11652 7393 7428
f 7614 11484 7589
f 7614 7589 7635
f 7647 7635 7689
f 7729 7689 10599
f 7729 10599 10770
f 7904 7817 7916
f 7954 8021 8075
f 10409 9898 8137
f 8209 10409 8182
f 8209 8182 8228
f 8542 8503 8567
f 8542 8567 8587
f 6287 6286 6334
f 6334 6323 6354
f 6354 6323 6369
f 6354 6369 6378
f 6378 6369 11572
f 6378 11572 6449
f 6604 6579 6603
f 6733 11734 6764
f 6887 6841 6863
f 6887 6863 6912
f 7004 6971 7015
f 7111 11005 7110
f 7490 7500 11484
f 7565 11484 7614
f 7647 7614 7635
f 7712 7647 7689
f 7712 7689 7729
f 7729 10770 11083
f 7938 11276 7904
f 8057 7954 8075
f 8057 8075 9898
f 8229 11006 8310
f 8310 8321 8387
f 8431 9893 8503
f 11008 8503 8542
f 6219 6167 6265
f 6333 6287 6334
f 10334 6334 6354
f 10334 6354 6385
f 6385 6354 6378
f 6733 6785 6801
f 6814 6841 6887
f 7111 9896 11005
f 7111 7110 7132
f 9894 7309 7345
f 7429 7393 11652
f 7456 7429 11652
f 10600 11007 7647
f 7763 7729 11083
f 7818 11083 7817
f 8416 8358 8387
f 8416 8387 8431
f 11008 8431 8503
f 6802 6733 6801
f 6802 6801 6814
f 6911 6887 6912
f 6911 6912 11869
f 7298 11214 9894
f 7392 7345 7393
f 7392 7393 7429
f 7456 11652 7500
f 7490 11484 7565
f 7648 7647 7712
f 7763 11083 7818
f 7818 7817 7869
f 7869 7817 7904
f 8074 8000 8057
f 8416 8431 8480
f 8480 8431 11008
f 9516 8587 8624
f 6333 6334 10334
f 6814 6887 6911
f 7298 9894 7345
f 7298 7345 7392
f 7381 7392 7429
f 7785 7763 7818
f 11276 7905 7904
f 8074 8057 9898
f 8230 8209 8229
f 9543 8480 11008
f 8568 11008 8542
f 9516 8542 8587
f 8631 9516 8624
f 6264 6219 6333
f 6802 10718 6733
f 11214 7236 9894
f 7346 7298 7392
f 7381 7429 7455
f 7455 7429 7456
f 7501 7455 7456
f 8095 8074 9898
f 8183 8209 8230
f 8230 8229 11778
f 6529 6486 10608
f 6814 6815 6802
f 6910 6826 6911
f 11352 7111 7133
f 7208 9897 7236
f 7346 7392 7381
f 7501 7490 10120
f 7830 7785 7818
f 11354 11278 7905
f 8037 8074 8095
f 8386 8311 8358
f 8568 9543 11008
f 8625 9516 8631
f 6458 9895 6450
f 6486 6458 6450
f 6734 6707 10718
f 6734 10718 6765
f 6765 10718 6802
f 6765 6802 6815
f 6815 6814 6826
f 6826 6814 6911
f 7027 6985 10119
f 7027 10119 7063
f 7063 10119 11352
f 11352 7133 7112
f 7175 7133 9897
f 7175 7112 7133
f 7175 9897 7208
f 7237 11214 11176
f 11176 11214 7298
f 11176 7298 7346
f 11009 7763 7785
f 7830 7818 7869
f 11278 7830 7869
f 8320 11778 8311
f 8386 8416 8480
f 8625 8631 8664
f 6451 6431 11380
f 6451 11380 6487
f 6495 6487 6542
f 6641 6605 6633
f 6641 6633 6678
f 6678 6633 6692
f 6678 6692 9899
f 9899 6692 6747
f 9899 6747 6803
f 11872 10509 7016
f 7028 7016 7055
f 7088 7055 7079
f 7148 7079 7174
f 7148 7174 7165
f 7281 7224 7300
f 7347 7299 7332
f 7449 7431 7491
f 7799 7749 7819
f 7858 7819 7870
f 7858 7870 7940
f 7940 7870 7939
f 7940 7939 7971
f 8096 8022 8073
f 8096 8073 11148
f 8372 8385 8479
f 6457 6431 6451
f 6495 6451 6487
f 6530 6590 11011
f 11011 6590 6605
f 6718 6678 9899
f 6784 9899 6803
f 6816 6827 6875
f 7028 11872 7016
f 7028 7055 7088
f 7449 10121 7431
f 7636 7690 7730
f 7799 7819 7858
f 7915 7858 7940
f 8128 8096 11148
f 8478 8372 8479
f 6324 6310 6384
f 8319 8232 9819
f 11427 6238 6288
f 11427 6288 6310
f 6457 6451 6488
f 6488 6451 6495
f 6641 11011 6605
f 6718 9899 6784
f 6784 6803 6839
f 6839 6803 6816
f 6839 6816 6875
f 7080 7088 7113
f 7238 7248 7281
f 7391 7348 7347
f 7391 7347 10121
f 10555 7449 10335
f 10335 9817 7551
f 7526 10335 7551
f 7762 7714 7730
f 7762 7730 7749
f 7799 7762 7749
f 7859 7799 7858
f 7859 7858 7915
f 8232 8166 9819
f 6488 6495 6496
f 6496 6495 6530
f 6496 6530 6543
f 6543 6530 11011
f 6543 11011 6582
f 6640 11011 6641
f 6640 6641 6679
f 6679 6641 6678
f 6679 6678 6718
f 10511 10455 11010
f 9901 7165 7248
f 7192 7248 7238
f 7238 7281 7308
f 7308 7281 7299
f 7308 7299 7348
f 7348 7299 7347
f 7391 10121 10568
f 10568 10121 7449
f 7526 10555 10335
f 7526 7551 7591
f 7591 7551 7590
f 7591 7590 7616
f 7616 7590 7636
f 7616 7636 7714
f 7714 7636 7730
f 8058 8022 8096
f 8111 8058 8096
f 8111 8096 8128
f 8111 8128 8166
f 9351 8588 8606
f 6453 6452 6490
f 6531 6490 10458
f 6531 10458 6589
f 6680 10556 6749
f 6749 10556 10719
f 6837 6804 6828
f 6837 6828 6864
f 6864 6828 6877
f 6864 6877 6907
f 6907 6877 6902
f 6968 6907 6902
f 6968 6902 6986
f 7067 7065 7149
f 7166 7173 7210
f 7225 7210 7247
f 7247 7210 7282
f 7301 7247 11356
f 7433 7432 7476
f 7476 7502 7503
f 7597 7553 7617
f 7597 7617 7649
f 7649 7617 7691
f 7649 7691 7692
f 7692 7691 7761
f 7692 7761 7760
f 7786 7760 7829
f 7786 7829 7860
f 7860 7829 7914
f 7860 7914 7913
f 8167 8113 8185
f 8167 8185 8266
f 8167 8266 8289
f 8342 8289 8314
f 8374 9902 8373
f 8448 8374 8477
f 9903 8504 9820
f 6474 6453 6490
f 6474 6490 6531
f 9905 6531 6556
f 6556 6531 6589
f 6556 6589 6622
f 6622 6589 6664
f 6622 6664 6634
f 7033 10416 11012
f 7067 7066 7065
f 11353 7067 7149
f 7225 7166 7210
f 7225 7247 7272
f 7272 7247 7301
f 7364 7301 7349
f 7364 7349 10510
f 7492 7433 7476
f 7492 7476 7503
f 7492 7503 7516
f 7516 7503 7553
f 7516 7553 7597
f 7637 7649 7667
f 7667 7649 7692
f 7667 7692 7731
f 7731 7692 7760
f 7731 7760 7786
f 7820 7786 7860
f 7820 7860 7889
f 7889 7860 7913
f 7889 7913 7941
f 7941 7913 7955
f 7941 7955 7972
f 7972 7955 8002
f 7972 8002 8039
f 8039 8002 8071
f 8039 8071 8097
f 8097 8071 8113
f 8097 8113 8129
f 8129 8113 8167
f 8129 8167 8210
f 8210 8167 8289
f 8343 8342 9902
f 11175 9446 6325
f 6606 6556 6622
f 10223 10725 6837
f 9907 7067 7114
f 7114 7067 11353
f 7114 11353 7150
f 7150 11353 7166
f 7193 7166 7225
f 7226 7225 7272
f 7333 7301 7364
f 7390 7364 10510
f 7433 7492 7477
f 7525 7492 7516
f 7554 7516 7597
f 7592 7597 7637
f 7693 7667 7731
f 7759 7731 7786
f 7801 7786 7820
f 7861 7820 7889
f 7912 7889 7941
f 7956 7941 7972
f 8003 7972 8039
f 8070 8039 8097
f 8114 8097 8129
f 8168 8129 8210
f 8343 8267 8342
f 6291 9446 9390
f 9390 11175 6326
f 6432 6453 9904
f 9905 6474 6531
f 9905 6556 6606
f 6829 6837 6864
f 6888 6829 6864
f 6888 6864 6907
f 6903 6907 6968
f 7150 7166 7193
f 7193 7225 7226
f 7272 7301 7333
f 7333 7364 7390
f 7390 10510 7434
f 7434 10510 7433
f 7434 7433 7477
f 7477 7492 7525
f 7525 7516 7554
f 7554 7597 7592
f 7637 7667 7693
f 7693 7731 7759
f 7759 7786 7801
f 7801 7820 7861
f 7861 7889 7912
f 7912 7941 7956
f 7956 7972 8003
f 8003 8039 8070
f 8070 8097 8114
f 8114 8129 8168
f 8168 8210 11870
f 8375 8374 8449
f 10122 6258 9944
f 6533 6491 6502
f 6805 6751 10317
f 7006 6965 11013
f 7057 7056 11573
f 7082 11573 7152
f 7245 7246 7283
f 7284 7283 11151
f 7389 11150 7435
f 7436 7435 7478
f 7479 7478 7524
f 7523 7524 7567
f 7568 7567 7618
f 7651 7618 7672
f 7695 7672 7715
f 7757 7715 7750
f 10129 6587 6639
f 10130 6666 6709
f 6767 6751 6805
f 6805 10317 10131
f 7082 7152 11537
f 7436 7478 7479
f 7479 7524 7523
f 7523 7567 7568
f 7568 7618 7651
f 7651 7672 7695
f 7695 7715 7757
f 7757 7750 7803
f 7803 7750 7862
f 8608 10771 8534
f 8608 8534 8653
f 4553 8608 8653
f 6259 6258 10122
f 6356 6405 6406
f 6639 6666 10130
f 10634 6890 6933
f 11574 7057 11573
f 7227 11584 7245
f 7619 7568 7651
f 7619 7651 7671
f 7671 7651 7695
f 7671 7695 7716
f 7716 7695 7757
f 7716 7757 7751
f 7751 7757 7803
f 7751 7803 7828
f 7828 7803 7863
f 7828 7863 7871
f 7871 7863 11729
f 7871 11729 7907
f 6292 6260 10951
f 6292 10951 11277
f 6476 6497 6534
f 7822 7827 7872
f 7890 7872 11819
f 7942 11819 7973
f 7974 7973 8040
f 8238 8191 11722
f 8317 8318 8361
f 8362 8361 8418
f 8419 8418 8476
f 8535 8475 10950
f 6332 6292 11277
f 6261 6260 6292
f 6370 9447 6382
f 6558 6534 6586
f 7788 7827 7822
f 7822 7872 7890
f 7890 11819 7942
f 7942 7973 7974
f 7974 8040 8041
f 8570 8569 8610
f 8610 8569 8654
f 11262 6370 11823
f 11262 11823 6476
f 6497 6476 6475
f 10132 6866 10457
f 10132 10457 6949
f 7069 7032 7068
f 7069 7068 7116
f 7116 7068 7115
f 7116 7115 7171
f 7171 7115 7172
f 7171 7172 7212
f 7212 7172 7211
f 7212 7211 7240
f 7240 7211 7239
f 7240 7239 7305
f 7305 7239 7306
f 7305 7306 7351
f 7351 7306 7350
f 7351 7350 7383
f 7383 7350 7454
f 7383 7454 7453
f 7521 7493 7517
f 7521 7517 7569
f 7569 7517 7596
f 7569 7596 7639
f 7639 7596 7638
f 7733 7732 7753
f 7753 7732 7788
f 7826 7788 7822
f 7891 7822 7890
f 7891 7890 7942
f 7891 7942 11280
f 11280 7942 7974
f 11280 7974 8026
f 8026 7974 8041
f 8026 8041 8063
f 8063 8041 8099
f 8063 8099 10133
f 10133 8099 8190
f 8238 8255 8294
f 8294 8317 10805
f 10805 8362 8378
f 8378 8419 8453
f 8453 8475 8539
f 8539 8535 8570
f 8570 8535 8569
f 8610 8654 4556
f 6263 6261 6331
f 6331 6261 6332
f 9947 6331 6332
f 4557 8610 4556
f 10334 10410 6333
f 6263 10126 9841
f 6311 9841 10126
f 9906 6330 4606
f 9389 10410 10334
f 9608 6458 6473
f 6473 6458 6486
f 6473 6486 6503
f 6503 6486 6529
f 6581 6529 6580
f 6581 6580 11864
f 11864 6580 11840
f 6677 6707 6734
f 6747 6734 6765
f 6777 6747 6765
f 6777 6765 6815
f 6777 6815 6840
f 6840 6815 6826
f 6840 6826 6909
f 6909 6826 6910
f 6930 6909 6910
f 6930 6910 6964
f 6969 6930 6985
f 7063 11352 7112
f 7174 7112 7175
f 7174 7175 7209
f 7209 7175 7208
f 7332 11176 7346
f 7382 7346 7430
f 7430 7346 7381
f 7430 7381 7455
f 7430 7455 7475
f 7475 7455 7501
f 7475 7501 7527
f 7527 7501 10120
f 7566 10120 10633
f 7566 10633 7615
f 7615 10633 10600
f 7615 10600 7673
f 7673 10600 7648
f 7673 7648 7713
f 7713 7648 11009
f 7713 11009 7748
f 7748 11009 7785
f 7748 7785 7798
f 7798 7785 7830
f 7798 7830 7857
f 7857 7830 11278
f 7870 7857 11278
f 7939 7870 11354
f 8038 11355 8037
f 8127 8095 8165
f 8127 8165 11871
f 8288 11853 8320
f 8320 8311 8359
f 8359 8311 8386
f 10658 9543 8568
f 10658 8568 8541
f 11204 8541 8625
f 11204 8625 8664
f 6314 6324 9554
f 6420 6457 6488
f 6489 6488 6496
f 6489 6496 10458
f 10458 6496 6543
f 6589 10458 6582
f 6589 6582 6664
f 6664 6582 6640
f 6664 6640 10128
f 6717 6679 6718
f 6748 6718 6784
f 6778 6748 6784
f 6778 6784 6839
f 6778 6839 6838
f 6838 6839 6875
f 6838 6875 6876
f 6876 6875 10511
f 6876 10511 6908
f 6948 11010 6947
f 6948 6947 6986
f 11872 6947 10509
f 7064 11872 7028
f 7064 7028 7080
f 7080 7113 10392
f 10392 9901 7192
f 7282 7192 7238
f 11356 7282 7308
f 7282 7238 7308
f 7307 11356 7348
f 11340 7391 10568
f 11340 10568 7450
f 7450 10568 10555
f 7502 10555 7526
f 7502 7526 7552
f 7552 7526 7591
f 7691 7616 7714
f 7691 7714 7761
f 7761 7714 7762
f 7761 7762 7800
f 7800 7762 7799
f 7800 7799 7859
f 7859 7915 7914
f 7914 7915 11092
f 8001 9900 8022
f 8001 8022 8072
f 8072 8022 8058
f 8072 8058 8112
f 8112 8058 8111
f 8112 8111 8185
f 8185 8111 8166
f 8185 8166 8232
f 8185 8232 8266
f 8266 8232 8319
f 8314 8266 8319
f 8341 8314 8313
f 8341 8313 8384
f 8341 8384 8373
f 8626 8666 4547
f 6327 6326 10393
f 6404 10393 6456
f 6456 6432 9904
f 6456 9904 11149
f 11149 9904 6474
f 11149 6474 6532
f 6532 9905 6588
f 6588 9905 6606
f 6588 6606 11446
f 11446 10804 6665
f 6716 6680 6750
f 6750 6680 6749
f 6836 6829 6878
f 6878 6829 6888
f 6878 6888 6904
f 6904 6903 6967
f 6967 10416 7005
f 7005 7033 7029
f 7029 9907 7087
f 7087 9907 7114
f 7087 7114 7134
f 7134 7114 7150
f 7134 7150 10496
f 10496 7150 7193
f 10496 7193 7226
f 11258 7226 7273
f 7273 7226 7272
f 7273 7272 7333
f 7273 7333 7365
f 7365 7333 7390
f 7365 7390 7414
f 7414 7390 7434
f 7414 7434 7451
f 7451 7434 7477
f 7451 7477 7504
f 7504 7477 7525
f 7504 7525 7555
f 7555 7525 7554
f 7555 7554 7593
f 7593 7554 7592
f 7593 7592 7650
f 7694 7592 7637
f 7694 7693 7758
f 7758 7693 7759
f 7758 7759 7802
f 7802 7759 7801
f 7802 7801 7862
f 7862 7801 7861
f 7862 7861 7911
f 7911 7861 7912
f 7911 7912 7957
f 7957 7912 7956
f 7957 7956 8004
f 8004 7956 8003
f 8004 8003 8069
f 8069 8003 8070
f 8069 8070 8115
f 8115 8070 8114
f 8115 8114 8169
f 8169 8114 8168
f 8169 8168 8240
f 8240 8168 11870
f 8240 11870 8268
f 8268 11870 8267
f 8268 8267 10337
f 10337 8267 8343
f 10080 8344 8343
f 10080 8343 8375
f 8471 8375 8449
f 8471 8505 8540
f 8540 8505 8590
f 8540 8590 8591
f 6329 10122 6356
f 6329 6356 11779
f 6545 6533 10129
f 6638 6639 10130
f 6710 10130 6709
f 6710 6709 6767
f 9835 6767 9834
f 6934 10249 6933
f 6934 6933 11014
f 7018 7057 11574
f 11442 7245 7283
f 7334 9826 11486
f 7437 7388 7436
f 7480 7437 7479
f 7522 7480 7523
f 7619 7522 7568
f 7670 7619 7671
f 7670 7671 7717
f 7717 7671 7716
f 7717 7716 7752
f 7752 7716 7751
f 7752 7751 7787
f 7787 7751 7828
f 7787 7828 7821
f 7821 7828 7871
f 7821 7871 7908
f 7977 7907 7906
f 7977 7906 8025
f 8025 7906 8024
f 8025 8024 8062
f 8062 8024 8061
f 8062 8061 8133
f 8133 8061 8134
f 8133 8134 8189
f 8189 8134 8188
f 8189 8188 8236
f 8236 8188 8235
f 8236 8235 8293
f 8293 8235 8292
f 8293 8292 8347
f 8347 8292 8346
f 8347 8346 8377
f 8377 8346 8376
f 8377 8376 8452
f 8452 8376 8451
f 8452 8451 8508
f 8508 8451 8507
f 6421 11279 11262
f 6558 6586 6584
f 6584 6586 10456
f 6832 6806 11847
f 6891 6866 10132
f 6891 10132 11178
f 6966 6949 6988
f 6966 6988 7019
f 7019 6988 7032
f 7019 7032 7058
f 7058 7032 7069
f 7058 7069 7083
f 7083 7069 7116
f 7083 7116 7170
f 7170 7116 7171
f 7170 7171 7194
f 7194 7171 7212
f 7194 7212 7241
f 7241 7212 7240
f 7241 7240 7242
f 7242 7240 7305
f 7242 7305 7352
f 7387 7351 7383
f 7387 7383 7386
f 9837 7453 7493
f 7594 7569 7639
f 7669 10248 7733
f 11181 7733 7753
f 7826 7753 7788
f 7826 7822 7873
f 7873 7822 7891
f 7873 7891 7943
f 7943 7891 11280
f 11259 7943 11280
f 8027 11259 8026
f 8239 8192 8295
f 8295 8191 8238
f 8295 8294 8316
f 8316 8294 10805
f 8379 10952 10805
f 8379 10805 8378
f 8454 8378 8453
f 8454 8453 8509
f 8509 8453 8539
f 8509 8539 8536
f 8536 8539 8570
f 8611 8536 8570
f 8611 8570 8610
f 10127 10126 6371
f 6311 10126 10127
f 6407 6380 6381
f 10085 6330 6380
f 10135 10127 6371
f 10127 10135 6381
f 6381 10135 6407
f 11479 6516 6433
f 8055 8162 8108
f 8586 8605 8633
f 8587 8567 8632
f 8587 8632 9805
f 9805 4542 8624
f 9544 11279 6421
f 6371 9947 9544
f 9909 6454 11017
f 6407 11017 9466
f 9466 11017 10134
f 10134 6499 6500
f 10134 6500 6477
f 6477 6500 9530
f 6624 6654 11448
f 9509 11448 6669
f 6938 7039 6982
f 10241 7278 7289
f 7542 7543 7485
f 7558 7580 7628
f 7558 7628 7581
f 7581 7680 7662
f 7662 7680 7661
f 7662 7661 7725
f 8055 8092 8162
f 8108 8162 8204
f 8179 8204 8205
f 8108 8204 8179
f 8264 8323 8308
f 8532 8605 8586
f 8632 8586 8633
f 6517 10748 10512
f 6669 6724 6683
f 7581 7628 7680
f 7662 7725 7663
f 7663 7725 7741
f 7663 7741 7709
f 8205 8204 8254
f 8308 8323 8354
f 8308 8354 10459
f 8414 8429 8447
f 8632 8633 8652
f 8632 8652 9805
f 9805 8652 4541
f 9805 4541 4542
f 9909 9544 6421
f 6407 9909 11017
f 4601 9530 6607
f 6516 11564 10748
f 6819 6853 6896
f 6939 11169 6982
f 6982 7039 7038
f 7038 7039 10251
f 10251 11338 7101
f 7101 11338 11386
f 7101 11386 7121
f 7121 11386 7158
f 7184 7121 7158
f 7184 7158 7199
f 7200 7184 7199
f 7200 7199 7260
f 7200 7260 7259
f 7259 7260 7288
f 7259 7288 7278
f 7278 7288 7317
f 7278 7317 7289
f 7376 7409 10806
f 7741 7725 7740
f 7882 7918 7854
f 7854 7918 7935
f 7854 7935 7952
f 7952 7935 7988
f 7952 7988 7953
f 7953 7988 7996
f 7953 7996 8035
f 8035 7996 8034
f 8035 8034 8053
f 8035 8053 8054
f 8054 8053 8107
f 8054 8107 8092
f 8092 8107 8138
f 8092 8138 8162
f 8264 8205 8323
f 8429 8355 8446
f 8429 8446 11018
f 9804 4464 6464
f 11017 6454 6499
f 6498 6499 11429
f 7626 7681 7627
f 8323 8307 10390
f 8566 8623 8543
f 8605 8623 8651
f 8633 8605 8651
f 8633 8651 4539
f 8652 4539 4540
f 6492 6598 10512
f 6896 6853 6937
f 6896 6937 6897
f 7039 6981 11256
f 11338 10251 7021
f 7021 11878 11338
f 7158 7189 7199
f 7199 7189 7231
f 7317 7339 7289
f 7289 7339 7360
f 7360 7339 7375
f 7360 7375 7409
f 7409 7375 7418
f 7580 7543 7626
f 7580 7626 7628
f 7628 7626 7627
f 7628 7627 7680
f 7680 7627 7724
f 7680 7724 7661
f 7661 7724 7708
f 7661 7708 7725
f 7741 7740 7834
f 7741 7834 7794
f 7794 7834 7853
f 7807 7853 7881
f 7918 7951 7935
f 7935 7951 7968
f 7935 7968 7988
f 7988 7968 8019
f 7988 8019 7996
f 7996 8019 8078
f 7996 8078 8034
f 8034 8078 8091
f 8034 8091 8053
f 8053 8091 8139
f 8053 8139 8107
f 8107 8139 8161
f 8107 8161 8138
f 8138 8161 8203
f 8162 8242 8204
f 8205 8254 8307
f 8205 8307 8323
f 8354 10390 8370
f 8447 8429 11018
f 11429 6535 6498
f 6559 10666 6636
f 6559 6636 6637
f 6637 6636 4664
f 6499 6498 6500
f 6500 6498 6546
f 9530 6559 6607
f 6607 6559 6637
f 6598 10073 6655
f 6655 10073 6668
f 6655 6668 6654
f 6654 6668 11723
f 6848 11054 6867
f 6937 6936 6952
f 7199 7231 7260
f 7260 7231 7318
f 7375 7443 7418
f 7418 7496 7444
f 7497 7599 10635
f 7542 7497 10635
f 7543 10635 7579
f 7627 7681 7707
f 7627 7707 7768
f 7627 7768 7724
f 10390 8413 8370
f 8623 8622 8651
f 8651 4538 4539
f 6585 6558 6584
f 6492 4466 6597
f 6771 6849 6848
f 7724 7781 7708
f 7740 7852 7834
f 7834 7880 7853
f 7853 7880 7896
f 7853 7896 7881
f 7881 7896 7967
f 7881 7967 7951
f 8339 8307 8338
f 8339 10589 8413
f 9806 8499 8545
f 8544 8545 8566
f 8623 8566 8634
f 6535 6558 6585
f 6498 6535 11487
f 6694 6668 6693
f 6792 6739 11615
f 6848 6849 11054
f 6867 6895 6853
f 6853 6895 6936
f 6936 6895 6920
f 6936 6992 6952
f 6952 6992 7041
f 6952 7041 6953
f 7021 10942 7071
f 7021 7071 11878
f 11846 7156 7157
f 7157 7216 7189
f 7189 7216 7231
f 7288 7318 11146
f 7317 11146 11096
f 7339 11096 7374
f 7444 7496 7510
f 7444 7510 7497
f 7497 7510 7599
f 7579 7599 7642
f 7626 7579 7681
f 7724 7768 7781
f 7708 7781 7835
f 7951 8018 7968
f 7968 8018 8079
f 7968 8079 8019
f 8019 8079 8090
f 8019 8090 8078
f 8078 8090 8140
f 8078 8140 8091
f 8091 8140 8160
f 8091 8160 8139
f 8139 8160 8202
f 8139 8202 8161
f 8161 8202 8225
f 8161 8225 8203
f 8203 8225 8263
f 8203 8263 8253
f 8253 8263 8338
f 8445 8499 8446
f 8499 8565 8545
f 8623 8634 8622
f 4467 4468 6597
f 6608 6597 4468
f 10666 6623 6635
f 10666 6635 6636
f 6636 6635 6714
f 6667 6725 6693
f 7739 7738 11023
f 7949 7995 7950
f 7950 7995 10816
f 9621 8584 8565
f 8650 4536 8634
f 10073 6693 6668
f 6694 6693 6738
f 6694 6738 11019
f 6771 11615 6849
f 6936 6920 6992
f 6953 7041 7040
f 7021 11256 10942
f 7071 11020 11878
f 11846 11020 7156
f 7231 7216 7277
f 7231 7277 7318
f 7318 7277 7324
f 7318 7324 7325
f 7496 7484 7530
f 7496 7530 7510
f 7510 7530 7600
f 7510 7600 7599
f 7599 7600 7642
f 10635 7599 7579
f 7579 7642 7660
f 7579 7660 7681
f 7681 7660 7706
f 7681 7706 7707
f 7707 7706 7738
f 7707 7739 7768
f 7768 7739 7836
f 7768 7836 7781
f 7781 7836 7780
f 7781 7780 7835
f 10657 7835 7780
f 10657 10761 7852
f 7852 10761 7880
f 7880 10761 7949
f 7880 7949 7896
f 7896 7949 7950
f 7896 7950 7967
f 7951 8033 8018
f 8018 8033 8052
f 8018 8052 8079
f 8079 8052 8106
f 8079 8106 8090
f 8090 8106 8124
f 8090 8124 8140
f 8140 8124 8178
f 8140 8178 8160
f 8160 8178 8243
f 8160 8243 8202
f 8202 8243 8286
f 8202 8286 8225
f 8225 8286 8287
f 8225 8287 8263
f 8338 8389 8339
f 8545 8565 8585
f 8545 8585 8566
f 8566 8585 8634
f 6623 11692 6682
f 6623 6682 6635
f 6635 6682 6715
f 6714 6715 6770
f 6714 6770 6737
f 6737 6770 6781
f 6635 6715 6714
f 4664 6714 6737
f 6880 6935 9574
f 9574 6935 10137
f 7102 7120 7071
f 11020 7120 7155
f 7373 7463 7417
f 7660 7723 7706
f 11023 7866 7836
f 7780 7919 10657
f 6715 6682 6713
f 6667 4469 4470
f 6667 4470 6725
f 6693 6725 6726
f 6920 9574 10137
f 7738 7706 7769
f 7949 10761 7934
f 7950 10816 8032
f 8032 8050 8051
f 8051 8050 8121
f 8051 8121 8123
f 8052 8123 8106
f 8106 8123 8177
f 8286 8285 8306
f 8286 8306 8287
f 8287 8353 8390
f 8390 8353 8369
f 8481 8520 10720
f 8565 8584 8635
f 6715 6769 6770
f 6770 6769 6780
f 6880 6852 6894
f 6920 10137 6992
f 9486 7045 7041
f 7041 7045 7040
f 7040 7045 7059
f 7040 7059 7102
f 7102 7059 7119
f 7120 7102 7119
f 11020 7155 7156
f 7156 7155 7214
f 7156 7214 7215
f 7276 7323 7277
f 7417 7463 7468
f 7417 7468 7495
f 7642 7600 7641
f 7642 7641 7683
f 7642 7683 7660
f 7660 7683 7723
f 7706 7723 7769
f 10761 10657 7933
f 8106 8177 8124
f 8124 8177 8244
f 8124 8244 8178
f 8178 8244 8284
f 8178 8284 8243
f 8243 8284 8285
f 8306 8285 8337
f 8287 8306 8353
f 8390 8369 8482
f 8389 8390 8482
f 8498 8482 8468
f 8481 8498 8520
f 8520 8498 8546
f 8584 8604 8635
f 8565 8635 8585
f 8585 8663 8650
f 8650 8663 4535
f 8650 4535 4536
f 6715 6713 6769
f 6769 6713 6736
f 4470 4471 6725
f 6769 6736 6780
f 6770 6782 6781
f 10136 6879 4594
f 4594 6879 9941
f 6736 6768 6818
f 6782 6770 6780
f 11587 6918 6893
f 6935 9808 11177
f 7932 7990 7989
f 8049 8141 8105
f 8564 8583 8636
f 6852 6893 6894
f 6880 6894 6935
f 7045 7118 7059
f 7059 7118 7119
f 7120 7119 10074
f 7120 10074 7155
f 7155 11077 7214
f 7214 7275 7230
f 7230 7322 7276
f 7276 7322 7323
f 7323 7322 7358
f 7323 7358 7359
f 7359 7358 7372
f 7359 7372 11022
f 7373 7359 11022
f 7373 11022 7463
f 7463 11022 7467
f 7463 7467 7468
f 7530 7578 7600
f 7600 7578 7641
f 7641 7659 7683
f 7723 7659 7705
f 7683 7659 7723
f 7723 7705 7769
f 7769 7793 7738
f 7738 7793 11023
f 11023 11841 7866
f 7866 11841 7920
f 7866 7920 7932
f 7866 7932 7919
f 7919 7932 7989
f 7919 7989 7933
f 7933 7989 7934
f 7934 7989 7966
f 7934 7966 7995
f 7995 7966 11021
f 7995 11021 10816
f 8050 8105 8120
f 8121 8122 8123
f 8123 8122 8177
f 8177 8122 8224
f 8177 8224 8244
f 8244 8224 8262
f 8244 8262 8284
f 8284 8262 8324
f 8284 8324 8337
f 8285 8284 8337
f 8306 8337 8391
f 8306 8391 8353
f 8353 8391 8412
f 8353 8412 8369
f 8369 8412 8444
f 8369 8444 8482
f 8482 8444 8468
f 8498 8468 8546
f 8520 8564 10720
f 8635 8604 9910
f 8635 9910 8663
f 6736 6818 6780
f 6780 6818 6834
f 6780 6834 6782
f 6782 6834 6835
f 6835 11024 6906
f 6835 6906 6879
f 6879 6906 9499
f 10136 6835 6879
f 6893 6918 6979
f 7118 9946 9319
f 7188 7187 10074
f 7769 7705 7792
f 7769 7792 7793
f 7793 7879 11841
f 7920 7948 7932
f 7989 7990 8017
f 11024 6892 6905
f 11024 6905 6906
f 6906 6905 9840
f 6906 9840 9499
f 6834 6818 6833
f 6851 11489 6918
f 6893 6979 9808
f 9808 6979 6980
f 8120 8159 8201
f 8121 8201 8122
f 8122 8201 11538
f 8122 11538 8223
f 8224 8223 8325
f 8224 8325 8262
f 8262 8325 8336
f 8262 8336 8324
f 8324 8336 8393
f 8324 8393 8392
f 8392 8393 8483
f 8412 8443 10338
f 8444 8519 8468
f 8468 8519 8531
f 8468 8531 8546
f 8546 8531 8582
f 6851 6918 11587
f 6979 6918 6950
f 11177 6980 10784
f 11177 10784 7020
f 7118 9319 7138
f 7118 7138 7188
f 7188 7138 10266
f 7188 10266 7187
f 10074 7187 11077
f 10817 10313 7275
f 7275 10313 9911
f 7322 7338 7358
f 7358 7338 7371
f 7358 7371 7372
f 7532 7467 7533
f 7532 7533 11803
f 7531 10215 7577
f 7577 10215 7657
f 7577 7657 7625
f 7625 7657 7703
f 7625 7703 7658
f 7658 7704 7659
f 7659 7704 7705
f 7793 7792 7879
f 7920 11841 7921
f 7920 7921 7948
f 7932 7948 7990
f 8049 8089 8142
f 8049 8142 8141
f 8141 8142 8158
f 8392 8483 8443
f 8546 8582 8583
f 8583 8582 8637
f 8583 8637 8636
f 9499 10954 4593
f 8048 8015 11824
f 8283 8304 8335
f 8621 8603 8620
f 6979 6950 7008
f 6979 7008 6980
f 6980 7008 7044
f 7103 11575 11780
f 9319 7103 7106
f 11077 7187 10817
f 7338 7370 7416
f 7338 7416 7371
f 7371 7416 7408
f 7371 7408 7372
f 7372 7408 7464
f 7464 7408 7483
f 7464 7483 7467
f 7467 7483 7533
f 10215 7606 7657
f 7705 7779 7792
f 7792 7779 7837
f 7792 7837 7879
f 7879 7837 7922
f 7879 7922 7921
f 7921 10076 7948
f 7948 10076 7965
f 7948 7965 7990
f 8017 8016 8048
f 8017 8048 8089
f 8089 8048 8143
f 8089 8143 8142
f 8142 8143 8246
f 8142 8246 8158
f 8159 8245 8201
f 8201 8245 11538
f 11538 8245 8304
f 8283 11538 8304
f 8223 8283 8325
f 8325 8283 8305
f 8325 8305 8336
f 8336 8305 8394
f 8336 8394 8393
f 8393 8394 8484
f 8443 8483 10216
f 10338 10216 8530
f 8519 8530 8563
f 8519 8563 8531
f 8531 8563 8603
f 8531 8603 8582
f 8582 8603 8621
f 8582 8621 8637
f 8636 8637 9814
f 6892 6891 11178
f 6966 6989 11178
f 6892 11178 10252
f 6905 10252 6990
f 6905 6990 9840
f 9840 6990 10953
f 10954 10953 7007
f 7007 10953 11879
f 7007 11879 7031
f 6950 6991 6951
f 7703 7657 7702
f 8143 11824 8176
f 8246 8176 11892
f 8621 8620 4531
f 8621 4531 4532
f 7008 6951 7044
f 9319 7106 7154
f 8246 8143 8176
f 8222 8280 8282
f 8282 8281 8334
f 8282 8334 8304
f 8304 8334 8335
f 8283 8335 8305
f 8305 8428 8394
f 8394 8428 8485
f 8394 8485 8484
f 8484 8485 8496
f 8484 8496 8497
f 8497 8496 8548
f 8497 8548 8547
f 8547 8548 8562
f 8547 8562 8530
f 8530 8562 8602
f 8530 8602 8563
f 8563 8602 8619
f 8563 8619 8603
f 8603 8619 8620
f 6990 10252 6989
f 7106 7186 7154
f 7154 7213 10266
f 7357 7319 9470
f 7357 7369 7370
f 7416 7442 7408
f 7408 7442 7535
f 7657 7656 7702
f 7704 7703 10943
f 7779 10943 7838
f 7837 7838 7851
f 7837 7851 7878
f 7922 7837 7878
f 7922 7878 10075
f 8246 11892 8252
f 8222 8252 8280
f 8282 8280 8281
f 8620 4530 4531
f 10953 6990 7030
f 6951 6991 9465
f 7044 6951 7043
f 7043 6951 9465
f 11879 10953 7030
f 11892 8221 8279
f 11357 8427 8486
f 10944 8486 8517
f 7044 7043 7104
f 11780 7104 7136
f 7106 7136 7137
f 7357 9470 7369
f 7370 10217 7416
f 7416 10217 7442
f 7442 7536 7535
f 7535 7536 7539
f 7535 7539 7534
f 7534 7539 7576
f 7534 7576 7540
f 7540 7576 7624
f 7540 7624 11803
f 7606 7624 10708
f 7703 7702 10943
f 10943 10721 7838
f 7838 7850 7851
f 7851 7850 7877
f 7851 7877 7878
f 7878 7877 7931
f 7878 7931 10075
f 10075 7931 7991
f 10075 7991 10076
f 11824 8119 8175
f 11824 8175 8176
f 8176 8175 11892
f 8252 8303 8280
f 8280 8303 8352
f 8280 8352 8281
f 8281 8352 8368
f 8281 8368 8334
f 8334 8368 11357
f 8335 11357 8411
f 8335 8411 8428
f 8428 8411 8485
f 8485 8467 8496
f 8496 8467 8518
f 8496 8518 8548
f 8548 8518 8639
f 8548 8639 8562
f 8562 8639 8581
f 8562 8581 8602
f 8602 8581 8638
f 8602 8638 8619
f 8619 8638 4530
f 8619 4530 8620
f 4590 7085 11078
f 7070 7135 7105
f 7213 7261 11653
f 11653 7265 7320
f 7320 7337 7287
f 7287 7337 9470
f 7369 11565 7441
f 8031 8014 8088
f 8104 8103 8157
f 8279 11025 8333
f 8303 8333 8395
f 8303 8395 8352
f 8352 8410 8368
f 8368 8410 8442
f 10944 8550 8549
f 8549 8550 11179
f 7042 4479 7135
f 7135 7070 7042
f 7153 7105 7135
f 7198 7262 7261
f 7261 7262 7265
f 9470 7337 11565
f 8303 8279 8333
f 8368 8442 8427
f 8427 8442 8466
f 8427 8466 8486
f 8486 8466 8517
f 10944 8517 8550
f 8549 11179 8601
f 8639 8648 8649
f 8649 8648 4528
f 7137 7153 7197
f 7137 7197 7198
f 7198 7197 7262
f 7265 7321 7320
f 7320 7321 7336
f 7320 7336 7337
f 7441 10625 10691
f 7655 7700 7701
f 7701 7700 7770
f 7701 7770 10690
f 10690 7770 7778
f 10690 7778 10667
f 8352 8395 8410
f 8639 8601 8648
f 8648 4527 4528
f 7153 7135 7185
f 7274 7263 11073
f 7407 7355 11091
f 7407 11091 7465
f 7465 7439 7440
f 7440 7439 7509
f 7557 7601 11358
f 7574 7682 7699
f 8351 9809 11025
f 8441 8464 8495
f 8465 8495 8515
f 8646 8580 8645
f 8647 4525 4526
f 7153 7185 7264
f 7153 7264 7197
f 7197 7264 7263
f 7197 7263 7262
f 7262 7263 7274
f 7262 7274 7265
f 7356 7440 7441
f 7575 7574 7623
f 7623 7574 11539
f 7992 8013 8014
f 8014 8047 8088
f 11881 8103 11863
f 8103 11881 8157
f 8157 8200 8174
f 8174 8200 8251
f 8174 8251 8221
f 8221 8251 8278
f 8221 8278 8279
f 8279 8278 11025
f 8333 8367 8395
f 8395 8367 8441
f 8395 8441 8410
f 8410 8441 8465
f 8410 8465 8442
f 8442 8465 8516
f 8442 8516 8466
f 8466 8516 8551
f 8466 8551 8517
f 8550 8561 11179
f 8601 11179 8647
f 8648 8618 4527
f 7195 7170 7194
f 7169 7195 11540
f 7169 11540 7244
f 7196 7244 9577
f 9577 7303 7304
f 7304 7303 7353
f 7168 7169 7167
f 7185 4482 7264
f 11073 9913 7274
f 7321 9913 7355
f 8441 8367 8464
f 7355 7368 11091
f 7605 11358 7622
f 7605 7640 7682
f 7574 7605 7682
f 7737 7722 10668
f 7737 7777 7839
f 7839 7777 10494
f 7839 10494 11222
f 11222 10494 7876
f 11222 7876 7849
f 7849 7876 7895
f 7849 7895 7929
f 7929 7895 7963
f 7964 7929 7963
f 11881 11863 8156
f 8200 8199 8250
f 8277 8332 8351
f 9809 8351 10314
f 8465 8441 8495
f 7195 7194 11540
f 11540 7241 7243
f 11540 7243 7244
f 7244 7243 7286
f 7244 7286 9577
f 11073 10571 7354
f 11073 7335 9913
f 9913 7335 9442
f 7699 7682 7771
f 7699 7771 7722
f 7722 7771 10668
f 7737 10668 7777
f 7777 10668 7840
f 10494 7865 7876
f 7876 7865 7962
f 7876 7962 7895
f 8012 8087 8046
f 8046 8087 8144
f 8046 8144 11863
f 11863 8144 8156
f 8277 8250 8326
f 8277 8326 8332
f 8332 10314 8351
f 9809 10601 8367
f 8367 10601 8464
f 8464 8487 8514
f 8464 8514 8495
f 8495 8514 11654
f 8495 11654 8515
f 8529 11654 8560
f 8580 8579 8662
f 8580 8662 8645
f 4665 7385 7452
f 7622 10079 7640
f 7865 7946 7962
f 8145 8197 8155
f 8155 8197 8198
f 8487 8513 10495
f 8487 10495 8514
f 8514 10495 8559
f 8560 8559 8616
f 10442 8600 4522
f 10442 4522 4523
f 7366 7285 7352
f 7302 7285 7366
f 7302 11655 11656
f 7385 11655 7415
f 7385 10138 7452
f 7452 10138 7508
f 9577 7286 7303
f 4665 7353 11656
f 7494 10391 10822
f 9442 7367 7406
f 7602 7538 10468
f 7640 10079 11147
f 11257 11147 7736
f 11257 7736 7776
f 7840 7776 7841
f 7962 7946 7947
f 7963 8011 10737
f 10737 8011 8102
f 10737 8102 8087
f 8087 8102 8118
f 8087 8118 8145
f 8276 8198 8275
f 8276 8275 8302
f 8276 8302 8331
f 8331 8396 8350
f 8331 8350 8332
f 8332 8350 10314
f 10314 8350 8409
f 10314 8409 8426
f 10495 8513 8528
f 10442 8560 8600
f 7302 7366 11655
f 11655 7366 7384
f 11655 7384 7415
f 7508 7520 4582
f 7384 7366 7387
f 7508 7507 7520
f 7384 7386 7438
f 7385 7415 10138
f 7415 7384 7438
f 7482 7603 10443
f 7841 7842 7848
f 7841 7848 7924
f 8101 8154 8118
f 8118 8154 8173
f 8396 8425 8440
f 8440 8425 8488
f 8440 8488 8494
f 8616 8578 8617
f 7438 7386 9837
f 7505 7438 9837
f 7506 11026 7519
f 7506 7519 10636
f 7556 10636 7595
f 7595 4666 7571
f 7415 7438 11026
f 7508 10138 7507
f 4486 7537 7481
f 7481 7537 7482
f 7775 11090 7791
f 7775 7791 7842
f 7848 7791 7847
f 7848 7842 7791
f 7848 7847 7875
f 7848 7875 7924
f 7924 7875 7928
f 7946 11027 7961
f 10218 11640 8044
f 8045 10218 11028
f 8045 11028 8101
f 8101 11028 8146
f 8101 8146 8154
f 8261 8274 8301
f 8301 8397 8302
f 8302 8397 8396
f 8494 8512 8513
f 8513 8512 8527
f 8527 8599 8528
f 8578 8599 8615
f 8578 8528 8599
f 8578 8615 8617
f 8617 8615 4519
f 7438 7505 11026
f 11026 7505 7519
f 4579 4580 4666
f 7595 11261 11260
f 4579 7697 4578
f 4578 7697 9839
f 7518 7569 7594
f 11090 10253 7846
f 7846 7874 7847
f 7847 7874 7927
f 7993 8008 8009
f 8044 8043 8147
f 7518 7594 7570
f 7570 7668 11261
f 7652 7668 7718
f 7570 7594 7668
f 7653 7620 11359
f 7772 7698 7734
f 7772 7734 7774
f 10253 7774 7843
f 10253 7806 7846
f 7652 7718 7719
f 7719 7755 7790
f 7620 4488 11359
f 10524 7734 7698
f 7774 7734 7845
f 7846 7806 7874
f 7874 7926 7927
f 10316 7994 7927
f 7993 7994 8008
f 8009 8008 8043
f 8043 8086 8147
f 8117 8044 8147
f 8117 8247 9810
f 9810 8247 8218
f 9810 8218 8219
f 8219 8218 8260
f 8219 8260 8300
f 8274 8300 10692
f 8398 8407 8408
f 8408 8407 8438
f 8408 8438 8439
f 8439 8438 8493
f 8489 8552 8463
f 8463 8552 8577
f 8463 8577 8526
f 8526 8577 8661
f 8526 8661 10222
f 7719 7718 7755
f 7755 7789 7790
f 7790 7789 7825
f 7790 7825 7754
f 7754 7825 11180
f 7696 7733 11181
f 7755 7718 7756
f 7756 7718 7696
f 7826 11181 7753
f 11182 7734 7773
f 7926 7894 7945
f 7926 7945 10316
f 8661 8640 4516
f 7756 7804 7789
f 7823 11181 7826
f 7755 7756 7789
f 7804 11181 7823
f 4575 7976 8005
f 7844 7944 7893
f 7893 7960 7945
f 7894 7893 7945
f 10316 11029 8030
f 8258 8327 8259
f 8259 8327 11030
f 8259 11030 8349
f 8366 8399 8460
f 8462 8366 8461
f 8462 8461 10077
f 10077 8461 8511
f 10077 8511 8553
f 8553 8511 10947
f 8553 10947 8576
f 8641 10947 8660
f 8640 8641 4515
f 7805 7844 11182
f 7845 7844 7864
f 8081 8030 10948
f 8008 8042 8086
f 10221 8042 8148
f 10221 11693 10220
f 8116 10220 8248
f 8248 10945 8258
f 8366 8462 11604
f 8493 10077 8553
f 7824 9838 7910
f 4573 8005 8066
f 8149 11694 8148
f 7873 7943 7892
f 7892 7943 7958
f 7892 7958 7909
f 7909 7958 7975
f 7909 7975 11087
f 8028 8064 8066
f 8066 8131 8065
f 8065 8172 4571
f 7976 10686 8005
f 4492 4493 7925
f 8007 7960 8029
f 8007 8085 8150
f 8217 8273 8257
f 8257 8273 8299
f 8437 8492 8460
f 8460 8492 8554
f 8460 8554 8461
f 8575 8574 9500
f 8575 9500 8644
f 11087 7975 8028
f 8066 8064 8131
f 4571 8172 4570
f 8006 7959 10254
f 7959 8029 7960
f 8007 8029 8085
f 8149 8150 11284
f 8149 11284 11694
f 8065 8131 8172
f 7959 8006 8029
f 8216 8215 11184
f 8554 8558 11430
f 8084 8029 8006
f 8028 7975 8067
f 8153 8195 8151
f 8152 8083 4495
f 8150 8085 8151
f 8150 8151 11284
f 11284 8196 11694
f 8423 11283 8436
f 8437 8423 8492
f 9500 11430 8643
f 8100 11183 8132
f 8132 11183 8213
f 8132 8213 8170
f 8028 8067 8064
f 8064 8067 8132
f 8064 8132 8131
f 8131 8170 8172
f 8151 8195 8214
f 11430 8558 8598
f 8153 8083 8152
f 8213 8270 8170
f 8170 8270 8171
f 8171 8270 8271
f 8100 11016 11183
f 11183 8193 8213
f 8271 8348 4568
f 8214 8195 8328
f 8214 8328 9914
f 8422 8421 8436
f 8598 8659 11430
f 8213 8193 8212
f 8272 8195 8194
f 8270 8213 8212
f 8194 8329 8272
f 8328 8272 8298
f 8328 8298 8330
f 8195 8272 8328
f 8328 8330 9914
f 9914 8330 9528
f 9528 8330 8401
f 11184 8365 8400
f 8421 11695 11285
f 8436 8421 11285
f 8558 8596 8598
f 8598 8596 8597
f 8598 8597 8659
f 8659 8643 11430
f 8239 8296 8256
f 8256 8296 8315
f 8270 8212 8297
f 8270 8297 8269
f 8270 8269 8271
f 8348 8269 8364
f 8272 8329 8298
f 8330 8298 8402
f 8330 8402 8401
f 8435 8401 8434
f 8435 8459 11360
f 8421 8404 11695
f 8296 8295 8316
f 8329 11031 8298
f 8402 11031 8420
f 8402 8434 8401
f 8365 8401 8435
f 8435 8434 8459
f 11062 10219 8597
f 8239 8295 8296
f 8364 8380 8381
f 8381 8380 8456
f 8402 8420 8403
f 8402 8403 8434
f 8490 11360 8510
f 8490 8572 8573
f 8315 8382 8363
f 8363 11842 8380
f 8380 11842 8432
f 8380 8432 8456
f 8456 8432 8474
f 8456 8474 4564
f 8572 8510 8525
f 8383 10952 8379
f 8379 8454 8472
f 8523 8509 8536
f 8592 8536 8611
f 8473 8455 8537
f 8473 8537 8538
f 4564 8474 4563
f 4499 4500 8420
f 8420 4500 8433
f 8420 8433 8403
f 8403 8433 8457
f 8403 8457 8458
f 8525 8658 8572
f 9517 8614 8642
f 8642 8614 4507
f 8523 8536 8592
f 8628 8592 8611
f 4558 8628 8611
f 8433 4501 8457
f 8457 8555 8458
f 9813 8525 8510
f 8537 8594 8538
f 8383 8379 8472
f 11577 8523 8571
f 8472 11836 8383
f 11836 8472 11577
f 11836 11577 8455
f 8455 11577 8571
f 8455 8571 8537
f 8537 8571 8612
f 8537 8612 8594
f 8594 8612 8656
f 8655 8592 8628
f 8655 8628 9956
f 8655 8593 8592
f 8571 8593 8612
f 8629 8593 8655
f 8613 11290 4505
f 8612 8593 8629
f 8612 8629 8656
f 11395 4559 11295
f 9915 4559 8656
f 8629 9915 8656
f 8676 4427 4426
f 11032 4415 8683
f 4410 4409 9321
f 9321 4409 8702
f 4407 4406 8671
f 4401 4400 8684
f 10068 4397 8685
f 4399 8680 4400
f 8687 8673 4411
f 8673 8688 4411
f 4421 11033 4422
f 4422 11033 8672
f 8678 8714 8700
f 264 263 9399
f 262 261 8740
f 254 253 8756
f 253 252 9352
f 8738 249 248
f 248 8744 8738
f 10602 247 246
f 246 245 8754
f 245 244 8733
f 8741 242 8737
f 242 10339 8737
f 8721 8669 8711
f 8672 11033 8705
f 8695 8688 8673
f 8730 8673 8687
f 8696 8687 9321
f 8678 8679 8714
f 8685 10514 10068
f 8691 8680 4399
f 4403 8678 4404
f 4404 11034 4405
f 4405 8677 4406
f 8677 8671 4406
f 8675 4408 4407
f 4411 8688 4412
f 8683 4415 4414
f 4419 4418 8690
f 4422 8672 4423
f 8674 8682 4428
f 4428 8682 4429
f 4429 11185 11254
f 8698 10514 8685
f 4403 4402 8679
f 8678 4403 8679
f 8675 8671 8707
f 4414 10411 8683
f 8692 4417 8689
f 4418 4417 8692
f 11665 4425 4424
f 8694 4426 4425
f 11185 8682 8712
f 8711 11185 8712
f 8675 8697 4408
f 8702 8696 9321
f 8696 8730 8687
f 10411 10256 8683
f 8692 9471 4418
f 9471 11431 8690
f 8705 8703 8672
f 8672 8703 8704
f 11665 11361 8694
f 8674 8693 8682
f 8682 8693 8712
f 8686 8680 8691
f 11035 8684 8686
f 265 8748 266
f 8748 8747 266
f 265 9532 8748
f 8699 10637 8747
f 8700 8714 8699
f 8701 8700 8699
f 8701 8699 8731
f 8677 11034 8701
f 9448 263 262
f 8739 8740 261
f 8715 8722 8740
f 8715 8740 8739
f 8702 8697 8715
f 8750 9354 257
f 8729 8716 8750
f 8756 8746 255
f 10602 8744 247
f 8726 8744 10602
f 8719 9916 8754
f 8713 8751 9353
f 9353 244 243
f 8703 8705 8713
f 11361 11665 10515
f 8734 11361 9356
f 9356 8743 9401
f 8693 9917 8712
f 8731 8699 8747
f 8731 8747 8748
f 8701 8731 8723
f 8740 9448 262
f 8707 8749 8722
f 8707 8697 8675
f 8697 8707 8722
f 8724 8715 8739
f 8702 8724 8696
f 8696 8724 8725
f 8725 8724 8753
f 8730 8696 8725
f 8716 8725 9354
f 8716 8730 8725
f 8716 9354 8750
f 8695 8730 8716
f 8729 8750 8746
f 8746 8750 256
f 8746 256 255
f 8729 9355 8695
f 8695 9355 8688
f 8717 8729 8746
f 8745 8756 253
f 8755 252 251
f 8689 11032 11372
f 8689 11372 8710
f 8710 11372 8732
f 8726 8718 8744
f 8744 248 247
f 11431 9471 8726
f 11431 8726 9916
f 8754 9916 10602
f 8754 10602 246
f 8719 8754 8733
f 8705 10139 8751
f 8705 8751 8713
f 8741 9353 243
f 11874 8703 8713
f 11874 8713 8741
f 242 8741 243
f 8743 8737 9401
f 9401 8737 10339
f 11187 8676 8734
f 8676 11187 8674
f 11187 8735 8727
f 11035 8759 8757
f 9552 8757 8760
f 11070 8760 268
f 8758 268 267
f 8736 240 239
f 8727 8735 8742
f 8727 8742 9917
f 9917 8742 8752
f 9917 8752 8720
f 8735 11187 8736
f 8735 8736 239
f 11035 8709 8759
f 8757 8759 1
f 8760 8757 270
f 8735 239 238
f 8742 8735 238
f 270 8757 1
f 8742 237 8752
f 8752 237 236
f 4661 4660 8810
f 4660 9421 8772
f 9392 4659 8773
f 4656 4655 8767
f 4655 4654 8765
f 8767 4655 8765
f 12 8798 13
f 4653 4652 8802
f 8811 8802 8779
f 9449 8792 14
f 4652 4651 9518
f 4652 9518 8802
f 8802 9518 10140
f 8779 8803 8792
f 4649 4648 8768
f 4648 4647 11055
f 11055 4647 10141
f 8782 10141 9428
f 8783 23 22
f 16 15 11362
f 9566 11 10
f 10 9 8794
f 8774 9487 8801
f 8795 4 11190
f 4 3 8788
f 2 1 8759
f 8810 11616 4661
f 11616 8668 4396
f 8766 4642 11433
f 9918 9533 11036
f 4646 9850 9428
f 9428 11036 8776
f 10257 8768 8777
f 15 8792 11362
f 8811 4653 8802
f 8804 8771 8811
f 8804 8811 8779
f 8805 9449 8798
f 8771 8804 8805
f 9487 8805 8798
f 8797 8798 12
f 8809 4656 8767
f 8813 4657 8809
f 8809 4657 4656
f 8763 8813 8809
f 8806 4658 8813
f 4658 4657 8813
f 8764 9392 8773
f 9421 8764 8772
f 8808 8772 10355
f 8808 8810 8772
f 8795 8781 8793
f 8698 9501 8795
f 11190 8698 8795
f 8788 11190 4
f 11616 4396 4661
f 4642 8766 4643
f 4643 8766 4644
f 11036 11189 8776
f 4644 8769 4645
f 8782 9428 8776
f 8782 8776 11490
f 14 8792 15
f 4653 8811 4654
f 8811 8765 4654
f 8797 9487 8798
f 11 8797 12
f 8765 8811 8771
f 11037 8765 8771
f 11037 8771 8805
f 8801 9487 8797
f 9566 8797 11
f 9392 8764 9421
f 8772 8810 4660
f 8766 8769 4644
f 8769 8766 11491
f 8767 8765 11037
f 9487 11037 8805
f 8801 8797 9566
f 8774 11037 9487
f 8794 9566 10
f 8 9603 9
f 8 7 8800
f 8766 11433 11491
f 11490 10848 8782
f 6 8796 7
f 8785 8775 8783
f 9919 8784 8799
f 11490 8799 8791
f 8808 10355 11578
f 8788 8790 8708
f 8785 21 11038
f 8791 8799 8784
f 5 8793 6
f 8795 5 4
f 8785 8783 22
f 21 8785 22
f 19 8791 8784
f 8793 5 8795
f 8790 2 8759
f 8791 19 11039
f 9322 17 16
f 8799 11189 9919
f 11491 10461 8778
f 8762 8783 11617
f 30 8972 31
f 34 9430 35
f 37 11363 38
f 40 8969 41
f 45 8930 46
f 4640 4639 9534
f 10516 9405 26
f 9453 10267 8834
f 4637 4636 9453
f 4634 4633 11545
f 8972 8976 31
f 4631 4630 8847
f 33 8958 34
f 8908 8959 8958
f 8959 9524 11379
f 9452 4628 8833
f 4626 4625 8851
f 4625 4624 8851
f 4622 4621 8852
f 8932 8885 11435
f 4621 4620 8852
f 8885 8852 9325
f 8971 11435 8970
f 4618 4617 8853
f 8875 8884 8903
f 8903 8884 9358
f 8903 9358 8969
f 8969 9358 10258
f 8853 4617 4616
f 4615 4614 8882
f 8883 8882 8931
f 8883 8931 8954
f 8954 8931 11040
f 4612 4611 8821
f 8929 8977 47
f 4609 4608 8832
f 8832 4608 8845
f 8832 8845 8911
f 4608 4607 8845
f 8911 8845 8893
f 8911 8893 8912
f 8820 8831 10085
f 53 8979 54
f 54 9474 55
f 71 10819 72
f 81 8988 82
f 8872 8854 8880
f 8872 8880 8951
f 8819 4603 4602
f 4602 4601 9429
f 9429 4601 9403
f 9403 4601 4600
f 4599 4598 8871
f 4595 4594 8842
f 8879 8926 8915
f 8915 8926 8947
f 8961 8915 8947
f 9941 4593 8841
f 8962 8916 8963
f 8962 8963 8984
f 8855 11475 4592
f 4592 4591 8855
f 8855 4591 8825
f 4589 4588 8867
f 4586 4585 8894
f 8894 4585 9431
f 8839 9431 4584
f 4583 4582 8838
f 8838 9360 8818
f 8865 4581 4580
f 9595 4581 8865
f 8865 4580 9361
f 4580 4579 9361
f 8865 9361 8864
f 4578 4577 8856
f 4575 4574 11191
f 10412 8918 8966
f 8859 4573 4572
f 4572 8863 8859
f 8863 4571 8823
f 4572 4571 8863
f 8816 4568 4567
f 4566 4565 9472
f 8860 9472 8896
f 8814 4562 10792
f 8933 8922 10693
f 4562 4561 10792
f 10789 10807 10694
f 8979 8952 8902
f 8979 8902 8951
f 8951 8902 8872
f 8872 8902 8830
f 8830 10638 8873
f 8952 53 52
f 8830 8873 8820
f 8952 52 8953
f 8873 8831 8820
f 8873 8893 8831
f 8953 51 8978
f 8911 8912 9950
f 50 49 9567
f 9567 49 8968
f 8906 8907 8849
f 4640 8835 4641
f 25 24 8974
f 8974 8762 8907
f 8849 8850 8835
f 8907 8762 8850
f 8907 8850 8849
f 8762 8761 8850
f 8921 11041 8922
f 8836 8814 11041
f 8896 8836 11041
f 10144 8860 8923
f 8897 10144 8923
f 8897 8923 8936
f 9362 10144 8897
f 8967 8897 8936
f 8937 8919 8920
f 8823 4571 4570
f 8823 8861 8919
f 8862 8823 8919
f 8863 8823 8862
f 11365 8862 8919
f 8858 8859 10462
f 8876 10412 11618
f 8939 8924 8965
f 11544 8856 8817
f 8941 11544 8940
f 9361 4579 4578
f 9595 8865 8877
f 8964 8864 10463
f 9360 9595 8877
f 9431 4585 4584
f 11804 4587 8894
f 8900 8866 8944
f 4588 4587 11804
f 11804 8866 8878
f 8878 8866 11364
f 4589 8867 8824
f 8824 8867 8840
f 8840 8867 8878
f 4590 4589 8824
f 8824 8840 9366
f 9366 8840 10808
f 9366 10808 8946
f 8825 8824 9366
f 8825 4590 8824
f 8868 8855 9920
f 8868 9920 8917
f 8826 11475 8855
f 8826 8855 8868
f 4593 8826 8841
f 8916 8826 8868
f 11288 8925 8962
f 8926 8869 8925
f 11287 11042 8869
f 8926 8925 8947
f 10818 4597 4596
f 8927 8915 8961
f 9367 10818 8870
f 9367 8870 8927
f 9367 8927 8948
f 9451 4599 8871
f 8871 9450 8914
f 9450 8928 8914
f 8982 8914 8928
f 9451 8871 8843
f 8843 8871 8914
f 8901 8843 8914
f 8901 8914 8982
f 8844 9359 8949
f 8819 4602 9429
f 8819 9429 8844
f 8880 8819 8844
f 8880 8844 8913
f 8913 8844 8949
f 8913 8949 8950
f 9474 8951 8913
f 8831 4606 10085
f 8845 4607 4606
f 4606 8831 8845
f 4609 8832 8846
f 8846 8832 8874
f 8874 8832 8911
f 8846 8874 9556
f 9363 4610 8846
f 48 8977 8968
f 8929 11043 8881
f 46 8929 47
f 9473 4614 4613
f 9324 8883 8954
f 43 8954 11040
f 4616 4615 9364
f 4616 9364 11044
f 8910 8875 8903
f 8970 8903 8969
f 9325 4619 8875
f 8904 8932 11374
f 10142 8909 8891
f 8822 8851 8890
f 37 10749 11363
f 8889 8822 8890
f 9365 4631 8847
f 9365 8847 8848
f 8848 8908 9404
f 11545 4632 9365
f 11293 11434 8957
f 8973 8957 8972
f 29 8955 8973
f 8896 9472 8836
f 8858 11191 4574
f 4590 8825 4591
f 8842 4594 11287
f 8896 8921 8935
f 8920 9362 8897
f 8938 8862 11365
f 9361 8856 9924
f 8864 9361 9924
f 8864 9924 10463
f 8898 8818 9360
f 8878 8867 11804
f 8900 8987 11364
f 8855 8825 9920
f 9920 8825 9366
f 8916 8841 8826
f 8963 8916 8868
f 8879 8842 11287
f 8854 8819 8880
f 8845 8831 8893
f 9556 8968 8977
f 47 8977 48
f 8882 9323 8931
f 8884 9324 9358
f 41 10258 42
f 10142 8904 9573
f 8888 8889 9579
f 8976 9404 10341
f 8976 32 31
f 8955 29 28
f 9405 9923 27
f 11436 10694 11738
f 8933 10693 97
f 96 8933 97
f 96 8934 8933
f 95 8934 96
f 93 9921 94
f 8936 9921 93
f 92 8936 93
f 8967 8936 92
f 8937 8967 91
f 90 8937 91
f 89 8990 11365
f 88 8990 89
f 10342 11045 87
f 86 10342 87
f 85 8966 86
f 8965 8966 85
f 84 8965 85
f 8939 8965 84
f 83 8939 84
f 8989 8924 8939
f 8989 8939 83
f 8940 8924 8989
f 8988 8989 82
f 82 8989 83
f 8988 8940 8989
f 8941 8940 8988
f 8942 8941 8988
f 8942 8988 81
f 80 8942 81
f 9520 79 78
f 77 11697 78
f 10143 11697 77
f 10143 77 76
f 70 8945 71
f 8986 8945 70
f 8986 70 69
f 8986 8917 8946
f 8985 10145 68
f 67 8985 68
f 8984 8963 8985
f 66 8984 67
f 63 8961 64
f 8983 8961 63
f 8983 8927 8961
f 8983 63 62
f 61 8983 62
f 60 8948 61
f 8981 8901 8982
f 8981 8960 8901
f 8980 8981 57
f 56 8980 57
f 8950 8949 8980
f 55 8950 56
f 9474 8950 55
f 8995 4554 4553
f 4558 4557 9013
f 4557 4556 9012
f 4552 4551 8994
f 4551 4550 9009
f 9009 4550 9023
f 4550 4549 11619
f 4548 4547 9022
f 8993 4542 4541
f 4538 4537 8992
f 4536 4535 9015
f 4531 4530 9000
f 4530 4529 11493
f 10790 9007 4544
f 4548 9022 9008
f 4553 4552 9010
f 120 119 9066
f 118 117 9077
f 116 115 9069
f 111 10346 9926
f 9521 9055 11194
f 9051 9017 9024
f 108 107 9407
f 9054 9025 9011
f 4528 11493 4529
f 9007 8999 4545
f 9009 8994 4551
f 4555 9011 4556
f 9011 9012 4556
f 10344 10146 9915
f 9915 10146 4559
f 9019 11493 10156
f 9014 11289 9004
f 4534 4533 11289
f 4535 4534 9002
f 9015 4535 9002
f 8997 4540 8996
f 4540 4539 8996
f 9010 4552 8994
f 8995 4553 9010
f 4555 4554 11046
f 9956 9003 10344
f 9005 9953 9004
f 8996 9027 8997
f 8999 9021 9522
f 9022 9016 9008
f 9008 9041 11619
f 9041 9032 9023
f 8994 9024 9010
f 9024 9017 9010
f 9010 9017 8995
f 4555 11046 9011
f 9011 9025 9012
f 9042 9013 9012
f 9013 9018 9003
f 8991 9019 9408
f 9048 9029 9078
f 9029 9006 10345
f 9005 9006 11757
f 9005 11757 9953
f 9063 9061 9075
f 9073 9063 130
f 129 9073 130
f 9014 9037 9061
f 9058 9061 9063
f 9073 9058 9063
f 9068 9047 9073
f 128 9068 129
f 9001 9014 9061
f 9001 11289 9014
f 9047 9058 9073
f 11366 9015 9028
f 9030 9046 9057
f 9020 9015 11366
f 11366 9046 9030
f 9066 9065 120
f 9072 119 118
f 8998 10343 9056
f 9059 9077 117
f 9059 117 116
f 9040 9035 9069
f 9522 9035 9040
f 9050 9040 9069
f 8994 9009 9026
f 9024 8994 9026
f 9024 9026 9521
f 11046 8995 9568
f 9043 9025 9054
f 9043 9054 11367
f 9067 11367 106
f 9042 9012 9025
f 9043 11367 9067
f 9042 9043 9432
f 9432 9043 9067
f 105 9432 9067
f 9028 9001 9058
f 9047 9028 9058
f 9020 11366 9030
f 9020 9030 9031
f 9031 9030 9057
f 9031 9057 9038
f 9038 9057 9064
f 9027 9031 9038
f 9045 9071 9065
f 9065 9071 121
f 9065 121 120
f 11899 9045 10343
f 9056 9045 9065
f 9066 9056 9065
f 9036 9056 9066
f 9036 9066 9072
f 9039 9072 9077
f 10464 9072 9039
f 9016 9041 9008
f 111 9926 112
f 9009 9044 9026
f 9026 9044 9055
f 9024 9521 9051
f 11046 9568 9011
f 9011 9568 9054
f 9054 9407 11367
f 9067 106 105
f 9018 9013 9042
f 9454 9018 9432
f 104 9454 105
f 10344 9034 11894
f 11850 9927 9033
f 9063 9075 131
f 9063 131 130
f 9034 9053 9070
f 9052 9060 101
f 9074 132 11781
f 102 9060 9070
f 9075 132 131
f 101 9060 102
f 4525 9088 9138
f 11195 10517 10603
f 4519 4518 9139
f 146 145 9105
f 4515 9135 9085
f 4514 9086 9135
f 9105 9127 9107
f 9127 9103 9107
f 9105 9107 146
f 9090 4511 9091
f 9090 9091 9128
f 9128 9120 9104
f 4511 4510 9136
f 9091 4511 9136
f 9091 9136 9092
f 9092 9136 9093
f 10474 4506 9137
f 4506 9812 9137
f 155 154 9111
f 9139 9095 9134
f 11047 9095 9139
f 142 141 9112
f 9095 9133 9134
f 138 137 9124
f 134 133 9078
f 9125 9062 8991
f 9125 8991 9408
f 9082 9408 9019
f 9082 9019 10156
f 9138 9143 4526
f 9081 157 156
f 9098 9111 154
f 9929 4504 9079
f 11290 9929 9084
f 9812 4505 9137
f 9118 9409 9104
f 9141 4512 9090
f 4513 4512 9141
f 9087 9141 9409
f 9086 9141 9087
f 9410 9087 9118
f 11097 9410 9113
f 4513 9141 9086
f 9103 9410 11097
f 9140 4516 9085
f 9140 9085 9127
f 9132 9140 9127
f 9475 9132 11047
f 10147 9105 9117
f 9100 10147 9117
f 9100 9117 144
f 9142 9134 9133
f 9142 9133 9126
f 4520 4519 9134
f 9142 4520 9134
f 4521 4520 9142
f 9083 9089 11195
f 9088 9083 11195
f 9408 10671 9119
f 9143 4527 4526
f 9084 9137 4505
f 9084 4505 11290
f 9118 9104 9108
f 9137 9084 9130
f 9131 9093 4508
f 9135 9410 9103
f 9103 11097 9107
f 4516 9140 4517
f 9100 9095 10147
f 9475 9140 9132
f 143 9100 144
f 10671 9124 9115
f 4525 9138 4526
f 9613 9138 9928
f 9120 9109 9104
f 9118 9108 9113
f 9095 11047 10147
f 9569 9095 9100
f 9569 9100 143
f 9133 9095 9569
f 9116 143 142
f 9096 9099 9092
f 9104 9109 9108
f 10474 9137 9129
f 9114 9110 153
f 9114 153 152
f 9093 9131 9096
f 9096 10148 9099
f 10603 10517 9123
f 139 9102 9106
f 9122 9094 9129
f 9121 9122 9129
f 139 9106 140
f 138 9102 139
f 9102 10642 9106
f 9124 9102 138
f 9122 9110 10148
f 11825 11205 9080
f 9122 9121 9098
f 9122 9098 9110
f 9097 9111 9121
f 9952 11825 9097
f 9120 9930 9109
f 150 149 9109
f 9109 149 9108
f 137 9115 9124
f 10704 9115 137
f 155 9411 156
f 154 153 9098
f 9098 153 9110
f 9930 9114 152
f 149 148 9108
f 9108 148 9113
f 9115 10704 9119
f 9078 9062 9101
f 11097 9113 147
f 147 9113 148
f 9930 151 150
f 9130 9097 9121
f 161 9416 162
f 163 9273 164
f 164 11849 165
f 171 9271 172
f 172 9303 173
f 174 9298 175
f 176 9270 177
f 177 9270 178
f 180 9476 181
f 181 9305 182
f 182 9305 9951
f 182 9951 183
f 201 9238 202
f 203 202 9455
f 204 9250 205
f 9205 161 160
f 9233 9545 9416
f 9205 9416 161
f 4498 4497 9147
f 9273 11849 164
f 166 10260 167
f 9276 10261 10260
f 9166 11698 11700
f 9276 9258 10261
f 9459 10149 9156
f 168 9369 169
f 9369 9204 9302
f 9191 4492 9457
f 9458 9191 9208
f 169 9302 170
f 9271 9303 172
f 9168 9235 9234
f 9234 9235 9303
f 9235 9168 9155
f 9155 4489 4488
f 4488 9510 9169
f 11724 9169 11725
f 9229 11724 9298
f 9298 9304 175
f 9510 9154 9169
f 11725 9553 9931
f 175 9304 176
f 9202 10519 9277
f 9202 9435 10519
f 4483 11437 9535
f 4482 4481 9377
f 9306 185 184
f 9306 9255 9269
f 9306 9269 185
f 9297 9307 187
f 187 9307 188
f 9201 9227 9307
f 4477 4476 9171
f 9253 10672 9938
f 9171 4476 9164
f 9278 10569 9415
f 9145 4474 4473
f 193 9370 194
f 9211 9212 9279
f 9252 9211 9279
f 9252 9279 9370
f 9370 9308 194
f 4472 9371 9211
f 9279 9212 9414
f 9279 9414 9308
f 196 9372 197
f 4470 4469 9163
f 9214 9215 9267
f 9214 9267 9199
f 9199 9267 9372
f 9372 9267 9296
f 9372 9296 197
f 197 9296 198
f 199 9295 200
f 4467 4466 9152
f 9152 4466 9173
f 4466 4465 9173
f 9190 11084 9376
f 9190 9376 9237
f 9488 4465 4464
f 4464 4463 9189
f 9189 9188 9198
f 9189 9198 10154
f 10154 9198 9455
f 9189 4463 9188
f 9198 9251 9455
f 4461 4460 9375
f 9375 9197 9373
f 4459 4458 9503
f 4458 4457 9161
f 9291 9290 209
f 209 9290 210
f 4456 4455 9174
f 9174 4455 9217
f 220 11053 221
f 227 9261 228
f 230 229 9300
f 230 9300 9299
f 230 9299 10011
f 232 9287 233
f 9184 4450 10151
f 9184 10151 9225
f 9184 9225 9218
f 9225 11051 9218
f 9283 9245 9265
f 4445 4444 9177
f 4444 4443 9223
f 9223 11496 9284
f 9149 4441 4440
f 9149 9178 9933
f 9313 9285 9262
f 4440 4439 9178
f 4438 4437 9935
f 4435 4434 9180
f 9222 9194 9286
f 4434 4433 9615
f 11306 9477 9242
f 9148 4431 4430
f 9148 4430 8670
f 11512 9220 9259
f 9259 8669 235
f 9259 9220 8669
f 9309 215 10152
f 9218 9195 9934
f 9218 9934 9150
f 9150 4452 4451
f 9309 10152 9195
f 9150 9934 9151
f 9150 9151 4452
f 9934 9160 9151
f 10152 9247 9195
f 9195 9247 9934
f 4452 9151 4453
f 9934 9247 9160
f 9247 9239 9160
f 9288 9282 9239
f 9247 9288 9239
f 9160 9239 11658
f 9239 9282 9248
f 9239 9248 11658
f 9160 11658 9217
f 9282 212 11826
f 9282 11826 9248
f 157 9081 9301
f 9148 8670 11196
f 9219 9179 9502
f 9287 9502 11291
f 9315 11495 9287
f 9180 9194 9222
f 9374 9180 9222
f 9300 9241 9222
f 9374 11542 9939
f 9241 9374 9222
f 9241 9300 9260
f 10518 11542 9243
f 9314 9244 9261
f 4439 4438 9935
f 11050 9244 9314
f 9284 9380 9263
f 9181 9223 11726
f 9176 4446 4445
f 9181 9177 9223
f 9176 9177 9181
f 9224 9181 11726
f 9182 4446 9176
f 9240 9176 9181
f 9175 9182 10347
f 9175 10347 9183
f 9311 9246 9283
f 9413 9246 9311
f 4453 9151 4454
f 4454 9151 9217
f 4457 4456 9412
f 9216 9185 11826
f 9186 9196 9936
f 9434 9291 208
f 208 9291 209
f 9292 9434 207
f 9375 9373 9187
f 9250 9293 205
f 9162 4461 9375
f 9162 9375 9187
f 9162 9187 9326
f 9326 9187 10604
f 9251 9250 9294
f 9294 9250 204
f 9488 4464 9189
f 9488 9189 10154
f 9238 10154 9455
f 9238 9455 202
f 9281 9238 201
f 10150 9152 9190
f 9280 10150 9237
f 9280 9237 9266
f 9266 9237 9295
f 199 9266 9295
f 9153 10150 9215
f 9266 199 198
f 9153 4469 4468
f 9296 9266 198
f 4471 4470 9172
f 9172 4470 9163
f 9172 9163 9214
f 9172 9214 9213
f 9213 9214 9199
f 9371 4471 9172
f 9371 9172 9213
f 9213 9199 9414
f 194 9308 195
f 9145 4473 9211
f 9145 9211 9210
f 9210 9211 9252
f 9210 9252 9415
f 191 9268 192
f 9164 4474 9145
f 10569 9164 9145
f 9200 9171 10640
f 189 9938 190
f 9254 9201 9307
f 9254 9307 9297
f 186 9297 187
f 11504 9614 11197
f 9269 9254 9297
f 9269 9297 186
f 9255 9254 9269
f 9256 9306 184
f 11441 9377 11497
f 9951 9256 183
f 9257 9256 9951
f 9435 9209 9476
f 4484 9165 9170
f 9170 9165 9435
f 9435 9476 10519
f 9236 9202 9277
f 9553 11900 9236
f 9236 9277 9270
f 9270 9277 178
f 9154 4487 9553
f 9229 9298 9456
f 9456 9298 174
f 171 11063 9271
f 9272 9369 168
f 10155 9276 10260
f 10155 10260 166
f 10155 166 165
f 11849 10155 165
f 9147 9231 9460
f 9460 9273 9275
f 9275 9273 163
f 162 9275 163
f 9157 9192 9233
f 9205 9233 9416
f 9274 9205 160
f 9489 9205 9274
f 159 9274 160
f 10151 4450 4449
f 9183 10151 9175
f 9164 4475 4474
f 9242 9940 11495
f 10262 9286 11736
f 9243 9374 9241
f 9178 9935 9379
f 9933 9178 9379
f 9933 9379 11050
f 11050 9379 9244
f 9262 9285 11050
f 9182 9176 9240
f 10347 9240 9245
f 9245 9240 9224
f 9225 9413 11051
f 9217 9151 9160
f 9161 4457 9412
f 9216 9226 9412
f 9290 9226 9216
f 9290 9216 9289
f 9290 9289 210
f 9293 9249 9292
f 9294 9455 9251
f 203 9294 204
f 9237 9376 9295
f 200 9295 9281
f 200 9281 201
f 9267 9215 9280
f 9227 11049 9200
f 11725 9154 9553
f 176 9304 9270
f 9191 9457 9208
f 11698 9207 9258
f 9258 11699 10261
f 9416 9275 162
f 9221 9220 11291
f 232 9315 9287
f 231 9315 232
f 9299 10262 10011
f 9222 9286 9299
f 9300 9222 9299
f 229 9260 9300
f 9261 9260 228
f 228 9260 229
f 227 9314 9261
f 226 9314 227
f 9262 9314 226
f 9262 11050 9314
f 225 9262 226
f 224 9313 225
f 9313 9262 225
f 9263 9313 224
f 223 9263 224
f 9264 9263 223
f 9312 9264 222
f 222 9264 223
f 221 9312 222
f 9265 11053 220
f 219 9265 220
f 9283 9265 219
f 9283 219 218
f 9311 9283 218
f 217 9311 218
f 11051 9413 9310
f 9310 9413 9311
f 9310 9311 217
f 216 9310 217
f 9310 216 9309
f 4645 9918 4675
f 3085 9722 3102
f 3214 9722 9648
f 23 24 274
f 131 132 4344
f 4389 10432 4294
f 4349 4392 4350
f 9572 1594 9570
f 4351 155 156
f 2858 2772 11112
f 2722 2655 2699
f 6086 5981 6057
f 9316 6086 6057
f 4692 4415 4702
f 5798 9331 5753
f 5289 5238 9506
f 5451 5450 5503
f 5524 9335 5588
f 4456 6096 10472
f 6849 6852 6880
f 6725 4471 4472
f 6991 10809 9465
f 7847 7791 7846
f 9511 6325 9446
f 6327 6405 6328
f 7452 4584 4665
f 4590 4591 7085
f 6637 4598 4599
f 6607 6637 4599
f 5766 9562 5795
f 4717 4748 4825
f 5766 9547 9562
f 9334 5311 5284
f 4895 4865 4905
f 5783 9441 11786
f 5646 5647 10103
f 5830 5765 5829
f 11198 5887 5909
f 5921 9318 9396
f 6212 6222 6223
f 6620 6574 6643
f 8313 8319 8312
f 6683 6724 11200
f 11054 6849 6880
f 4411 4410 8687
f 9321 8687 4410
f 257 256 8750
f 253 9352 8745
f 8745 8706 8717
f 8682 11185 4429
f 8753 8724 8739
f 8732 8755 250
f 8741 8713 9353
f 10791 8958 8959
f 9573 8887 8909
f 8969 10258 41
f 8871 8828 9450
f 8894 9431 11852
f 8856 9361 4578
f 8815 4567 4566
f 9362 8816 10144
f 9925 9360 8877
f 9359 8843 8901
f 9363 4611 4610
f 9323 9473 8892
f 8875 8910 9325
f 9325 4620 4619
f 11545 4633 4632
f 9402 9623 11293
f 9323 8882 9473
f 9323 8930 8931
f 9324 9581 9358
f 9007 4545 4544
f 9035 9522 9021
f 9016 9022 9040
f 9016 10673 9041
f 9034 9018 9053
f 151 9930 152
f 150 9109 9930
f 11698 9166 4494
f 9156 4492 9191
f 9307 9368 188
f 9268 10672 9278
f 9308 9370 9279
f 9503 4458 9161
f 9503 9161 9196
f 9144 4433 4432
f 211 9289 11826
f 9289 211 210
f 11495 9940 9219
f 9216 9412 9185
f 9197 9249 9373
f 9292 9249 9434
f 9212 9371 9213
f 9212 9213 9414
f 10569 9145 9210
f 9208 9234 9230
f 9146 4497 4496
f 9326 9198 9188
f 11497 9228 9535
f 9435 9202 9170
f 859 860 786
f 4373 4391 4390
f 4350 154 155
f 4351 4350 155
f 1612 1644 1594
f 1612 1594 9572
f 4 9419 3
f 9558 4013 10624
f 891 860 859
f 2858 2816 2772
f 9328 3979 9796
f 11877 11265 11344
f 9330 9317 6199
f 5097 11336 11056
f 9571 9625 6020
f 5488 5452 9329
f 5725 9464 9331
f 5172 5152 11056
f 9571 6020 6077
f 6849 11615 6852
f 8600 8617 4521
f 8617 4520 4521
f 6327 6328 11292
f 8667 8654 8609
f 7085 4591 7031
f 4658 4659 4670
f 4883 10395 4829
f 4954 4956 4957
f 4825 4748 4784
f 4856 4884 10448
f 11265 11877 11417
f 9393 4865 4895
f 5311 9334 5253
f 5451 5504 5424
f 9331 9464 5699
f 5765 9397 9394
f 9397 10239 11646
f 6077 6134 9386
f 9942 9337 9479
f 5814 10399 5747
f 9339 9337 9340
f 9340 9942 9338
f 9340 9338 9341
f 9383 5905 9619
f 9337 9339 5985
f 9339 9340 6092
f 11368 5985 5965
f 9444 6047 6092
f 6293 6274 4461
f 11438 6466 6518
f 9343 11533 6549
f 6611 11534 6653
f 9345 6611 6657
f 6869 9398 6917
f 10842 6791 6808
f 6670 6652 6697
f 6697 6728 6742
f 6916 6898 6940
f 9885 6752 6809
f 6882 6809 10743
f 7046 9480 9346
f 6820 6796 9347
f 11688 6921 11649
f 7022 9445 7098
f 7139 9484 7072
f 7897 7898 7867
f 6386 11659 9427
f 9349 9485 11659
f 10597 6447 6505
f 10567 6961 7013
f 6471 6447 10597
f 8372 8384 9565
f 9446 6290 9511
f 8370 8413 8445
f 11615 6850 6852
f 6991 6950 6919
f 7605 7622 7640
f 8042 10948 8148
f 240 8736 9356
f 8736 8734 9356
f 8681 8671 8677
f 11034 8677 4405
f 4425 11665 8694
f 244 9353 8733
f 9353 8751 8733
f 8697 8722 8715
f 252 8755 9352
f 8694 8734 8676
f 8734 8736 11187
f 237 8742 238
f 4648 11055 8768
f 9533 8769 8778
f 4658 8806 4659
f 4637 9453 8834
f 8884 8853 11044
f 11040 8931 8930
f 8861 4569 4568
f 8978 51 50
f 9556 9363 8846
f 8882 9364 4615
f 9364 8882 8883
f 9555 11545 9365
f 9923 10669 11621
f 8895 8862 8938
f 9920 9366 8946
f 9556 8881 9363
f 9923 9405 10669
f 9020 8992 4537
f 9029 10345 9062
f 9059 9069 9035
f 9926 9032 11783
f 9053 9018 9454
f 10345 8991 9062
f 121 9071 122
f 9055 9044 10346
f 9432 9018 9042
f 9475 11047 9139
f 9101 9062 9125
f 188 9368 189
f 9169 9154 11725
f 9305 9228 9257
f 9194 9615 9193
f 10152 9288 9247
f 9144 9477 11306
f 9376 9238 9281
f 9371 4472 4471
f 183 9256 184
f 9236 9931 9553
f 9166 9378 4495
f 11049 9932 10809
f 10151 9183 9225
f 9413 9225 9183
f 9293 9373 9249
f 9368 9938 189
f 10350 9545 9192
f 9417 9232 9274
f 4350 4392 154
f 5696 5699 9464
f 9317 9330 6134
f 9386 9571 6077
f 6737 6781 4596
f 6607 4599 4600
f 11198 5964 11368
f 10641 9338 9336
f 9337 9942 9340
f 9341 6092 9340
f 6466 6434 6518
f 6466 6467 6435
f 6467 6466 11438
f 8834 4638 4637
f 8815 4566 9472
f 8814 4563 4562
f 9555 8848 9404
f 4536 9020 4537
f 126 11844 10259
f 9144 4432 9477
f 11585 10520 10155
f 159 9417 9274
f 9643 9384 1475
f 274 22 23
f 3431 3447 3432
f 4043 165 3982
f 3750 9461 3707
f 9419 9437 3
f 3785 3804 3805
f 5986 5951 6017
f 4690 4691 4421
f 5589 5505 5603
f 7571 4580 4581
f 4587 7304 4586
f 7031 4592 7007
f 4658 4670 4671
f 4619 9869 4618
f 5222 5307 11369
f 4719 10605 9592
f 6175 9424 10351
f 4671 4657 4658
f 9393 10228 4865
f 9393 4792 10228
f 5141 5120 5165
f 5183 5225 5254
f 4819 9393 9853
f 5328 5327 4440
f 6211 6181 11057
f 6463 11720 6465
f 6434 6463 6465
f 6657 6653 6656
f 6898 6869 6917
f 9484 7097 7072
f 7897 7867 7811
f 6972 10413 10566
f 6620 6575 6574
f 11651 6860 6972
f 8372 8478 8470
f 8478 9351 11339
f 7041 6992 9486
f 8695 8673 8730
f 4424 4423 8704
f 11034 8700 8701
f 9448 9399 263
f 8745 8728 8706
f 11372 9400 8732
f 9356 9401 241
f 8724 8702 8715
f 8695 8716 8729
f 10355 8772 11188
f 8769 9533 4645
f 9534 10340 10669
f 9402 10267 9453
f 9365 4632 4631
f 8822 4626 8851
f 8886 8891 4623
f 8853 8875 4618
f 8875 8853 8884
f 8821 4611 9363
f 8821 9363 8881
f 8846 4610 4609
f 4599 9451 4600
f 8895 8863 8862
f 8823 4569 8861
f 8836 4565 4564
f 8953 8978 10670
f 8816 4567 8815
f 8816 8815 10144
f 9595 8838 4582
f 8905 9579 8889
f 8996 4539 4538
f 8992 9027 8996
f 8995 9017 9568
f 9000 4530 9406
f 9002 4534 11289
f 9002 9001 9028
f 9072 9066 119
f 114 9050 115
f 9064 9057 10259
f 9410 9118 9113
f 11825 9411 9097
f 9155 4488 9169
f 4486 4485 11900
f 9170 11900 4485
f 181 9476 9305
f 9152 9173 9190
f 4455 4454 9217
f 9144 11306 9193
f 9193 9615 9144
f 9246 9413 9183
f 4462 4461 9162
f 4462 9162 9188
f 9235 9155 9229
f 9258 9207 11699
f 9148 10348 4431
f 9303 9235 9456
f 9229 9456 9235
f 11698 9459 9207
f 9232 9489 9274
f 11056 11336 5109
f 6325 9554 6355
f 5830 5829 9395
f 5887 9395 5909
f 9479 9624 10268
f 9436 5830 5887
f 6478 11438 6549
f 4564 4563 8814
f 104 103 9454
f 10152 215 214
f 9272 11699 9369
f 5652 4448 5672
f 5652 4447 4448
f 4591 4592 7031
f 4811 4819 9853
f 6549 11438 6519
f 6820 11866 6796
f 6899 11688 6994
f 8313 8312 9565
f 9317 10264 11274
f 9383 9436 5887
f 9349 11659 6386
f 8951 8880 8913
f 9050 9069 115
f 9437 306 2
f 2362 10909 2379
f 1885 1914 10521
f 1531 9572 9570
f 2116 2093 2134
f 1013 972 971
f 405 9751 11126
f 9437 9419 354
f 1612 9572 1578
f 6234 6218 6206
f 6200 11144 9526
f 5172 5208 5238
f 7465 7440 7356
f 9389 6379 11485
f 6314 9554 6325
f 8667 4555 8654
f 4914 4857 4901
f 4962 4914 4924
f 4989 4962 5007
f 5052 4989 5028
f 5100 5052 5064
f 11199 5100 5150
f 5242 5193 5211
f 11370 5242 5280
f 5408 5398 11371
f 5480 5408 5442
f 5509 5480 5490
f 5557 5509 5525
f 5632 5557 5592
f 5780 5704 11058
f 5801 5780 5787
f 5838 5801 5865
f 5917 5838 5883
f 5942 5917 5924
f 4738 4739 10605
f 6115 6160 9424
f 4729 4712 9863
f 5603 5654 5604
f 9425 11198 5909
f 6234 6206 11271
f 6001 5972 5938
f 5939 5938 5972
f 5965 5905 11368
f 6609 11533 9478
f 8082 10948 8030
f 8706 8728 10411
f 11032 8683 10256
f 8722 8749 9448
f 8722 9448 8740
f 9616 4650 8812
f 10848 11490 8786
f 8859 8863 8895
f 8979 53 8952
f 8953 52 51
f 9924 8856 11544
f 4603 8854 4604
f 11044 8853 4616
f 4627 4626 8822
f 8854 4603 8819
f 9002 9028 9015
f 10343 9045 9056
f 9454 9432 105
f 134 9101 135
f 4515 9085 4516
f 9226 9161 9412
f 9379 9935 10518
f 9936 9434 9186
f 9188 4463 4462
f 9257 11048 9256
f 9937 9375 4460
f 9196 9161 9226
f 9303 9456 173
f 173 9456 174
f 9458 11063 9302
f 9302 11063 170
f 170 11063 171
f 5325 11784 5288
f 11043 8929 8930
f 9249 9186 9434
f 9188 9162 9326
f 9250 9251 10604
f 9173 9488 11084
f 9535 11437 11497
f 1531 1473 9717
f 1531 10918 1473
f 9494 9546 9381
f 4956 4954 4911
f 4483 7405 7354
f 9555 9404 11434
f 9053 9454 103
f 9383 9619 9436
f 11748 11784 10440
f 5696 5589 5603
f 5327 4439 4440
f 4412 10522 4413
f 259 9600 8753
f 9457 4492 4491
f 9186 9249 9197
f 5604 5696 5603
f 11439 19 20
f 4484 4483 9165
f 3560 3527 9596
f 3062 3063 9582
f 10374 3063 3049
f 2891 10420 9587
f 9492 1885 10521
f 381 9731 11328
f 1105 10030 9505
f 3684 3683 3693
f 3033 3016 3015
f 9441 5752 5797
f 4459 4460 10699
f 11200 6724 6792
f 9442 7405 7367
f 9554 9529 6355
f 6242 9944 6224
f 4576 4577 7754
f 4657 4672 4656
f 9423 10352 10958
f 4914 4901 4924
f 4962 4924 5007
f 4989 5007 5028
f 5052 5028 5064
f 5100 5064 5150
f 5193 5174 5211
f 5242 5211 5280
f 11370 5280 5333
f 5354 11370 11371
f 5408 5372 5442
f 5480 5442 5490
f 5509 5490 5525
f 5557 5525 5592
f 5632 5592 5640
f 5658 5640 5673
f 5704 5658 11058
f 5780 11058 5787
f 5801 5787 5865
f 5838 5865 5883
f 5917 5883 5924
f 5942 5924 9513
f 6006 5956 6021
f 9443 5583 11661
f 5219 5250 5283
f 5858 5793 5848
f 5740 5698 5739
f 6372 11720 6408
f 6463 6408 11720
f 6869 10743 9398
f 6916 6869 6898
f 6916 6870 6869
f 6651 6612 6652
f 10105 6978 6916
f 9445 9480 7099
f 6822 11060 6821
f 9427 6302 6351
f 11838 6644 9497
f 6402 6375 6427
f 7092 7026 9620
f 6291 6241 9446
f 9947 6332 9447
f 11200 6792 6771
f 4401 8684 10695
f 8734 8694 11361
f 4414 10227 10411
f 8692 8689 8710
f 13 9449 14
f 8772 8764 11188
f 11578 8807 8808
f 8870 8879 8915
f 8877 8865 8864
f 9924 11544 8941
f 11287 8869 8926
f 9403 4600 9451
f 9451 8843 9403
f 8822 8833 4627
f 9402 9453 9623
f 10749 9579 8905
f 9047 11366 9028
f 9475 9139 4518
f 9082 9613 10671
f 9135 9087 9410
f 10148 9114 9099
f 9488 9173 4465
f 9379 10518 9244
f 9240 9181 9224
f 11049 9171 9200
f 8664 4544 4545
f 9436 5814 5830
f 9343 6561 9943
f 8957 9402 11293
f 9329 5505 5589
f 5835 5798 10939
f 10152 214 9288
f 5700 9464 5725
f 6738 6726 10772
f 9448 8749 9399
f 10671 9408 9082
f 11504 4481 4480
f 276 18 302
f 11407 11620 11553
f 1125 1114 1177
f 4264 9575 4298
f 4141 4123 4088
f 4088 4032 10932
f 10932 4032 4015
f 3560 3579 3527
f 3880 9537 3930
f 9550 3880 9605
f 3684 3694 3614
f 11066 9462 3278
f 3209 9482 9618
f 3135 9482 3082
f 3062 3135 3082
f 3063 3062 3082
f 10306 2182 2132
f 9438 10521 1914
f 416 25 26
f 1358 1377 1339
f 1794 1806 1773
f 4032 4088 4123
f 4298 11660 4264
f 9462 11066 3329
f 3385 11526 3433
f 3894 9605 3880
f 1631 10623 11597
f 4277 9715 4300
f 9782 1473 10918
f 10310 3999 10606
f 4090 4091 10606
f 9493 4143 4091
f 6207 6206 6218
f 5189 5151 5152
f 5590 5553 9329
f 6867 6847 6848
f 7154 7186 7213
f 7043 9465 7042
f 6326 6327 11292
f 8608 4554 8667
f 6018 6075 10955
f 4656 4731 4655
f 10820 9561 4829
f 4825 11157 4717
f 5146 5202 5182
f 6176 6115 9424
f 5951 5969 6017
f 5182 11477 5146
f 9594 6296 6277
f 6409 6373 6408
f 6436 6411 10767
f 6612 6595 6562
f 9467 11480 6671
f 9467 6671 6742
f 7218 7217 9426
f 11838 9497 6721
f 6787 6731 6759
f 6843 6787 6858
f 6859 6843 6858
f 7899 7898 7986
f 7190 11801 7221
f 6402 11071 6375
f 6304 9469 9542
f 7147 7062 7131
f 7132 7110 7176
f 8666 8606 8665
f 9946 11575 9319
f 7572 9510 7620
f 8699 8714 10637
f 8808 11616 8810
f 8928 8948 60
f 8848 8959 8908
f 9135 9086 9087
f 9613 9143 9138
f 9094 9122 10148
f 4492 9156 4493
f 9937 4460 4459
f 9503 9937 4459
f 9174 11658 9185
f 11658 9174 9217
f 9194 9193 9286
f 10263 10213 9179
f 9936 9196 9226
f 10604 9187 9373
f 9205 9489 9233
f 9383 5887 11198
f 6137 9330 6197
f 5696 5655 5589
f 8739 260 8753
f 2091 2078 2062
f 7319 7287 9470
f 4587 4586 8894
f 8836 9472 4565
f 9473 8882 4614
f 6063 5973 11532
f 5973 6063 6002
f 2062 2078 1990
f 5189 5152 5172
f 4672 4731 4656
f 10264 6157 11603
f 4546 8666 8665
f 4062 4063 9604
f 3209 3260 3162
f 11412 4158 11890
f 4091 4090 9493
f 1870 1857 9492
f 3950 3951 3910
f 10870 4201 9715
f 9483 4692 4740
f 8631 8624 4543
f 6918 6919 6950
f 7481 4485 4486
f 7944 7960 7893
f 8666 4546 4547
f 6289 9511 6240
f 6240 9511 6290
f 10134 10084 9466
f 4654 4655 9846
f 4845 11157 4825
f 4739 10089 11061
f 9862 9849 10349
f 9508 5697 5723
f 5724 5723 9441
f 5921 5920 11758
f 5797 5752 5868
f 5868 11273 11758
f 9394 11646 5670
f 6239 9342 10466
f 6359 6373 6409
f 6359 6409 10629
f 7218 7202 7217
f 7073 9484 7124
f 7203 7124 11170
f 11071 9485 6375
f 7106 7137 7186
f 9517 8642 11062
f 8710 8718 8692
f 8684 4400 8680
f 8723 8731 8748
f 8962 8827 8916
f 9595 4582 4581
f 8848 8847 8959
f 8884 11044 9324
f 9001 9002 11289
f 10259 11844 9064
f 122 9071 123
f 9076 9064 125
f 9227 9368 9307
f 9171 9164 10640
f 10520 9378 11700
f 9489 9157 9233
f 9375 9937 9197
f 1915 1870 9492
f 5152 5097 11056
f 5699 5696 5604
f 6336 9542 9469
f 8836 4564 8814
f 9040 9050 9016
f 9326 10604 9251
f 5583 5598 11661
f 4718 11061 4750
f 11477 5106 5146
f 9486 10137 7020
f 9167 9168 9234
f 9248 9185 11658
f 9443 5500 5583
f 4473 6794 4472
f 6001 4454 4455
f 283 10353 353
f 276 17 18
f 4012 9602 3962
f 3613 3647 3648
f 9491 4201 4186
f 2204 2182 10306
f 11501 877 10184
f 10779 4089 10653
f 1943 9492 10521
f 4201 9493 4186
f 1915 9492 1943
f 2907 10040 11500
f 9525 6218 6234
f 5317 5247 5267
f 6251 6199 6228
f 4830 10447 4882
f 6064 6067 6063
f 11427 6314 6289
f 4759 4700 4688
f 4857 9617 4802
f 4769 4768 9860
f 5382 5305 5347
f 6269 6205 6232
f 5868 9496 5869
f 5868 5869 11273
f 7410 7403 7404
f 10998 6386 9427
f 11071 6322 9542
f 8319 9819 8312
f 8575 8644 8660
f 9500 8643 8644
f 8718 8710 8738
f 8733 8754 245
f 10140 9616 8770
f 8909 8890 8851
f 8890 8909 8887
f 4530 11493 9406
f 9406 11493 9019
f 9031 8992 9020
f 9126 9523 9142
f 9102 9124 9928
f 10474 9129 9094
f 9455 9294 203
f 9186 9503 9196
f 9197 9937 9503
f 9296 9280 9266
f 233 9287 11291
f 9944 6328 10122
f 9381 5974 9494
f 4630 9524 8847
f 4612 8821 8892
f 8996 4538 8992
f 9267 9280 9296
f 4143 9493 4201
f 9491 9715 4201
f 9499 9840 10954
f 3431 9596 3447
f 3880 3930 3894
f 11335 4830 4882
f 7202 9468 7217
f 9359 8844 9429
f 4635 9623 4636
f 10004 4250 4230
f 5187 4436 4437
f 6217 9515 6202
f 7186 7137 7198
f 9050 10673 9016
f 9026 9055 9521
f 9497 6644 6571
f 5555 4444 4445
f 5923 4454 6001
f 3705 3766 3690
f 3964 11143 10622
f 4312 4299 10004
f 2379 10909 11072
f 2225 2237 2204
f 3733 3705 3681
f 1631 11597 1731
f 2014 2078 2132
f 1194 1176 1241
f 787 826 731
f 9505 1013 1060
f 3647 3613 10000
f 3846 3818 3800
f 9381 9382 5974
f 9506 9507 5287
f 9574 11054 6880
f 7603 7572 7620
f 7572 4487 9510
f 7367 9527 7406
f 4785 4750 4762
f 6194 6159 9420
f 5620 11347 5619
f 6017 6032 6051
f 9873 5123 5153
f 9508 5602 5697
f 5722 4449 4450
f 9607 6561 9509
f 6561 9607 9943
f 6413 6389 6390
f 7316 7326 7403
f 6262 9842 9906
f 8557 9517 11062
f 8671 8675 4407
f 9518 9616 10140
f 8835 9534 8849
f 8934 8921 8933
f 8838 9595 9360
f 9027 8992 9031
f 9523 9089 4522
f 9227 9200 9368
f 9221 9502 9179
f 5618 9536 5682
f 9336 9942 10268
f 9489 9433 9157
f 9295 9376 9281
f 7185 4480 4481
f 9233 9192 9545
f 10606 4089 4090
f 6076 4611 10955
f 1125 1084 1114
f 9945 3433 11526
f 11066 3353 3329
f 9862 9512 9849
f 4718 4785 4786
f 6380 6407 9466
f 9502 9221 11291
f 9232 9433 9489
f 4494 9459 11698
f 4601 4602 6477
f 3449 3448 3503
f 1731 11377 1747
f 2027 1973 2014
f 3596 3548 3580
f 10898 11600 3733
f 9559 9575 4328
f 4371 9575 9559
f 10162 9525 6337
f 7864 7894 7843
f 10157 4588 11418
f 9530 4601 6477
f 4625 4626 9864
f 9512 9862 4649
f 4718 4750 4785
f 6140 6132 6159
f 6194 6140 6159
f 11059 5499 5500
f 9514 5795 5851
f 4833 4803 4847
f 5494 10961 11158
f 9514 5851 9563
f 5023 5057 11477
f 6220 6210 6219
f 6264 6220 6219
f 10726 9526 6251
f 9344 6808 6791
f 6553 6525 6552
f 9541 6927 10566
f 10413 9541 10566
f 6352 6322 6403
f 7382 7430 7431
f 10122 6328 6356
f 11475 10954 7007
f 7337 7336 7407
f 8741 8737 11874
f 8686 8684 8680
f 8733 8751 8719
f 4570 4569 8823
f 8949 8960 8980
f 4545 8999 4546
f 100 9927 11796
f 9114 9930 9099
f 9510 4487 9154
f 212 211 11826
f 9547 9536 11161
f 7356 7337 7407
f 8788 8708 10753
f 10355 11188 8800
f 9928 10642 9102
f 9165 9535 9209
f 11786 5753 5783
f 80 11637 79
f 2048 1976 2029
f 3962 9602 9558
f 4740 4762 9483
f 9344 11790 10674
f 4608 6250 4607
f 9280 9215 10150
f 9536 9547 5718
f 5794 5816 5849
f 6522 6515 6521
f 4659 8806 8773
f 506 454 469
f 9602 4059 9589
f 9548 9550 3782
f 1125 1026 1084
f 3214 3245 11458
f 469 423 404
f 3848 11143 9537
f 9549 9482 3162
f 469 454 423
f 11462 730 11461
f 3187 9549 3162
f 3385 3397 3329
f 6235 6218 9525
f 10162 6235 9525
f 4411 4739 4693
f 5870 5835 9546
f 6868 6819 6896
f 8646 8645 4525
f 9528 8401 8365
f 8490 8510 8572
f 4607 9906 4606
f 5988 10955 4613
f 10955 4612 4613
f 4616 5853 4615
f 9391 9849 4674
f 6202 6173 6201
f 11427 6289 6238
f 9541 6873 6927
f 6631 6643 6662
f 7490 7501 7456
f 8385 9565 8360
f 8314 8319 8313
f 10135 9544 9909
f 9352 8755 9400
f 8760 11070 9552
f 8712 9917 8720
f 4650 9616 4651
f 37 36 10749
f 8829 4604 8854
f 8829 8854 8872
f 10145 8917 8986
f 9007 10464 9021
f 9035 9021 9039
f 11850 9052 9927
f 9952 9084 9929
f 9201 9932 9227
f 9211 4473 4472
f 4436 4435 9939
f 4421 4422 4690
f 6992 10137 9486
f 6697 9345 6696
f 8573 8614 9517
f 9468 7123 7159
f 8968 49 48
f 9625 10937 6034
f 9539 2204 2237
f 6251 9526 6199
f 4803 4786 4802
f 4739 4411 4412
f 9420 9798 9584
f 11161 9536 5717
f 5795 5856 5855
f 9616 9518 4651
f 9163 9215 9214
f 827 826 787
f 2885 2913 9490
f 3942 4030 3979
f 4249 4328 4198
f 4197 4249 4198
f 4140 4197 9583
f 4122 4110 4140
f 4264 4328 9575
f 4088 9590 4141
f 9548 3722 3693
f 10909 2443 2494
f 348 10607 328
f 3665 11140 9557
f 11067 2876 9587
f 3245 9648 3213
f 3232 3245 3213
f 3529 3580 3548
f 5541 11158 5562
f 11643 6217 6202
f 9486 7020 9946
f 8573 8572 8614
f 8667 8609 9560
f 4650 4651 4674
f 4742 4716 4691
f 6257 6175 10090
f 9617 4887 4803
f 4615 5853 5971
f 5561 11158 5474
f 9536 9611 5717
f 5880 5796 5831
f 11166 5749 5793
f 9564 6046 6091
f 10981 10103 5647
f 5931 5889 5930
f 5722 5672 4449
f 11499 10985 6550
f 6686 6685 6740
f 6317 6340 6390
f 7202 7123 9468
f 6304 9542 6352
f 8181 8125 8163
f 8372 9565 8385
f 8589 8533 8606
f 6895 6867 11054
f 6726 6725 6794
f 8749 8707 8681
f 9552 11186 9586
f 254 8756 255
f 8830 8829 8872
f 9950 9567 8968
f 8875 4619 4618
f 9039 9059 9035
f 9048 11781 9953
f 9131 10474 9094
f 4469 9153 9163
f 9163 9153 9215
f 4456 9174 9412
f 9153 9152 10150
f 9555 9365 8848
f 4519 9139 9134
f 10354 6519 6518
f 4650 4674 9512
f 6808 9398 10842
f 9580 8997 9027
f 9546 5835 5817
f 8006 10149 4494
f 8841 11042 9941
f 4511 8659 4510
f 8641 8660 4514
f 38 11363 8975
f 35 10775 36
f 3878 3944 3906
f 9548 3782 3722
f 2733 2782 2801
f 1300 1213 1257
f 9589 9558 9602
f 9548 3769 9550
f 4278 11679 10870
f 1900 1929 1888
f 3693 3721 9548
f 4077 4042 10310
f 4088 4063 9590
f 4371 9559 4370
f 5541 5494 11158
f 5316 5294 5360
f 10710 4419 4691
f 5975 5974 6034
f 5169 5187 9801
f 9577 10157 7196
f 9563 5934 5967
f 6147 9564 6091
f 9564 6147 6168
f 5404 5403 5423
f 9593 6224 6243
f 6243 6224 6258
f 6240 6239 6289
f 6224 6223 6242
f 9478 11533 9343
f 9882 6685 6609
f 6613 11611 6658
f 6230 6257 10664
f 7053 6959 11387
f 6428 6402 6447
f 8501 8447 8500
f 8469 8413 8481
f 11491 8778 8769
f 8761 11617 11433
f 11194 9055 110
f 9133 9569 9601
f 4447 4446 9182
f 4468 4467 9153
f 10258 9358 9581
f 145 144 9117
f 9386 6137 9571
f 6097 10760 6135
f 10937 9571 6137
f 9573 8904 11103
f 6609 6656 6610
f 6895 9574 6920
f 8955 9923 9622
f 11394 11375 9033
f 1506 9572 1531
f 9565 8312 8360
f 3548 3596 3597
f 10532 10443 10513
f 9547 5766 10323
f 9586 11035 8757
f 9586 8757 9552
f 268 8760 269
f 8881 9556 8977
f 260 288 312
f 9588 2686 2702
f 2709 2710 2663
f 3732 3798 3733
f 3548 9504 3503
f 3049 3064 3031
f 9418 1086 1069
f 4198 4229 9583
f 2565 2494 2533
f 2565 2582 2611
f 613 9576 665
f 3665 10538 11140
f 3929 3878 3877
f 5700 5701 5656
f 5656 5655 5700
f 9464 5655 5696
f 9858 4427 4428
f 9527 7367 7481
f 7805 4491 7925
f 8314 8289 8266
f 6255 6194 9420
f 4786 9585 4718
f 4803 9585 4786
f 4711 4730 4793
f 11155 9562 11161
f 6610 11533 6609
f 6413 6412 6437
f 8231 8128 8184
f 8958 10791 34
f 8975 8887 9573
f 11365 8919 8937
f 90 11365 8937
f 9020 4536 9015
f 9037 9075 9061
f 9601 9116 9112
f 9130 9952 9097
f 9566 8794 11378
f 4372 4299 4312
f 8997 9580 11069
f 9006 4532 4531
f 10927 9462 3329
f 6257 6230 6175
f 9385 5974 9382
f 10136 4594 4595
f 11067 2844 2876
f 5852 5796 5767
f 10561 5161 5226
f 6179 10162 9891
f 268 8758 11070
f 3784 3804 3708
f 4373 152 153
f 9086 4514 4513
f 260 261 288
f 3612 3663 11785
f 2494 2443 2533
f 4393 10849 4362
f 4362 10849 158
f 301 10607 348
f 4247 4246 4293
f 2720 2782 2721
f 2782 2720 2771
f 9584 6217 6254
f 5700 5655 9464
f 4801 4802 4786
f 4936 11752 4905
f 9593 6223 6224
f 6240 9342 6239
f 6294 6274 6293
f 6295 6274 6294
f 10354 6518 10356
f 6479 6480 6436
f 6481 6462 10523
f 6390 6340 6362
f 6754 6743 11612
f 11170 7202 7218
f 8166 8128 8231
f 8499 9806 8446
f 8614 8572 8658
f 10753 8708 8691
f 260 8739 261
f 8710 8732 8738
f 8794 9 9603
f 8780 8794 9603
f 8807 8668 11616
f 8763 11378 9357
f 9359 8901 8960
f 11069 8993 8997
f 8991 9406 9019
f 8991 10345 9406
f 9613 9082 9143
f 207 9434 208
f 9459 9203 9207
f 9207 9203 9204
f 8999 9522 4546
f 10791 9430 34
f 2919 9587 10420
f 4845 4825 10590
f 9459 9156 9203
f 9483 4414 4692
f 3964 10622 3963
f 6656 6609 6685
f 4532 9006 9005
f 10927 10375 3310
f 2844 11067 2905
f 9583 4229 4141
f 8725 8753 9600
f 9354 8725 9600
f 2782 2733 2721
f 1429 216 217
f 5851 5850 9563
f 4390 152 4373
f 1461 1432 1396
f 4247 4293 4294
f 4031 4059 9602
f 9558 9589 4013
f 3908 3947 10265
f 9604 4015 3964
f 9639 9785 10278
f 629 595 646
f 9745 629 646
f 4140 9590 4122
f 3528 9945 3447
f 3528 3527 3579
f 10623 1593 1592
f 9605 3782 9550
f 4802 4801 4857
f 5634 5656 5638
f 5656 5634 5637
f 4689 4426 4427
f 8499 9621 8565
f 10254 10149 8006
f 6224 9944 6258
f 8655 9915 8629
f 10938 4677 10352
f 10936 10710 4741
f 9592 10605 9585
f 9592 9585 4803
f 6094 6051 6124
f 4926 4902 4925
f 5437 9610 5520
f 9593 6212 6223
f 9446 6241 6290
f 6241 6221 6290
f 7109 7128 7129
f 6384 9597 6431
f 8384 8313 9565
f 11780 7044 7104
f 9586 10695 8684
f 9600 259 258
f 9501 8668 8807
f 8801 9566 11378
f 8929 8881 8977
f 11388 10840 11379
f 9601 9569 9116
f 9203 9156 9191
f 4451 4450 9184
f 8668 8685 4397
f 9582 3063 10374
f 5937 5971 5853
f 259 8753 260
f 4419 10710 10936
f 9596 3527 3447
f 10149 9459 4494
f 11406 1125 1177
f 4531 9000 9006
f 9587 2876 2891
f 9117 9105 145
f 6781 10136 4595
f 6229 9584 6254
f 6279 11586 9881
f 8760 270 269
f 10255 4413 10522
f 2886 2870 2825
f 3908 10265 3963
f 2815 10925 10438
f 2815 10438 9695
f 2919 10420 10374
f 2919 10374 3049
f 2534 2481 11072
f 3447 9945 3432
f 3752 3722 3782
f 3722 3752 10930
f 3849 9605 3894
f 6229 9420 9584
f 8307 8254 8338
f 10460 7653 10444
f 5695 5638 5701
f 4825 4784 10590
f 5004 4927 4951
f 5451 5369 5450
f 6797 6754 11060
f 6576 6620 6632
f 8384 8372 8470
f 8470 8478 11339
f 9908 10081 6406
f 8373 8384 8470
f 8504 8477 11339
f 4603 9466 10084
f 8532 9599 8605
f 8585 8635 8663
f 8491 8436 11285
f 8701 8723 8677
f 8749 8681 10750
f 9354 9600 258
f 8801 11378 8763
f 8774 8801 8763
f 9616 8812 8770
f 9013 4557 9012
f 9133 9601 9126
f 9152 9153 4467
f 4451 9184 9150
f 9150 9184 9218
f 9198 9326 9251
f 143 9116 9569
f 9453 4636 9623
f 10420 9777 10374
f 4887 4847 4803
f 7263 7264 10571
f 9391 4777 4728
f 6481 6412 6462
f 8533 11339 9351
f 9623 4635 4634
f 9549 3082 9482
f 10570 9341 9342
f 4402 4403 4695
f 9604 10932 4015
f 3432 9945 11526
f 3119 3120 3064
f 2844 2845 2831
f 2831 2845 2801
f 3596 3580 3614
f 2118 2135 2081
f 3373 11526 3353
f 10930 3694 3722
f 11223 10930 9606
f 6255 6229 6281
f 4743 4690 4422
f 6228 9317 11274
f 9597 11380 6431
f 8588 8665 8606
f 4547 4548 8626
f 4558 9956 8628
f 5681 5619 9551
f 4402 4695 4706
f 4775 4732 4792
f 5717 9611 5671
f 5724 5604 5654
f 6562 6596 6611
f 6613 6593 11611
f 6698 11535 6658
f 6797 6755 6754
f 6883 6822 6821
f 11766 6508 11800
f 7297 7251 7311
f 7269 7251 7297
f 6642 6576 6632
f 6517 6547 11337
f 8501 8500 9599
f 8690 4418 9471
f 8721 8752 236
f 9362 8861 8816
f 8861 4568 8816
f 9209 9535 9228
f 9615 4433 9144
f 6075 6076 10955
f 10524 4489 10078
f 6278 11586 6228
f 8820 8829 8830
f 11057 6181 10641
f 9639 10278 993
f 11073 7354 7335
f 10936 4418 4419
f 139 11201 10432
f 5771 11166 5815
f 9327 11048 9257
f 2905 2845 2844
f 8677 8723 8681
f 4422 4423 4743
f 6608 4468 4469
f 9282 9288 213
f 3767 3817 3800
f 2919 11242 11067
f 1649 1560 1615
f 284 5 283
f 3009 11552 3056
f 6162 9880 6206
f 5438 9802 5487
f 7603 7620 10513
f 7773 10524 10078
f 11029 8007 8082
f 4533 4534 9910
f 8504 11339 8533
f 8609 8654 8569
f 7304 4587 10157
f 4802 9617 4803
f 5348 5309 5382
f 4779 4700 4759
f 5181 5180 5219
f 6184 6183 6246
f 5369 5451 9612
f 6184 6246 6247
f 5848 9619 5888
f 5905 5888 9619
f 6253 6252 6297
f 6281 6229 6298
f 6482 6440 10240
f 6698 11480 11612
f 7093 9620 7053
f 7178 7129 7190
f 7310 7269 7297
f 6841 6814 6801
f 266 8747 267
f 4396 8668 4397
f 267 8747 8758
f 8959 8847 9524
f 8920 8897 8967
f 8986 8946 8945
f 9474 54 8979
f 107 106 11367
f 9001 9061 9058
f 124 9076 125
f 1509 1533 1561
f 10570 9342 6221
f 5749 11166 5771
f 9422 4775 4819
f 2389 10909 2362
f 9624 9479 5964
f 6336 11071 9542
f 6251 6279 10726
f 5618 9611 9536
f 10937 9625 9571
f 6240 6221 9342
f 6698 6658 11480
f 9474 8979 8951
f 9211 9371 9212
f 8798 9449 13
f 6656 6685 6686
f 8829 8820 4605
f 9639 993 10861
f 3135 9618 9482
f 353 284 283
f 11061 4718 9585
f 7426 11000 7474
f 4730 4731 4755
f 4688 4700 9850
f 7263 10571 11073
f 9948 11201 4346
f 9601 9112 9123
f 39 11296 8971
f 2332 2307 2362
f 4415 4416 4702
f 10078 4489 9168
f 6324 11427 6310
f 4650 9512 4649
f 185 9269 186
f 6303 9485 6336
f 275 21 10607
f 10219 8642 4508
f 7805 4490 4491
f 4448 9175 4449
f 9288 214 213
f 21 20 11038
f 4665 4584 4585
f 1228 1269 1270
f 2212 9650 2195
f 9650 2212 2161
f 11127 9627 1669
f 10889 10655 1850
f 1286 1259 1258
f 1381 9959 1303
f 4288 4259 4258
f 10923 9629 1905
f 11813 9631 1284
f 1345 1346 1301
f 9740 575 592
f 9638 10388 1326
f 3089 3140 3126
f 3140 3177 3167
f 3177 3237 3219
f 3237 3285 3268
f 3285 3332 3317
f 3332 3379 3362
f 3379 3420 3403
f 3420 3437 3459
f 3480 3536 3513
f 3536 3585 3568
f 3585 3641 3623
f 3641 11298 10189
f 2097 10290 2016
f 9640 1458 11712
f 2861 10706 2817
f 2463 2396 2347
f 2909 9646 2945
f 2987 2944 2943
f 350 10185 11744
f 11515 10171 3263
f 935 11454 9647
f 1900 51 1993
f 1993 51 52
f 2092 55 10794
f 10824 9649 75
f 2070 9650 2104
f 2103 9650 2070
f 9650 2103 2160
f 1536 1477 9652
f 9652 1477 1463
f 1329 1364 1382
f 10284 11816 3996
f 3275 3255 9762
f 9655 9658 3143
f 1764 1801 1781
f 9988 4156 4135
f 3797 9656 3780
f 3112 9658 3157
f 2825 10696 2886
f 4072 10175 4107
f 10158 9328 11833
f 9665 4181 4171
f 10158 4073 4031
f 3545 3592 3611
f 10898 3817 11600
f 704 737 668
f 10043 652 615
f 9992 10285 397
f 3749 3781 3800
f 10046 758 717
f 4297 9672 10700
f 4157 9673 4109
f 4109 4061 4060
f 1940 2010 2024
f 1897 10055 1940
f 1526 1576 11519
f 9674 1526 1502
f 10701 10651 314
f 4041 4076 3981
f 4041 3981 3998
f 3666 11134 3691
f 3666 3691 3646
f 9998 3646 3595
f 2593 9684 2564
f 457 9683 429
f 4370 9559 4348
f 11241 3526 3488
f 553 9694 512
f 9704 3769 3721
f 3337 3373 3328
f 9705 3208 3207
f 10272 3134 3061
f 740 9703 720
f 2698 2752 2720
f 721 9709 10003
f 2721 2698 2720
f 1958 1899 1927
f 1388 9710 1373
f 4391 4329 4275
f 3949 3909 9713
f 9713 3909 3895
f 3354 10287 3415
f 10656 3280 3244
f 2906 2892 11500
f 2856 11500 11456
f 9438 1991 1973
f 239 298 238
f 9717 1473 1410
f 1084 11220 37
f 59 9983 2309
f 4018 4044 10063
f 10063 4044 4092
f 4265 4232 4279
f 9719 4279 4331
f 9647 990 935
f 2116 2205 2184
f 2254 2253 2310
f 2311 2310 2364
f 2365 2364 2413
f 2394 2413 2459
f 2446 2459 2517
f 2497 2517 2566
f 2549 2566 2612
f 2635 2656 2672
f 2772 2723 2802
f 2772 2802 2846
f 11112 9720 2857
f 9720 2894 2941
f 4019 11226 3967
f 4112 11831 4173
f 4160 4173 4217
f 4203 4217 4266
f 4252 4266 4313
f 2365 2311 2364
f 3188 9722 3214
f 4233 10170 9982
f 10170 4233 4253
f 104 4332 11885
f 991 1001 1028
f 1127 11245 11115
f 11114 1178 1223
f 11555 1311 1341
f 1647 1663 1712
f 1807 1711 1732
f 1995 1944 1930
f 2015 9724 2080
f 3050 9725 3103
f 3296 11139 11594
f 3359 3296 11594
f 3533 3475 3582
f 3533 3582 3551
f 3551 3582 3673
f 3551 3673 3598
f 3598 3673 3653
f 3653 3710 3697
f 3697 3710 3771
f 3736 3697 3771
f 3736 3822 3789
f 3789 3822 3864
f 3789 3864 3836
f 3836 3864 3913
f 3836 3913 3883
f 3883 3913 3969
f 3883 3969 3933
f 3933 3969 4020
f 3933 4020 3985
f 4163 9726 4162
f 2462 2416 2415
f 381 11328 437
f 418 437 10914
f 465 10914 541
f 516 541 590
f 572 590 11743
f 625 11743 693
f 678 693 746
f 727 746 801
f 784 801 856
f 843 856 902
f 889 902 951
f 938 951 1002
f 1029 1002 1039
f 1029 1039 1068
f 1068 11245 1127
f 1147 1127 11115
f 1196 11114 1210
f 1242 1210 1312
f 1298 1312 1359
f 1378 1412 9728
f 1494 9729 1533
f 9729 1494 9728
f 1533 9729 1560
f 1547 1560 9729
f 1749 1775 1684
f 10682 2186 10016
f 4096 4148 11809
f 1393 9728 1494
f 9644 1859 9730
f 1859 9644 1873
f 1959 9730 1945
f 419 11136 10187
f 573 591 609
f 10018 694 695
f 9732 802 857
f 939 10584 11075
f 939 11075 10278
f 11075 903 952
f 970 952 992
f 1509 1561 1562
f 1650 1665 10876
f 1750 10613 10876
f 11711 10017 1831
f 2988 2961 3051
f 2988 3051 3037
f 3037 3051 3104
f 3037 3104 3088
f 3088 3104 10477
f 3088 10477 3139
f 3139 10477 3191
f 3139 3191 3235
f 3235 3191 3218
f 3218 3233 3266
f 3266 3233 3330
f 3360 3341 3436
f 3360 3436 3402
f 3402 3436 3490
f 3402 3490 3457
f 3457 3490 3552
f 3457 3552 3512
f 3512 3552 3599
f 3512 3599 3566
f 3566 3599 3654
f 3566 3654 3621
f 3621 3654 3685
f 3621 3685 3675
f 3759 3837 10309
f 3809 3934 3914
f 3914 3934 3986
f 3956 3986 4034
f 3956 4034 4004
f 4079 4034 4068
f 9733 11702 4219
f 4304 4235 4281
f 9732 10584 803
f 4255 9733 4235
f 331 383 392
f 9785 939 10278
f 9642 2083 10167
f 3622 3639 3698
f 3725 3698 3737
f 3773 3737 3791
f 3824 3791 3838
f 9735 4022 4080
f 4365 4379 111
f 1003 9736 1030
f 9639 1030 9736
f 1874 1917 1903
f 2188 2209 2257
f 2338 2313 2366
f 2523 2570 2616
f 10021 2523 2616
f 2864 2806 2897
f 9737 2897 2948
f 2949 2948 2989
f 3004 2989 3038
f 3053 11528 10859
f 3237 3236 3248
f 3248 3331 11099
f 3437 3479 3535
f 3554 3584 3601
f 3601 3640 11298
f 11298 3687 3699
f 3826 3825 3867
f 3917 3916 3972
f 3917 3972 3987
f 4166 4206 9738
f 9738 4206 4256
f 503 9740 560
f 560 9740 592
f 1667 1685 1734
f 1686 1667 1734
f 1686 1734 1810
f 2706 2737 9741
f 9741 2737 2787
f 2991 2975 3020
f 9742 3020 3068
f 3774 3760 3827
f 3774 3827 3810
f 3810 3827 3869
f 3852 3869 3918
f 3988 10277 11747
f 3988 11747 10678
f 4116 4149 4189
f 9743 4189 4237
f 2788 9741 10026
f 1226 10917 1198
f 1550 1549 1653
f 2438 2450 2464
f 2464 2555 2525
f 10882 2928 2976
f 10882 2976 2963
f 2963 2976 3021
f 2963 3021 2992
f 2992 3021 3069
f 2992 3069 3040
f 3040 3069 3127
f 3040 3127 3091
f 3091 3127 3168
f 3091 3168 3141
f 3141 3168 3220
f 3141 3220 3179
f 3179 3220 3269
f 3179 3269 3238
f 3238 3269 3318
f 3238 3318 3286
f 3286 3318 3363
f 3286 3363 3333
f 3333 3363 3404
f 3333 3404 3380
f 3380 3404 3460
f 3380 3460 3422
f 3422 3460 3514
f 3422 3514 3482
f 3482 3514 3569
f 3482 3569 3537
f 3537 3569 3624
f 3537 3624 3587
f 3587 3624 3677
f 3587 3677 3642
f 3642 3677 3761
f 3642 3761 3688
f 3688 3761 10166
f 3688 10166 3727
f 3727 10166 3811
f 3727 3811 3775
f 3775 3811 3901
f 3775 3901 3828
f 3828 3901 10360
f 3870 3959 11310
f 11310 4007 3973
f 10030 972 1013
f 544 543 595
f 2402 11896 10191
f 10439 3839 10293
f 4008 4036 3990
f 4008 4082 4129
f 4100 4129 4176
f 9745 646 730
f 10049 905 904
f 9977 1043 1071
f 2506 2505 2586
f 9746 2789 2867
f 9746 2867 2882
f 3717 11207 3716
f 3716 3715 3741
f 3812 10526 3853
f 3885 3902 3919
f 3974 4009 4052
f 4025 4052 4101
f 4084 4101 4151
f 9748 4151 4222
f 4307 4339 4384
f 2003 1934 2002
f 10533 2002 2101
f 10919 1620 1716
f 2141 2211 2261
f 3423 3517 3484
f 3484 3517 3571
f 3484 3571 3539
f 3589 3627 10164
f 3589 10164 3644
f 3644 10164 3717
f 3644 3717 3689
f 3776 3855 3829
f 3829 3855 3903
f 3829 3903 3871
f 3871 3903 3960
f 3871 3960 3920
f 455 9751 520
f 11550 10196 612
f 1016 9752 1073
f 1073 9753 1117
f 2036 2142 11776
f 2159 9628 2142
f 2868 11237 2954
f 2965 2996 3043
f 3055 3092 3109
f 3155 9962 3196
f 3196 9963 3252
f 3252 9964 3301
f 3628 3645 3656
f 3656 3729 3701
f 3701 3729 3777
f 3701 3777 3742
f 3742 3777 3830
f 3742 3830 3794
f 3794 3830 3872
f 3794 3872 3840
f 3840 3872 3921
f 3840 3921 3886
f 3886 3921 3976
f 3886 3976 3938
f 3938 3976 4027
f 3938 4027 3992
f 11383 4027 4070
f 3992 4027 11383
f 10853 353 11126
f 9755 354 10911
f 441 9751 455
f 11550 597 10196
f 926 10385 10159
f 1074 1073 1117
f 10035 1117 10033
f 1433 9756 1476
f 1516 1568 9756
f 1779 1755 9627
f 9627 1812 1779
f 2229 2174 2262
f 2341 2317 2369
f 2341 2369 2354
f 9626 2646 2693
f 3007 3074 3130
f 3253 3181 3225
f 3253 3225 3273
f 3253 3273 3287
f 3287 3368 3334
f 3334 3369 3391
f 3778 3813 3856
f 3778 3856 3831
f 3831 3856 3904
f 3831 3904 3873
f 3873 3904 3961
f 3873 3961 3922
f 3922 3961 4011
f 3922 4011 3977
f 4343 10297 4319
f 129 4309 128
f 732 11513 10036
f 9758 10781 1074
f 1463 1433 1476
f 9652 1476 1535
f 10751 1535 1583
f 1229 1182 1270
f 1304 9759 1329
f 2161 2212 2230
f 10892 9760 11098
f 3143 3094 3132
f 3608 3607 9760
f 4104 4154 4133
f 4387 4344 132
f 11238 442 424
f 3143 9984 9655
f 3659 9760 10892
f 4195 4179 4245
f 614 577 562
f 9786 10197 956
f 2840 2762 2795
f 3370 3392 11728
f 563 521 598
f 3905 3941 11816
f 320 286 337
f 9764 2471 2508
f 849 792 809
f 9663 849 910
f 10364 1365 1417
f 10365 1417 1465
f 10366 1465 1519
f 1520 1519 1571
f 1572 1571 1623
f 1624 1623 1676
f 9765 1894 1966
f 1261 1289 10052
f 139 10432 138
f 4012 10158 4031
f 4058 4120 9993
f 312 259 260
f 11880 11598 1907
f 9790 1907 1955
f 9766 1955 2008
f 9668 9669 549
f 2358 2326 2375
f 9771 10832 2997
f 2304 2326 2358
f 4157 4137 9772
f 3502 3446 3525
f 11563 3160 11384
f 1502 1526 11519
f 3802 11142 11208
f 3892 3891 3945
f 10547 4014 4138
f 341 10651 389
f 3028 3047 3080
f 3047 3028 2999
f 9686 9687 1098
f 1278 9685 1250
f 2890 2829 10586
f 398 413 430
f 9999 11888 413
f 530 9774 512
f 9699 10001 11858
f 9698 9699 1054
f 9697 9698 1099
f 2718 9695 10438
f 2770 2718 10438
f 3060 11732 3081
f 9775 448 497
f 9776 532 554
f 9776 554 619
f 9708 10002 1036
f 9707 10039 1123
f 1220 9707 1173
f 1252 1220 1219
f 1989 2026 2044
f 498 480 533
f 534 533 586
f 9709 722 10003
f 1023 987 1022
f 9711 10387 1159
f 2389 2388 2412
f 2721 2634 2698
f 9778 2698 2634
f 9779 661 710
f 11666 1221 1254
f 2332 2251 2307
f 9780 2611 2582
f 2655 9780 2699
f 10058 11242 3031
f 621 661 9779
f 9779 10008 621
f 9781 2091 10426
f 10058 2920 11242
f 400 379 433
f 434 433 461
f 481 461 535
f 536 535 587
f 640 587 639
f 2014 1973 1991
f 9716 2700 11382
f 780 779 840
f 822 780 840
f 920 11457 9787
f 968 949 1025
f 1011 1025 1066
f 1887 1870 1928
f 479 430 11888
f 531 9774 530
f 10856 729 728
f 1087 1014 972
f 1081 1055 1122
f 1180 10535 9739
f 9697 1112 1158
f 1224 1179 1212
f 9959 1286 1258
f 1391 1337 10801
f 1391 9714 1390
f 1617 11527 1564
f 1753 1811 10887
f 1792 1746 1791
f 1839 11521 1869
f 1937 9765 1936
f 2022 1956 9766
f 2045 1989 2044
f 2055 2022 9766
f 2108 2107 9767
f 10794 2134 2092
f 2205 10794 2152
f 2218 2217 9768
f 2306 2330 2345
f 2355 2318 2341
f 2326 2325 9769
f 10908 2307 2294
f 2416 2463 2347
f 2427 2426 9770
f 9706 2654 2594
f 9780 2582 2595
f 2678 2630 2647
f 2734 9716 2753
f 2832 2734 2753
f 2832 2753 10040
f 2780 11859 2768
f 11859 2780 2826
f 9991 10683 2871
f 9991 2871 2887
f 2905 2906 2845
f 2936 2937 2904
f 2969 2983 2918
f 3048 9582 9777
f 3100 9791 11811
f 3203 3204 11563
f 3228 3173 11131
f 11066 3278 3277
f 3353 11066 3328
f 10614 3370 11728
f 9657 3557 3574
f 3735 11390 9606
f 3781 11333 3748
f 3818 3749 3800
f 3969 3913 3912
f 3975 3871 3920
f 3965 3930 11143
f 9713 3894 3931
f 3984 3954 3953
f 3968 3969 3912
f 11816 3941 3995
f 3940 3995 3941
f 10933 3998 3980
f 4041 10933 4014
f 4056 9796 4030
f 4060 9996 4013
f 4057 9796 4056
f 4138 4061 9673
f 11660 10004 4230
f 4326 4274 4273
f 4299 4391 4275
f 4766 4735 4765
f 4400 4401 4683
f 4766 4765 4834
f 9798 6139 6174
f 6199 9317 6228
f 9799 10940 4668
f 10160 10213 10263
f 5045 4435 11076
f 6000 5972 6019
f 11532 6000 6064
f 7290 10241 7289
f 7376 7290 7360
f 7157 7189 11846
f 11018 9806 8544
f 6608 4469 6667
f 9807 8390 8389
f 7214 11077 7275
f 7779 7838 7837
f 7321 7355 7336
f 8333 11025 8367
f 8560 10442 8579
f 10468 10532 7621
f 7776 7842 7841
f 4484 4485 7367
f 8146 9810 8154
f 8643 4511 4512
f 8365 8435 8404
f 8556 8595 8613
f 8658 9812 4506
f 4507 8614 4506
f 7776 7736 7842
f 9818 8385 8359
f 7615 7673 9815
f 7566 7615 9816
f 7527 7566 9817
f 9815 7690 7636
f 9815 7590 9816
f 7590 9815 7636
f 9816 7551 9817
f 7551 9816 7590
f 6542 6590 6530
f 6503 6542 6487
f 9819 8231 8288
f 6489 6452 6420
f 8450 8451 8376
f 8344 8345 8291
f 8290 8291 8234
f 8233 8234 8187
f 8186 8187 8135
f 8136 8135 8060
f 8059 8060 8023
f 7979 7978 7906
f 10083 7018 11574
f 9832 10249 6934
f 9834 6767 6805
f 11641 10130 6710
f 7752 7787 10124
f 7717 7752 10125
f 9831 9830 6987
f 9833 6783 9834
f 6783 9833 6817
f 9834 6735 9835
f 6735 9834 6783
f 9836 9835 6735
f 11641 10821 6638
f 6638 6557 11015
f 6557 6638 10821
f 11015 6557 10123
f 6586 10123 6557
f 6497 10123 6534
f 9837 7521 7505
f 8594 8657 8538
f 8171 8271 4569
f 8171 4569 4570
f 7353 4586 7304
f 4664 4598 6637
f 9466 4604 6380
f 9843 5832 5854
f 5620 5599 5567
f 5437 5420 5382
f 4982 4983 4937
f 9845 4897 4866
f 5185 5140 9847
f 5077 9847 5084
f 4728 9849 9391
f 5082 5044 5043
f 5043 5044 4996
f 4757 10087 10349
f 4898 4870 4871
f 9850 4700 9918
f 4873 9851 4896
f 5164 5185 5221
f 5257 5304 10394
f 9855 5366 5346
f 11623 5466 9856
f 5680 5720 5750
f 4430 4431 11255
f 9799 4668 4744
f 9857 4828 4798
f 9858 9799 4714
f 9858 4428 10940
f 9859 6138 6173
f 5353 5241 5331
f 9859 6133 6138
f 5331 5241 5279
f 10089 4413 10319
f 10644 5092 5113
f 5573 5548 11266
f 10724 4835 10161
f 10161 4835 4860
f 10161 4860 4877
f 4877 4860 4916
f 4877 4916 10963
f 10963 4916 10609
f 4979 10609 4992
f 4979 4992 5054
f 4979 5054 5021
f 5230 5200 5248
f 4398 4399 4698
f 4767 10091 10724
f 4767 10724 10232
f 4708 10068 4699
f 9860 4768 4808
f 4850 9860 4808
f 9861 5229 5269
f 4804 4720 4787
f 4712 4653 9863
f 4654 9863 4653
f 9848 4866 4897
f 5276 5205 5258
f 6165 6127 6164
f 4951 4902 4926
f 6083 6039 6069
f 4720 4703 10230
f 11680 10096 11638
f 9853 9868 4906
f 4663 5381 9864
f 6115 6083 6069
f 4794 9851 4726
f 4848 4787 4833
f 5850 9866 5794
f 9866 5850 5851
f 5622 5617 5651
f 10967 4875 4864
f 9611 5651 5671
f 5583 5500 5531
f 9868 4895 11752
f 9854 5085 5039
f 9854 5184 5119
f 5256 5221 5275
f 9869 5721 5768
f 5075 11449 10237
f 5035 10971 4933
f 6144 6166 9871
f 9871 6166 6208
f 5157 5246 5198
f 10786 5770 5794
f 6266 6209 6236
f 5260 9873 5207
f 6209 9871 6236
f 9872 5771 5716
f 10325 5476 5427
f 5791 5803 5822
f 5207 9873 5277
f 5770 5815 5816
f 10977 5213 5214
f 9877 5624 5564
f 9875 5219 5283
f 6025 5996 6024
f 5689 10663 5607
f 5447 5432 5471
f 10978 10979 5813
f 5992 5929 5950
f 5523 9802 9803
f 10663 5559 5577
f 10663 9879 5559
f 6057 6058 6129
f 5714 10239 9397
f 9316 6128 9880
f 5714 9397 5747
f 6064 6000 6019
f 6098 6066 6135
f 10699 6172 4459
f 10356 6465 6547
f 6393 11351 6341
f 9883 6391 6392
f 6741 6695 11790
f 6521 6520 6596
f 6280 11643 11808
f 9884 6253 6297
f 9885 6742 6752
f 7258 10988 7201
f 6300 6256 6299
f 6300 10090 6256
f 7139 7123 7202
f 7124 9484 7139
f 6483 6461 10631
f 6757 6700 10744
f 10744 6798 6846
f 10403 11481 7142
f 7233 7254 7327
f 7328 10244 7327
f 6424 11571 6398
f 6541 9888 6443
f 9888 6541 6566
f 6485 6443 9888
f 10244 10745 7253
f 11766 11800 6567
f 6690 6722 10994
f 10453 11299 6857
f 7093 11387 7127
f 9889 7767 7796
f 6570 6553 6569
f 6645 6570 6569
f 6731 6705 6759
f 7744 9889 7810
f 7783 7811 7867
f 6303 9891 10162
f 7610 7633 7646
f 8179 10111 8093
f 7145 7109 7129
f 10113 7426 7474
f 6322 11071 6402
f 7397 7342 7331
f 8322 10459 8414
f 6632 6620 6720
f 6928 6860 11651
f 7634 7586 7612
f 7856 7901 7902
f 6267 9865 6305
f 7563 7514 7549
f 7815 7765 7831
f 9893 8387 8430
f 7309 9894 9892
f 8229 8209 8228
f 9894 7236 9892
f 9897 7133 7132
f 7236 9897 7207
f 9895 6385 6378
f 7763 7712 7729
f 7133 7111 7132
f 8095 9898 8165
f 8386 8358 8416
f 6495 6542 6530
f 9819 8166 8231
f 9900 7940 7971
f 7148 9901 7113
f 9901 7148 7165
f 10121 7347 7382
f 9900 7915 7940
f 9902 8341 8373
f 8374 8373 8477
f 9903 8448 8504
f 9902 8342 8341
f 10804 6622 6634
f 8448 9903 8505
f 8449 8374 8448
f 8449 8448 8505
f 8505 9903 8590
f 7978 8023 8024
f 8023 8060 8061
f 8060 8135 8134
f 8135 8187 8188
f 8187 8234 8235
f 8234 8291 8292
f 8291 8345 8346
f 8451 8506 8507
f 8507 8534 10771
f 7906 7978 8024
f 8024 8023 8061
f 8061 8060 8134
f 8134 8135 8188
f 8188 8187 8235
f 8235 8234 8292
f 8292 8291 8346
f 8346 8345 8376
f 6557 10821 10456
f 9836 6735 6711
f 6735 6783 6779
f 6817 6865 10457
f 6865 9832 10457
f 6987 9829 7032
f 9829 9828 7068
f 9828 9827 7115
f 9826 9825 7350
f 9825 9824 7454
f 9824 9823 7454
f 9823 9822 7493
f 9822 9821 7517
f 9821 7670 7596
f 7670 7717 7638
f 6586 6557 10456
f 6711 6735 6779
f 6779 6783 11847
f 6832 11847 6866
f 6866 6817 10457
f 6949 9832 9831
f 6988 6987 7032
f 7032 9829 7068
f 7068 9828 7115
f 7115 9827 7172
f 7239 10273 11848
f 7306 9826 7350
f 7350 9825 7454
f 7493 9822 7517
f 7517 9821 7596
f 7596 7670 7638
f 10248 10125 7732
f 7732 10124 7788
f 8539 8475 8535
f 6242 6291 9390
f 6420 6488 6489
f 6456 10393 6432
f 9905 6532 6474
f 6967 6903 10416
f 7033 7005 10416
f 6832 6866 6891
f 9837 7493 7521
f 8027 8063 11016
f 10133 11016 8063
f 7485 7543 7580
f 8179 8205 8264
f 8355 8354 8370
f 4464 4465 6464
f 10666 6546 11487
f 4664 6636 6714
f 9806 8545 8544
f 7071 7120 11020
f 7322 9911 7338
f 7228 7213 11653
f 9911 7370 7338
f 7228 11653 7287
f 7136 7104 7105
f 10076 7991 8031
f 7965 10076 8031
f 7965 8031 8080
f 7030 9912 11282
f 7167 11078 11873
f 7105 7153 7137
f 7136 7105 7137
f 9913 7368 7355
f 7353 4665 4585
f 9913 9442 7368
f 8464 10601 8487
f 8645 8662 4524
f 7466 7406 9527
f 8331 8302 8396
f 10138 11026 7506
f 7754 9839 7790
f 11181 7756 7696
f 9956 9915 8655
f 250 8755 251
f 8751 10139 8719
f 8717 8746 8756
f 8745 8717 8756
f 8693 8727 9917
f 8720 8752 8721
f 9918 4645 9533
f 9850 11036 9428
f 8804 8792 9449
f 8805 8804 9449
f 11036 9850 9918
f 8827 8841 8916
f 8917 9920 8946
f 4577 4576 8817
f 9950 8968 9556
f 9921 8923 8935
f 8936 8923 9921
f 8937 8920 8967
f 9922 8895 8938
f 8840 8878 11094
f 10808 8840 11094
f 8869 8827 8962
f 8927 8870 8915
f 9474 8913 8950
f 8904 10142 8932
f 27 9923 28
f 8938 11365 8990
f 97 11436 98
f 8943 8942 80
f 4548 9008 4549
f 9005 9004 9814
f 4533 9814 9004
f 10344 9915 9956
f 9036 10790 8998
f 9027 9038 9580
f 9580 9076 9049
f 9049 9076 124
f 9049 124 123
f 9042 9025 9043
f 132 9074 133
f 4512 4511 9090
f 4528 4527 10156
f 9409 9090 9128
f 9409 9128 9104
f 4507 9131 4508
f 9475 4517 9140
f 9099 9930 9120
f 9168 9167 10078
f 9277 10519 179
f 178 9277 179
f 9253 10640 9278
f 9309 9195 11051
f 9309 11051 9310
f 9149 4440 9178
f 9149 9933 9285
f 9261 9243 9260
f 9282 213 212
f 9374 9939 9180
f 9935 9178 4439
f 9176 4445 9177
f 9434 9936 9291
f 9200 10640 9253
f 11049 4477 9171
f 9208 9457 9167
f 9457 4491 4490
f 9243 9241 9260
f 9264 9284 9263
f 9648 9722 3085
f 9509 6624 11448
f 6624 9509 6548
f 4895 9853 9393
f 11055 8782 10848
f 7159 10987 10988
f 7013 6961 6960
f 8148 10948 8149
f 18 17 8789
f 9477 10802 9940
f 9931 9236 9270
f 6609 9478 9882
f 5738 9869 4619
f 5858 5848 5889
f 9943 9478 9343
f 6762 6761 11787
f 8704 4423 8672
f 9304 9931 9270
f 5835 5867 5798
f 11369 4629 11388
f 9438 1973 1943
f 2116 2134 2205
f 11144 6199 9526
f 4711 9863 9846
f 10340 4639 4638
f 4639 10340 9534
f 10350 4499 4498
f 9165 4483 9535
f 278 16 277
f 9036 10464 10790
f 4517 9475 4518
f 11441 4482 9377
f 3433 9945 3529
f 5152 5151 10312
f 7045 9946 7118
f 9946 7045 9486
f 7176 7207 7132
f 9581 9324 8954
f 9936 9226 9290
f 9291 9936 9290
f 9731 382 330
f 3528 3529 9945
f 9947 11279 9544
f 4655 4731 9846
f 4730 9846 4731
f 8928 9450 8948
f 9862 4648 4649
f 6289 6314 9511
f 10140 8770 8803
f 4605 6380 4604
f 9147 10350 4498
f 9607 9509 6669
f 2132 2078 10306
f 4012 4031 9602
f 5769 9866 11155
f 9950 8874 8911
f 8874 9950 9556
f 9951 9305 9257
f 8773 8806 11893
f 4693 4739 4738
f 9512 4674 9849
f 6322 6352 9542
f 9007 9021 8999
f 11205 9952 9929
f 9939 4435 9180
f 1805 50 1900
f 8850 11396 8835
f 9541 10413 9498
f 9014 9004 9953
f 5769 11161 5717
f 9952 11205 11825
f 9084 9952 9130
f 7976 4575 4667
f 3908 3963 10622
f 2534 2494 2565
f 5638 5656 5701
f 3908 10622 3847
f 6455 6406 6405
f 5604 5724 5783
f 9942 9479 10268
f 11526 3385 3353
f 8829 4605 4604
f 9883 6462 6391
f 2332 2362 2379
f 11883 4085 11334
f 1813 1779 1812
f 3024 9960 3092
f 9960 9961 3109
f 3424 3367 9965
f 3485 9965 9966
f 3540 9966 9967
f 3590 9967 9968
f 3645 9968 9969
f 3656 9969 9970
f 3729 9970 9971
f 3777 9971 9972
f 3830 9972 9973
f 3872 9973 9974
f 3921 9974 3975
f 3976 3975 9975
f 2368 2350 2367
f 1917 1874 9979
f 2226 9980 2208
f 3599 3477 3583
f 3654 3583 3638
f 3675 3685 3790
f 4188 4175 4218
f 4188 4218 4234
f 4234 4204 4188
f 4113 10582 4146
f 11074 10170 4253
f 9982 4174 11547
f 4233 9982 11547
f 2393 2413 9983
f 1892 9985 1851
f 1463 1477 1397
f 1463 1397 1382
f 1017 978 977
f 977 978 10197
f 977 10197 926
f 9986 1044 10274
f 1075 9986 10274
f 9990 716 683
f 11209 9990 632
f 10865 310 264
f 4171 9993 4120
f 549 10043 9668
f 9993 4108 4058
f 10043 615 9668
f 3559 9998 3595
f 496 512 9999
f 2275 2330 2291
f 148 149 4371
f 1787 11520 11521
f 3134 10926 3186
f 3060 3061 3048
f 3060 3048 10906
f 2937 2970 2938
f 1124 1159 1143
f 10299 931 9712
f 721 10003 673
f 673 10003 637
f 10004 4299 4250
f 932 10299 9712
f 1191 1238 1221
f 10007 1191 1175
f 901 967 11080
f 2061 10573 2013
f 10531 11080 1000
f 240 297 239
f 1442 1408 1391
f 639 10008 689
f 10008 639 622
f 10009 3784 3708
f 11138 2753 9716
f 1593 10183 1578
f 1429 9782 1507
f 568 663 11052
f 10066 11861 4144
f 4216 10066 4187
f 9983 59 60
f 10013 781 765
f 2093 2048 2064
f 10014 3435 3453
f 3954 10015 3896
f 3912 10015 3968
f 10015 3954 3984
f 2079 2117 2185
f 2462 2461 2484
f 464 10914 417
f 2498 2462 2484
f 11809 4148 4188
f 559 517 591
f 10018 573 609
f 1996 1946 1902
f 2066 1960 1996
f 3003 2973 2988
f 10434 502 10019
f 611 10434 10019
f 9980 2171 2208
f 2337 9981 2282
f 3458 3491 10020
f 10020 3491 3553
f 2486 2522 2570
f 10022 10021 2660
f 10023 10022 2705
f 10024 10023 11770
f 10025 10024 11514
f 2819 10025 2806
f 4268 9738 4256
f 2188 2156 2209
f 11525 1326 1395
f 10027 10026 2837
f 10028 10027 2879
f 2950 10028 2927
f 3106 3090 3126
f 3178 3106 3167
f 3193 3178 3219
f 1512 1511 1549
f 1550 1512 1549
f 4069 4099 4190
f 4069 4190 4167
f 4167 4190 4240
f 4167 4240 4208
f 369 335 10031
f 10031 404 369
f 10886 1552 11845
f 1619 10032 1633
f 9965 3367 3381
f 2646 2587 2708
f 10194 10423 11237
f 2868 10194 11237
f 10195 2954 2996
f 2965 10195 2996
f 4319 4270 9754
f 9419 284 10853
f 10034 10913 10042
f 1181 10035 10033
f 1535 1568 1583
f 9958 2262 2317
f 2354 2369 2419
f 2354 2419 2420
f 3093 3171 3110
f 3425 3391 3408
f 10034 406 10913
f 10036 11513 10727
f 9761 9758 10830
f 1304 1229 9759
f 9759 1270 1269
f 10037 4321 4387
f 3744 3745 10892
f 4321 4291 10478
f 10198 1348 11305
f 632 564 600
f 3095 3114 3144
f 3593 3664 10433
f 398 376 413
f 10001 946 966
f 3692 3635 3682
f 10002 985 999
f 10039 9708 1081
f 1942 1970 1989
f 10299 874 885
f 933 11080 10531
f 10357 1000 11211
f 9781 10426 2181
f 10009 3735 10869
f 3895 3849 9713
f 10201 724 779
f 780 10201 779
f 3016 2971 3015
f 3785 10827 10835
f 2833 2832 2877
f 11317 349 348
f 10180 363 10202
f 409 10536 10912
f 10188 10549 419
f 399 390 432
f 10042 10913 441
f 10907 399 432
f 494 551 529
f 550 525 582
f 610 559 573
f 581 10043 549
f 10043 581 602
f 603 550 582
f 617 551 10044
f 610 573 10018
f 704 652 651
f 703 704 651
f 10047 11329 631
f 756 704 703
f 809 791 11106
f 10048 10184 765
f 910 809 11106
f 10177 817 816
f 910 11106 894
f 1020 10050 981
f 1045 10915 1044
f 1231 1184 1230
f 1273 1261 10052
f 1366 1317 10363
f 1366 10363 10364
f 1418 1366 10364
f 1418 10364 10365
f 1442 1391 1390
f 10294 11798 10304
f 1482 1526 9674
f 10053 1526 1482
f 11669 1563 9789
f 1576 1526 10053
f 10183 1644 1612
f 11464 1672 1756
f 1769 1722 1767
f 1764 11464 1780
f 9979 1809 10880
f 1867 1821 1866
f 1867 1866 1909
f 2182 2169 2132
f 10825 2143 9628
f 2220 2167 2176
f 2220 2176 2233
f 2265 10572 2213
f 2312 10682 2280
f 2505 2418 2465
f 2498 2463 2462
f 2556 10826 2506
f 2618 2556 2572
f 9439 10205 11562
f 10757 10056 2547
f 2688 10022 10023
f 10057 10056 10757
f 2737 10023 10024
f 2787 10024 10025
f 2837 10025 2819
f 2792 2760 2808
f 2838 10026 10027
f 2880 10027 10028
f 2884 10194 2868
f 2928 10028 2950
f 10199 11325 11109
f 10199 11109 2917
f 2964 10029 10882
f 2964 10882 2963
f 3005 2964 2963
f 2979 10195 2965
f 3005 2963 2992
f 3052 3003 2988
f 3043 2996 2995
f 3054 3005 2992
f 3052 2988 3037
f 3054 2992 3040
f 3105 3052 3037
f 3107 3054 3040
f 3105 3037 3088
f 3107 3040 3091
f 3152 3105 3088
f 3131 3093 3110
f 3154 3107 3091
f 3115 3095 3144
f 3152 3088 3139
f 3154 3091 3141
f 3192 3152 3139
f 3194 3154 3141
f 3192 3139 3235
f 3194 3141 3179
f 3250 3194 3179
f 3244 3210 3279
f 3250 3179 3238
f 3284 3235 3218
f 3284 3218 3266
f 3299 3250 3238
f 10656 3244 3279
f 3299 3238 3286
f 3377 3284 3266
f 11389 3290 3307
f 3345 3299 3286
f 3345 3286 3333
f 3352 3326 3307
f 3389 3345 3333
f 3389 3333 3380
f 3418 11581 3360
f 3418 3360 3402
f 3438 3389 3380
f 3438 3380 3422
f 3491 3418 3402
f 10287 3414 3449
f 3491 3402 3457
f 3493 3438 3422
f 3493 3422 3482
f 3553 3491 3457
f 3553 3457 3512
f 3555 3493 3482
f 3619 3564 3533
f 3555 3482 3537
f 3619 3533 3551
f 3600 3553 3512
f 3600 3512 3566
f 3603 3555 3537
f 3469 11241 3470
f 3603 3537 3587
f 11773 3551 3598
f 3639 3600 3566
f 3636 3561 3615
f 3639 3566 3621
f 3655 3603 3587
f 3635 10000 3595
f 3655 3587 3642
f 11301 3598 3653
f 3686 3639 3621
f 3678 3628 3656
f 3594 3666 9998
f 10060 3652 3672
f 3686 3621 3675
f 3700 3655 3642
f 10060 3673 3652
f 3700 3642 3688
f 3724 3686 3675
f 3678 3656 3701
f 3739 3700 3688
f 3756 11301 3697
f 3739 3688 3727
f 3762 3717 3716
f 3763 3678 3701
f 3756 3697 3736
f 3772 3724 10359
f 3763 3701 3742
f 3772 10359 3759
f 3792 3739 3727
f 3807 3756 3736
f 3792 3727 3775
f 3813 3763 3742
f 3807 3736 3789
f 3823 3772 3759
f 3811 3774 3810
f 3813 3742 3794
f 3823 3759 3809
f 11302 3792 3775
f 3898 3807 3789
f 3901 3811 3810
f 11302 3775 3828
f 3855 10361 3812
f 3856 3813 3794
f 3898 3789 3836
f 10415 3823 3809
f 3901 3810 3852
f 3856 3794 3840
f 3891 10062 10061
f 3879 9997 10062
f 10415 3809 3914
f 3859 3818 3846
f 3897 3898 3836
f 10360 3901 3852
f 3904 3856 3840
f 3897 3836 3883
f 10360 3852 3900
f 3904 3840 3886
f 3955 3897 3883
f 3959 10360 3900
f 3961 3904 3886
f 3955 3883 3933
f 3917 3918 3868
f 3961 3886 3938
f 3971 3914 3956
f 4011 3961 3938
f 9975 3975 3920
f 4011 3938 3992
f 11831 10063 11861
f 4086 10064 4105
f 4058 4059 4031
f 4086 4105 4133
f 4134 4086 4133
f 10065 4123 4141
f 4135 4106 4155
f 4202 10066 4216
f 4184 10200 9797
f 4199 4158 10065
f 9988 4135 4155
f 9988 4155 4196
f 11216 4213 4212
f 11079 9988 4196
f 4274 10067 4273
f 4292 10298 4311
f 10068 4398 4699
f 6158 6139 9798
f 10069 5481 5454
f 5728 11834 5727
f 5423 5422 5486
f 9496 10072 5869
f 4460 6274 10699
f 7558 10214 7580
f 7258 7259 7278
f 10241 7258 7278
f 6693 10073 6667
f 7921 7922 10075
f 10216 8547 8530
f 11539 7722 7700
f 8438 10077 8493
f 7773 10078 4490
f 8513 8426 8494
f 10128 10556 6634
f 9529 6420 10269
f 8540 10949 10275
f 10080 8450 8345
f 8375 8471 10080
f 8268 8290 8233
f 8268 8233 8240
f 8240 8233 8186
f 8240 8186 8169
f 8169 8186 8136
f 8169 8136 8115
f 8115 8136 8059
f 8115 8059 8069
f 8069 8059 7978
f 8069 7978 8004
f 8004 7978 7979
f 8004 7979 7957
f 10250 7211 7172
f 10082 9827 9828
f 9829 7086 9828
f 7018 10083 9830
f 9832 6934 9831
f 10249 9832 6865
f 6817 9833 6865
f 7909 11087 7910
f 6832 6818 6806
f 10084 10134 6477
f 10093 5141 5165
f 4841 10086 4869
f 4818 4796 11154
f 10087 11154 4796
f 10089 10319 4750
f 10090 10351 6194
f 10351 6160 6140
f 5425 5480 11266
f 5029 5014 5092
f 10644 5029 5092
f 4790 10091 4722
f 9860 4850 4861
f 6164 6143 6189
f 10230 4669 4738
f 4698 4699 4398
f 10445 5906 5951
f 5986 10445 5951
f 10235 5365 5345
f 10093 5165 5224
f 10093 5257 9852
f 5257 10093 5224
f 5421 10094 5381
f 10094 5465 5381
f 5381 5465 9864
f 10087 4813 11154
f 4996 10095 5043
f 5137 5105 5136
f 10230 4738 4719
f 4789 4788 10471
f 4891 4880 4859
f 10233 5105 5137
f 5907 10445 5986
f 5069 5115 5157
f 10097 4980 10237
f 5671 5683 5716
f 5671 10786 5717
f 4848 4847 4888
f 10233 5137 5201
f 11081 4820 10962
f 4865 10228 11081
f 5255 5204 10449
f 5303 10235 5345
f 4804 4848 11346
f 11162 11346 4888
f 4848 4888 11346
f 4980 5037 10237
f 6015 6050 11478
f 10236 11662 5031
f 5511 5510 5558
f 5456 5511 5558
f 5580 5496 5537
f 5689 5642 5674
f 5689 5674 5708
f 10101 6029 5990
f 5648 10100 5715
f 5715 10100 5748
f 6129 10982 6071
f 10101 5933 5932
f 10102 5608 5663
f 10100 5684 5714
f 10099 6125 6106
f 10101 5966 6029
f 10100 10452 5748
f 5747 9397 5814
f 6214 6172 10699
f 11281 6394 9804
f 10104 6294 6345
f 6343 10104 6345
f 6521 6481 10523
f 6954 7038 7009
f 10105 6940 9346
f 10105 6916 6940
f 6363 6388 10106
f 10106 6388 6414
f 10106 6364 6363
f 7257 7258 10241
f 7291 7290 7376
f 6512 6524 6483
f 6312 10107 6320
f 10401 6483 6524
f 7419 7470 7485
f 6915 6923 6977
f 7419 7485 10214
f 7580 10214 7485
f 6854 6772 6846
f 6999 7037 6983
f 7096 7037 7050
f 10244 7233 7327
f 7074 7095 7143
f 6628 6627 6722
f 7051 10243 7095
f 7314 10244 7328
f 6901 10453 6943
f 7546 10109 7585
f 9890 7002 6959
f 7783 7744 7810
f 8093 8108 8179
f 7426 7398 11000
f 7380 11000 7398
f 6873 9541 11827
f 7092 7013 7026
f 10111 8179 8264
f 8180 10111 8206
f 10112 10567 7013
f 7331 7341 7397
f 7687 7634 7686
f 7587 7563 7586
f 10116 7814 7856
f 7888 10116 7856
f 6377 6368 6376
f 7816 10116 7888
f 10116 7816 10578
f 6308 6335 10117
f 10117 6335 6368
f 10117 6323 6308
f 9892 7207 10118
f 10120 7490 7565
f 8568 8542 9516
f 8625 8568 9516
f 8417 8480 9543
f 8541 8568 8625
f 8022 7971 8073
f 10121 7382 7431
f 6384 11626 6324
f 6453 6432 10269
f 10269 6420 6452
f 6888 6907 6903
f 4553 8653 4552
f 6534 10123 6586
f 7788 10124 7827
f 10125 7638 7717
f 8419 8476 8475
f 10248 7638 10125
f 7733 10248 7732
f 8453 8419 8475
f 11148 10336 8127
f 6679 10128 6640
f 6717 10128 6679
f 6904 6888 6903
f 9908 6491 6501
f 10132 6949 6966
f 8192 10133 8191
f 8190 8191 10133
f 10134 11017 6499
f 7542 7469 7497
f 8138 8203 8242
f 8162 8138 8242
f 4538 8622 4537
f 7708 7835 7740
f 10073 6608 6667
f 8445 8413 8469
f 10589 8498 8481
f 7155 10074 11077
f 7187 7228 7229
f 7705 7704 7779
f 7573 7536 7557
f 8601 8618 8648
f 7274 9913 7321
f 7622 7604 10079
f 7654 10079 7604
f 7963 8010 8011
f 7415 11026 10138
f 8043 8008 8086
f 8117 8147 10315
f 8439 8493 8552
f 8086 8042 10221
f 10254 7925 4493
f 8172 8171 4570
f 8455 8432 11842
f 10068 10514 4398
f 10139 8705 11033
f 8779 8802 10140
f 8768 11055 8777
f 10141 4647 4646
f 10141 4646 9428
f 10257 8812 8768
f 8891 4624 4623
f 98 11436 11738
f 10143 8898 11697
f 8920 8861 9362
f 10694 10752 10789
f 8974 24 23
f 8861 8920 8919
f 32 10341 33
f 87 11045 88
f 56 8950 8980
f 4532 9005 9814
f 113 10673 114
f 127 126 10259
f 9038 9064 9076
f 8998 9056 9036
f 9022 9522 9040
f 4515 4514 9135
f 9409 9141 9090
f 10147 9132 9105
f 9928 9138 9088
f 10147 11047 9132
f 9094 10148 9096
f 9121 9111 9098
f 9192 4500 4499
f 10350 9192 4499
f 10260 10261 167
f 10149 4493 9156
f 10150 9190 9237
f 9175 10151 4449
f 216 215 9309
f 9264 11726 9284
f 11504 4480 4479
f 9231 9147 9146
f 9245 9224 11053
f 9265 9245 11053
f 9224 11726 9312
f 4692 4414 4415
f 4457 6096 4456
f 6526 6573 6574
f 9385 6020 9625
f 4515 8641 4514
f 6274 4460 4461
f 6874 10413 6860
f 114 10673 9050
f 9118 9087 9409
f 6434 10356 6518
f 6575 6526 6574
f 10413 6972 6860
f 8886 4622 8852
f 6519 11438 6518
f 8956 9402 8957
f 5725 5782 5700
f 10351 9424 6160
f 4484 9170 4485
f 9403 8843 9359
f 10255 10522 9355
f 5782 5701 5700
f 9498 11787 11827
f 2877 10040 2907
f 276 330 277
f 9497 6571 6570
f 5795 9514 5856
f 6356 6328 6405
f 6289 6239 6238
f 6696 9345 6657
f 10988 9468 7159
f 5835 5870 5867
f 10115 8206 8309
f 6274 6273 10699
f 5852 5767 5855
f 1461 1396 1431
f 7265 7274 7321
f 8820 10085 4605
f 10157 4587 4588
f 9327 9257 9228
f 4508 8642 4507
f 7304 10157 9577
f 2389 2362 10908
f 8891 8851 4624
f 9201 9614 9932
f 10889 1850 11247
f 10682 2241 2280
f 2152 10794 56
f 9650 2161 2104
f 10926 3134 10272
f 2684 9706 2594
f 1972 10573 1990
f 3561 3530 3504
f 3354 3415 3374
f 3244 3280 3211
f 11138 9716 2722
f 59 2309 58
f 11861 4092 4144
f 10066 4144 4187
f 4216 4187 4232
f 2723 2754 2802
f 824 10013 10184
f 4253 4233 4302
f 1712 1663 1711
f 695 694 747
f 10017 1750 1831
f 4281 11622 4315
f 559 611 10019
f 611 559 610
f 10021 2616 2660
f 10022 2660 2705
f 10023 2705 11770
f 10024 11770 11514
f 3237 3153 3236
f 3437 3420 3419
f 3437 3419 3479
f 3554 3535 3584
f 3601 3584 3640
f 4268 4256 4305
f 10026 2787 2837
f 10027 2837 2879
f 10028 2879 2927
f 2950 2927 2975
f 2464 2450 2555
f 2525 2555 2601
f 594 543 519
f 3155 3109 9961
f 3196 9962 9963
f 3252 9963 9964
f 3301 9964 3382
f 1181 10033 1227
f 3287 3273 3368
f 3334 3368 3369
f 3391 3369 3408
f 977 10159 1017
f 10159 977 926
f 3779 3764 3778
f 3659 10892 3745
f 10363 1316 1365
f 10052 1316 10363
f 9774 9999 512
f 10300 345 10868
f 431 10868 448
f 11708 425 9992
f 1031 995 11469
f 10419 1958 2013
f 9766 1956 9790
f 3029 9791 11732
f 9965 3381 3423
f 9966 9965 3423
f 9966 3423 3484
f 9967 9966 3484
f 9967 3484 3539
f 9968 9967 3539
f 9968 3539 3589
f 9969 9968 3589
f 9969 3589 3644
f 9970 9969 3644
f 3660 3631 3679
f 9970 3644 3689
f 9971 9970 3689
f 9971 3689 3728
f 9972 9971 3728
f 9972 3728 3776
f 9973 9972 3776
f 3832 3779 3778
f 9973 3776 3829
f 3832 3778 3831
f 9974 9973 3829
f 3874 3832 3831
f 9974 3829 3871
f 3874 3831 3873
f 3975 9974 3871
f 3923 3874 3873
f 3878 10061 11133
f 3923 3873 3922
f 3978 3923 3922
f 3978 3922 3977
f 4029 3978 3977
f 4029 3977 4028
f 4071 4029 4028
f 4138 4014 4061
f 4183 4138 9673
f 4183 9673 10482
f 9857 10160 4828
f 5025 4956 10684
f 10263 10802 4828
f 9821 7619 7670
f 9822 7522 9821
f 9823 7480 9822
f 9824 7437 9823
f 9825 7388 9824
f 9826 7334 9825
f 9827 7227 10250
f 6987 10083 9829
f 7086 9829 10083
f 9830 9831 6934
f 6805 10131 6831
f 6710 6767 9835
f 6638 10130 11641
f 6545 10129 11015
f 10125 7752 10124
f 9830 10083 6987
f 6831 6865 9833
f 5065 10644 5101
f 10072 5882 11602
f 6303 10162 6337
f 10117 6368 6377
f 9892 7236 7207
f 8448 8477 8504
f 8471 8449 8505
f 10124 7787 7827
f 10125 10124 7732
f 11762 6476 6534
f 10135 9909 6407
f 8445 8469 8499
f 10137 6935 11177
f 9580 9038 9076
f 9143 9082 10156
f 10156 4527 9143
f 9080 9081 11825
f 9929 9079 11205
f 9457 4490 9167
f 10078 9167 4490
f 9614 11504 4479
f 10137 11177 7020
f 8973 8956 8957
f 11084 9238 9376
f 10155 10520 9276
f 10090 6175 10351
f 1202 9653 1181
f 3629 3572 3591
f 10890 3628 3678
f 3043 3024 3092
f 10361 3762 3812
f 3439 3389 3438
f 3494 3438 3493
f 3740 3700 3739
f 3793 3739 3792
f 3839 3792 11302
f 1496 1459 9640
f 10535 1070 1069
f 626 574 611
f 1997 1961 1960
f 10167 1997 2066
f 10860 2805 10168
f 2226 2208 2207
f 3698 3639 3686
f 3737 3686 3724
f 3791 3724 3772
f 3838 3772 3823
f 3757 11301 3756
f 3808 3756 3807
f 3851 3807 3898
f 11548 3897 3955
f 3743 10282 11098
f 3607 3702 11098
f 716 10173 735
f 2144 2163 2105
f 1818 11598 1768
f 1818 1767 1766
f 3878 3929 3944
f 10177 11409 917
f 10067 4274 4263
f 10200 4184 10934
f 10179 3081 9791
f 1265 10527 1310
f 377 346 10373
f 10373 10041 377
f 3374 10358 10181
f 3211 10182 3244
f 2906 2960 2892
f 823 876 228
f 876 921 227
f 876 227 228
f 10185 301 349
f 1283 1209 1267
f 3912 3896 10015
f 2030 2094 2079
f 2347 10491 2395
f 10186 2484 2519
f 10186 2519 2614
f 1749 1711 1807
f 2637 2687 9645
f 2703 2637 9645
f 3865 3851 3898
f 11730 3851 3865
f 517 10187 542
f 10187 517 451
f 2256 2226 2207
f 10681 383 10188
f 10188 502 10681
f 9981 2337 2349
f 10168 10878 2757
f 2098 2097 2155
f 2188 2257 2297
f 10189 11298 3699
f 10649 11673 4035
f 3344 3362 3403
f 1199 1150 10550
f 1832 1735 1799
f 1497 10305 1447
f 2315 2339 10165
f 10165 2339 2383
f 468 440 504
f 468 543 544
f 10294 1448 10192
f 2506 2586 2572
f 3643 3588 3626
f 1244 1268 9976
f 1258 1244 9976
f 11806 1415 1381
f 3920 3960 4010
f 10193 1812 1778
f 10193 1778 10888
f 10194 2808 10423
f 10195 2868 2954
f 127 4342 126
f 908 10163 907
f 1669 9627 1755
f 3007 3130 3093
f 1202 1181 1201
f 9651 1756 10469
f 562 10424 648
f 10198 9654 1348
f 10198 1271 9654
f 4072 4087 4135
f 2105 2053 2124
f 3095 11473 10680
f 272 259 312
f 445 9995 397
f 1985 2022 2040
f 10178 10067 4263
f 324 316 376
f 1912 1926 1942
f 932 9712 988
f 3504 9504 3561
f 11377 1730 1792
f 10201 674 724
f 308 11239 309
f 319 371 372
f 390 10202 346
f 626 611 610
f 11209 600 599
f 10864 11775 667
f 715 10864 667
f 711 674 10201
f 753 10864 715
f 876 823 780
f 9736 9785 9639
f 9671 982 10050
f 1253 10204 1220
f 1317 1273 10052
f 11712 1458 9789
f 10193 1813 1812
f 1927 1912 1942
f 2080 2030 2079
f 2087 2144 2124
f 2275 2203 2250
f 2305 2275 2250
f 2330 2275 2305
f 2355 2341 2354
f 2413 2364 9983
f 2440 2355 2354
f 2785 10169 2755
f 2905 2960 2906
f 10528 3032 3101
f 3101 3032 3083
f 10859 3089 3053
f 10272 3060 3081
f 10179 10272 3081
f 3120 10823 3083
f 3153 3140 10859
f 3148 3083 10823
f 3237 3177 3153
f 3272 3224 3196
f 3272 3196 3252
f 3322 3272 3252
f 3276 10758 3228
f 3322 3252 3301
f 10206 3304 3256
f 3348 3302 3287
f 3348 3287 3334
f 3343 3332 11099
f 3391 3348 3334
f 3420 3379 3343
f 3535 3480 3437
f 3504 10287 3449
f 3564 3511 3476
f 3554 3536 3535
f 3594 10207 3577
f 3601 3585 3554
f 10166 3761 10429
f 10208 3745 3744
f 3765 10208 3814
f 3860 3820 3895
f 3910 3860 3895
f 4062 3981 4076
f 4114 4067 4096
f 4176 4069 4167
f 4220 4176 4167
f 4355 4304 4281
f 4360 4310 4308
f 4355 4281 4336
f 10209 4372 4312
f 10210 10069 5441
f 10211 10587 5694
f 5151 5189 5209
f 6215 10760 6214
f 7187 10266 7228
f 10076 7921 10075
f 8483 8497 10216
f 10216 8497 8547
f 10217 7369 7441
f 7947 10218 11503
f 7735 7772 7774
f 11640 8043 8044
f 8597 10219 4509
f 7805 7925 7844
f 4516 8640 4515
f 8440 8409 8350
f 8010 7947 11503
f 8359 8385 8360
f 8540 10275 8471
f 9827 10250 7172
f 7086 10082 9828
f 6831 10249 6865
f 4568 4569 8271
f 6737 4596 4597
f 4814 4778 4818
f 11684 5532 5600
f 10958 4689 4715
f 4958 4954 4957
f 5818 5781 5799
f 10227 4414 9483
f 5831 5906 10445
f 5831 5852 5906
f 4754 10228 4792
f 10229 5029 10644
f 4669 10230 4703
f 10226 4797 4662
f 5016 10231 4991
f 4805 11212 11664
f 4808 10232 4850
f 4893 10232 10161
f 4772 10234 4771
f 10318 5719 10323
f 10559 5574 11085
f 4862 10324 11213
f 5073 5105 10233
f 5301 5386 5379
f 5145 11821 5203
f 10235 5275 5255
f 4942 10610 10497
f 10231 4990 4991
f 4876 10324 4862
f 5117 5073 10233
f 4986 5046 5095
f 5253 11610 5252
f 5148 5132 5133
f 5630 5527 5456
f 5613 10238 10594
f 10238 5514 5580
f 10594 10238 5580
f 6119 6071 6118
f 6191 6119 6118
f 10238 5563 5515
f 6237 6220 6264
f 6190 6119 6191
f 6073 6125 10099
f 5814 5765 5830
f 10399 5814 9436
f 9332 4458 6172
f 7257 10988 7258
f 7279 10241 7290
f 6299 6339 6364
f 6299 6364 6319
f 10242 7218 11068
f 6854 10327 6915
f 7256 10242 7267
f 6884 6854 6915
f 7254 7219 7255
f 7095 7096 7143
f 7882 7742 11171
f 6901 10245 10453
f 10330 6313 6351
f 6886 6944 9890
f 6302 6234 10330
f 6302 10330 6351
f 9620 7093 7128
f 8056 8094 11002
f 7131 10246 7090
f 10246 7089 7090
f 11572 6377 6430
f 7088 7079 7148
f 7113 7088 7148
f 8362 8418 8419
f 7639 7638 10248
f 8378 8362 8419
f 6717 6718 6748
f 6768 6711 6779
f 6499 6454 11429
f 8413 10589 8481
f 10338 8443 10216
f 10252 6905 6892
f 7370 7369 10217
f 8015 8080 8104
f 11418 7167 7196
f 11437 10571 11441
f 7735 7774 10253
f 7976 7910 11087
f 7944 10254 7959
f 9352 9400 8728
f 9356 241 240
f 8804 8779 8792
f 8906 10669 9405
f 4596 4595 8842
f 8964 10463 8943
f 4576 10224 8857
f 10341 9404 8908
f 8828 4597 10818
f 9450 8828 9367
f 10258 9581 42
f 8984 8985 67
f 59 8928 60
f 59 8982 8928
f 4544 4543 10790
f 8998 10790 4543
f 10346 111 110
f 9055 10346 110
f 9523 4522 4521
f 9230 9234 9303
f 9209 9228 9305
f 9209 9305 9476
f 4476 4475 9164
f 9271 9230 9303
f 9230 9271 11063
f 9146 9378 10520
f 10262 11736 11052
f 10262 9299 9286
f 4509 4508 9093
f 6096 6065 10472
f 5646 5614 5670
f 10061 3878 3906
f 8664 8631 4544
f 10841 6020 9385
f 6519 10354 6561
f 9322 8770 10257
f 11197 11543 11504
f 5725 9331 5798
f 6435 6463 6434
f 6519 9343 6549
f 9460 9545 10350
f 9473 4613 4612
f 9386 9330 6137
f 9423 10958 4715
f 9343 6519 6561
f 9317 6134 10264
f 10399 9436 9619
f 5867 5725 5798
f 10227 10255 10411
f 10641 9336 11057
f 9546 5817 9381
f 8631 4543 4544
f 10295 353 10353
f 10265 9604 3963
f 10266 7213 7228
f 9469 9891 6336
f 9469 6268 11294
f 2014 2132 2063
f 3981 4062 10265
f 10267 9402 8956
f 9208 9167 9234
f 9336 10268 6046
f 1976 1993 2029
f 4062 9604 10265
f 3785 10835 3804
f 7925 4491 4492
f 9112 9116 142
f 10269 6383 6355
f 231 10872 10153
f 3804 10835 3708
f 7098 9445 7099
f 9013 9003 4558
f 1961 1946 1960
f 2160 2103 2102
f 1536 9652 10751
f 2220 2273 2290
f 9711 10204 11677
f 2960 10418 2939
f 2960 2939 2892
f 10271 4163 4162
f 695 747 802
f 3266 3330 3341
f 3759 10309 3809
f 3809 10309 3934
f 10383 3043 3092
f 849 809 910
f 1768 1767 1818
f 1855 1867 1897
f 2201 2220 2290
f 3185 10926 10179
f 10926 10272 10179
f 3574 3631 9657
f 6174 6139 6195
f 7290 7289 7360
f 8355 8370 8445
f 8355 8445 8446
f 10235 5255 5310
f 9817 7491 7527
f 10255 10227 4413
f 8958 10341 8908
f 59 58 8982
f 9190 9173 11084
f 5855 5766 5795
f 6435 6434 6466
f 3950 3999 3951
f 231 10153 9315
f 5422 10270 4442
f 9003 9956 4558
f 10271 4161 10170
f 2393 9983 60
f 10414 11883 4104
f 1018 10274 10915
f 10274 1044 10915
f 1031 10274 1018
f 10274 1031 1075
f 10287 3504 3471
f 2366 9981 2349
f 11845 1552 10032
f 2420 2419 2469
f 399 10202 390
f 10202 399 10180
f 528 551 494
f 10204 1159 1174
f 1220 10204 1174
f 11464 1674 1673
f 1769 1767 1768
f 2056 2022 2055
f 2144 2087 11323
f 10205 10924 11562
f 2960 2905 2920
f 3276 3228 11131
f 3326 11389 3307
f 10000 3578 3595
f 3970 10279 11548
f 10200 4139 10547
f 8320 8360 8288
f 10275 8506 8471
f 8450 8471 8506
f 8471 8450 10080
f 10351 6140 6194
f 5162 5145 10092
f 10231 10738 4990
f 5145 5203 10092
f 10247 11868 7331
f 10336 8095 8127
f 10254 4493 10149
f 127 10259 9046
f 9523 4521 9142
f 10264 6227 11274
f 7538 7494 10822
f 2014 2063 2027
f 3559 3578 10866
f 3578 3559 3595
f 9711 11677 10473
f 3504 3530 3471
f 517 10019 451
f 805 863 10727
f 242 11789 10843
f 10202 317 346
f 7522 7619 9821
f 7480 7522 9822
f 7437 7480 9823
f 7388 7437 9824
f 7334 7388 9825
f 9827 10082 7227
f 7086 7082 10082
f 10247 7331 7342
f 7033 9907 7029
f 3303 3302 3348
f 3303 3348 3349
f 1270 10283 1228
f 4169 4118 4117
f 10361 3728 3762
f 10649 11747 11673
f 3934 10309 11730
f 484 28 538
f 65 10492 64
f 10281 4085 4038
f 10281 4038 3994
f 3887 3842 3841
f 3795 10282 3743
f 1670 10479 1601
f 1182 10283 1270
f 10283 1182 1202
f 3857 9656 3797
f 10303 1288 1230
f 9669 10285 492
f 2040 2108 2126
f 3077 10286 3078
f 3258 10372 3291
f 1308 1371 11746
f 4184 10067 10178
f 10551 1506 1488
f 234 10776 366
f 501 484 538
f 2184 2205 2253
f 11744 10280 10616
f 3150 9725 3123
f 329 11231 10185
f 9727 11074 11210
f 10288 10169 2785
f 10378 3851 11730
f 10288 9645 10169
f 1996 1902 1959
f 11632 4079 4114
f 10289 2226 2282
f 10289 2282 9981
f 3957 4022 4023
f 642 626 748
f 1495 11712 1563
f 10290 2097 2098
f 1918 10291 2001
f 2119 10292 2100
f 1919 1846 1890
f 10305 1497 1513
f 3006 3054 3070
f 3070 3107 3128
f 3128 3154 3169
f 3169 3194 3221
f 3221 3250 11549
f 3319 3345 3364
f 3364 3389 3439
f 3515 3555 3570
f 10190 3655 11224
f 11224 3740 10381
f 10293 3839 11703
f 1106 1071 1116
f 10276 1347 1327
f 10294 10276 1448
f 369 423 10295
f 10423 2791 10777
f 4288 4270 4259
f 10852 3763 3764
f 4260 10297 4308
f 10283 1201 1228
f 9759 1269 1364
f 3744 10282 3796
f 10208 3744 3796
f 2198 11323 2197
f 10298 10174 10481
f 3611 3634 3663
f 2089 2040 2126
f 1293 1308 11746
f 875 10299 932
f 297 241 296
f 414 10300 431
f 629 680 561
f 680 576 561
f 10301 701 10896
f 768 767 803
f 9732 803 767
f 10302 863 805
f 10302 10163 863
f 9986 1075 1089
f 1106 11236 1163
f 1203 10303 1183
f 1259 1164 1244
f 10303 1203 1271
f 1286 1245 1259
f 10382 9976 1285
f 10294 10304 10276
f 10305 1448 1414
f 10305 1513 10192
f 1731 11326 1631
f 1998 1961 1997
f 9724 10552 2030
f 2056 2055 2107
f 2108 2040 2056
f 2056 2107 2108
f 2204 10306 9781
f 2313 10289 9981
f 10307 2264 2318
f 2461 2415 2434
f 2718 2683 2671
f 2970 10420 2891
f 10058 10418 2920
f 10528 10418 10058
f 10358 3311 3280
f 3488 3413 3470
f 3557 3521 3574
f 3696 3671 3695
f 3755 3696 3695
f 3815 3857 3797
f 10279 3934 11730
f 4057 4056 4072
f 4091 10310 10606
f 4129 4082 4051
f 10037 4271 4291
f 4388 4322 10172
f 5098 10312 5151
f 4957 5025 5094
f 8391 8443 8412
f 7319 10313 7229
f 10313 7319 7357
f 10315 8247 8117
f 10336 11148 8073
f 8506 10275 8507
f 10317 6751 6766
f 6708 6751 6709
f 6709 6666 11818
f 11805 6587 6583
f 5796 10956 10318
f 10318 5737 5719
f 4869 4814 4841
f 4999 4982 5040
f 4874 4836 4906
f 10362 5366 5384
f 4701 10213 10160
f 5818 5871 5866
f 10319 10227 9483
f 4963 10320 4925
f 4858 4890 10738
f 6153 11685 6213
f 10321 5274 5301
f 5302 10321 5301
f 4780 4842 4815
f 5852 5855 10575
f 5737 10318 10956
f 4851 10324 9531
f 5202 11610 5253
f 5274 5343 5301
f 5510 10325 5491
f 5677 5746 5763
f 10325 5477 5491
f 5772 5677 5763
f 10398 6031 6015
f 5237 5169 10326
f 5514 5471 5496
f 6106 6169 6186
f 6186 6169 6182
f 6169 6243 6182
f 9880 6128 6190
f 5747 10399 11272
f 5739 5722 5785
f 10576 6437 6515
f 7291 7279 7290
f 6461 6397 10631
f 9886 6538 6565
f 6397 6312 6320
f 10327 6846 6823
f 10327 6823 6871
f 6539 9886 6565
f 10441 10992 7420
f 7160 7219 10403
f 7327 7254 7295
f 7161 10328 7205
f 10328 10403 7205
f 7413 7328 10404
f 7486 11721 7559
f 7486 11788 7446
f 10329 11788 7486
f 10330 6234 11271
f 6973 6886 9890
f 10331 6927 10405
f 6927 10331 10566
f 7026 11001 7053
f 6843 6775 6787
f 6775 6843 6873
f 8241 8181 8207
f 7999 10508 8109
f 8340 8226 10407
f 6385 10577 9389
f 8037 11355 8000
f 8037 8000 8074
f 10335 7491 9817
f 10335 7449 7491
f 10416 6968 11012
f 6767 6709 6751
f 8317 8361 8362
f 6949 10457 9832
f 6949 9831 6988
f 10805 8317 8362
f 8073 8038 10336
f 10336 8037 8095
f 9818 8359 8386
f 10392 7113 9901
f 8344 10337 8343
f 7334 7284 7389
f 7437 7436 7479
f 7480 7479 7523
f 7522 7523 7568
f 8412 10338 8444
f 8444 10338 8519
f 8530 8519 10338
f 11090 7735 10253
f 7843 7894 7806
f 10253 7843 7806
f 10316 7927 7926
f 8216 11184 8273
f 8217 8216 8273
f 11183 11016 8193
f 10339 241 9401
f 8674 4428 4427
f 10340 4638 8834
f 8976 10341 32
f 8833 8822 8889
f 8888 8833 8889
f 8966 10342 86
f 10345 9000 9406
f 10346 9032 9926
f 9032 10346 9044
f 9136 4510 4509
f 9136 4509 9093
f 9129 9137 9130
f 9129 9130 9121
f 9435 9165 9209
f 9460 9231 9273
f 11621 10669 10340
f 4757 10349 9849
f 9003 9018 9034
f 10347 9182 9240
f 2091 2062 2115
f 9146 4496 9378
f 4495 9378 4496
f 10417 10684 4956
f 9429 9403 9359
f 10324 4821 9531
f 10213 10348 9179
f 2014 1991 2078
f 1991 1990 2078
f 6522 10576 6515
f 4829 9561 4826
f 9922 8938 11045
f 10984 9444 10570
f 2582 2533 10005
f 9798 6174 9584
f 9584 6174 6217
f 10354 10356 6548
f 10675 141 140
f 8960 8949 9359
f 9620 7026 7053
f 4386 127 128
f 4225 10478 4179
f 10751 1670 1601
f 9792 11389 11384
f 10287 3471 3415
f 10181 10358 10656
f 1959 1902 9644
f 10359 3675 3790
f 3759 10359 3837
f 3828 10360 3870
f 3870 10360 3959
f 3728 10361 3776
f 3776 10361 3855
f 10383 2965 3043
f 1017 10159 10781
f 10300 10868 431
f 10387 1113 1143
f 2199 2144 2198
f 10319 4413 10227
f 9852 11348 10093
f 6106 6125 6169
f 6190 6128 6119
f 10441 7420 10214
f 10717 7037 7096
f 9427 6337 6302
f 6960 10331 11001
f 6973 11001 10331
f 10145 8986 69
f 68 10145 69
f 10675 10603 9123
f 5152 10312 5097
f 1577 1643 1611
f 559 591 573
f 1960 1946 1996
f 3570 3603 3625
f 2195 2160 2174
f 2966 3074 3007
f 377 10041 345
f 791 10173 10896
f 921 876 822
f 921 822 920
f 1218 9696 1208
f 1251 1218 1208
f 1264 1218 1251
f 1539 1520 1572
f 10418 2960 2920
f 3008 2966 3007
f 10359 3724 3675
f 10337 8344 8290
f 8268 10337 8290
f 10275 8534 8507
f 10090 6194 6256
f 6320 6319 6387
f 7254 10993 7295
f 10330 11271 6233
f 6959 6973 9890
f 10407 8207 10115
f 10132 6966 11178
f 7944 7925 10254
f 8779 10140 8803
f 10341 8958 33
f 10344 9003 9034
f 10354 9509 6561
f 10656 10358 3280
f 425 10285 9992
f 3878 11133 3877
f 4139 4014 10547
f 4631 5168 4630
f 9831 6987 6988
f 10370 1267 10873
f 397 10285 9669
f 921 10529 226
f 921 226 227
f 18 11039 302
f 591 517 542
f 3625 3655 10190
f 3326 3335 11389
f 3612 3593 3663
f 4176 4129 4069
f 5326 10326 11088
f 7994 10316 8030
f 6737 4597 4664
f 10318 10323 5767
f 4876 4862 4894
f 9818 8386 8417
f 8674 4427 8676
f 10818 8842 8879
f 9460 10350 9147
f 9473 4612 8892
f 6134 9330 9386
f 10417 4956 4911
f 10295 10353 369
f 10342 9922 11045
f 10348 10213 4431
f 10418 10528 3015
f 10359 3790 3837
f 3185 10179 3147
f 10036 10727 863
f 4631 5081 5168
f 10424 11450 630
f 648 10424 630
f 1904 11318 1919
f 3315 10369 3314
f 3442 3392 3349
f 3254 3303 3274
f 2761 2744 11129
f 9992 397 358
f 3469 3470 3430
f 377 390 346
f 11330 1577 10376
f 1578 10551 1593
f 3137 3136 3215
f 9727 11670 11089
f 2031 11118 11331
f 3758 3808 10378
f 10378 3808 3851
f 3837 10378 10309
f 10378 3837 3758
f 2083 1998 1997
f 9980 2226 10289
f 3899 10415 3971
f 10368 4316 4282
f 3987 3972 11673
f 2173 10379 2210
f 9744 2173 2285
f 3006 10380 3005
f 4150 4220 4191
f 3108 3070 3128
f 3108 3128 3169
f 3195 3169 3221
f 3300 11549 3319
f 3390 3364 3439
f 10467 3570 3625
f 10778 2353 2402
f 1415 11798 9749
f 4117 4103 4152
f 10159 10385 1016
f 2955 2979 2966
f 3604 3629 10890
f 4308 10297 4343
f 4308 4343 4309
f 4359 4309 129
f 613 597 11550
f 2542 11315 2541
f 2421 2441 2490
f 471 11238 562
f 4394 4323 10480
f 3011 2981 2967
f 2105 2124 2144
f 3469 3430 9793
f 3907 3893 3947
f 10386 579 632
f 706 670 705
f 1060 10428 1042
f 1288 1271 10198
f 10389 1734 1733
f 1995 1930 10552
f 2257 9980 10289
f 2348 2337 11120
f 2543 2452 2490
f 2543 2490 2542
f 2595 2582 10005
f 2701 2656 10492
f 2770 2751 2719
f 10380 2977 2912
f 2956 2955 2966
f 9582 10374 9777
f 3195 3108 3169
f 10369 11233 3190
f 10372 3335 10844
f 9632 3390 3439
f 3497 3464 3521
f 3833 3816 3845
f 9656 3845 3816
f 3908 3907 3947
f 4046 3933 3985
f 11089 4218 4163
f 11670 4218 11089
f 11074 9727 11089
f 4310 11216 4260
f 6065 6096 6066
f 8307 8339 10390
f 7482 10443 10391
f 8044 8117 11028
f 8196 8215 8216
f 7845 7864 7843
f 10391 9527 7482
f 7149 10392 7173
f 10392 7149 7065
f 6889 6890 6830
f 7669 7696 7668
f 4941 10740 4982
f 4999 5085 10837
f 5347 10394 5367
f 5353 5331 5352
f 10471 4763 11607
f 6109 6153 6154
f 5574 5547 5573
f 5068 5103 5115
f 5305 10394 5347
f 11733 10070 11215
f 4933 4947 10396
f 5678 5644 5677
f 10397 5859 5878
f 5036 5022 5147
f 5160 5036 5147
f 10397 5812 5859
f 10398 6014 6031
f 5237 5326 5277
f 5277 5326 11165
f 6050 6106 6122
f 11272 10399 5848
f 5972 6065 6019
f 9444 10984 6148
f 6148 10984 6212
f 7122 10400 7099
f 10400 7122 7183
f 6915 10327 6923
f 6846 6798 6823
f 7205 10403 7219
f 6942 6925 6975
f 7767 7743 7796
f 7472 7498 7460
f 7447 7498 7547
f 9427 6351 10998
f 10406 7998 8076
f 10406 7981 7998
f 7999 10406 10508
f 7394 7396 7395
f 8265 8227 8226
f 8321 8265 10408
f 6910 11869 6964
f 9900 7971 8022
f 6903 6968 10416
f 8255 8318 8317
f 8294 8255 8317
f 10390 8339 8413
f 10073 6598 6608
f 11019 6739 6792
f 8339 8389 10589
f 7602 10468 7604
f 7774 7845 7843
f 7927 7994 7993
f 7805 11182 7773
f 8706 10411 10255
f 9501 8685 8668
f 10516 8906 9405
f 8965 10412 8966
f 8978 9567 8912
f 10462 8895 9922
f 8918 10462 9922
f 8877 8864 8964
f 9581 8954 43
f 11069 11899 8993
f 9021 10464 9039
f 9183 10347 9246
f 192 10773 193
f 6575 6504 6526
f 9355 8717 8706
f 6781 4595 4596
f 9338 9942 9336
f 8886 4623 4622
f 9180 4434 9615
f 9255 11197 9254
f 4295 9948 4296
f 5751 5740 5739
f 9561 10820 9495
f 8748 9532 8723
f 10517 9089 9523
f 5587 9508 5654
f 8357 8321 10408
f 7775 7721 11090
f 4902 4887 4925
f 9077 9059 9039
f 6596 6520 11534
f 9194 9180 9615
f 10444 7653 7698
f 10750 8681 8723
f 2158 10533 2101
f 1200 1163 11304
f 3641 10189 3676
f 10551 1578 1506
f 3823 11502 3838
f 4191 4220 4221
f 9749 11798 1514
f 128 4343 4386
f 11300 3907 9794
f 6934 11014 9830
f 10087 4796 4713
f 5257 10394 9852
f 5367 10394 5304
f 10452 5714 5747
f 6019 6065 6066
f 10106 6414 10240
f 7328 7327 10404
f 5867 5782 5725
f 10413 6874 9498
f 10367 4341 11399
f 1106 9977 1071
f 1266 1221 1238
f 1226 10388 9638
f 9959 1315 1286
f 1229 1270 9759
f 10177 816 871
f 10470 10365 10366
f 1521 10470 10366
f 1521 10366 1520
f 1658 1572 1624
f 3611 3593 9994
f 4046 3955 3933
f 11489 4474 4475
f 9911 10313 7357
f 10080 8345 8344
f 7096 10402 11481
f 8985 8963 10145
f 8973 8972 30
f 29 8973 30
f 11494 9417 158
f 559 10019 517
f 10417 4955 10684
f 11442 10273 10250
f 3971 10415 3914
f 10301 9990 11209
f 350 11744 417
f 10271 10170 11074
f 437 350 417
f 9651 10469 1779
f 2770 2719 2718
f 4360 4308 4309
f 10327 6871 6923
f 6824 6854 6884
f 10729 7665 7710
f 8340 10332 8356
f 8943 10463 8942
f 10418 3015 2939
f 10910 321 11708
f 10059 3470 3413
f 4179 4213 11216
f 1106 9978 9977
f 11883 4132 4104
f 1497 1447 1462
f 9911 7357 7370
f 10321 10092 5203
f 9089 4523 4522
f 9992 357 11708
f 4316 4304 4355
f 3934 10279 3970
f 3006 3005 3054
f 3070 3054 3107
f 3128 3107 3154
f 3169 3154 3194
f 3221 3194 3250
f 3319 3299 3345
f 3364 3345 3389
f 3461 3439 3494
f 3570 3555 3603
f 10381 3740 3793
f 3764 3763 3813
f 10382 1285 1347
f 4308 4310 4260
f 6111 10937 6137
f 6015 6031 6050
f 6437 10576 6438
f 6511 6524 9886
f 42 9581 43
f 10377 11512 9259
f 6065 6001 10472
f 10517 9523 9126
f 4085 10414 4038
f 8016 7965 8015
f 1226 9638 1257
f 3515 3494 3555
f 3625 3603 3655
f 10425 11305 1398
f 11889 10529 968
f 1539 1521 1520
f 1658 1539 1572
f 6918 11489 6919
f 317 11789 346
f 701 11209 599
f 11089 10271 11074
f 9777 10420 2970
f 6439 10576 6514
f 6511 9886 6539
f 235 10377 9259
f 234 11512 10377
f 4507 4506 10474
f 8961 8947 64
f 5168 5081 5142
f 3795 3779 3832
f 10475 3071 3108
f 10486 10475 3108
f 3222 10486 3195
f 3405 10541 3390
f 3741 10439 10526
f 2030 1977 2094
f 10012 83 3669
f 63 11104 2496
f 11104 63 64
f 10424 11238 545
f 4322 10037 10172
f 4388 10172 134
f 3465 3445 10489
f 3290 3289 3307
f 295 10530 246
f 10006 2181 10426
f 1472 10483 1486
f 675 781 10013
f 766 675 10013
f 11141 3581 3671
f 3672 3652 10617
f 1945 1978 11118
f 3175 3138 3217
f 9736 890 9785
f 10428 922 953
f 10428 953 1042
f 10429 3713 3760
f 11124 11445 4358
f 10430 1163 1200
f 1151 1107 9978
f 10431 2353 10778
f 2069 2158 2159
f 2913 2899 2955
f 10424 562 11238
f 1464 10425 1435
f 3444 3443 3464
f 10437 2679 2779
f 2679 10437 2680
f 10432 9948 4294
f 295 246 247
f 2595 2581 9778
f 2595 9778 2634
f 10182 3148 10823
f 3033 3015 3065
f 295 247 294
f 10019 502 451
f 670 10044 654
f 714 613 665
f 1000 1024 10531
f 1219 1173 10435
f 1930 11230 10676
f 2088 2053 2105
f 2145 2088 2105
f 10436 10572 2265
f 2566 11104 2612
f 11104 2566 2496
f 10437 2694 2680
f 2745 10437 2796
f 10438 10925 2770
f 3030 2968 3000
f 3030 3000 3028
f 3030 3029 2969
f 3011 11740 10680
f 3157 3113 3112
f 3189 3216 3137
f 10928 3304 10206
f 3461 3462 9632
f 3444 3410 3443
f 3626 10487 10467
f 10381 10439 3741
f 3793 10439 10381
f 10439 3793 3839
f 11300 9997 3879
f 3875 11249 3924
f 3973 11303 11310
f 11383 11393 3992
f 4075 4013 9589
f 4153 10422 11393
f 4382 10476 10857
f 5332 5290 5399
f 5332 5399 10210
f 4900 11268 4955
f 5751 10072 9496
f 11569 10441 7558
f 11569 7558 7581
f 8529 8560 8579
f 7736 11147 7775
f 7736 7775 7842
f 7875 7927 7993
f 7928 7875 7993
f 7720 10444 7772
f 7237 7224 7209
f 5831 10445 9609
f 5532 5568 5533
f 4712 10446 4673
f 4921 10447 10820
f 4973 10448 4961
f 4685 10728 10965
f 10449 10321 5302
f 5500 5582 5531
f 10446 4776 4726
f 10558 4983 4970
f 9391 10446 4777
f 10446 9391 4673
f 5168 5206 5222
f 4713 4796 4758
f 9320 4713 4758
f 4662 4797 4760
f 4662 4760 11156
f 5032 5103 5068
f 5575 10559 10560
f 5935 5989 5936
f 6016 5968 6015
f 10971 5036 5037
f 5748 10452 11272
f 5740 5751 9496
f 6360 6359 10629
f 10441 10214 7558
f 6374 6460 6442
f 10768 6789 6773
f 10453 6857 6926
f 10454 6811 6885
f 10454 6858 6811
f 10405 10454 6886
f 9350 6505 6470
f 8180 11002 10111
f 6472 10597 6504
f 10408 8340 8388
f 6785 6733 6764
f 6909 6930 10455
f 6827 10455 10511
f 6475 11823 10081
f 9895 6458 10577
f 7237 7209 7208
f 7527 10120 7566
f 11092 7915 9900
f 11092 9900 8001
f 10459 8354 8355
f 8414 10459 8429
f 6793 11489 6851
f 7466 9527 10391
f 10443 7603 10513
f 10460 10444 7621
f 10444 7698 7772
f 7698 11359 10524
f 8717 9355 8729
f 9501 8698 8685
f 10461 8785 11038
f 9567 8978 50
f 8912 9567 9950
f 10462 8859 8895
f 8890 8887 8905
f 8889 8890 8905
f 8941 10463 9924
f 10463 8941 8942
f 9045 11782 9071
f 9077 9072 118
f 9231 9146 11585
f 9244 9243 9261
f 9244 10518 9243
f 9415 9252 10773
f 10447 9495 10820
f 8833 8888 9452
f 4921 10395 4954
f 8956 8973 8955
f 9940 9159 9219
f 11462 11461 729
f 3122 3033 3065
f 5602 5636 5697
f 9147 4497 9146
f 6973 10405 6886
f 10523 6462 6480
f 10465 891 922
f 10465 11674 891
f 9338 10466 9341
f 9341 10466 9342
f 4154 4179 4195
f 4133 4154 4195
f 4157 4121 4137
f 11224 10381 9634
f 3893 11300 3879
f 5305 10450 9852
f 5759 10503 5733
f 8375 8343 9902
f 9907 11895 7067
f 7211 10273 7239
f 4162 4161 10271
f 3637 10012 3669
f 3593 3612 3664
f 10433 3501 9994
f 9662 958 996
f 1047 9662 996
f 10470 1418 10365
f 10422 4011 3992
f 11154 4813 4840
f 4868 11154 4840
f 10471 4788 4849
f 10503 10102 5733
f 6521 10523 6520
f 10118 7207 7176
f 10459 8309 8308
f 6684 9943 9607
f 1266 9714 10801
f 10449 10092 10321
f 8375 9902 8374
f 3841 3795 3832
f 3887 3923 3993
f 10181 3354 3374
f 10491 2347 2280
f 5906 10575 5936
f 10732 10685 6683
f 6482 10240 6439
f 7639 7669 7594
f 10190 9634 9633
f 11664 11212 11217
f 3865 10279 11730
f 3924 3845 3875
f 10320 5006 4925
f 10322 4805 11664
f 4947 4946 11213
f 9350 6426 6506
f 6830 10634 10131
f 11182 7845 7734
f 10469 1756 1672
f 10910 357 312
f 3593 3611 3663
f 10573 1913 10419
f 4388 134 135
f 11330 10376 10483
f 7720 7654 7621
f 6438 6414 6389
f 10408 8226 8340
f 10409 8209 8183
f 7300 7237 11176
f 9268 9415 10773
f 10467 3516 3515
f 3570 10467 3515
f 11224 9634 10190
f 9633 3625 10190
f 4225 4179 11216
f 1462 1447 1432
f 10419 1884 1883
f 1882 10419 1883
f 10419 1882 1958
f 10263 9179 9159
f 4507 10474 9131
f 613 11550 9576
f 10544 1152 1151
f 10487 3516 10467
f 10476 4287 4221
f 4003 3955 4046
f 4113 4146 4162
f 539 538 29
f 539 29 30
f 82 10012 3508
f 10479 1671 1672
f 10893 1398 1348
f 4311 10480 4323
f 10481 11228 10298
f 4227 4295 4262
f 3059 11811 3030
f 344 10530 295
f 10483 10548 1487
f 2596 2549 2612
f 1843 1871 11230
f 3018 3124 3087
f 10549 382 11136
f 1581 1565 11527
f 561 544 629
f 3072 10475 10585
f 10585 10486 10540
f 1602 1601 10479
f 10488 10479 1672
f 10436 2265 2342
f 10436 2342 2370
f 2421 2385 2441
f 11322 356 337
f 337 10536 11322
f 10756 1277 1308
f 2874 10925 2890
f 1592 10376 1611
f 3932 10490 3881
f 327 366 10776
f 1053 983 1009
f 11468 1024 1065
f 1435 1398 1434
f 1435 1434 1450
f 1872 1843 11230
f 2013 1971 2046
f 2061 2013 2046
f 10290 2050 2016
f 10491 2240 2279
f 2701 10492 66
f 10492 2656 2612
f 3033 183 3016
f 3147 10179 9791
f 3198 3157 3182
f 3209 3162 9482
f 3234 10485 3233
f 3788 10539 3787
f 4248 10482 9772
f 4237 4166 9738
f 4295 4227 4247
f 4295 4247 4294
f 10480 4272 4322
f 5280 5263 5332
f 11682 4798 10070
f 10494 7777 7865
f 7332 7299 7300
f 6931 10509 6947
f 6379 9608 9597
f 7914 11092 7913
f 7450 7502 7476
f 7450 7432 11340
f 10496 7226 11681
f 10496 11681 7151
f 10558 10969 4940
f 4672 4755 4731
f 4781 10938 10628
f 4963 4914 4962
f 10559 11085 5660
f 10500 5038 5107
f 5118 10500 5145
f 10498 4937 10558
f 9320 4687 4713
f 5944 5943 5979
f 4778 4796 4818
f 5980 5944 5979
f 10502 5668 5712
f 6166 6165 6188
f 5058 5086 5038
f 5107 5038 5086
f 5039 10500 5118
f 5575 5526 5574
f 5746 10502 5712
f 5075 5074 10561
f 5677 10502 5746
f 10502 5677 5644
f 10562 5933 10101
f 10562 10101 5990
f 10564 5945 6009
f 5959 10564 6009
f 10503 5759 5776
f 6181 6211 6238
f 6393 6361 6360
f 6438 6413 6437
f 6415 10106 10240
f 10505 6540 6493
f 6460 10506 6416
f 6493 6484 10505
f 10506 10991 6416
f 6976 10565 10689
f 10507 6270 6284
f 6338 10507 6284
f 10596 10507 6338
f 10405 6859 10454
f 11839 7191 7249
f 11839 7249 11868
f 8056 8076 8094
f 8109 10508 8125
f 7397 7458 7342
f 7688 7634 10747
f 7674 7728 10599
f 7764 7815 10578
f 7815 7764 7765
f 7613 7588 7587
f 7613 7587 7688
f 7433 10510 7432
f 10510 7349 7432
f 7017 7006 11013
f 8191 8190 11722
f 6986 6947 7034
f 10249 10634 6933
f 11692 10456 10611
f 9530 6500 6546
f 9530 6546 6559
f 11824 8104 8119
f 7368 7466 11091
f 10460 10513 7653
f 11184 8400 8299
f 11035 8686 8709
f 10515 11874 8743
f 10670 8912 8893
f 10670 8978 8912
f 10516 8907 8906
f 10519 9476 180
f 179 10519 180
f 10575 5855 5856
f 10567 6962 6961
f 6092 9341 9444
f 6859 6858 10454
f 10522 4412 8688
f 6927 6873 6859
f 10532 10513 10460
f 10753 10514 8698
f 10513 7620 7653
f 9637 3713 10189
f 10012 82 83
f 9651 10525 1756
f 2596 2612 2656
f 9726 4113 4162
f 3104 3018 3087
f 10540 3222 3239
f 9747 3405 3462
f 3147 9791 3100
f 10484 3822 3770
f 10476 4221 4257
f 4643 10226 4642
f 6359 6360 10504
f 10527 1265 1279
f 1322 10527 1279
f 1353 10527 1322
f 4184 9797 10067
f 6273 6214 10699
f 6415 10240 6440
f 7587 7586 7634
f 9146 10520 11585
f 10522 8688 9355
f 4132 4179 4154
f 3726 3699 3687
f 1238 1280 1266
f 10516 8974 8907
f 10524 7773 7734
f 10528 3101 3065
f 805 10727 10384
f 66 10492 65
f 10377 10776 234
f 4388 10480 4322
f 10320 4963 4962
f 10508 8056 8125
f 3461 3494 3515
f 920 10529 921
f 10529 920 968
f 10529 225 226
f 3516 3461 3515
f 3461 3516 3462
f 2490 2441 11315
f 4394 10480 4388
f 295 294 324
f 2904 2874 2890
f 344 295 324
f 670 654 705
f 5496 5446 11269
f 5496 5459 5537
f 6468 10401 6511
f 5935 10575 5856
f 4132 4154 4104
f 4892 4891 4915
f 770 771 11462
f 10556 6680 6634
f 6439 6438 10576
f 10486 3108 3195
f 3222 3195 3251
f 10645 3300 3346
f 10541 3346 3390
f 10041 10530 345
f 10530 10041 245
f 989 10531 1024
f 10532 10822 10443
f 5925 5915 5944
f 7613 7688 7674
f 11041 8814 10792
f 4628 4627 8833
f 9123 10517 9126
f 3699 9637 10189
f 10783 4948 10963
f 3887 3874 3923
f 3993 3923 3978
f 10248 7669 7639
f 10505 6468 6511
f 4003 11548 3955
f 4598 4597 8828
f 8871 4598 8828
f 11095 10534 2451
f 2451 10534 2467
f 539 30 9718
f 3594 10538 3666
f 2480 10005 2533
f 1643 1708 1611
f 3786 10539 3754
f 10539 3821 3787
f 3821 10539 3786
f 10579 348 328
f 3770 3755 3788
f 1795 1858 1843
f 4113 10583 4066
f 2972 3086 3018
f 2016 2083 2097
f 4206 4166 11122
f 10540 10486 3222
f 3365 10543 10645
f 2795 2744 2761
f 3607 11098 9760
f 11735 10928 10614
f 2088 2072 10897
f 411 340 428
f 775 10546 818
f 10181 10375 3354
f 11468 1057 1038
f 383 303 10549
f 529 10615 10545
f 10546 705 759
f 10581 943 942
f 10581 942 1019
f 1180 10550 10535
f 10551 1487 10548
f 1593 10551 10548
f 11377 1828 1747
f 1829 1795 1843
f 10552 9724 1995
f 2635 2613 2596
f 3051 2972 3018
f 3085 10824 9648
f 10580 3158 3172
f 10580 3172 3226
f 10543 3240 3239
f 3324 3257 3226
f 10543 3239 10645
f 3394 10553 3372
f 3953 3882 10736
f 10583 4094 3985
f 10200 10547 9797
f 10211 5605 10587
f 4747 4743 10938
f 8016 8015 8048
f 10555 7502 7450
f 10611 6681 11704
f 5050 10557 5099
f 4887 9617 4963
f 5660 11085 11506
f 10591 5897 5999
f 5943 10591 5999
f 10558 4937 4983
f 5621 9611 5618
f 5661 10559 5660
f 6208 6166 6188
f 4906 4943 10499
f 11064 5584 11661
f 10560 5606 5575
f 10561 10795 5161
f 5908 10562 5934
f 10562 5908 5933
f 6269 6232 10563
f 10564 11875 5945
f 5593 5608 5664
f 6411 6393 6410
f 6439 10240 6414
f 6387 6364 6415
f 6396 6387 6415
f 11068 7266 10242
f 9426 11068 7218
f 11068 7316 7266
f 7326 11068 9426
f 7266 7316 7293
f 6441 6422 6468
f 6976 6957 6997
f 6493 6540 6592
f 6998 6976 6997
f 6282 6271 6301
f 6283 6282 6347
f 6338 6283 6347
f 6493 6592 11093
f 6999 6976 6998
f 6976 6999 10565
f 7206 7162 7234
f 6554 10110 6571
f 6572 6554 6571
f 6470 6426 9350
f 8125 8056 8163
f 7764 7728 7765
f 7223 10333 7271
f 7564 7550 7588
f 10608 6450 11004
f 10556 10128 6717
f 6908 10511 11010
f 6948 6908 11010
f 10568 7449 10555
f 6623 6584 11692
f 11692 10611 11704
f 10589 8482 8498
f 7170 7195 7117
f 11432 8690 11431
f 8922 8933 8921
f 8981 8982 58
f 57 8981 58
f 9268 9278 9415
f 10348 9148 11196
f 5451 5503 5504
f 10466 10641 6181
f 10569 9210 9415
f 6573 6505 9350
f 4473 6793 6794
f 3278 9462 3260
f 3209 3278 3260
f 4328 4264 4198
f 2533 2443 2480
f 9622 10267 8956
f 3738 3760 9637
f 10906 3048 11671
f 11207 10542 3715
f 10547 4183 9797
f 4183 10547 4138
f 803 10584 939
f 2319 2287 10436
f 3384 3289 10553
f 28 9923 8955
f 2013 10573 10419
f 10545 494 529
f 10589 8389 8482
f 11184 9528 8365
f 276 277 17
f 2013 1958 1971
f 5633 5605 5508
f 10554 9797 4183
f 4887 4963 4925
f 1364 1329 9759
f 10554 4183 10482
f 4037 3994 3993
f 10552 1977 2030
f 10566 10331 6960
f 303 330 382
f 6222 10984 6221
f 10062 9997 3802
f 4179 4132 4213
f 6439 6414 6438
f 4734 10234 10965
f 10375 10181 3310
f 9898 10409 8165
f 394 406 10034
f 10573 2061 1990
f 2795 2761 9957
f 1021 984 983
f 4382 10857 4381
f 5399 5290 5353
f 10129 6533 6587
f 7018 7006 7057
f 10456 11692 6584
f 4262 4295 4296
f 10575 5935 5936
f 5514 5496 5580
f 2010 1940 1968
f 2010 1968 2023
f 419 10549 11136
f 10545 411 428
f 1065 1024 10357
f 10599 7728 7764
f 6554 6573 9350
f 6961 6962 6972
f 8955 9622 8956
f 10700 10554 10482
f 4784 4831 4854
f 10612 3253 3254
f 3320 10543 3365
f 1892 1952 9985
f 3241 10580 3257
f 1005 10581 1033
f 10581 1005 959
f 2835 10677 2816
f 1732 1774 1795
f 9726 10583 4113
f 10618 3036 2972
f 2961 10618 2972
f 4166 4149 11122
f 3180 10585 10540
f 11207 3643 10542
f 829 863 10163
f 908 829 10163
f 3183 10580 3241
f 718 654 685
f 685 669 738
f 10621 915 962
f 1807 1732 1795
f 10643 3365 10541
f 3336 11676 10059
f 4147 10583 9726
f 4262 4228 4227
f 5629 5528 5560
f 5629 5593 5665
f 10587 11834 5694
f 4922 4960 10646
f 4742 10588 4782
f 4782 10588 11335
f 11428 6819 6868
f 11539 7699 7722
f 8417 10764 9818
f 6908 6902 6877
f 6908 6877 6876
f 11258 7283 7246
f 4744 4668 4701
f 4855 10590 4854
f 10590 4784 4854
f 5633 5508 5591
f 10591 5839 5897
f 4676 4727 4797
f 5915 10591 5943
f 9868 11752 4943
f 4906 9868 4943
f 10592 5832 5853
f 10592 5768 5832
f 6231 6203 6230
f 5250 5179 5218
f 10593 10562 5990
f 10594 5580 5537
f 10951 6245 6259
f 6239 10466 6181
f 10595 6340 6317
f 10595 6280 6340
f 10712 6271 6283
f 7643 7511 11569
f 11093 6592 6600
f 6600 6551 11093
f 10563 10596 11822
f 7899 7986 7985
f 7473 7487 11086
f 6574 6573 6572
f 6526 10597 6505
f 7550 7514 7563
f 7564 7515 7550
f 10600 7647 7648
f 6420 9529 6457
f 7476 7432 7450
f 6831 10131 10634
f 10249 6831 10634
f 9830 11014 7018
f 7018 11014 7006
f 7543 7579 7626
f 11487 6585 6623
f 7990 7965 8016
f 7990 8016 8017
f 10601 9809 10314
f 7506 10636 7556
f 11432 10139 11033
f 9916 8726 10602
f 8777 11055 10848
f 10603 10642 11195
f 158 9417 159
f 10605 11061 9585
f 5488 10440 5424
f 4738 10605 4719
f 5452 5424 5504
f 5452 5504 5524
f 10606 3999 4033
f 11061 10605 4739
f 10604 9373 9293
f 10909 2494 11072
f 8960 8981 8980
f 6295 6275 6273
f 5004 4951 4926
f 8354 8323 10390
f 9923 11621 9622
f 383 331 303
f 1946 1916 1860
f 1892 1851 1862
f 10584 857 903
f 903 11075 10584
f 9490 2840 2795
f 10963 10609 4932
f 4932 10609 4979
f 10587 5633 11834
f 278 277 303
f 5899 5884 10564
f 4037 3978 4029
f 9368 9253 9938
f 11135 1065 11410
f 10281 4037 4029
f 4873 10610 9845
f 10728 10626 9392
f 4942 4941 9845
f 10631 6320 6387
f 10375 10927 3397
f 9392 9421 10728
f 10965 10728 9421
f 5037 5036 5087
f 9125 135 9101
f 6239 6181 6238
f 6379 9389 10577
f 10608 6486 6450
f 10067 9797 10554
f 5584 5567 5519
f 11889 224 225
f 394 470 424
f 2167 2220 2201
f 2147 2167 2201
f 10821 6681 10611
f 10529 11889 225
f 10582 4113 4066
f 10614 10928 3370
f 10620 1984 10897
f 10615 10651 411
f 11566 11507 5055
f 10226 4676 4797
f 7643 11569 7581
f 5452 5488 5424
f 6295 6273 6274
f 4948 4877 10963
f 10587 5605 5633
f 4132 11883 4213
f 10770 10578 7816
f 484 436 28
f 3335 3326 10844
f 10612 3156 3181
f 10612 9984 3156
f 3410 10614 3443
f 478 10615 529
f 3752 3783 10869
f 3752 10869 10930
f 1761 11326 1747
f 1374 1357 1297
f 2946 2945 10618
f 10618 2945 3036
f 970 11075 952
f 3825 10619 11768
f 10619 3825 3826
f 10649 4035 4081
f 3406 10643 9747
f 974 906 892
f 665 9576 681
f 10854 11383 4118
f 1892 10655 1921
f 3678 10852 10890
f 9490 9957 2885
f 11735 10614 3410
f 897 10621 944
f 584 478 529
f 1487 1486 10483
f 1522 1479 10730
f 10620 1967 1984
f 10620 2054 2008
f 2480 2493 2516
f 2888 2842 9991
f 3643 10164 3627
f 10622 3848 3847
f 4149 10649 4081
f 5020 5070 5071
f 11820 10935 5070
f 5578 5528 5629
f 5578 5629 5609
f 4691 4690 4742
f 4831 11253 4854
f 9554 6324 11626
f 5633 5591 5639
f 4861 4904 10627
f 10627 4904 10783
f 5104 11566 5055
f 6085 6024 6023
f 10104 6295 6294
f 10629 6467 6410
f 10630 6882 6870
f 6320 10631 6397
f 6365 6312 6397
f 10441 7511 11508
f 7607 7544 7643
f 8077 8055 8108
f 6643 6574 6662
f 6572 6662 6574
f 7549 7562 7586
f 7563 7549 7586
f 10118 7177 7223
f 10118 7223 7271
f 6529 10608 11756
f 10633 7565 11007
f 10633 10120 7565
f 10634 6830 6890
f 10635 7543 7542
f 6498 11487 6546
f 10761 7933 7934
f 7655 7623 11539
f 7655 11539 7700
f 7538 7602 7509
f 10636 7519 7570
f 10636 11261 7595
f 11261 10636 7570
f 8084 8083 8153
f 8422 8400 8421
f 8400 8404 8421
f 8271 8269 8348
f 8758 10637 11070
f 8902 8952 10638
f 8902 10638 8830
f 10638 8953 10670
f 8953 10638 8952
f 8963 8868 8917
f 10624 3929 3928
f 9338 10641 10466
f 7441 7440 10625
f 8896 11041 8921
f 9928 9088 10642
f 9088 11195 10642
f 8084 8006 4494
f 6795 6740 11509
f 6795 11509 11759
f 10876 10613 1650
f 10917 1199 1198
f 9747 10643 3405
f 4941 4897 9845
f 9868 9853 4895
f 10632 7529 7445
f 10637 11186 11070
f 8747 10637 8758
f 1429 1507 215
f 451 10188 419
f 1330 1288 10198
f 10145 8963 8917
f 7154 10266 7138
f 10229 10644 5065
f 7486 7559 10329
f 9368 9200 9253
f 10082 7082 11537
f 1902 1946 1860
f 10852 3678 3763
f 11621 10340 8834
f 7154 7138 9319
f 8400 8422 8299
f 7720 7621 10444
f 1330 10198 11305
f 6859 6873 6843
f 10537 3429 10647
f 11268 10574 11733
f 10643 10541 3405
f 411 10545 10615
f 9119 9125 9408
f 11650 7608 7665
f 8274 8398 8301
f 4915 4859 10739
f 4915 10739 4976
f 2042 2010 2023
f 2042 2023 2073
f 2110 2042 2073
f 2110 2073 2127
f 2167 2110 2127
f 2167 2127 2176
f 2673 10875 11218
f 962 915 914
f 4922 10646 11253
f 10646 4960 10687
f 10764 8479 9818
f 10632 11508 7511
f 10187 451 419
f 1364 10296 1382
f 10651 10701 411
f 4854 11253 10646
f 11297 436 484
f 10647 3411 10537
f 10647 3352 3411
f 2573 2469 2526
f 11122 4081 4165
f 10552 1994 1977
f 10683 2842 2810
f 2915 10650 2982
f 339 340 10901
f 3525 3446 10537
f 2515 2493 2410
f 10706 2785 2817
f 647 10654 596
f 10696 2851 2886
f 2516 2493 2515
f 10656 3279 3310
f 10654 612 596
f 1488 1407 1487
f 1522 1480 1479
f 10613 1713 1650
f 10706 2818 2804
f 3395 10372 10844
f 3968 4045 4020
f 10661 10961 5494
f 5529 5542 5578
f 5529 5578 5594
f 4960 5010 4988
f 8578 8616 8559
f 10658 10764 9543
f 8541 10659 10658
f 10764 10659 8479
f 10659 10764 10658
f 8364 8269 8297
f 11623 5584 9610
f 4425 11219 4424
f 10964 4861 10627
f 10396 4967 11566
f 5390 10661 10754
f 4934 5002 4980
f 5584 11623 11661
f 5318 11164 11270
f 10742 6025 6085
f 6024 6085 6025
f 6346 10664 6312
f 6824 10665 6810
f 6855 6872 10845
f 11721 10698 7545
f 9887 10698 11721
f 6927 6859 10405
f 6913 6928 6945
f 7852 7740 7835
f 10657 7919 7933
f 7536 10691 7557
f 4574 4575 8005
f 8085 8029 8084
f 8380 8364 8363
f 9471 8692 8718
f 9534 10669 8906
f 8873 10670 8893
f 9938 10672 190
f 190 10672 191
f 10672 9268 191
f 10671 9115 9119
f 8726 9471 8718
f 10640 9164 10569
f 6436 9883 6395
f 11759 11790 6795
f 7720 7772 7735
f 6257 10107 10664
f 6312 10664 10107
f 6436 6395 6411
f 9242 11495 9315
f 9112 141 10675
f 389 10651 10731
f 1410 1375 1374
f 1375 1410 9782
f 10655 1813 1850
f 2241 10491 2280
f 550 493 525
f 10551 1488 1487
f 6681 6711 6712
f 9845 10610 4942
f 10181 10656 3310
f 1944 11230 1930
f 10574 11268 4900
f 4643 4676 10226
f 9519 10752 10792
f 10675 9123 9112
f 10537 3411 3467
f 10537 3467 3525
f 6504 10597 6526
f 7852 7835 10657
f 5424 10440 9387
f 9106 10642 10603
f 10574 4900 11682
f 4892 4915 4928
f 2110 2167 2147
f 2042 2110 2128
f 2128 2110 2147
f 2847 10677 11742
f 10655 10889 1921
f 9687 1099 10703
f 1539 10730 1521
f 5009 4960 4988
f 5089 5054 5071
f 10712 10662 6271
f 6229 6254 6298
f 10638 10670 8873
f 10745 10244 7314
f 5584 11064 11347
f 5089 5071 5134
f 10675 9106 10603
f 7529 7598 7545
f 3230 3185 10308
f 8649 4528 4529
f 4149 10678 10649
f 466 10681 502
f 3305 3306 3227
f 4248 10700 10482
f 1021 1098 9687
f 984 1021 10679
f 1488 1506 1489
f 3085 3084 10824
f 1026 990 11220
f 10288 2785 10706
f 10389 1776 1809
f 1585 1658 1638
f 1638 10755 1585
f 944 982 997
f 412 389 10731
f 493 445 525
f 1429 1375 9782
f 1558 214 1507
f 2809 10683 2797
f 10683 2809 2871
f 3445 10493 10489
f 10708 7701 10690
f 7877 10722 7931
f 7931 10722 7992
f 8012 10763 7964
f 8028 8066 10686
f 5088 5021 5089
f 5116 5088 5089
f 10661 5361 5430
f 4947 10964 10627
f 10961 10661 5430
f 5681 9551 5719
f 4935 4917 4934
f 5720 5681 5719
f 4897 4941 4937
f 10684 5011 5025
f 10972 5215 11164
f 10810 10713 5898
f 6881 6868 6896
f 6316 9955 11351
f 10595 6254 6280
f 6270 10712 6284
f 6975 6983 7000
f 10717 7096 7095
f 10994 6789 6788
f 7268 7234 10996
f 6963 11651 6962
f 6963 6945 11651
f 6881 6896 6897
f 11487 6623 10666
f 7834 7852 7880
f 7656 10708 10690
f 7838 10721 7850
f 10722 10763 7992
f 8274 10692 8398
f 10686 8066 8005
f 8987 8900 73
f 72 8987 73
f 10694 11436 10693
f 10752 10694 10693
f 10695 4402 4401
f 4402 10695 8679
f 5529 5474 5493
f 445 493 446
f 1944 1872 11230
f 3810 3869 3852
f 10709 5024 9844
f 9887 7471 10698
f 9253 9278 10672
f 9991 2935 2888
f 10050 982 962
f 10217 7441 10691
f 8556 9811 8525
f 10729 7710 7743
f 10109 7498 11788
f 982 9671 997
f 10678 11747 10649
f 3095 10680 3114
f 1442 1488 1489
f 1488 1442 1407
f 8028 10686 11087
f 10232 10724 10161
f 10016 2241 10682
f 3300 3251 11549
f 10696 2824 2851
f 10565 6914 10689
f 8322 8309 10459
f 7001 6975 7000
f 6976 10689 6924
f 10512 6598 6655
f 3251 3239 3222
f 9687 10703 1021
f 6284 10712 6283
f 10308 3174 3205
f 10698 7471 7445
f 10640 10569 9278
f 3230 10308 3205
f 4320 4367 4344
f 4320 4344 4290
f 10701 291 10901
f 4017 4064 11466
f 10679 11858 965
f 10679 10703 11858
f 1558 1507 10918
f 3869 3827 3826
f 5391 10661 5390
f 6294 6293 6344
f 6345 6294 6344
f 10698 7529 7545
f 6707 11840 6676
f 3861 3911 3862
f 10050 962 981
f 10702 10109 10329
f 7767 10729 7743
f 3206 3185 3230
f 8649 4529 8638
f 9647 35 36
f 3034 73 74
f 1595 213 1558
f 3066 3034 3084
f 10016 11232 2241
f 10705 1378 1393
f 11474 3440 3519
f 4345 4395 10704
f 137 4389 4345
f 3173 11403 10371
f 1050 9671 10050
f 1021 983 1053
f 10707 1381 1415
f 1595 1558 9570
f 10734 11444 1809
f 2671 10057 2652
f 3276 11131 3306
f 11309 3440 11474
f 3544 3500 3445
f 7624 7655 10708
f 10708 7655 7701
f 10709 4942 10497
f 10497 10451 10709
f 5322 5323 5354
f 5391 5361 10661
f 5413 10711 5445
f 5743 5692 5661
f 10967 4864 4863
f 10741 6116 6161
f 6117 10741 6161
f 5862 5822 10714
f 6130 10098 11082
f 5412 10715 5475
f 5475 10715 5512
f 5428 5457 11221
f 10716 6884 10689
f 6872 10716 6914
f 7000 7037 10717
f 10717 10243 7001
f 7161 7205 7253
f 10747 7634 7687
f 10747 7687 7765
f 10718 11767 6733
f 10720 8584 9621
f 7442 10217 10691
f 10943 7702 10667
f 10722 7930 10763
f 7964 10737 8012
f 10819 8987 72
f 9119 10704 136
f 5553 10759 11760
f 10724 4790 4835
f 10725 6749 10719
f 9526 6252 6200
f 10726 9955 6252
f 1050 10050 1020
f 7882 11171 7807
f 7442 10691 7536
f 10091 4790 10724
f 10243 10717 7095
f 10739 10231 4976
f 10717 7001 7000
f 264 9399 9532
f 10728 4685 10626
f 10304 11806 10382
f 10729 11650 7665
f 6598 6597 6608
f 9159 9179 9219
f 11461 10798 729
f 7688 10747 7728
f 10128 6634 6664
f 1314 11119 1362
f 9519 10792 4561
f 9495 10628 9561
f 10730 1479 1521
f 8301 8398 8397
f 6598 6492 6597
f 10729 7767 7645
f 4320 4225 4310
f 10907 460 399
f 4320 4310 4360
f 457 10731 478
f 11167 5428 11221
f 6479 6436 10767
f 6914 10716 10689
f 9560 10771 8608
f 10731 10615 478
f 10730 1539 1585
f 11840 6604 6676
f 10308 3147 3118
f 10308 3118 3174
f 2539 10855 2468
f 10733 2301 10431
f 11444 10734 1797
f 10735 11119 1314
f 2984 73 3034
f 1613 212 1595
f 11453 2984 3034
f 10735 1243 11119
f 10029 2881 10882
f 2340 10733 10782
f 1244 1164 10544
f 1397 1434 1383
f 10057 9684 2670
f 3881 3860 3910
f 1179 1128 1212
f 1585 1586 10730
f 2034 2101 2002
f 2842 2798 2810
f 7541 7577 7578
f 8013 8046 8047
f 10737 8087 8012
f 8508 8476 8452
f 5264 5323 5322
f 10739 10738 10231
f 10738 10739 4858
f 4859 4858 10739
f 10766 5606 5662
f 5641 10766 5662
f 6023 6041 6085
f 10098 10742 6085
f 10788 6245 6260
f 9425 5909 5992
f 9425 5992 5984
f 6870 10743 6869
f 10745 7161 7253
f 10996 10745 7268
f 6719 10746 6763
f 6763 10746 6746
f 7728 10747 7765
f 10748 6492 10512
f 7949 7934 7995
f 11019 6738 6739
f 6851 11488 6793
f 7530 7541 7578
f 8014 8013 8047
f 4667 7910 7976
f 8945 10808 10819
f 10142 8891 8886
f 10749 8905 11363
f 10774 196 195
f 7287 11653 7320
f 9560 8608 8667
f 9308 10774 195
f 9399 8749 10750
f 10533 2003 2002
f 3852 3918 3900
f 3900 3918 4005
f 10740 10709 9844
f 10744 6756 6798
f 10142 8886 8932
f 10752 9519 10789
f 8745 9352 8728
f 1225 10796 10421
f 9268 10773 192
f 10263 9159 10802
f 4951 4888 4902
f 11041 10792 8922
f 10541 3365 10645
f 1961 1916 1946
f 10754 10661 5494
f 5390 10754 10711
f 5681 5620 5619
f 10752 8922 10792
f 8922 10752 10693
f 3084 74 9649
f 10115 8309 8322
f 10755 1586 1585
f 1821 10846 1785
f 1821 1785 1866
f 10716 10665 6824
f 3918 3869 3868
f 10730 1586 1522
f 6676 6663 11734
f 11095 10733 10534
f 460 449 10180
f 1296 11745 1239
f 1212 1128 1162
f 9739 1149 10796
f 1198 1225 1226
f 2316 10782 11320
f 1016 10385 976
f 1034 9670 1078
f 10756 1308 1293
f 300 10776 236
f 366 327 380
f 1095 9670 1050
f 1436 1399 10425
f 2526 2539 10812
f 10029 2865 2820
f 3201 3229 10758
f 3228 10758 3229
f 10814 10759 5506
f 10760 6215 6156
f 11440 8595 4502
f 9543 10764 8417
f 6736 6712 6768
f 5620 10793 5599
f 5919 10765 5870
f 5296 5338 5339
f 4928 4915 4976
f 4928 4976 4964
f 5340 5296 5339
f 5040 5039 5085
f 5769 5794 9866
f 10766 5576 5606
f 10766 5558 5510
f 10788 6182 6245
f 10767 6467 6478
f 6700 6723 6756
f 6855 11425 10665
f 6366 10596 6338
f 11299 10768 6857
f 6445 10769 6400
f 7817 10770 7816
f 7299 7281 7300
f 6712 6711 6768
f 10772 6726 11488
f 6739 6738 10772
f 10772 11488 11587
f 7495 7531 7541
f 7992 10763 8013
f 8707 8671 8681
f 9252 9370 10773
f 10774 9372 196
f 9199 9372 10774
f 9477 9940 9242
f 9400 10256 8728
f 6021 5956 9513
f 9199 10774 9414
f 10148 9110 9114
f 5870 10765 5799
f 6063 6067 11891
f 10774 9308 9414
f 9671 9670 1034
f 2984 2940 72
f 9940 10802 9159
f 3614 3579 3648
f 10009 3783 3835
f 4828 10160 10263
f 1714 1733 1751
f 9332 6172 10760
f 6214 10760 6172
f 5510 5576 10766
f 4999 5040 5085
f 9029 9062 9078
f 193 10773 9370
f 1436 10425 1464
f 3276 10553 3289
f 6472 6471 10597
f 6494 6510 11093
f 10541 10645 3346
f 6855 10665 6872
f 1026 11220 1084
f 10721 10762 7850
f 10763 8012 8013
f 9072 10464 9036
f 10771 8522 8508
f 6348 6366 6338
f 8508 8507 10771
f 9425 9624 5964
f 10855 2419 11320
f 10332 10407 8322
f 7232 7256 7267
f 460 10180 399
f 1821 1867 1855
f 1803 1821 1855
f 10733 10431 10534
f 1095 1050 1063
f 9739 10796 1180
f 10775 9579 10749
f 10758 3276 3289
f 3084 9649 10824
f 6467 10767 6410
f 10775 10749 36
f 140 9106 10675
f 4602 4603 10084
f 4602 10084 6477
f 11807 490 9660
f 11807 9660 9661
f 10535 1069 9739
f 10796 1149 1179
f 646 595 645
f 10780 10777 2883
f 2883 2952 10780
f 4193 10854 11510
f 4193 4153 11393
f 10781 1016 1073
f 1356 1296 1337
f 515 11635 463
f 5406 5350 11748
f 7468 7532 7531
f 8120 8105 8141
f 8555 8556 9813
f 11446 6583 6588
f 7824 7825 7789
f 6006 6021 6068
f 5296 5271 5270
f 5296 5270 5338
f 4858 10785 4849
f 5716 10786 5671
f 5271 5296 5340
f 10786 5716 5770
f 5074 10795 10561
f 6002 6063 11891
f 7315 7232 7267
f 10815 6694 11019
f 11780 10784 7044
f 8709 8708 8790
f 8784 20 19
f 8851 8891 8909
f 9007 10790 10464
f 9105 9132 9127
f 9096 9131 9094
f 10791 10840 9430
f 9197 9503 9186
f 8522 10771 9560
f 3900 4005 3958
f 3958 4005 10277
f 1016 10781 10159
f 8555 9813 8458
f 10793 5680 11684
f 5680 10793 5720
f 10804 11446 6606
f 10456 10821 10611
f 10786 5769 5717
f 4538 8651 8622
f 10794 55 56
f 2883 10777 2849
f 10778 2402 10191
f 9101 134 9078
f 1236 1206 1235
f 10795 5181 5161
f 5882 5833 5881
f 6551 6600 6618
f 10779 10653 11413
f 1585 1539 1658
f 10793 5681 5720
f 10722 7923 7930
f 10733 2246 2301
f 6215 6214 6275
f 8522 9560 8609
f 5040 10740 9844
f 5040 9844 5039
f 10796 1179 10421
f 2469 2419 10855
f 10115 8322 10407
f 6262 6311 9842
f 10846 1724 1785
f 3213 10824 75
f 2469 2539 2526
f 2883 2849 9746
f 10759 5406 11748
f 5918 5871 10765
f 4858 4849 4890
f 6792 6724 11019
f 11516 2940 2984
f 10804 6606 6622
f 35 9430 10775
f 3613 3579 3560
f 4005 3918 3917
f 2557 10799 10812
f 10797 2686 9588
f 645 11461 646
f 2526 10799 2587
f 2587 10799 2662
f 1078 10800 1120
f 3412 3395 3429
f 410 11807 11322
f 1139 10800 1095
f 1994 1929 1976
f 2619 10799 2557
f 10802 4432 11215
f 8609 8569 8535
f 5612 10594 5625
f 5612 5625 5669
f 5828 5813 10979
f 5909 5929 5992
f 5909 9395 5929
f 6699 10803 11536
f 6723 6660 10803
f 7404 7376 10806
f 7469 7470 10806
f 6660 6659 10803
f 6665 10804 6716
f 8316 10805 10952
f 8379 8378 8454
f 7495 7468 7531
f 7229 7228 7287
f 7850 10762 7923
f 8554 8492 8558
f 206 205 9293
f 11049 10809 4477
f 4477 10809 6991
f 10809 4478 9465
f 6020 10841 6002
f 10802 9477 4432
f 10809 9932 4478
f 8790 8788 3
f 8457 4501 8524
f 1391 10801 9714
f 10331 10405 6973
f 9653 10830 9758
f 8828 10818 9367
f 9092 9093 9096
f 10804 6634 6680
f 11807 410 443
f 4893 10161 4877
f 10388 1225 10421
f 10819 10808 11094
f 6023 6024 10974
f 10759 10814 5406
f 11215 4828 10802
f 7229 7287 7319
f 8555 8457 8524
f 9670 10800 1078
f 5818 5799 10765
f 9757 2469 2573
f 10326 5169 9801
f 10332 8322 8414
f 3213 76 3232
f 10907 11447 460
f 1803 10846 1821
f 1705 1724 10846
f 1741 10846 1803
f 2898 2952 2883
f 1139 1095 1110
f 6687 6660 6723
f 10777 2791 2849
f 3364 3346 3319
f 3346 3300 3319
f 3390 3346 3364
f 9430 10840 10775
f 4244 11511 4289
f 10811 2340 2302
f 4340 4366 4385
f 11223 9606 3649
f 11223 3649 3596
f 1240 1241 1176
f 3988 3958 10277
f 4341 10829 4340
f 4340 4385 4341
f 1491 1456 1490
f 10825 2141 2228
f 4153 4028 10422
f 10813 4223 4307
f 10838 5919 9494
f 10762 11222 7849
f 4867 4908 4868
f 5453 10814 5506
f 10837 5085 5119
f 5847 5879 5828
f 5645 5613 5612
f 5645 5612 5685
f 9901 7248 7192
f 11448 10815 6669
f 6669 10815 6724
f 8032 10816 8050
f 10816 8105 8050
f 8121 8050 8120
f 10817 7187 7229
f 10817 7229 10313
f 7352 7285 7242
f 7668 7696 7718
f 8554 11430 8574
f 8870 10818 8879
f 8945 10819 71
f 9092 9099 9120
f 9369 9302 169
f 9175 4448 4447
f 4478 4479 7042
f 4478 9614 4479
f 10820 4829 10395
f 1900 1888 1805
f 7470 7419 7410
f 9836 10821 11641
f 25 8974 10516
f 10827 3668 10835
f 7538 10822 10468
f 9761 1075 11469
f 10830 1089 1075
f 6475 10081 9908
f 6475 9908 6501
f 10823 3120 3187
f 3210 10823 3187
f 10468 10822 10532
f 5828 5764 5827
f 8429 10459 8355
f 10182 10823 3210
f 10822 10391 10443
f 5352 5399 5353
f 6457 9529 11626
f 8774 8809 8767
f 3395 10844 3429
f 6681 10821 9836
f 10828 10421 1179
f 5225 5138 5182
f 7778 10762 10721
f 8946 10808 8945
f 10796 1225 1180
f 2403 2418 2466
f 2467 2403 2466
f 8709 8790 8759
f 1310 1253 1252
f 9801 4438 4439
f 3841 3842 3796
f 5327 9801 4439
f 5164 5165 5140
f 5164 5140 5185
f 7267 10242 7266
f 8849 9534 8906
f 9662 942 9663
f 2490 2452 2421
f 9921 8935 94
f 1218 10435 9696
f 156 157 4393
f 555 498 534
f 1627 1576 1588
f 1627 1588 1681
f 1682 1627 1681
f 1682 1681 1680
f 1724 1682 1680
f 11597 1729 11596
f 1792 1730 1746
f 9662 9663 958
f 3795 3841 3796
f 2957 10832 2916
f 11713 10812 2468
f 5918 10765 5919
f 1310 1252 1265
f 1906 1865 1853
f 10803 6699 6723
f 10277 4005 3987
f 6872 6941 10845
f 6681 9836 6711
f 4340 10813 4318
f 4540 8993 4541
f 25 10516 26
f 2808 2807 10423
f 2451 2467 10826
f 170 10827 169
f 10827 170 3668
f 1430 1456 1443
f 1325 10828 10735
f 2820 2881 10029
f 2301 2300 2353
f 4288 4243 10829
f 4244 4194 11511
f 1132 10830 9653
f 1120 10831 1170
f 1189 10831 1139
f 1323 10834 10833
f 1906 1853 9765
f 1937 1906 9765
f 5590 5635 10836
f 7485 7470 7542
f 6748 10719 10556
f 6748 10556 6717
f 10837 5084 10957
f 5940 10838 5975
f 10838 5918 5919
f 4867 4940 10969
f 5645 5685 5713
f 10980 5645 5713
f 6659 10839 10803
f 6674 6720 11426
f 7248 7165 7224
f 7281 7248 7224
f 7352 7305 7351
f 7387 7352 7351
f 8051 8123 8052
f 7366 7352 7387
f 8817 4576 8857
f 11492 11588 11618
f 9157 4500 9192
f 9204 9458 9302
f 9091 9092 9120
f 9128 9091 9120
f 9382 9396 10841
f 1299 10828 1325
f 9505 10030 1013
f 9157 4501 4500
f 8659 8597 4510
f 6002 10841 5973
f 5974 9385 6034
f 9625 6034 9385
f 11893 9357 8780
f 3614 11223 3596
f 5101 5113 5232
f 5195 5232 5264
f 11388 9452 10840
f 3708 10835 10929
f 10775 10840 9579
f 9614 4478 9932
f 10843 296 10339
f 4999 10837 10957
f 11823 6475 6476
f 9250 10604 9293
f 10257 8777 8789
f 10844 10647 3429
f 10647 10844 3326
f 10746 6674 11426
f 7918 7807 7881
f 7918 7882 7807
f 5086 5076 5138
f 2911 2865 10029
f 10840 8888 9579
f 10070 4828 11215
f 2439 11095 2451
f 6681 6712 11704
f 3648 3579 3613
f 11636 10832 9771
f 4453 5833 4452
f 5881 4453 5923
f 7470 7469 7542
f 10762 7849 7923
f 2 8790 3
f 5352 5371 5481
f 10069 5352 5481
f 1310 10527 1353
f 5818 10765 5871
f 2403 10534 10431
f 2403 10431 10778
f 3841 3832 3874
f 3887 3841 3874
f 10326 9801 5327
f 5164 5221 5256
f 5224 5164 5285
f 9534 8835 4640
f 8935 8921 8934
f 1218 1264 1237
f 1682 1724 1705
f 1627 1682 1661
f 1589 1627 1661
f 1661 1682 1705
f 1705 10846 1741
f 9906 9842 6330
f 11597 1730 1731
f 236 11589 8721
f 2756 2703 9645
f 1189 1139 1156
f 5919 9546 9494
f 5552 5635 5570
f 5085 9854 5119
f 9175 4447 9182
f 9292 206 9293
f 206 9292 207
f 9385 9382 10841
f 5195 5101 5232
f 10835 3667 10929
f 10847 5562 5610
f 10169 2687 10797
f 6914 6941 6872
f 6845 6855 10845
f 9645 2687 10169
f 3713 10429 3714
f 8997 8993 4540
f 11076 4435 4436
f 117 4381 9636
f 116 117 9636
f 146 9107 11097
f 147 146 11097
f 92 91 8967
f 7658 7703 7704
f 8777 10848 8789
f 10849 157 9301
f 137 4345 10704
f 3784 10009 3835
f 10849 4393 157
f 10850 11194 4378
f 2194 10825 10811
f 10855 2439 2468
f 4339 11601 11445
f 861 10856 860
f 4381 10857 9636
f 3153 10859 3176
f 2521 2436 2435
f 1041 10861 1012
f 1698 1713 11739
f 4335 109 11251
f 10862 10012 3651
f 545 11238 424
f 470 545 424
f 10863 2762 2778
f 4262 11108 4228
f 9995 446 360
f 10867 4348 9559
f 3526 3578 10000
f 398 10868 344
f 3735 3708 10929
f 10871 1176 1145
f 557 10872 231
f 10873 1222 10723
f 10873 1267 1222
f 3953 10736 3862
f 11314 2635 2672
f 11314 11218 2635
f 1663 1646 1711
f 3246 3216 3265
f 10876 1664 1684
f 3283 3315 10877
f 3330 3283 10877
f 10876 1665 1664
f 713 767 768
f 10861 993 1012
f 3567 10020 3553
f 10879 10681 466
f 4357 4285 4337
f 922 9954 953
f 10881 352 333
f 1462 1432 1461
f 10882 2881 2928
f 10857 4338 9636
f 728 10798 11123
f 10883 280 334
f 1414 10884 1447
f 3990 4009 11443
f 3538 3483 10487
f 1303 9976 10382
f 1552 10886 10192
f 1515 10886 11845
f 284 4 5
f 10033 1117 1153
f 11128 2573 2587
f 2540 2573 11128
f 2588 2540 11128
f 10891 9985 2004
f 3744 10892 10282
f 3274 3197 3254
f 10893 1329 1383
f 10894 10206 3275
f 3370 10894 3323
f 10893 1304 1329
f 10863 2729 2762
f 10895 3996 10064
f 11402 522 578
f 10864 599 11402
f 791 10896 808
f 10620 10897 2072
f 9667 10899 4181
f 10900 10755 1678
f 10902 583 634
f 11140 3558 3664
f 292 253 254
f 583 10902 528
f 2903 2902 2958
f 3292 10372 3395
f 1021 1053 1098
f 1080 1098 1053
f 1502 10903 9674
f 10904 4369 145
f 498 10907 480
f 10908 2293 2388
f 11330 1530 11582
f 10869 9606 10930
f 320 310 10865
f 10910 288 321
f 10910 312 288
f 10911 354 10853
f 405 353 10295
f 10912 10536 372
f 10913 406 9755
f 409 410 10536
f 10914 464 541
f 10902 10044 551
f 696 610 10018
f 804 713 768
f 905 892 862
f 10916 1222 1177
f 10723 11307 11296
f 1257 10917 1226
f 10903 1386 9674
f 9570 10918 1531
f 1645 10874 1596
f 10919 1634 1620
f 1738 10921 1781
f 1842 1806 1794
f 1853 10922 1852
f 1954 11246 1953
f 2038 1935 10891
f 2123 2104 2161
f 2196 2123 2161
f 2281 2186 10682
f 2450 10858 2400
f 2654 2516 2548
f 11332 11897 11599
f 2794 2710 2728
f 2932 2914 2886
f 3012 2997 3045
f 3086 3036 2987
f 3086 2987 3050
f 10927 9538 9462
f 10927 3310 9538
f 3579 3580 3528
f 10930 11223 3694
f 3735 10929 11390
f 10931 3702 3657
f 3779 3795 3743
f 3734 11142 3707
f 3948 3930 3965
f 10932 9604 4063
f 4014 10933 4040
f 4077 10310 4091
f 4143 4124 4091
f 4077 4091 4124
f 10934 4110 10200
f 10899 9993 4181
f 4297 11108 4324
f 4383 4339 11445
f 10904 4326 4369
f 5392 5294 5359
f 5392 5359 5393
f 10936 4417 4418
f 10939 5798 5753
f 10940 4428 4429
f 9876 10941 11422
f 7009 7038 10251
f 10942 7102 7071
f 6935 6894 9808
f 10944 8411 8486
f 7877 7850 7923
f 11027 11576 7924
f 8082 8150 8149
f 10948 8082 8149
f 10945 8217 8257
f 8257 10946 8327
f 10947 8641 8576
f 8081 8008 7994
f 7926 7874 7806
f 7894 7926 7806
f 7332 7382 7347
f 8607 4552 8653
f 10949 8653 8534
f 8508 10950 8476
f 10951 6329 11277
f 8476 10950 8475
f 10952 8382 8315
f 8068 7975 7958
f 9912 7030 6990
f 10953 10954 9840
f 10955 4611 4612
f 10957 5041 4970
f 4637 4638 4844
f 4700 4779 4675
f 4662 4640 10226
f 4910 10071 4900
f 10958 4426 4689
f 10938 10588 4747
f 9495 4781 10628
f 10959 11144 6200
f 4855 4854 10646
f 10959 6196 11144
f 6252 6253 6200
f 10960 6003 6035
f 10960 5977 6003
f 4750 9483 4762
f 5092 5100 5113
f 11345 6163 6207
f 5474 10961 5430
f 5474 5430 5493
f 4687 9862 10349
f 11263 4645 4675
f 5355 5322 5398
f 4905 11203 4936
f 5070 5033 5019
f 6250 9906 4607
f 4685 10965 10234
f 11213 10964 4947
f 9578 10097 11449
f 5417 10968 5380
f 5750 10956 5854
f 10970 5047 9440
f 10966 5863 5864
f 5022 10971 5035
f 5644 5595 5668
f 5538 5472 5473
f 5148 10972 5115
f 5260 5188 9873
f 5096 10941 5122
f 5452 5505 9329
f 6167 6209 6265
f 5169 10941 9876
f 5207 5330 5286
f 5898 10974 10810
f 10975 6193 10976
f 10976 6193 6270
f 9878 10977 5214
f 10975 6117 6193
f 5215 5133 9878
f 10978 5713 10979
f 5765 9394 10978
f 5805 5758 5804
f 5817 10939 5920
f 11271 6178 6233
f 5869 11602 5922
f 6013 6028 6048
f 6296 6227 6277
f 7099 7046 7122
f 10987 7098 10400
f 9468 10988 7257
f 7256 10990 7203
f 10991 6282 6346
f 7643 7581 7662
f 7402 7361 7421
f 10993 7232 7315
f 10993 7255 7232
f 6425 6424 6443
f 6974 7001 10243
f 7011 6974 10243
f 7608 11689 7665
f 6844 6729 6788
f 10995 7051 7094
f 10995 7012 7051
f 6730 10994 6788
f 10998 6350 11546
f 10998 6351 6350
f 10999 7609 7632
f 11614 6630 11838
f 7474 11000 7473
f 10999 7560 7609
f 6959 11001 6973
f 11000 7425 7473
f 11002 8093 10111
f 11003 7982 8020
f 10333 7223 11625
f 6527 6504 6591
f 7970 7980 7999
f 8021 7970 7999
f 6369 10117 6377
f 11691 6663 6621
f 7345 7344 7394
f 7589 7564 7588
f 11006 8265 8321
f 11005 7062 7110
f 11006 8229 8228
f 7456 7500 7490
f 11006 8321 8310
f 6219 6265 6287
f 11007 7614 7647
f 8358 8310 8387
f 7905 7869 7904
f 6333 6219 6287
f 11009 7712 7763
f 7614 11007 7565
f 11009 7648 7712
f 11278 7869 7905
f 6947 11010 6931
f 6582 11011 6640
f 7301 7307 7349
f 8267 8289 8342
f 7033 11012 11895
f 9390 9446 11175
f 10131 10317 6830
f 6933 6890 6965
f 11014 6965 7006
f 11014 6933 6965
f 8535 10950 8522
f 8535 8522 8609
f 10410 6264 6333
f 10127 9842 6311
f 4606 6330 10085
f 6582 10458 6543
f 6638 11015 6639
f 8192 11016 10133
f 8192 8191 8295
f 6938 11145 6981
f 6938 6981 7039
f 6560 6655 6654
f 6897 6937 11145
f 7409 7418 7444
f 11171 7794 7807
f 8447 11018 8500
f 10815 11019 6724
f 11878 11020 11846
f 6953 7040 10942
f 10942 7040 7102
f 7216 7215 7276
f 7216 7276 7277
f 8105 11021 8049
f 7324 7359 7373
f 7325 7324 7373
f 11023 7793 11841
f 11021 7966 8049
f 11021 8105 10816
f 6835 6834 11024
f 8141 8158 8159
f 11024 6833 6892
f 10784 6980 7044
f 8120 8141 8159
f 11024 6834 6833
f 8245 8282 8304
f 9912 6990 6989
f 8551 8579 8580
f 7557 10625 7601
f 7877 7923 10722
f 7622 7601 7602
f 7721 10079 7654
f 8487 8426 8513
f 11027 7924 7928
f 11027 7928 7961
f 11028 10218 8044
f 8488 8463 8512
f 8494 8488 8512
f 7804 7823 9838
f 7844 7925 7944
f 7945 11029 10316
f 11029 8082 8030
f 7864 7844 7893
f 7894 7864 7893
f 8081 10948 8042
f 8405 10946 11283
f 8027 11016 8100
f 8068 8027 8100
f 8215 9914 9528
f 8491 8557 8596
f 8558 8491 8596
f 8298 11031 8402
f 11696 8573 9517
f 8557 11696 9517
f 8669 8670 8711
f 4420 11432 4421
f 11034 8678 8700
f 11034 4404 8678
f 4417 4416 8689
f 8686 8691 8708
f 8709 8686 8708
f 257 9354 258
f 8711 8712 8720
f 11036 9533 11189
f 4650 4649 8812
f 11189 9533 8778
f 8767 11037 8774
f 9919 11038 8784
f 11038 20 8784
f 8786 11039 18
f 8827 11042 8841
f 11042 8827 8869
f 11043 8821 8881
f 11043 8892 8821
f 11044 8883 9324
f 43 11040 44
f 11044 9364 8883
f 9405 27 26
f 11045 8990 88
f 11046 4554 8995
f 10345 9006 9000
f 129 9068 9073
f 11783 9032 9041
f 9085 9135 9103
f 9613 9928 9124
f 9932 11049 9227
f 11051 9195 9218
f 11050 9285 9933
f 233 11512 234
f 11052 10011 10262
f 9312 11726 9264
f 11053 9312 221
f 11053 9224 9312
f 6683 11200 10732
f 11204 8664 4545
f 6309 11485 6310
f 9275 9416 9545
f 11350 11057 9336
f 6549 10985 6478
f 6309 6310 11835
f 9460 9275 9545
f 11204 4545 8665
f 11058 5658 5673
f 8892 11043 9323
f 8930 9323 11043
f 8898 9360 9925
f 11485 9597 6384
f 9380 9149 9285
f 5835 10939 5817
f 8781 9501 8807
f 11061 10089 4750
f 9514 9563 5967
f 11578 8793 8781
f 9069 9059 116
f 11196 9220 9221
f 6164 6189 11065
f 5682 11064 5598
f 9514 5967 5935
f 11059 5500 9443
f 11189 8778 9919
f 8970 11435 8910
f 2533 2582 2565
f 10856 786 860
f 8970 8910 8903
f 4716 10710 4691
f 6895 11054 9574
f 2919 11067 9587
f 10870 4172 4143
f 7316 11068 7326
f 11069 9580 9049
f 9049 11782 11069
f 9433 9949 4502
f 11485 6384 6310
f 7053 11001 6959
f 11062 8642 10219
f 11070 11186 9552
f 10938 10352 10628
f 11071 6336 9485
f 2534 11072 2494
f 10916 1114 11103
f 1114 10916 1177
f 11186 8679 10695
f 10939 5834 5920
f 4489 9155 9168
f 4649 8768 8812
f 3359 11594 3375
f 2281 10682 2312
f 10278 11075 970
f 3567 3553 3600
f 3716 3741 10526
f 1261 1246 1289
f 10933 3997 4040
f 11330 1472 1530
f 10887 1811 1800
f 3207 10926 3206
f 11066 3277 3328
f 10940 4429 4668
f 5045 11076 11422
f 7409 7376 7360
f 11077 10817 7275
f 11025 9809 8367
f 11015 10129 6639
f 8657 4562 8538
f 9858 10940 9799
f 4720 10230 4787
f 10685 11509 6727
f 10990 7140 7203
f 10994 6722 11172
f 11572 6369 6377
f 9897 7132 7207
f 6474 9904 6453
f 10393 6326 6383
f 6432 10393 6383
f 8711 8720 8721
f 8898 9925 11697
f 10671 9613 9124
f 11048 11543 9255
f 8948 9450 9367
f 3779 3743 10931
f 10864 753 701
f 3427 3411 3352
f 1000 967 11211
f 568 11052 10872
f 10616 464 417
f 3427 3352 3384
f 11133 10061 3801
f 765 10184 10013
f 10055 1897 1867
f 10925 11887 2770
f 4910 4900 4955
f 4865 11203 4905
f 11081 10228 4820
f 11082 10098 6117
f 5581 10983 10981
f 7050 7037 6999
f 10127 6381 9842
f 11055 10141 8782
f 10224 4575 11191
f 11084 10154 9238
f 9230 11063 9458
f 11219 4425 10958
f 11084 9488 10154
f 11045 8938 8990
f 5870 5799 5867
f 4161 9982 10170
f 10859 11528 3176
f 10862 3508 10012
f 1809 11444 10389
f 10177 917 832
f 10055 1867 1909
f 2240 2241 11116
f 11086 7487 7547
f 11078 7167 11418
f 7976 11087 10686
f 9469 11294 9891
f 10269 6355 9529
f 10892 11098 10282
f 1000 11080 967
f 1116 1071 1087
f 11088 10326 5327
f 5115 10972 5157
f 8183 8165 10409
f 6587 11805 6639
f 8038 8037 10336
f 11543 11197 9255
f 11196 9221 10348
f 4179 10478 4245
f 10387 1143 1159
f 5449 10362 5384
f 10894 3274 3323
f 6926 11392 6942
f 3977 4011 10422
f 4028 3977 10422
f 9948 4295 4294
f 9633 3626 10467
f 7720 7721 7654
f 10455 6827 6909
f 10455 6930 6931
f 11849 11585 10155
f 9988 11079 10481
f 11002 8094 8093
f 9633 10467 3625
f 1497 1462 1512
f 3414 3354 10375
f 1551 1497 1512
f 10491 2296 2395
f 9772 10482 4157
f 11091 7466 7494
f 11092 7955 7913
f 5428 5395 5374
f 5428 5374 5444
f 11010 10455 6931
f 10753 8691 10514
f 3290 3201 10758
f 10783 10963 4932
f 10538 9461 3666
f 10976 10563 6232
f 3384 10553 3394
f 3304 10928 11735
f 303 382 10549
f 10984 10570 6221
f 6533 6544 6587
f 11839 11625 7191
f 6188 6164 11065
f 11065 6268 9865
f 11432 11033 4421
f 9127 9085 9103
f 9558 3927 3962
f 3329 3397 10927
f 3414 10375 3397
f 10890 10852 3657
f 10992 11508 7462
f 6494 11093 6551
f 7529 10632 7544
f 10633 11007 10600
f 7601 10625 7509
f 8422 10946 8299
f 4855 10646 10687
f 7529 7544 7598
f 11083 10770 7817
f 11505 768 803
f 6297 9955 6316
f 10996 7234 7162
f 11186 10695 9586
f 10701 10901 340
f 10691 10625 7557
f 10723 1222 11307
f 11806 1303 10382
f 6729 6730 6788
f 6252 9955 6297
f 265 10865 9532
f 6041 10741 6085
f 10951 6259 6329
f 10907 432 480
f 11505 858 768
f 4927 11162 4951
f 11299 6844 6788
f 6739 10772 6850
f 11095 10782 10733
f 10854 4118 4169
f 5828 10979 5764
f 10819 11094 8987
f 11713 10826 2556
f 11096 7373 7374
f 11096 7325 7373
f 10840 9452 8888
f 11422 11076 9876
f 4436 9876 11076
f 3111 11552 10851
f 11098 3702 3743
f 3343 11099 3378
f 11100 2521 2435
f 11581 3342 3377
f 11101 1666 1713
f 3388 11581 3418
f 3315 3314 3296
f 2296 11225 2381
f 781 692 32
f 781 32 33
f 1805 49 50
f 3815 11105 3857
f 11106 909 894
f 2006 11107 1954
f 4228 4248 9772
f 412 429 375
f 412 375 374
f 2516 10005 2480
f 4200 4276 9491
f 9538 3310 3279
f 934 989 11467
f 2063 2132 2169
f 662 11111 588
f 11110 300 237
f 568 10872 557
f 416 10579 328
f 1430 42 1490
f 11113 3983 4001
f 9588 2773 10677
f 2943 2908 2942
f 11114 11115 1178
f 11232 2135 2118
f 3417 3375 3454
f 1684 1712 1749
f 1161 1127 1147
f 1362 11119 1360
f 2256 2242 2281
f 11120 2281 2336
f 1666 1650 1713
f 3622 3567 3600
f 112 113 11234
f 10856 728 786
f 11126 353 405
f 1516 1582 1567
f 1568 1516 1567
f 11127 1689 1737
f 11552 3008 10851
f 3275 3274 10894
f 2162 11777 2123
f 11107 1966 10054
f 3426 11130 3444
f 11131 3173 3199
f 1722 11132 1767
f 3466 3394 10493
f 11133 3749 3818
f 3818 3877 11133
f 2917 2903 2959
f 11134 3750 3751
f 2345 2330 2361
f 2733 2722 2699
f 11135 1083 1057
f 2133 2063 2169
f 382 381 11136
f 381 382 9731
f 521 471 577
f 1116 1087 10030
f 1080 1052 1097
f 1141 1080 1097
f 11137 11304 1130
f 1163 9978 1106
f 1399 1330 11305
f 1775 1749 1808
f 1871 1858 1842
f 1871 1842 1888
f 1890 11235 1875
f 2646 11128 2587
f 2856 11138 2801
f 10369 3190 3246
f 3314 10369 3246
f 11139 3340 11117
f 3640 3584 3567
f 3640 3567 3622
f 3706 11206 9481
f 11134 9461 3750
f 3834 3768 3718
f 11133 3801 11391
f 10622 11143 3848
f 11113 3984 3983
f 11601 11250 4177
f 6087 6086 9316
f 6120 6087 9316
f 11144 6197 6199
f 9607 6669 6683
f 11145 6952 6981
f 6953 6981 6952
f 7317 7288 11146
f 7324 7277 7323
f 10218 7947 11640
f 8423 8436 8491
f 8423 8491 8492
f 11148 8184 8128
f 8314 8341 8342
f 11149 6502 11341
f 7365 11151 7273
f 11151 7365 11150
f 6371 10126 6331
f 9947 6371 6331
f 4998 5060 5042
f 5632 11152 5557
f 5659 11152 5632
f 5455 5425 5548
f 6179 6189 11345
f 4710 11153 4684
f 4818 11154 4868
f 5795 11155 5851
f 11156 4638 4639
f 4638 11156 4844
f 5090 5018 5068
f 5562 11158 5561
f 11153 4724 4684
f 11791 11160 10962
f 11161 5769 11155
f 11160 11791 4944
f 5718 5682 9536
f 11159 11162 4927
f 11163 5644 5678
f 5246 11164 5318
f 5277 11165 5207
f 11270 5319 5335
f 5815 11166 5857
f 5395 11167 5412
f 6091 11349 6053
f 5412 11167 10715
f 10939 5753 11786
f 11168 5823 5841
f 11168 5884 11876
f 5752 5723 5740
f 5652 5585 5601
f 11145 6938 6897
f 10986 11169 6917
f 7097 7060 7072
f 7630 7644 7726
f 7684 7726 7644
f 7742 7684 11171
f 10768 6788 6789
f 6705 6704 6758
f 6759 6705 6758
f 11173 6527 6577
f 6527 11173 6448
f 11173 6528 6448
f 7938 7903 7970
f 6579 11174 6578
f 11173 6578 11174
f 7954 7938 7970
f 6555 11174 6579
f 11355 11354 7905
f 11871 8183 8230
f 11853 11871 8230
f 7971 7939 8038
f 8073 7971 8038
f 11626 6384 6431
f 11626 6431 6457
f 11151 7283 11258
f 7300 11176 7332
f 6501 6491 6533
f 6501 6533 6545
f 8027 8026 8063
f 6380 6330 6381
f 11171 7684 7709
f 9909 6421 6454
f 11169 6938 6982
f 6938 11169 6897
f 6937 6853 6936
f 11145 6937 6952
f 11146 7318 7325
f 11146 7325 11096
f 7484 7495 7541
f 7324 7323 7359
f 11177 9808 6980
f 7484 7541 7530
f 7964 7963 10737
f 4579 4666 7697
f 7754 11180 4576
f 7756 11181 7804
f 7845 11182 7844
f 8257 8299 10946
f 8461 8554 8574
f 11283 8422 8436
f 11285 11695 11696
f 8557 11285 11696
f 8594 8656 11395
f 8684 11035 9586
f 10515 11665 8704
f 8679 11186 8714
f 11187 8693 8674
f 8693 11187 8727
f 8776 11189 8799
f 8 8800 9603
f 11190 10753 8698
f 10753 11190 8788
f 9322 16 8787
f 38 8975 11103
f 8852 4620 9325
f 45 11040 8930
f 11191 8858 8837
f 8837 10412 8876
f 11192 8818 8898
f 11202 11193 75
f 8948 8927 8983
f 9521 11194 10850
f 9046 9047 9068
f 9044 9009 9023
f 11195 9089 10517
f 8669 11196 8670
f 9081 9080 9301
f 9206 9301 9080
f 11197 9201 9254
f 11196 8669 9220
f 4389 4294 4293
f 9558 10624 3928
f 9425 5964 11198
f 441 11126 9751
f 11126 441 10911
f 5193 11199 5174
f 8770 9322 8787
f 11199 5150 5174
f 11201 139 140
f 3894 3930 3931
f 45 44 11040
f 6252 9526 10726
f 5753 9331 5783
f 11175 6325 6355
f 11185 8711 8670
f 11103 8975 9573
f 9583 4141 9590
f 4229 10065 4141
f 8215 8196 11657
f 9583 9590 4140
f 9607 6683 6684
f 11204 8588 8541
f 11204 8665 8588
f 8491 11285 8557
f 8770 8812 10257
f 11166 5858 5857
f 11205 9079 9080
f 11201 9948 10432
f 11200 6771 6848
f 11201 140 4346
f 11206 3749 11391
f 11245 1126 11115
f 1178 11115 1126
f 3653 3673 10060
f 3622 3600 3639
f 9640 1394 1458
f 10049 904 955
f 11207 3715 3716
f 10889 11247 1964
f 3802 11208 10062
f 1143 11385 1064
f 10301 11209 701
f 10062 11208 10061
f 61 8948 8983
f 9949 11580 11440
f 11210 11074 4253
f 10357 11211 1082
f 11130 3410 3444
f 4669 4693 4738
f 6453 10269 6452
f 11197 9614 9201
f 11099 3331 3378
f 6805 6831 9833
f 728 11123 769
f 9991 2842 10683
f 11180 10224 4576
f 4851 11213 10324
f 11170 10242 7203
f 10252 11178 6989
f 4347 146 147
f 3315 3296 3359
f 3488 3470 11241
f 11214 7208 7236
f 11214 7237 7208
f 11118 1978 2015
f 2761 11129 2710
f 10574 10070 11733
f 3875 3845 9656
f 3289 3384 3307
f 11147 7721 7775
f 11156 4760 4843
f 9125 9119 136
f 4628 9452 4629
f 10381 3741 9634
f 11212 4891 11217
f 4892 11217 4891
f 356 320 337
f 11141 3696 10617
f 11184 8299 8273
f 2612 11104 10492
f 11085 11152 11506
f 8970 8969 40
f 39 8970 40
f 9125 136 135
f 1065 11135 1057
f 11218 10875 2635
f 463 10616 10280
f 11207 10164 3643
f 7273 11151 11258
f 7602 7601 7509
f 7529 10698 7445
f 463 10280 11772
f 11219 4677 4424
f 5215 11270 11164
f 11270 5215 5319
f 10972 11164 5246
f 10512 6655 6560
f 37 11220 36
f 11119 1313 1360
f 11221 5457 5545
f 3276 3306 10553
f 10715 11221 5544
f 11221 10715 11167
f 6067 6098 6110
f 6099 6110 6136
f 6110 6099 6067
f 11222 10762 7778
f 10768 11299 6788
f 11220 9647 36
f 2469 10855 2539
f 10637 8714 11186
f 11202 8944 11843
f 10845 6941 6925
f 4417 11417 4416
f 1456 1430 1490
f 4194 4119 11398
f 3694 11223 3614
f 11194 4336 4378
f 11108 4248 4228
f 3801 11208 11142
f 11137 1199 10917
f 292 254 291
f 1105 1116 10030
f 1213 11137 10917
f 3706 9481 9557
f 11142 3750 3707
f 11203 9578 4936
f 5752 5740 9496
f 11169 10986 6881
f 11790 6695 6795
f 7794 7853 7807
f 11283 10946 8422
f 8437 11283 8423
f 11193 10143 76
f 10962 11160 11081
f 4865 11081 11160
f 11191 8857 10224
f 4677 11219 10352
f 10958 10352 11219
f 4347 147 4370
f 9221 9179 10348
f 11039 19 11231
f 3857 3875 9656
f 4156 10481 10174
f 6555 10608 11004
f 6555 11004 11174
f 11224 3700 3740
f 518 560 627
f 519 518 627
f 3983 11226 4019
f 372 337 286
f 11228 4272 4311
f 11228 10481 11079
f 319 372 286
f 11229 356 11322
f 11229 311 356
f 356 311 310
f 934 10531 989
f 1195 1177 1222
f 1195 1222 1267
f 10280 349 11317
f 11231 11439 10185
f 10485 11233 3283
f 1875 11235 1931
f 1130 11236 1105
f 504 519 543
f 954 904 923
f 11237 10777 10780
f 319 11239 308
f 2039 11107 2006
f 1261 11240 1246
f 11241 3469 10866
f 2291 2235 2203
f 11242 2905 11067
f 11243 2027 2063
f 11244 1761 1747
f 748 696 712
f 749 748 713
f 771 731 11125
f 904 878 923
f 11240 1168 1246
f 11244 1747 1828
f 1919 1832 1846
f 11246 1863 1893
f 11247 10888 1951
f 10923 1951 10888
f 1893 11715 1935
f 11243 2028 2027
f 2015 2080 11331
f 2470 2452 2543
f 2489 9757 2540
f 2816 2773 2723
f 3026 2981 11473
f 3130 3074 10383
f 9792 3202 3201
f 11248 3640 3622
f 3687 11248 3725
f 3698 3725 11248
f 11249 3875 3905
f 11249 10284 3942
f 9996 3944 3929
f 4070 9975 4026
f 11250 4222 4177
f 4361 4326 9672
f 11252 4410 4669
f 11253 11335 4882
f 4668 11254 11255
f 11254 4668 4429
f 6953 11256 6981
f 7923 7849 7929
f 11257 7640 11147
f 6404 6405 6327
f 7719 11260 7652
f 7652 11260 11261
f 11263 4644 4645
f 4668 11255 4701
f 9388 4958 4957
f 5050 11264 10557
f 11264 5009 10557
f 11265 4741 4717
f 4741 11265 11417
f 4409 11252 4678
f 11252 4703 4678
f 5082 5143 5167
f 5142 5082 5167
f 9551 5718 10323
f 11267 6044 6089
f 10962 10967 11791
f 11269 5414 5472
f 5446 5414 11269
f 5318 11270 5336
f 6183 10788 6246
f 11271 6190 6178
f 11758 11273 5921
f 9955 6341 11351
f 7072 9348 7159
f 7410 7404 10806
f 11392 10845 6925
f 7726 7684 7742
f 7665 11275 7710
f 7985 7969 8092
f 6731 11838 6705
f 7904 7916 7938
f 11276 7938 7954
f 11355 7905 8000
f 6529 11756 6580
f 6332 11277 9447
f 6332 6261 6292
f 7870 11278 11354
f 7307 7348 7391
f 11279 6370 11262
f 11259 11280 8026
f 11479 11281 6464
f 6517 10512 6560
f 7709 7741 7794
f 10251 7039 7021
f 11256 6953 10942
f 7532 11803 10215
f 7531 7532 10215
f 8335 8428 8305
f 7058 11282 9912
f 7083 11282 7058
f 11282 7083 7117
f 7602 7604 7622
f 7595 11260 4666
f 11261 7668 7652
f 4666 11260 7697
f 8405 11283 8437
f 7943 11259 7958
f 11284 8214 11657
f 11284 8151 8214
f 11360 8490 11695
f 8595 11286 8613
f 8676 4426 8694
f 11032 8689 4416
f 8787 8803 8770
f 66 11288 8984
f 8856 4577 8817
f 11193 8899 11192
f 11288 8962 8984
f 8930 8929 46
f 8879 11287 8926
f 65 11288 66
f 11288 65 8925
f 11289 4533 9004
f 9929 11290 4504
f 9246 10347 9245
f 11291 9220 11512
f 11292 6328 9944
f 8732 9400 8755
f 9390 11292 6242
f 6315 6357 6372
f 8728 10256 10411
f 11545 11293 4634
f 7084 11879 7030
f 6179 11294 6189
f 11838 6721 6705
f 4264 11660 4229
f 9463 25 416
f 6326 11292 9390
f 11292 9944 6242
f 11394 11295 11375
f 11579 9051 109
f 6135 10760 6156
f 4197 4198 9583
f 11293 9623 4634
f 8900 8944 74
f 6547 6517 6560
f 8613 11286 11290
f 11296 11308 11374
f 11226 3911 3967
f 3539 3571 3627
f 3539 3627 3589
f 11255 4431 4701
f 5573 11266 5549
f 7030 11282 7084
f 4641 11396 4642
f 8944 9649 74
f 11300 3834 9997
f 11301 3653 3697
f 11303 3870 11310
f 8909 10142 9573
f 1068 1039 11245
f 11298 3640 3687
f 11703 11302 3935
f 11237 10423 10777
f 10245 11299 10453
f 11294 11065 6189
f 329 10185 350
f 4023 4022 9735
f 1238 1191 9711
f 10173 10301 10896
f 9246 9245 9283
f 1163 11236 11304
f 3130 10383 3055
f 1200 11304 11137
f 4309 4343 128
f 11224 3655 3700
f 11300 9794 3834
f 8838 8839 4583
f 11305 10425 1399
f 1950 1951 10923
f 11249 3942 3924
f 11303 3935 3870
f 10473 1238 9711
f 11228 4311 10298
f 11361 10515 8743
f 5496 11269 5459
f 436 11297 416
f 6572 6573 6554
f 1747 11326 1731
f 11756 10608 6555
f 11306 9242 10153
f 10723 11296 39
f 5322 5354 5398
f 1797 10734 11235
f 1931 11235 10734
f 5506 10759 10836
f 11591 6400 11546
f 10807 11705 11394
f 7410 10806 7470
f 6716 10804 6680
f 4153 4119 4028
f 2470 2543 2507
f 2439 2451 2468
f 10850 4378 109
f 11251 109 4378
f 1646 1732 1711
f 1014 904 954
f 265 320 10865
f 1100 1056 11385
f 10916 11308 11307
f 11296 11307 11308
f 11246 1954 1878
f 11246 1935 1953
f 2772 2816 2723
f 4054 4070 4026
f 11614 11838 6760
f 9804 6464 11281
f 4415 11032 4416
f 5964 9337 5985
f 6408 6315 6372
f 10412 8837 8918
f 4533 9910 8636
f 3801 10061 11208
f 9322 10257 8789
f 11294 6179 9891
f 11290 11286 4504
f 11307 1222 10916
f 6329 6259 10122
f 9322 8789 17
f 112 11234 4380
f 11206 3706 11333
f 11304 11236 1130
f 2588 2489 2540
f 6404 6327 10393
f 11171 7709 7794
f 7824 7910 11397
f 8904 11308 11103
f 73 8900 74
f 7824 7789 7804
f 11308 10916 11103
f 7824 7804 9838
f 7825 7824 11397
f 3495 11309 3556
f 470 394 10034
f 9630 505 468
f 4007 11310 4006
f 2554 11311 2524
f 750 697 749
f 750 749 785
f 4024 3972 4023
f 2804 11313 2756
f 11315 2441 2488
f 2384 2440 2488
f 10473 11677 11672
f 1358 1339 1282
f 10280 11317 11772
f 2860 2803 11742
f 3400 3359 3375
f 11313 2703 2756
f 1797 1810 11444
f 1810 1797 1798
f 504 467 518
f 1904 1890 1875
f 504 518 519
f 1918 11318 10291
f 1951 1950 11319
f 2003 11319 1950
f 11095 11320 10782
f 9761 978 1017
f 11552 11321 3008
f 11321 2956 3008
f 11322 10536 410
f 791 808 865
f 2144 11323 2198
f 11333 11785 3748
f 11325 2827 11855
f 855 11316 839
f 544 9630 468
f 11329 11517 631
f 11329 649 11517
f 839 838 837
f 934 839 837
f 11324 1141 1140
f 11669 1632 11761
f 11326 1644 1631
f 1845 1798 1797
f 1979 1904 1875
f 11319 1964 1951
f 2038 1953 1935
f 11332 11599 11382
f 2722 11382 2655
f 11407 2986 3001
f 3011 2967 3010
f 3148 3101 3083
f 3455 3400 3375
f 3562 3505 3616
f 3617 3562 3616
f 3732 3680 3704
f 11335 10588 4781
f 4830 11335 4781
f 11336 10970 5109
f 8206 8264 8308
f 11386 11338 11878
f 8564 8636 8604
f 8616 8600 8560
f 8470 11339 8477
f 6456 11341 6404
f 6665 11818 11805
f 11343 4814 4869
f 11336 5094 10970
f 11344 4717 11157
f 5631 5573 5549
f 11415 5982 6043
f 4971 11749 11644
f 11344 11265 4717
f 4788 11346 4889
f 10610 4874 10499
f 5567 11347 5620
f 4890 4889 11159
f 11347 11376 5619
f 5223 11348 5258
f 6151 6183 6171
f 11349 5993 6053
f 11349 6012 5993
f 5546 5444 5492
f 6395 11351 6393
f 9348 7098 10987
f 6761 6732 11867
f 6746 6762 11787
f 11352 9896 7111
f 11352 10119 9896
f 8386 8480 8417
f 11353 7173 7166
f 7301 11356 7307
f 11353 7149 7173
f 6383 6326 11175
f 10223 6837 6829
f 7389 7435 7436
f 7284 11151 11150
f 10081 11823 6382
f 7939 11355 8038
f 11355 7939 11354
f 11356 7308 7348
f 11340 7307 7391
f 6836 10223 6829
f 7388 7334 7389
f 6517 6516 10748
f 6516 6517 11337
f 11386 11878 11846
f 8263 8287 9807
f 8338 8263 9807
f 8334 11357 8335
f 7557 11358 7573
f 7573 11358 7605
f 11358 7601 7622
f 7653 11359 7698
f 8366 8460 8461
f 11360 8459 8510
f 11361 8743 9356
f 16 11362 8787
f 8787 11362 8803
f 11362 8792 8803
f 11363 8887 8975
f 11364 8866 8900
f 8925 8869 8962
f 11363 8905 8887
f 11094 11364 8987
f 11364 11094 8878
f 89 11365 90
f 9046 11366 9047
f 9054 9568 9407
f 9380 9285 9313
f 9263 9380 9313
f 11198 11368 9383
f 5222 11369 4630
f 6800 6746 11787
f 5408 11371 5372
f 11368 5905 9383
f 5985 11368 5964
f 9348 10987 7159
f 9433 4502 4501
f 11372 10256 9400
f 11350 6046 9564
f 10205 9439 2625
f 11370 5333 11371
f 5372 11371 5333
f 11060 6820 6821
f 11296 11374 8971
f 11372 11032 10256
f 9458 9208 9230
f 4559 10146 11375
f 11376 11064 5682
f 11369 9524 4630
f 8206 8308 8309
f 11375 11850 9033
f 3929 3877 3928
f 3612 11785 3706
f 11379 10840 10791
f 8584 8564 8604
f 11388 11379 9524
f 11381 8626 4548
f 11381 4548 4549
f 11378 8794 8780
f 11367 9407 107
f 9758 9761 1017
f 2722 9716 11382
f 11310 3959 4006
f 792 735 10173
f 11384 3160 9792
f 11382 2700 11373
f 11387 7052 7127
f 8593 8571 8523
f 11787 6761 11827
f 11388 9524 11369
f 11396 4641 8835
f 10051 10723 39
f 11328 302 329
f 3615 11390 11411
f 11341 6455 6404
f 3636 3616 3530
f 2401 11896 2383
f 10223 6836 6766
f 4596 8842 10818
f 792 10173 809
f 3561 3636 3530
f 64 10492 11104
f 748 626 696
f 3734 11391 3801
f 11442 7283 11486
f 7389 7436 7388
f 11563 11384 3258
f 10300 377 345
f 11318 1904 10291
f 1610 1577 11582
f 3011 3010 11740
f 11393 10422 3992
f 7458 11583 7342
f 4967 10627 10783
f 11383 4070 4118
f 4071 4028 4119
f 4170 11334 4119
f 9529 9554 11626
f 4967 10783 11507
f 9949 9433 9232
f 10322 11590 4805
f 10720 8564 8584
f 11286 8595 4503
f 8524 4502 8595
f 2439 11320 11095
f 11413 4142 4159
f 11393 10854 4193
f 10779 11413 4159
f 8959 11379 10791
f 10854 11393 11383
f 8524 4501 4502
f 9433 4501 9157
f 3990 11443 3989
f 11152 5631 5549
f 11064 11376 11347
f 9608 11380 9597
f 8592 8593 8523
f 11392 6925 6942
f 9399 10750 9532
f 4119 4153 11398
f 791 865 11106
f 11133 11391 3749
f 11345 6189 11419
f 7247 7282 11356
f 6383 11175 6355
f 11395 8656 4559
f 11395 4561 8657
f 8594 11395 8657
f 8971 8970 39
f 4593 11475 8826
f 1730 11377 1731
f 11423 11273 5922
f 11206 11391 3734
f 11385 1023 1064
f 8935 8923 8860
f 1082 11211 1056
f 2015 1978 1995
f 11511 11398 4193
f 5626 5539 5627
f 8837 8876 11191
f 11039 11231 302
f 9996 3929 10624
f 11262 11342 6421
f 8000 7905 11276
f 7389 7284 11150
f 9939 11542 4436
f 11373 2700 2685
f 11295 11394 4560
f 11375 11295 4559
f 11374 11308 8904
f 11396 11433 4642
f 11433 11396 8761
f 8761 11396 8850
f 11388 4629 9452
f 8818 8839 8838
f 11229 11322 11807
f 10807 11394 9033
f 4503 4504 11286
f 11397 7910 4667
f 11180 11397 4667
f 11397 11180 7825
f 4194 11398 11511
f 2946 11459 2910
f 3556 3606 3542
f 789 11400 830
f 1673 1674 1637
f 3133 3160 3161
f 1064 11404 1143
f 10007 11405 1100
f 3002 11407 3017
f 1160 11406 1195
f 3376 10877 3400
f 3376 3400 3401
f 4314 4280 4334
f 2973 11459 2961
f 3125 3152 3166
f 2626 2571 2675
f 506 469 9630
f 506 9630 561
f 11857 10034 10042
f 3495 3409 3442
f 4055 3994 4038
f 287 264 310
f 373 311 11229
f 373 11229 9783
f 4017 3948 4016
f 287 263 264
f 850 793 792
f 850 792 849
f 1045 11401 10915
f 11406 1102 1125
f 1026 1125 1102
f 11471 1175 11666
f 1239 1192 11666
f 10370 1283 1267
f 1339 10873 10051
f 1457 1377 1358
f 1632 1666 11101
f 2638 2659 2599
f 2685 2625 11373
f 2856 2801 2845
f 11459 2946 10618
f 3011 11473 2981
f 3176 3125 3166
f 3339 3358 3282
f 3525 3501 10433
f 11411 3667 3636
f 11412 10653 4064
f 4334 11414 4377
f 11415 6043 6102
f 7494 7466 10391
f 7556 7595 7571
f 11078 11418 4589
f 11419 6163 11345
f 11419 6121 6163
f 4971 5080 4633
f 11416 5063 5127
f 4694 11590 4752
f 5070 5019 11820
f 11369 5307 4629
f 5217 5201 5137
f 5626 5611 5668
f 5595 5626 5668
f 11267 11420 5983
f 5038 10451 5058
f 11420 11267 6104
f 4920 11421 11268
f 11421 4986 5095
f 5096 5046 11422
f 6107 6122 6170
f 11865 5926 5996
f 11865 11168 5926
f 5670 5614 5645
f 11423 6000 11532
f 6276 6272 10104
f 6278 11274 6296
f 6658 11535 6613
f 11425 11424 6799
f 6845 11425 6855
f 6349 11822 6367
f 6350 6285 6349
f 6944 6958 7002
f 11426 6631 6732
f 11276 7954 8057
f 8000 11276 8057
f 6314 11427 6324
f 7334 11486 7284
f 11428 6807 6847
f 6535 11429 11830
f 8366 8406 8399
f 8574 11430 9500
f 8152 8194 8195
f 8153 8152 8195
f 11433 8775 11491
f 8972 11434 8976
f 8932 11435 11374
f 11436 97 10693
f 8957 11434 8972
f 9306 9256 11048
f 158 10849 11494
f 11496 9149 9380
f 8706 10255 9355
f 4416 11877 4702
f 11437 4483 7354
f 8744 8718 8738
f 11434 9404 8976
f 5817 11754 9381
f 11438 6478 6467
f 11439 11231 19
f 4017 4016 4064
f 6794 6725 4472
f 4691 4419 4420
f 9949 11440 4502
f 6820 11060 11866
f 3313 3339 3282
f 10196 11857 455
f 9787 949 920
f 5419 9856 5466
f 5217 5137 5228
f 10115 8207 8180
f 9203 9191 9458
f 9203 9458 9204
f 11431 9916 8719
f 8719 10139 11431
f 10929 11411 11390
f 6276 10104 6343
f 10402 7096 7050
f 6432 6383 10269
f 6455 11341 6491
f 11469 1075 1031
f 2906 2856 2845
f 11473 3011 10680
f 5383 10362 11059
f 11085 5574 5631
f 10250 7245 11442
f 7245 10250 7227
f 11418 7196 10157
f 11441 10571 7264
f 3935 11731 11703
f 10451 10497 4981
f 8010 7963 7895
f 11445 4287 4358
f 928 964 983
f 10500 5024 5038
f 10511 6875 6827
f 7735 11090 7721
f 6819 11428 6847
f 10499 4943 4981
f 2847 9588 10677
f 10396 11566 5056
f 10697 6278 6296
f 9242 9315 10153
f 729 10798 728
f 498 11447 10907
f 10830 1075 9761
f 11448 6654 11723
f 5552 5506 10836
f 10980 5670 5645
f 11492 8817 11588
f 11444 1810 10389
f 3747 3816 3798
f 11410 11471 11135
f 11449 10097 10237
f 9578 11449 4993
f 9306 11048 9255
f 9284 11496 9380
f 6754 11866 11060
f 6455 6491 9908
f 8010 7895 7962
f 7735 7721 7720
f 11101 1713 1698
f 5540 5541 10847
f 11440 9158 4503
f 5627 5540 10847
f 5539 5540 5627
f 3058 11473 3095
f 11268 11421 10973
f 94 8935 95
f 8206 10115 8180
f 10836 10759 5553
f 8935 8934 95
f 9499 4593 9941
f 8690 4420 4419
f 9528 11184 8215
f 1160 1195 1209
f 886 855 839
f 886 839 11467
f 3001 2986 2985
f 11078 4589 4590
f 9439 11373 2625
f 3615 11411 3636
f 11486 7283 7284
f 11486 11848 11442
f 984 928 983
f 9232 9417 11706
f 11440 4503 8595
f 4153 4193 11398
f 5552 10836 5635
f 3732 3747 3798
f 128 127 9068
f 9083 4524 4523
f 11450 470 11857
f 11514 11770 10168
f 4127 4164 11707
f 2397 11452 11100
f 11452 2397 11451
f 11453 3066 11620
f 3102 11620 3066
f 765 33 34
f 699 666 614
f 3199 3227 11131
f 11455 433 11832
f 11138 11456 2753
f 11457 840 855
f 11454 10048 34
f 11553 11620 3102
f 1457 1474 1444
f 1392 1457 1444
f 3341 3330 3376
f 3341 3376 3436
f 2925 11459 2973
f 1617 1651 1751
f 1733 1617 1751
f 769 644 750
f 11460 9638 11525
f 11461 645 10798
f 11462 729 844
f 3516 3483 3462
f 9576 612 10654
f 11463 4038 10414
f 11464 10488 1672
f 2918 2889 10199
f 2224 2151 2180
f 2224 2180 2223
f 11466 3949 4017
f 3966 11466 4089
f 11467 9788 9787
f 11468 9788 989
f 11470 1045 1044
f 1255 1209 1283
f 1311 1255 1283
f 11460 1257 9638
f 1412 1378 11556
f 1340 1341 1311
f 11739 1713 10613
f 1826 1745 1790
f 2803 2755 2847
f 2805 11514 10168
f 11528 3067 3125
f 3176 11528 3125
f 11463 10064 4055
f 4362 158 4278
f 5961 5901 5900
f 6068 6100 6158
f 5895 5836 5941
f 4495 4496 8152
f 6502 6544 6533
f 11475 4593 10954
f 4663 4628 11530
f 11530 4629 5307
f 11476 5453 5552
f 11476 5552 5570
f 11530 5368 4663
f 11667 4822 11664
f 5076 11477 5182
f 11478 6107 6108
f 5015 4927 5004
f 11478 6050 6107
f 10236 5067 5114
f 5560 5593 5629
f 9396 9318 5973
f 11479 11668 11281
f 9594 6277 6276
f 9594 6276 6358
f 6658 11611 6672
f 6658 6672 11480
f 10402 7049 7108
f 11481 10402 7142
f 6703 11482 6744
f 7205 7219 7233
f 7253 7205 7233
f 7448 10113 7528
f 7448 7528 7513
f 7062 11483 10246
f 11484 7564 7589
f 9597 11485 6379
f 6585 11487 6535
f 6726 6794 11488
f 8520 8546 8583
f 7168 11873 7084
f 11873 11078 7085
f 7573 7605 7574
f 7169 7244 7196
f 7439 7494 7538
f 8365 8404 8400
f 8764 8773 11893
f 8799 11490 8776
f 11492 8940 11544
f 11492 8924 8940
f 10156 11493 4528
f 10849 9301 11494
f 11495 9502 9287
f 11495 9219 9502
f 11497 9377 9327
f 11879 7084 11873
f 11441 11497 11437
f 9228 11497 9327
f 9521 10850 9051
f 11496 4443 4442
f 6279 6251 11586
f 10985 11499 6479
f 11499 6520 10523
f 10523 6480 11499
f 9599 8543 8605
f 11586 6251 6228
f 11500 10040 11456
f 2753 11456 10040
f 11463 4055 4038
f 2038 11472 2005
f 822 840 11457
f 11457 886 9787
f 11454 11501 10048
f 6547 6465 11337
f 7167 11873 7168
f 11188 8764 11893
f 9014 9953 9037
f 6404 6455 6405
f 3762 3716 10526
f 11469 956 978
f 11469 995 956
f 11502 3823 10415
f 3865 3898 3897
f 2918 10199 2968
f 11464 1673 10488
f 11458 10171 3214
f 11503 10218 8045
f 11503 8045 8011
f 8010 11503 8011
f 11501 10184 10048
f 9994 3593 10433
f 1175 11471 11405
f 6520 6550 11534
f 6550 6520 11499
f 9785 11505 939
f 10273 11442 11848
f 11489 4475 6919
f 11667 11664 11217
f 7245 11584 7246
f 3762 10526 3812
f 5693 11506 5659
f 5660 11506 5693
f 4932 11507 10783
f 11507 5034 5055
f 5034 11507 4932
f 10441 11508 10992
f 11505 803 939
f 6807 10685 10732
f 4947 10627 4967
f 11466 10653 4089
f 9647 11454 35
f 11488 6794 6793
f 10665 11425 6799
f 11587 11488 6851
f 7509 7439 7538
f 10825 2228 10811
f 5847 5828 5827
f 1844 11739 10017
f 1698 11739 1796
f 362 343 11792
f 10974 5958 10810
f 11291 11512 233
f 263 11518 262
f 11467 989 9788
f 6399 11627 6367
f 11544 8817 11492
f 11506 11152 5659
f 934 11467 839
f 4694 4682 11590
f 8564 8520 8583
f 8860 8896 8935
f 10610 10499 10497
f 7465 11091 7494
f 7465 7494 7439
f 4967 11507 11566
f 264 9532 10865
f 5532 11684 11764
f 4336 110 4379
f 751 769 750
f 11457 920 822
f 11535 10839 6613
f 10985 6479 6478
f 10139 11432 11431
f 11432 4420 8690
f 886 11467 9787
f 65 64 8947
f 127 9046 9068
f 11194 110 4336
f 9083 4523 9089
f 65 8947 8925
f 2032 2000 1999
f 2806 10025 11514
f 11515 3188 10171
f 2985 11516 3001
f 3442 3409 3392
f 11517 598 521
f 1502 11519 1527
f 11521 11520 1869
f 11521 1825 1789
f 1696 11522 1708
f 11522 1746 1708
f 3862 11524 3861
f 1255 1210 1223
f 1343 11525 1380
f 2468 2451 11713
f 916 10177 871
f 1788 1787 11521
f 11526 3373 3432
f 11518 287 373
f 589 558 569
f 1412 1445 1508
f 9728 1412 1508
f 1685 11527 1617
f 11522 1696 1760
f 2050 2032 1999
f 2251 2181 2224
f 11528 3038 3019
f 3076 3027 3058
f 3258 3203 11563
f 3821 3786 11529
f 11523 11529 3786
f 10284 11249 11816
f 4089 4033 3966
f 7151 11584 7152
f 5110 5050 5099
f 5840 5839 10591
f 5915 5840 10591
f 4991 11662 10236
f 5957 5997 6023
f 11532 9318 11423
f 6136 6110 6156
f 6653 11534 6610
f 11534 6550 6610
f 6743 11536 6698
f 11535 6698 11536
f 6699 11536 6743
f 6883 6821 6922
f 6745 6744 11570
f 6773 6745 11570
f 11546 11627 11591
f 7395 7499 7457
f 7499 7395 11583
f 11537 7152 11584
f 7057 7006 7017
f 7227 11537 11584
f 8634 8585 8650
f 6850 11587 6893
f 6852 6850 6893
f 7103 11780 7136
f 8223 11538 8283
f 7103 7136 7106
f 8517 8551 8561
f 8550 8517 8561
f 11540 7194 7241
f 8404 8435 11360
f 8918 9922 10342
f 8966 8918 10342
f 9033 9927 11541
f 100 11541 9927
f 9070 9053 103
f 9070 103 102
f 7356 7407 7465
f 11543 4481 11504
f 6550 10985 11533
f 8815 9472 8860
f 9382 11754 9396
f 11542 9374 9243
f 6883 6922 6899
f 8796 10355 8800
f 6480 6462 9883
f 6436 6480 9883
f 11515 3215 3188
f 3689 3717 3762
f 3689 3762 3728
f 10461 11038 9919
f 1789 1788 11521
f 11662 11624 5031
f 10144 8815 8860
f 11528 3053 3038
f 10623 1631 10183
f 10623 10183 1593
f 11548 10279 3865
f 11549 3299 3319
f 11172 6745 6789
f 6773 6789 6745
f 10368 4255 4304
f 10499 4981 10497
f 11543 9377 4481
f 9158 9079 4504
f 11549 3250 3299
f 4003 3970 11548
f 11548 3865 3897
f 2983 2904 10586
f 7057 7017 7056
f 11539 7574 7699
f 10082 11537 7227
f 10943 10667 10721
f 1358 1443 1457
f 6850 10772 11587
f 11536 10803 11535
f 7469 10806 7409
f 11541 10807 9033
f 6024 5958 10974
f 10867 9559 4328
f 2307 2251 2224
f 2224 2294 2307
f 11551 5538 5539
f 6136 6156 6198
f 6624 6548 6560
f 7469 7409 7444
f 8778 10461 9919
f 3377 3266 3341
f 5513 5445 5495
f 786 728 769
f 11381 4549 11727
f 6548 6547 6560
f 4503 9158 4504
f 5540 5513 5495
f 8876 8857 11191
f 11690 7473 7560
f 11754 9382 9381
f 3854 3853 3902
f 2918 2983 10586
f 158 159 4278
f 6100 6139 6158
f 7427 7458 7448
f 8858 4574 4573
f 6350 6349 11546
f 7427 7448 7489
f 10377 235 11589
f 3056 11552 3111
f 4259 11510 4211
f 4259 4211 4258
f 11553 3149 3136
f 1704 11554 1723
f 11553 3102 3149
f 1341 11556 11555
f 11556 1341 1411
f 11557 1948 2032
f 11557 2032 2067
f 786 751 859
f 11633 975 1015
f 10898 3798 3833
f 1768 11880 11634
f 1373 11558 11672
f 11560 539 11561
f 9718 11561 539
f 631 11517 577
f 691 11561 9718
f 1296 1254 10801
f 1334 1321 11746
f 1282 1376 1358
f 2181 2151 2224
f 10924 2482 11562
f 11559 11562 2482
f 11563 3204 3161
f 3755 3695 10539
f 3788 3755 10539
f 6036 6113 6037
f 6113 6036 6081
f 7369 9470 11565
f 8238 11722 8255
f 7195 7169 7168
f 4780 4760 4797
f 5056 11566 5104
f 11567 4998 4984
f 5043 5108 5143
f 5082 5043 5143
f 5788 5802 5840
f 4789 4720 4804
f 4788 4789 4804
f 4965 4949 11719
f 4780 4797 4727
f 5864 5788 5840
f 5106 10561 5226
f 5091 5030 5066
f 5091 5066 11568
f 5538 5473 5513
f 5898 5998 5957
f 5874 5790 5863
f 6045 6027 5994
f 9882 9943 6684
f 6995 10688 7060
f 11425 11570 11424
f 11571 6366 6398
f 6399 11571 6424
f 11868 10247 11839
f 6528 11572 6430
f 11572 6528 6449
f 7086 11574 7082
f 11573 7082 11574
f 6503 6529 6581
f 6542 6503 6581
f 10083 11574 7086
f 11575 7020 10784
f 11565 7356 7441
f 11565 7337 7356
f 7195 7168 7117
f 7777 7840 11576
f 10945 8257 8327
f 8258 10945 8327
f 8406 8349 11030
f 11577 8509 8523
f 11577 8472 8509
f 8775 8785 10461
f 11492 11618 8924
f 11579 9407 9568
f 9023 9032 9044
f 11706 9206 11580
f 9080 9079 11851
f 9158 11580 11851
f 5920 11754 5817
f 11575 7103 9319
f 5146 5106 5226
f 9568 9017 11579
f 9051 11579 9017
f 1254 1221 1266
f 11581 3341 3360
f 4929 4965 11719
f 6548 9509 10354
f 10355 8796 11578
f 11582 1577 11330
f 9532 10750 8723
f 3014 2983 2969
f 9273 9231 11849
f 10801 1254 1266
f 10518 9935 4437
f 7271 10333 10598
f 7170 7117 7083
f 1990 2061 2062
f 1729 10623 1592
f 10721 10667 7778
f 6995 7060 7097
f 10697 6296 9594
f 10748 11564 6492
f 11575 9946 7020
f 10812 2539 2468
f 11588 8876 11618
f 8876 11588 8857
f 11004 6449 6528
f 8406 11030 8399
f 11615 6739 6850
f 11580 9949 11706
f 11580 9158 11440
f 11581 3377 3341
f 11590 4682 11531
f 9407 11579 108
f 109 108 11579
f 5538 5513 5539
f 8837 8858 10462
f 4533 8636 9814
f 297 326 298
f 11420 6045 5994
f 4436 11542 4437
f 8839 4584 4583
f 11588 8817 8857
f 2033 11557 2084
f 631 577 614
f 1359 11556 1378
f 11556 1359 11555
f 3853 10526 10439
f 11584 11681 7246
f 11542 10518 4437
f 1729 1592 1611
f 10293 3853 10439
f 8918 8837 10462
f 11491 8775 10461
f 6399 6424 6425
f 11591 6399 6425
f 7499 11583 7427
f 6400 11591 6444
f 6342 10697 9594
f 11535 10803 10839
f 6444 11591 6425
f 8858 4573 8859
f 11562 11332 9439
f 11564 6516 11479
f 10776 11589 236
f 11589 10776 10377
f 11592 3696 3755
f 1924 1925 1910
f 2150 2180 2151
f 515 540 569
f 4235 9733 4219
f 3957 3971 3956
f 11595 10648 975
f 11593 1925 1969
f 11596 1708 1746
f 347 299 298
f 347 298 364
f 558 515 569
f 11595 976 10648
f 1072 11595 11633
f 11598 1818 1835
f 1879 11598 1835
f 1907 11598 1879
f 2035 11319 2003
f 2655 11599 2611
f 3767 3766 11600
f 5278 5289 5288
f 5349 5278 5288
f 11602 5881 5892
f 6227 11603 6226
f 10220 8217 10945
f 11604 8462 8407
f 11604 8407 10692
f 11605 4998 4995
f 11663 4816 4780
f 11606 5779 5788
f 11607 4704 4789
f 4763 4721 11607
f 4822 4752 10322
f 4806 4822 11667
f 5744 5743 11606
f 11606 5788 5789
f 5519 9610 5584
f 6008 5998 5944
f 11608 5472 5538
f 11608 5538 11551
f 5898 11609 10966
f 10713 5874 11609
f 9387 9612 5451
f 11610 5251 5252
f 11602 5882 5881
f 10264 11603 6227
f 11603 6198 6226
f 6272 6275 6295
f 11613 6955 6995
f 11613 6996 6956
f 11613 6995 7023
f 9349 6386 6418
f 6375 9349 6418
f 6732 11614 6760
f 7343 10333 10247
f 8627 8591 8630
f 6792 11615 6771
f 8248 10220 10945
f 8366 11604 8406
f 8807 11616 8808
f 11617 8783 8775
f 8924 11618 8965
f 4550 11619 9023
f 11619 4549 9008
f 11619 9041 9023
f 5964 9479 9337
f 9384 1446 1475
f 11600 3766 3733
f 6157 6099 6136
f 11617 8775 11433
f 8761 8762 11617
f 11621 10267 9622
f 11600 3817 3767
f 4996 5044 4997
f 4798 4828 10070
f 11623 9443 11661
f 11624 11662 4975
f 1259 1227 11714
f 4022 3957 3956
f 10096 4806 11667
f 11622 4235 4219
f 3420 3343 3419
f 445 397 9669
f 4281 4235 11622
f 167 10261 9272
f 11610 5226 5251
f 3335 3258 11384
f 10471 11607 4789
f 3710 3672 11592
f 1250 10756 1293
f 9608 10577 6458
f 10577 9608 6379
f 10685 6684 6683
f 3770 11592 3755
f 10577 6385 9895
f 5424 9387 5451
f 6077 11891 11701
f 11621 8834 10267
f 11609 5874 5863
f 11650 10702 7608
f 11623 9856 9443
f 6272 6295 10104
f 6254 6217 11643
f 6008 5944 5980
f 2035 2003 10533
f 1730 11596 1746
f 11596 1730 11597
f 11445 11601 4287
f 5057 5075 5106
f 9394 10980 10978
f 10333 11625 11839
f 11477 5057 5106
f 5459 11608 5579
f 11627 11546 6349
f 6703 6745 11172
f 3375 11594 3454
f 11599 2655 11382
f 11389 3335 11384
f 4482 11441 7264
f 11509 10685 6807
f 11627 6349 6367
f 6703 11172 6689
f 11627 6399 11591
f 3001 11620 11407
f 109 9051 10850
f 3812 3853 3854
f 11624 5015 5091
f 9895 6378 6449
f 11618 10412 8965
f 11603 6157 6136
f 9881 6278 10697
f 11624 5091 5031
f 9895 6449 6450
f 4404 4682 4694
f 4404 4694 4403
f 11564 11479 6464
f 3902 11628 3936
f 4024 4023 9735
f 11630 3430 3327
f 10843 11631 296
f 4191 4221 4287
f 11601 4191 4287
f 11628 10293 3884
f 1072 11633 1108
f 1981 2035 2142
f 1201 1181 1227
f 1201 1227 1245
f 571 11635 570
f 1969 1897 1940
f 11636 2854 10832
f 11636 2902 2854
f 3472 3416 11637
f 3507 11637 80
f 11637 3507 3472
f 4115 4024 9735
f 4930 11680 11638
f 11638 4966 4930
f 5209 11639 5278
f 5189 5238 11639
f 11639 5238 5289
f 11641 9835 9836
f 4867 4868 4840
f 11642 4997 11793
f 11642 4996 4997
f 11663 4727 11263
f 5521 5501 5600
f 11808 11643 6202
f 4840 4907 4867
f 4867 4907 4940
f 11642 5042 4996
f 4898 4918 11793
f 9865 6188 11065
f 11644 4997 5044
f 11531 11737 4764
f 4879 4834 4806
f 5900 5876 5843
f 4993 11449 5057
f 4993 5057 5023
f 5095 5096 9591
f 11685 6248 9841
f 6187 11645 11686
f 11686 11645 6145
f 5646 11646 10239
f 6226 11647 6277
f 11647 6216 6272
f 11668 11479 6433
f 11647 6272 6276
f 6612 11648 6595
f 9445 11649 9480
f 11649 10105 9480
f 6445 6508 6507
f 11801 7252 7221
f 11801 7179 7252
f 11651 6945 6928
f 11652 7457 7500
f 11652 7428 7457
f 11653 7261 7265
f 8515 11654 8529
f 11656 11655 7385
f 7303 11656 7353
f 10221 10220 8116
f 9914 11657 8214
f 8943 9520 8964
f 9166 4495 4494
f 9397 11646 9394
f 11659 6337 9427
f 9485 6303 11659
f 6337 11659 6303
f 6077 6002 11891
f 4229 11660 10065
f 11064 11661 5598
f 11646 5646 5670
f 6595 11648 6522
f 6134 11701 10264
f 11637 3357 79
f 3357 11637 3416
f 4278 4277 4362
f 6807 10732 6847
f 3936 11628 3884
f 4048 11632 4164
f 2036 1981 2142
f 11660 4230 10065
f 4950 11662 4990
f 6280 11808 9884
f 3935 11302 3828
f 9519 4560 11705
f 4161 4146 4145
f 11641 6710 9835
f 9789 1458 9384
f 2447 11452 2396
f 79 9520 8943
f 9992 358 357
f 6134 6077 11701
f 7645 11650 10729
f 570 11635 515
f 4675 11663 11263
f 11663 4675 4779
f 10322 11664 4822
f 11121 3166 3192
f 11665 4424 8704
f 8215 11657 9914
f 11192 8898 10143
f 2240 11116 2170
f 11284 11657 8196
f 8899 9431 8839
f 11193 11192 10143
f 3935 3828 3870
f 11121 3192 3247
f 11471 11666 1192
f 2447 2396 2463
f 11668 11687 11281
f 6357 11687 6372
f 4443 11496 9223
f 9982 4161 4145
f 6727 9882 6684
f 4304 4255 4235
f 11332 11559 11897
f 11633 1088 1108
f 11086 7547 7546
f 11086 7546 7609
f 10685 6727 6684
f 9344 6791 6741
f 10906 3014 11732
f 4681 4737 11737
f 6157 11701 6099
f 11662 4950 4975
f 167 9272 168
f 11701 11891 6099
f 7608 10702 7559
f 8818 11192 8839
f 4949 11765 11667
f 4550 8627 11727
f 249 8738 8732
f 249 8732 250
f 11678 1982 1964
f 9643 1562 11669
f 11116 11232 11828
f 2937 11671 2970
f 1336 1373 11672
f 11673 4024 4035
f 11674 860 891
f 11674 861 860
f 2020 11678 1981
f 11675 1371 1386
f 1386 1422 1468
f 10059 11676 3327
f 1609 1590 1557
f 9674 1386 1468
f 11319 11678 1964
f 11678 2035 1981
f 2388 2331 2411
f 11671 2937 2936
f 3143 11716 3094
f 11679 160 4172
f 159 11679 4278
f 4753 4765 4736
f 4878 4879 11680
f 5520 11683 5501
f 10071 11682 4900
f 4879 10096 11680
f 11683 5519 5567
f 11683 5567 5599
f 6249 9841 6311
f 4870 4898 4919
f 6145 6103 6144
f 11685 6225 6248
f 6209 11686 9871
f 6740 6685 6727
f 6994 11688 6993
f 11689 7584 7630
f 11275 11689 7630
f 7548 11690 7560
f 11691 6675 6706
f 6719 6706 6675
f 11691 6621 6675
f 8295 8238 8294
f 7967 7950 8032
f 11693 8216 8217
f 10221 8148 11693
f 11694 11693 8148
f 11696 8490 8573
f 79 8943 80
f 78 11697 9520
f 11697 9925 9520
f 11698 9258 11700
f 9276 11700 9258
f 10261 11699 9272
f 11699 9204 9369
f 9204 11699 9207
f 11360 11695 8404
f 11700 9378 9166
f 11679 4172 10870
f 9126 9601 9123
f 9155 9169 11724
f 1902 1873 9644
f 11632 11702 9733
f 1902 1860 1873
f 10520 11700 9276
f 363 10180 378
f 11675 11746 1371
f 11685 6153 6152
f 2891 2843 2875
f 11673 3972 4024
f 11414 11670 9727
f 11670 11414 4280
f 8196 11693 11694
f 11704 6712 6713
f 6682 11704 6713
f 11704 6682 11692
f 11671 3048 9777
f 10070 10574 11682
f 1164 1131 10544
f 10793 11684 5599
f 6249 6311 6262
f 2970 11671 9777
f 4827 4745 4798
f 5122 10941 5170
f 11689 11275 7665
f 6560 6654 6624
f 11696 11695 8490
f 11059 9443 9856
f 11116 2185 2170
f 11169 6939 6917
f 3911 11226 3953
f 3248 3236 11121
f 11681 11258 7246
f 3248 11121 3331
f 11677 1295 11672
f 9949 9232 11706
f 11736 10153 10872
f 4280 11414 4334
f 5096 11422 10941
f 5383 11059 9856
f 11731 3884 11703
f 3884 11731 11443
f 11509 6740 6727
f 11731 3935 11303
f 3862 3911 3953
f 11706 9417 11494
f 9223 9177 4444
f 6807 11428 11509
f 11498 11763 11764
f 1254 1296 1239
f 8630 8590 9903
f 11381 8630 9820
f 7560 7473 11086
f 3902 3853 11628
f 9881 11586 6278
f 10504 9881 10697
f 9903 9820 8630
f 8630 8591 8590
f 11631 363 378
f 8216 11693 8196
f 9344 10674 10986
f 6808 9344 10986
f 11686 6145 6144
f 10789 11705 10807
f 11701 6157 10264
f 10732 11200 6848
f 9519 11705 10789
f 3738 3726 11768
f 11682 4827 4798
f 4764 11737 4751
f 11052 11736 10872
f 11687 11668 6372
f 10906 11732 3060
f 4680 4737 4681
f 3519 3518 3486
f 11707 4164 4255
f 10910 11708 357
f 3967 3911 3952
f 11710 4280 4314
f 1563 11712 9789
f 11714 1153 1131
f 3519 3486 3572
f 10891 11715 9985
f 3096 3076 11403
f 10370 1311 1283
f 11558 1280 10473
f 2292 2345 2387
f 2345 2292 2306
f 11709 11887 2875
f 3025 11716 3057
f 11716 3025 3094
f 3285 3237 3248
f 3410 11130 3350
f 5098 5151 5190
f 4815 4870 4899
f 4746 4799 4761
f 4746 4827 10071
f 11717 5886 11799
f 11718 5982 11799
f 6043 11718 6055
f 4843 4815 4899
f 4705 11737 11531
f 4929 11719 4977
f 4685 4772 4725
f 6090 6045 6104
f 6465 11720 11337
f 11720 6433 11337
f 11721 7545 7584
f 7486 7446 9887
f 7512 7548 7610
f 7561 7512 7610
f 11734 11767 6676
f 9351 8478 10659
f 9351 10659 8588
f 11722 8190 8211
f 11723 6668 6694
f 10815 11723 6694
f 7951 7967 8033
f 98 11738 99
f 11724 9304 9298
f 4936 9578 4993
f 99 4374 98
f 11710 4234 4280
f 1562 1561 1616
f 7957 11729 7911
f 7486 9887 11721
f 7911 11729 7863
f 9048 9078 9074
f 11725 9931 11724
f 9304 11724 9931
f 2231 2198 2197
f 3956 3914 3986
f 11726 9223 9284
f 11732 9791 3081
f 11099 3285 3248
f 10212 5098 5190
f 11443 11731 11769
f 11268 11733 4920
f 11232 11116 2241
f 5553 11760 5488
f 2755 10797 9588
f 11306 11736 9193
f 11578 8781 8807
f 3304 11735 3324
f 11733 11215 9800
f 4920 11733 9800
f 6795 6695 6740
f 75 11193 76
f 5921 11273 9318
f 11736 11306 10153
f 125 11844 4341
f 11448 11723 10815
f 11465 3096 11403
f 2847 2755 9588
f 1666 1632 1562
f 1562 1616 1666
f 3410 3350 11735
f 11381 11727 8630
f 11434 11293 11545
f 8211 8237 11722
f 8255 11722 8237
f 4949 11217 4892
f 11262 6476 11762
f 1227 10033 11714
f 6145 6090 6104
f 1259 11714 1164
f 11736 9286 9193
f 8630 11727 8627
f 2142 2035 2069
f 11672 11558 10473
f 6445 6507 6525
f 10725 10719 6804
f 10725 6804 6837
f 6847 10732 6848
f 10807 11738 10694
f 10807 11541 11738
f 8786 11490 8791
f 11790 9344 6741
f 8786 8791 11039
f 11738 11541 99
f 11192 8899 8839
f 4550 11727 4549
f 11669 9789 9643
f 11734 6663 11691
f 5001 4936 4993
f 11193 11202 8899
f 11498 5680 5721
f 5738 11498 5721
f 5961 5900 11717
f 11719 4949 4892
f 11734 11691 6764
f 3699 3726 3738
f 11737 4737 4751
f 126 4342 11399
f 1796 11739 1844
f 1559 1532 1491
f 10582 11741 4093
f 2847 11742 2803
f 349 11744 10185
f 624 11743 571
f 1056 11211 988
f 11774 1284 1200
f 11745 1240 1239
f 11746 1321 1293
f 1559 1491 1544
f 2895 11742 2835
f 3097 3012 3045
f 3057 11740 3044
f 11673 11747 3987
f 5049 10312 5098
f 11784 11748 5350
f 9440 9591 5122
f 7009 10251 7101
f 7100 7009 7101
f 11763 5738 4620
f 11749 4971 4939
f 4985 11749 4919
f 11750 4714 4745
f 4746 11750 4827
f 4761 11750 4746
f 11750 4715 4714
f 11751 5961 11415
f 11765 4949 4965
f 11752 4936 4969
f 11753 6090 11645
f 7010 7009 7100
f 11755 7180 7220
f 7488 11690 7512
f 7528 7488 7512
f 6603 6621 6663
f 11756 6579 11898
f 7080 7028 7088
f 6819 6847 6867
f 7230 7275 9911
f 8158 8246 8252
f 8158 8252 8222
f 7656 10690 10667
f 9501 8781 8795
f 9048 11757 9029
f 11757 9006 9029
f 11757 9048 9953
f 7092 9620 7109
f 6819 6867 6853
f 5834 11758 5920
f 8533 9351 8606
f 9628 2159 2141
f 4008 3989 4082
f 4342 9754 11399
f 1056 988 1023
f 7322 7230 9911
f 10304 10382 1347
f 5099 5049 5098
f 11759 11509 11428
f 6868 11759 11428
f 10329 7559 10702
f 7702 7656 10667
f 10674 11759 6868
f 11742 10677 2835
f 317 10202 363
f 3573 11474 3519
f 10440 11760 11748
f 11767 11734 6733
f 11760 10759 11748
f 11747 10277 3987
f 11775 10864 11402
f 11756 6555 6579
f 11297 10579 416
f 11206 11333 3781
f 2860 11742 2895
f 1651 11761 1632
f 4560 11394 11705
f 1632 11101 1651
f 2197 11323 11777
f 11762 11830 11342
f 11374 11435 8971
f 10825 9628 2141
f 10304 1347 10276
f 7573 7574 7575
f 5568 11763 4621
f 11764 11684 11498
f 2806 11514 2805
f 11754 5921 9396
f 11762 6534 11830
f 11555 1255 1311
f 3598 3711 11773
f 10096 11765 11638
f 11765 10096 11667
f 6568 6552 11766
f 11763 5568 11764
f 5532 11764 5568
f 4204 4219 11809
f 10725 10223 6750
f 10725 6750 6749
f 8786 18 8789
f 10848 8786 8789
f 624 571 570
f 9440 5122 5123
f 4985 4919 4898
f 11767 6707 6676
f 9074 9078 133
f 317 363 10843
f 11760 10440 5488
f 6707 11767 10718
f 3825 11768 3824
f 11768 3773 3824
f 5961 11717 5982
f 9635 11774 1301
f 3989 11769 4082
f 11794 11518 388
f 2290 11771 2274
f 11772 11297 485
f 4145 10582 4093
f 3620 3619 11773
f 1301 11774 1300
f 4386 9754 4342
f 3573 3629 3604
f 3605 3573 3604
f 649 11775 598
f 667 11775 649
f 1864 1878 10054
f 1894 1864 10054
f 10579 11772 11317
f 2074 2024 2010
f 2102 2036 11776
f 9763 11777 2052
f 2143 11776 9628
f 3142 3041 3072
f 11117 3454 11594
f 3973 11769 11303
f 5483 5371 5407
f 5259 5205 5276
f 5507 5440 5483
f 5841 5804 5862
f 6813 6763 6776
f 11778 8229 8310
f 8311 11778 8358
f 9447 11277 6382
f 9389 10334 6385
f 8589 8606 8666
f 8626 8589 8666
f 11779 6356 6406
f 7418 7443 7484
f 7418 7484 7496
f 7215 7214 7230
f 7215 7230 7276
f 11780 11575 10784
f 7606 10708 7656
f 9074 11781 9048
f 11069 11782 11899
f 11781 132 9075
f 11784 5401 9387
f 9387 10440 11784
f 11784 5325 5401
f 11781 9037 9953
f 9037 11781 9075
f 3706 11785 11333
f 100 4374 99
f 11776 2142 9628
f 11775 578 598
f 8358 11778 8310
f 11773 3619 3551
f 7907 11729 7979
f 243 11789 242
f 7128 7093 7077
f 6406 10081 11779
f 11789 317 10843
f 11788 7472 7446
f 10373 11789 243
f 10392 7065 7080
f 11798 1415 11806
f 11789 10373 346
f 9341 10570 9444
f 2074 2010 2042
f 11788 7498 7472
f 10674 11790 11759
f 4935 11791 4917
f 10109 11788 10329
f 7657 7606 7656
f 11792 343 375
f 11791 10967 4917
f 5124 10970 9440
f 113 11783 10673
f 11777 9763 2123
f 10939 11786 5834
f 11777 11227 2052
f 11785 3690 3748
f 3690 11785 3663
f 5926 5841 5914
f 11303 11769 11731
f 11770 2758 10168
f 11794 388 321
f 5308 5259 5276
f 10585 3142 3072
f 11782 9049 123
f 9071 11782 123
f 6254 11643 6280
f 11793 4997 4985
f 7907 7979 7906
f 11799 5886 5927
f 5960 11799 5927
f 11718 11799 5960
f 11443 11769 3989
f 11702 11632 4114
f 100 99 11541
f 11702 4114 4096
f 10051 39 1282
f 1284 9631 10430
f 6568 11766 6567
f 262 11794 261
f 100 11796 4374
f 463 11772 540
f 463 540 515
f 3340 3358 3435
f 9635 11813 1284
f 1786 11795 1803
f 1816 1782 11814
f 11797 11814 1782
f 1852 11814 1864
f 3501 3467 3428
f 11796 4375 4374
f 5013 5012 5051
f 5013 5051 5111
f 5914 10810 5958
f 7010 6940 6954
f 9888 11800 6485
f 11802 6813 6825
f 11803 7624 7606
f 8763 8809 8774
f 9057 9046 10259
f 11796 9052 101
f 9185 9412 9174
f 11804 8867 4588
f 11796 9927 9052
f 9947 9447 11279
f 6370 11279 9447
f 9908 6406 6455
f 11800 6508 6485
f 4008 3990 3989
f 11800 9888 6567
f 9498 6874 6800
f 10367 9754 4270
f 10215 11803 7606
f 4354 11414 9727
f 4288 10367 4270
f 8015 7965 8080
f 10563 10976 10507
f 10596 10563 10507
f 11822 10596 6321
f 10935 5071 5070
f 11510 10854 4169
f 9734 1917 9979
f 2185 2117 2206
f 11805 6666 6639
f 11229 11807 9661
f 3501 3428 3524
f 11168 5841 5926
f 9734 9979 10880
f 11518 11794 262
f 5926 5914 5958
f 7777 11576 7865
f 6253 11808 6201
f 6202 6201 11808
f 11808 6253 9884
f 4354 9727 11210
f 3029 11732 3014
f 2170 2185 2206
f 11809 4219 11702
f 7009 7010 6954
f 11262 11762 11342
f 3029 3014 2969
f 5483 5407 10814
f 7375 7374 7443
f 11399 9754 10367
f 11787 9498 6800
f 5483 10814 5453
f 11301 3711 3598
f 6382 11277 11779
f 11798 11806 10304
f 4211 11510 4169
f 1282 39 40
f 125 4385 124
f 11810 1860 1916
f 3059 3100 11811
f 11812 4376 106
f 4377 11812 107
f 107 11812 106
f 11813 1302 1285
f 719 706 10546
f 11815 762 722
f 1640 1628 1589
f 11810 1844 11711
f 11828 2118 2079
f 11816 11249 3905
f 10066 4173 11861
f 5640 10211 5694
f 11817 4974 5013
f 5007 11817 5028
f 11817 5013 5093
f 6986 11012 6968
f 11820 5019 5090
f 6285 11822 6349
f 11614 6631 6630
f 7637 7597 7649
f 7157 7156 7215
f 8256 8315 8363
f 8297 8256 8363
f 8813 8763 9357
f 9216 11826 9289
f 9248 11826 9185
f 11827 9541 9498
f 9327 9377 11543
f 11811 9791 3029
f 7646 7633 7675
f 6806 6818 6768
f 8455 11842 11836
f 1284 11774 9635
f 5640 5694 5673
f 9327 11543 11048
f 10273 7211 10250
f 11811 3029 3030
f 11824 8015 8104
f 10928 10206 10894
f 10564 5884 11875
f 571 464 11635
f 10886 1514 10192
f 11783 9041 10673
f 113 112 11783
f 4908 4867 10969
f 11828 2185 11116
f 6309 10410 9389
f 7021 7039 11256
f 11818 6666 11805
f 11823 6370 6382
f 11830 11429 11342
f 9206 11706 11494
f 11821 10500 5107
f 775 719 10546
f 4908 10969 4938
f 11635 464 10616
f 9206 11494 9301
f 11828 11232 2118
f 3370 10928 10894
f 571 541 464
f 1860 11810 11711
f 11843 11829 11852
f 11830 6534 6558
f 6535 11830 6558
f 8813 9357 8806
f 463 11635 10616
f 3300 3239 3251
f 7157 7215 7216
f 11829 8866 11804
f 1302 11813 9635
f 11485 6309 9389
f 7339 7374 7375
f 11829 11804 8894
f 9649 11202 75
f 11832 325 378
f 11832 379 325
f 1589 1541 11519
f 2827 2828 2799
f 11833 9328 9796
f 11831 4065 10063
f 5694 11834 5728
f 8199 8276 8326
f 8250 8199 8326
f 6237 11835 6288
f 7908 11819 7872
f 11836 8382 8383
f 4723 4707 10091
f 7270 7269 7310
f 7270 7310 7341
f 7612 7611 7646
f 7004 7015 9896
f 10119 6985 7004
f 7004 9896 10119
f 6677 11864 11840
f 11840 6707 6677
f 11841 7879 7921
f 8199 11881 8156
f 11842 8363 8382
f 8704 8703 11874
f 9925 8877 8964
f 9411 11825 9081
f 8894 11852 11829
f 5658 5632 5640
f 11829 11843 8866
f 11844 125 9064
f 1576 1627 1589
f 9750 11845 1619
f 10196 520 612
f 11519 1576 1589
f 7158 11846 7189
f 11846 7158 11386
f 11847 6783 6817
f 7306 11848 9826
f 6779 11847 6806
f 11847 6817 6866
f 7239 11848 7306
f 11845 10032 1619
f 11836 11842 8382
f 10294 10192 1514
f 6970 6912 6971
f 9520 9925 8964
f 11849 9231 11585
f 7034 6947 11872
f 5899 10564 5959
f 10619 3827 3760
f 10703 10679 1021
f 8780 9357 11378
f 1515 11845 9750
f 11835 6310 6288
f 6665 11805 6583
f 7084 11282 7117
f 11835 10410 6309
f 11843 8944 8866
f 6760 11838 6731
f 11850 11375 10146
f 6604 11840 11898
f 11042 11287 4594
f 9941 11042 4594
f 2599 2659 2615
f 11446 6665 6583
f 11848 11486 9826
f 7084 7117 7168
f 4767 4723 10091
f 9080 11851 9206
f 11851 11580 9206
f 297 298 239
f 6418 6386 6417
f 9158 11851 9079
f 3738 10619 3760
f 2891 2875 2938
f 11844 11399 4341
f 1284 10430 1200
f 11798 10294 1514
f 11399 11844 126
f 10639 11850 11894
f 7908 7872 7821
f 8899 11852 9431
f 9411 9081 156
f 7004 6970 6971
f 112 9926 11783
f 11202 11852 8899
f 11852 11202 11843
f 7443 7417 7495
f 7443 7495 7484
f 8184 11871 11882
f 11853 8288 11882
f 11853 8230 11778
f 11853 11778 8320
f 8944 11202 9649
f 4561 4560 9519
f 10297 4244 4289
f 10297 4289 4319
f 2569 11854 2599
f 2658 11854 2584
f 11855 2873 11109
f 2682 11856 2670
f 430 448 10868
f 430 10868 398
f 3771 3710 11592
f 2638 11854 2658
f 10544 9631 1268
f 11857 10196 597
f 2267 2231 2266
f 1054 11858 10703
f 2320 2267 2266
f 11859 2826 11855
f 2873 11855 2826
f 3057 3044 3025
f 3350 11860 11735
f 4098 4049 3988
f 11861 4173 11831
f 11862 4699 4723
f 4708 11862 4709
f 8156 8198 8199
f 6581 11864 6605
f 11864 6633 6605
f 7034 7066 11012
f 7650 7672 7618
f 7650 7618 7593
f 4873 9845 4866
f 4768 11862 4723
f 5945 11865 6026
f 6427 6459 6426
f 6459 6427 6418
f 11867 6760 6731
f 6761 11867 6775
f 7331 11868 7270
f 7331 7270 7341
f 11869 6912 6970
f 6910 6911 11869
f 11870 8289 8267
f 11870 8210 8289
f 7453 7454 9823
f 6969 6985 7027
f 11871 8165 8183
f 7034 11872 7064
f 7694 7650 7592
f 11892 8279 8252
f 8088 8047 8103
f 11863 8103 8047
f 8157 11881 8200
f 9603 8800 11188
f 8885 9325 8910
f 11435 8885 8910
f 8743 11874 8737
f 11866 6753 6796
f 6375 6418 6427
f 6985 6964 6970
f 7453 9823 7493
f 4224 4259 4270
f 6264 10410 11835
f 11869 6970 6964
f 3770 3771 11592
f 11865 11875 11168
f 11875 11865 5945
f 10639 9060 9052
f 11188 11893 8780
f 11168 11876 5823
f 6237 6264 11835
f 11417 11877 4416
f 11867 6732 6760
f 11334 4071 4119
f 455 11857 10042
f 11868 7249 7235
f 7031 11879 7085
f 11873 7085 11879
f 1088 11633 1015
f 9111 9411 155
f 8796 6 8793
f 6020 6002 6077
f 11562 11559 11332
f 11598 11880 1768
f 2874 2875 11887
f 2231 2197 2266
f 388 11518 373
f 6604 6603 6663
f 7908 7871 7907
f 7908 7907 7977
f 6676 6604 6663
f 9631 11813 1268
f 1640 1589 1661
f 11875 5884 11168
f 11850 10639 9052
f 7270 11868 7235
f 10645 3239 3300
f 5499 11059 10362
f 5499 10362 5449
f 10639 9034 9070
f 10639 9070 9060
f 7694 7637 7693
f 11881 8199 8200
f 4289 4224 4270
f 8796 8793 11578
f 8622 4536 4537
f 11882 11871 11853
f 8184 11882 8231
f 11882 8288 8231
f 9553 4486 11900
f 4561 11395 4560
f 11295 4560 11395
f 4466 11564 4465
f 4408 8702 4409
f 286 265 266
f 9522 4547 4546
f 144 4368 143
f 11884 4050 4049
f 103 11885 102
f 3057 3112 3075
f 2454 2455 2406
f 11885 4353 102
f 11884 4116 4128
f 2286 2227 2285
f 1088 9977 1107
f 1165 1132 1182
f 1214 1165 1182
f 2900 11321 3009
f 11740 3057 3075
f 9774 11888 9999
f 2751 2770 11709
f 1011 11889 1025
f 11886 388 9783
f 1108 1088 1107
f 1277 1236 1235
f 2454 2406 2405
f 11897 2534 2565
f 2980 2900 3009
f 4099 11884 4128
f 5134 5199 5231
f 5200 5134 5231
f 11891 6067 6099
f 7862 7863 7803
f 7758 7715 7672
f 5493 5375 5458
f 6031 10099 6106
f 6563 6536 6514
f 6426 6446 6506
f 7386 7383 7453
f 7386 7453 9837
f 11893 8806 9357
f 11894 9034 10639
f 3736 3771 3822
f 11888 430 413
f 479 11888 9774
f 9907 7033 11895
f 2587 2662 2708
f 10860 10168 2757
f 6031 6106 6050
f 3108 3071 3070
f 11895 7066 7067
f 6514 10576 6522
f 11889 968 1025
f 11883 11334 4213
f 8886 8852 8885
f 1490 43 44
f 1579 1490 44
f 2286 2285 2339
f 2611 11897 2565
f 11895 11012 7066
f 3274 3303 3323
f 5548 5425 11266
f 2384 2488 2441
f 11896 10165 2383
f 11890 11413 11412
f 7 8796 8800
f 4406 4681 4405
f 4681 4705 4405
f 6563 6514 11648
f 11648 6514 6522
f 11599 11897 2611
f 9155 11724 9229
f 8932 8886 8885
f 11434 11545 9555
f 11784 5350 5288
f 11898 6579 6604
f 2197 11777 2162
f 4224 11511 4193
f 11510 4224 4193
f 8704 11874 10515
f 4873 4896 4874
f 11898 11840 6580
f 10610 4873 4874
f 3251 3195 3221
f 11549 3251 3221
f 11899 11782 9045
f 5499 5467 5582
f 5500 5499 5582
f 11894 11850 10146
f 10344 11894 10146
f 11756 11898 6580
f 10343 8993 11899
f 8252 8279 8303
f 6985 6970 7004
f 11188 8780 9603
f 9097 9411 9111
f 2874 11887 10925
f 9202 11900 9170
f 9236 11900 9202
f 8634 4536 8622
f 4442 4441 9149
f 4487 4486 9553
f 11496 4442 9149
f 6492 11564 4466
f 8721 235 8669
f 235 8721 11589
f 4542 8993 10343
f 8697 8702 4408
f 4525 4524 9083
f 4525 9083 9088
f 4398 10514 8691
f 4398 8691 4399
f 4542 10343 8998
f 4543 4542 8998
f 320 265 286
f 4640 4641 10226
f 4641 4642 10226
f 11254 11185 8670
f 4430 11254 8670
f 23 8783 8762
f 8974 23 8762
f 9022 4547 9522
f 4361 4368 144
# 23796 faces, 0 coords texture

# End of File
