####
#
# OBJ File Generated by Meshlab
#
####
# Object cake_convexHull2.obj
#
# Vertices: 11527
# Faces: 23050
#
####
v -59.9621811 16.1662197 -0.5558825
v 59.9780197 0.0000000 0.4054457
v -38.8431778 0.0000000 45.7297249
v -3.2483349 0.0000000 -59.9120026
v 22.7610607 0.0000000 55.4828644
v 1.4744238 18.9487247 -59.5067825
v -16.1221237 58.5241547 -12.0400209
v -54.3239326 19.8803673 22.4781361
v 8.2184181 0.0000000 59.3714752
v 16.4484806 17.6279068 57.6260681
v 40.1898041 20.3456669 42.2573853
v 51.5671883 20.2245865 -27.5310287
v 57.5439453 20.0017872 11.1565638
v 19.2595406 59.2544556 -1.8697100
v -17.4407597 59.8291817 -5.3511534
v -59.7911606 0.0000000 -3.8517399
v -58.2161217 18.3239765 -13.5610104
v -9.7140713 16.7136173 59.1718941
v -44.9643555 20.4321098 36.9988556
v 8.7684097 54.2918243 22.7472687
v -3.8538246 0.0000000 59.8461533
v 28.1045055 0.0000000 53.0107193
v 32.8098183 19.0788155 -49.5414543
v 20.9817829 0.0000000 -56.1518631
v -28.1204891 17.8391628 -52.8626671
v 56.8591881 0.0000000 -19.1580925
v -52.2756500 19.2190857 28.1509876
v 12.9484024 59.6327858 13.6686726
v 2.8422930 0.0000000 59.9120026
v 41.7758598 18.9262066 42.4056015
v 48.1155090 18.6499386 35.3148537
v 54.2643356 0.0000000 25.5520897
v 24.5057659 16.4330635 54.6748810
v 35.4110603 18.6491451 47.9798813
v 9.2997017 0.0000000 -59.2318001
v -24.0223598 16.8484192 -54.8941002
v -28.4524269 0.0000000 -52.8013840
v 46.2513580 19.5740986 -36.7094116
v 58.5257988 0.0000000 -12.8438921
v 55.8968506 20.4239273 -16.3714867
v 18.4058514 58.5557022 -7.9088802
v 59.5480957 18.5365276 4.7118988
v -17.4691429 59.8596191 4.7377558
v 0.0000000 59.7320518 -19.0000000
v -58.5972366 0.0000000 12.8982267
v -59.5180817 14.9754210 -7.2709994
v -43.2649460 0.0000000 -41.5412025
v -47.6711769 15.1022167 -36.3932915
v -11.5396862 58.3906555 16.6368923
v -39.0838928 20.5242577 43.0591316
v -29.8565598 21.2261429 49.0781212
v -6.9482279 19.3967514 58.8239708
v 1.9638231 59.7320518 18.8180237
v -33.9944687 0.0000000 49.4156189
v -27.6449203 16.9884930 53.2056770
v -51.6016235 0.0000000 30.5744877
v -37.4564514 18.2217293 46.6436615
v -56.2487679 17.9764996 20.5412197
v 13.5350952 59.9974174 10.3931723
v 6.7122555 59.7029762 17.4987221
v 54.2652512 19.1923122 23.9618301
v 2.7331121 16.2333488 59.9048195
v 14.7440891 56.8460732 16.0292435
v 37.2135658 20.5515499 44.5850601
v 12.7778559 57.7989540 16.4391899
v 31.7903614 19.4589252 49.8477287
v 27.4194889 18.7236061 52.8969421
v 33.3009224 8.8014402 49.8796921
v 11.1030588 59.7929115 -14.7007084
v 36.1795044 18.6897774 -47.4165382
v 33.9944687 0.0000000 -49.4156189
v 27.7160721 18.2687874 -53.0272446
v -3.1429665 15.9282608 -59.8845558
v -12.7520971 18.1274967 -58.4274712
v -25.5024548 16.0870571 -54.2144623
v 40.8312531 19.4203739 -42.9449997
v 20.3950558 57.6264114 -4.9966950
v 54.6652412 19.7020836 -22.0907707
v 18.2345963 58.1123276 -9.3011341
v 16.9294968 59.7654648 -7.3043804
v 16.9796162 59.9904709 2.4791567
v -26.7146320 17.0865803 -53.6389160
v -12.6653109 58.5918961 -15.5155869
v -59.5931015 18.3775425 4.4876523
v -59.9038239 0.0000000 1.1656582
v -53.7888489 0.0000000 -26.4489460
v -59.6702576 0.0000000 -6.0816946
v -45.5748215 19.2273464 -38.1953239
v -13.2681780 57.8462868 15.9817543
v -11.4709988 21.8455734 55.6572800
v -5.3985653 19.8252430 58.5917015
v 0.0000000 59.7320518 19.0000000
v -36.4950829 16.7458420 47.5147171
v -22.5768032 0.0000000 55.5681076
v -22.8578053 18.4882526 55.1564865
v -54.8490448 0.0000000 24.2031860
v -45.1369247 0.0000000 39.4051514
v -39.4874992 19.1793404 44.2909851
v -54.3473396 17.1968498 25.3363743
v -56.6422272 19.6244259 16.5953465
v -33.3580589 39.6240158 20.2902279
v 16.3057060 59.9999084 0.2935832
v 20.1294880 18.3794460 56.2825356
v 20.9379559 19.7873878 54.9995384
v 16.3607693 15.9565897 57.6937714
v 10.0289583 14.9693832 59.1258926
v 28.3811188 17.6349068 52.7377625
v 51.0751877 17.6312885 31.3142319
v 23.2113342 4.1961274 55.2722855
v 23.3452435 14.8956032 55.2120628
v 23.7372169 17.9371815 54.9676476
v 33.2250710 15.8355751 49.9189720
v 33.0380592 14.2388706 50.0405884
v 26.4902267 19.3034592 -53.0372467
v 33.9581566 17.3054333 -49.4148636
v 2.2308497 0.0000000 -59.8681030
v -3.9507279 17.5921021 -59.7980728
v -39.1203003 17.0540848 -45.4254723
v 49.5103722 18.6745148 -33.2781868
v 44.5232506 19.0119095 -39.4868088
v 14.5003862 59.1146049 -13.0041275
v 43.5597267 0.0000000 -41.2619705
v 57.5637627 10.7992783 16.6204758
v 56.5951653 17.0487671 -19.7909927
v 18.3404732 59.1962433 -6.2501698
v 54.0415764 20.6587334 -21.0648785
v 59.2564697 19.2461243 3.4198024
v 37.2478294 40.9394035 5.8920708
v 59.9164200 17.3236103 0.8806502
v -15.4884205 59.5908546 10.6989775
v -9.1152115 60.0000000 -13.0211554
v -11.7592678 59.4110298 -15.0260067
v 11.4121084 38.8101578 -38.1764832
v 2.8366332 59.7320518 -18.7371483
v -59.9592285 1.5508953 0.5672172
v -58.5406456 17.4280853 12.8993502
v -59.1481514 17.6307392 9.2972326
v -58.6705132 15.6629810 12.3865747
v -55.7632866 16.5179977 -21.9086208
v -58.0968819 16.6634407 -14.6961460
v -59.3231468 18.4399090 -7.1760945
v -41.1718216 19.7005367 -42.1995544
v -48.3696251 18.3591022 -35.1764297
v -14.8106852 57.2044601 15.4781179
v -44.2363091 20.1038132 38.3235855
v -17.3717022 20.3526802 55.6560898
v -14.6383238 18.4132538 57.9019241
v -33.5570869 17.0757713 49.6911621
v -21.0615082 17.4512234 56.1048470
v -17.8175335 17.6306858 57.1874695
v -56.9678154 0.0000000 18.7668514
v -39.0708122 17.6743565 45.3904686
v -35.7416878 18.4433212 47.7840767
v -55.3307381 19.3255672 21.2778931
v -20.1373920 58.4469223 1.8043419
v -17.8961773 59.3671227 -6.9385629
v 15.5474319 59.9992218 5.2280002
v 4.7859216 57.9765968 20.0939331
v 18.0658283 57.9098854 10.1229334
v 51.7772789 18.7735519 29.5462208
v 3.8001525 15.0031567 59.8495712
v -8.3312607 16.2480698 59.3578682
v -9.3032589 0.0000000 59.2534904
v -4.7167301 5.4131465 59.7519264
v 29.2028027 18.9083347 51.8096008
v 12.4911375 16.7218819 58.5953369
v 35.5540352 19.8700314 46.8280869
v 48.9466095 19.0582714 33.8049088
v 48.2538528 16.7945347 35.5649338
v 51.6016235 0.0000000 30.5744877
v 45.1369247 0.0000000 39.4051514
v 47.2131157 17.8503036 36.8411522
v 28.8003464 0.0000000 52.5920486
v 42.7838173 17.4508553 -41.9631424
v 35.5382309 17.1638985 -48.2412834
v 24.8656845 5.7646379 -54.5091705
v 3.0543461 1.5415788 -59.8895645
v -14.5104961 18.9014797 -57.7481384
v -38.3583069 0.0000000 -46.0983124
v -9.1967936 17.6674614 -59.1991844
v -4.2772579 14.6430826 -59.7933159
v -10.2405281 16.1683578 -59.0835533
v -23.3138313 0.0000000 -55.2271233
v 51.5738602 15.2415600 -30.5937653
v 51.3022537 17.2281723 -31.0288372
v 58.9661217 15.6796074 10.6475163
v 57.1720810 17.2199287 17.9623852
v 56.4009476 15.1629763 20.3081665
v 58.4731407 17.3132153 13.2465286
v 58.5163803 16.8800602 -13.1287403
v 57.0032845 18.2038670 -18.1054115
v 20.1997147 58.4065247 -0.6274127
v 59.2578545 17.8547115 8.7019033
v 59.9202042 17.5211430 -1.3127699
v -53.8498955 16.9471245 -26.3118839
v 21.6308098 17.3262768 -55.9054222
v -2.1953931 58.6260948 -19.9045658
v 7.1429596 59.3429451 -17.8279228
v 0.8728101 59.7320518 -18.9191227
v -58.6418915 16.3977261 -12.5613842
v -58.3799820 0.0000000 -13.6807098
v -58.0166283 7.3560295 -14.9894400
v -59.6792908 17.8592262 -5.1012926
v -59.8335304 18.0495396 -1.1932516
v -59.7996140 16.3550320 -3.6940403
v -49.8962555 18.6608791 -32.6762390
v -43.6919861 18.3049431 -40.8560143
v -44.2653198 16.1339493 -40.4302597
v -46.5594406 15.6726379 -37.7304192
v -46.3627472 17.5110798 -37.9297218
v -29.3675900 19.1929016 51.5659142
v -18.1647568 38.5914040 35.7189941
v -18.3647194 21.1794720 54.4576111
v -36.7021561 5.1914053 47.3572845
v -32.3010139 8.7927074 50.4857788
v -13.0325737 17.6540966 58.4643402
v -50.0429535 19.5728226 31.3569679
v -46.2980156 19.4710884 36.8084984
v -48.3352470 0.0000000 35.4702606
v -56.9499741 16.9984493 18.7566204
v -45.3670578 17.4769192 39.0865288
v -55.1399002 16.9995270 23.4680367
v -18.9375420 58.4535294 6.9073510
v -39.0161209 39.6206055 -0.6556239
v -58.7192841 19.2330170 -8.7564688
v 13.1365700 59.8701591 -12.4796276
v 3.8021934 57.1977119 21.1248722
v 12.5779495 38.4628220 38.1789970
v 18.1425400 58.5995026 8.4665298
v 52.0680962 16.7482777 29.6945305
v 55.6296082 19.1533184 20.8970280
v -0.2673427 20.4032555 58.2606277
v -6.8885450 16.5066757 59.5155067
v 16.2145443 43.0619240 31.6802235
v 19.2409344 16.7882347 56.7384109
v 19.5147820 0.0000000 56.6461525
v 46.8145485 19.7621765 35.6838036
v 48.0808182 9.4383411 35.8367081
v 48.5938148 14.7926435 35.0883369
v 53.7652206 15.6479807 26.4935188
v 54.6976700 17.5162716 24.4349422
v 47.5027199 0.0000000 36.6199188
v 44.2121582 16.5847778 40.4888306
v 21.6647243 6.6306610 55.9206123
v 33.9944687 0.0000000 49.4156189
v 36.5932922 18.8034019 47.0242043
v 29.4496384 20.4366932 -50.2133141
v 34.5949783 18.7823925 -48.5553131
v 34.8120079 15.7453175 -48.7941475
v 38.4534950 4.3375931 -46.0172615
v -1.9864616 17.3772564 -59.8845520
v 0.3556281 19.9675217 -58.7100754
v -24.8378601 19.5810738 -53.5433350
v -37.3502426 18.6249828 -46.5531464
v -11.6016483 4.1908145 -58.7923737
v -4.3503861 9.1935377 -59.7906685
v -22.8692608 15.4693289 -55.4258156
v -33.4849243 0.0000000 -49.7478180
v -37.7779274 14.4294538 -46.5391960
v -37.0204544 16.9869728 -47.1060677
v 47.9454308 20.0049763 -33.7828751
v 50.2470245 17.0725517 -32.6458626
v 53.8221779 17.0759888 -26.3715019
v 58.7657318 16.8576870 11.8583622
v 56.4954529 18.2917385 19.5643101
v 17.6241322 59.9636307 -0.8953036
v 58.1401482 3.4556408 -14.5445414
v 58.7668495 17.4527569 -11.6825657
v 56.8617516 15.1911430 -19.0498409
v 58.2831154 18.4367065 -13.2445984
v 59.1182213 18.8339252 -7.6526847
v 58.0195961 20.1804466 7.0138173
v 59.6791649 14.9947777 -5.8360252
v 59.6712532 15.4839573 5.9350672
v 16.3109055 20.4231510 -55.8812332
v -26.5135574 18.9942131 -53.2900429
v -19.6641388 37.6928978 -35.9277763
v -15.6481190 40.1329956 -35.1873207
v -59.8461189 0.0000000 -2.0272317
v -58.9112740 19.0734577 8.1963234
v -59.1261292 4.1274729 9.6721039
v -58.4985390 13.5485535 -13.2439728
v -59.8287697 2.1019871 -3.1579423
v -40.3068810 3.2963839 -44.3431396
v -50.4269600 16.7413368 -32.3848724
v -44.7426262 0.0000000 -39.8693542
v -47.8181992 11.2428589 -36.2058144
v -33.4363670 35.1641464 27.8356743
v -6.1316738 18.2424679 59.4398422
v -36.0212517 1.6961622 47.8748970
v -29.1919498 17.3725815 52.3245392
v -20.3576488 2.0626686 56.3620911
v -22.4870949 16.1747818 55.5963974
v -15.9773035 17.3104324 57.7983475
v -18.6816959 59.6371384 1.3392290
v 52.6936378 18.0055027 28.3741589
v -1.6168753 17.6638870 59.8635368
v -0.0355014 18.8356686 59.6110725
v -9.4390402 14.9612246 59.2233696
v 16.6140537 0.0000000 57.5526619
v 44.9950905 19.2882137 38.6354027
v 48.4491806 0.0000000 35.3022232
v 46.3116684 16.4119911 38.0221291
v 22.4791012 7.9305401 55.5996208
v 43.1962013 15.6643419 -41.5999146
v 24.2351151 0.0000000 -54.8008919
v 2.7870855 17.6457157 -59.8638458
v 4.9215984 17.9570732 -59.6561394
v 8.2240705 17.5154305 -59.3465958
v 11.5381269 15.8886929 -58.8063087
v 16.4480057 19.0200577 -57.1128960
v -7.3507118 17.3686600 -59.4551353
v -18.9376011 0.0000000 -56.8406296
v -33.3346672 16.7833233 -49.8487206
v 46.5586967 17.8523293 -37.6770248
v 48.0454559 15.1704578 -35.8937149
v 44.4469032 0.0000000 -40.2175064
v 48.4033318 17.2106209 -35.3494530
v 52.2605209 16.7388630 -29.3303566
v 58.9926147 17.3422260 10.4414062
v 57.9741859 1.2381699 15.1422644
v 59.2212906 0.0000000 -9.0916443
v 57.6174240 18.9676094 -14.8651695
v 59.6406174 13.9786549 6.3970904
v -31.6831074 20.9563141 -48.2022438
v -59.9069633 17.8633690 0.4318838
v -59.9709167 7.2346387 -0.1430459
v -59.8694000 6.7935557 2.4089530
v -59.4187965 16.9872723 7.8536124
v -59.1884460 0.0000000 9.2919912
v -57.1808014 1.4169717 17.9997654
v -54.6705971 16.0061684 -24.6232834
v -55.4314232 0.0000000 -22.7415237
v -59.7407875 5.3151550 -4.7809963
v -54.0842361 15.0895662 -25.8884678
v -51.6016235 0.0000000 -30.5744877
v -46.9769859 0.0000000 -37.2388611
v -28.8003464 0.0000000 52.5920486
v -20.4767494 0.0000000 56.3220291
v -24.2351151 0.0000000 54.8008919
v -26.5920029 1.7225637 53.7104530
v -21.8558159 8.1197929 55.8500099
v -16.3279362 1.7098174 57.7104530
v -14.3205633 16.5256386 58.1920815
v -52.0795517 17.6196327 29.6372948
v -55.7556915 16.5486183 21.9276638
v -56.0515404 1.5015004 21.1851521
v -44.4931145 1.9440039 40.1630974
v -38.1055756 16.2427521 46.2879181
v -41.6819305 12.2380180 43.0407143
v -41.4962387 0.0000000 43.2166138
v -54.0741425 0.0000000 25.9108315
v -54.0097771 15.2274866 26.0313053
v 57.3972855 18.6428299 16.3256779
v 54.5238113 10.4891472 24.9835510
v 40.7592773 0.0000000 43.9147034
v 33.1563072 15.5419350 -49.9683800
v 37.2207756 14.8755121 -46.9630432
v 3.7952020 16.4084396 -59.8510170
v 6.6978631 16.7485466 -59.5366669
v -17.3832912 17.1300354 -57.3464012
v -14.1289062 17.2755852 -58.2263184
v -8.4454775 0.0000000 -59.3467827
v -30.8593121 6.7944527 -51.3532257
v 47.6777229 19.2303715 -35.3470955
v 46.5941277 13.5688953 -37.6896133
v 54.4526443 14.1917992 -25.1379776
v 54.5147743 17.7036800 -24.7792683
v 58.4096336 1.8148774 -13.5644493
v 59.5895615 1.2604084 -6.7988987
v 53.6914482 9.1572905 -26.6326904
v 54.0741425 0.0000000 -25.9108315
v 59.7919769 17.6223831 3.2214713
v 59.6676292 4.1533375 -6.1257334
v 21.0898037 2.1835303 -56.1154556
v 21.5750828 15.4485130 -55.9456558
v 22.8566189 16.4085350 -55.4337578
v -57.4294853 0.0000000 17.1040745
v -57.5505257 4.4191179 16.6681519
v -41.4054871 17.8784580 -43.1838951
v -42.0858078 0.0000000 -42.6581421
v -52.0789528 5.7093101 -29.6741467
v -34.4788055 6.8734570 49.0473709
v -31.9820328 16.9199181 50.6754150
v -10.8965664 0.0000000 58.9477310
v -51.1601448 17.9984112 31.1312656
v -49.1642227 3.0807321 34.2476273
v -54.9017487 7.3537049 24.0687504
v -50.5905991 16.4072151 32.1435585
v -43.7329407 0.0000000 41.0071907
v -39.8749237 0.0000000 44.7524033
v -53.1287003 15.2504473 27.6941319
v -57.1707916 21.3524609 -4.2569275
v 42.9835548 1.5688349 -41.8038712
v 39.3614655 0.0000000 -45.2047653
v 29.0806789 17.9740486 -52.3036575
v 2.2058933 14.0823545 -59.9108200
v 3.6519516 13.1236267 -59.8570137
v 14.8413811 18.3748741 -57.8836250
v -13.0412664 16.1434326 -58.4756470
v 44.3718796 4.0870004 -40.3058243
v 57.7747383 15.9710865 -15.8606138
v 59.5825844 0.0000000 -6.8878341
v 59.3916130 15.2951641 -8.0512333
v 56.2204704 15.2934551 -20.7606583
v 53.5376701 1.6776441 -26.9227219
v 59.5269699 12.2750654 -7.2099843
v 59.7032318 0.0000000 5.4735250
v -54.8126450 14.3660336 -24.2926216
v -48.3352432 0.0000000 -35.4702606
v -50.6048088 3.2184968 32.1229134
v -48.2526855 16.4741325 35.5894623
v -47.2398529 0.0000000 36.9293900
v -51.5542831 16.0816154 30.6324711
v 7.7553058 9.6647329 -59.4218445
v 11.0948400 0.0000000 -58.9040909
v -20.6691437 0.0000000 -56.2572021
v 45.8776474 2.8621738 -38.5331116
v 59.9560356 0.0000000 -0.8108928
v -39.4327469 0.0000000 -45.1712570
v 29.4092064 0.0000000 -52.2257080
v 6.8209906 14.8370619 -59.5234604
v 59.7636833 0.0000000 -4.3585482
v 32.0109520 31.2132988 35.0508614
v 34.3806992 29.1178398 35.6830139
v 20.0895405 47.6717911 23.5947208
v 38.0613518 7.4157491 46.3216438
v 37.6714096 0.0000000 46.6204834
v 48.5394249 27.6870403 -15.4998951
v 55.8693466 19.8724823 -18.1470642
v -1.9638231 59.7320518 -18.8180237
v -3.4223840 37.9650116 -40.5587616
v -33.9067879 37.7133484 -22.9319019
v -32.1595421 38.8407784 -23.4895039
v -23.6021442 39.9471703 30.6728840
v -14.0765810 37.5659752 38.5962563
v -46.5672874 30.1166191 13.8360367
v 13.8872919 37.3895340 38.8710289
v 17.7889061 16.8204288 57.2246895
v 30.0086536 40.0485649 24.3217831
v 47.7002945 19.9395142 34.2234993
v 21.9664021 18.0509186 55.6953087
v 29.8074703 6.7771015 51.9861031
v 33.6283836 6.9465299 49.6539726
v 30.4447365 21.1997566 -48.7163773
v 10.0941763 57.3717155 -18.7157955
v 11.7762833 58.6360245 -16.1573086
v 22.9103222 41.0473175 -29.8360176
v -39.9256248 18.1797752 -44.5084763
v 37.1118965 40.9792213 -6.4661570
v 27.5406952 50.8910141 -3.4023008
v 46.0729866 28.8903732 -18.8310604
v 26.6675720 49.8839226 -10.7283077
v 28.1154156 50.5261269 0.4838762
v 53.2578430 25.3743992 0.5941132
v 58.1969528 20.4212246 0.2684610
v 58.2725754 20.2714863 3.3311701
v 20.0761356 58.0796280 4.3120623
v 19.0291271 59.2553329 3.2711482
v 28.8025227 49.3005333 5.5305457
v 49.3860550 28.7584915 7.0429788
v -11.0358601 59.9818230 13.5291796
v -18.5544796 56.9031563 -11.2727327
v -21.9336739 52.6117859 -13.9712696
v -11.3834620 59.9999924 -11.7723026
v -13.2556982 59.8919754 -11.9971724
v -11.2472725 58.6151810 -16.5653191
v -17.3101540 49.3425865 -23.6445560
v -26.7310181 39.7394371 28.3053474
v -23.7624493 30.3397102 42.0701218
v -9.5085306 38.2966805 39.2328606
v 4.7419748 59.8361664 17.5069180
v -3.2991600 49.9414177 28.5549145
v -24.9270592 18.5478401 54.2461433
v -20.8721123 19.3850746 55.4106102
v -47.0864143 19.7335205 35.3554459
v -39.1460342 30.1826267 28.5630093
v -40.6368332 19.4905396 42.9595299
v -55.5223351 19.6771107 19.8436184
v -30.3938675 45.2888908 13.7476358
v -34.6294441 39.9900436 17.2047710
v -27.3314552 47.0204430 15.9267864
v -20.1989937 58.0764503 3.7321761
v -21.1468868 57.2167320 -3.3483441
v 53.1816406 20.5208912 23.3903503
v 3.4083359 11.5130186 59.8809319
v 4.7357392 2.9361813 59.7501945
v 9.2209892 8.7952604 59.2623367
v 8.9870176 16.4237728 59.2857170
v 6.4239717 12.6524773 59.5666389
v -9.3402462 1.5588404 59.2355309
v 21.2940292 22.3635483 52.0840759
v 19.7203770 39.6421776 33.6527290
v 54.1881447 3.1529419 25.6937599
v 43.7702560 0.0000000 40.9378281
v 45.6775856 4.5268068 38.7686462
v 47.2721672 3.4792130 36.8826332
v 43.2426605 17.7405910 41.4805603
v 27.0756245 1.4862881 53.4867439
v 35.2642441 1.7815576 48.4503708
v 37.0537071 11.2946377 47.0900536
v 30.7726803 17.3008862 51.3934441
v 30.6269264 0.0000000 51.4930344
v 31.9125233 1.2054319 50.7194901
v 26.4277668 28.9982986 -42.0364113
v 15.7276421 40.0649834 -35.2412720
v 8.4599733 58.4552116 -18.3334522
v 18.3736038 50.0244370 -21.9526939
v 34.8467674 20.0110645 -47.2075882
v -5.0663724 19.1493797 -59.1732750
v -6.5220742 18.8024712 -59.1848869
v -2.5973408 8.8430023 -59.9084129
v -22.1786594 11.9371138 -55.7228088
v -22.4931240 6.5087361 -55.6015320
v -28.0537281 15.9998865 -52.9998207
v 24.4055996 50.0249825 -14.9134045
v 17.1780910 58.4458733 -10.5192213
v 25.8589153 49.2434731 -13.9423027
v 29.4362335 40.7045288 -23.9525890
v 19.8000813 51.4276047 -18.6493282
v 14.1482840 59.8692551 -11.1405296
v 44.2709007 17.1751747 -40.4061584
v 57.7636452 3.0033495 -15.9005413
v 57.6507111 10.6974783 -16.3073425
v 15.6518488 59.6576195 -10.0241346
v 28.6944981 49.0514755 7.2050157
v -16.1882286 59.9879189 5.9287667
v -8.6259489 59.8808670 15.8601418
v -6.6210108 59.9837456 16.3383484
v -4.7588053 59.9965363 16.1786690
v -13.8923855 59.9987831 8.7897186
v -41.5525513 30.2165146 -24.8470345
v -44.9818726 25.7955360 -27.7086563
v -35.4762535 38.9473572 -17.8530331
v -52.0983391 19.7511311 -27.4506264
v 13.7165985 29.2731400 -47.4341011
v 3.2379565 19.0094891 -59.3952484
v 4.1902218 19.8869534 -58.5954323
v -5.6004467 48.4086800 -29.7347317
v -3.1069229 59.8991737 -17.8296337
v 5.5677395 59.6294289 -17.8766098
v -27.1705761 13.2369986 -53.4423561
v -30.7670250 17.3494205 -51.3934631
v -10.1854181 58.0030708 -17.9541111
v -32.1007385 27.3588924 -40.0137749
v -59.8708496 0.0000000 -0.6588503
v -59.6259842 11.1253347 6.4731417
v -58.6869507 18.8915882 9.8322573
v -54.5170898 17.6085548 -24.8501377
v -28.2311630 49.7489128 -6.2395630
v -47.1856117 30.7321472 -8.5938721
v -45.3609390 1.7659296 -39.1414299
v -46.4531860 1.2943209 -37.8555450
v -45.3899727 14.7258329 -39.1072388
v -34.6273193 20.8895092 46.2666016
v -27.8344917 18.8330116 52.6692276
v -10.5285673 59.6708794 15.5793476
v -25.0911102 20.0738869 52.9438286
v -12.9429712 59.7673988 13.1201916
v -20.1161480 27.4076443 47.1127701
v -21.0126553 21.5528355 53.0675087
v -8.3358431 19.6866322 58.3562660
v -1.6603091 48.9586792 29.6919613
v -2.1545815 59.5349541 18.8281517
v -17.7832413 0.0000000 57.2295761
v -20.5830956 8.7389793 56.2861328
v -18.2756653 9.9101295 57.0635223
v -24.1451759 16.5777168 54.8417854
v -19.4827976 18.5138073 56.4414368
v -49.8319397 20.5667343 29.8034687
v -53.4339676 18.1961689 26.8779106
v -54.2164268 21.1108284 19.2497520
v -18.7273674 59.4183807 -3.6200635
v -19.2645149 59.1437874 2.7768042
v -18.8785439 58.2890816 -7.5420690
v -19.6383991 58.9600182 0.0869395
v -40.1674156 38.4331093 2.6542859
v -58.3433266 20.3000717 0.6004652
v 15.9039707 59.9997177 3.6079571
v 5.4887824 59.9933319 15.9744797
v 23.0274601 49.6689949 17.6277771
v 37.5984764 36.4691772 19.1168079
v 52.9214363 20.0962982 24.9875355
v 3.5148015 9.6833391 59.8641434
v 1.7913967 18.0584984 59.8288345
v 3.3463554 7.7176614 59.8830528
v 1.5597358 4.5917935 59.9120026
v -2.0601707 8.4781475 59.9119987
v 4.4593191 0.0000000 59.7803040
v 4.9194946 12.1277504 59.7302437
v 4.5045705 16.5252323 59.7750664
v -9.0363760 13.3209791 59.2800217
v -8.4189978 4.5311222 59.3478889
v -6.9760942 0.0000000 59.5065842
v -6.1889925 14.7406263 59.5921898
v -3.2878141 12.9877768 59.8786621
v 22.6221313 19.1956863 54.8762131
v 13.5181808 49.7891159 25.4870892
v 20.4364300 29.5778751 44.6212349
v 23.7390594 28.7269955 43.9059486
v 27.4655304 20.0765362 51.6991196
v 18.1863556 18.4637985 56.9063339
v 15.9751692 6.6973882 57.8202705
v 18.1479759 9.1133604 57.1066818
v 17.8976765 59.4034653 6.7115560
v 49.8961601 17.5586548 33.1174278
v 53.4785805 4.3920069 27.0341969
v 52.3623962 0.0000000 29.1395187
v 45.8528709 9.4047213 38.5622902
v 46.2834282 12.8699265 38.0553780
v 44.1741753 18.5700912 40.1297760
v 20.8087101 11.3420639 56.2101822
v 21.0539303 0.0000000 56.1275520
v 23.3574810 9.5576715 55.2056656
v 25.6649780 1.7002032 54.1393700
v 24.8580246 3.3631442 54.5127106
v 35.9339523 0.0000000 47.9412613
v 34.8444519 5.7678738 48.7694778
v 35.0166435 3.7681625 48.6385880
v 32.4697113 17.5364952 50.3597565
v 33.3124733 12.4210711 49.8706398
v 8.4322863 59.6280899 -16.7360783
v 12.7845488 39.3675423 -37.1312714
v 33.7976074 10.7587824 -49.5445366
v 24.6643963 9.7870855 -54.6022911
v -12.0945425 39.3631096 -37.4000053
v -1.9360267 40.1666985 -38.4474449
v -0.4455171 18.5641232 -59.7037125
v -13.6556625 1.6062679 -58.3404083
v -5.6596365 17.4190636 -59.6328239
v -6.4111657 11.7589827 -59.5680351
v -8.4494200 15.9225712 -59.3456612
v -9.6870909 14.4872990 -59.1947517
v -25.2521439 17.9749107 -54.2443085
v -22.2086010 17.5879269 -55.6288338
v -18.0073490 4.2034464 -57.1540718
v -32.0725479 18.0476685 -50.4971161
v -35.9339523 0.0000000 -47.9412613
v -35.5447769 1.8572513 -48.2371101
v -26.0228004 12.1238432 -53.9738197
v -25.1380501 6.7545500 -54.3831635
v 49.7533112 20.3074818 -30.4278755
v 52.0037155 18.2188053 -29.5681705
v 47.8673782 8.6049519 -36.1496010
v 45.5342598 17.5350800 -38.9344749
v 52.8290710 18.4123993 -27.8293514
v 57.5770950 1.7608677 16.5724621
v 57.2052612 1.2982373 17.9116764
v 57.7203255 16.7852821 16.0559101
v 58.6324883 15.3775358 12.6149817
v 55.2959557 16.5789204 23.0747128
v 18.1846142 59.8486595 1.1738527
v 55.8699760 18.4520721 -21.0743790
v 52.0094376 8.9910259 -29.8051662
v 51.6620674 1.2932760 -30.4382515
v 27.8873348 48.4085007 -11.6310616
v 52.3408394 20.8127460 -24.5465126
v 44.3478661 28.5346336 -23.3775864
v 58.6902733 19.7544403 -4.7805738
v 59.5159912 16.6500359 7.2669101
v -5.0466056 59.8278122 17.6585712
v -3.0628335 59.9894104 17.2314930
v -50.9503136 18.1401482 -31.3986893
v -52.2183151 21.3285789 -23.5882912
v -17.4069195 59.1232414 -8.7978859
v -16.4266644 59.9397850 -7.0816545
v 22.3845310 19.9755077 -54.2107658
v 20.5187473 26.7041855 -47.7245712
v 25.0866947 18.4724102 -54.1559410
v -5.9512153 59.9324913 -16.6787834
v -4.4755068 59.7535706 -17.8922062
v -27.2481995 20.0977955 -51.7876015
v -14.7364626 50.9055939 -23.5414619
v -18.9896507 40.5673332 -33.0294609
v -30.3903904 28.4155312 -40.0040283
v -34.3164139 20.5906906 -46.8097534
v -38.9172325 19.7676105 -44.1350365
v -39.4604378 20.7304115 -42.4195099
v -37.4547997 19.9794559 -45.1321297
v -59.9437675 6.0027046 1.0254308
v -59.6210251 6.2614093 6.5761733
v -58.4023132 18.8966446 11.4711409
v -57.8024330 20.1827984 8.8768473
v -59.1919708 5.7567558 9.2705383
v -57.7950935 19.2049694 13.3019838
v -57.4749489 17.8584919 16.7335243
v -56.7416306 13.6606598 -19.4291191
v -58.1897430 12.2517624 -14.3650541
v -57.4430618 0.0000000 -17.0551682
v -56.9678154 0.0000000 -18.7668514
v -57.8222427 2.0995502 -15.6895351
v -58.2921486 15.0787106 -13.9969568
v -58.6186943 6.2715039 -12.6810312
v -57.2216568 18.4545937 -17.1855984
v -56.4090843 16.8055420 -20.2793255
v -57.7266121 18.4720154 -15.4421406
v -47.5493584 27.2670631 -19.4601898
v -39.6391373 36.0484962 -15.6209841
v -59.7449455 18.0438042 -2.9435380
v -57.5433388 19.8453846 -12.0595903
v -55.3190727 19.8471661 -19.8868217
v -56.3325386 20.0862408 -16.1145172
v -44.0368843 19.5735207 -39.3761063
v -39.3011055 15.2023335 -45.2934761
v -51.3943787 4.3410659 -30.9330387
v -45.3832550 5.5846109 -39.1151543
v -44.0936127 19.0744591 39.7372971
v -22.4928799 49.5229988 18.5163860
v -37.2566109 9.5755959 46.9358063
v -37.6334648 8.0784073 46.6493111
v -37.4427643 1.5173517 46.7942734
v -20.2192173 3.7449789 56.4088020
v -15.5758572 10.9611845 57.9102669
v -25.0868759 5.7367868 54.4068375
v -23.5874596 8.0638018 55.1005325
v -47.4871979 18.1036015 36.4313431
v -39.6278572 16.2665024 44.9856186
v -55.4215965 18.3364429 22.3486557
v -56.5865784 18.8326530 18.4879570
v -58.5242920 19.6612720 -7.2568645
v -59.0523949 19.4866428 3.0971692
v 9.2523451 36.8458672 40.7803650
v 10.2313671 29.5040264 48.0972366
v 15.1106148 28.2686615 48.0468712
v 27.7486610 48.3413467 12.1632967
v 53.5214615 17.3842258 26.9510841
v 53.8639679 18.6501141 25.6557713
v 45.4322433 31.1175823 14.0083389
v 0.9000741 16.1653919 59.9108772
v -4.4870248 18.7050133 59.4720154
v 0.4941847 37.4957199 41.1904945
v -7.4836264 13.1150846 59.4513931
v -5.8999004 10.7408485 59.6236305
v -7.6448040 10.0501223 59.4336853
v 46.1541405 18.1191807 38.0882111
v 49.5634575 1.6822251 33.6587944
v 49.7024384 0.0000000 33.4538040
v 49.3160629 4.5025635 34.0236969
v 51.0798492 3.4376388 31.4176559
v 50.3250160 4.8603559 32.5355721
v 48.7549095 11.2808390 34.8510170
v 51.3486099 5.3031721 30.9987679
v 52.0104713 8.6949387 29.8033257
v 53.5297966 10.5665340 26.9375801
v 44.0889702 11.3225136 40.6344376
v 44.0386276 12.9083481 40.6927872
v 21.6653366 5.0802894 55.9155540
v 16.2883587 28.6932659 -47.2168884
v 42.0924072 18.8007393 -42.1637955
v 37.4531555 18.6443768 -46.4583359
v 39.2207642 10.2397251 -45.3678818
v 25.8934250 0.0000000 -54.0336761
v 22.9453163 0.0000000 -55.3976173
v 23.9424419 1.8400232 -54.9363060
v 25.4801540 16.7416286 -54.2235641
v 26.2382240 4.6468172 -53.8741684
v 26.5421867 17.6322136 -53.7334709
v 24.2056637 16.5839272 -54.8144455
v 4.2025676 0.0000000 -59.7254257
v -2.4516132 14.1864357 -59.9086990
v 9.8696785 16.6654949 -59.1527557
v 7.8911180 19.1842957 -58.8970528
v -16.3394661 29.2082100 -46.6858978
v -18.0303802 28.6833992 -46.6053162
v -19.4435444 28.1634502 -46.5894051
v -19.1746082 29.2836094 -45.4840012
v -15.7373524 17.3919048 -57.8257675
v -14.7421513 29.8969364 -46.5032120
v -12.1158056 2.7299163 -58.6793594
v -10.6492481 2.7784779 -59.0015450
v -11.8220711 8.9590216 -58.7440147
v -11.1476402 5.9020543 -58.8924599
v -5.6516552 2.6588078 -59.6506386
v -4.1257014 1.8190857 -59.8142586
v -9.2094564 9.3144712 -59.2598228
v -33.8541107 8.2626266 -49.5033760
v -34.4814949 15.9668427 -49.0423622
v -29.2292461 14.7159176 -52.3339691
v -29.4517841 16.6316586 -52.1980095
v -36.3852425 5.6007485 -47.5982132
v -33.9394264 4.5365310 -49.4434586
v -36.0015373 18.0413933 -47.7631149
v -36.6720200 15.3813801 -47.3801498
v -37.6666183 6.6698132 -46.6231918
v -37.3767166 12.6548481 -46.8440132
v 51.0880547 19.1286049 -30.2975235
v 50.7161980 15.5150280 -31.9584408
v 53.0866661 16.1642132 -27.7734356
v 59.1233711 5.4673529 9.6889591
v 58.8295784 4.6876779 11.4810209
v 57.5652695 0.0000000 16.6150227
v 58.3466034 0.8832757 13.8009148
v 58.1986046 12.6173925 14.3337126
v 54.4450302 5.1179090 25.1511993
v 55.5046806 12.6732826 22.5576649
v 55.6976509 9.3684425 22.0733719
v 54.8134384 13.4038696 24.2880611
v 55.9771729 17.3416367 21.3503571
v 18.0207005 59.6948013 -4.5669289
v 17.6853333 59.9105339 -2.7618132
v 57.3480148 0.0000000 -17.3975048
v 57.8368416 0.0000000 -15.6369181
v 59.0701637 14.5333967 -10.0135307
v 58.1105347 17.2616825 -14.6419525
v 55.2296600 18.1575527 -22.9876900
v 56.6946297 8.9384747 -19.5543480
v 17.3807659 59.8621063 4.7205191
v 59.5402107 18.7906399 -1.9382087
v 59.7109451 17.1365643 5.2895470
v 59.7594643 16.4035339 -4.4354167
v 59.6248779 18.1998043 -4.7735548
v 59.9549026 15.9930553 -0.6602274
v 59.7013397 8.0161867 5.4939289
v -7.5090675 59.3115082 -17.7627335
v 17.9360409 11.9777069 -57.1780701
v 17.1162834 4.1570873 -57.4543076
v 17.2466030 2.5168898 -57.4103928
v -59.0851784 19.5260773 -1.8773584
v -59.9275017 16.1057892 1.3365755
v -59.2636108 18.8582516 6.4277391
v -29.4574394 48.9583664 3.9155221
v -58.8124199 14.1822433 11.5847826
v -58.7828712 3.5360260 11.7659073
v -58.8309441 11.2890959 11.4726830
v -59.2293663 9.8803062 9.0424070
v -59.2388191 12.9328117 8.9847422
v -58.2420731 15.7709951 14.1717873
v -57.9564896 2.9311066 15.2060194
v -56.1828766 0.0000000 -20.8555088
v -57.3846245 11.1425762 -17.2652225
v -59.2333794 17.6124573 -8.9458761
v -58.9389687 11.2873554 -10.8131323
v -58.5866165 4.4324517 -12.8752451
v -59.7017059 15.9125032 -5.4575305
v -59.6423607 2.2902381 -6.2102785
v -26.8085861 49.7137833 -10.8566360
v -47.4820023 5.6218429 -36.6391373
v -53.9862251 12.1877785 -26.0748672
v -52.1761322 14.3537035 -29.4908428
v -45.9255219 0.0000000 -38.4767380
v -22.6402397 48.4198189 20.0150948
v -8.0553265 17.9839230 59.3209915
v -37.1246490 3.3213553 47.0360985
v -37.8734360 0.0000000 46.4669037
v -32.3018188 2.8199224 50.4849701
v -31.3916187 5.5972500 51.0329399
v -29.8637524 2.9035668 51.9522018
v -29.5980778 1.3162789 52.1120758
v -32.4971199 12.2627201 50.3676834
v -31.3923397 15.3752995 51.0325165
v -21.6619682 1.3045489 55.9198570
v -19.1299953 0.0000000 56.7758026
v -25.3782330 7.4185123 54.2720337
v -25.8934250 0.0000000 54.0336761
v -25.4445553 3.0912342 54.2413559
v -22.6757011 5.2010651 55.5139389
v -10.7107744 7.1252947 58.9853325
v -13.8837786 14.6477213 58.2902107
v -14.7115116 9.2435293 58.1080055
v -14.0522423 7.4190598 58.2531204
v -56.4001846 15.8644037 20.3060169
v -44.2240372 17.2496758 40.4418373
v -40.7601128 5.5247555 43.9139252
v -42.0346603 9.0664930 42.7066078
v -53.3442841 3.2808614 27.2875118
v 12.8847790 60.0000000 -9.5695744
v 7.0324135 30.1709003 47.9743805
v 34.7596512 40.6963692 15.2477484
v 14.9270344 14.9804173 58.0600319
v 10.7591963 16.5592690 58.9749451
v 14.2565203 7.0422592 58.2081566
v 51.3652229 15.4023037 30.9476509
v 54.0270424 13.8351612 25.9955940
v 54.2158966 12.0989132 25.6395397
v 42.0601883 16.7030716 42.6788216
v 42.0422897 14.6556282 42.6993484
v 40.7592773 0.0000000 -43.9147034
v 42.2332001 0.0000000 -42.5185242
v 42.5424461 3.3536322 -42.2256012
v 39.9108849 16.3804493 -44.7137413
v 36.1420708 15.7962341 -47.7830582
v 9.6717997 18.5717735 -58.9291267
v -19.0526943 16.0969067 -56.8012123
v -11.9270506 29.7363682 -47.4542503
v -15.5914583 14.0933094 -57.9065628
v -10.6921339 12.0336933 -58.9919777
v -4.4593191 0.0000000 -59.7803001
v -6.0669255 1.3188587 -59.6054497
v -6.5280848 0.0000000 -59.5553131
v -21.1826191 15.7427835 -56.0802994
v -18.9440536 12.9193802 -56.8384628
v -16.6288795 0.0000000 -57.6185226
v -33.4861946 14.8589611 -49.7420883
v -34.7115631 13.3199558 -48.8705101
v -34.7890472 10.0357304 -48.8110580
v -31.9486294 16.0753269 -50.6974487
v -31.8506012 12.5414076 -50.7567253
v -32.3017082 7.3696847 -50.4853668
v -30.4873257 11.5644150 -51.5770340
v -36.3542328 7.6123295 -47.6217880
v 47.4528046 18.2738361 -36.4217072
v 47.6835938 6.6322703 -36.4029579
v 47.5590210 13.4808846 -36.5360870
v 46.9340439 14.8858471 -37.2889709
v 43.4791107 4.6422491 -41.3162613
v 50.2950821 0.0000000 -32.5613480
v 48.4491806 0.0000000 -35.3022232
v 54.4505844 15.9328909 -25.1371841
v 58.8546295 0.0000000 11.2942734
v 58.5107193 0.0000000 13.0867586
v 59.1822052 0.0000000 9.3215799
v 56.8112602 6.7952619 19.2121983
v 56.2452812 8.1558714 20.6988106
v 58.2020950 5.4079866 14.3214407
v 54.9054031 0.0000000 24.0617352
v 54.9187088 8.9913263 24.0237160
v 57.9566193 12.2173710 -15.2055454
v 58.4075356 9.1158724 -13.5794621
v 58.7430229 1.8117611 -12.0054884
v 59.3429260 9.4673119 -8.3494511
v 59.1563721 4.7927432 -9.4876461
v 59.0430679 1.5752969 -10.1787634
v 55.0556946 0.0000000 -23.6845322
v 55.5291748 1.7277191 -22.4961891
v 56.1670303 1.5117483 -20.8952961
v 56.4083138 0.0000000 -20.2897034
v 52.8643723 1.3480731 -28.1926899
v 53.2182693 0.0000000 -27.5251770
v 52.6018028 13.3774815 -28.6879654
v 53.7601891 11.2124825 -26.5020199
v 59.2115746 18.8508625 -6.1753931
v 59.6398582 1.8979484 6.3198032
v 21.5358486 7.9207377 -55.9631729
v 19.7840176 16.2843151 -56.5539703
v -59.8171234 13.8879070 3.3729596
v -59.9020195 2.8803058 1.8072505
v -59.3179359 1.3467590 8.5019655
v -59.5991020 0.0000000 6.4817934
v -58.8928413 0.0000000 11.0951099
v -59.3360519 14.8277760 8.3913450
v -58.0405197 0.0000000 14.9033394
v -58.3669014 3.9873970 13.7275810
v -55.1253624 11.0024595 -23.5097141
v -55.7069435 6.3070078 -22.0500469
v -57.3315773 4.5330906 -17.4567032
v -57.1261711 1.4718928 -18.1953716
v -57.3979187 2.7588148 -17.2178040
v -59.9037056 3.6791780 -1.7721114
v -59.7437210 3.3511076 -4.7268233
v -59.7400703 11.5253277 -4.7940059
v -59.8705635 16.7031784 -2.1786621
v -59.1911240 2.9201858 -9.2756815
v -43.1699677 12.9175453 -41.6195564
v -43.1841621 7.1176753 -41.6159286
v -47.6795425 13.0925713 -36.3633842
v -50.6143684 5.7316389 -32.1087456
v -50.5013084 8.9341002 -32.2755394
v -48.9057388 10.5832863 -34.6286774
v -52.6725960 2.4273591 -28.5544338
v -33.6384621 9.6523190 49.6458282
v -36.3380127 0.0000000 47.6341019
v -13.3350611 2.1873493 58.4109573
v -46.4169579 17.7606430 37.8385849
v -51.7140121 5.0870609 30.3553963
v -56.4083138 0.0000000 20.2897034
v -55.5817146 0.0000000 22.3643208
v -45.0123291 5.9945383 39.5518341
v -45.5390854 2.8465335 38.9316940
v -45.0801849 12.6725149 39.4719620
v -44.6091881 14.1670656 40.0264244
v -48.6643867 18.4129505 34.6767082
v -50.0105286 18.2002659 32.8299065
v -43.7160645 3.4009337 41.0540237
v -43.4061050 14.1405067 41.3854637
v -43.8579941 15.6629839 40.9017487
v -52.0302544 1.6427999 29.7639885
v -52.2802849 6.1764603 29.2943954
v -51.6385536 7.1779490 30.5047379
v -51.7037048 9.0099812 30.3659344
v -53.5123177 13.3479433 26.9705582
v -57.5661888 20.7493420 -6.1927195
v -59.0885658 19.4358253 -3.7824605
v 1.3873860 40.0603294 38.5876617
v 14.4978781 16.7705383 58.1500931
v 51.4036179 10.1371975 30.8941498
v 41.5371590 4.4837713 43.1778564
v 40.9242554 13.4972467 43.7584343
v 40.7410965 9.3363380 43.9319458
v 42.0339432 15.9892874 -42.7072716
v 41.3235130 17.4083958 -43.3548660
v 33.4475822 6.2195129 -49.7851295
v 2.1468399 6.9301591 -59.9105568
v -0.0062809 16.6218281 -59.9119949
v 2.0484133 15.9776878 -59.9118843
v 13.1592474 17.2494965 -58.4448128
v 7.6886120 0.0000000 -59.4290962
v -7.6631413 50.2637939 -27.3315277
v -16.0702553 11.1976290 -57.7741699
v -30.3659840 0.0000000 -51.6500397
v 44.6249466 12.0586834 -40.0078278
v 45.7731323 12.8825665 -38.6561546
v 46.7588120 6.1101432 -37.4957237
v 46.4441872 9.4405060 -37.8661308
v 58.5836601 3.8679039 -12.9020395
v 58.3599663 12.4778938 -13.7507219
v 58.8730240 0.0000000 -11.0499477
v 56.5359459 7.0644860 -19.9675484
v 54.3079567 5.6736622 -25.4601994
v 59.9447823 11.1778898 1.0095183
v 59.9651260 9.6681633 0.2762913
v 59.9493523 13.3152304 0.9320799
v 59.9661980 5.1446848 -0.3064939
v 59.9478531 2.1873851 -0.9479879
v 59.6993446 2.0892937 -5.5452890
v 59.6986771 11.6666918 -5.5575633
v 59.7016945 9.8240595 -5.4644270
v 21.7633362 6.0352507 -55.8858490
v 19.1299953 0.0000000 -56.7758026
v 23.1508427 8.7647552 -55.3025360
v 22.5592346 12.3902493 -55.5726242
v -59.8543892 10.5271988 2.6856978
v -59.7317924 5.4334135 4.9469233
v -57.3606491 10.8299828 17.3520298
v -59.8714333 9.5870132 -2.3713353
v -59.4362755 1.6757495 -7.7031078
v -40.7592773 0.0000000 -43.9147034
v -48.6870155 1.4507792 -34.9514427
v -50.0470505 10.4472561 -32.9455338
v -49.7697754 1.6875197 -33.3544884
v -52.7063293 7.0623155 -28.4907990
v -12.4827604 0.0000000 58.5985870
v -15.8761358 0.0000000 57.8200378
v -50.0907021 2.1812978 32.8811646
v -56.3628311 12.5939846 20.4035454
v -55.7827034 4.3910751 21.8598843
v -55.3400078 15.5212355 22.9709148
v -55.3425598 10.7174349 22.9645729
v -46.4363823 15.0920429 37.8753090
v -44.9302521 11.1337204 39.6484718
v -53.5564995 16.5184345 26.8860226
v -52.8463287 17.0469437 28.2209263
v 12.1533651 3.5828104 58.6711006
v 51.0362701 8.3645267 31.4865494
v 39.5528145 16.1389046 45.0539398
v 41.8782654 10.6743593 42.8547440
v 34.8763809 1.4180568 -48.7451134
v 35.7851677 14.4274912 -48.0543747
v 9.0464754 8.2122192 -59.2808533
v 14.8165150 16.4422207 -58.0839615
v 13.6981401 9.6570330 -58.3310623
v 15.5901337 4.9595413 -57.9134369
v 15.0245905 1.2234597 -58.0390854
v 13.8189621 7.7933011 -58.3044662
v 11.9804344 1.4685752 -58.7091446
v -21.8235035 0.0000000 -55.8682518
v -19.0096474 0.8876250 -56.8163490
v 45.6903076 6.4139996 -38.7536621
v 54.6079865 3.8159895 -24.7976837
v 59.8710747 16.1103230 2.3554924
v 59.9608879 8.1247749 0.5304962
v 59.9719925 3.3765814 0.2964237
v -55.1769295 16.6492367 -23.3792763
v -59.2512093 1.1608014 -8.9091797
v -50.3860321 0.0000000 32.4455757
v -46.8278198 6.9043641 37.4144669
v -47.0755501 11.0142345 37.1222534
v -53.2999153 11.2512951 27.3711872
v 29.4800243 16.0806465 -52.1825180
v 30.8241711 12.3683052 -51.3743591
v 5.2447233 15.8203020 -59.6948891
v 8.3888149 13.6719398 -59.3528519
v 6.4620142 10.9708519 -59.5625000
v 13.3749952 0.0000000 -58.4021912
v 15.4568768 0.0000000 -57.9439316
v 12.1986523 8.6342230 -58.6611214
v 59.6922379 0.0000000 -5.6762486
v 59.8736000 0.0000000 -2.3313165
v -40.4074326 0.0000000 -36.4246979
v -40.5528488 0.0000000 -32.9993820
v -38.3872147 0.0000000 -35.7865791
v -33.4243660 0.0000000 -38.9998245
v -44.1579895 0.0000000 23.4646187
v -31.7280312 0.0000000 -35.4863052
v -18.6513138 0.0000000 -37.9208031
v 31.2357864 0.0000000 -51.1266937
v -6.9873366 0.0000000 -28.1335564
v -6.1871147 0.0000000 -29.5310307
v -3.4560452 0.0000000 -28.2155037
v -13.5402927 0.0000000 21.8813972
v -6.8261833 0.0000000 20.4256439
v -2.7218013 0.0000000 23.3697186
v -7.5939550 0.0000000 18.7328434
v -6.4129443 0.0000000 16.9588108
v 7.7910919 0.0000000 -20.4083271
v -2.7061932 0.0000000 12.9332008
v 0.1491698 0.0000000 -11.7258091
v 0.1656205 0.0000000 10.7366438
v -1.3812246 0.0000000 -8.9386520
v 3.6852403 0.0000000 -0.8788999
v -45.7656517 13.7834692 38.6649780
v 26.9102535 38.9648247 29.2302570
v 19.4367943 50.2522354 20.6948013
v 30.7046223 34.3481026 31.9559631
v 25.3606720 41.1955376 27.6144543
v 35.9999771 23.8852406 41.2450447
v 18.2552872 48.5184097 23.9485321
v 28.3680058 4.3170972 52.8496170
v -1.3578469 48.5108185 -30.1374760
v -26.9444847 35.3984261 33.8435249
v -18.3248768 49.0366211 23.2378082
v -25.9558640 37.6922417 31.6904774
v -13.5766039 28.9995956 47.7456360
v -5.3129826 58.7311554 19.1792412
v -48.9636879 28.0546188 12.8431730
v -41.9827538 35.3288383 10.7325478
v -42.8140488 33.9157410 13.1663198
v -38.2087364 39.0027885 10.7041874
v -4.0735073 1.6118472 59.8217697
v -5.8669782 1.9882876 59.6272163
v 12.3949099 45.9120903 30.3076344
v 11.7081890 44.0279121 32.5978775
v 38.0298500 30.6664410 29.2663288
v 31.2787075 38.7422676 24.8201885
v 27.8700409 44.8293800 19.1695271
v 30.0961533 42.9744530 19.1267700
v 14.4930916 59.0230141 13.1422834
v 28.8051357 39.8202362 26.0158577
v 14.9496546 59.5635071 11.4677038
v 24.2317791 39.0980225 31.2601490
v 35.7739525 20.7606316 45.5324402
v 11.0680466 58.5448265 16.7726746
v 32.4486351 20.3488903 48.4010315
v 28.2879429 28.7719765 41.0659981
v 30.9111443 24.8006172 44.0753288
v 24.7077274 34.0405502 37.1386757
v 21.5547886 39.0486603 33.2224884
v 18.5156765 43.7710686 29.5581188
v 36.7600021 7.9794378 47.3133430
v 35.6005478 8.6884375 48.1947136
v 31.2699966 7.2327757 51.1061249
v 33.0977669 10.5688028 50.0049744
v 32.1695557 12.8636065 50.5648689
v 26.6478519 30.3258247 -40.3106918
v 14.5132885 48.7926064 -26.0911026
v 27.4876404 44.0065651 -21.1095848
v 38.0814552 32.8639641 -25.4442577
v 40.7302742 37.4148102 -6.4935107
v 42.5924759 35.4272308 -7.4501786
v 34.2236786 44.1284180 -4.5482435
v 53.6912727 18.6681290 -25.9257698
v 28.8105736 49.0846062 -6.6635537
v 29.0726395 48.3607750 -8.4640608
v 39.6496315 36.8051720 -13.3608370
v 31.9451847 44.5162315 -12.0023689
v 22.5372963 54.5633736 -8.4164238
v 33.2533913 45.3526421 1.7309805
v 34.5887337 44.0297623 1.5677171
v 54.5896416 24.0423775 0.2001408
v 43.3612595 35.2952538 0.8677340
v 57.5874252 20.8102055 5.1033263
v 48.4831734 29.9872627 3.9954858
v 54.1473694 24.4437637 2.3225784
v 24.1840782 53.8221092 5.5002809
v 51.6287270 25.7152882 11.5351534
v 52.6380005 25.3597832 -8.5082569
v 44.0723343 34.4497261 -3.6206536
v 54.9362640 23.6054230 -3.6767950
v 54.0634613 23.9111900 8.6231136
v 27.6467419 50.5592422 4.8498950
v -16.3475037 59.9998970 -1.8024209
v -11.7151031 59.9990120 11.6620483
v -19.6562386 55.6237755 -11.9246397
v -22.5213318 51.6195831 -14.9036112
v -37.6928482 34.8663330 -22.2465572
v -13.6641455 59.9994736 -8.7611399
v -12.9637928 60.0000000 -7.1915774
v -6.9130831 24.8211117 -53.4077606
v -4.8405972 34.6064148 -43.8039322
v -9.7760105 22.9415607 -54.8492622
v 3.9870970 55.8143883 -22.5347996
v -15.5159864 54.2414246 -18.8107719
v -26.7082977 34.8633041 -34.7163124
v -15.0351686 59.4544754 -11.7422609
v -28.3237934 43.7884178 -20.3472481
v -43.6881256 23.3014507 -33.9724655
v -47.1843414 19.8973923 -34.9815369
v -46.9753647 18.8028221 -36.6526222
v -45.0224380 17.8425293 -39.4927559
v -16.9367065 44.7521591 29.3780403
v -19.5476017 42.5176582 30.4012508
v -30.5747013 34.9705238 31.2076454
v -30.1201038 34.2783203 32.6277695
v -16.3361797 32.9112625 42.7159958
v -8.0388212 48.1844788 29.3822441
v -8.3818693 40.7396126 37.0011787
v -12.2118187 31.6970825 45.3269157
v -11.1278906 28.2763958 49.1565514
v 7.6883264 59.9717484 15.8883753
v -29.2339935 42.1317520 21.8816586
v -33.3364792 36.9390221 25.0602322
v -42.6819992 24.5438156 33.2342758
v -37.7668076 30.9642296 29.1000595
v -37.8364410 19.4592571 45.4707947
v -52.6466370 19.8633823 26.1571198
v -54.5138054 23.0483685 10.9120760
v -47.8687859 28.7437878 14.2812099
v -51.9328728 24.6306152 15.0132208
v -33.8290100 41.6578407 14.9548988
v -40.8520508 34.3928032 17.0505104
v -40.1282539 33.6659927 20.3701096
v -39.1128654 34.9770699 19.4479733
v -24.7645092 53.5877151 3.8128841
v -29.1576443 49.1507759 -4.4699407
v 9.5559044 59.3317032 16.6319294
v 56.9498024 19.8644028 14.4817152
v 5.0757413 10.3775749 59.7132721
v 8.8898525 2.5482221 59.2979469
v 22.6182556 20.3298340 53.7364235
v 22.7220421 21.4089699 52.5246353
v 14.3583155 39.7466240 36.1595039
v 16.6446476 58.7378693 10.8566799
v 34.1382141 24.4051609 42.1687164
v 25.1291809 39.9909058 29.4106178
v 30.3417320 26.1883278 42.7866859
v 19.0636082 44.8418732 27.9191685
v 46.1652374 3.1979382 38.1945267
v 46.9912834 1.6383694 37.2212181
v 27.0246239 8.8584929 53.5103378
v 25.8187828 6.5820742 54.0682182
v 34.0774345 20.0291576 47.6802559
v 33.7323456 4.9678731 49.6007576
v 32.3639641 4.3459291 50.4478493
v 29.4594727 3.1901288 52.1954613
v 17.2188187 44.4759598 -29.5302238
v 19.4571095 41.0888710 -32.1621513
v 14.6497898 43.4704857 -31.9862671
v 13.5902138 36.8054695 -39.5609283
v 32.0673599 20.5394764 -48.4445229
v -22.3707752 1.8700318 -55.6495209
v -28.2877979 6.1706195 -52.8743515
v 38.5492744 28.9803543 -31.3241634
v 44.3809700 20.3388786 -37.8397102
v 29.7208214 34.2681808 -32.9851532
v 29.1184292 33.4953842 -34.5119438
v 35.3538055 29.9701653 -33.4480400
v 27.4409542 40.7962532 -26.0645618
v 30.0316353 38.7028809 -26.3386421
v 32.3464355 35.0677452 -29.2050076
v 56.4466248 4.8509111 20.1934719
v 57.7498894 7.4744205 15.9501085
v 58.1728897 16.1472855 14.4264660
v 19.3337059 58.9302597 -3.6728065
v 35.3643990 43.1083488 -3.6756721
v 25.1825142 52.7769699 -5.8658290
v 23.8634777 54.1816826 -5.3247843
v 43.9743805 34.0672226 -7.4321136
v 57.4029579 20.3916073 -10.1072702
v 57.1053162 1.5219153 -18.2712345
v 57.5788231 1.6255267 -16.5662403
v 57.5335846 12.7777081 -16.7291927
v 24.4222488 54.1967812 1.0190659
v 34.9160652 43.7333450 -0.2533649
v 36.1302948 42.5110359 -0.6811910
v 53.7667885 24.8444443 -2.4877775
v 45.0619049 33.5224571 -2.7318563
v 19.7038078 58.8820114 1.2349584
v 32.4437637 45.3843079 7.2423515
v 43.7365036 34.0765953 8.5187082
v 43.6449738 34.4745712 6.8755612
v 58.6890259 19.2990513 8.4049702
v -16.0507107 60.0000000 2.5017326
v -9.9256773 59.9999847 12.0908079
v -12.2370300 59.9999619 9.8011417
v -45.4063721 24.7498016 -29.0116787
v -50.7348595 19.6363792 -30.0825329
v -47.3758011 24.9215622 -25.3487740
v -25.3858318 49.6091003 -14.0900421
v -29.9448586 44.2804108 -16.8567944
v 6.4179626 44.5196342 -33.5665359
v 8.9662647 42.4598618 -35.0808563
v 6.6485467 53.9081459 -23.8225327
v 13.5395594 23.8544102 -53.0858154
v 10.1859703 20.7809677 -56.9519234
v 9.1869812 21.9702644 -55.9187660
v -27.5604992 11.1400394 -53.2573051
v -30.6120949 19.3397427 -50.7505417
v -9.2811317 59.0565567 -17.2235947
v -7.2252297 58.3285217 -19.0034275
v -18.9087543 48.2042961 -23.8634472
v -18.3126793 49.9800034 -22.0420303
v -26.8048630 38.7514038 -29.5449657
v -30.9443340 35.5123825 -30.0716000
v -59.9630890 10.4623289 -0.5775354
v -59.6827583 9.3795366 5.8027711
v -59.6763763 16.9689064 5.8023300
v -43.0977821 30.2232990 -22.1018963
v -33.3216400 44.2527809 -8.6338987
v -37.6129494 40.1984711 -8.1679764
v -42.9444847 33.9379730 -12.4984331
v -45.7887230 20.1284790 -36.4398880
v -26.8327789 44.7993851 -20.6751957
v -21.0020599 52.5718575 -15.4762135
v -44.1666870 2.8163602 -40.5438156
v -27.2087345 28.8337669 41.7304153
v -30.8670101 18.0012150 51.2766037
v -11.6780081 53.8207779 21.8946152
v -25.1906662 24.2590504 48.1905632
v -10.1476278 54.6863899 21.6748238
v -14.0767612 58.5070763 14.3743486
v -45.3748207 19.1361980 38.3228149
v -21.8356647 20.1743717 54.2206154
v -20.9230824 24.1806755 50.2687607
v -9.6664925 47.5359344 29.5638466
v 3.8845816 59.2089272 18.9895458
v -47.6360779 23.8097286 27.1808586
v -46.9635391 23.7313595 28.4442043
v -53.7609558 19.0137024 25.3612404
v -38.6745186 38.8881531 9.2235003
v -34.2511444 43.3708572 8.4389153
v -33.7135735 43.4705391 10.1508112
v -52.2370834 23.7492027 16.9158688
v -38.3894653 32.9347878 24.8300323
v -40.5908394 29.2682476 28.1464958
v -37.7532539 32.6475029 26.2952633
v -17.7867165 59.9270287 -0.4193947
v -17.8277073 59.9001656 -2.0994096
v -34.8445129 43.6954231 3.1704571
v -24.7638988 53.8593063 -1.1734917
v -38.1396751 40.4891701 -1.7713372
v -44.0486946 34.5864296 -1.9324678
v -53.8104324 24.8322105 0.6438804
v -49.0832825 29.5585594 0.7302138
v 2.9265223 59.9658051 17.3578529
v 5.8100972 58.8874283 18.8569279
v 7.4129772 56.3780212 21.0010490
v 42.2760620 30.3279037 23.3536682
v 57.8827400 19.1437607 13.1697264
v -1.5968993 44.0975952 34.5729904
v -0.5140165 40.2138557 38.4822197
v 4.4884100 1.0504317 59.7761650
v 4.6526852 13.5275679 59.7592430
v -9.4543839 9.7425604 59.2208710
v 10.2905750 56.4969826 19.5880127
v 16.8662548 44.0890198 30.1693401
v 19.9973869 4.4896097 56.4835472
v 17.6963997 1.8373561 57.2588387
v 42.8284721 19.5837383 40.6584129
v 52.3878212 12.8642540 29.0915623
v 44.8114815 7.0299592 39.7882767
v 44.8889160 10.4061613 39.6969986
v 45.0537109 12.1254902 39.5031166
v 45.8405609 7.6560869 38.5767860
v 46.3198204 0.0000000 38.0125351
v 20.3141441 6.2468648 56.3768196
v 24.0857716 13.1852369 54.8699913
v 24.7878838 0.0000000 54.5451546
v 35.7149506 14.4034300 48.1077423
v 35.4929237 15.9690132 48.2762070
v 35.6764297 10.7181625 48.1370392
v 39.3009338 8.5315819 45.2884445
v 32.4866524 6.0959210 50.3740692
v 34.4352608 6.9484339 -49.0788345
v 38.6007004 6.8062520 -45.8985863
v -10.9763985 20.6786575 -56.9418411
v 1.1333679 21.0568962 -57.6030273
v -2.6861520 20.4088154 -58.1524010
v -5.2340064 29.9801064 -48.4181137
v -2.4330900 30.1497803 -48.4315376
v -7.0501709 13.5424089 -59.4985352
v -23.6263657 12.0159130 -55.0825424
v -29.1216927 10.2726994 -52.3951836
v -26.6071358 3.2310848 -53.7034912
v -25.7697029 14.1637316 -54.0909157
v -23.2989845 10.4673681 -55.2335167
v -25.7670097 4.9108324 -54.0921745
v -26.7166405 6.2727833 -53.6524506
v 37.4888420 31.8956165 -27.9564991
v 51.6539154 19.4063225 -28.9671898
v 43.1684494 19.1145306 -40.9079323
v 57.7115479 13.6342278 16.0882282
v 52.0402832 5.3396096 -29.7471123
v 51.1892014 6.1160579 -31.2512436
v 54.9262123 15.0225153 -24.0085583
v 49.7348824 24.5154953 -21.3883133
v 21.3796825 54.5120316 -11.0721874
v 32.4390717 43.5309410 -13.4323854
v 44.6606140 29.0642109 -21.5117893
v 40.1434021 33.6034889 -20.4395752
v 47.0385818 23.9386864 -27.9138737
v 22.5948219 53.1313858 -11.7612734
v 58.6260109 19.0018520 10.1430349
v 0.8116505 59.9867554 17.1106205
v -3.6482737 59.2495270 19.0889950
v -8.0512657 59.9135857 -15.9962101
v 21.6744213 23.4552479 -50.7559319
v 6.4397655 59.9853477 -16.3944950
v 7.5177898 59.9923439 -15.3145475
v -21.3654327 34.7365646 -38.3719254
v -17.4802647 44.2271080 -29.6757164
v -19.4366341 39.1563225 -34.3942261
v -35.6700516 23.6483231 -41.8442383
v -59.8461189 0.0000000 2.8381245
v -59.3636627 6.8046117 8.2232552
v -59.4041748 5.0378814 7.9753995
v -59.0778275 7.1701975 9.9668036
v -58.4834480 2.1212599 13.3031435
v -54.2937393 7.8084745 -25.4492264
v -56.9700050 3.2185640 -18.7557316
v -58.2947655 10.5118370 -13.9831781
v -57.5495605 7.7276988 -16.6714611
v -58.6233521 11.8437452 -12.6663799
v -58.6769791 8.0700979 -12.3787556
v -49.3839569 24.9799461 -20.9787502
v -45.3806458 29.2798138 -19.4027157
v -34.5016899 41.4072723 -14.0127258
v -33.2344933 43.5483093 -11.2846413
v -45.2307625 7.1494412 -39.2946968
v -46.3846855 6.9564395 -37.9361649
v -16.1066723 43.6379700 31.0888710
v -9.7143974 58.8999634 17.1662846
v -42.0815353 21.7634373 38.2140503
v -13.0334749 19.4397659 57.7076073
v -34.0164604 5.1827621 49.3915215
v -36.4484596 12.2285070 47.5501633
v -17.4263268 3.2417891 57.3498230
v -17.0183449 4.9906249 57.4859238
v -18.3789310 6.4258990 57.0288773
v -23.8883438 6.3632507 54.9613419
v -24.0064182 2.7784216 54.9067039
v -22.1773968 3.1401107 55.7211456
v -57.0078545 14.9600258 18.6151276
v -39.0117073 11.5127392 45.5493164
v -31.9212856 40.2015419 21.4307976
v -28.1460190 45.8693008 16.8077831
v -40.6668358 37.9352303 -2.6058216
v -43.6602821 34.6101074 -5.9586701
v -59.8355865 17.6802750 2.4855862
v 8.1112080 49.4478073 28.0302124
v 6.9825063 34.0297127 44.0801163
v 7.3096199 41.9550209 35.9883575
v 7.5726690 37.5062027 40.4682579
v 13.4761992 26.4724693 50.3764954
v 17.1392765 19.8683510 56.1837158
v 15.3152294 24.5589046 51.8379669
v 46.4444313 24.3173695 28.1410484
v 33.6254158 39.6153564 19.7674332
v 25.1946335 50.4286194 12.6734838
v 48.0063438 28.4405880 14.7283592
v 51.8746758 24.3460026 16.0432224
v 32.5081215 44.4793320 10.5538378
v 23.6699924 53.9164696 7.1942859
v -1.1590973 10.1081800 59.9120026
v -5.5372362 12.7380486 59.6630592
v -6.7378607 5.0730300 59.5325050
v -6.3892875 6.7829084 59.5704079
v -5.9700751 8.7401285 59.6159973
v -7.1510019 11.5951147 59.4875679
v -2.9622946 9.8857651 59.9052200
v -2.1252832 11.4851665 59.9120026
v 45.8238373 19.5715923 37.2257996
v 17.0764523 59.0871468 9.4353695
v 19.2431793 58.0368195 7.2770414
v 48.7455750 1.2768847 34.8645973
v 50.3260498 9.8689728 32.5340691
v 49.5872879 6.3640633 33.6236496
v 52.1843605 5.8229527 29.4753399
v 52.9603767 8.8585072 28.0116310
v 52.2277718 14.7840233 29.3934269
v 53.1592064 12.1237965 27.6365757
v 54.9274216 1.5995524 24.0047436
v 45.2661743 17.3504086 39.2412643
v 38.4217377 5.6152763 46.0500908
v 40.7649269 17.4049110 43.8925705
v 19.1511421 19.9977417 -55.4160156
v 12.2202368 34.5041656 -42.4265862
v 11.6523018 43.2325974 -33.4283562
v 8.5108786 53.8418236 -23.2731934
v 38.7290878 8.3872766 -45.7810326
v 27.4482613 5.7849526 -53.3101578
v 26.7725906 1.2707129 -53.6269341
v 26.1301975 8.7423925 -53.9241409
v -9.7070189 54.2984314 -22.3142490
v -21.1921787 25.6825485 -48.5224991
v -10.4231663 40.2204514 -37.0054321
v -9.6730204 45.7428169 -31.4628353
v -12.4778728 12.6504440 -58.5996704
v -7.9009418 12.1704388 -59.4060173
v -9.3250942 11.2059650 -59.2394981
v -21.0657101 5.2532735 -56.1235771
v -21.8211555 9.9872637 -55.8665504
v -28.7891521 4.6428418 -52.5927849
v -35.0478210 5.0009394 -48.6148682
v -36.1764069 9.6255798 -47.7569656
v -35.2616882 8.4333439 -48.4523087
v -37.7160492 4.6509395 -46.5856247
v -38.9917564 5.8041220 -45.5702591
v 48.7685776 1.7544363 -34.8311081
v 49.2987785 3.7002621 -34.0491600
v 50.7614555 1.4466920 -31.8847618
v 49.3879471 5.6920276 -33.9176483
v 49.1351624 8.5666246 -34.2904778
v 58.9218712 10.4628391 10.9180765
v 59.0789146 3.4541268 9.9601545
v 58.9096947 12.3440037 10.9921989
v 58.6203308 11.5789204 12.6771984
v 58.6126862 7.7798805 12.7250786
v 58.6116562 13.4117107 12.6569433
v 57.8114204 12.0045681 15.7284651
v 55.9966774 14.1346588 21.3228474
v 58.1527138 10.7651768 -14.4992847
v 59.3052521 13.2732496 -8.5794954
v 59.0614510 16.3241386 -10.0636997
v 58.6014481 10.8658705 -12.8008862
v 55.8205566 16.7402267 -21.7648487
v 56.8729973 5.9674954 -19.0707817
v 52.8020744 8.2211618 -28.3102207
v 52.8352432 10.2523193 -28.2476482
v 18.6729221 5.2657824 -56.9298134
v 18.0693302 1.3515977 -57.1331863
v -27.9840240 14.3093233 -53.0408134
v -20.6524239 41.8801422 -30.4225254
v -20.3943176 43.1783218 -29.0189781
v -25.0957909 29.5582886 -42.2198029
v -34.7255821 43.6069641 4.8811135
v -57.7967033 20.7881660 3.6236196
v -43.8214989 34.4658966 5.7993784
v -58.9440002 9.2255154 10.7830782
v -58.9291534 15.4278069 10.8736572
v -58.9691505 12.7907295 10.6296835
v -58.1633453 1.2090950 14.4594221
v -57.6994247 1.3735335 16.1318932
v -59.5757217 11.3421526 -6.8044600
v -59.7379913 1.5335487 -4.8324113
v -59.7089157 12.9599810 -5.3568182
v -50.2032089 24.8696480 -19.3191051
v -59.5182686 9.0995226 -7.2463393
v -49.4364471 17.4816570 -33.8133278
v -39.7096138 11.8330345 -44.9068146
v -49.6100502 15.3190489 -33.5900841
v -53.1996002 11.9403677 -27.5603981
v -52.5257950 11.7281294 -28.8313255
v -34.3804779 15.3281565 49.1221237
v -30.9558468 11.9927807 51.2951393
v -30.0573101 4.6983209 51.8357735
v -28.6460457 3.8800061 52.6782112
v -29.1760368 7.7649069 52.3660088
v -32.8199043 15.3699598 50.1731339
v -24.9353657 9.4400301 54.4769363
v -24.9697323 1.4969559 54.4610291
v -26.7784996 10.1868038 53.6241798
v -26.6006718 5.9955850 53.7064743
v -12.7164059 15.8166838 58.5471611
v -55.0320702 2.0929003 23.7438412
v -41.2750053 15.2006216 43.4261818
v -41.8873215 7.6830783 42.8461647
v -44.6068001 33.7524338 -5.2037888
v 12.7653494 60.0000000 7.0155516
v 3.9655750 60.0000000 11.2334566
v 6.5875516 60.0000000 6.0194974
v 6.0498610 60.0000000 -14.5704870
v 6.5047426 60.0000000 -12.6026545
v -3.6066387 60.0000000 -12.3578997
v 2.9127154 60.0000000 -10.6162968
v -5.1873899 60.0000000 -9.7938652
v 7.5829716 60.0000000 -6.8337679
v -6.5042553 60.0000000 -6.9426355
v -7.7009530 60.0000000 -5.5128732
v -0.2191813 60.0000000 -6.6455846
v -7.1960020 60.0000000 -3.6415579
v -8.9277992 60.0000000 1.9881181
v 3.7310691 60.0000000 4.9232621
v 10.4502602 33.5197792 43.9063988
v 10.4736462 34.6994133 42.6794701
v 8.4478025 46.8967361 30.5853500
v 5.8867898 41.3457375 36.8510094
v 10.5530748 24.4995995 53.1205826
v 40.3585091 34.5261917 17.8600712
v 54.4276886 19.8619461 22.1899204
v 35.9321976 39.2971611 16.0792103
v 31.3720016 44.4914055 13.4903316
v 36.3331833 39.4845619 14.5707989
v 48.8224792 24.5417576 23.2980175
v 6.2867351 19.3590660 58.9214325
v 16.7825546 10.3080788 57.5660629
v 53.8443108 6.4149113 26.3443432
v 39.7749023 3.9221420 -44.8467827
v 39.8018837 7.1881361 -44.8210411
v 40.6469612 5.6562948 -44.0210991
v 27.7651386 9.7609215 -53.1515694
v 3.3620260 11.2307262 -59.8769112
v 16.6079159 8.0082035 -57.6217957
v -17.6440544 6.2307482 -57.2764778
v -17.4606781 21.1181412 -54.8555145
v -16.5671158 19.0489178 -57.1065369
v -15.4768105 24.6141872 -51.7854195
v -6.5356407 4.0658813 -59.5544930
v -19.2183228 10.9780598 -56.7460518
v -35.2088394 14.8761444 -48.4924622
v -32.6328392 4.7413607 -50.2834167
v -33.6172562 6.0938177 -49.6805153
v -33.3845253 3.2939978 -49.8182259
v -31.1183205 5.0780702 -51.1973801
v -32.2133102 8.9918518 -50.5385475
v -31.0528316 8.1720285 -51.2367935
v -36.2780151 13.7412014 -47.6797142
v -37.5361633 8.7977695 -46.7232895
v 43.3208923 6.1893401 -41.4690781
v 46.1453896 16.1699104 -38.2178688
v 51.2063599 4.4095626 -31.2342968
v 49.3606415 0.0000000 -33.9579201
v 59.0679207 1.6058431 10.0271158
v 59.3930359 2.9888196 8.0439148
v 59.4998093 0.0000000 7.3249035
v 59.4534378 10.3908939 7.6755967
v 57.9149055 4.2033591 15.3557568
v 54.9723053 3.8695118 23.8938332
v 54.8767586 11.7336950 24.1292877
v 56.0693474 3.1912842 21.1404552
v 55.8942146 15.7274618 21.5799561
v 54.8971596 1.8961927 -24.0780678
v 55.3193703 3.6623232 -23.0227623
v 55.4653931 6.8956504 -22.6562786
v 55.2147026 8.5084724 -23.2854633
v 53.1430893 14.2318678 -27.6670017
v 53.7397842 3.7845783 -26.5414982
v 59.9042625 14.9090424 -1.7631785
v 59.8647156 16.2290649 -2.4946167
v 59.7392693 11.0691538 4.8043146
v 20.0135899 6.8193679 -56.4780922
v 20.1709728 14.2809505 -56.4250526
v 23.3377132 6.9444485 -55.2160873
v -59.7406311 15.3268518 4.7835622
v -59.8094635 2.4002855 3.5143561
v -59.9302979 4.4733820 1.2851298
v -59.3706436 3.1488926 8.1788254
v -59.0504990 1.0148081 10.1334953
v -57.3825684 7.4281397 17.2729053
v -56.8965950 7.5114274 18.9468632
v -54.4384804 6.0694952 -25.1749535
v -55.8523941 2.6420667 -21.6849728
v -56.9928780 7.2776442 -18.6348019
v -58.9125633 7.1244502 -10.9743624
v -59.8798065 5.2276921 -2.2160454
v -59.8395309 7.8425221 -2.9598517
v -40.5116005 1.5571786 -44.1493225
v -41.9979744 7.8128567 -42.7413483
v -48.6088104 14.3076038 -35.0664749
v -51.4447174 6.2732325 -30.8236523
v -51.6530151 14.9703407 -30.4755611
v -52.9726524 1.0905142 -27.9884529
v -52.6952362 0.0000000 -28.5117188
v -9.9051838 18.5168133 58.9169121
v -36.2301521 8.9013653 47.7161217
v -18.0851364 15.5979042 57.1278267
v -16.7281742 14.5673819 57.5840759
v -16.5298748 9.5624170 57.6416626
v -15.7692013 7.7478080 57.8655205
v -44.0229645 6.2579556 40.7150192
v -45.9126205 5.2365570 38.4919395
v -43.7886086 10.9516201 40.9852066
v -42.9497528 17.0303802 41.8176193
v -42.4967461 10.8650370 42.2685585
v -42.9563484 12.5309353 41.8265343
v -52.3630638 3.2279584 29.1382084
v -52.3837738 9.3984203 29.0992107
v -51.8914719 10.3625698 30.0231285
v -51.8038521 11.8489237 30.1881199
v -53.2935295 7.6908774 27.3832397
v -53.8532410 24.3884449 -6.7064910
v 4.0914388 25.5444145 52.9422150
v 2.1741846 33.6159286 44.9871292
v 0.4548374 46.9659119 31.7351360
v 13.8312960 9.8331194 58.3017578
v 12.5676775 13.3022690 58.5798950
v 11.7982121 14.9818392 58.7492104
v 11.2497158 6.8796911 58.8700027
v 11.3703880 11.8246775 58.8433990
v 14.1469851 2.8234975 58.2322655
v 12.7283201 2.1981337 58.5445366
v 13.6939678 1.1634365 58.3319817
v 51.5729370 11.9301662 30.5954361
v 43.0167847 11.5646706 41.7759705
v 42.2654228 13.9875813 -42.4878998
v 41.3583832 10.3333330 -43.3472214
v 41.6896744 8.9123898 -43.0333900
v 40.2608070 9.0162201 -44.3868904
v 36.2826271 9.0970879 -47.6762161
v 33.0207291 7.8058867 -50.0463600
v -0.6996564 13.6562195 -59.9119949
v -3.1110172 10.8219595 -59.8829727
v 1.6399682 3.2139816 -59.9119987
v 0.1182796 6.9173861 -59.9120026
v -9.6871004 32.1655273 -45.4942513
v -8.8589220 42.1520996 -35.4164467
v -6.2154551 54.5230446 -23.2962265
v -32.6932030 1.6912336 -50.2469673
v 47.3384247 16.5992565 -36.7997437
v 43.8519173 10.4498682 -40.8990097
v 46.6949196 7.6318092 -37.5709381
v 50.1624069 11.7647114 -32.7754173
v 58.6010933 5.9474559 -12.8284111
v 58.2341270 7.3429213 -14.2060661
v 59.5002975 2.6713159 -7.3896894
v 56.3501663 5.4539094 -20.4354019
v 59.8764191 12.4190130 2.2794716
v 59.8728867 7.6719265 2.3445687
v 59.4401131 7.5700922 -7.7568922
v 59.8397713 4.6478443 -2.9553511
v 59.7555389 5.1239257 -4.5089393
v 59.8579597 9.5493221 -2.6194379
v 59.8736000 0.0000000 2.3313165
v 59.6676903 6.4509783 5.9968777
v 21.3395100 9.6984768 -56.0312729
v 21.5683708 4.0849214 -55.9507942
v -57.4830399 14.2363110 16.9111290
v -58.1321297 12.0172224 14.5734129
v -57.5748787 9.0148697 16.5804119
v -55.2906189 1.4806950 -23.0949306
v -59.8930092 11.4843683 -1.9734603
v -59.4228363 5.3396029 -7.8622832
v -59.1574287 6.3030992 -9.4812489
v -59.1636086 4.5943546 -9.4435329
v -58.8987999 3.6925623 -11.0588179
v -41.9498863 14.0192356 -42.7868958
v -40.8379898 12.9177113 -43.8401451
v -40.9799728 11.3598471 -43.7056541
v -48.3338394 4.3435626 -35.4717789
v -50.3860321 0.0000000 -32.4455757
v -51.0437393 7.3814044 -31.4751511
v -49.3413696 8.9548397 -33.9863396
v -49.2510567 3.4251671 -34.1195412
v -52.9099236 5.4933758 -28.1067982
v -33.6786385 3.2933521 49.6414757
v -21.4226723 6.2336373 56.0025978
v -50.0545464 14.5261173 32.9344673
v -49.2012520 6.8040924 34.1930161
v -48.5436897 6.0258079 35.1621323
v -57.0170326 4.4438739 18.5672150
v -55.1596527 3.9884644 23.4236317
v -55.1301575 9.0560188 23.4976597
v -55.9837227 6.0458846 21.3553486
v -55.8341827 9.2954845 21.7306919
v -54.4775047 8.7528830 25.0676804
v -53.9778748 6.8757534 26.0923443
v -45.9369049 10.0584278 38.4633560
v -49.4544754 16.4655647 33.8195076
v -53.5035591 0.0000000 26.9870605
v 41.7573433 7.8147449 42.9692802
v 35.8686295 2.6891041 -47.9909248
v 35.3430405 12.7948389 -48.3904686
v 34.8887177 11.4150248 -48.7354698
v 27.9872189 11.7041111 -53.0385780
v 3.7393110 14.8546610 -59.8520393
v 10.0645838 14.6312666 -59.1223602
v 13.6279020 11.4283619 -58.3465157
v 15.3450098 6.9458585 -57.9645004
v 10.8008099 7.5209222 -58.9688187
v 44.8237801 2.6756957 -39.7738037
v 45.1490250 10.1388445 -39.3909111
v 59.8460617 1.7174073 2.8392515
v 59.9491234 6.3588295 0.9372759
v -43.2026482 9.0053244 -41.5877342
v -51.4295425 3.2770917 30.8468590
v -49.3606415 0.0000000 33.9579201
v -52.6100235 12.5332422 28.6724625
v 31.3067150 15.9071932 -51.0837860
v 6.7562671 12.8710747 -59.5305023
v 7.4723215 2.9990246 -59.4526291
v 5.4741879 7.2549024 -59.6699333
v 8.3748207 11.6647940 -59.3544540
v -58.4883423 0.0000000 -9.3237534
v -58.3449478 0.0000000 1.5638504
v -50.2491493 0.0000000 -30.3360901
v -58.1674309 0.0000000 7.3725576
v -56.8557091 0.0000000 13.7401037
v -47.7324142 0.0000000 -29.5181503
v -42.8115578 0.0000000 -39.7105827
v -40.3769951 0.0000000 -38.6643944
v -45.2579613 0.0000000 -31.3130760
v -51.3556709 0.0000000 25.0045528
v -24.7878838 0.0000000 -54.5451546
v -47.1003380 0.0000000 29.7746754
v -51.9514465 0.0000000 16.6373310
v -32.0829773 0.0000000 -44.3963242
v -47.0050735 0.0000000 -26.0686951
v -50.2280731 0.0000000 6.0092764
v -38.2411995 0.0000000 35.1881485
v -34.7432327 0.0000000 -34.2108383
v -32.8768311 0.0000000 42.3196335
v -19.7772141 0.0000000 -48.5397034
v -16.5403214 0.0000000 -48.6096878
v -28.4687557 0.0000000 -37.7165527
v -26.8663292 0.0000000 -36.4949799
v -10.7832708 0.0000000 -48.3843689
v -23.4915562 0.0000000 42.3598289
v -34.5516968 0.0000000 24.0475578
v -22.2137394 0.0000000 -37.6421738
v -16.9787254 0.0000000 -39.4340477
v -9.9947891 0.0000000 -45.2046204
v -16.7865448 0.0000000 47.0450668
v -3.5787010 0.0000000 -45.7873917
v -12.9936447 0.0000000 43.7903786
v -19.1775703 0.0000000 -34.2859840
v 2.9293952 0.0000000 -46.6498108
v 4.6458569 0.0000000 -45.7196693
v -12.8931675 0.0000000 -34.8726387
v 15.8568773 0.0000000 -39.6576309
v 16.4493370 0.0000000 -35.8202744
v 8.0536947 0.0000000 40.1133804
v -18.4857483 0.0000000 18.4361305
v 0.7308869 0.0000000 -25.2969303
v 26.1202755 0.0000000 -27.3290081
v -12.0678301 0.0000000 17.2384281
v 38.8494682 0.0000000 -28.0138760
v 40.3094482 0.0000000 -27.0308170
v 21.5158482 0.0000000 28.9453545
v 16.6635971 0.0000000 25.6212215
v 55.7320061 0.0000000 -21.9871178
v 27.1524105 0.0000000 -19.9848614
v 29.8574638 0.0000000 -17.9227753
v -29.6832829 0.0000000 1.4211825
v -5.8129048 0.0000000 13.0301638
v 30.3300819 0.0000000 -15.8864241
v 0.7094364 0.0000000 -13.5602274
v 8.6407585 0.0000000 -12.0360546
v -6.9063196 0.0000000 9.4220896
v 0.5209479 0.0000000 12.2889404
v 35.7097855 0.0000000 -12.9648914
v -0.7046961 0.0000000 6.9976978
v 55.5817146 0.0000000 22.3643227
v 26.2871609 0.0000000 10.4466705
v 57.0289192 0.0000000 18.5467777
v -27.7989883 0.0000000 -5.4914565
v 30.2081738 0.0000000 5.8837242
v 7.7574482 0.0000000 1.9433875
v 32.0050049 0.0000000 6.0017653
v 31.3539124 0.0000000 4.1642847
v -29.2132607 0.0000000 -5.9468803
v 3.6975956 0.0000000 -4.2607656
v 9.3948298 0.0000000 -3.5853729
v -50.8126411 6.5337348 31.8154774
v 29.0040855 3.4699061 -52.4685669
v 30.2660999 8.9952307 -51.7101440
v 29.8642883 2.1698484 -51.9518929
v 30.2895298 3.9537029 -51.6960411
v 8.1734982 4.8655543 -59.3763428
v 9.5150805 6.2747984 -59.2105408
v 10.2801628 12.8130627 -59.0802345
v 10.4535294 9.4085636 -59.0447121
v 36.8386574 24.7078953 39.4285545
v 38.4249382 23.6445370 39.3739548
v 17.7482452 52.8790207 18.6693726
v 13.8331575 58.3796883 14.7752838
v 12.1657562 59.1335564 15.1771145
v 36.9215202 25.8640690 37.7437744
v 13.7410755 53.5900421 20.9482994
v 26.7124252 34.7308197 34.8671303
v 37.5584488 4.2437959 46.7063522
v 27.8795681 13.2919178 53.0957680
v 52.9550705 23.4573231 -15.6073847
v 54.3593292 20.9099979 -19.3979301
v 55.2513657 19.8003235 -20.1813908
v -2.0960340 54.6935158 -23.8716602
v -0.2814046 49.5058365 -29.1868382
v -19.5164871 53.6631660 -15.6118431
v -40.4431572 24.4479046 -36.1217194
v -17.8476677 51.7818909 20.0742378
v -16.8966999 53.2303963 18.9904251
v -20.0467262 44.4068336 27.7620678
v -13.1367168 55.6356544 18.8738861
v -37.7441368 24.4415016 38.9467659
v -38.0528641 20.2266941 44.3202515
v -22.6449795 32.8852196 39.7824554
v -54.5625610 18.8338089 23.9327736
v -28.2232647 49.5875244 6.8768477
v -32.9246025 44.5113754 9.0780048
v 15.3178940 59.8832817 9.4685469
v -8.6432047 11.5465431 59.3252373
v 18.4810600 26.8233356 48.4174500
v 18.2438087 23.8976212 51.6367455
v 45.1979218 21.1203308 35.5957642
v 36.5528374 31.7682781 29.3909149
v 41.1688271 29.1392612 27.5194492
v 44.9384918 25.1522694 29.0265903
v 34.2500305 21.1564980 46.1902924
v 27.6608829 31.2619743 38.4778175
v 26.7058735 28.9845352 41.8677063
v 27.0130081 11.6244078 53.5154953
v 24.9247303 14.8962040 54.4818573
v 37.0011940 1.4287207 47.1299591
v 37.0796356 6.0430875 47.0703430
v 30.4561882 10.5779858 51.5957642
v 31.8505211 15.7495022 50.7567062
v 21.2464352 33.8875046 -39.3891678
v 19.8952656 33.6953278 -40.3040581
v 16.0708580 48.0011673 -26.1206627
v 35.0254555 34.3767166 -27.0895748
v 28.8498592 43.6119461 -19.9014511
v 35.6389542 42.4513054 -6.3238788
v 43.1325226 34.5942383 -9.1004505
v 53.8664474 19.5655804 -24.2265053
v 17.0467205 59.2402573 -8.9579954
v 42.2320061 34.6853294 -12.2755489
v 23.8968239 54.6004448 2.6528301
v 25.1996975 53.3493423 2.1511238
v 44.2125206 34.0785599 5.5250640
v 33.4106102 44.2008324 8.3439903
v 45.5088196 32.9664268 -4.1840553
v 33.8259163 44.2451286 6.2280550
v -9.2188988 59.9981079 13.9632683
v -4.1628103 60.0000000 10.0280170
v -29.2216263 43.9860954 -18.5956764
v -30.6537113 43.1315117 -17.9123383
v -27.7772198 44.9859924 -19.0088043
v -40.7164307 29.4245644 -27.6728210
v -11.7738428 60.0000000 -8.8477478
v 4.6582780 34.5088425 -43.9243469
v 9.0917530 19.9826279 -57.9439468
v 5.2036581 24.6593285 -53.7575455
v -6.8257103 32.2718315 -45.8909721
v -8.3421335 23.8655033 -54.1491165
v -10.2001562 24.2868233 -53.4174767
v -20.6590729 45.2218666 -26.2977753
v -12.7343645 53.9497681 -21.1690674
v -15.7119904 49.0687294 -25.0846577
v -18.9068947 44.3755341 -28.5989285
v -27.3702755 29.5895195 -40.7048531
v -42.6865311 25.7075672 -31.3198719
v -25.0642395 30.6593666 40.9546394
v -23.7621803 33.4863167 38.4262123
v -24.8817654 33.9780312 37.1045036
v -6.4942908 59.3718948 18.0551033
v -7.0511708 58.3028641 19.0648766
v -17.4931469 53.9308472 17.4349041
v -24.7832947 42.6461258 26.1344872
v -6.6824780 23.7792168 54.4937477
v -4.6825881 44.0788765 34.2909317
v -14.3272409 20.0744991 56.7851944
v -48.8440361 19.7231255 32.9802628
v -20.8021297 52.3837547 16.0413818
v -42.2351952 24.1317616 34.4981728
v -52.6963310 25.0738735 9.7369394
v -50.2583733 24.7160282 19.6318493
v -24.7685070 51.2399254 11.7315235
v -18.4062786 57.7932358 9.8074293
v -34.6316109 43.3855019 6.6762214
v -31.5520477 46.4700089 6.2839532
v -19.2132187 59.2925606 -1.6192384
v -20.1295776 58.3283310 -2.6574514
v -20.3081875 58.3094330 -1.0790659
v -24.6485004 53.6653519 -3.9911439
v 8.4486923 57.0953751 19.8281898
v 9.4504480 59.9678078 14.8685207
v 2.7863104 13.3261566 59.9035568
v 5.9549890 4.5105715 59.6176453
v 7.6047211 1.3011360 59.4382210
v 8.3452368 14.6884623 59.3575020
v 9.6869516 12.0783052 59.1780853
v 8.1818628 7.3879132 59.3751526
v -4.2960534 3.4148381 59.7961960
v -7.1750784 3.3823154 59.4849434
v 24.3588066 20.5418930 52.7554054
v 14.3508291 42.0495110 33.6673698
v 15.9582834 41.1497955 33.9408913
v 22.9429703 32.9398766 39.5261307
v 11.6157017 19.6752834 57.8189163
v 4.8732142 28.9807682 49.4474487
v 2.8376365 58.4593811 19.9973335
v 11.2875423 18.1660709 58.7578392
v 16.2481537 3.0088096 57.7332764
v 38.6836319 1.2314293 45.8436623
v 37.8474808 18.4113064 46.2387161
v 34.4790535 11.6105661 49.0471268
v 32.4535065 0.0000000 50.3940201
v 29.6552238 4.9813557 52.0776978
v 12.6914282 49.3074493 -26.4449272
v 8.0921650 52.8138657 -24.5205383
v 39.1294403 20.0572605 -43.6066666
v 39.8897438 18.4522343 -44.4956322
v -29.4528160 18.5298805 -51.9094048
v -24.0361061 1.7939513 -54.8929634
v -26.4461956 0.0000000 -53.7779388
v -22.9043865 8.5722342 -55.4148102
v 44.2649231 26.2615070 -27.9979591
v 43.8186607 25.1090717 -30.7916470
v 14.6055212 58.0819550 -14.4375992
v 17.1796589 54.4420433 -17.0186443
v 27.0551090 38.9639473 -29.0636444
v 14.8434982 54.7698441 -18.6961899
v 13.4751272 58.0861244 -15.5338287
v 36.6648865 25.8001575 -38.1029549
v 25.4675655 43.8255272 -23.7356682
v 18.4911823 53.7859993 -16.5807285
v 15.1884680 59.9939156 -6.6720185
v 56.6301956 13.9118919 19.7311020
v 57.4589767 4.4518409 16.9978886
v 57.4315567 15.3490639 17.0965824
v 57.2790184 5.4943547 -17.6460609
v 57.5463219 8.7495613 -16.6831970
v 32.1649857 45.2052841 9.1746941
v -14.8417768 60.0000000 5.5417485
v -48.7420464 24.3072910 -24.0337200
v -52.0012894 20.4465046 -26.1730404
v -47.3916969 26.0369473 -22.8327618
v 10.2903862 34.6058807 -42.8445854
v 5.6692009 43.3841782 -34.8518982
v -10.1989918 29.9525833 -47.6532288
v -28.2882786 3.1775165 -52.8845329
v -24.1626167 39.7732506 -30.4833031
v -36.1089554 26.7318401 -37.3331223
v -33.1818504 28.7473431 -37.2667313
v -18.2561836 53.5981789 -17.1186085
v -59.6333504 4.3623786 6.5195169
v -59.4736290 9.6625814 7.5512166
v -58.5533752 11.7130032 12.9930267
v -50.0496330 23.7354374 -22.5436497
v -52.6981468 20.3287125 -24.9550076
v -51.6312828 26.3212280 -8.8630304
v -23.8649712 53.5932045 -7.5822225
v -59.6616173 4.3206582 -6.2155304
v -34.5630989 34.1107903 -28.1337509
v -33.8187408 33.7928619 -29.5129890
v -44.2654610 13.8481665 -40.4249954
v -44.1823502 1.2155454 -40.5289764
v -44.4943008 9.8339787 -40.1616859
v -45.5337105 8.6771393 -38.9380264
v -30.9704857 24.4289360 44.4997444
v -10.0954981 53.4664116 23.0509453
v -41.6635017 19.7699890 41.5876389
v -22.1338634 22.1488590 51.9655914
v -11.5411358 18.9830894 58.3440475
v -9.9496775 20.0085621 57.7769737
v -16.2905540 19.2918930 56.9520874
v -1.2256355 53.1035233 25.5594101
v -0.7414198 54.5579758 24.1407013
v -20.1724682 7.1859899 56.4245605
v -18.6138630 4.4704704 56.9497147
v -19.0746078 11.6829128 56.7944679
v -33.6323471 44.4776154 6.1036901
v -18.8786602 59.2082634 4.3042789
v -45.5921860 24.4339390 29.3387089
v -17.6967659 59.8796730 2.9491038
v -21.1108418 57.5085602 0.4198002
v -44.7901764 33.8499451 1.2881138
v -43.8375397 34.7616272 2.7971365
v -52.9693413 25.5924740 3.7353737
v -23.6289062 54.9923096 0.8493885
v 13.8536739 59.9999313 5.4495344
v 16.1239204 59.9998169 -3.8618517
v 11.1432219 59.9749641 13.6683416
v 20.3824921 53.5362778 14.6890945
v 37.9943085 34.0218658 23.3660145
v 26.7961464 47.9187698 14.9905128
v 51.4302216 19.9825325 28.1794033
v 1.8161343 14.5472136 59.9120026
v 1.3107413 7.3665080 59.9120026
v -2.9607868 19.4338207 59.0840111
v -1.9857830 20.9832706 57.6238174
v -0.0981405 27.8915443 50.7866249
v -0.6823551 33.0992165 45.5839272
v -1.9799831 24.9708385 53.6511154
v -3.3636549 34.5723495 44.0127220
v 5.9730501 0.0000000 59.6156731
v 15.3251133 48.9007263 25.5031395
v 19.7826881 34.0135956 40.0159073
v 7.9876685 18.1120644 59.2541428
v 15.0539265 11.1516094 58.0315742
v 19.1606560 1.2674882 56.7654800
v 19.5648098 2.7706370 56.6293030
v 48.2991333 4.0755444 35.5214043
v 47.9536285 1.0363996 36.0320778
v 47.8673248 7.2876763 36.1220703
v 48.0121346 2.3628981 35.9253807
v 53.0116310 6.0281506 27.9149666
v 52.4431000 10.7039309 28.9873047
v 53.2182693 0.0000000 27.5251770
v 44.8442039 3.4129126 39.7497826
v 45.2529373 15.5197182 39.2685776
v 46.0206528 11.1484423 38.3647461
v 46.9681969 10.2411566 37.2486877
v 45.2075882 13.8335419 39.3219719
v 46.9102592 8.4419479 37.3173904
v 46.3882065 14.5923100 37.9320145
v 47.2051048 11.9079580 36.9679146
v 20.8338833 7.9765525 56.2016945
v 20.0712681 13.0852613 56.4586601
v 26.4461956 0.0000000 53.7779388
v 27.3615398 14.9444742 53.3517723
v 35.1258354 0.0000000 48.5555763
v 34.1708641 16.6499825 49.2751198
v 34.4025917 14.9900341 49.1043663
v 33.7197113 3.0659864 49.5894394
v 38.4278450 11.5768061 46.0431252
v 19.8910599 23.7981987 -51.0922050
v 33.2556152 20.9087410 -47.2021942
v 33.2652321 13.6846590 -49.9020462
v 38.4637451 13.5331144 -46.0161247
v 22.8914661 10.4856911 -55.4225311
v 6.8119135 18.2653446 -59.3878784
v 2.2628992 20.0975113 -58.5039291
v -0.8706059 20.9565182 -57.6962509
v -6.5684152 20.1719685 -58.1385384
v -3.0388296 19.2056904 -59.2977409
v -13.3849993 3.5369327 -58.3999863
v -4.7955976 11.2817364 -59.7437248
v -8.1096506 14.4130316 -59.3833084
v -6.3870697 15.3625641 -59.5706444
v -21.8395557 13.8918924 -55.8576736
v -20.5687866 1.7910985 -56.2910118
v -35.1258354 0.0000000 -48.5555763
v -34.2111206 1.7685126 -49.2509308
v -36.9036942 0.0000000 -47.2040825
v -37.7128181 2.9787037 -46.5889549
v 44.9445114 23.9937401 -31.1312065
v 49.0172310 20.1144981 -31.9919491
v 50.3216133 18.8615837 -31.8085709
v 58.2001953 14.3684464 14.3282776
v 57.7408524 4.6367388 -15.9826593
v 50.9881706 10.0270729 -31.5540009
v 51.3555107 2.7609518 -30.9653454
v 40.7369423 34.5776672 -16.8426228
v 31.4642220 43.8986588 -14.6986589
v 52.6719551 19.8780117 -26.0318184
v -54.1574440 19.1381912 -24.3940315
v -15.4894352 59.8953743 -8.7884521
v -14.3571615 59.9241409 -10.3708696
v 10.0952826 59.6137657 -15.9248495
v -15.9292345 45.2549019 -29.3442078
v -24.0271454 25.2156181 -47.7075462
v -14.1844187 44.3888168 -31.1727772
v -12.9231119 44.1977615 -31.9429321
v -8.2191353 43.5154381 -34.1695023
v -29.4355621 33.1406288 -34.7109299
v -32.2670937 26.2588196 -41.2818146
v -59.9806557 14.5551100 -0.1178156
v -59.7142258 1.5212610 5.2653356
v -59.7471962 0.0000000 4.6626329
v -59.5731544 1.0429319 6.9332314
v -59.7130127 13.7685175 5.2927551
v -59.5245476 13.1433706 7.1795278
v -58.1544037 5.9506679 14.4912186
v -56.8447800 5.2279696 -19.1328449
v -57.2378197 14.6292295 -17.7937927
v -57.8402328 0.0000000 -15.6246910
v -58.1514702 5.4350796 -14.5037165
v -57.8914337 10.8609114 -15.4403343
v -58.0081940 13.7223930 -15.0197878
v -58.3650093 8.7915888 -13.7346754
v -42.5816689 32.6500969 -17.4043484
v -31.9476051 43.6922264 -14.1568565
v -30.0379696 46.6473656 -11.0125122
v -59.6462975 6.1492009 -6.2821941
v -58.6876945 18.8230400 -10.5197096
v -54.7219887 20.7555962 -18.8535213
v -42.5042953 33.7683182 -14.4098883
v -53.6863022 23.3547344 -13.3046417
v -42.3755531 19.9588776 -40.5895157
v -51.8054390 2.6131656 -30.1865959
v -53.5412979 1.9600906 -26.9158325
v -53.0484657 17.9673729 -27.7075768
v -45.5706520 16.4106026 -38.8945160
v -47.4309654 1.7062160 -36.7040138
v -34.4934502 31.1366463 32.6354027
v -36.9864426 15.3935337 47.1411819
v -35.0649414 16.9385033 48.5855026
v -38.0727234 14.5013618 46.3133316
v -33.6832619 13.4465714 49.6224670
v -33.1337814 1.5806024 49.9811058
v -22.2908401 14.3942461 55.6795044
v -15.8997250 3.6673303 57.8319168
v -27.3446732 11.8801012 53.3587189
v -23.2700748 1.4249909 55.2473755
v -38.7611046 1.1693677 45.7875938
v -40.1934013 14.9671669 44.4507332
v -39.3914680 5.8312573 45.2095032
v -39.3862534 13.5056229 45.2147484
v -39.8827095 10.2576733 44.7450333
v 8.7173433 42.3306046 35.2477455
v 7.0179157 52.3794518 25.2882042
v 10.0908051 44.3183212 32.8046455
v 9.3194704 47.9209709 29.2751846
v 13.7097130 20.8232212 56.1684036
v 22.0109634 54.4194069 10.0708895
v 56.5256233 19.3573666 17.7952709
v 24.6679478 52.6270561 8.2361336
v 23.1983604 53.1184921 10.6127510
v 46.1014481 28.9894066 18.4346371
v 23.3638191 53.6074867 8.9161434
v 0.6503919 13.2664719 59.9120026
v 1.4077106 2.8786733 59.9120026
v -2.0302093 0.0000000 59.9120026
v 1.6241674 0.0000000 59.9120026
v -3.8818650 20.3419285 58.1690407
v -7.8699322 14.8164177 59.4093437
v 16.6972713 12.2653751 57.5952415
v 50.0069618 3.0223949 33.0046730
v 50.7278290 0.0000000 31.9414616
v 48.6049461 5.9414806 35.0725136
v 50.6853981 1.4602937 32.0040283
v 50.6738930 6.6166515 32.0192223
v 50.6664848 14.2598791 32.0307961
v 49.7583542 11.4570370 33.3713303
v 48.8541145 7.8679285 34.7050133
v 53.2964935 7.3894300 27.3776417
v 51.6533279 7.0380034 30.4747009
v 47.4846725 13.7227802 36.6368217
v 43.5344276 3.0772157 41.2779465
v 44.1200371 14.7246027 40.5966835
v 19.8764896 18.5713120 -56.2330933
v 16.2509575 24.4951096 -51.6558647
v 9.7431002 49.0139503 -27.9705257
v 38.8660164 2.5561872 -45.6972198
v 27.5517349 0.0000000 -53.2664566
v 25.0967522 15.1939926 -54.4022636
v 23.9643211 12.5671520 -54.9260979
v 26.5339680 12.4604416 -53.7371712
v 27.9530773 13.5074387 -53.0572281
v 27.9685764 15.2143154 -53.0528946
v 34.3819580 3.2054076 -49.1188240
v 32.8107834 2.8803802 -50.1772156
v -1.2447785 15.4544296 -59.9119682
v -7.9563513 54.1416206 -23.1828976
v -9.2247944 49.7110748 -27.4389572
v -19.0544586 25.1333771 -50.0106239
v -19.3713017 33.0367622 -41.2780380
v -11.6340342 37.0528336 -39.9636116
v -15.8789558 26.9815578 -49.2071838
v -5.6696229 59.0141449 -18.7722645
v -14.7133484 0.0000000 -58.1075935
v -15.8353529 1.2223417 -57.8441963
v -14.5175114 12.4828196 -58.1506615
v -14.8010073 15.8285999 -58.0873680
v -12.2688084 7.1186090 -58.6456833
v -9.8422194 1.2654707 -59.1696053
v -3.8972142 7.2250633 -59.8379059
v -9.6555061 6.4048576 -59.1884041
v -11.7344456 10.9418440 -58.7633057
v -21.3082008 8.2189398 -56.0417366
v -33.3783531 10.2120562 -49.8309212
v -29.9961662 3.6549931 -51.8725548
v -29.7044716 5.7634091 -52.0480652
v -34.7495270 3.3831041 -48.8416443
v -35.8450127 11.7230911 -48.0088882
v -38.3780861 11.7719202 -46.0687370
v 49.7397423 1.6310170 -33.3987923
v 50.2675438 4.9862690 -32.6203308
v 50.1803513 8.5133038 -32.7484894
v 49.8734741 15.2589979 -33.2015495
v 58.9259605 14.0040512 10.8927794
v 58.6874809 1.1728476 12.3105297
v 58.8891983 6.6588035 11.1154346
v 58.6030960 9.6602983 12.6918421
v 57.9726257 0.0000000 15.1478662
v 58.4203835 2.0569658 13.5338583
v 53.9806290 8.5324593 26.0821838
v 54.6331100 15.4504156 24.7143764
v 55.5685425 1.3215085 22.3973904
v 56.2676125 1.6300963 20.6427441
v 55.7157173 4.4597116 22.0280018
v 55.2426872 5.7178316 23.2152367
v 55.3398170 14.7114420 22.9713955
v 58.2441978 0.0000000 -14.1697617
v 58.8213310 4.7612529 -11.5274029
v 58.9732170 17.8686810 -10.2416639
v 54.7891045 7.1637721 -24.3348522
v 56.9986115 13.1468058 -18.6454391
v 56.3619194 12.3858767 -20.4061470
v 59.5537682 10.7127466 -7.0280037
v -5.4701958 59.9999962 14.7725811
v -3.2553248 60.0000000 15.1798038
v 16.5577049 1.3027414 -57.6342239
v 15.7005882 2.8362820 -57.8819160
v 16.3990402 9.7499590 -57.6848831
v 16.9648571 6.1130743 -57.5000153
v 18.1601734 17.7237339 -57.0447960
v 18.7045708 14.6114597 -56.9191475
v 18.2687244 7.3992229 -57.0659904
v 17.3503571 0.0000000 -57.3754311
v 23.3909264 5.0192690 -55.1912003
v -59.8768501 1.2756859 2.2714379
v -59.8004684 1.0267125 3.6801426
v -48.4466515 29.7248344 6.9711127
v -57.1473503 21.2713852 5.2276549
v -43.2917061 34.7257767 7.5529132
v -59.0985565 11.2000389 9.8403387
v -59.0791054 14.3522015 9.9589491
v -59.1436386 16.0237217 9.5648813
v -55.8896027 1.1473930 -21.5915909
v -56.5210800 1.7345002 -20.0064106
v -56.8913612 10.1535425 -18.9596138
v -57.1665688 12.8532991 -18.0508366
v -58.7022667 14.6807117 -12.2465210
v -59.7739220 8.8029728 -4.1698356
v -40.7564163 14.7924986 -43.9174156
v -48.6547737 16.3015480 -34.9960442
v -53.0471687 15.6470413 -27.8479195
v -51.5456810 8.8090897 -30.6600914
v -32.5944710 4.6071124 50.3090477
v -31.3218193 3.7165618 51.0749359
v -31.3539524 1.6909227 51.0556068
v -30.6269264 0.0000000 51.4930344
v -32.4535065 0.0000000 50.3940201
v -30.9383774 7.7881250 51.3056564
v -30.1351967 6.3584313 51.7889061
v -30.9566746 9.9727211 51.2946320
v -32.7663841 6.7377410 50.2050171
v -25.8476372 16.5874100 54.0547600
v -26.0014744 13.0851736 53.9836960
v -27.5517349 0.0000000 53.2664566
v -10.6718864 13.5565977 58.9958649
v -13.4801483 12.8630257 58.3790550
v -12.3081617 13.9792128 58.6370239
v -14.7926207 12.2384243 58.0901299
v -40.9022675 1.6105716 43.7792587
v -41.8707848 4.4309039 42.8618240
v -41.6698608 2.7352109 43.0521545
v -41.1948814 10.5250864 43.5020752
v 15.3275366 59.9766235 -8.3354597
v 13.6096869 59.9999733 -7.7809944
v 12.4068947 60.0000000 5.5142131
v 11.5812626 59.9858246 -12.8170710
v 0.9485674 60.0000000 12.2197790
v 3.7802019 59.9997292 16.0377674
v 10.0303574 60.0000000 -8.5761948
v 2.6730602 59.9999886 -15.4899673
v -6.7673411 60.0000000 -8.7217627
v 5.1382389 60.0000000 -5.4441471
v -10.6152086 60.0000000 -5.0096388
v 5.5476880 60.0000000 -2.5603795
v -14.7311230 60.0000000 1.3780181
v 7.6966367 60.0000000 1.6282722
v 11.1927538 39.4621315 37.5450439
v 7.1728611 24.7850780 53.3953743
v 52.8780556 19.3386421 26.7479095
v 14.8465643 8.3449001 58.0782814
v 49.2448959 13.0554924 34.1286316
v 43.9224129 4.6517501 40.8278122
v 40.8729134 15.4431896 43.8070602
v 39.2457237 1.0311643 -45.3346062
v 40.2720947 2.1800876 -44.3758202
v 42.1219597 5.3995275 -42.6238327
v 41.1323166 3.8116071 -43.5613480
v 37.6759491 9.6117001 -46.6170197
v 38.0882454 11.5416908 -46.3013268
v 36.9175682 12.9975433 -47.1935425
v -16.4301949 3.8057435 -57.6829720
v -38.9190216 10.0274000 -45.6325836
v -10.6982918 0.0000000 -58.9913750
v -12.6314669 0.0000000 -58.5658493
v -16.2256737 12.6314573 -57.7258720
v -5.4007177 5.7942557 -59.6779251
v -8.2208033 3.8960464 -59.3712196
v -34.2085419 11.6789827 -49.2476044
v -32.9904747 11.6530380 -50.0670929
v -28.8716812 12.6160030 -52.5479279
v -27.6733112 9.1452560 -53.2094536
v 48.4309044 5.2391949 -35.3291969
v 47.0343819 3.1694410 -37.1712837
v 45.0695801 15.6869888 -39.4844246
v 44.1431274 1.3221846 -40.5734825
v 43.6974525 13.7986832 -41.0834961
v 47.1084213 0.0000000 -37.0841255
v 46.4709969 1.3822954 -37.8345642
v 51.8504829 13.4701815 -30.1004982
v 50.7145042 13.6605453 -31.9609909
v 51.4197159 0.0000000 -30.8060322
v 56.4235077 10.1167660 20.2450104
v 58.2074356 6.8740897 14.3016081
v 59.1061020 8.3676243 -9.7942905
v 59.3443489 1.3823231 -8.3409147
v 59.1880989 6.5759096 -9.2941494
v 56.8064156 4.4469776 -19.2337284
v 54.6048203 0.0000000 -24.8161430
v 56.0652657 3.4998486 -21.1507034
v 56.0113297 6.5709109 -21.2860737
v 56.6594238 1.1559236 -19.6476765
v 52.3623962 0.0000000 -29.1395187
v 53.7850227 15.1368933 -26.4553032
v 53.5075874 5.8828239 -26.9794712
v 19.6266136 11.0388060 -56.6084785
v 20.3687305 5.1270466 -56.3584366
v 23.3196106 14.4994802 -55.2231789
v -26.8367996 15.1949425 -53.5967407
v -59.0691757 2.3653917 10.0195513
v -56.7989082 2.9299192 19.2757854
v -57.1028786 12.8164186 18.2730618
v -57.2218475 5.8957744 17.8456974
v -58.0002327 4.6650300 15.0484505
v -54.7133560 12.5971308 -24.5335693
v -55.4023438 9.3135519 -22.8145523
v -55.4330788 13.0924959 -22.7373924
v -55.2090454 3.3463042 -23.2992287
v -59.8161163 4.3369031 -3.3916032
v -59.8069725 12.4690285 -3.5602965
v -43.0790825 14.9445152 -41.7139931
v -42.4140854 4.2465744 -42.3471794
v -41.2757034 4.5534406 -43.4255219
v -41.7949524 1.3670493 -42.9336662
v -42.8019485 2.7652693 -41.9797821
v -50.7297325 2.0985625 -31.9383087
v -51.1602364 10.5560112 -31.2957783
v -48.3576469 6.1660247 -35.4370804
v -52.1772079 15.9958010 -29.4881229
v -53.2230186 3.7674551 -27.5162144
v -52.1404991 1.2181224 -29.5580578
v -35.3215637 5.6177392 48.4068031
v -34.8672905 8.4455967 48.7520523
v -35.1258354 0.0000000 48.5555763
v -14.5402851 1.0676363 58.1449776
v -50.9420929 13.0189419 31.6244659
v -54.5735550 5.5170159 24.8578644
v -43.1601601 5.0168252 41.6301575
v -44.7701759 3.9237106 39.8366890
v -37.9068832 12.6936426 46.4398346
v -43.1287537 1.6342721 41.6634026
v -42.9692459 6.9458404 41.8183060
v -52.7238121 4.7360148 28.4578419
v -51.8390503 13.9495249 30.1225414
v -54.1903305 11.7895069 25.6778164
v -53.9399567 10.0174770 26.1624012
v 13.1684351 11.5980597 58.4476624
v 11.5967340 5.2462797 58.7936134
v 10.9530039 8.4571028 58.9347267
v 10.0783234 0.0000000 59.0864029
v 43.0539207 13.7078533 41.7355232
v 42.2425461 2.9146886 42.5096817
v 42.9788475 1.4486734 41.8122101
v 41.6528931 1.8117437 -43.0682297
v 37.7601967 1.3186840 -46.5529900
v 35.1308212 9.8977213 -48.5512085
v 2.5252192 8.7822266 -59.9106522
v 0.5876273 14.8242569 -59.9120026
v 0.3583163 10.1412134 -59.9120026
v 0.9733566 8.5008488 -59.9120026
v 0.4060419 0.0000000 -59.9120026
v -1.4211465 0.0000000 -59.9120026
v 4.4291668 4.4601288 -59.7817879
v 9.1658754 2.9527047 -59.2585411
v 6.9085908 1.3440331 -59.5133133
v 11.4487953 17.8533707 -58.7526245
v -6.4524689 52.2052879 -25.6357822
v -15.2595549 2.7506642 -57.9873695
v -31.9316254 0.0000000 -50.7080231
v 45.8329086 14.4880428 -38.5857849
v 44.7863770 7.5304985 -39.8178444
v 46.9129601 12.1900558 -37.3142052
v 58.8175049 9.2168703 -11.5546923
v 55.8998528 13.7071180 -21.5658627
v 59.9660378 14.1778631 -0.4767273
v 59.9462280 15.2710972 0.9517972
v 59.9554405 6.9665365 -0.7762746
v 59.7784882 14.2926331 -4.0856071
v 59.7834358 8.6145592 -3.9943306
v 59.9242554 4.0055099 -1.3907557
v 59.6667862 6.2054858 -6.0102706
v 59.6931992 7.9993706 -5.6547174
v 59.7911644 0.0000000 3.8517399
v 21.6490211 13.8584261 -55.9234734
v 20.7117062 12.5395069 -56.2427254
v -59.8674545 8.5267954 2.4447188
v -59.7914276 12.2726460 3.8469903
v -57.8390808 7.3864002 15.6288738
v -57.3636856 16.0119915 17.3399811
v -54.7215195 0.0000000 -24.4233990
v -59.4394112 3.5571651 -7.7612057
v -58.9719620 2.0715742 -10.6125422
v -39.8653641 13.5765839 -44.7613258
v -40.1943932 5.1316004 -44.4497948
v -49.3606415 0.0000000 -33.9579201
v -48.3080406 2.6711020 -35.5103378
v -50.3283501 3.7207897 -32.5306435
v -49.6716042 11.9933577 -33.4992790
v -48.8910751 14.8224669 34.6504669
v -49.2662239 1.1798344 34.0971870
v -51.0626755 1.7067779 31.4321194
v -47.7134552 6.1840720 36.3393250
v -48.2566795 2.0721455 35.5857430
v -49.2224579 12.9046803 34.1617203
v -49.9450569 4.0386906 33.0959816
v -47.2865028 3.0205195 36.8738976
v -55.8300362 14.4485607 21.7410889
v -56.1581879 3.0683258 20.9175110
v -56.2450333 7.6270466 20.6995220
v -54.6798477 10.4097624 24.6183929
v -55.5855484 7.5998783 22.3547306
v -45.8873558 8.4106817 38.5216637
v -47.0318794 13.1800385 37.1739502
v -45.8465195 6.9201632 38.5697556
v -44.6790237 9.3655539 39.9442215
v -46.3198242 0.0000000 38.0125351
v -52.6476898 0.0000000 28.6014061
v 11.7222767 1.1136175 58.7659836
v 42.0219040 12.5608215 42.7186852
v 35.5298920 0.0000000 -48.2484207
v 36.7420731 0.0000000 -47.3269463
v 35.6910057 4.1629696 -48.1259689
v 32.2078781 6.3522396 -50.5418243
v 8.4774504 1.3658763 -59.3430710
v 12.0829306 12.1827335 -58.6865921
v 13.7972918 2.0206664 -58.3092422
v 12.5573330 4.7599173 -58.5821724
v 11.0900869 3.3602052 -58.9050140
v 47.3565140 10.5593615 -36.7916336
v 45.2500381 4.4341736 -39.2719841
v 46.0016060 11.2100019 -38.3871765
v 59.9485168 1.4987221 0.9072204
v -59.8851433 13.4313688 -2.1176558
v -52.6625366 14.1177979 28.5734158
v 5.2604299 13.9397535 -59.6931725
v 5.0698304 12.0780039 -59.7139053
v -58.1407394 0.0000000 9.0350418
v -51.7221642 0.0000000 -26.8675690
v -56.8277779 0.0000000 6.4926586
v -54.1662636 0.0000000 -21.3207016
v -53.2109222 0.0000000 -20.0263805
v -34.6518555 0.0000000 -42.9669418
v -49.4850044 0.0000000 -24.0245113
v -52.0922050 0.0000000 14.9299212
v -24.5273628 0.0000000 -48.4715691
v -45.8175087 0.0000000 -24.4528503
v -36.6714401 0.0000000 35.6900940
v -30.1167793 0.0000000 43.2516670
v -44.0483246 0.0000000 -24.8548489
v -3.0875049 0.0000000 -49.2642174
v -12.6137667 0.0000000 47.9646988
v 1.2083765 0.0000000 -45.5684166
v -2.3944068 0.0000000 46.2220116
v -4.1110721 0.0000000 45.5513954
v 13.1826515 0.0000000 -44.3836861
v 32.4535065 0.0000000 -50.3940201
v -0.9586053 0.0000000 41.7249832
v 17.8269634 0.0000000 -34.5775223
v 9.1444778 0.0000000 38.2638931
v -32.5895386 0.0000000 -18.5110283
v -31.5859489 0.0000000 5.7636790
v -29.5405960 0.0000000 -18.4722042
v 22.6592808 0.0000000 -31.9369793
v 25.4680481 0.0000000 -30.8881111
v 42.5359154 0.0000000 -29.6539192
v 32.7995758 0.0000000 -24.6498260
v -26.5861969 0.0000000 -0.1184706
v 32.2046471 0.0000000 -13.2184963
v 25.2597847 0.0000000 19.9985237
v 6.7482944 0.0000000 10.9881353
v -25.4715977 0.0000000 -3.1041522
v 33.1324234 0.0000000 -2.2105198
v 30.9195042 6.3874698 -51.3169975
v 28.9522228 5.1024594 -52.4989319
v 27.8120670 39.4608879 27.5824966
v 49.4231644 26.4858532 -16.6298256
v -2.9383757 44.6053429 -33.9344749
v -29.1583023 33.1179199 34.9814911
v -16.6638279 51.3097305 21.6449776
v -33.4274750 26.8158073 39.6171227
v 28.7777290 43.5958557 20.0343208
v 36.2056236 34.0272560 26.0988598
v 25.0645199 44.2402267 23.5300446
v 36.6147423 9.7097225 47.4237480
v 11.8475199 50.6474037 -25.3620567
v 18.8831005 48.4948616 -23.5073185
v -3.5838490 12.8227692 -59.8664207
v 29.7458897 41.4731445 -22.3293877
v 35.5867577 41.9968796 -8.8722830
v 26.8094006 50.4332314 -8.7490358
v 36.1292686 39.6355400 -14.7278128
v 52.9220543 25.3969727 5.6887822
v 51.0548973 26.6853123 9.6103401
v 50.9969368 27.4996033 -4.1294365
v 51.1110497 27.1521606 -6.3082595
v 41.7870178 36.8213997 -2.0829153
v 56.2572556 22.2666473 -3.9655871
v -24.6112785 49.4507065 -15.6555138
v -36.8432808 34.9805222 -23.4008865
v 2.8421772 34.1188583 -44.4445076
v -9.0547810 26.5135956 -51.3537521
v -32.9105988 37.5022964 -24.7277412
v -21.2661247 41.6821098 30.2410736
v -12.2736073 59.2330666 14.9531374
v -27.1938896 40.4699898 26.7891407
v -32.8619194 31.9365177 33.2091217
v -28.0658016 21.5012283 49.7776566
v -3.9152744 55.7288933 22.6449623
v -30.5860920 40.7217331 22.4268246
v -40.4443817 27.6073360 31.1184196
v -34.2094727 35.4455376 26.3818951
v -49.9438057 27.3882179 11.5394783
v -23.6321945 52.5502129 11.0617380
v -36.4617081 37.1503296 19.8750286
v -26.9748859 51.3967667 -3.8715198
v 4.2334332 4.9014277 59.8040352
v 6.5645204 11.1396503 59.5513573
v 3.5979192 48.2300644 30.2169952
v 16.2185802 58.1497498 12.5180321
v 32.2848396 27.0303898 40.2955246
v 16.8269463 52.2347565 20.3528595
v 25.9195919 38.3583260 30.8708687
v 13.2932215 56.5459747 17.6202488
v 46.5653954 4.7538285 37.7234306
v 27.1878510 5.5088615 53.4347763
v 23.9426403 32.9059143 -38.9928627
v 20.0552940 45.5984650 -26.2793045
v 32.4566231 27.4006958 -39.6559563
v 33.6073074 27.9099503 -38.0216675
v 0.6914142 43.6457214 -35.0455284
v -8.0380507 19.1685696 -58.8461342
v 38.3484802 28.0500202 -33.0283165
v 30.1079617 32.1636124 -35.4172325
v 31.3188744 37.3201103 -26.9751530
v 22.7268772 55.4415512 -4.5945692
v 21.6234093 56.3320580 -5.4375353
v 41.3216248 36.6224480 -7.7422948
v 40.1214447 37.7747192 -7.8875122
v 59.4610023 19.0178852 -0.2224497
v 59.4948578 18.9248486 1.8358533
v 40.7817917 36.6956902 9.7713823
v -8.9984026 60.0000000 8.7270575
v -10.4433718 60.0000000 10.2227974
v -49.1596451 20.7305202 -30.5819569
v -22.8033733 53.2629700 -11.1535587
v 8.7415590 29.4751740 -48.4011841
v 8.5068340 25.7519512 -52.2099838
v -6.9613333 42.3282928 -35.6660271
v -24.4558220 44.6118240 -23.6724873
v -59.5507545 8.0550203 7.0699167
v -46.0807076 27.4787674 -22.2395458
v -35.5211220 42.3718948 -7.5128450
v -30.4448738 39.9740219 -23.8880329
v -52.5247726 17.2639389 -28.8077869
v -44.4347115 11.7565193 -40.2312698
v -29.1606007 25.5212708 44.4053688
v -11.7754622 52.4550018 23.3743629
v -41.9926071 18.2660732 42.6233788
v -30.9247036 35.8008423 29.6339645
v -28.3751316 39.2227554 27.3563976
v -30.3086338 36.9310875 28.6391563
v -25.2441120 44.3008842 23.2659035
v -19.9478645 35.0448456 38.7791824
v -15.8889608 41.3758469 33.7089653
v -23.5318222 19.9841881 53.7134857
v -19.1608677 19.9572582 55.4737892
v -2.8491895 41.9467125 36.6486053
v -2.1199243 40.4686470 38.1839104
v -1.1766796 56.9064598 21.7359962
v -0.7301667 59.1452026 19.5204926
v -20.7171898 11.5850105 56.2410164
v -44.4229736 26.7632332 26.7994881
v -54.2637863 22.8972664 12.7818069
v -36.5436516 41.1807747 8.2483902
v -52.7812691 22.1562500 20.1820450
v -39.8441963 30.5851746 26.8975639
v -17.5916233 57.6992989 11.3409634
v -26.6378250 51.9872818 0.6631920
v -41.4876862 37.1501923 -0.8900740
v -51.4758873 27.1663361 0.6348888
v 3.2565482 39.7978477 38.7293015
v 10.7788067 59.5817871 15.5200157
v 39.0358810 33.5895920 22.4499474
v -0.6329937 41.6994553 36.9955254
v 9.1184063 55.5788956 21.1929684
v 11.0541077 55.2352486 20.6159363
v 20.5235233 30.8388081 43.1879654
v 15.8928127 45.2657394 29.3573780
v 52.4612160 1.1314014 28.9531231
v 45.7978477 5.9640136 38.6270485
v 43.1261559 15.7088861 41.6628952
v 33.7853127 18.6618710 49.1387634
v 27.3841743 23.6358833 -47.7129631
v 25.9991226 25.9731026 -45.8116570
v 30.1015167 19.2072983 -51.1385994
v 38.6568718 17.5674267 -45.8204651
v 1.1167673 17.6152554 -59.8876648
v -3.9343293 21.0608006 -57.4332504
v -0.9451083 34.4999237 -44.1639900
v -2.7265627 34.6538849 -43.9131737
v -5.4002442 13.3223953 -59.6779633
v -27.4537220 1.5738685 -53.3075371
v -24.5818176 8.8909731 -54.6405067
v 45.3467369 26.1121502 -26.5180035
v -54.5297928 19.5703449 -22.6489944
v -12.4203749 52.9242821 -22.5224686
v -17.7327938 42.8703842 -31.0903587
v -8.5793247 37.6215630 -40.1436806
v -32.2594872 22.8788490 -45.4659386
v -42.0718842 35.8688774 7.8514338
v -57.2954750 6.1479712 -17.5826225
v -47.7976570 26.3753853 -21.1143265
v -55.2984619 22.4171028 -10.3684254
v -43.5044250 4.0079408 -41.3059845
v -46.3869934 2.9399590 -37.9334526
v -32.3925934 18.6065674 50.0925674
v -38.2604713 26.1038246 35.9618835
v -33.6043510 8.1556177 49.6725121
v -37.9303055 6.3687458 46.4224854
v 7.5651293 50.9560585 26.6150837
v 15.2882195 23.3191986 53.1321831
v 16.8269653 23.6654930 52.3325424
v 39.7963486 37.2272263 11.5517521
v 18.2806873 13.4682932 57.0619774
v 21.4702606 14.7961893 55.9842796
v 12.1710186 37.6472855 -39.1544800
v 9.9960728 53.0896835 -23.5147152
v 28.1818371 1.9315115 -52.9474983
v 16.2935467 15.4719515 -57.7210045
v -7.4919658 8.1014662 -59.4501610
v 48.6915741 6.9685974 -34.9447289
v 50.2727089 6.7408156 -32.6127357
v 48.9761124 15.2228813 -34.5250626
v 58.7715569 2.7757061 11.8315544
v 57.9326439 8.9463892 -15.2918653
v 21.5513706 19.0717239 -55.4049606
v -18.7493248 47.0926704 -25.3833313
v -31.9269218 19.7726593 -49.4617424
v -58.0889511 20.5422840 -2.8746817
v -47.2132912 31.0136051 6.4666457
v -54.1547890 9.2303457 -25.7302341
v -52.8862953 10.1377831 -28.1513653
v -26.0994129 42.9080696 24.3918247
v -29.0721283 40.3597374 24.9244957
v -58.8325119 19.4865437 -5.6826391
v 5.3139877 60.0000000 9.0563278
v -3.5705867 60.0000000 -5.7955031
v -5.4278421 60.0000000 6.7736912
v -2.0662405 60.0000000 5.2093372
v -3.2356665 60.0000000 4.0018220
v -0.0105659 60.0000000 10.9888525
v 9.8792114 39.1259270 38.2545052
v 5.1364427 39.2941780 39.0382652
v 7.1434560 38.7388077 39.2929916
v 33.8685875 42.1226463 13.6270990
v 23.7173443 51.6266251 12.8959093
v 21.8589344 53.7660332 11.8233004
v 51.6614723 20.7879677 26.0661316
v 14.9171572 4.0564036 58.0625572
v 13.4280596 4.7185216 58.3905220
v -22.1272144 19.6127014 -54.6589165
v 53.3573647 7.4178562 -27.2628479
v -43.1153908 1.3856647 -41.6828613
v -34.9965782 10.1849966 48.6538429
v -13.5012970 10.9387045 58.3744011
v 3.3340402 26.9566975 51.5764694
v 3.2636132 35.7958565 42.7414551
v 1.1415566 44.1736298 34.4896622
v 4.8989916 10.4243422 -59.7324905
v -11.0464230 32.7260056 -44.5941162
v -4.9330621 57.0636177 -21.0013885
v -9.6171341 33.5833168 -44.0544205
v -16.0576267 9.3102360 -57.7781525
v 48.0653610 11.8458252 -35.8672638
v 56.7052841 2.6648839 -19.5348625
v -54.2360420 1.4679743 -25.5769024
v -58.9822388 9.2010975 -10.5497303
v -54.4799347 1.5664291 25.0870247
v -45.9610329 11.8681870 38.4349403
v 31.2487164 10.3992844 -51.1189346
v 32.5447960 11.9358311 -50.3390617
v 14.0250731 5.8536539 -58.2590981
v 45.5482597 8.3873348 -38.9208908
v -55.3605499 15.2262115 -22.9194145
v 12.4641924 6.7347403 -58.6026726
v -59.0500183 0.5066041 -10.1363640
v -57.0631561 0.0000000 11.8242970
v -42.4998474 0.0000000 -32.9891319
v -53.2501106 0.0000000 -18.4109821
v -47.5797806 0.0000000 -24.2082062
v -30.7995319 0.0000000 -43.2230148
v -48.5372810 0.0000000 13.3917694
v -23.1845856 0.0000000 -47.2229462
v -47.0196037 0.0000000 14.1444101
v -13.9623432 0.0000000 -54.1942215
v -34.0963020 0.0000000 -30.9005318
v -38.3586731 0.0000000 -27.8136787
v -24.9669075 0.0000000 41.0542107
v -31.9943542 0.0000000 32.8677521
v -30.2084923 0.0000000 33.1733284
v -28.2994766 0.0000000 33.4391518
v -14.4164076 0.0000000 50.2234077
v -13.4812784 0.0000000 51.7430038
v -4.4067788 0.0000000 50.4957581
v -32.1420441 0.0000000 15.3091488
v -33.1003189 0.0000000 17.1143627
v -40.3605118 0.0000000 7.5383878
v -3.6930223 0.0000000 40.7907524
v 1.6285803 0.0000000 -35.0368500
v -19.7793388 0.0000000 23.2852573
v -37.0317802 0.0000000 7.4826450
v 3.4625626 0.0000000 40.5364685
v 5.0579219 0.0000000 40.8592339
v 16.3010578 0.0000000 47.7577667
v 21.6504440 0.0000000 -35.1780930
v -13.2044315 0.0000000 20.1491909
v 2.2318156 0.0000000 -25.4170437
v 33.6094971 0.0000000 -29.9627285
v 32.7673035 0.0000000 -26.6529999
v 34.4671898 0.0000000 33.0330086
v 13.6222811 0.0000000 -16.0768986
v 23.1046009 0.0000000 25.1960468
v 39.4929924 0.0000000 29.0285301
v 37.7162857 0.0000000 28.6209202
v -1.2996137 0.0000000 11.8221836
v 22.8299885 0.0000000 -13.5241623
v 39.8671150 0.0000000 24.6465149
v 8.6844397 0.0000000 -8.4252024
v 24.4219437 0.0000000 -7.8756409
v 31.2504082 0.0000000 16.6569233
v 44.1366348 0.0000000 7.8624001
v 47.3498268 0.0000000 6.2427511
v -12.1692057 0.0000000 -3.9834485
v 23.4355278 0.0000000 -0.5683495
v 15.8150053 0.0000000 -2.4345503
v 15.2584352 0.0000000 -6.2801580
v 38.6229248 21.7360878 41.7900391
v 14.7600784 55.8091888 17.4163952
v 19.9698353 45.3328743 26.6523342
v 20.6169853 43.8342285 28.0413380
v 37.4464531 12.6572351 46.7914925
v -6.3391862 27.8137856 -50.4680061
v -5.0754027 27.1946354 -51.2311172
v -4.2360034 47.3125610 -31.0664673
v -21.5139751 51.4196701 -16.7326050
v -24.6342583 46.5791130 -20.5545597
v -32.0967789 25.8589211 41.9531021
v -31.0417061 28.5685883 39.3316269
v -26.6170673 38.6102142 29.9450226
v -25.5166759 40.0589027 28.9777355
v -34.5375214 22.1325588 44.7791595
v -19.8643913 47.6269875 23.8164921
v -22.3516598 31.6786003 41.3120384
v -23.9012222 31.5633354 40.5904922
v -27.5934944 50.4569664 5.7004876
v 13.1017218 18.3824234 58.2918282
v 41.9719849 24.6668415 33.9868469
v 31.7316570 39.1665878 23.5127048
v 36.6916656 34.6210976 24.3633976
v 26.5655079 45.2638512 20.2540989
v 39.9910469 28.4028339 30.4215832
v 42.6651459 25.2420158 32.1184502
v 28.2841682 42.9076195 21.8815098
v 39.4721375 25.3076153 35.8780899
v 32.7153320 31.8283291 33.5081139
v 36.0928383 21.4876556 44.3239975
v 28.4041424 26.6256008 43.5718117
v 20.2858143 41.2721901 31.3988380
v 16.4283791 49.3041611 24.3171806
v 27.5684490 25.9376125 44.9193764
v 23.0126171 6.0851665 55.3657494
v 30.6673985 12.5210457 51.4686852
v 29.8193493 22.4054031 -47.6851959
v 10.7085505 55.2370567 -20.8000145
v 20.2311211 43.2819901 -29.0239201
v 20.2554054 44.3647194 -27.6737289
v 25.3600235 47.1061974 -18.7931461
v 18.9696789 56.1792068 -11.9804096
v 20.6256466 53.5704498 -14.2742548
v 22.3181419 52.4656601 -13.6404905
v 30.0232811 42.2669983 -20.5643482
v 43.4665565 34.8362694 -5.6683569
v 50.2776108 27.7968369 -7.8415279
v 50.5931892 27.1299438 -9.8226223
v 40.7568779 36.8200302 -9.5653572
v 31.3031998 45.6839447 -10.2953100
v 45.0969925 31.8238945 -12.7080030
v 36.4015732 40.4109077 -11.6792994
v 19.4932289 57.9859200 -6.7670755
v 29.2044086 47.1022797 -11.8534012
v 30.5287266 45.8286629 -12.0269585
v 53.2216797 22.1667633 -18.8476734
v 51.9434166 22.9706573 -20.0761757
v 43.0785599 33.0202980 -15.0377750
v 53.4972649 25.1409702 -0.9569920
v 42.1516190 36.4685249 1.7281514
v 53.0239983 25.5760250 2.1333070
v 50.7856483 27.8049583 2.4361289
v 49.6297798 28.9108295 3.2333188
v 27.2848454 51.2951584 1.9094214
v 31.9543304 46.6598167 1.5686826
v 48.3047752 29.9822903 5.7728829
v 19.0538654 58.8443642 5.3926969
v 48.3881531 29.5065727 8.5987930
v 47.3392754 31.0078545 -5.4506655
v 21.7218227 56.7731171 -2.3918045
v 22.4845142 56.1156960 -1.2852581
v 46.0324974 31.6259422 9.4865065
v 25.7652531 52.6583786 3.3232112
v -7.0206518 60.0000000 11.3544416
v -31.4485111 41.9430389 -18.8864975
v 5.4798112 36.7939301 -41.5377235
v 2.2877173 24.8557014 -53.7434807
v 1.4072371 49.3659134 -29.2816525
v 5.2179260 31.3547192 -47.0456390
v -6.9077253 26.3749218 -51.8385391
v -3.0749369 57.4340134 -20.9973431
v -5.4683952 37.5408325 -40.7659416
v -11.4286108 23.2649002 -54.2306671
v 1.0615357 56.3738441 -22.2757301
v 3.6598449 52.3770523 -26.0530529
v -15.4285593 51.7086105 -22.0861988
v -13.0481024 59.3428421 -14.0707626
v -34.4034958 35.3381195 -26.3399086
v -43.3246498 22.5448380 -35.6923256
v -37.0017815 25.3529148 -38.3811493
v -20.5802612 43.0181808 29.0893021
v -27.2745380 32.3186493 37.4684486
v -34.4098969 27.2490425 38.2177277
v -23.4574528 45.4753265 23.4465733
v -8.9743004 39.3742065 38.2573280
v -14.0576811 25.0423546 51.7150574
v -6.5128608 47.4741516 30.5252571
v -3.2785468 48.3362236 30.1723232
v -24.0387497 48.8416023 17.6283627
v -34.3493881 36.9109993 23.7235966
v -35.6418839 36.1537323 23.1490250
v -37.0477409 32.2133446 27.9797592
v -36.3210258 31.8129387 29.5988407
v -44.2893219 21.7563553 35.7279320
v -37.7066765 38.9623184 12.4982634
v -40.2177773 36.1359901 13.8704519
v -49.1157570 25.5634804 20.2025890
v -22.6700459 54.4546089 8.3840570
v -40.4642296 35.2925377 15.5940619
v -17.7881794 59.0057640 8.2190285
v -43.5678558 32.4015884 15.5796432
v -44.2738762 30.9302006 17.8489380
v -42.3564262 31.6507454 20.3595390
v -51.6347771 22.7629108 21.4377499
v -51.7211838 21.9215641 23.2718601
v -26.9526348 49.1188393 12.0400772
v -32.2078705 41.6382141 18.2594395
v -31.7297344 46.6647453 -4.1965113
v 5.0867591 6.4434614 59.7120552
v 7.8951778 12.5860558 59.4065933
v 6.5365310 7.5477467 59.5543976
v 8.0443602 4.1742816 59.3903694
v 10.1750317 3.9080324 59.0956841
v 7.0562687 9.2752304 59.4978714
v 21.0629539 21.2221584 53.4081268
v 22.6107845 23.8841724 49.8808556
v 12.0805140 48.1687965 27.9853897
v 3.9616337 54.3110161 24.0250874
v 19.3412819 49.2255592 22.1865540
v 24.1745377 37.0144920 33.8980484
v 20.9295025 41.9058037 30.2019501
v 44.3110733 1.5580922 40.3774109
v 24.5446587 11.0635834 54.6576881
v 26.1059151 10.0830431 53.9353752
v 24.2119236 7.6400232 54.8116341
v 28.2786350 2.0703943 52.8997803
v 28.5566883 8.2018557 52.7380333
v 38.2752724 15.0538368 46.1596756
v 29.3944378 16.7656441 52.2303963
v 32.4710121 7.7008762 50.3834915
v 30.8532219 3.8271413 51.3568802
v 27.5790482 26.0626411 -44.7792435
v 20.1169529 36.2354774 -37.3300362
v 21.4512806 36.1818848 -36.6761703
v 18.3757553 34.5571709 -40.0902519
v 20.8569450 31.5051441 -42.2761612
v 22.4914894 22.1739922 -51.8058319
v 9.5147858 43.5552559 -33.7904434
v 24.8354645 38.3872986 -31.7126522
v 16.6370602 52.5459480 -20.1143742
v 37.7808075 23.1767559 -40.6672897
v 36.8758278 24.5515594 -39.6352425
v 33.8113251 22.5465775 -44.8307610
v 0.7370495 25.0463200 -53.6345520
v 33.8968506 36.5862045 -24.9462471
v 26.4549122 46.8373375 -17.6593475
v 31.8464642 42.1280327 -17.8733139
v 30.5734615 43.6425629 -17.0461407
v 33.7617645 34.6370659 -28.2581787
v 21.8766670 51.1815186 -16.6417408
v 23.8665848 45.1971092 -23.4281254
v 23.3482094 43.2939339 -26.5606995
v 20.9196339 45.9061317 -25.1916580
v 28.9896088 35.3988914 -32.1202240
v 39.4141273 22.5777531 -39.8886604
v 35.2594948 26.7701912 -38.1120949
v 17.8447685 51.1228065 -20.9614296
v 14.7269821 59.9999924 -5.0677824
v 21.6244297 56.6489868 -3.8697078
v 22.6964684 55.7319374 -2.9808123
v 31.5972614 46.4781837 -6.0042038
v 55.1451111 22.2124596 -11.9781284
v 44.7795753 32.5544853 -11.0611296
v 57.4023552 14.6479321 -17.2018051
v 31.7911129 46.7752914 -2.3579671
v 58.5459747 20.0739784 -1.5543461
v 26.1167679 51.4755287 7.5327587
v 42.3550148 35.1782875 9.6853619
v 51.8531609 26.3529167 6.6485434
v -35.4123764 37.2491646 -21.4051380
v -39.5376320 32.6066055 -23.5566235
v -43.0451813 29.3845730 -23.9626369
v 5.5014958 51.9749870 -26.1411896
v 10.7546320 41.5191307 -35.5413170
v 13.2362061 21.4168358 -55.6853409
v 6.4404392 41.1416664 -36.9885216
v 9.5133801 26.7718067 -51.0036774
v 10.4527855 29.6061039 -47.9465981
v 5.4208326 23.1563148 -55.2500267
v -24.6992607 42.4034042 -26.5191898
v -24.5475464 43.5084915 -25.1403122
v -32.7945290 31.9771671 -33.2250938
v -16.4374332 55.8728218 -15.7173510
v -40.6120110 37.1083908 -8.9631805
v -36.4263191 31.9110603 -29.3193703
v -44.3862762 4.5971789 -40.2886658
v -31.6751499 22.0117283 46.9369354
v -23.7033291 36.7771606 34.5235405
v -23.2947464 26.4082985 46.7585564
v -8.5173664 55.6970558 21.3101215
v -29.1205292 37.3256493 29.3233242
v -13.9054976 45.4087486 30.1765823
v -22.4215622 20.9590263 53.1327858
v -20.3208351 23.0654049 51.7167130
v -11.4779692 20.3938866 57.1327400
v -15.4584093 20.8126469 55.7123909
v -0.9545648 51.6771736 27.0128155
v -2.7355845 52.1116219 26.4245949
v -3.0535998 56.8395882 21.6269398
v -36.0390167 36.7346306 21.4264736
v -42.5198593 35.1408768 9.2294464
v -36.3160629 41.0191040 9.9422188
v -23.7341385 53.1496010 9.2523336
v -24.8465786 52.4188919 8.3919754
v -45.0980186 31.2226009 14.7895842
v -54.6057396 21.3778210 17.2847385
v -37.2248077 33.7456703 25.1183643
v -36.5770493 34.8585663 24.0861244
v -42.1326981 28.2700043 27.6270962
v -43.4736061 26.9682693 27.9496002
v -56.4306831 22.1115761 4.0601473
v -37.4158974 41.2003326 2.0848212
v -22.4232864 56.1827316 1.4795206
v -56.4360504 22.2070179 -0.6379400
v 16.7052479 59.7331085 7.9294019
v 5.6002154 42.7921104 35.4322739
v 9.5383444 58.0094032 18.2687969
v 19.1067638 55.7079735 12.6527319
v 23.0500183 50.7487755 15.7207861
v 50.4260635 22.0239792 25.7650223
v 2.2175350 10.7170668 59.9112091
v 2.7767448 5.8848290 59.8995934
v 2.9737394 1.9904810 59.9119263
v -1.3773878 29.6071434 49.0503769
v -0.4101634 45.8328018 32.8655815
v 11.9286366 53.8393211 21.7373524
v 10.3145609 53.3347740 23.1130352
v 20.2754936 36.4170532 37.0493698
v 14.3058100 45.4160576 29.9936161
v 25.9046040 19.6738682 52.9258499
v 23.1194801 31.6386337 40.9255562
v 20.5893230 1.4823349 56.2841034
v 22.7868729 11.4823551 55.4637833
v 34.5260887 13.3791246 49.0101852
v 38.9767113 3.9644434 45.5922508
v 28.1848717 19.6207390 -51.8317337
v 11.6016626 57.4767113 -17.7328472
v 16.0777073 27.4635201 -48.5903702
v 20.1368656 25.7013626 -48.9526176
v 18.9467697 25.1625805 -49.9938278
v 22.9585400 3.0777307 -55.3914795
v -1.4981753 19.4983158 -59.1161880
v -3.1299939 25.6913681 -52.8492889
v -2.2918801 49.5692940 -29.0046444
v -22.4943275 4.9126863 -55.5966682
v -26.1226749 10.0448523 -53.9276314
v 46.5146980 22.5417099 -31.4035416
v 40.5701981 31.5712814 -23.8735199
v 57.0662689 10.6961832 18.4121590
v 57.0252495 4.7832565 18.5483570
v 19.1744595 59.3604012 -0.2709162
v 55.0375481 5.5035682 -23.7301025
v 52.3209610 11.9121380 -29.2174854
v 48.7128487 24.7100449 -23.1142216
v 38.8534546 34.1922455 -21.6402550
v 14.6080828 24.7223263 -51.9002037
v -17.9673615 41.7267189 -32.2655487
v -11.2500954 55.1196823 -20.6543751
v -20.5224037 32.2071953 -41.6424026
v -13.6566591 51.8816643 -23.0475464
v -21.3831253 36.8900490 -35.8942680
v -14.6147776 43.0512924 -32.4476585
v -59.9780998 3.3135879 0.0353683
v -58.2673874 1.4869580 -14.0839748
v -57.8041229 12.3124104 -15.7547626
v -43.1626968 31.6561165 -18.5467987
v -50.8819122 22.5381603 -23.6144314
v -44.2436180 29.8268166 -20.6161098
v -52.4539871 22.3358536 -20.5083313
v -54.0653191 22.5790596 -15.0111418
v -53.9198380 21.0825329 -20.1567173
v -54.9229202 22.0199356 -13.8622599
v -50.4985313 27.2206039 -9.9306078
v -46.5395088 13.8436594 -37.7538795
v -46.4078598 4.7982030 -37.9089012
v -37.8681107 27.5260353 34.2982750
v -34.0336113 33.9616241 28.9715710
v -8.3896065 20.8803349 57.1481018
v -36.7254906 13.9332266 47.3395500
v -35.7779770 15.3160477 48.0598373
v -18.8648319 2.7905083 56.8651505
v -39.6482430 8.8090000 44.9671326
v -33.2982864 38.8746071 21.7607899
v -31.8963642 39.3551483 22.9424934
v -35.9456711 42.4951668 -4.0449667
v 6.9159255 53.8139153 23.8263397
v 10.3724575 46.4895592 30.4517975
v 6.1726093 44.0567284 34.0583839
v 16.8626709 22.4228420 53.6121712
v 13.7620907 36.1327324 40.2445793
v 15.3089590 32.0226517 44.0586395
v 12.5403900 41.8169022 34.6511192
v 38.5787659 32.0880852 26.0956650
v 40.0842857 31.1081905 25.5419407
v 29.1951904 44.2667046 18.1176777
v 52.7559471 22.6583633 18.6869354
v 47.5860977 27.7776985 17.9569435
v 35.1811523 41.8471718 10.8467169
v 0.7066516 10.5515318 59.9120026
v -0.5114641 1.8247724 59.9120026
v -1.5397735 3.3670995 59.9120026
v -2.0541005 22.5623627 56.0471039
v -1.6464224 32.1541481 46.5011978
v 50.4783287 12.8569164 32.3090057
v 51.5022278 13.6271486 30.7160950
v 16.2287178 21.8973999 -54.3757133
v 10.0718746 46.6442375 -30.3652000
v 9.2575827 51.8264427 -25.1498756
v 15.9531212 41.1885910 -33.8971367
v 14.5223637 42.1400871 -33.5030365
v 15.6399155 36.3818207 -39.2552338
v 24.8719330 3.5859597 -54.5062790
v 26.5469990 15.9396315 -53.7309227
v 25.0425434 13.3543777 -54.4273453
v 27.4148750 7.7497673 -53.3292389
v 26.5086899 14.2557163 -53.7489777
v -1.9516876 7.0144095 -59.9119759
v 16.4778099 17.1717224 -57.6466331
v -15.3418961 41.5286369 -33.7901649
v -12.1962318 40.5718536 -36.0941353
v -11.1091356 46.4635811 -30.2239304
v -14.2653456 6.6483297 -58.2062035
v -13.6776838 14.2725611 -58.3355675
v -13.1360531 8.3143911 -58.4547920
v -19.3277550 7.6158566 -56.7091751
v -21.5257492 3.5882788 -55.9685593
v -35.6982841 16.3535309 -48.1166573
v 49.7043953 10.1165829 -33.4509125
v 59.1413879 12.7924767 9.5790920
v 59.6750946 9.6507759 5.9534655
v 58.4348412 3.9332592 13.4797373
v 59.2504539 11.3165340 -8.9138012
v 58.8356819 13.9568357 -11.4438019
v 56.4953690 13.9362459 -20.0709591
v 59.6316109 11.3142366 6.3728027
v -19.0423260 43.0819702 -30.0618954
v -19.2670536 41.7906799 -31.4533863
v -27.4759483 25.5820274 -45.4384270
v -16.8765564 34.5641174 -40.7326927
v -22.3723640 27.3763485 -46.1180725
v -59.9431915 9.4558764 1.0416241
v -27.0009327 51.5708542 2.4124763
v -46.6277351 31.9868336 2.5140893
v -48.8647270 29.6675167 3.8296525
v -41.4601822 36.8500633 5.4957943
v -46.1915894 31.9043312 7.3194361
v -31.6888123 46.6966972 4.2642121
v -49.7895126 28.3347263 7.3951845
v -56.1040154 14.6692467 -21.0534115
v -56.3835678 3.7334614 -20.3518276
v -59.7494278 7.0434365 -4.6216450
v -25.6550789 51.1297646 -9.9068632
v -17.8936405 54.9291077 15.5552883
v -15.0621176 58.9652710 12.6366320
v -27.3728638 13.2498541 53.3479652
v -24.9729385 14.6845150 54.4595528
v -25.5853653 11.3855677 54.1762123
v -52.6324768 25.4798260 -7.8047400
v 9.9794989 60.0000000 10.1586924
v 11.7649717 60.0000000 10.2179508
v 12.6844463 60.0000000 3.8557625
v 13.6633501 60.0000000 -6.1809111
v 7.8513641 59.9999428 -13.7598953
v 2.0376294 59.9834366 -17.2599735
v 0.8299053 60.0000000 -15.7716942
v -2.0760365 60.0000000 -15.2796440
v -3.5981855 60.0000000 -14.2278681
v 10.7296028 60.0000000 -5.6875796
v -3.5381289 60.0000000 -9.0684967
v -9.9498816 60.0000000 -8.1960611
v 2.9559088 60.0000000 -5.3034310
v 4.4912171 60.0000000 1.0522169
v 8.1117554 60.0000000 -1.8658458
v -9.7767944 60.0000000 5.3742085
v -7.3957896 60.0000000 9.5399065
v 9.7958279 60.0000000 0.1737107
v -5.0595579 60.0000000 11.5734434
v -2.2384760 60.0000000 10.3840408
v -0.3228778 60.0000000 13.5097160
v 9.2899895 35.6522102 42.0021324
v 12.2843475 36.1505623 40.6747589
v 46.9785805 27.6705055 19.7729130
v 42.7009735 32.2797050 18.0675888
v 25.5322495 50.8890495 10.8496704
v 37.2512283 38.2482986 15.6156197
v 37.9245186 37.0435829 17.1478958
v 43.8689728 29.1594772 22.9106541
v 13.0003128 6.3226919 58.4846649
v 39.5156174 10.4228401 45.0894318
v 39.5880852 12.2571802 -45.0239449
v -20.9064426 19.0608444 -55.6333847
v -5.9231849 7.7134428 -59.6211052
v -20.2331581 14.1641426 -56.4040909
v -20.5438595 12.4636593 -56.2994080
v -30.6526394 9.5727682 -51.4775620
v -38.8718567 7.8505459 -45.6668549
v 42.5281219 10.5100899 -42.2391777
v 59.5018578 8.1767540 7.3788762
v 56.7451210 12.0962639 19.4315472
v 57.5644951 3.0245688 16.6178246
v 55.9780884 11.2643919 21.3695049
v 58.9132996 11.1101856 -10.9703684
v 55.5140190 10.1071491 -22.5342522
v 59.5752182 9.1752520 -6.8183951
v -56.3527031 6.7573442 -20.4289818
v -55.7566795 4.4769373 -21.9252110
v -51.2657318 13.6980286 -31.1158123
v -51.8339386 12.3872290 -30.1352768
v -11.7457294 1.8824917 58.7608147
v -10.1141882 4.3092809 59.1094971
v -15.2419491 5.6641793 57.9888725
v -14.1544514 3.8985660 58.2306252
v -52.4493217 7.7719154 28.9755764
v -53.0308914 6.2678852 27.8786392
v -55.1376114 23.0773430 -7.0103717
v 3.5363326 31.5341835 46.9862480
v 2.7719531 23.2943268 55.2727051
v 6.2978482 22.0839081 56.2436638
v -0.2102403 25.1132107 53.5637932
v 40.9260979 2.6626575 43.7566833
v 40.8983574 5.9658833 43.7829704
v 2.3447199 12.5775595 -59.9107475
v -1.3476118 3.4275417 -59.9120026
v -0.1722011 11.8666039 -59.9120026
v 1.5429852 11.4118891 -59.9120026
v 5.3278041 5.6798410 -59.6858521
v -7.6063051 49.0243378 -28.6308155
v 44.3969345 8.9311609 -40.2750359
v 47.4132652 4.9598126 -36.7247467
v 55.7152328 5.3096762 -22.0292416
v 55.0473137 11.4935465 -23.7054501
v 59.8324280 10.9182014 3.0907857
v 59.7902756 12.6769829 3.8681965
v 59.8945084 5.8715148 -1.9458430
v 59.8651657 2.8433833 -2.4869819
v 59.7889290 6.6338968 -3.8930924
v 59.8631630 11.4483051 -2.5240386
v 21.4016876 11.1700821 -56.0098724
v -59.7462120 10.7945471 4.6809344
v -57.7779503 15.8937998 15.8486195
v -57.9555550 13.9671650 15.2093878
v -57.3707962 2.8935678 17.3154621
v -54.8106041 9.2542839 -24.2995911
v -59.8195686 6.1476269 -3.3279583
v -41.0711746 6.3801479 -43.6192513
v -40.0240746 7.0139375 -44.6108208
v -50.7056389 12.0966301 -31.9739532
v -48.7933731 7.4702201 -34.7944908
v -49.8671265 5.0806489 -33.2109222
v -53.4115868 8.4502478 -27.1605568
v -49.0779381 8.7325926 34.3748703
v -49.7938042 11.2058411 33.3190575
v -56.6531372 6.0260310 19.6567631
v -47.1034851 9.0071754 37.0884209
v -53.8299332 1.8008121 26.3714714
v 9.8450642 4.5187407 -59.1583443
v -16.1913567 5.3899851 -57.7408447
v -16.0664997 7.2809200 -57.7843285
v 59.8938942 9.3509312 1.9558604
v -45.5420685 0.0000000 -37.2726631
v -56.7990990 0.0000000 2.2529790
v -43.7724838 0.0000000 -37.9421730
v -55.4570236 0.0000000 12.7975063
v -56.5581970 0.0000000 -15.8097363
v -56.6476173 0.0000000 4.4239197
v -50.5923767 0.0000000 -25.4586754
v -49.2842064 0.0000000 27.1613388
v -34.0618820 0.0000000 -47.0467110
v -50.8115311 0.0000000 21.1429024
v -33.7756691 0.0000000 -44.9129639
v -29.1225834 0.0000000 -48.5827141
v -52.6006622 0.0000000 8.6390591
v -45.0985031 0.0000000 35.1868362
v -39.6486893 0.0000000 -34.4916992
v -48.1210251 0.0000000 24.1282158
v -49.2489319 0.0000000 22.2608643
v -24.7141285 0.0000000 -50.3045998
v -33.4609528 0.0000000 -41.2219849
v -42.2632561 0.0000000 40.2776070
v -47.2596817 0.0000000 18.9137383
v -42.7487679 0.0000000 33.0003128
v -51.3939896 0.0000000 -17.4961243
v -38.6418381 0.0000000 31.5647125
v -28.5901203 0.0000000 48.8802071
v -33.7298737 0.0000000 35.5500221
v -12.5102444 0.0000000 -54.1472969
v -29.8876438 0.0000000 40.2627525
v -7.3383684 0.0000000 -55.7297821
v -40.5617867 0.0000000 22.1101913
v -32.5388031 0.0000000 31.1774693
v -31.0946407 0.0000000 -30.7200050
v -32.9049988 0.0000000 -29.6388378
v -12.7139626 0.0000000 -44.5685081
v -40.9808350 0.0000000 15.8363018
v -38.6180954 0.0000000 17.7653408
v -27.5439682 0.0000000 35.0396347
v -22.8588085 0.0000000 40.7913208
v -8.8801260 0.0000000 -46.7844582
v 0.9087834 0.0000000 -52.9579239
v -13.1187754 0.0000000 -43.1130943
v -25.3559265 0.0000000 35.4558144
v -20.1580162 0.0000000 43.5867462
v -9.8178844 0.0000000 51.8338852
v -27.5801353 0.0000000 -30.0156879
v -29.4910355 0.0000000 -29.6105576
v -36.9419365 0.0000000 13.0848370
v -44.6199417 0.0000000 5.5577235
v -41.5543861 0.0000000 8.5508862
v -5.9190993 0.0000000 -38.2219353
v -0.5348663 0.0000000 51.7720261
v -15.7094898 0.0000000 -33.6390572
v 15.6634560 0.0000000 -49.1249008
v 7.4214101 0.0000000 -44.8366776
v -6.0289469 0.0000000 42.9664764
v 9.1431465 0.0000000 -42.4584351
v -21.4186935 0.0000000 24.3746510
v 3.9032619 0.0000000 50.3517494
v -26.2181778 0.0000000 -27.4802761
v -35.3079987 0.0000000 -22.1359558
v 20.7905464 0.0000000 -48.7239532
v 8.4482260 0.0000000 50.8565598
v -0.2635628 0.0000000 -37.2443314
v -32.6536903 0.0000000 -20.4694824
v 16.7898922 0.0000000 -37.8542709
v 7.6106834 0.0000000 46.0580902
v -5.3053017 0.0000000 -31.0928936
v 4.6959906 0.0000000 -33.4684868
v 13.1685457 0.0000000 49.0660706
v 18.2986450 0.0000000 -36.2493896
v -24.4619904 0.0000000 13.5356264
v 19.2157631 0.0000000 47.1232033
v -2.8587382 0.0000000 33.0117035
v 42.6459579 0.0000000 -39.7496300
v 6.3283429 0.0000000 36.0672646
v -17.0102863 0.0000000 -22.9166470
v 30.7851067 0.0000000 -35.9201393
v 35.4099121 0.0000000 -34.5180588
v 4.9975591 0.0000000 30.6616745
v 23.9027500 0.0000000 -31.0803871
v -19.0543270 0.0000000 11.7924852
v 13.8717041 0.0000000 30.1701622
v 14.0747328 0.0000000 -23.3824959
v 41.7674522 0.0000000 -26.0632324
v -20.2011070 0.0000000 8.5083857
v 5.6742916 0.0000000 21.4596577
v 0.2882297 0.0000000 -17.8355427
v 29.1392117 0.0000000 -20.0659599
v -15.3312244 0.0000000 9.0706882
v 1.0748118 0.0000000 -16.0467129
v 31.9572620 0.0000000 -17.5097427
v -26.3265209 0.0000000 -11.9064102
v 38.2536545 0.0000000 25.6155796
v 38.6456451 0.0000000 27.4199409
v -44.1992645 0.0000000 -11.9957199
v -29.3104286 0.0000000 -12.5617886
v 46.1797028 0.0000000 -13.2699547
v 14.0521002 0.0000000 15.5081806
v -25.8089714 0.0000000 -9.2935781
v 29.0505180 0.0000000 -11.5664158
v 30.3229084 0.0000000 -10.3932543
v -10.7233610 0.0000000 -10.2988052
v 17.1781845 0.0000000 13.5148144
v 43.1830521 0.0000000 20.8968563
v 34.1181908 0.0000000 -7.3510480
v 43.0850830 0.0000000 -6.4158020
v -28.9554901 0.0000000 -2.4803205
v 14.3532562 0.0000000 9.4769411
v 0.8260865 0.0000000 5.5739508
v -11.3372364 0.0000000 -0.3791497
v 45.1556969 0.0000000 13.2077408
v 18.8134212 0.0000000 5.4579725
v 4.4312873 0.0000000 0.4994039
v 27.2304726 0.0000000 4.4536576
v 17.0003395 0.0000000 0.8219110
v 44.4673004 0.0000000 4.2597933
v 45.2926369 0.0000000 6.0365362
v 3.0800734 0.0000000 -2.4427221
v 19.3905869 0.0000000 -3.7101061
v 9.6777525 1.1824752 59.1897354
v 31.5097847 8.2973909 -50.9618492
v 28.6368198 36.8619690 30.4801960
v 32.7726402 29.8634777 36.1714554
v 21.2870045 47.9694328 22.0831432
v 25.6845951 42.1200371 25.9568863
v 34.4492912 27.3531857 38.0208168
v 17.9382324 46.3926697 26.8084793
v 48.7970505 26.4808826 -18.4636402
v -26.0786114 36.5159645 33.1074257
v -35.8275185 22.3418369 43.4379311
v -22.4223061 42.0404320 28.9367161
v -29.0124321 35.6244888 31.8129654
v -12.7075539 30.2232990 46.7177162
v -40.1097488 36.7308426 12.3960629
v 32.7839088 37.7535095 24.4633312
v 31.4901829 40.6726418 21.2394276
v 37.7319984 31.7854576 27.8008385
v 31.2798882 35.0374870 30.3608837
v 18.4722595 53.4626427 17.0593834
v 23.1874981 36.4146156 35.3064270
v 26.0157337 13.4498510 53.9770927
v 25.4540062 31.7259655 -39.4208794
v 24.1732769 34.1197357 -37.4010162
v 14.6693516 46.2291145 -28.8968697
v 18.8655300 38.9964561 -34.8692818
v 26.3595734 34.9865875 -34.8423195
v 30.5891685 39.4350014 -24.5478897
v 39.1087036 38.7552071 -7.9604712
v 40.1895256 36.8807793 -11.4318962
v 33.4211617 43.1731186 -11.9055576
v 51.9689407 26.6596451 1.3596592
v 41.3316803 36.9925842 5.0833993
v 26.4247799 51.5618896 5.8387909
v 50.2640762 27.0184269 11.6850548
v 53.7672081 24.7396183 -4.1006298
v 58.9808922 19.5627842 -3.2369437
v 56.5951233 21.7642097 -5.5303316
v 55.4059105 22.4275532 9.6076002
v 28.7583580 49.6332283 3.7852566
v 22.5897427 55.6959763 3.9150786
v 21.2215481 56.9642220 4.3213358
v -31.7896595 40.4344444 -21.1873302
v -27.3124790 46.0735893 -17.7092571
v -18.7905922 57.6177330 -9.4135456
v 2.7464764 38.6183510 -39.9483109
v -6.9293423 29.1719456 -49.0077477
v -12.8990326 57.5761070 -16.6183720
v -23.6063023 38.9889984 -31.8765774
v -30.3954754 41.0181885 -22.2157803
v -44.7463112 22.0663738 -34.6166191
v -36.0482254 29.0591431 -34.0647011
v -33.0916100 22.0495415 45.9262962
v -18.4381886 41.8618622 31.8493557
v -27.8370247 40.8146858 25.6003227
v -24.5975838 26.9260273 45.4908409
v -14.1524210 38.9674644 37.0723038
v -5.2444549 35.2603455 43.1107750
v -6.7975821 34.7164955 43.4226341
v -5.9933529 46.1182747 32.0238190
v -6.3680911 49.0274277 28.9702682
v -8.7696495 44.5545769 32.9492683
v -10.6674232 38.8723259 38.3144302
v -35.7617760 34.5283699 25.8326244
v -44.9672012 22.2959881 33.9302902
v -40.7893105 26.4589539 32.5642395
v -38.4404068 29.7468815 30.2281952
v -29.3602428 47.3456879 10.8276281
v -35.4092369 40.4336166 14.3746405
v -33.4837990 42.6103401 13.3107290
v -42.8641930 31.8924923 18.6958466
v -35.6609383 38.2150116 19.1152534
v -41.2241745 31.2270184 23.4751759
v -31.0216637 47.0793152 -5.8845935
v 9.4396515 5.7912741 59.2273445
v 15.7281237 38.7799873 36.6350060
v 15.9890862 39.9330864 35.2619476
v 3.5969663 46.0268974 32.4395256
v 1.5222909 55.9291344 22.6808357
v 3.0994172 44.5366020 33.9863548
v 30.5299778 29.9201946 37.9964294
v 32.1621399 23.6764240 44.5803719
v 17.1971912 47.9267731 25.4578094
v 15.1261253 52.3318138 21.5155449
v 25.7685947 8.3775711 54.0914383
v 27.1836624 7.3547812 53.4362297
v 27.8523388 10.0135698 53.1052170
v 20.6917496 39.0345726 -33.7976341
v 18.2216530 42.1917877 -31.5902634
v 18.6497955 43.2827568 -30.0759029
v 17.2265701 39.0302505 -35.6716385
v 7.9741616 48.8332672 -28.7353287
v 21.5641556 44.4105225 -26.6050739
v 39.8238907 27.6052322 -31.9296989
v 26.9052582 47.2689552 -16.1210480
v 28.7734718 32.7348862 -35.7930031
v 38.1037598 27.1077728 -34.6989975
v 20.6801472 51.6059608 -17.4194221
v 41.5838966 20.0857067 -41.2167358
v 44.6769218 33.6430130 -5.6355023
v 26.7879696 51.3235588 -5.3226438
v 45.9490280 31.7630978 -9.4292469
v 44.5062141 33.2181587 -9.2505569
v 57.2092590 9.6761065 -17.8952351
v 51.4766273 27.1335087 -2.4199922
v 31.2592297 46.6867790 6.5519900
v 39.3879852 38.1041679 9.5490999
v 45.9311028 32.0971756 7.6326895
v -48.2361794 22.1219120 -29.4287510
v -46.7038841 24.5713100 -27.2391815
v -40.7213478 31.9680309 -22.8245621
v -26.8831081 48.4162598 -13.8458185
v -45.0533867 27.2157135 -24.8182411
v -49.5546913 21.7419949 -27.9609299
v -49.6162071 22.4524937 -26.3968906
v -27.6840229 47.1796989 -14.9705610
v -20.0046024 56.2638931 -10.0561562
v 8.4015265 44.5951843 -33.0203285
v 8.1003847 46.7856674 -30.8290501
v 14.2225828 22.4234982 -54.3805847
v 8.0085497 31.6796608 -46.2975769
v 8.5358257 39.3261909 -38.4195633
v 9.7399998 36.8366089 -40.6853256
v 10.8818769 27.2856064 -50.2233276
v 11.0104675 19.5305080 -58.0361710
v 6.7389784 25.5255814 -52.7255440
v -27.2744293 39.6128807 -27.9243793
v -21.9166870 47.9649086 -21.4628868
v -21.9840317 48.9167175 -20.0059490
v -40.2078705 33.7641411 -19.9587002
v -32.8084488 45.0698738 -7.2892838
v -36.8434105 41.1607437 -7.0344810
v -35.0318909 43.1682549 -5.7155099
v -25.9775906 51.7535858 -6.9428778
v -44.2785721 20.5128326 -37.7493820
v -33.3622169 36.4106140 -25.9429150
v -31.3801823 38.4721260 -25.1294613
v -43.3301239 5.4025545 -41.4631157
v -29.0036526 26.7120533 43.0780144
v -28.4508133 29.1403484 40.5190163
v -12.5139112 51.1924591 24.4182053
v -11.6488190 50.3271294 25.7953815
v -35.9563408 28.5818596 34.8072968
v -22.5499859 47.5892220 21.3299503
v -20.7616463 31.8396645 41.9571762
v -19.2247486 26.5283775 48.4278679
v -20.9405823 26.1287041 48.1533546
v -10.0325375 52.2315445 24.4326115
v -1.6243160 45.1320953 33.5344734
v -19.9534531 13.3682213 56.4981461
v -46.2583237 24.7978420 27.5550537
v -51.1890182 19.3814564 29.7641144
v -50.8181381 26.3608322 12.3422394
v -30.7130394 46.3606300 10.0256672
v -53.2067108 22.4539318 18.0694332
v -19.5599861 55.3564339 12.6131439
v -39.1513481 31.8184986 25.7094383
v -38.4423141 31.4350777 27.4121094
v -42.0770378 36.5334854 -2.7601292
v -56.0159721 22.6270294 1.1039928
v -50.8809547 27.7579441 2.2875490
v 4.5243416 40.6321259 37.7669868
v 6.6823330 57.5978203 19.9504032
v 44.1564980 27.5960827 25.5696888
v 43.0080681 29.0451527 24.6618061
v 50.5191116 19.7121773 30.2884331
v -2.8444037 6.6833224 59.9094467
v -8.1493216 6.2436171 59.3789902
v 17.7845535 42.6988792 31.2435837
v 18.7964115 5.8302155 56.8882103
v 52.6634903 3.0777171 28.5715904
v 45.6329918 1.6480081 38.8211441
v 22.0344982 13.1621895 55.7812958
v 16.5578899 35.0873146 -40.2871170
v 17.5902081 35.8764038 -39.0016670
v -11.5873604 19.4035053 -58.0765610
v -5.4251757 31.4724655 -46.8967285
v -2.6186893 39.0280571 -39.5473747
v -24.7399998 11.1115046 -54.5673180
v 40.3557167 29.3108673 -28.4245529
v 49.1032448 21.6021538 -29.0126209
v 57.3606873 6.2235107 17.3518829
v 57.2996063 8.0999212 17.5718727
v 55.1466599 13.4660034 -23.4562492
v 21.1166477 55.8345833 -8.5038862
v 45.7152023 27.1611481 -23.7249031
v -11.4213085 51.1094398 -25.0401859
v -11.8223877 52.0171471 -23.8436337
v -31.2818890 25.9361820 -42.4145813
v -31.8376617 28.5983715 -38.6202774
v -58.5820541 8.7108917 12.8346434
v -51.6557083 22.4139709 -22.1820126
v -41.8686752 32.5726509 -19.2025299
v -36.8977318 38.8089104 -15.0184526
v -34.4739227 42.4185944 -11.1267176
v -13.7885189 46.4184380 29.1170120
v -38.1612854 28.3544807 32.7551041
v -41.6971169 23.6204147 35.9023018
v -41.4070511 21.0017605 40.0574684
v -36.8005981 27.1440678 36.0072556
v -38.2805557 4.6450777 46.1554222
v -27.4401417 4.7803907 53.3179855
v -22.6824493 6.8624096 55.5171204
v -32.3916740 46.1858902 -2.4787984
v -40.8867340 37.3694344 -5.8947515
v 8.5569992 53.0381966 24.1505222
v 6.9054179 35.4178047 42.6874046
v 6.4461532 40.0594482 38.0637550
v 13.6145563 25.2563839 51.5985718
v 11.8342876 28.5618668 48.6694260
v 15.4081182 20.3685856 56.1591301
v 18.3862209 21.5805492 54.0327034
v 15.2833920 26.9589272 49.3566628
v 11.2836237 40.8060951 36.1159706
v 10.1350927 48.8308258 28.0529900
v 42.4912148 27.2170315 29.0078659
v 44.9509621 26.4772491 26.4217453
v 26.5504303 49.6153183 11.7197418
v 53.7137909 22.2454548 17.1465206
v 25.7943592 51.2561226 9.1546745
v 1.6711855 12.1726131 59.9120026
v -1.0036175 5.3577862 59.9120026
v 1.3408452 1.1109080 59.9120026
v 0.3159942 38.8752289 39.8139725
v 50.7118988 11.3647442 31.9648113
v 49.9248695 8.1301384 33.1257477
v 39.6721649 5.5671873 44.9438400
v 10.3804197 50.9908981 -25.6182709
v 19.0395508 20.9214478 -54.4877129
v 18.9473648 22.8514748 -52.4657593
v 25.1498299 11.5132828 -54.3777122
v 26.0916958 6.6117716 -53.9419594
v 24.8162670 7.7829089 -54.5320320
v -16.2281380 31.2990189 -44.4978333
v -9.2700377 47.0738564 -30.1910534
v -13.1472521 11.3629379 -58.4523277
v -1.9795811 1.7168320 -59.9120026
v -4.5795927 3.8272030 -59.7671928
v -20.5647984 6.7429914 -56.2923622
v -20.8066349 10.9434099 -56.2107773
v 49.4926643 13.4147596 -33.7631989
v 58.1180038 10.6828833 14.6236534
v 1.7320712 60.0000000 13.7959013
v -12.9180145 50.9859924 -24.4465160
v -36.8165779 41.6982117 3.4804463
v -40.2354507 38.1589813 4.7311578
v -44.1116867 34.3504105 4.2798529
v -51.5222168 26.2963448 9.3856001
v -51.1304588 26.9861584 7.5336103
v -59.1969070 12.2744827 -9.2404280
v -59.7800140 14.4313831 -4.0571933
v -29.6333790 9.5181637 52.0887032
v -11.8638783 12.1690025 58.7348137
v -40.3555069 11.9502039 44.2971725
v -52.9739189 1.6383245 27.9860821
v -49.0202255 29.2895145 -5.8629985
v 14.1241970 60.0000000 -3.3622525
v 10.3130636 60.0000000 -11.4937067
v 5.4233217 60.0000000 10.5797024
v 7.9806600 59.9996872 14.2272243
v 4.4419951 59.9920692 -16.3718872
v 0.4354122 60.0000000 -12.8228559
v -4.8620434 60.0000000 -13.2351408
v -0.5254871 60.0000000 -11.3699617
v 2.4464619 60.0000000 -7.2466030
v -3.5770113 60.0000000 -7.5265732
v -0.5930371 60.0000000 -5.2267003
v -0.7991036 60.0000000 1.7846040
v -3.0151134 60.0000000 11.8487530
v 41.3299522 33.2266884 18.8661194
v 32.3255310 43.2661018 14.3998947
v 20.5778751 55.0971947 11.3948927
v 24.1107712 50.6135979 14.2485828
v 42.4948921 31.3535175 20.7886086
v 4.6286979 20.1576500 58.2961884
v 14.6830044 5.6205015 58.1142769
v 41.1716843 7.2183499 -43.5240669
v -20.2283096 9.4779625 -56.4057388
v -29.3354950 7.9753332 -52.2697906
v 57.8108253 5.8163252 15.7306452
v 56.0278587 6.2646856 21.2446213
v 52.7744217 6.3892422 -28.3623676
v 19.5293694 8.8542929 -56.6412468
v -58.6931000 9.9295521 -12.2676945
v -40.4826736 16.4626465 -44.1551476
v -40.9150810 8.3477592 -43.7671280
v -49.3796387 13.5301590 -33.9299278
v -48.6959839 12.3541307 -34.9382286
v -13.2331448 5.5994525 58.4334183
v -11.0211525 8.5888071 58.9202995
v -52.5290604 10.7622337 28.8251724
v 0.4571161 42.9807358 35.7110176
v 12.9025192 8.1100092 58.5061951
v 40.1860733 1.1884464 44.4576683
v 40.2829437 4.1638632 44.3658867
v 41.5849075 1.3171899 43.1326294
v 43.1608391 12.0937920 -41.6278839
v 40.8756752 13.1871300 -43.8044586
v 41.8134155 11.9379082 -42.9161644
v -0.7737535 8.6606522 -59.9120026
v -10.0646887 42.6517944 -34.5812073
v -7.7554684 46.3060379 -31.4051018
v -10.0486326 36.6363564 -40.8112488
v 50.3659821 3.1553211 -32.4751587
v 55.5297050 15.0670843 -22.4948616
v 59.7766418 3.3808725 -4.1197290
v 59.6867142 13.2279835 -5.6564655
v -58.6460838 2.5422840 -12.5598288
v -40.4378471 10.0546722 -44.2191811
v -49.1059265 5.5753617 -34.3335876
v -49.9509926 7.6426449 33.0872231
v -50.8130989 8.4270306 31.8152981
v -54.7978821 15.4505281 24.3284149
v -54.4981194 13.6917953 25.0234661
v -48.1310463 9.9197378 35.7640839
v -58.2711868 0.0000000 5.5989299
v -56.6411858 0.0000000 8.2885790
v -53.8696442 0.0000000 22.4876747
v -38.8661232 0.0000000 -43.3894539
v -56.9017525 0.0000000 0.2115778
v -53.6792450 0.0000000 12.0558825
v -53.9558372 0.0000000 15.7720118
v -50.6970215 0.0000000 28.6561813
v -46.7988396 0.0000000 31.8944740
v -28.5417843 0.0000000 -50.5664139
v -42.9666672 0.0000000 -28.4564896
v -51.3160973 0.0000000 9.8021650
v -42.1674728 0.0000000 27.8448620
v -19.9829025 0.0000000 -52.9332199
v -46.0204926 0.0000000 15.5790739
v -44.4287033 0.0000000 20.0657082
v -31.2636242 0.0000000 -41.6133194
v -29.0647144 0.0000000 -41.8098831
v -41.3521538 0.0000000 26.1847687
v -33.4744644 0.0000000 -35.8146591
v -40.0963135 0.0000000 23.7198677
v -25.3475151 0.0000000 -42.1513596
v -10.7223310 0.0000000 -54.4266243
v -7.7981009 0.0000000 -54.1488647
v -16.7387028 0.0000000 -42.9534225
v -20.2129211 0.0000000 52.0321045
v -17.0651569 0.0000000 56.1943359
v -23.7430611 0.0000000 -37.8087578
v -34.7814369 0.0000000 27.2766533
v -21.5011177 0.0000000 -35.9453163
v 2.1353116 0.0000000 -52.0463943
v -26.2913666 0.0000000 33.7294502
v -30.7441444 0.0000000 27.2569351
v -18.0345306 0.0000000 35.5631104
v -10.0431395 0.0000000 47.3601952
v -9.2955399 0.0000000 48.9916573
v 11.7619104 0.0000000 -51.6996002
v -23.0277634 0.0000000 23.5028610
v 12.2730074 0.0000000 -50.2838707
v -10.2403040 0.0000000 -33.2584114
v 2.4345667 0.0000000 50.3071709
v -13.1400261 0.0000000 35.1281624
v 19.4742317 0.0000000 -45.7366562
v 23.9028454 0.0000000 -45.5429573
v -43.8480835 0.0000000 -2.0919657
v -26.6515293 0.0000000 15.7059155
v -31.3609543 0.0000000 13.7688551
v -18.8030396 0.0000000 -25.0028477
v -15.2244368 0.0000000 23.9351959
v 17.5575314 0.0000000 46.7336960
v 30.5942860 0.0000000 -37.5272789
v 8.9461756 0.0000000 -31.0716362
v 5.7798691 0.0000000 32.2509384
v 33.7351036 0.0000000 -36.5970421
v 38.9123878 0.0000000 -33.0518494
v 30.6242867 0.0000000 -29.2702999
v -9.4332781 0.0000000 18.8188477
v 37.2176361 0.0000000 -25.4923458
v 45.6879044 0.0000000 -27.6191788
v 25.2355614 0.0000000 -24.1940384
v 3.4039330 0.0000000 -17.9068546
v 2.9410918 0.0000000 -16.3828068
v 20.0368233 0.0000000 -16.2630520
v 7.4584074 0.0000000 -15.1431999
v 44.0584869 0.0000000 -17.0966778
v -0.9110463 0.0000000 13.3819027
v -0.0256520 0.0000000 -14.7265997
v 12.6529922 0.0000000 -14.6198530
v -4.3008652 0.0000000 12.1138201
v 47.1727524 0.0000000 -11.6042995
v 15.5354595 0.0000000 16.1897411
v 41.3020401 0.0000000 23.6497841
v 41.3440857 0.0000000 21.5120964
v -13.5087242 0.0000000 1.9267445
v 46.6299477 0.0000000 -7.1083913
v 4.1662426 0.0000000 7.0525455
v 21.2340221 0.0000000 10.2726622
v 45.0946426 0.0000000 15.1347036
v -29.1591530 0.0000000 -4.2836494
v -0.8153142 0.0000000 -0.1707138
v 3.9835467 0.0000000 3.4773495
v 2.5762000 0.0000000 0.5522469
v 17.0884686 0.0000000 2.7125289
v 6.9526453 0.0000000 -1.0282165
v 1.9625850 0.0000000 -1.4417512
v 7.4707794 0.0000000 -4.6749954
v 5.4305534 0.0000000 -5.8799453
v 41.4495773 20.3107395 41.0537338
v 23.3442268 45.5034943 23.5040455
v 40.3222046 21.2635555 40.8453941
v 15.2214670 53.2871590 20.2545853
v 16.4707565 51.1136246 22.0387230
v 36.5195312 3.0327294 47.4961243
v 28.2200699 16.1543045 52.9159088
v 28.9482708 11.6441450 52.5028152
v 46.2652016 29.7425709 -15.8243504
v -5.1300988 36.1197548 -42.2444801
v -1.6537573 57.2545166 -21.3374023
v -42.3281631 26.9425602 -29.7131958
v -42.0501251 27.8272381 -28.5484276
v -37.1640892 33.9217072 -24.8755627
v -35.6666336 35.2062263 -24.8141956
v -37.2464294 28.2593803 -33.9638519
v -28.8335590 41.4723244 -23.5149784
v -33.9081802 32.8285980 -30.8555450
v -31.3761749 36.5534325 -28.0979061
v -11.3936348 56.3200989 19.2120342
v -12.3897696 57.0690880 17.6449127
v -34.1408424 23.4319744 43.4283638
v -15.9925451 54.4249916 18.1854706
v -13.7268600 51.7901077 23.0999966
v -26.1713066 50.9782486 8.9650612
v -25.0311375 52.9807816 5.5924201
v -35.2167435 42.1856689 9.5040998
v 37.4635849 32.7607231 26.5241070
v 19.0765457 54.0840950 15.4742880
v 38.6718483 26.4186859 35.1059036
v 33.8356285 33.0348167 30.5811653
v 31.8657169 26.2759991 41.5877037
v 30.0973740 22.8230572 47.0018997
v 32.8259583 21.4138145 46.8605652
v 25.7513828 31.4710655 39.5248413
v 12.0709105 56.0138664 19.1474476
v 37.9378166 9.5341616 46.4179726
v 31.3964329 14.0972366 51.0300446
v 13.5631218 52.1743584 -22.7618465
v 17.3182125 57.3646164 -12.3834066
v 55.2698174 22.6986389 -8.9108458
v 54.0955544 22.3934956 -15.5493412
v 23.7655354 53.8115044 -7.1418662
v 22.3471718 55.3227043 -6.6000276
v 25.6494389 51.1360130 -9.9067135
v 24.8244076 52.6117210 -7.7861938
v 37.8580551 40.5621071 4.0616674
v 53.4251213 24.7553558 -7.1172318
v 56.8218231 21.4189548 6.5974321
v -18.2433147 56.2127800 -13.0733042
v -38.6729355 32.6749229 -24.8255672
v -47.7822571 21.5420971 -31.2620811
v -15.4939327 59.9999199 -5.3436341
v 5.9107642 37.8474922 -40.4167900
v 6.3144908 21.6980495 -56.6465874
v 0.8572800 33.8868256 -44.7882767
v -0.1541798 57.0613480 -21.6345539
v -6.2332010 22.3214474 -56.0224838
v -9.7813597 27.5697784 -50.1603851
v -13.0438004 20.0987320 -57.1173058
v 3.5176072 57.1206703 -21.2878189
v -13.3679075 56.3510933 -17.8127289
v -20.3829365 44.3539734 -27.5920219
v -12.1076393 55.9665565 -19.2039089
v -26.7278843 28.9220619 -41.9426422
v -37.7586288 29.9625816 -30.7812710
v -38.4676018 24.0161648 -38.8120728
v -32.4953461 34.1100235 -30.4812870
v -24.6924591 37.3242416 33.1486816
v -24.3073807 32.3907471 39.3817062
v -26.9542580 31.3678417 38.8500595
v -21.2873268 49.4809341 19.9095135
v -27.7592621 20.2563763 51.3483200
v -20.0609303 25.2588711 49.4580841
v -12.2504005 46.2597809 29.9768734
v -12.3368492 38.3223648 38.3929749
v -16.6110554 23.6768494 52.4149742
v -6.6839137 20.5658855 57.7405586
v -5.9292116 24.9738941 53.3957863
v -3.0833948 46.8565483 31.6831017
v -11.3676281 24.9726772 52.4887619
v -12.7800274 20.6619778 56.5841637
v -12.0820694 35.3934021 41.5281296
v -18.6771240 55.2347260 14.1282949
v -20.0765762 54.3085861 13.7382936
v -24.2021141 47.1763725 20.1263275
v -43.9851761 33.7453613 9.0624304
v -47.3620682 27.6416531 18.9946518
v -22.2417240 54.0291328 10.5373125
v -55.6275406 20.1699276 18.0185184
v -25.9592781 50.4534988 10.9604759
v -46.1374054 28.5267677 19.6133766
v -50.3010864 21.9944916 26.1478081
v -20.5279160 55.3586540 11.0012484
v -25.2737732 49.5402145 14.4479294
v -23.2316856 55.0324707 -4.1458664
v -38.7015152 39.6455307 -5.0198417
v -33.6754951 44.4994278 -5.7384381
v 6.8338494 2.7957008 59.5220604
v 5.0717683 8.5044775 59.7136993
v 14.5915346 43.1382027 32.3798866
v 10.5053644 51.9437561 24.5556011
v 22.1416130 35.7556496 36.7327690
v 7.0132313 31.4009514 46.7318497
v 27.9570999 33.4149666 35.5667114
v 21.7108402 9.6789675 55.9012642
v 26.8119240 3.3978832 53.6087151
v 36.1585388 4.7935429 47.7705536
v 34.4270058 9.7636375 49.0859718
v 29.2871742 9.7760334 52.2991333
v 28.5332413 6.2119617 52.7461052
v 22.9417362 27.5072975 -45.6991005
v 21.1681347 30.2982235 -43.4686699
v 18.1705837 32.3806114 -42.5535240
v 24.4977722 40.9248276 -28.6951752
v 23.8462219 19.7451401 -53.8703537
v 44.5797310 25.1714420 -29.5604801
v 40.9558868 29.6539421 -26.8954449
v 41.0080070 23.9299088 -36.2398987
v 42.0825615 24.0445938 -34.8050499
v 15.7302256 55.3603516 -17.1769161
v 40.9757156 21.9909420 -39.0963783
v 16.2974434 56.9797249 -14.2368498
v 57.1551361 13.7504845 18.0824127
v 49.4415321 28.3009319 -9.6159811
v 57.1575775 7.5127754 -18.0831604
v 57.3008232 3.4096842 -17.5656986
v 23.4338684 55.1981888 -0.0349107
v 26.5505028 52.0243454 -1.9864686
v 56.1345825 22.4861526 -2.0372560
v 55.4118767 22.7426319 7.2748241
v -10.7792673 60.0000000 8.3367825
v -14.7911310 59.9989243 7.4632773
v -40.2477608 31.4706345 -24.5747395
v -47.2886810 25.5987835 -24.0579224
v 12.3558731 27.0288639 -50.1230850
v 12.1301260 22.8400230 -54.4885521
v 14.2724457 27.2752094 -49.3469734
v -13.9661484 58.0543137 -15.0983505
v -20.2454834 49.2249451 -21.3361835
v -28.9106560 38.8843384 -27.3205166
v -18.4693642 52.6300468 -18.3015423
v -59.9664497 8.3935804 0.4944057
v -45.1332359 32.8365860 -8.0962868
v -38.1491356 28.6958904 -32.3117638
v -17.8751869 55.5960007 -14.5649996
v -44.3348045 6.3131056 -40.3487740
v -45.7667503 10.6188536 -38.6636734
v -18.7912731 36.3640404 37.8816605
v -25.5073414 22.6610470 49.8250008
v -23.7351990 21.2024193 52.3136101
v -7.9992828 59.2306519 17.6059361
v -38.5249748 24.8932438 37.4523773
v -31.7695503 34.6219559 30.4543324
v -14.1490440 41.6241837 34.2072334
v -9.9259367 21.2490597 56.5273476
v -19.1288185 8.3988209 56.7762070
v -19.9476967 5.4147387 56.5002861
v -48.5073929 21.7117119 29.7844791
v -20.5996590 56.5811234 7.8289223
v -16.9836540 58.9076920 10.0263300
v -35.8108139 42.6419830 4.0110941
v -31.5879745 47.0433006 0.5018970
v -58.2158585 20.4274960 1.9575630
v 34.6228638 38.1594543 20.9423656
v 31.2477341 41.6710014 19.7425404
v 48.9651985 23.0058556 26.3997974
v 46.5671501 25.2028637 26.1744823
v 32.4210777 42.0013809 17.0530777
v 2.9804308 3.9280109 59.9111900
v -0.3283843 22.9614487 55.7064476
v 0.3597152 30.5116119 48.1658325
v -1.8421490 28.0108662 50.6251526
v -1.3243722 34.3912163 44.2775841
v 12.5750237 51.1907845 24.3928204
v 11.7067385 50.4582138 25.6400280
v 12.7571812 49.0351410 26.7196903
v 13.3268108 46.7501717 28.9813290
v 29.1425114 21.0843658 49.6231499
v 25.4590111 23.5383797 48.8568459
v 20.5975933 31.8880482 41.9834785
v 16.4601727 19.0279694 57.1181450
v 16.4814281 14.1751966 57.6588669
v 46.7990341 6.5298195 37.4483757
v 19.8836060 9.5519114 56.5218849
v 22.1680813 1.4047097 55.7270660
v 18.0568810 3.9815855 57.1373787
v 26.2786179 27.0099297 -44.4697266
v 27.1501026 22.2009354 -49.4711151
v 8.7104807 55.9138031 -20.9799995
v 19.3570156 31.1087036 -43.4325600
v 15.2292023 31.9668369 -44.1183739
v 14.6569118 35.4661064 -40.6024857
v 20.7344913 22.5302277 -52.1204109
v 20.6456947 20.3461399 -54.4987068
v -19.2201061 20.8037739 -54.5794029
v -24.6614685 13.0342855 -54.6036415
v -24.4038773 14.9402781 -54.7228241
v 43.0366325 26.3657513 -29.7166882
v 41.9201889 30.2824459 -24.1309204
v 57.2996635 9.6486931 17.5716610
v 55.1002426 16.4223042 -23.5719910
v 43.9157562 31.1668835 -18.0837307
v 42.3841820 32.2830391 -18.7839527
v 39.2990189 35.6051636 -17.5389881
v 35.4170761 39.6125526 -16.3906384
v 34.5020294 40.9693298 -15.1143942
v 31.8027706 43.0086784 -16.0527115
v 36.9926643 37.4877319 -18.0324059
v 19.4161777 28.9506760 -45.7474327
v 17.8513622 28.8321457 -46.4884224
v 17.2411842 31.5379333 -43.8244820
v -23.6600800 31.1131840 -41.2471581
v -24.5814991 23.9602966 -48.8305206
v -28.2664032 24.1190071 -46.6624451
v -12.6403742 47.0281296 -28.9771099
v -3.7561946 56.3645897 -21.9836597
v -30.1993141 29.6466923 -38.6105385
v -27.4112110 32.0621719 -37.6597519
v -33.1805992 20.1376133 -48.1648521
v -59.5924683 15.2445707 6.7022018
v -58.3292084 10.1981745 13.8628941
v -58.6080589 5.5277710 12.7896862
v -56.2160454 5.2851362 -20.7722645
v -57.7478333 15.1602354 -15.9575329
v -27.5464554 48.4505119 -12.3485241
v -46.3854752 30.1645107 -14.1439171
v -45.9257965 30.9898396 -12.8590145
v -47.5019608 29.4885769 -12.8397818
v -43.0089493 20.5105667 39.0531845
v -43.5859718 21.1799335 37.4425468
v -35.9952126 30.2720757 32.2850075
v -16.6659451 57.6748276 12.7539692
v -36.2077522 7.0658655 47.7331390
v -28.0799637 9.1996326 52.9913979
v -38.9966507 7.6060615 45.5690308
v 7.7267103 40.7369308 37.1372795
v 5.5128994 48.2776108 29.8942814
v 11.5524940 25.8178577 51.5813179
v 13.8123970 31.6236382 44.9371986
v 35.8961792 36.6335526 21.7862110
v 39.1913528 32.6372070 24.0633678
v 19.3782959 57.2091751 9.0941210
v 55.4335670 19.9888191 19.0883369
v 46.7553215 29.0949116 16.3902607
v 44.2749710 31.8480949 15.1542559
v 53.0095596 21.8791904 20.3033371
v 54.0778008 21.3814812 18.7611523
v 54.4402504 22.0643425 15.5405197
v 26.8999004 49.9066238 10.0453405
v 43.0460091 32.6324120 16.2343979
v -0.1860951 14.5592279 59.9120026
v -0.2030209 0.0000000 59.9120026
v -3.1673219 26.8174648 51.7521172
v 7.2937756 16.1137543 59.4716034
v 50.3997002 15.8583717 32.4251595
v 39.5852623 12.4541540 45.0255280
v 14.5127678 38.5605316 -37.3525734
v 12.4256363 40.6766891 -35.8663063
v -1.8752577 12.3342094 -59.9117126
v -18.6367989 21.9384003 -53.5875931
v -23.1637135 21.4630623 -52.2571487
v -14.5730324 10.5712347 -58.1368256
v -10.5629759 7.8974295 -59.0203819
v -18.8074493 9.0707531 -56.8844833
v 48.6001053 10.1829185 -35.0796394
v 59.1839294 11.2465801 9.3196554
v 59.2078285 14.2696266 9.1738272
v 59.1856766 7.3719749 9.3089523
v 59.4362488 12.5950403 7.7800865
v 59.6884232 12.6622162 5.6944833
v -29.2000141 24.8482170 -45.1874237
v -16.5677547 37.9324913 -37.1855888
v -45.9611855 32.3186684 6.0100894
v -36.7337418 41.6085243 4.9385343
v -58.9583588 15.1592970 -10.6954374
v -58.8885460 13.2645016 -11.1212759
v -39.2083778 36.8672943 -14.4648066
v -21.3275070 55.4748802 -9.0037766
v -53.6805077 10.3648434 -26.6532326
v -52.4206505 8.6491938 -29.0296345
v -23.9168205 11.2654982 54.9481544
v -24.4510784 12.8934269 54.7009811
v -22.9910526 12.9048929 55.3753891
v -27.1165600 3.3569896 53.4677963
v -40.6910515 8.8941898 43.9793358
v -53.6654015 4.9469018 26.6818180
v -54.1653290 23.8933201 -8.3498011
v -51.2335396 26.9949512 -6.7069054
v -48.5341568 29.5108051 -7.9695239
v 12.1402254 60.0000000 -2.8656700
v 10.9460354 60.0000000 -9.8877563
v 9.7680035 59.9959145 -13.3195610
v 14.3400021 60.0000000 0.0197147
v 11.1392670 60.0000000 6.4076109
v 9.5364027 60.0000000 5.4916563
v 9.0922260 60.0000000 -10.1967039
v -0.7042745 59.9999886 -15.9998236
v 10.7964153 60.0000000 -7.2485332
v 6.8254156 60.0000000 -10.3433304
v 3.5566521 60.0000000 -8.8058224
v -7.4008899 60.0000000 -12.0343380
v -8.4480524 60.0000000 -10.8543606
v -5.1066542 60.0000000 -8.1825390
v 9.1337109 60.0000000 -3.0820422
v 2.2629936 60.0000000 -1.9867063
v -15.6852169 60.0000000 -0.3013237
v -4.5256181 60.0000000 2.7888386
v 39.4435921 35.8326912 16.6459427
v 16.4936752 8.5135269 57.6596756
v 37.6603203 5.8995652 -46.6285439
v 36.3218155 11.0089989 -47.6464272
v 29.0690937 14.3719988 -52.4283638
v -3.3192637 5.3816638 -59.8938828
v -30.5982895 15.4523087 -51.5102730
v 56.1870232 12.7781420 20.8450394
v 57.9850616 2.6730163 15.1031141
v 57.9880257 14.0223770 -15.0923843
v 59.0888557 9.8227396 -9.8995304
v 59.4564972 5.5200548 -7.6569724
v 59.7164497 3.0873890 5.2274070
v 59.7492218 5.0209684 4.6248851
v -59.2332878 19.3598328 1.2746066
v -42.1054573 5.8939047 -42.6395340
v -41.5310135 2.8896885 -43.1836700
v -41.8599167 9.9755259 -42.8721161
v -18.2034130 13.4833832 57.0880051
v -11.3620529 5.6975207 58.8451233
v -10.4509277 2.5517316 59.0403290
v -45.2054176 15.6892328 39.3244553
v -53.3334618 25.2286243 -3.7220376
v 1.4679374 19.8945351 58.7304306
v 5.2239122 26.7342606 51.6764526
v 1.1678143 22.5718403 56.0735321
v 1.5233933 31.5245724 47.1134148
v -2.7835107 3.5474317 -59.9065247
v 1.1372087 1.4356577 -59.9120026
v 3.7725987 3.0063245 -59.8440247
v 43.7901154 2.8717172 -40.9824104
v 59.7838860 9.0595503 3.9861019
v 59.9355507 8.7422142 -1.1343427
v -59.7803497 9.1096821 4.0512633
v -59.6994781 12.3456469 5.5343962
v -57.8629875 10.5351562 15.5427675
v -57.6920166 5.8925610 16.1585789
v -59.4183083 7.2218895 -7.8825784
v -51.1964493 1.2760068 -31.2283974
v -47.9084778 7.6953292 36.0792656
v -50.7379074 4.7212677 31.9266167
v -56.3874855 4.5351419 20.3416996
v -55.5597954 12.5047741 22.4193363
v 13.5566778 13.3225746 -58.3622055
v 11.8691187 13.9899969 -58.7336655
v 11.0726767 5.5646911 -58.9089699
v 10.1627331 1.3832010 -59.1006699
v 28.9744358 8.5919352 -52.4872513
v 30.3641453 14.3051052 -51.6511421
v 12.0721369 10.4002438 -58.6889763
v -46.4122925 0.0000000 -35.9455490
v -58.2516708 0.0000000 3.6011691
v -50.8975601 0.0000000 -28.7102165
v -41.6680374 0.0000000 -41.4373779
v -46.3868675 0.0000000 -32.8276253
v -54.7800484 0.0000000 9.0683279
v -55.7632790 0.0000000 -17.6096115
v -48.3342857 0.0000000 30.7612858
v -56.7686501 0.0000000 -3.7020891
v -36.9366570 0.0000000 -40.7316132
v -50.2415161 0.0000000 16.0510693
v -43.6194153 0.0000000 39.3044014
v -51.7803383 0.0000000 11.5161781
v -53.3175354 0.0000000 10.3381891
v -45.7289200 0.0000000 28.5768318
v -41.4814568 0.0000000 -28.8021622
v -40.9410362 0.0000000 29.2973137
v -40.5077515 0.0000000 -29.9590588
v -16.4192352 0.0000000 -52.7752914
v -45.1874237 0.0000000 21.9024086
v -6.1847963 0.0000000 -54.5689011
v -3.3280973 0.0000000 -54.0423164
v -42.5041924 0.0000000 16.3256969
v -49.2798309 0.0000000 -17.7343426
v -15.3669643 0.0000000 51.8625832
v -39.5769806 0.0000000 -23.4557858
v -24.0597153 0.0000000 -33.2506332
v -50.4390945 0.0000000 -1.3922353
v -26.8562546 0.0000000 26.5832062
v -16.2011929 0.0000000 -35.4788933
v 3.4587388 0.0000000 52.1635513
v 2.6008759 0.0000000 -41.0371513
v 17.4403324 0.0000000 -48.3807755
v 7.4579945 0.0000000 -43.1896667
v 0.6943389 0.0000000 50.2194977
v 26.4099236 0.0000000 -43.9078064
v 10.2040167 0.0000000 50.0290833
v -18.4271221 0.0000000 -23.8541737
v 30.3350601 0.0000000 -39.1086388
v -0.2195501 0.0000000 33.9142914
v 20.7034092 0.0000000 45.9063950
v 32.2301178 0.0000000 -37.0290909
v 10.2648249 0.0000000 -28.3010235
v 11.7312803 0.0000000 -27.4028702
v 25.0054302 0.0000000 42.0047379
v 24.7719517 0.0000000 43.4521866
v 7.1017218 0.0000000 -24.2499256
v 11.6947165 0.0000000 -25.2536469
v -45.9250145 0.0000000 -4.5766888
v 28.9640274 0.0000000 39.2207756
v 40.9342117 0.0000000 -30.5974350
v 27.3586540 0.0000000 38.2759552
v 45.7413940 0.0000000 -31.2158451
v 30.7609177 0.0000000 38.2968102
v 43.4119339 0.0000000 -25.1977177
v 34.7358398 0.0000000 36.6441422
v 34.4158173 0.0000000 34.7244720
v 39.3861923 0.0000000 30.9249229
v 45.8085060 0.0000000 -17.4262962
v -9.3265591 0.0000000 -13.1209068
v 27.3395805 0.0000000 -14.9627562
v 45.2852402 0.0000000 -15.2560024
v 36.9400101 0.0000000 24.6500435
v 30.7329807 0.0000000 -12.1440201
v -43.7501259 0.0000000 -7.3122244
v -12.9074097 0.0000000 3.2962608
v 33.7556877 0.0000000 -12.1779842
v 49.8175201 0.0000000 -6.4011817
v 46.7818565 0.0000000 -8.7894783
v -1.5043470 0.0000000 3.4827428
v 29.0931511 0.0000000 14.2697401
v 4.0571628 0.0000000 5.2378621
v 20.1667213 0.0000000 4.5199871
v 46.4226303 0.0000000 10.7167702
v 18.6946201 0.0000000 1.8576545
v 47.9489784 0.0000000 0.7843407
v 18.1312637 0.0000000 -5.0838113
v 18.9013882 20.0489101 55.4788437
v 22.4599266 37.7628403 34.1651649
v 20.7823334 38.3530960 34.5207481
v 29.0428410 24.6909561 -45.4695244
v 18.4751873 46.4166527 -26.4231853
v 35.9853783 41.8852921 -7.6084189
v 26.1103497 51.5396271 -7.2399769
v 25.4645901 52.6894417 4.9348311
v 50.8031197 27.2721367 7.6633596
v -7.8234339 27.7409515 -50.3130112
v -17.9371986 46.4664040 26.7277222
v -17.2638264 28.9055786 46.6493645
v -7.4756985 33.6505432 44.3904533
v -35.9989319 39.3107719 15.8609571
v 2.4724050 47.0644913 31.4996338
v 11.4840202 57.2558594 18.0445995
v 22.3163280 26.5767193 -47.0534821
v 24.2139740 26.2032890 -46.5084076
v 26.2649498 44.2971802 -22.1421795
v 31.1318741 36.4367599 -28.5035038
v 52.6011505 26.0250874 -1.9314348
v 39.2140083 38.9303780 6.3278084
v -38.8362083 35.1610985 -19.5832844
v -48.3633957 23.7840061 -25.9136009
v 7.0870790 29.2129574 -48.9480057
v -20.0058098 47.3235512 -24.1008434
v -20.2292652 46.2555618 -25.3091106
v -18.9657955 56.5552216 11.3053646
v -5.2577353 24.3778381 -54.0423660
v -4.0112796 24.9042568 -53.5876770
v 36.2693520 33.1073418 -27.5536194
v 52.9994431 21.0171356 -22.6583843
v 25.1859207 50.9175987 -11.4978733
v 38.8075790 35.1626358 -19.6309071
v -8.0930405 57.1845932 -19.8691959
v -35.4645844 39.6594696 -16.1697044
v -34.8994102 41.6169090 -12.3760080
v -1.0420487 59.9409599 17.9000416
v -56.9822311 19.9511509 -14.0953455
v -37.1491776 41.3965569 -3.1453567
v -36.3187675 42.2751045 -2.3857052
v 47.5116959 21.8776016 31.0981255
v 41.3379631 35.7515907 11.5293722
v -0.7423404 7.1907578 59.9120026
v 52.4232140 14.9480944 -29.0248280
v -47.2245178 30.7069283 8.3999777
v -20.2360725 56.8544617 -8.0223780
v -30.1365108 38.8067780 26.0596313
v -39.7480202 2.2458482 44.8718262
v 3.9842348 60.0000000 9.7901440
v -2.2834458 60.0000000 0.4863465
v 37.1564713 16.8592701 -47.0118332
v -16.0164719 20.9137402 -55.4671326
v -30.4453297 13.5927410 -51.6022987
v 58.1843262 5.4136639 -14.3853941
v 53.8181419 13.1753025 -26.3936596
v -50.4552917 27.9423962 -5.1170769
v 31.9365749 13.9837990 -50.7050629
v -10.2690477 39.1182709 -38.1973419
v -53.3402824 0.0000000 -23.1445179
v -56.8700180 0.0000000 -5.6489038
v -19.9680977 0.0000000 -50.1246033
v -23.0002899 0.0000000 48.4213486
v -8.2621479 0.0000000 -45.0761490
v -9.5033798 0.0000000 -43.4807281
v -12.3721695 0.0000000 49.9619179
v -6.5891333 0.0000000 -44.8673668
v -20.1573391 0.0000000 38.7930984
v -6.9786057 0.0000000 37.3357124
v 3.3317564 0.0000000 -35.8215141
v 17.6414776 0.0000000 41.7634125
v -11.8500051 0.0000000 21.1316795
v -3.9653883 0.0000000 22.0442467
v 21.0040436 0.0000000 -28.6438560
v 36.5003586 0.0000000 -30.9168415
v 31.0438461 0.0000000 -27.3665791
v 22.3677559 0.0000000 -18.5160294
v 24.7368317 0.0000000 24.9923000
v -3.9205229 0.0000000 10.5496931
v 9.7752743 0.0000000 -10.2862053
v 29.2771683 0.0000000 16.3060379
v 43.2734375 0.0000000 15.7608137
v 51.5042572 0.0000000 16.3282833
v 33.7386742 0.0000000 6.8133926
v 52.0428162 0.0000000 9.7688303
v 45.4357224 0.0000000 9.4637394
v 38.5439529 0.0000000 5.6577911
v -18.5696545 0.0000000 -4.9445176
v 14.9068708 0.0000000 -0.3051763
v 26.2157478 0.0000000 -1.2736055
v 22.4197483 43.1379242 27.5393810
v 55.3106308 21.3234196 -15.2061443
v -41.7338181 23.1204796 -36.6798553
v -23.4341793 47.6835899 -20.2452412
v -13.9486589 56.5890121 17.0505676
v -20.7270412 46.1079903 25.0778465
v -27.5705433 33.3085213 36.0166473
v -9.4744015 41.6515083 35.7635193
v 43.4151802 22.2452049 36.0817719
v 25.0482807 37.6686516 32.4355850
v 37.0063820 19.6711502 45.8923531
v 29.5334911 24.2029190 45.7297821
v 14.5923767 50.3599854 24.2393799
v 24.5276566 5.4113870 54.6655502
v 32.0973434 23.0276775 -45.4301682
v 21.2674351 40.8891487 -31.2136307
v 39.4611740 31.7368069 -25.3575077
v 29.0592251 47.8636742 -10.1288481
v 35.5091858 40.7511139 -13.2640800
v 50.9477806 23.4893456 -21.1859722
v 42.0204086 33.6900177 -16.0245762
v 51.9632378 26.6785316 -0.5642619
v 44.7323875 33.9268341 0.3325800
v 34.4048538 44.1250343 -3.0292525
v 21.3077698 57.2988853 -0.9249472
v 38.1219788 39.8575516 7.1368270
v 59.2972183 18.5826740 6.6662917
v 4.2273202 30.2673416 -48.2106247
v -8.0612268 22.5596695 -55.5141182
v -16.5208282 50.5896912 -22.6777878
v -17.4214306 48.1189194 -25.0725956
v -15.7879877 31.9522076 43.9448204
v -5.8916736 39.0583420 39.1811447
v -9.4214735 28.7838707 48.9872627
v -10.2052450 32.0220528 45.5297050
v -33.3920288 40.4305115 18.6263199
v 22.9070873 22.4998550 51.2612457
v 23.6023464 35.1959000 36.4861870
v 5.4539032 29.8805046 48.5002098
v 2.7433608 55.2594223 23.2374783
v 1.6925867 48.0778122 30.5465393
v 29.3201408 31.0958080 37.4504776
v 26.3659687 33.7870636 36.2986641
v 12.6632919 51.4853821 -24.0161724
v 28.0157833 31.5140743 -37.9354668
v 34.4221497 23.1484032 -43.5508766
v -23.1814899 3.5639536 -55.2873688
v 41.8069611 28.5921078 -27.5398159
v 42.3408737 24.7806263 -33.2923164
v 22.5327358 44.5911217 -25.5508556
v 41.6057243 20.9744759 -39.9064941
v 35.2799225 27.8005600 -36.6583443
v 18.4812737 51.8952751 -19.3301182
v 28.9468231 40.0384407 -25.5451412
v 40.7455406 25.1955547 -34.6129494
v 47.6801186 29.6629276 -11.3344126
v 45.6485710 32.9876709 -1.2409871
v 25.0529251 52.7256622 6.6248393
v 46.5591583 30.3925610 12.7582483
v 54.7589226 22.1974964 13.6745644
v 53.9863548 24.2341042 6.6303964
v 47.0380745 31.1559906 6.5046868
v -42.7082748 28.0405388 -27.1163692
v 12.2993555 20.4219723 -56.9306450
v 13.0144205 30.6620998 -46.1902351
v -8.4615164 36.3968735 -41.4207191
v 0.8720493 50.4422340 -28.2321339
v -24.7424393 37.4353638 -32.9738770
v -20.5757217 50.2074509 -19.6104851
v -28.0793381 40.1753387 -26.3180084
v -19.7921314 52.3997269 -17.2255745
v -28.3554440 47.2178307 -13.5547056
v -39.5624886 27.4913502 -32.4778671
v -33.2025566 20.6310024 47.5686836
v -7.6776633 57.0369339 20.2132282
v -38.7199745 23.1879292 39.7369194
v -39.6419296 21.9825344 40.5165215
v -28.0596809 38.3692818 28.9164429
v -10.4096575 49.6267281 27.0900307
v -12.6615152 47.5139809 28.4294624
v -18.2889042 27.7830372 47.4510994
v -17.6534290 26.9803734 48.5555801
v -1.2595524 50.3275032 28.3523617
v -49.6470795 25.7514229 18.3072376
v -28.2364159 44.2111130 19.7054119
v -47.3521423 31.2661171 -2.7980316
v -57.8779640 20.7653503 -0.9263113
v -56.9447517 21.6939468 2.3361413
v 25.5137253 48.3436699 16.3158264
v -1.6138589 39.0842209 39.5839691
v -2.7398758 15.9869909 59.9044495
v 17.0863953 41.7161446 32.7485390
v 18.4155846 36.4434090 37.9841919
v 52.8750877 16.1241684 28.1724758
v 24.4945087 23.8914986 -48.9656639
v 34.0275002 12.5229940 -49.3834267
v -0.3050215 45.7842140 -32.9089279
v 46.6307983 20.2678032 -35.0969582
v 50.5089188 20.4262085 -28.9659176
v 57.2013130 19.9278927 -13.2187901
v 58.7037811 19.0354004 -9.4278784
v 43.2139854 31.0883102 -19.8325863
v -17.6417561 39.8768654 -34.5081291
v -28.6845245 28.2717743 -41.3941879
v -31.6129436 29.8325958 -37.1925316
v -45.3431396 28.6696053 -20.9895573
v -55.8543282 20.9629097 -14.5104065
v -50.6748695 25.9721088 -14.4972906
v -30.3160973 16.1041965 51.6799240
v -24.1701698 4.4518738 54.8308983
v 4.8892059 45.0341110 33.2729378
v 11.5102024 23.2019978 54.2681122
v 13.5720949 22.9498367 54.0029869
v 17.0788097 21.0715504 54.9525452
v 47.6505737 25.9776669 22.4186134
v 56.3960342 19.9878159 16.2059956
v 48.5013161 26.3879929 19.4468403
v 37.7849007 38.3216705 14.0494680
v 34.8147812 41.6778946 12.4102526
v -5.1107907 21.3793411 57.0730972
v -3.4992158 21.5434799 56.9908180
v 5.6434426 15.5506716 59.6515236
v 15.5586271 34.1129570 -41.7109680
v 14.7648048 37.4857063 -38.4066162
v 25.4136963 1.6112001 -54.2556381
v -16.2321339 36.8693542 -38.5041275
v -13.8518953 39.7116890 -36.4074097
v -20.6468182 26.9989910 -47.3288460
v 58.5736351 5.9111738 12.8668928
v 55.4663887 7.5154667 22.6538258
v 57.5618172 17.7075233 -16.4172878
v 0.3107648 60.0000000 15.1230335
v -1.2509841 59.9990616 16.2033310
v -27.5521965 27.5523586 -43.0376663
v -57.8321648 20.4082966 6.8668647
v -32.7891617 45.7114601 3.4061828
v -57.8431206 19.9094219 10.3046379
v -24.7480965 52.3631401 -8.8248615
v -32.3100281 10.6925058 50.4802704
v 12.1774435 60.0000000 -11.0118914
v 9.4785118 60.0000000 8.7310705
v -1.7644434 60.0000000 -9.7911510
v -9.5207424 60.0000000 0.1742747
v 11.3792381 35.3531532 41.7534714
v 8.6835527 33.1011543 44.7324104
v 52.1550560 21.6016178 23.0475121
v 38.6174049 37.1002274 15.2825651
v 58.5390396 14.0844793 -13.0473852
v -53.5848770 6.6646051 -26.8335228
v -57.7365646 3.9665442 -15.9980965
v -56.4888115 21.4573631 -9.2421007
v -11.4857159 35.6300926 -41.4813347
v -8.6989584 41.1335831 -36.5054474
v -59.7929306 7.5102968 3.8193185
v -35.3725090 3.7588573 48.3680496
v -49.8048553 0.0000000 30.7065582
v -31.9729939 0.0000000 -46.3686600
v -17.4141598 0.0000000 -56.0141678
v -30.3557205 0.0000000 38.4845200
v -5.0133419 0.0000000 -58.1295357
v 0.8090728 0.0000000 -57.1571579
v -37.8805733 0.0000000 19.3767471
v -35.0650520 0.0000000 -26.6000462
v 7.6593904 0.0000000 -56.5774002
v -22.2130527 0.0000000 39.2665901
v -17.8853703 0.0000000 -35.8404274
v -8.2067804 0.0000000 47.3292656
v -17.4381046 0.0000000 -33.9406471
v 9.0174923 0.0000000 -47.5897369
v 3.1530542 0.0000000 48.4812393
v -26.6193390 0.0000000 -25.6109753
v 26.5700417 0.0000000 -49.9933357
v -11.6700726 0.0000000 31.8628712
v -22.9102287 0.0000000 -26.4138241
v -25.2194633 0.0000000 -24.4233780
v 18.7289467 0.0000000 -41.9877625
v 20.2505989 0.0000000 -36.4549370
v 12.8212557 0.0000000 -34.1592026
v 0.7031193 0.0000000 -29.5256901
v -1.3408719 0.0000000 29.6957703
v -10.0502090 0.0000000 22.1118870
v 1.3538135 0.0000000 -26.7598343
v 6.9069123 0.0000000 -28.7634010
v 7.5679703 0.0000000 32.5887680
v 30.0165272 0.0000000 -31.1456738
v 8.8190737 0.0000000 27.3855782
v 29.5356483 0.0000000 -26.1307373
v 39.1221161 0.0000000 -29.7042656
v 10.9113684 0.0000000 27.8839417
v 0.9638647 0.0000000 17.4342575
v 43.2631760 0.0000000 39.5496826
v -2.4026318 0.0000000 -17.1752567
v 23.3492813 0.0000000 -19.9713669
v -14.3000870 0.0000000 10.3580103
v 34.6283493 0.0000000 31.5212097
v 30.5272121 0.0000000 28.9751797
v -0.7481158 0.0000000 -16.4285355
v 33.6932182 0.0000000 30.2500648
v -20.7075176 0.0000000 -12.8750000
v -12.7282743 0.0000000 7.3299251
v 57.1264305 0.0000000 -13.1072235
v 7.2101464 0.0000000 14.7125902
v -15.6828651 0.0000000 4.5515447
v -21.5409546 0.0000000 0.8398601
v 1.9543105 0.0000000 9.6757050
v 23.6784859 0.0000000 -9.6114054
v -27.0831890 0.0000000 -1.8992950
v 13.6820621 0.0000000 13.4888105
v 26.2495270 0.0000000 -9.4323254
v -16.1824322 0.0000000 -0.0927359
v 41.6938629 0.0000000 17.2573662
v 8.5976076 0.0000000 3.5526378
v 42.1499672 0.0000000 10.3695278
v 39.0655594 0.0000000 7.8521175
v -10.7989159 0.0000000 -5.0792885
v 48.3074265 0.0000000 -1.1603601
v -43.2788124 10.9382858 -41.5060272
v 33.9160347 26.5438881 39.5528717
v -4.4347329 44.1944237 -34.1932411
v -3.0697336 42.2500954 -36.2890244
v -37.4636192 21.4046192 43.2790451
v -33.5820465 28.6187840 37.1265869
v -24.9669037 39.2873955 30.4340305
v -9.5462875 45.6057167 31.6243973
v -10.6195402 44.4417839 32.5121918
v -13.4731092 26.3131008 50.5592728
v 30.6904316 40.6006241 22.5134907
v 34.3284645 36.4706955 24.5253334
v 27.7024155 42.3196716 23.5163364
v 26.2049503 42.8905525 24.2915688
v 30.9751282 30.8253517 36.4601288
v 17.4211864 40.1180573 -34.3546562
v 27.6672287 32.7087898 -36.7082253
v 30.5382462 40.3875237 -23.0779190
v 30.6495514 47.5642738 -5.1115670
v 32.6021347 45.2745399 -7.1784573
v 34.9072647 41.8058662 -11.7630730
v 40.9769249 35.3581505 -13.9587049
v 38.2223816 38.1867981 -13.2787380
v 40.9255600 37.7307892 0.9497229
v 44.1702080 34.4254723 2.2372384
v 46.2128983 32.2812729 3.6798937
v 52.6464462 25.1173592 9.6599054
v 54.7031479 23.4564228 -7.3394704
v 52.1986389 26.0227470 -6.7170401
v 57.7480736 20.8421917 -3.2574143
v 55.4649620 22.8789997 -5.6510682
v 56.6539268 21.1493473 9.8566103
v -30.7423172 41.6165237 -20.6296406
v -20.7069626 53.5985451 -14.0717783
v -8.5135632 25.1646194 -52.8069000
v -40.9668541 27.2018909 -31.1223240
v -41.3432426 22.3206215 -38.2562294
v -39.6820297 22.8512974 -39.2309036
v -39.1263351 25.7091370 -35.6801033
v -38.7038574 24.9795265 -37.1793251
v -28.5386047 31.2180634 37.9067497
v -32.8125687 23.3341293 44.5534515
v -27.9484062 37.2039986 30.6430054
v -31.9340229 33.4956322 31.9215717
v -30.8880692 32.8721199 33.8263168
v -24.5603065 28.1309566 44.1460571
v -7.5292468 42.2696915 35.6321259
v -41.7456818 26.6461601 30.9843121
v -31.8208771 38.4380035 24.5856476
v -55.7755203 21.6181297 11.8432980
v -27.6890774 49.7092323 8.4868774
v -28.5204678 48.5920792 9.5225515
v -36.2155571 40.2392998 12.8291845
v -49.1707840 27.3952789 14.6303864
v -50.5670700 26.0738621 14.5183601
v -40.5072403 34.0839310 18.5725861
v -37.9194832 36.3682861 18.7185020
v 20.1146679 37.6794853 35.6890793
v 15.9861517 50.3434029 23.3473701
v 19.0472660 40.0766144 -33.5523338
v 31.9187450 28.5292740 -38.6359367
v -25.7369347 1.7059875 -54.1060753
v 30.2854404 43.0281868 -18.7248955
v 27.8501568 45.8217926 -17.3502007
v 32.7690125 36.7939110 -26.0499668
v 25.7577419 38.7322845 -30.5016365
v 30.9958591 30.6542835 -36.6393738
v 20.8683033 50.2748718 -19.1928482
v 35.6561012 30.7493057 -31.9867496
v 47.4515839 30.4473934 -8.6039047
v 54.4349747 23.2339191 -10.4582806
v 56.6228790 20.8026390 -11.8039293
v 28.1829472 47.4190445 -13.3765240
v 44.8736191 32.3885765 11.2094803
v -46.8218307 23.5456104 -29.0108986
v -41.7840462 30.7395267 -23.4395256
v -24.7467499 50.8325615 -12.7086887
v -50.8564072 21.1198692 -26.9049625
v 5.2984467 56.5065994 -21.5083427
v 7.6855650 33.6939964 -44.3139687
v 2.4876354 48.6337891 -29.9284382
v -22.9037266 45.8264961 -23.5043125
v -17.0916767 36.6441841 38.3651695
v -8.5106916 54.3585777 22.7530975
v -8.5438833 53.0827942 24.0914078
v -48.2118492 22.6916695 28.3863277
v -51.8774796 25.1660976 13.0812931
v -28.9170170 49.2100372 5.4793563
v -50.8038902 25.1988449 16.6465111
v -41.2522507 29.6490040 26.4526730
v -25.6168671 53.0064049 0.8727620
v 18.8942204 41.1556168 32.3849144
v 14.2441254 47.5446320 27.6430149
v 27.5096035 21.4664326 50.1062355
v 24.9040432 25.6289291 46.7909584
v 17.3292408 33.6965370 -41.4762001
v -11.4158306 44.0418434 -32.6939812
v -3.6758971 33.5026970 -45.0098152
v -2.3296690 36.9054070 -41.6856346
v 44.1542892 27.8753281 -25.0919514
v 46.6584549 25.0431271 -26.4174004
v 26.2677135 49.5989418 -12.3133183
v 47.2765121 25.9485874 -23.2637653
v 46.3664093 26.0610409 -24.8592358
v -50.9808388 24.6827011 -17.6754913
v -55.0333176 22.2963886 -12.1177616
v -40.4500771 22.4231682 39.0029373
v -29.4017849 42.8611794 20.3991547
v -26.2896557 48.2397537 15.2925720
v 6.2096529 36.7111511 41.4877510
v 30.5004749 43.5878410 17.2393913
v 48.2159767 27.7535324 16.2511444
v 30.1480865 46.4465446 11.2454252
v 35.4335632 40.7073860 13.5105066
v 40.9852524 35.1199799 14.6427994
v -4.8159957 23.8722458 54.6014061
v -1.7350309 19.5470161 59.0526199
v 13.8228912 34.6227875 -41.7942581
v 12.7774620 35.6565399 -41.0499878
v 17.5094395 26.4092789 -49.2044830
v -17.3942909 30.0797215 -45.3555489
v -10.4634333 50.4613113 -26.1814499
v -20.4319172 21.6766605 -53.1764870
v -11.1893835 43.0970116 -33.7597084
v 56.8119240 11.0311766 -19.2259007
v -46.2275352 32.2261124 4.4446220
v -51.7005882 23.5331745 -19.0934525
v 6.7871628 60.0000000 9.4176064
v 7.0014806 60.0000000 11.2392025
v 1.4530346 60.0000000 -14.1044207
v 0.2483122 60.0000000 -9.5759230
v -5.4932804 60.0000000 -5.1606326
v 0.8224595 60.0000000 6.5674810
v 10.9957085 38.1921577 38.9163246
v 11.8610792 29.9642925 47.2077904
v 13.5576105 30.3849831 46.2948074
v 7.0387936 32.6635780 45.4538078
v 47.3382607 25.4790821 24.2220592
v -16.7609806 22.1310902 -53.9981422
v -12.9349766 26.0824909 -50.9648438
v 54.2658539 1.8952308 -25.5418396
v -17.3957405 11.4021120 57.3595200
v -53.8286629 8.5523653 26.3737049
v -53.4687119 24.9426022 -5.1266289
v -52.5684891 25.6914463 -6.4808502
v -56.3965645 21.7783661 -7.4355016
v 4.5201535 27.9002914 50.5595322
v 1.4474678 45.6579208 32.9864388
v -0.3976400 1.1132075 -59.9120026
v -8.5515451 44.8807526 -32.6757622
v -8.8389149 50.9951324 -26.2130833
v -11.1709595 31.1656876 -46.1722717
v -42.0226326 12.0476809 -42.7179794
v -11.0786829 15.3135681 58.9075089
v -49.2139359 4.9898829 34.1743126
v -55.3474617 5.8316669 22.9522800
v -48.3218307 0.0000000 -32.5525093
v -56.8162842 0.0000000 10.0372124
v -42.3201599 0.0000000 -30.0370541
v -52.1558876 0.0000000 6.8302426
v -31.6113853 0.0000000 -39.9409599
v -27.3617229 0.0000000 -41.8905754
v -51.4258575 0.0000000 2.6973491
v -27.6617928 0.0000000 45.6354141
v -35.6801910 0.0000000 30.0653858
v -40.0245667 0.0000000 -26.6180382
v -31.2424545 0.0000000 29.3616161
v -19.0080681 0.0000000 -39.8186760
v -35.4348221 0.0000000 22.5213509
v -21.8932571 0.0000000 37.6451645
v -23.6299324 0.0000000 38.2936516
v 8.7042370 0.0000000 -51.3304062
v -4.3868947 0.0000000 -42.7594452
v -12.3798656 0.0000000 -38.0135078
v 10.3971519 0.0000000 -50.6743660
v -23.0691414 0.0000000 25.2023754
v -43.8327637 0.0000000 4.2130198
v -26.4565659 0.0000000 19.5334053
v -36.8559990 0.0000000 11.3156214
v 10.6284409 0.0000000 -46.5989342
v -7.4494467 0.0000000 -37.1270447
v -14.8783827 0.0000000 -31.9685249
v -7.3363686 0.0000000 -35.2019577
v -15.6704760 0.0000000 31.0049782
v -40.1314926 0.0000000 1.1630192
v -33.3004494 0.0000000 11.2555237
v -5.2612667 0.0000000 34.6134949
v 5.4998927 0.0000000 -31.8660355
v 4.1809812 0.0000000 36.2914085
v 13.3634148 0.0000000 44.4077988
v 33.4096565 0.0000000 -38.6756783
v 3.8249800 0.0000000 -28.7784138
v 15.1174984 0.0000000 -31.8809147
v 10.1946383 0.0000000 -26.1627579
v 32.9114456 0.0000000 -31.7986774
v 15.3348064 0.0000000 -29.0283527
v 43.0200958 0.0000000 -33.0941620
v 32.4700432 0.0000000 -28.6555462
v 17.1675911 0.0000000 31.7491035
v 13.5935555 0.0000000 26.9822197
v 37.7829170 0.0000000 -22.6839466
v 28.0491390 0.0000000 30.5142975
v -25.2656784 0.0000000 3.7641971
v 11.8086281 0.0000000 -16.0803909
v 6.4283381 0.0000000 16.7029305
v 5.2977166 0.0000000 -12.6250935
v -1.9005582 0.0000000 10.2011442
v 18.8364906 0.0000000 -11.3252821
v 11.6466026 0.0000000 -11.2554350
v -19.9229488 0.0000000 1.8055179
v -6.8837013 0.0000000 5.0174217
v 2.5610304 0.0000000 6.3841181
v -27.4374771 0.0000000 -3.7251759
v 18.6692867 0.0000000 3.6439810
v -20.2767620 0.0000000 -6.0861869
v 19.0719948 0.0000000 -0.2060293
v 56.3175621 0.0000000 4.4150748
v 11.0535717 0.0000000 -2.3920236
v 37.9723854 0.0000000 -4.7717104
v 27.0722713 40.8458328 26.3496552
v 24.6597080 43.3127899 25.3005962
v 36.9759293 22.6951542 41.9643021
v 13.8141441 55.3663559 18.7055988
v 22.4653187 39.7464638 31.7581196
v -5.1598439 25.7694912 -52.6536865
v -40.7951469 28.3107758 -29.5005836
v -32.6690102 35.0123711 -28.9653912
v -22.9559422 43.6718445 26.4032173
v -21.2811584 44.7523499 26.3760490
v -16.1416912 52.5747261 20.4456863
v -30.1621170 29.9936085 38.2054062
v -14.9919548 52.1655312 21.8285732
v -24.1989231 40.8613853 29.0279655
v -37.0002365 22.5766335 42.1382027
v -28.7730141 32.1905594 36.4983139
v -13.2966423 52.9558640 21.9938984
v -7.1324568 52.5050545 25.1407337
v -6.8582373 55.0133972 22.5984669
v -53.0841522 20.3553886 24.0527306
v -23.7223740 54.3325653 5.2434344
v -26.9700832 50.7200356 7.2425165
v 17.0990162 29.3993740 46.1950989
v 13.9419899 34.0921440 42.3269157
v 41.0581322 24.2031612 35.8063545
v 46.0064926 22.9637184 31.4033775
v 41.1432114 28.3193321 29.0074787
v 42.5484200 26.2806473 30.5377846
v 29.1988239 41.5420914 22.9228687
v 20.3910370 51.2889175 18.1935940
v 18.8566513 51.4674187 19.5554371
v 21.7090473 51.1574478 16.8844109
v 38.1780319 25.6756401 36.7037773
v 32.4787827 33.6043701 31.1815739
v 35.2141724 31.8713017 30.8198166
v 40.4686661 25.4226665 34.6391602
v 29.9711475 21.7539291 48.3493614
v 24.2085190 32.0245972 39.8420219
v 27.6265411 24.7747936 -46.2620392
v 16.3194027 42.4162140 -32.3373184
v 12.4435606 54.7829285 -20.3836136
v 32.7638893 25.1711445 -42.3001709
v 29.5075779 29.3192978 -39.5725174
v 25.2436905 36.2548447 -34.0879517
v 26.0198269 37.2356453 -32.2335930
v 16.7119732 50.2871780 -22.9124851
v 32.8519859 37.5536232 -24.7134228
v 19.1276703 54.4306679 -14.8708401
v 41.4173660 35.8477249 -10.9148455
v 33.9700241 42.1310692 -13.4010105
v 49.3103943 25.5192890 -19.8264828
v 47.2942429 27.7612114 -18.8364201
v 48.0898361 27.5476627 -17.2598209
v 57.7023239 20.9000416 1.8892776
v 50.6880989 27.9527569 0.5679145
v 38.3897896 40.2626381 0.7855122
v 55.4473457 23.0713997 3.6552060
v 56.1732559 21.3352814 11.2224693
v 40.8369827 37.7211380 -2.9903927
v 42.0107117 36.4981155 -3.7088187
v 54.9570351 23.3965282 5.4305582
v 32.5935898 45.8638687 3.4858744
v 44.9059525 32.8123665 9.0892696
v 23.5905724 54.6493263 4.2760262
v 36.0159073 41.9962959 6.7562466
v 35.1388550 42.9957428 6.0301366
v -0.0998100 60.0000000 7.8301830
v -19.2707481 54.8769035 -13.9267645
v -44.4266663 24.6874256 -30.6399136
v -16.0662556 59.3494072 -10.5012913
v 3.4423122 36.5139236 -42.0110931
v 2.1850567 43.0884209 -35.5095634
v 5.9861250 38.8562241 -39.3839340
v 1.7965634 27.2304535 -51.3981209
v 5.1400356 35.7109261 -42.6699219
v -7.4411969 21.3841152 -56.7999306
v -6.8072653 30.7998848 -47.3826256
v -9.0060949 28.8294086 -49.0182571
v -10.9933176 28.2409325 -49.2280197
v -19.0225506 45.7060776 -26.8960648
v -13.8235168 55.2009087 -18.9160919
v -22.0907459 39.5183144 -32.2956657
v -20.7101784 40.6985626 -31.8120556
v -15.6754160 50.0206947 -23.9705334
v -45.0496063 22.7905312 -33.0189171
v -43.8399048 24.1864834 -32.3121796
v -42.4022675 24.7268944 -33.3137474
v -40.7148552 20.8537731 -41.0350723
v -16.2658024 48.6775284 25.1890736
v -28.9131145 22.4244213 48.2586632
v -26.0362511 27.3385067 44.2393608
v -28.4582081 23.7755108 46.9516602
v -19.1995602 39.4082565 34.2351456
v -24.3483696 35.3277893 35.8345032
v -19.6609383 50.3052750 20.4110374
v -35.8659058 26.6860294 37.6592903
v -9.8501062 27.4078541 50.3070564
v -7.3761234 36.9636917 41.0574150
v -8.7234716 34.7234268 43.0856934
v -3.0653720 43.3881645 35.1781807
v -4.3367777 51.1152115 27.2448654
v -6.4595609 26.3783512 51.8995476
v -43.7230415 23.5548611 33.4931068
v -39.3928986 27.4613495 32.7054482
v -53.7109222 24.0287895 9.9860544
v -49.8964691 27.0734901 13.1880465
v -24.9081230 51.7842636 10.0083675
v -39.0535736 36.6726456 15.4002495
v -31.6090775 44.6307297 12.5507345
v -52.9827156 21.2710056 22.0728226
v -49.5469780 23.8987560 23.2643414
v -22.5093021 52.9393654 12.4244690
v -30.1291676 44.0053787 17.1202717
v -21.0899792 54.1649666 12.4194593
v -29.3082619 45.0661659 16.4145031
v -41.0773582 32.5644112 20.9397354
v -28.8791256 49.6579056 -2.8074265
v 56.8701324 20.3754215 12.5303440
v 13.2639875 44.3778801 31.6032467
v 12.8881435 43.0799789 33.1631889
v 25.3100357 27.7292557 44.1729698
v 27.8491020 24.8207207 46.0490570
v 22.9208660 34.2859879 37.9781265
v 3.6613660 38.3505363 40.1500931
v 2.6461759 56.5131798 21.9847660
v 1.8768408 57.6736946 20.8940182
v 1.0706892 54.8793488 23.7747784
v 24.1073036 42.5466270 26.9437561
v 18.0435753 50.7383194 21.2967472
v 19.9528828 42.1344986 -30.5963974
v 16.2907333 45.8630142 -28.4671421
v 21.5235367 28.9010983 -44.8535500
v 7.5317521 51.4617424 -26.1160450
v 6.8524747 56.0289459 -21.5360699
v 8.4885349 57.2267723 -19.6571846
v 24.8174763 41.8626556 -27.1761036
v 26.6714458 35.9508209 -33.3600845
v 32.7844887 26.2353134 -40.9003448
v 43.7463303 24.2848186 -32.2689056
v 34.6257515 37.5928612 -22.0410976
v 25.5193348 47.9157753 -17.1185188
v 32.5765839 35.9751129 -27.5787354
v 28.2525558 41.1143570 -24.7065468
v 41.0583076 26.1292114 -32.7472839
v 34.1863136 31.4797211 -32.4894409
v 42.5314217 21.3403816 -38.4008179
v 40.3421478 21.3083897 -40.7521973
v 21.2459583 47.4762268 -22.8160667
v 22.4182644 48.8346786 -19.6325150
v 17.9329662 54.8959427 -15.5416479
v 19.1692219 52.5695267 -17.6444397
v 23.9659939 47.3939781 -20.0606842
v 26.0185871 52.3229141 -3.8596728
v 30.1884136 47.6590881 -6.9935813
v 53.6651230 23.6303616 -12.1247663
v 43.5223885 33.8314095 -10.8281078
v 47.4639244 31.1423893 -2.3557184
v 36.4233322 42.1501465 -2.4677305
v 34.7289314 43.0729752 7.6146092
v 29.9307976 47.7173500 7.7919841
v 43.4466934 33.4663620 12.4780979
v 47.8858414 29.0438499 13.0167217
v 49.4639168 28.9091301 5.0168405
v -40.4903069 30.3829403 -26.2442455
v -34.2860641 40.3112297 -17.1693764
v -48.1775780 23.0874710 -27.6632671
v -36.6566048 36.8431168 -20.1272087
v -32.1034737 42.2774811 -17.1155434
v 10.8795099 35.6483116 -41.6101494
v 12.0025349 33.4289665 -43.6032562
v 14.1986542 26.1679554 -50.5147171
v 13.2111816 28.3264637 -48.5515404
v 14.9442329 28.3135777 -48.0662422
v 4.2656546 51.0975647 -27.2631741
v 7.5981607 30.5016518 -47.5614662
v -6.0734487 49.8143120 -28.1918983
v -11.3715792 22.1404686 -55.3843269
v -3.3705389 53.6348877 -24.8016548
v 3.1935568 53.6489449 -24.8168945
v -37.3717499 24.1114960 -39.7467270
v -34.3363266 28.7969189 -36.1768684
v -23.0938644 46.8447571 -21.8685513
v -15.5058851 57.2912712 -14.6353455
v -24.3984394 45.6695251 -22.1952000
v -27.3404408 42.6257744 -23.4785118
v -29.6882687 48.3688049 -5.9931431
v -32.3300896 45.8118019 -5.7859769
v -30.4487610 46.8690681 -9.0798635
v -21.0356503 56.9912529 -5.0902357
v -26.9056988 50.7155533 -7.4849811
v -32.1612701 37.1247482 -26.3101997
v -33.3137054 35.4641495 -27.5353966
v -30.7964115 19.8963966 50.0612068
v -25.5699997 32.6132812 38.2852058
v -17.3800449 41.2674866 33.1036110
v -25.2054749 21.3845959 51.4141083
v -22.8355141 27.8733768 45.3480873
v -20.5507412 35.8836288 37.5102005
v -22.4618053 46.7795410 22.5923004
v -42.6079521 19.8648529 40.4323578
v -33.5945892 30.6107178 34.3575859
v -34.2973213 29.3508377 35.4496727
v -28.5513058 39.9074936 26.1652050
v -16.4686871 56.1294479 15.3210840
v -21.5798149 29.2891998 44.3952713
v -12.6646118 45.0118942 31.1571484
v -21.8272877 25.0291691 48.9732170
v -18.0222549 25.7488232 49.7288246
v -2.0757277 58.2241058 20.3262405
v -34.6261330 37.5151253 22.2201843
v -47.6094627 29.9025993 10.4558315
v -41.0960083 36.5214272 9.2626247
v -32.4863052 45.2983780 7.5011711
v -52.0540695 23.3382282 18.7099133
v -42.7000046 33.5054855 14.7381220
v -24.4145069 50.7905312 13.4200029
v -23.7888756 50.5128326 15.0083475
v -24.6319752 49.2644997 16.0050716
v -41.2735558 27.9127331 29.4999008
v -25.9256153 46.3510780 19.2603989
v -26.6164608 46.7243004 17.6172752
v -43.4990349 35.1410599 0.9732966
v -54.2733002 24.3193703 3.4146955
v -28.2355137 50.3049622 2.8003540
v -22.4933815 56.1294632 -0.3174643
v -48.4065399 30.1938972 -2.9043686
v -49.5508499 29.0843773 -1.9539827
v -40.1544647 38.4829826 -0.7220861
v 8.7214985 59.9999886 11.6072569
v 5.7504616 56.5423584 21.3149166
v 7.3593740 55.2716370 22.1784992
v 33.0262070 39.3277626 21.3330994
v 37.2659073 35.8914413 20.9119949
v -1.0574182 23.8972511 54.7574005
v -1.2934356 42.9393959 35.7413139
v 0.7651668 41.1010437 37.5816116
v 14.3552504 48.5339470 26.4683971
v 18.2041397 35.1821480 39.4743309
v 19.8518105 35.1778183 38.6802597
v 23.2791405 25.7540798 47.4978333
v 19.0670910 38.7880630 35.0101089
v 21.2816753 35.0884857 38.0071144
v 25.1352215 26.6866474 45.4683800
v 14.9437370 46.2721748 28.7171021
v 25.8806896 22.2035866 50.1440544
v 24.4242477 21.6739311 51.4829216
v 43.5033150 20.2330627 39.0066071
v 41.8320045 20.8844299 39.8199463
v 51.8326492 2.1442373 30.1387196
v 44.8443527 5.3552256 39.7490578
v 37.0645866 14.0368319 47.0817833
v 35.9735260 12.6296396 47.9111862
v 24.5108528 29.3975716 -42.7297440
v 26.1715698 23.3806610 -48.6596832
v 10.9668617 51.8554726 -24.4429531
v 14.0558605 33.3612671 -43.0478592
v -13.4367914 36.1135216 -40.3831902
v -1.7575952 27.7193775 -50.8965302
v -3.4629507 28.0111732 -50.5126266
v -4.8871942 23.1709919 -55.2714386
v -1.5330640 41.4265137 -37.2103882
v -23.9978409 5.3385983 -54.9106789
v 44.9276009 23.0225067 -32.7937965
v 47.5109024 22.7735481 -29.3715363
v 41.8520012 31.1662254 -22.4725494
v 39.1234550 32.8562584 -23.7759247
v 56.6795235 3.2790797 19.5911903
v 52.0788345 3.7185395 -29.6744003
v 39.9112854 36.0147629 -15.0379868
v 41.2108002 33.1512222 -19.2521629
v 33.1220627 41.6447182 -16.4702206
v 49.1126595 23.6942177 -24.6522675
v 36.7209625 38.4608498 -16.3086662
v 47.7636871 26.7978287 -20.2085438
v 45.8596497 28.4743500 -20.3380623
v 49.7200012 22.5381413 -26.0563774
v 33.3509827 40.7490234 -18.0117664
v 34.2211113 40.5201912 -16.7943192
v 40.3618698 32.6125336 -22.2133675
v 35.7728729 37.9835281 -19.3787518
v 30.6370125 44.1782112 -15.7675362
v -1.3993573 60.0000000 14.7201977
v 24.4245167 21.6089115 -51.5535355
v 19.7676220 29.8272305 -44.6568260
v -24.0924301 22.0982857 -51.1357117
v -14.1385975 49.9611740 -24.9700127
v -17.9720516 37.8822060 -36.5735931
v -25.3294525 22.7275715 -49.8313179
v -26.6678581 26.8936310 -44.3933945
v -21.9017010 35.6214523 -37.0637970
v -23.8397846 28.9888763 -43.5556946
v -20.9587669 38.2789879 -34.5456581
v -22.0022755 29.8979340 -43.4854622
v -27.9210320 21.0126991 -50.4048691
v -12.4168301 48.3876648 -27.5808754
v -9.4463491 55.7358856 -20.8505936
v -34.2983932 23.6456718 -42.9989929
v -28.7063904 30.7153568 -38.3898582
v -32.8182564 21.4505939 -46.8171997
v -40.2359200 19.3691902 -43.4380951
v -37.7115440 21.1181927 -43.4183578
v -26.3527603 36.2426109 -33.2570648
v -34.0778122 22.6064415 -44.4879837
v -59.3792038 11.3188658 8.1276264
v -46.4636688 27.9215698 -20.3104649
v -33.0034332 42.3262749 -15.1446009
v -22.2740479 54.3092690 -9.7809143
v -48.7954140 26.1517048 -19.4042721
v -54.9092255 21.0597553 -17.3627186
v -41.7188721 34.8782730 -13.2425213
v -29.0654564 47.8186378 -10.2532330
v -41.8559990 33.7771797 -16.2022381
v -50.2135315 26.8656998 -12.8164673
v -50.7937508 26.6183395 -11.3644867
v -55.3222046 22.6920757 -8.7458019
v -49.6223488 27.7654095 -11.3712873
v -44.5999146 33.0231094 -9.8409710
v -42.1617470 35.5651703 -9.0977869
v -31.0604706 37.3263702 27.2504902
v -39.6446877 26.1907291 34.3404846
v -33.0818291 33.7377129 30.3402195
v -16.7454987 6.5403166 57.5764923
v -56.8368683 21.8003273 -2.4367950
v -51.0299072 27.5966434 -2.8823788
v -33.9049683 44.6686554 -2.6470611
v -40.2037163 38.2141914 -4.4620543
v -24.0318031 54.5083008 -2.4550712
v -41.4477501 36.5888672 -7.3348746
v 6.5356083 47.1673241 30.8109589
v 5.4791732 54.3193855 23.6954136
v 3.8140519 51.8571053 26.5327473
v 4.6963143 43.9727821 34.3714180
v 8.0992107 44.5135078 33.1540985
v 12.4368734 37.2298546 39.5124626
v 19.6938972 20.9874821 54.2065620
v 46.9880142 23.0663338 29.6664429
v 49.8528404 20.9626732 28.9648724
v 47.6790466 23.9558830 26.7410698
v 51.8530159 21.2806625 24.4859562
v 44.6746178 30.1661415 18.8325424
v 54.3900604 20.5117207 20.5027466
v 53.2108955 23.1758003 15.7339392
v 45.3366432 30.0940952 17.3568707
v 41.8819885 34.6823006 13.4052219
v 55.6462097 21.0381031 15.0399227
v 49.2448044 27.6362381 13.3880482
v 31.1656322 46.3848724 8.3549566
v 44.1270485 31.2642403 17.2341251
v 20.3500099 57.4439430 5.9526868
v -1.9818163 14.4350414 59.9119797
v -2.7263434 4.6183310 59.9108353
v -5.9259763 22.7870979 55.5935097
v -4.0617433 22.7329750 55.7778435
v -2.7996724 33.4356079 45.1763115
v -4.7880287 25.9901218 52.4885712
v 17.9619293 19.5056763 -56.2775383
v 15.3584261 23.4214859 -53.0388260
v 18.0537243 24.1616058 -51.3994522
v 11.1874027 45.4380913 -31.2472057
v 14.1052265 39.8414192 -36.1376953
v 8.9121799 47.8415565 -29.4858894
v 13.2886086 43.0147667 -33.0531769
v 10.7967291 47.6343613 -29.0519714
v 17.9780579 30.2626877 -44.9069595
v -15.6687708 35.8543549 -39.8338661
v -13.7315645 38.3494225 -37.9055824
v -13.8818569 40.9512711 -35.0605392
v -18.8877716 30.5729828 -44.2065201
v -22.0025120 21.0426044 -53.2248535
v -10.4180269 41.3876839 -35.7989998
v -11.6192675 1.3433599 -58.7886086
v 58.9154091 8.5323124 10.9574890
v -25.8811169 32.6207771 -38.0541725
v -30.2479095 23.5800953 -46.0109406
v -28.4118710 26.1895523 -44.1012421
v -30.9807510 24.2948780 -44.6363869
v -17.4718170 36.9950600 -37.8000450
v -14.0174170 48.7978783 -26.3431320
v -58.5286903 19.9225216 4.9708605
v -26.0003738 52.3335342 4.0662613
v -56.6883926 21.3737507 8.2613010
v -32.2055016 44.1325150 -12.4113283
v -59.5058365 13.0888042 -7.3479996
v -15.4347811 15.5109177 57.9431877
v 13.4253054 60.0000000 -1.5347471
v 11.7840309 60.0000000 -8.3829346
v 15.6627178 60.0000000 -1.7842209
v 5.2885871 60.0000000 12.5402918
v 5.2661653 60.0000000 -11.7996655
v 12.6177902 60.0000000 -4.8031559
v 2.1891592 60.0000000 -12.3953562
v -5.4186330 60.0000000 -11.6575012
v 4.2120404 60.0000000 -7.0138350
v -13.8090515 60.0000000 -5.6632090
v 8.5295095 60.0000000 -4.9244823
v -5.6262822 60.0000000 -0.2114103
v -13.4236155 60.0000000 -0.4981377
v -13.3294010 60.0000000 2.6042795
v 3.1009285 60.0000000 -0.4345499
v -3.7167516 60.0000000 6.0506945
v 8.7084255 31.7713661 46.0799866
v 6.3253450 23.5731926 54.7433472
v 40.7001534 34.8402214 16.1725464
v 29.1373024 46.8305359 12.7663622
v 38.9958725 35.5504417 18.3904724
v 30.0568771 45.4120522 14.1840811
v 41.5713768 31.5061760 22.2064514
v 3.2074816 19.4624348 59.0547981
v 15.0960407 8.8332205 -58.0224380
v -17.8173180 23.0546112 -52.6962509
v -6.7851758 56.5380249 -21.0378838
v -17.5598907 10.1020861 -57.3043709
v -31.9566326 10.7308092 -50.6929817
v 59.3295555 4.5076342 8.4312983
v 58.3028221 15.6254501 -13.9568968
v 52.8556747 4.6191382 -28.2091141
v -52.6807098 25.9494324 -2.6160731
v 3.8011270 32.9645805 45.5369720
v 4.5982418 22.7386894 55.7159462
v 0.1027813 49.5110550 29.1920013
v -0.1478729 48.1876106 30.5186386
v 1.1826884 21.3178368 57.3294373
v 0.9104053 32.7589645 45.9059029
v 0.4486983 34.0969696 44.5848083
v 0.8899536 23.9152412 54.7434959
v 39.5773621 2.4924483 45.0337944
v -9.2406902 48.4117432 -28.7996368
v -7.5498195 47.7509575 -29.9600372
v -12.5451155 21.3849030 -55.9127693
v -54.3863869 3.3961253 25.2901917
v -54.5137978 0.0000000 20.4606152
v -45.4880562 0.0000000 -34.5578003
v -52.5531464 0.0000000 -25.0599003
v -37.2345505 0.0000000 -44.9352341
v -53.3804092 0.0000000 17.3715248
v -52.3889847 0.0000000 26.1622372
v -35.5034027 0.0000000 -44.3027115
v -47.6401520 0.0000000 33.7910995
v -54.7539368 0.0000000 4.1718693
v -55.2286186 0.0000000 -0.8509778
v -50.2966309 0.0000000 17.7800713
v -44.6819496 0.0000000 32.4841232
v -43.7501335 0.0000000 36.2653465
v -21.1632671 0.0000000 -54.6293869
v -42.0773048 0.0000000 34.9710236
v -41.7501221 0.0000000 36.7393265
v -44.8102646 0.0000000 -28.1207638
v -40.0904045 0.0000000 32.1469460
v -31.6174965 0.0000000 -38.4236679
v -32.2675476 0.0000000 48.3531189
v -33.6529350 0.0000000 43.6117630
v -36.9981422 0.0000000 33.9985008
v -36.5804863 0.0000000 -32.9575500
v -21.5458012 0.0000000 -45.9637604
v -46.4929199 0.0000000 10.5671568
v -28.7896156 0.0000000 44.3870049
v -23.9816132 0.0000000 49.4830551
v -47.3563309 0.0000000 -21.0274887
v -33.4566650 0.0000000 -32.8161850
v -11.2330627 0.0000000 -52.6476974
v -21.6709499 0.0000000 51.1487160
v -18.9108601 0.0000000 -43.0585938
v -7.7952137 0.0000000 -51.4098053
v -24.3712349 0.0000000 45.8466454
v -43.5487328 0.0000000 12.8739395
v -53.8458977 0.0000000 -14.7862930
v -32.3066597 0.0000000 -31.7337837
v -36.6350670 0.0000000 -27.4131184
v -20.0328789 0.0000000 48.4685745
v -19.7449417 0.0000000 46.7666626
v -1.3844895 0.0000000 -51.5750504
v -17.3428307 0.0000000 48.8889618
v -11.3323536 0.0000000 -43.6587143
v 0.2439498 0.0000000 -51.5408287
v -1.6980023 0.0000000 -48.1423416
v 2.8473883 0.0000000 -50.4513855
v -33.4223175 0.0000000 20.9386063
v -13.8135672 0.0000000 48.7886848
v -27.2632751 0.0000000 -31.4823666
v -14.5621624 0.0000000 40.2056389
v -21.6701794 0.0000000 35.8187485
v 5.6740503 0.0000000 -49.1064758
v 4.3673801 0.0000000 -47.8477364
v -26.2763748 0.0000000 24.9322948
v -29.1359825 0.0000000 21.5345898
v -26.0849571 0.0000000 27.9231510
v -6.7085781 0.0000000 46.4534531
v -19.6086082 0.0000000 28.7704716
v -29.9605713 0.0000000 -25.8690739
v 13.6149464 0.0000000 -51.7962608
v -5.2250795 0.0000000 46.7269440
v 8.7606859 0.0000000 -44.0180664
v 0.0436180 0.0000000 48.5302811
v 13.7845879 0.0000000 -46.2725487
v 1.3482623 0.0000000 47.3771057
v -0.5479150 0.0000000 46.8640594
v -41.3966217 0.0000000 -20.5233955
v -46.2456779 0.0000000 -16.6552906
v -19.9840088 0.0000000 -28.0455456
v 21.0246868 0.0000000 -45.3762283
v -35.1803780 0.0000000 10.4654799
v -18.1173000 0.0000000 24.0123482
v 4.4708352 0.0000000 45.2674026
v -19.9575253 0.0000000 -26.0525570
v -23.6130867 0.0000000 -25.1706085
v 20.5383377 0.0000000 -42.0299950
v 8.5327501 0.0000000 48.9529953
v 21.1550980 0.0000000 -40.3831673
v 22.8223782 0.0000000 -39.9759712
v 26.9128723 0.0000000 -41.9637909
v -17.1078568 0.0000000 -25.7207336
v 25.7726078 0.0000000 -40.2910957
v 28.5362320 0.0000000 -41.3872833
v -13.7922392 0.0000000 25.1531715
v -5.8379531 0.0000000 -26.9256020
v 27.5121403 0.0000000 -37.3046417
v 24.3325615 0.0000000 -36.8561668
v -20.8445206 0.0000000 16.4715633
v -31.4998245 0.0000000 10.6583338
v 17.1116600 0.0000000 45.0697441
v -10.8007622 0.0000000 26.0475655
v 0.8665296 0.0000000 36.0975037
v -1.6396873 0.0000000 -28.2981110
v -7.7227325 0.0000000 27.5803452
v 0.1985800 0.0000000 32.1280403
v -5.9326715 0.0000000 27.7501431
v 12.5845480 0.0000000 41.5046234
v -24.8709202 0.0000000 -20.5743027
v 18.8424644 0.0000000 40.0482140
v 3.2580802 0.0000000 33.3644485
v 15.8855381 0.0000000 41.8079948
v -18.3722858 0.0000000 -21.6809196
v 41.5389709 0.0000000 -34.5227013
v -11.4422283 0.0000000 19.1258678
v -21.8076324 0.0000000 -16.6845436
v -8.8123055 0.0000000 -23.0773354
v 10.4155159 0.0000000 -24.0970402
v 18.3219852 0.0000000 -29.1043816
v 26.5983276 0.0000000 -32.2878571
v 13.8045959 0.0000000 31.9382038
v 37.9753113 0.0000000 -30.6352940
v 44.8829498 0.0000000 -32.0609970
v 24.3314724 0.0000000 36.9692116
v 27.3624058 0.0000000 40.0935326
v 49.5720673 0.0000000 -30.9337368
v 45.8018188 0.0000000 -29.4362507
v 34.1770782 0.0000000 -28.0354156
v -8.4219999 0.0000000 17.1705189
v -12.8288155 0.0000000 15.4844275
v 12.0190687 0.0000000 -23.1074505
v 42.1943092 0.0000000 -27.8474426
v -12.0010471 0.0000000 12.1139507
v -1.5339296 0.0000000 19.8038921
v 2.9123507 0.0000000 22.4003696
v -25.1691589 0.0000000 -15.3828220
v 2.1133475 0.0000000 -21.0648136
v 20.8287411 0.0000000 -22.0229206
v 19.0892620 0.0000000 -22.1367054
v 38.5528145 0.0000000 -26.1692543
v 31.3083725 0.0000000 -23.1214981
v 32.9582481 0.0000000 -23.0367126
v -26.2777081 0.0000000 5.3098192
v -27.1495762 0.0000000 4.0156126
v 25.3556347 0.0000000 33.9704552
v 18.5555267 0.0000000 26.6356716
v -26.9115334 0.0000000 -14.5215302
v -16.7408733 0.0000000 -18.8199234
v 48.2381363 0.0000000 -23.5514030
v 4.6368690 0.0000000 -19.0512924
v 6.6554627 0.0000000 -18.5111389
v -10.5990000 0.0000000 10.3528595
v -24.4308701 0.0000000 5.4877968
v 34.2314453 0.0000000 -20.1390114
v 28.5533085 0.0000000 -16.3466129
v 41.2058105 0.0000000 -18.2266998
v 8.0272360 0.0000000 19.6555061
v -17.9894524 0.0000000 -14.8894939
v -0.3188421 0.0000000 14.7826023
v -18.7843342 0.0000000 -13.0459299
v 50.9995537 0.0000000 -16.9530029
v -42.9155579 0.0000000 -5.7549295
v 33.5245209 0.0000000 25.3077030
v 26.0246468 0.0000000 -12.4567280
v 28.0660458 0.0000000 21.4431038
v -19.7031765 0.0000000 -11.6303720
v -36.5256424 0.0000000 -4.1178012
v 3.8760438 0.0000000 10.2043324
v -5.6455040 0.0000000 6.2035003
v -51.1904984 0.0000000 -12.2415094
v -49.6356697 0.0000000 -12.2256193
v 53.8343925 0.0000000 -9.9989100
v 38.3357315 0.0000000 -8.5417995
v 36.7916183 0.0000000 -9.9025288
v 21.6746311 0.0000000 13.2688808
v 15.4552765 0.0000000 12.4853792
v 43.6973076 0.0000000 19.4941978
v -5.9586821 0.0000000 -8.8450794
v 26.0964928 0.0000000 -7.7543206
v 2.9333196 0.0000000 8.3246632
v 36.6390381 0.0000000 17.4655933
v 50.4702492 0.0000000 17.4293747
v -4.2761788 0.0000000 0.8152440
v 42.7065010 0.0000000 8.9012775
v 47.1341324 0.0000000 9.1709566
v 0.8147738 0.0000000 -0.3513989
v -6.2091341 0.0000000 -1.5995162
v 33.4207993 0.0000000 4.9496741
v 40.4443130 0.0000000 4.7125115
v 37.3461761 0.0000000 3.9748163
v 42.2977562 0.0000000 4.3505521
v 50.8368111 0.0000000 5.3038511
v 46.2970924 0.0000000 3.3263230
v 1.7553945 0.0000000 -3.3525045
v 12.7607279 0.0000000 -1.3334053
v 40.0482292 0.0000000 1.7343409
v -9.4916306 0.0000000 -8.5711336
v -19.6188202 0.0000000 -8.2661591
v 38.1343040 0.0000000 -2.9496975
v 24.5488091 0.0000000 -4.8920445
v 30.7828732 1.1815737 -51.3992043
v 7.1733875 7.9177032 -59.4851341
v 9.2310572 10.0934830 -59.2611809
v 51.8831787 24.1354923 -16.6772461
v -3.3473248 48.4606438 -30.0180473
v -3.1341727 46.3885880 -32.1247520
v -16.8813972 50.1322136 22.9654179
v -35.1510696 24.7978706 40.7977676
v -33.5073357 25.8388233 40.8272057
v -14.4222088 30.0159798 46.4470825
v -39.1350441 37.8759727 11.6356449
v 11.3618193 47.3645782 29.1616459
v 9.2568111 50.2893982 26.8144970
v 34.5432358 35.3233147 26.1650066
v 24.4901581 45.6422043 22.0951500
v 26.9231529 31.2637978 -38.9968758
v 28.5871639 42.7591019 -21.7280140
v 34.8185349 42.9440193 -7.9867787
v 37.1741447 41.4756660 1.0633619
v 35.9318542 42.7014160 1.2477331
v 43.0936165 35.4878883 2.4195106
v 50.6594276 27.7991619 4.2206488
v 52.8673553 24.5317917 11.4015255
v 52.9406662 25.4328308 -5.3303308
v 49.9377213 28.3637238 -5.9385695
v 24.6581078 53.6852188 3.7789183
v -36.6251564 35.9807243 -21.8559017
v -29.9021091 42.7950745 -19.7539883
v 3.7935774 43.1755600 -35.2954979
v -14.2550297 53.9666481 -20.1382904
v -23.1581783 38.1802597 -33.1797104
v -24.0426083 38.6600571 31.9637451
v -26.9991417 22.6190758 49.0837479
v -16.8947716 30.9949074 44.5497932
v -4.7360024 56.5957146 21.5749073
v -5.3352489 55.5195885 22.5279388
v -8.5895758 46.8358765 30.6244030
v -22.3910389 55.6497726 5.1283031
v 20.9124279 28.2014141 45.9092979
v 2.8402247 42.3851089 36.1712608
v 23.4463730 23.0496120 -50.4282913
v 22.6356354 24.3667202 -49.3526421
v 20.1588554 55.1843567 -11.9175158
v 45.2904205 20.9112530 -35.7925339
v 39.5444679 38.9175529 -4.1197987
v 23.8602123 54.4921341 -3.5807934
v 52.9032364 25.1906681 7.6288319
v -37.7813110 36.3811417 -18.9662514
v -30.1193542 34.8254662 -31.8405743
v -29.3174248 36.1134415 -30.8317795
v -23.1497536 44.5698891 -24.9956818
v -24.1984348 53.7922401 -5.6550398
v -27.2127857 43.6355476 -22.0672569
v -31.8527145 36.1620216 28.1056347
v -29.5052738 38.0259590 27.8977585
v -19.1655807 28.6556644 46.1565475
v -15.0191412 42.7121048 32.6341934
v -10.4183273 46.4597740 30.4544868
v -2.2153394 55.5524406 23.0064011
v -44.8588715 25.7938461 27.9401207
v -34.8407974 38.2127380 20.5486889
v 40.1415977 32.6708717 22.3688316
v 24.7998390 24.7357540 47.8552742
v -3.4792140 26.7944756 -51.7277184
v 45.5925598 25.0566998 -28.1359940
v 50.2503471 23.3738499 -22.9787292
v 32.8928108 42.5426292 -14.8469181
v -19.6421890 35.1905975 -38.7485695
v -8.5589123 55.0648689 -21.9697456
v -35.1913223 26.3536186 -38.6895599
v -35.7894859 40.0229340 -14.5302525
v -36.7546387 38.2921524 -16.6327438
v -17.2109833 40.0432358 34.5538635
v -41.0676422 23.0578594 37.4072037
v -40.0449753 24.2643471 36.7386322
v 45.4495811 24.1969204 30.0131435
v 31.3582401 42.4407997 18.0489635
v 50.4350281 25.5648212 16.5075855
v 33.9195976 42.7886772 11.6318636
v -44.5440674 34.0061684 -3.4326787
v 6.2743077 60.0000000 7.6411610
v -2.1844287 60.0000000 -11.5190926
v -7.3390846 60.0000000 2.3400745
v 10.6547585 36.4802361 40.7843704
v 9.5677729 25.6469460 52.1270409
v -43.3504906 35.0695457 -4.5885553
v -0.0955327 3.9794984 -59.9120026
v -5.4640255 55.8568153 -22.1100750
v -48.9188766 0.0000000 -30.8749065
v -41.6090240 0.0000000 -34.5965919
v -17.1074257 0.0000000 -51.4642029
v -19.5703297 0.0000000 -46.4353065
v -13.1610432 0.0000000 -46.1057968
v -6.0399799 0.0000000 -42.0068436
v -24.6741982 0.0000000 28.6870155
v -1.7212855 0.0000000 53.3932571
v 2.8739188 0.0000000 -44.6941872
v -0.1458682 0.0000000 -42.4290466
v 1.4559259 0.0000000 -42.1492805
v -13.3441334 0.0000000 -32.0198860
v -11.9763432 0.0000000 -33.0379295
v -1.0660721 0.0000000 43.2762375
v -13.7395792 0.0000000 31.4412289
v -16.5452461 0.0000000 29.2506828
v -27.7743053 0.0000000 16.7869167
v 11.5517721 0.0000000 -36.5883598
v -50.3939323 0.0000000 -13.9237776
v 2.1978128 0.0000000 36.9462395
v -16.6096344 0.0000000 21.4285526
v -12.2465334 0.0000000 24.4612885
v -7.8530226 0.0000000 22.1496468
v 24.2169914 0.0000000 -29.5288067
v 27.1132622 0.0000000 -30.3739014
v 25.8908978 0.0000000 -29.1016521
v 35.3896332 0.0000000 -29.4219055
v 16.6147633 0.0000000 29.0465794
v 28.1832905 0.0000000 -24.9362965
v 19.5080833 0.0000000 29.6399307
v 18.2231026 0.0000000 28.4250298
v -27.7966270 0.0000000 1.3791186
v -15.8940763 0.0000000 7.5685201
v 23.3969841 0.0000000 -15.5883780
v 29.0619068 0.0000000 -14.4077415
v 32.0964317 0.0000000 -15.2670584
v 19.3519211 0.0000000 -12.8048115
v 27.6120033 0.0000000 16.7242870
v -26.1648750 0.0000000 -4.8581533
v 37.2130966 0.0000000 7.5137987
v 32.3177757 0.0000000 7.8231516
v -6.8353467 0.0000000 -3.4039516
v 26.5072441 0.0000000 1.4943516
v 29.2598343 38.6717606 27.2069416
v 22.3546753 41.4053879 29.7823677
v 21.6949387 42.5031624 28.8994789
v 44.8245544 30.9985867 -16.1673183
v -1.3910875 46.6389008 -32.0087357
v -36.1557045 33.0541649 -27.8004227
v -15.6129456 53.6692924 19.4681549
v -23.5536022 42.3512001 27.6296215
v -25.4724083 41.2453842 27.4151649
v -19.6823406 49.0125542 22.1554031
v -17.8112183 43.1747971 30.6956081
v -13.1344385 54.2357063 20.5920734
v -14.0226574 31.9481602 44.5451546
v -21.1157608 56.6819649 6.0023875
v 19.0661850 25.6371613 49.4585304
v 19.7417526 22.1327915 52.9588013
v 40.0551262 26.4992886 33.4666862
v 43.9069901 25.2527695 30.4153996
v 35.7174950 35.9009933 23.5017262
v 34.5285797 37.3006439 22.7521992
v 37.5197029 27.4915600 34.7591019
v 37.1853447 21.6130886 43.2092667
v 27.9635143 34.3467827 34.3764343
v 13.4971657 52.5497665 22.3374538
v 26.6619892 26.9727859 44.2545815
v 31.0913010 25.4343739 -43.2076302
v 28.0483494 29.1555061 -40.7786407
v 17.8506966 45.5271835 -27.9216003
v 28.2031059 49.9867096 -5.0038395
v 51.8843765 23.5885143 -18.3739643
v 53.0213432 21.7407990 -20.7075901
v 25.6639271 52.9705849 0.5545470
v 50.3520432 28.2880077 -1.2599338
v 51.8905640 26.6578388 3.1825526
v 47.2397423 31.1429214 4.8188276
v 45.7480545 32.5439148 5.5970140
v 48.0706902 30.0438709 7.2184100
v 52.2330818 24.7921009 13.0929794
v 53.6943016 23.4609547 12.6326628
v 46.1485825 32.4333229 -2.8550599
v 33.2101059 45.2983093 -3.2461538
v 23.7506390 54.8153801 -1.8851333
v 42.7340851 35.5379601 5.6112528
v 47.0793648 30.8731651 8.1557322
v 10.3196115 23.8114166 -53.8580132
v 2.1599500 30.3392296 -48.2667046
v 3.4004459 31.4449768 -47.0848961
v 0.2386559 52.9623146 -25.7386837
v 6.6146913 32.4506264 -45.7550087
v 6.0202608 30.2676334 -48.0442924
v -2.4294031 55.8635826 -22.6620464
v 4.8616047 42.1320114 -36.2402382
v -28.7007523 29.5225697 -39.8554230
v -42.1414375 23.8586502 -35.0717850
v -35.1335449 30.3061008 -33.2206116
v -21.1771393 47.7865715 22.4563751
v -22.3927021 45.0563087 25.0613403
v -21.7031574 46.4870224 23.7551079
v -16.1751995 30.0276566 45.8518372
v -10.9302654 30.6380005 46.7741737
v -9.2030888 37.3399773 40.3052559
v -6.4702439 29.0583897 49.1918945
v -35.5991325 33.0487480 28.5188217
v -43.3489723 22.9324512 35.0166817
v -28.0372810 48.4912186 11.0628633
v -41.5610580 34.7200546 14.3182354
v -28.2695255 47.7492943 12.4604206
v -48.1712570 24.0182228 25.8505821
v -27.8662090 47.3545456 14.2664671
v -33.1332474 45.2782402 -4.1429243
v 10.9815331 49.6143913 26.8818169
v 21.3998432 32.6592216 40.7075577
v 24.4755745 31.0914860 40.7676849
v 27.2526550 30.0775223 40.1943626
v 21.6583900 40.8396606 30.9914455
v 16.8771477 46.8285904 -27.0065536
v 26.9584217 27.6191082 -43.3352051
v 21.3655739 35.0977936 -37.9556541
v 13.4725590 50.2276115 -25.0154476
v 14.3766623 44.9932365 -30.4278355
v 28.0745258 30.3606205 -39.3072014
v 16.3842888 51.4074593 -21.7572231
v 25.5193176 39.8361015 -29.2522163
v 0.0444704 22.9264965 -55.7575569
v 0.3427352 29.9376945 -48.7557945
v 36.3625336 34.9742966 -24.2024517
v 27.7070808 44.8848343 -19.3160095
v 34.1018295 39.5161171 -19.2308197
v 39.5944099 26.6671162 -33.7023010
v 22.0692024 50.1860123 -17.9836941
v 26.2644958 40.5062256 -27.6738796
v 41.8886375 22.5385189 -37.3346596
v 40.2509422 23.1788960 -38.1375198
v 38.1524696 24.8933411 -37.8612633
v 35.4058876 25.6009331 -39.5202637
v 20.7520428 49.4021301 -20.5894146
v 17.7178860 53.1801033 -18.2792587
v 26.8783493 42.1667213 -24.6540489
v 46.6394920 31.4679604 -7.2828631
v 41.9017830 35.7809677 -9.1792154
v 30.5982552 47.8608398 -3.3943052
v 30.0067730 48.5590477 -2.2398412
v 34.3108788 43.0193176 9.6300716
v 27.3024254 50.1127548 8.3173227
v -37.7277641 35.5826111 -20.7931404
v -31.3370686 43.4479599 -16.0503464
v -45.9502182 25.9679298 -25.7565346
v 11.8219261 24.4678879 -52.8995018
v 6.8918834 39.7428551 -38.3254738
v 6.2460265 46.7729492 -31.3045540
v 9.8413067 28.3224449 -49.3703117
v 11.4230833 28.4242191 -48.9247818
v 8.5964355 32.6761894 -45.1839752
v -6.9679751 38.3594551 -39.7027855
v -8.5474710 38.7988625 -38.9401398
v -4.1351743 54.9730301 -23.3177738
v -17.1009235 53.3592453 -18.6095104
v -28.8507843 35.3322258 -32.3072281
v -32.6482201 32.9738884 -31.9548054
v -17.8174534 52.1264725 -19.6222229
v -27.4686089 41.5073967 -25.0136127
v -30.8602791 44.9648399 -13.4729176
v -22.0831337 55.8710480 -5.5147991
v -27.9723091 50.3489876 -4.2733378
v -34.5217590 43.1265831 -8.5587444
v -22.6438751 54.5520287 -8.1720781
v -41.0062370 26.1720390 -32.7665291
v -32.3905716 24.6229782 43.2711983
v -15.3794622 44.8035698 30.1501102
v -24.8937263 25.5300732 46.9124031
v -39.3966904 23.6938248 38.2731934
v -29.4898491 36.3261986 30.3794479
v -20.3880348 30.6615772 43.4447327
v -19.1631927 31.9875221 42.5398865
v -17.8928089 33.0934105 41.8835869
v -17.5119572 32.0177689 43.2073669
v -4.0628710 57.8332901 20.4563332
v -47.0853310 22.9693298 29.7065125
v -24.0197659 53.5614166 7.2145209
v -43.9685097 32.5551491 13.9867544
v -25.6769810 47.9305763 16.8475227
v -37.8144302 40.6791801 3.7280147
v -23.7431812 54.8798485 -0.7812842
v -35.3035965 43.3317871 0.2682571
v -55.4862099 23.1554165 -2.1904900
v -55.6107979 23.0281258 2.8825264
v 15.2297764 44.1900444 30.9108257
v 27.0676804 22.9485016 48.6605225
v 19.6615124 35.1164589 -38.8297577
v 16.2798023 29.9520702 -45.8834114
v -8.7335510 20.4586182 -57.5316467
v 46.2940559 21.1362324 -34.1066818
v 41.7104416 32.0993958 -20.6544685
v 30.9464149 44.8834877 -13.4568615
v -15.8805037 43.9510918 -30.8336258
v -25.0557957 25.6283150 -46.7072906
v -14.1415815 52.8390045 -21.6088810
v -23.3409309 32.2308731 -40.1393089
v -32.7245979 23.8516884 -43.9419327
v -29.8025112 31.9718189 -35.9330406
v -36.4374771 20.9524574 -44.7190704
v -54.5679016 23.3721619 8.9705219
v -50.8866577 23.6703949 -20.8140697
v -53.2777023 21.0170460 -21.9698009
v -41.1751060 34.8333740 -15.0137272
v -52.9204407 23.5889072 -15.3079720
v -52.3900642 23.4901772 -17.2366543
v -49.2078285 27.4061451 -14.3796759
v -51.8264694 25.7802677 -10.5669041
v -46.6848183 30.9127464 -10.1489496
v -10.3245754 55.7092400 20.4534550
v -32.4867668 34.9679604 29.1763706
v -26.7588921 43.5191307 22.7705173
v -35.3168068 13.6910906 48.4104118
v -43.1347542 35.4612617 -2.9360318
v -33.3725471 45.2582626 -1.4608164
v -26.5062733 52.0384293 -2.5516427
v 5.0543180 50.4841614 27.7277832
v 9.3566809 45.5718536 31.7102013
v 5.5794797 46.1391373 32.0483551
v 5.3935843 33.5621986 44.7857628
v 14.2070904 21.6594219 55.1613617
v 12.2002077 32.5737686 44.4073563
v 36.5220070 37.7877617 18.3281460
v 44.8310432 27.8439045 23.8780422
v 50.9341354 22.3833618 23.8540649
v 52.3650742 23.4779320 17.2977753
v 46.6509590 29.8289146 14.4154692
v 37.3072395 39.6470222 11.4242010
v 52.7935143 23.9555817 14.4041100
v 29.9106827 47.2425880 9.5833797
v 28.8137550 47.8235664 10.8769875
v 39.8824310 36.0576248 14.9073229
v -2.4480855 1.5800142 59.9120026
v -3.8580072 24.9794521 53.5493164
v 17.1705208 23.1293144 -52.7959404
v 16.9734554 25.5161953 -50.3414001
v 26.5496693 2.7842560 -53.7300720
v -15.3620119 38.8201180 -36.7552643
v -14.5250626 37.0586472 -38.9852676
v -9.9940329 51.8719063 -24.8559952
v -12.7294455 43.0418358 -33.2708549
v -21.9039936 23.7601681 -50.3092346
v -17.7122231 35.7459869 -39.0650063
v -18.7459373 34.2389946 -40.2455330
v -55.7470093 22.6027241 5.8045535
v -44.8278961 33.2889595 7.1116638
v -53.4675407 24.5536194 8.3526621
v -31.0550461 45.4180946 -11.8061504
v -37.1813927 39.1718178 -13.2791204
v -33.4830856 42.7496147 -12.9458532
v 13.0191851 60.0000000 1.7617954
v 11.0677500 60.0000000 4.5335951
v 3.9786911 60.0000000 14.3606091
v 12.2183037 60.0000000 -6.6366730
v 6.8307619 60.0000000 -8.2666101
v -3.5908327 60.0000000 -10.6632271
v -8.3236294 60.0000000 -9.3291140
v -12.2046986 60.0000000 -5.4620523
v 4.4530144 60.0000000 -3.8964188
v 4.9113584 60.0000000 -0.7939171
v -10.1806078 60.0000000 -1.2970836
v -5.8442974 60.0000000 8.6164865
v -8.7235165 60.0000000 10.7739201
v -4.2816591 60.0000000 13.3997030
v 12.2625551 33.9961319 42.9157524
v 31.7776127 42.9680443 16.2057018
v 33.1468277 42.0575447 15.5292492
v -16.8392811 24.1667614 -51.8468285
v -54.8255043 23.5699482 -5.3335724
v -45.7922401 32.6537361 -4.4600921
v 4.2825055 24.0756550 54.3993950
v 2.4475667 37.2203484 41.3662529
v 0.4984077 26.4396172 52.2287598
v -1.1415017 26.4501247 52.2091789
v 1.5669731 27.4928970 51.1419487
v -1.3682946 10.4673185 -59.9119263
v -50.0005989 5.8541265 33.0140648
v 59.8504333 5.7901726 2.7587245
v -47.4201546 0.0000000 -34.2502365
v -55.5097275 0.0000000 5.6343737
v -40.4027252 0.0000000 -40.6036873
v -50.2344742 0.0000000 -22.2351456
v -31.8543854 0.0000000 -49.3612251
v -38.6949921 0.0000000 -41.5244102
v -29.8786697 0.0000000 -46.7143860
v -53.8461876 0.0000000 5.9013925
v -50.5868492 0.0000000 19.4704437
v -47.5149918 0.0000000 26.1716194
v -30.4630089 0.0000000 -44.9314270
v -48.2326088 0.0000000 15.4701529
v -13.5710840 0.0000000 -50.2166100
v -38.2370262 0.0000000 -26.2235641
v -36.9933891 0.0000000 21.1941853
v -46.0305901 0.0000000 8.8611975
v -15.6862507 0.0000000 54.9572601
v -19.1244392 0.0000000 45.0907211
v -2.8661118 0.0000000 -51.0050774
v -32.0739212 0.0000000 22.0771828
v -14.2021923 0.0000000 45.0518265
v -33.1255646 0.0000000 -27.4428101
v -13.8554516 0.0000000 -37.9269867
v -3.1863790 0.0000000 -43.8960953
v -14.6302919 0.0000000 -35.1229095
v -1.5953987 0.0000000 -43.4093361
v 21.3126907 0.0000000 -54.1642418
v -40.2302437 0.0000000 9.3760681
v -18.3496418 0.0000000 33.5377235
v -11.1210079 0.0000000 39.8223572
v 17.0067940 0.0000000 -52.3771973
v -13.9801340 0.0000000 -33.4458427
v 22.9580345 0.0000000 -50.9051323
v 12.1183071 0.0000000 -45.7892876
v 10.2404890 0.0000000 -43.7102852
v -4.6297345 0.0000000 43.9982834
v -38.6933594 0.0000000 6.1255560
v -26.1645241 0.0000000 17.6292515
v -17.5435677 0.0000000 26.0144978
v -7.0163493 0.0000000 35.4514732
v -31.7493629 0.0000000 -22.1874256
v -11.0605927 0.0000000 29.8959789
v -3.8569825 0.0000000 36.0741348
v -5.6107492 0.0000000 36.4128609
v 0.2522080 0.0000000 41.8831940
v 1.6870509 0.0000000 40.2981949
v 11.3438931 0.0000000 -34.9651756
v -29.0635929 0.0000000 -20.4373379
v 14.1024160 0.0000000 -33.1346054
v -22.5967674 0.0000000 16.3577709
v 19.7091637 0.0000000 -34.8292198
v 1.4486892 0.0000000 33.6056862
v 7.2209783 0.0000000 38.1105042
v 2.7269201 0.0000000 35.0228958
v -9.5427418 0.0000000 25.5142708
v -12.0259352 0.0000000 -23.9569378
v 26.1447182 0.0000000 -36.2815056
v 13.9254799 0.0000000 37.1524239
v 0.1591583 0.0000000 28.4597969
v 11.3674374 0.0000000 34.1310692
v 46.8640976 0.0000000 -35.3460274
v -26.4532585 0.0000000 8.9502363
v 18.3316402 0.0000000 38.5119667
v -21.8930359 0.0000000 -18.6761265
v 27.4420929 0.0000000 -28.5665264
v 37.2357750 0.0000000 -29.0146866
v 15.0820417 0.0000000 -25.3138218
v 40.6479950 0.0000000 -28.8957176
v -7.6654873 0.0000000 -19.8679066
v -5.8539662 0.0000000 -20.3868885
v 8.7128181 0.0000000 -21.6807175
v 9.7947302 0.0000000 -20.6254940
v 29.5255890 0.0000000 -22.1916981
v 53.2383881 0.0000000 -24.2229156
v -4.5052595 0.0000000 15.9037371
v 0.4285735 0.0000000 19.2600651
v -2.2735066 0.0000000 15.1131754
v -14.6227303 0.0000000 -15.9759483
v 1.9425520 0.0000000 -17.8276348
v -19.5781689 0.0000000 7.1394453
v -5.9868441 0.0000000 14.8962336
v 14.8948631 0.0000000 24.5305862
v 34.1506805 0.0000000 -18.1964417
v 27.1630363 0.0000000 27.9275398
v -21.7308121 0.0000000 -14.6104822
v -6.9205403 0.0000000 -15.0445862
v -10.4512215 0.0000000 -14.2265167
v 1.0548730 0.0000000 15.6211414
v -24.3690205 0.0000000 -12.3472319
v 9.0787153 0.0000000 15.2428665
v 16.7953968 0.0000000 20.3956203
v 24.4606056 0.0000000 -14.2489367
v 18.0023479 0.0000000 18.9429665
v -28.2962322 0.0000000 -11.2525387
v 23.0100441 0.0000000 19.8733635
v 33.3802147 0.0000000 -10.3395805
v 21.1641159 0.0000000 14.9651575
v 26.4473400 0.0000000 18.0455303
v 31.4869995 0.0000000 -9.1458845
v 32.2222137 0.0000000 -7.3328505
v -28.8512135 0.0000000 -9.2686319
v 40.3506851 0.0000000 -8.3217840
v 27.5645790 0.0000000 15.1538715
v 34.1353416 0.0000000 15.7559729
v 22.9782047 0.0000000 9.6528034
v 24.6293640 0.0000000 10.9311886
v 12.6886511 0.0000000 2.4135468
v 28.3624325 0.0000000 6.0627189
v -35.2695656 0.0000000 -7.2855582
v 52.6287689 0.0000000 8.2183943
v 46.1847839 0.0000000 7.6440344
v 4.5531273 0.0000000 -2.3396325
v 58.3208504 0.0000000 6.3915963
v -24.0092354 0.0000000 -7.1161423
v -4.2825990 0.0000000 -4.8454299
v 34.7426910 0.0000000 -1.4218024
v 37.7877426 0.0000000 0.1299754
v 53.7220459 0.0000000 -1.5186768
v 50.7690239 0.0000000 -4.9692545
v 23.5820637 44.4634056 24.7600365
v 33.6777687 28.5154839 37.1576653
v -5.0587816 41.6966629 -36.6282883
v -1.3039628 50.7611771 -27.8922195
v -1.2760912 52.1462173 -26.5021820
v -19.6836243 45.6396904 26.4869709
v -35.1651382 28.0080547 36.4914017
v -35.3882217 23.5878334 42.1799278
v -29.8562088 31.1312561 36.9853287
v -32.6971016 30.0272713 36.0295334
v -11.3224545 41.1129112 35.7832184
v -14.9108496 23.8634224 52.7013588
v -47.7752991 29.3089809 12.4243431
v 11.3206024 45.1309471 31.5606136
v 44.2433243 22.6319351 34.3552208
v 29.9035892 42.0838013 21.0658512
v 20.4904900 50.3051109 19.5325699
v 26.9997673 41.9076767 24.8828163
v 31.9597607 29.2822590 37.6451683
v 30.8998604 23.6609306 45.4584427
v 21.5283508 37.0659180 35.5720100
v 19.3851852 42.3208771 30.7271233
v 22.9294415 35.3896408 -36.6983681
v 24.2106686 37.5714340 -33.2084961
v 22.4692497 38.5959435 -33.1655045
v 23.4235306 38.9680061 -32.0533943
v 32.9963646 38.9997025 -21.9907970
v 36.4878311 33.9989967 -25.7719193
v 28.9184151 49.5812378 -2.9279130
v 31.8272419 46.5554237 -4.1203389
v 32.9566574 45.2746429 -5.2136464
v 37.9638901 39.8451462 -8.1350307
v 36.7266655 40.9736099 -8.5066509
v 35.8771133 41.3610725 -10.1810226
v 37.2920723 40.0423775 -10.0480824
v 38.9575119 37.9678154 -11.7174225
v 44.2672234 32.0476608 -14.5437546
v 19.5582085 57.1711884 -8.7239017
v 47.4892960 31.0588512 3.0362811
v 56.7198830 21.3031235 -8.6360188
v 49.7372894 27.8466854 10.2141609
v -34.1444702 38.5796928 -20.9252205
v -24.8214474 47.4754372 -18.9006233
v 5.2529998 39.9551888 -38.3848190
v 6.3913474 27.9991570 -50.2837410
v 3.6420503 26.7473431 -51.7687073
v 3.4196432 29.0633926 -49.4657784
v -25.1401291 38.3218880 -31.5628262
v -22.4468899 37.4607544 -34.5434418
v -25.5952892 45.5859680 -20.9576874
v -45.9265137 21.0273438 -34.7768936
v -47.2740707 20.9018040 -33.1756516
v -40.0324059 23.6797733 -37.6656380
v -37.8563728 26.9777241 -35.1780090
v -26.2711239 33.3194313 36.9480286
v -31.4402847 23.2084236 45.6528625
v -26.5324688 41.6567001 25.7598686
v -7.8093786 22.9216595 55.1787910
v -7.1055317 35.7165527 42.3624115
v -5.5474310 36.4887352 41.8328705
v -39.9038963 28.8587914 29.7564583
v -30.4976978 39.8085670 24.0679989
v -29.2350731 41.2162361 23.3947792
v -36.9449501 39.0951767 14.1281071
v -30.3745956 45.9984016 11.9417620
v -37.5884552 38.0103340 15.4571428
v -41.8694267 33.1573601 17.8066044
v -37.6349525 35.8230820 20.4909935
v -36.7303925 37.6601334 18.2128773
v -35.7191238 38.8118820 17.6565418
v -38.7700233 34.4432869 21.2909508
v -28.2477341 50.0773392 4.3552418
v -30.3938046 47.9391403 -4.4584966
v 15.3702497 37.5573692 38.1067924
v 2.2674780 52.6120110 25.9465904
v 27.9865875 36.3037605 31.8385620
v 30.1668358 8.5509729 51.7698708
v 18.7058563 33.3812866 -41.2294579
v 19.7240829 32.4248543 -41.8089943
v 19.7739582 49.3056297 -21.6849632
v 40.1228638 28.4112511 -30.2361546
v 34.4680634 38.4692574 -20.6314411
v 27.1568241 43.1874886 -22.8076916
v 34.9910698 33.3058281 -28.8545341
v 32.9275398 30.1444511 -35.6513519
v 29.2315159 31.6954079 -36.7625580
v 34.3659859 29.7505360 -34.8018456
v 23.8050308 46.3448296 -21.8154163
v 22.6076622 47.5072174 -21.3966484
v 29.8543396 37.7775383 -27.9093533
v 34.9242630 32.1344261 -30.7260799
v 38.0058365 40.4045715 -4.4705868
v 55.9286385 21.7809734 -10.4031992
v 38.5285835 40.1026077 -1.1588649
v 52.6862793 25.8718834 -3.4656749
v 37.9024925 39.5995712 9.3404408
v 38.5591164 38.5934677 10.8632021
v 43.7168083 33.6765060 10.4797182
v 46.2726936 31.0315094 11.1658812
v -49.6529999 21.0084171 -29.2495213
v -44.3205299 26.9861050 -26.5082455
v -30.4933853 44.6002235 -15.1464500
v -44.6498413 28.1090450 -23.6979504
v -26.8038807 47.1618347 -16.4685307
v 7.1822114 45.6787567 -32.2161026
v 5.0124269 57.7316551 -20.3131199
v -4.9141307 46.2144508 -32.0806084
v -5.5003839 45.0642014 -33.1523132
v -3.9301233 45.3355522 -33.0996017
v -6.9469299 40.8820419 -37.1429138
v -5.2333293 40.4213715 -37.8900223
v -4.2513852 49.5427628 -28.8122158
v -21.3141060 46.6084824 -23.9032898
v -33.6442795 30.8350620 -33.9938240
v -25.9941025 42.5041847 -25.1181946
v -29.7276001 39.3376923 -25.7537842
v -25.7668648 44.5904770 -22.2883301
v -24.3162479 23.7652206 49.2019768
v -23.5300980 25.0194302 48.1942978
v -37.1839180 25.7769566 37.5987091
v -18.0377274 34.2175980 40.5989571
v -16.2380104 38.8793449 36.2981186
v -16.7882004 42.3424301 32.1990967
v -11.2829113 45.3697433 31.3093548
v -2.5091753 50.9962578 27.5705395
v -43.5061417 27.8224602 26.2734203
v -43.7695389 28.5318203 24.4692268
v -38.8173866 39.0780220 7.7390566
v -45.7434769 29.8238106 17.1192856
v -47.7910957 28.2045708 16.2051697
v -51.0769882 24.3778591 18.3642273
v -39.6192627 32.3046646 24.0558300
v -28.4132347 50.2136269 0.7400389
v -38.0680580 40.5688972 0.2816118
v 40.7741852 31.4774113 23.6634121
v 36.1813316 37.2663574 20.0358791
v 17.4088402 45.2144127 28.5479794
v 21.6452827 26.7704620 47.1521645
v 19.2245293 7.6970406 56.7439537
v 25.6173000 24.8432064 -47.2990913
v 23.6510792 28.4756050 -44.2358322
v 16.3561497 37.3973503 -37.8828697
v -3.9912026 30.7448101 -47.7483597
v -2.4501231 32.6657372 -45.9163971
v 23.7847767 51.7637825 -12.4528675
v 45.5090332 27.9640961 -22.2908134
v 43.0696449 29.1002235 -24.5095978
v 18.9441147 26.4884186 -48.5763245
v -24.0203457 27.7013721 -44.9134216
v -17.3876820 45.5555038 -28.1867733
v -10.6961756 52.9607964 -23.3309822
v -32.8366585 24.8884525 -42.5742416
v -31.6355476 24.9324074 -43.3956604
v -39.8469772 34.8044052 -18.2578411
v -38.1599464 37.4372635 -15.5538273
v -46.8496971 28.8731861 -16.8152428
v -56.0642357 21.1090355 -12.9242029
v -51.5033455 25.6806374 -12.4675741
v -35.4122086 31.5009842 31.1110611
v -31.8642559 37.5270691 26.0248661
v -35.0546494 11.9578962 48.6097069
v -30.6140022 41.5466080 20.9569988
v -38.3144112 40.1986656 -3.4969332
v -30.9006538 47.6374435 -2.8918777
v -45.5652084 32.6805115 -6.2671142
v 9.1509275 38.1763229 39.4312630
v 13.5605583 27.6870747 49.0926399
v 13.4492970 29.0512924 47.7093697
v 15.4687386 21.9969654 54.4524460
v 42.5990143 28.5040283 26.4145374
v 17.8223553 57.2753220 11.7443256
v 45.3313179 28.2179890 22.0940304
v 17.5104561 27.6121464 -47.9232254
v -17.8186817 33.2613297 -41.7391815
v -14.8110800 34.7921410 -41.3002777
v -16.9164124 32.3094025 -43.1514282
v -15.2528706 32.5020409 -43.5750237
v -15.8237791 30.3491516 -45.6613121
v -13.0600166 9.9082518 -58.4715309
v -21.9047585 38.6499329 -33.4788322
v -22.4373951 26.0457249 -47.5558167
v -20.7463703 28.3531036 -45.7983131
v -41.4860687 37.0391731 3.5897162
v -41.4673615 37.1653481 1.9751022
v -40.1440125 37.9931030 6.5716329
v -42.5398216 35.6697807 6.3081369
v -52.3469696 25.7350368 7.8649449
v -27.7838993 41.6462555 24.4333534
v -26.1375332 44.7019691 21.6823254
v 8.0839844 60.0000000 8.1518478
v 6.2572241 60.0000000 14.3714647
v 9.2536736 59.9985085 13.2012243
v -0.3485698 60.0000000 -14.5338364
v 3.7480907 60.0000000 -12.0571232
v 5.9597073 60.0000000 -6.9467359
v 0.8810089 60.0000000 -7.7470894
v -2.2741206 60.0000000 13.4992714
v 2.8391919 60.0000000 6.9448056
v 10.3867197 32.2105598 45.2784233
v 6.8645406 29.0062714 49.1776581
v 43.3841629 31.2154274 19.1836090
v 25.4258423 49.3434677 14.5130272
v 50.6589966 21.0904121 27.2954483
v -46.0043602 32.5977478 -2.9017055
v 2.5852721 41.1687431 37.4042549
v 2.1553929 43.2680550 35.3325996
v -0.1738569 44.7615547 33.9443779
v -0.2485672 43.7466049 34.9560966
v 0.9021860 5.1694031 -59.9119987
v -7.1928139 53.2207756 -24.3837452
v -8.4670477 30.2545872 -47.6647987
v -44.4952583 0.0000000 -36.2464142
v -44.4347458 0.0000000 -32.9892426
v -27.1965084 0.0000000 -51.9903107
v -48.8999405 0.0000000 19.1063938
v -45.0806274 0.0000000 30.4281693
v -41.5809555 0.0000000 31.2654552
v -52.2223473 0.0000000 4.8687148
v -35.2008324 0.0000000 -36.2197838
v -55.1942520 0.0000000 -2.8529539
v -30.3609905 0.0000000 -36.9088516
v -38.0039024 0.0000000 24.1315460
v -31.7288933 0.0000000 -33.6567955
v -28.8104210 0.0000000 37.4907494
v -25.0450344 0.0000000 -37.0239601
v -36.1872635 0.0000000 24.1730843
v -26.9027328 0.0000000 38.2489128
v -20.6522884 0.0000000 -37.5794449
v -32.8128891 0.0000000 24.0047646
v -25.6445351 0.0000000 -33.7932167
v -3.5049057 0.0000000 -47.5374527
v -28.0086060 0.0000000 30.2784328
v -27.6462936 0.0000000 28.3778229
v -28.8008022 0.0000000 26.9654121
v 2.5569160 0.0000000 -48.6287766
v -21.4757309 0.0000000 32.3096008
v -11.4436483 0.0000000 47.2001953
v 5.9827394 0.0000000 -47.3530197
v 7.3629942 0.0000000 -48.4619560
v -26.0943203 0.0000000 23.2879696
v -40.8923378 0.0000000 5.7533817
v -46.4763107 0.0000000 2.4498322
v 5.7880535 0.0000000 -40.5785637
v 15.2702742 0.0000000 -44.9893532
v 1.6607460 0.0000000 -37.1018829
v -4.0888119 0.0000000 -35.6717834
v -0.0887968 0.0000000 -32.4913101
v -16.5980759 0.0000000 24.4286957
v -12.9374475 0.0000000 -27.1634102
v 2.8013496 0.0000000 38.8855400
v -1.3302429 0.0000000 32.5178223
v 37.9424744 0.0000000 -41.4893723
v -0.6514631 0.0000000 -26.6348724
v 12.9208145 0.0000000 38.2949829
v 26.1610298 0.0000000 50.4731369
v 26.2991848 0.0000000 -34.2668076
v -2.4141049 0.0000000 -25.3898144
v -8.6696711 0.0000000 20.3984890
v -6.7414918 0.0000000 24.1922569
v -0.8441072 0.0000000 -25.0712509
v -10.3320255 0.0000000 20.2821198
v 43.4697304 0.0000000 -34.7319031
v 22.6053066 0.0000000 -28.3263435
v -10.2944632 0.0000000 17.3320274
v -5.0923095 0.0000000 20.5508575
v 37.2034531 0.0000000 -27.0179977
v 9.2480621 0.0000000 25.4392738
v 34.3413696 0.0000000 -26.0309906
v 50.3187675 0.0000000 -28.3103352
v 3.4699326 0.0000000 19.8107471
v 49.7911377 0.0000000 -23.7122974
v 16.6663570 0.0000000 23.6335335
v 39.4746437 0.0000000 35.6334419
v 39.4231453 0.0000000 37.4915543
v 6.1668878 0.0000000 -16.2958241
v -4.2159562 0.0000000 13.9552784
v 8.7773561 0.0000000 -13.8809843
v 4.1403947 0.0000000 -13.6141977
v 45.8958206 0.0000000 33.9458122
v 3.3284266 0.0000000 -11.9670773
v 1.7046856 0.0000000 -12.3993807
v 2.1420610 0.0000000 12.9473934
v 20.7483654 0.0000000 -11.5135384
v 33.1699562 0.0000000 -8.8023052
v 7.9766736 0.0000000 -10.1148729
v 3.2452016 0.0000000 -9.9170742
v 1.6809809 0.0000000 -8.9492207
v 55.1513062 0.0000000 -6.3334799
v 53.2019730 0.0000000 20.1982613
v 50.0108833 0.0000000 19.1005859
v 21.9687061 0.0000000 6.7432508
v 5.2983923 0.0000000 -0.7295966
v 6.0697861 0.0000000 0.8603930
v 25.1522064 0.0000000 4.6267209
v 25.2454529 0.0000000 -0.1334932
v 43.0114861 0.0000000 3.1099010
v 39.2474251 0.0000000 3.5224571
v 1.8387926 0.0000000 -5.3091264
v 0.1151347 0.0000000 -6.1377707
v 0.0793660 0.0000000 -7.9578753
v 39.3412514 22.4622822 40.1292648
v 16.1471100 55.4476547 16.6189651
v 21.7162800 46.6101494 23.5881157
v 40.8550529 21.9855461 39.2479019
v 38.6085243 20.5480728 43.3736839
v 29.5116692 35.6670418 31.2922077
v 28.8057384 14.8270807 52.5884132
v 43.2281418 32.3456573 -16.6455555
v 46.6505051 29.9477539 -14.0158777
v 47.5271950 28.9177570 -14.6495934
v -2.6629918 31.4378204 -47.1317558
v -3.9013338 36.9378815 -41.5549850
v -4.6337395 50.7695961 -27.5112915
v -3.0049493 51.5114822 -26.9838963
v -43.8690567 25.8075409 -29.4569836
v -44.5607986 21.2990952 -36.1225471
v -40.8463173 25.2158051 -34.5125160
v -14.8651094 55.5099106 17.7040710
v -14.5980864 53.3427849 20.6504955
v -10.6263866 57.5988312 18.1766949
v -15.2703085 56.2222748 16.4011383
v -16.4507732 55.2023087 16.6772480
v -16.4300766 46.3311806 27.8458347
v -15.6048994 49.9647980 24.0752010
v -14.1441011 50.6446838 24.1863365
v -11.6690044 55.0823822 20.4783440
v -7.5219154 51.1045647 26.4853439
v -12.5299311 36.7673492 39.9632072
v -23.0024090 54.7197266 6.5705662
v -31.2060871 46.3999367 8.1364470
v -31.8420010 45.5125160 9.2799225
v -26.3324394 51.6738091 5.7689595
v -25.5878963 52.0699348 7.1884122
v 18.3619423 22.8616600 52.6940613
v 40.2314720 30.1672688 27.0802803
v 18.2908840 55.3707390 14.4232244
v 39.6581688 23.2533092 38.6651917
v 33.2081184 34.3271523 29.3617744
v 31.7111111 35.7357597 28.8929596
v 34.7152748 22.0557499 44.7253685
v 33.7624054 23.3662853 43.8041039
v 29.1843357 29.7388496 39.2636566
v 25.8476295 36.2334366 33.6370964
v 27.2782516 35.5652390 33.3637314
v 33.1155777 22.5321026 45.3116913
v 20.7048340 40.2519722 32.3426781
v 33.0451584 21.9365692 -46.1048279
v 16.0379333 49.1505241 -24.7827320
v 13.8926449 54.3302574 -19.9535141
v 12.8626661 56.4680824 -18.0560760
v 32.2277184 38.5767097 -23.8388805
v 42.8372383 22.9283466 -35.6425896
v 28.3521576 41.9211273 -23.3522339
v 21.3228416 52.3190231 -15.4628859
v 48.9077530 27.9684143 -13.4105453
v 49.7140579 26.7876873 -14.8175516
v 32.2646561 45.1502151 -9.0063229
v 37.7628403 39.1101952 -11.7029619
v 45.4547577 29.8902988 -17.6931591
v 46.7736778 28.7364216 -17.4480667
v 48.6560669 29.9554977 1.9254231
v 38.3106117 40.2483292 2.5833094
v 56.2204094 22.1501179 5.3144660
v 57.4455681 21.0232601 -4.5268440
v 58.2872849 19.9904232 -6.3174081
v 47.8403816 30.3457756 -6.8477106
v 43.0265846 35.5741272 -2.3056500
v 57.7402611 20.1908035 9.1574125
v 35.4656487 43.0379486 3.1628666
v 30.0559978 47.9661751 6.0719686
v -8.1721373 60.0000000 12.5999203
v -6.2897935 60.0000000 13.0518436
v -2.9759727 60.0000000 9.0367479
v -17.2302704 57.4116554 -12.4202232
v -34.3004074 36.4031487 -24.6817093
v -39.0052605 31.6802158 -26.1650963
v -32.7879181 39.2042084 -21.9129276
v -32.2964706 40.7705688 -19.7457085
v -43.4381371 26.8309917 -28.2320766
v 4.5873399 38.7323990 -39.6893311
v 3.9862149 37.6405220 -40.8378868
v 7.4921570 22.5518246 -55.6077423
v 8.1613579 21.2018204 -56.8633766
v 1.6371174 23.7168636 -54.9223442
v 3.3524816 22.8046951 -55.7298584
v -5.5212150 21.2183704 -57.1877365
v -5.3767786 32.9882202 -45.3715935
v -6.8230062 36.3547592 -41.7623215
v -9.5629597 31.0269775 -46.6843338
v 3.5094435 46.4831657 -31.9975262
v 5.0593929 45.6500969 -32.6557922
v -39.3938560 28.6355896 -30.8278160
v -34.7155380 29.4824047 -34.8361626
v -18.2838840 45.3991280 27.7793236
v -22.8805771 38.1943016 33.3723450
v -27.5621510 26.4980450 44.2962646
v -26.2312431 26.0922928 45.5571518
v -32.3892593 19.8491402 49.0547981
v -18.2683392 52.7364349 18.3545265
v -24.1270199 43.9798012 24.9058647
v -13.1745720 40.5494766 35.7496185
v -8.7947140 23.6739521 54.2597084
v -10.6897278 23.3598671 54.2680168
v -4.3857284 45.6220207 32.7751770
v -10.6590023 36.4400597 40.8392372
v -45.6577568 20.8405895 35.4315643
v -56.5766449 20.4904270 13.4579906
v -47.0312157 27.3856239 20.4063282
v -52.9664154 23.5901585 15.2270765
v -51.6192894 21.1947498 25.2136307
v -19.8564281 56.5879478 9.6101761
v -23.6734066 51.8870735 12.4937096
v -43.0007133 29.9223785 23.0000057
v -30.3633785 47.8349152 5.2797532
v -22.0414867 56.2169762 -4.0428801
v 55.8796539 21.2328568 13.0556498
v 14.3842859 40.8843575 34.9183655
v 18.0093899 28.0868607 47.2460289
v 14.1030998 38.6147308 37.4822311
v 17.4044533 38.8887291 35.7568817
v 10.1850910 50.8512573 25.8806362
v 25.2208538 28.9492435 42.8126907
v 3.6537740 34.3162956 44.1945992
v 5.1830082 34.9039307 43.4620514
v -0.0759408 57.9637489 20.7275009
v 21.3963833 45.4375534 25.4141331
v 22.8326569 44.1336136 25.9308796
v 15.9486265 47.5744247 26.6739883
v 25.8807926 4.8302665 54.0395203
v 35.8367996 6.7382631 48.0151253
v 22.6767311 34.0257301 -38.4556770
v 26.1392956 21.5424232 -50.7591743
v 25.2726002 22.5681267 -50.0533867
v 10.0398989 56.3240623 -19.9205456
v 6.5672989 52.6927147 -25.1177292
v 7.7049503 54.9665756 -22.3671799
v 35.6531830 21.7745171 -44.3074112
v 1.6324254 35.0526085 -43.5840225
v 43.4699287 23.4887333 -33.9399147
v 39.0082970 29.7121868 -29.5530891
v 36.3059502 32.0178261 -29.2694798
v 35.9183540 37.1194420 -20.8495064
v 18.5814152 57.2054672 -10.5713339
v 43.6066055 21.7278728 -36.5978279
v 14.9009991 56.8461914 -15.8926277
v 23.8860016 44.1588326 -24.8843498
v 16.6828251 55.7215347 -15.6777811
v 15.7865839 58.0205956 -13.2478924
v 26.3319626 45.1472893 -20.7348843
v 20.8901424 57.7243195 0.9294890
v 35.6376038 41.9244270 8.8189096
v 27.4852314 50.3648949 6.5949411
v 20.6578655 56.5496902 7.7483411
v -42.0285683 29.2576065 -25.9020710
v -50.8451614 20.3950768 -28.4131832
v -41.9484482 31.2936821 -22.0018196
v 10.5982161 37.7784195 -39.4856262
v 11.2940216 25.9665070 -51.4823761
v 11.2455091 21.5758915 -55.9568634
v 11.0732203 40.1520767 -36.8808174
v 14.8908224 21.2368507 -55.4266853
v 5.8665195 33.5790863 -44.7333450
v -4.5433736 52.2487373 -26.0194397
v -12.3044949 27.4506187 -49.7187691
v -15.1020918 55.5332832 -17.4693832
v -32.1350327 31.5020218 -34.5118904
v -16.7368202 54.5921783 -17.2542782
v -18.1176643 54.6808968 -15.6654148
v -39.2275085 38.3931389 -9.3626251
v -31.9421387 45.5290184 -8.7856607
v -35.0652847 32.8647308 -29.4866905
v -16.9314137 56.6751404 -13.9951801
v -31.4012451 20.9492512 48.3999214
v -28.7961597 27.8774319 41.8124657
v -26.7225437 30.2175159 40.3938408
v -28.3585320 30.2583694 39.2219315
v -23.7095394 22.6835995 50.7071686
v -20.0777130 38.0674782 35.2816734
v -9.5831308 56.7282524 19.6777229
v -15.7101536 57.5341835 14.0759974
v -40.2056236 20.7890263 41.6616478
v -17.1976089 56.4122810 14.1062193
v -22.3282585 25.9044895 47.7928047
v -18.6917553 30.8522854 43.9774361
v -17.5273018 37.6473122 37.0633163
v -0.1509571 55.8379860 22.8724174
v -45.5864182 32.2344933 8.7857265
v -39.9130287 37.8860054 8.3042421
v -37.5116768 40.0087967 9.2733402
v -21.8756008 55.6094933 7.1770997
v -23.0175724 51.7790718 13.8467159
v -32.0494576 40.9100609 19.9447079
v -48.6775093 20.7506199 31.3426495
v -52.1830521 26.4573765 2.1910090
v -38.9794579 39.4731483 4.1334038
v -21.3361988 57.2705688 -1.5284680
v -37.0751534 41.5566444 -1.2854753
v 32.3554230 40.4749146 20.2224693
v -0.4478250 21.8210716 56.8444290
v 17.7526054 40.2024155 34.1124191
v 26.3437500 25.7292519 45.8860321
v 28.6893234 22.2841034 48.4997559
v 27.7278290 20.9674301 -50.5594673
v 14.6963243 30.9423046 -45.3844185
v -11.8119802 38.2583504 -38.6461868
v -4.3829026 22.0320377 -56.4377823
v -0.2596250 54.3061256 -24.3951359
v 47.3757515 21.2378139 -32.4597130
v 50.1377144 21.5355091 -27.4330788
v 42.9504814 28.3016205 -26.2420807
v 54.5972900 21.3707409 -17.2631207
v 41.6089821 33.4115181 -17.7672024
v 43.2974014 30.4633808 -21.1268196
v 50.3710480 22.5259457 -24.7170429
v 38.1306839 36.3552132 -18.2799892
v 34.6339760 39.6510773 -17.9260731
v 37.2563820 36.5869064 -19.5447865
v 23.2169323 20.8738060 -52.9046822
v -25.9714565 21.3369999 -51.0630035
v -10.1689644 56.6981888 -19.4290524
v -14.1136532 47.5074883 -27.7429123
v -26.3591347 23.3937950 -48.5438690
v -14.3328190 46.1669273 -29.1270275
v -7.0556459 44.8879585 -33.0254478
v -36.9091988 22.4545803 -42.3489456
v -35.9221649 22.1935978 -43.5347137
v -38.1511688 22.0953808 -41.7506332
v -39.4485970 21.9328442 -40.7819862
v -50.1289062 27.6460876 9.4739571
v -44.2366257 30.5667534 -18.8105278
v -36.7170715 37.6257858 -18.3027935
v -38.2456131 37.9434967 -13.9574528
v -49.6483345 25.9043064 -17.7910023
v -36.7584190 29.0437641 33.2668076
v -34.7076836 32.7460098 30.0390511
v -49.4652824 29.0600796 -3.8926027
v -35.2637978 43.3252487 -2.5603282
v 4.4194007 55.6806831 22.5553722
v 6.5308132 45.0943222 32.9316368
v 15.4746952 30.6666451 45.4312019
v 13.1469374 35.0851364 41.5346718
v 12.7481174 39.6598625 36.8596916
v 49.0202675 20.7176952 30.8430271
v 49.4571915 21.9788227 27.6124153
v 32.6389999 41.0626068 18.5852146
v 28.1225281 45.6156693 17.2831669
v 49.6297455 23.2289124 24.6647987
v 22.9517632 52.6593475 12.1433153
v 43.1885529 33.1301384 14.3765755
v 55.1817017 20.8612061 17.1133003
v -1.2110212 13.0371084 59.9120026
v -4.9860392 28.5906887 49.8650284
v 9.2916164 50.5161896 -26.5334415
v 14.1348553 41.0051270 -34.8786583
v 12.8077173 45.3694687 -30.7117882
v 16.2662163 32.7586594 -42.8919563
v -16.8829136 38.9975433 -35.8619728
v -10.8770037 47.7890663 -28.8975353
v -18.4681759 24.1034679 -51.3382607
v -22.6306019 24.6400986 -49.0139618
v -31.2165928 22.2468777 -46.9630508
v -29.6037560 22.8191223 -47.3497276
v -18.8667870 36.5880280 -37.5738907
v -54.9963951 23.4697876 4.6973896
v -23.3538532 55.2122879 2.2631021
v -32.3473663 44.6421852 -10.4732924
v -53.5433769 13.7264357 -26.9119644
v -20.8215733 50.5995865 18.7687740
v -18.9272881 53.4385948 16.6307659
v -49.8375053 28.3539257 -6.9856763
v 14.7719107 59.9995422 7.2247481
v 12.7527456 59.9705963 11.9577332
v 4.6082783 60.0000000 -10.4146624
v 1.9577969 60.0000000 -9.1463881
v -5.2349701 59.9999008 -14.8072910
v -6.3697100 60.0000000 -13.3918018
v -6.8489265 60.0000000 -10.4081392
v -10.1588478 60.0000000 -10.1696615
v -11.2669191 60.0000000 -6.9954414
v -15.1440353 59.9999886 -3.2158356
v 7.3897686 60.0000000 -3.0196528
v -0.2451084 60.0000000 0.1328748
v -14.6813698 60.0000000 3.2754207
v -13.0851345 60.0000000 4.4757152
v 2.6418312 60.0000000 3.3833537
v 5.8150382 60.0000000 4.4589119
v 7.4166112 48.2068672 29.5078564
v 7.4574590 43.1040192 34.7719193
v 10.7528677 21.9497375 55.6658058
v 11.9428291 20.8352070 56.5929070
v 8.7365561 34.5198097 43.2899513
v 41.7039337 33.5431786 17.1629829
v 35.5598297 38.9931107 17.5615826
v -13.0848093 22.6554699 -54.4681244
v -13.0501575 30.6471615 -46.2087860
v -6.1966043 57.6857872 -20.0137405
v 59.2002716 9.3162298 9.2198963
v -48.1292915 30.3068867 -4.6582007
v 4.6360173 21.4054565 57.0476761
v 5.5187950 24.7683239 53.6262741
v 6.4719143 20.6751881 57.6523514
v 6.2204967 27.8809299 50.4133644
v 2.0649395 51.2852592 27.2991524
v -5.3592439 53.4966583 -24.5690384
v -58.1945763 0.0000000 -4.8628554
v -54.9873123 0.0000000 -19.3948631
v -49.2613373 0.0000000 -29.0809212
v -46.6106758 0.0000000 -27.9479847
v -38.7281723 0.0000000 -39.6741180
v -44.6676331 0.0000000 37.9428596
v -23.2374992 0.0000000 -53.8678055
v -50.2045135 0.0000000 14.3218746
v -18.8655777 0.0000000 -54.4448128
v -37.4524155 0.0000000 44.5880470
v -55.4631805 0.0000000 -14.6433496
v -43.0332336 0.0000000 29.7363911
v -15.4084549 0.0000000 -55.0967102
v -13.7326145 0.0000000 -55.6085243
v -24.0680408 0.0000000 -45.3457375
v -35.0157318 0.0000000 34.3726959
v -37.1709709 0.0000000 30.7972393
v -35.0189590 0.0000000 36.3114662
v -27.0848770 0.0000000 50.2469673
v -52.5581474 0.0000000 1.6378881
v -23.2243996 0.0000000 -39.5329819
v -0.2298583 0.0000000 -58.2563362
v 2.3718843 0.0000000 -57.0995331
v -46.5062561 0.0000000 -22.6293793
v -45.4497833 0.0000000 -21.1455154
v -2.3525262 0.0000000 -52.6612282
v 5.9108992 0.0000000 -56.8050003
v -14.6143217 0.0000000 53.4242897
v -9.5417633 0.0000000 55.0748711
v 10.9109745 0.0000000 -54.5329628
v 11.5825920 0.0000000 -56.2067719
v -44.6113510 0.0000000 7.4558721
v -33.8291168 0.0000000 22.3918037
v 19.5223064 0.0000000 -54.9215698
v -21.6856098 0.0000000 -30.9264984
v 22.1949959 0.0000000 -52.4478645
v 24.9387531 0.0000000 -50.2080383
v -24.6250629 0.0000000 22.5761967
v -21.4612484 0.0000000 22.5722637
v 29.2525902 0.0000000 -47.1626091
v 32.6158600 0.0000000 -45.0404778
v 16.3158035 0.0000000 55.7040787
v 15.5320187 0.0000000 52.6301384
v 13.5182962 0.0000000 52.5657425
v 23.5258942 0.0000000 -38.4855995
v 35.4841614 0.0000000 -43.3772964
v 36.0422401 0.0000000 -41.5633354
v 34.9737473 0.0000000 -40.0372772
v 22.2915344 0.0000000 -37.0388794
v 22.9057961 0.0000000 51.9689178
v 10.1224842 0.0000000 44.4034119
v -4.4413834 0.0000000 -25.6900177
v -36.6567574 0.0000000 -16.3937397
v 40.3049850 0.0000000 -36.0508728
v 15.6176186 0.0000000 -30.5766640
v 45.5695343 0.0000000 -36.7685432
v 30.5765362 0.0000000 45.4250336
v -20.8492851 0.0000000 11.4226532
v -28.2449188 0.0000000 -17.3585453
v -18.6777992 0.0000000 -18.3506336
v 8.7368155 0.0000000 -25.0481300
v 22.3733826 0.0000000 36.8599205
v 32.2157288 0.0000000 42.9010010
v 32.2134476 0.0000000 41.0770226
v -23.8956890 0.0000000 7.0618820
v 33.8898582 0.0000000 42.0748520
v 47.4553070 0.0000000 -28.5846062
v 37.2492371 0.0000000 40.0375557
v -7.5364494 0.0000000 -17.9228878
v -11.1813822 0.0000000 -18.7487583
v 17.3228340 0.0000000 -22.0597916
v -16.8751469 0.0000000 8.7517357
v -7.5815139 0.0000000 15.6416607
v 22.8476181 0.0000000 30.5152664
v 34.2323608 0.0000000 -22.0108509
v 42.0916519 0.0000000 -19.9780560
v 50.3372726 0.0000000 -19.8484173
v 46.2039642 0.0000000 35.8721848
v 51.4874611 0.0000000 -18.9906960
v -5.6752501 0.0000000 -13.7452316
v 52.5864372 0.0000000 -16.2004280
v -36.1139297 0.0000000 -1.8529370
v 30.6517181 0.0000000 22.9591827
v 44.4632568 0.0000000 29.3207932
v 10.7812634 0.0000000 15.3994055
v 43.1465492 0.0000000 28.3373089
v 1.6428653 0.0000000 -10.7913361
v 52.3370056 0.0000000 -10.8518353
v 34.9048271 0.0000000 19.6417427
v 27.3718891 0.0000000 19.8662224
v 56.1192856 0.0000000 -7.9876976
v 53.4377861 0.0000000 -6.1369205
v 46.1028099 0.0000000 -4.9521875
v 48.0069122 0.0000000 -5.8191600
v 49.6270905 0.0000000 21.1008415
v 53.3702316 0.0000000 25.2717781
v -13.1198349 0.0000000 0.3966280
v -5.9940042 0.0000000 1.3902276
v 2.3136759 0.0000000 4.3127446
v 8.8355274 0.0000000 8.1271162
v 38.3701477 0.0000000 12.5107059
v 55.2669907 0.0000000 11.5766439
v 4.2115512 0.0000000 1.8569682
v 52.7390747 0.0000000 6.3745675
v 53.1927032 0.0000000 2.8779676
v -16.7900085 59.9980278 1.1804237
v -7.6927962 46.0134201 31.7357330
v 5.8938947 17.5758514 59.5916901
v 58.0054741 17.9995804 14.7773046
v 23.2903271 18.3410892 -55.0792618
v -11.3875227 17.1213856 58.8380661
v 35.9942627 5.9879899 -47.8954239
v -35.0809364 6.7639384 -48.5897064
v -20.3837242 0.0000000 -39.1959839
v -28.8138485 0.0000000 36.0847015
v -8.7648087 0.0000000 34.5727882
v 20.8957443 0.0000000 30.9395561
v 39.2594719 0.0000000 34.0809593
v -20.6609344 0.0000000 5.7066073
v -22.3495922 0.0000000 -6.4892759
v 38.2948952 24.5746117 38.1785011
v 29.8354530 48.7082443 2.4799168
v 30.0744038 48.2599297 4.3050461
v 1.3710196 58.9186859 -19.6908760
v 2.9492483 50.0474739 -28.4652538
v -4.8109732 48.6004486 29.7121487
v -43.8024712 30.6749554 19.5637341
v -16.1986027 59.9974823 4.0649076
v 29.4810772 1.4803888 52.1824074
v 33.6956978 44.9599304 0.0786646
v 39.6663094 38.9913177 0.0101331
v -51.8358345 17.6871338 -30.0185223
v -51.2661896 20.7107487 27.0960159
v -10.9716558 17.9624214 -58.8529205
v -20.5672741 33.6402893 -40.0174179
v -28.4170322 32.6865959 -36.1479836
v -58.0474472 17.6725025 14.7510767
v -54.6172333 20.0578384 -21.2382793
v 51.9759445 4.0782313 29.8684406
v 32.2953720 17.4316502 -50.4799004
v 54.6736526 7.0156350 24.6232357
v 58.0182724 1.6266401 -14.9834280
v -33.4134827 18.6931953 -49.3667336
v -49.4311752 28.9172058 5.5495596
v -51.4080734 16.3151741 -30.8714428
v 14.4990091 20.0700378 -56.7376785
v -31.8492107 14.2752876 -50.7575150
v -59.8615150 5.4170847 2.5544364
v -56.0978699 11.0908308 21.0688610
v -59.9342194 8.5575838 -1.1622754
v 5.7308025 9.0846605 -59.6420250
v -40.3424721 0.0000000 -42.2937126
v -54.1003304 0.0000000 2.2359691
v -41.5950623 0.0000000 -27.3287849
v -3.2741847 0.0000000 -58.7778053
v -33.0148506 0.0000000 34.3119698
v 1.4772508 0.0000000 -58.5060959
v -32.7411804 0.0000000 29.4540825
v -36.6375732 0.0000000 -25.6358776
v 7.4080772 0.0000000 -53.8255882
v -6.0660491 0.0000000 49.8529053
v -27.9392796 0.0000000 -26.8485031
v 27.9265385 0.0000000 -51.2939072
v 29.5619698 0.0000000 -48.7681503
v 2.2138572 0.0000000 41.9245262
v -23.1781330 0.0000000 18.0053520
v 9.5812922 0.0000000 -34.3315315
v -16.3795719 0.0000000 -20.8676872
v -25.4638405 0.0000000 7.1175933
v 27.7877636 0.0000000 -26.8041229
v 6.8933268 0.0000000 -22.2013855
v 14.7311707 0.0000000 -20.7637939
v -1.9082808 0.0000000 16.9614525
v -1.2101133 0.0000000 -17.9820919
v 32.4047852 0.0000000 28.7305279
v -8.6737366 0.0000000 9.7359324
v 39.1460266 0.0000000 -11.8341103
v 26.9972305 0.0000000 -10.9851923
v 19.4954491 0.0000000 9.2662907
v 45.0568352 0.0000000 -2.9601703
v 39.4569740 0.0000000 -5.6941662
v -28.4631062 34.9781723 33.1417694
v 33.7240295 32.1137505 32.0372124
v 48.1259499 30.3878422 -3.8895819
v -14.7834578 58.7160873 -13.3082685
v -7.6636605 24.5262527 53.5807610
v -3.1466548 39.5126305 39.0726051
v -42.2190399 25.4944592 32.2696953
v -40.0927315 32.8434677 22.2019882
v 45.5469093 18.9840145 -38.2600327
v 32.4860077 32.2023239 -33.2163315
v 19.2309322 58.6970100 -5.1831512
v -25.5060177 39.1914902 -30.1122456
v -23.7131004 46.4228516 21.7957001
v -48.2230644 27.2631836 17.8092270
v -24.7854824 53.8386154 0.2280368
v -25.8715591 52.7536087 -0.8045986
v -1.3932900 37.9993134 -40.6427002
v -54.2624741 13.6743221 -25.5402145
v -40.7660828 3.4638071 43.9082680
v 5.4030957 32.2188148 46.1418533
v -42.1452751 6.1203508 42.6018181
v 44.8171692 13.9669399 -39.7815857
v -59.8044930 10.6140718 -3.6060519
v 10.9203100 2.3689775 58.9425049
v -15.2374372 0.0000000 -56.6529999
v -53.0859489 0.0000000 3.7528543
v -43.5551949 0.0000000 18.4119396
v -36.9574738 0.0000000 -29.2184258
v -11.1764774 0.0000000 44.2391396
v -27.8462925 0.0000000 18.4241085
v -27.0680771 0.0000000 -23.6253338
v -4.4649291 0.0000000 -32.8049088
v 5.1477323 0.0000000 -36.3967972
v 3.1893764 0.0000000 -34.0573616
v -3.2976844 0.0000000 34.6664619
v 4.5470004 0.0000000 39.1742439
v 5.3830271 0.0000000 37.7823143
v 11.6022921 0.0000000 43.3533974
v 11.5759611 0.0000000 24.5867958
v 14.9459877 0.0000000 26.4762230
v -0.4860561 0.0000000 16.2576218
v 40.6546516 0.0000000 -16.3680553
v 25.3181286 0.0000000 23.1701241
v 23.5497360 0.0000000 23.3744488
v 31.8807735 0.0000000 24.0799122
v 27.5320168 0.0000000 -8.4372778
v 42.1428375 0.0000000 -8.1200523
v 44.8566284 0.0000000 -6.5944052
v 32.1403275 0.0000000 11.6186771
v 15.5524044 57.5495338 14.1872511
v -0.2062204 58.3519058 -20.3306198
v -14.9292288 27.9645863 48.4402122
v -16.5747299 27.9287834 47.9353905
v 43.5083199 23.9073219 33.2151070
v 24.0442219 47.8469467 19.2906971
v 31.8292694 36.6339951 27.4531994
v 22.9568310 46.7836609 22.0531673
v 32.6526947 24.3831673 43.3621254
v 22.2972565 37.7461472 -34.3004112
v 29.6148376 28.0202084 -41.0856056
v 51.9686279 24.6404934 -14.8232374
v 46.0738754 32.2567368 -5.5800858
v 39.6134224 38.9910507 -1.9721426
v 33.6294785 44.7053604 4.5907140
v 34.7335777 43.6007309 4.6798582
v 4.1756673 33.4135971 -45.0617065
v 1.5764608 28.7289028 -49.9129601
v -36.4152985 33.4193268 26.8153229
v -43.5645180 24.5152893 32.1066437
v -48.0250893 24.8496895 24.2790146
v -7.8540602 1.6025214 59.4108353
v 14.9701147 34.8694191 41.1548462
v 6.1245189 50.6582146 -27.3549461
v 28.0147266 34.8919067 -33.6187477
v 37.4610519 20.6947002 -44.1944237
v 19.8413563 53.1795731 -15.9820433
v 28.6334019 37.8008385 -29.1412716
v 53.5387955 23.3277016 -14.0674257
v 9.8165665 38.8094139 -38.6290016
v 4.8683262 49.9715805 -28.3130360
v 9.5100851 33.6655350 -44.0008812
v -8.2660704 31.5858192 -46.3510323
v -26.7562580 33.5052757 -36.3581886
v -21.7501850 27.0208168 46.8287086
v -15.7412691 37.7678299 37.7212105
v -47.2870445 21.9903774 31.2276974
v -47.0090828 24.9638309 25.9858017
v -54.9500122 21.6178932 15.4476938
v -29.3726044 49.2312431 1.8814960
v -29.9209156 48.7036362 -1.8606309
v -2.0376387 35.6773643 42.9737625
v 39.3197708 17.9822197 45.1373405
v 33.5558395 19.8965073 -48.2197266
v -1.0116093 29.7301731 -48.9270134
v -52.0679092 26.3858051 -4.6730881
v 12.3663597 24.3760338 52.8616676
v 58.5849037 18.3966389 11.8640661
v -0.9473070 16.0183029 59.9118767
v -56.8504715 10.9659328 19.1096973
v 11.0796309 60.0000000 0.8455625
v 9.1070280 60.0000000 1.5561930
v 26.6106873 48.8921089 13.2877541
v 40.9945030 32.7312965 20.6928291
v 40.5460854 11.1740751 -44.1166611
v -7.2570925 2.5509505 -59.4760284
v 58.1714935 8.6712570 14.4316063
v 23.8907223 11.2795506 -54.9602432
v 0.9580415 13.0632505 -59.9120026
v 46.3362465 4.6599789 -37.9932022
v 54.0390511 7.4311056 -25.9648876
v 19.4851665 1.6651350 -56.6561356
v -56.5467911 9.2540703 19.9362717
v -47.5478745 0.0000000 27.9536991
v -35.3133507 0.0000000 -41.4872475
v -19.4305382 0.0000000 -55.6641922
v -43.4815369 0.0000000 21.5587139
v -33.3489342 0.0000000 38.9112282
v -28.2218857 0.0000000 40.8574181
v -30.0055237 0.0000000 -38.8557472
v -16.3389988 0.0000000 -50.1723442
v -17.9948997 0.0000000 -47.6771774
v -23.9135590 0.0000000 44.1658707
v -56.5444412 0.0000000 -13.0772514
v -13.4446468 0.0000000 -41.2655029
v -15.0934229 0.0000000 -38.6711121
v -2.3207731 0.0000000 -46.7628021
v -30.9861603 0.0000000 23.9300957
v -15.6975822 0.0000000 45.2009392
v -2.6890087 0.0000000 54.9596405
v 7.2015767 0.0000000 -50.2354469
v -31.9457245 0.0000000 -25.6546516
v -43.2756081 0.0000000 -18.0170803
v -18.3106136 0.0000000 -30.7792988
v 8.2541752 0.0000000 -35.5084724
v 6.9743371 0.0000000 -36.7574120
v 18.0049667 0.0000000 -39.8995514
v 14.5106344 0.0000000 51.4512749
v 37.3466797 0.0000000 -44.3648987
v 10.8174477 0.0000000 41.3694382
v 40.8675690 0.0000000 -40.2253609
v -14.8814497 0.0000000 20.8353386
v -19.1478634 0.0000000 16.7442226
v 13.6715260 0.0000000 40.0305977
v 20.5940876 0.0000000 40.1595078
v 3.0472169 0.0000000 -26.7227077
v -23.3101463 0.0000000 -17.7349377
v -5.4593987 0.0000000 -24.0801487
v -16.5953999 0.0000000 14.2323837
v -18.4245663 0.0000000 13.5882769
v 0.5358969 0.0000000 24.4728832
v -9.1879616 0.0000000 15.4376984
v 25.6460953 0.0000000 35.6335144
v 19.3638268 0.0000000 -25.5431023
v 2.8724010 0.0000000 -19.4181461
v 18.2126751 0.0000000 -23.5939980
v 36.5083618 0.0000000 36.9901543
v 22.1399002 0.0000000 32.2305908
v -12.5578537 0.0000000 10.1658335
v 32.5073051 0.0000000 -19.5469208
v 39.2027206 0.0000000 32.5579834
v -16.9473076 0.0000000 -13.1554489
v -10.7240019 0.0000000 6.2002273
v 4.0734010 0.0000000 15.1728973
v 10.6547136 0.0000000 -14.4303789
v 27.8047714 0.0000000 -12.9890738
v -39.8364410 0.0000000 -4.6569629
v 18.8925705 0.0000000 14.8263617
v 18.3527679 0.0000000 16.8408108
v -46.3316154 0.0000000 -10.0289192
v 39.7386284 0.0000000 20.2554874
v 18.5143356 0.0000000 12.6121664
v 23.5126724 0.0000000 -6.3818941
v 33.7340240 0.0000000 12.1481590
v 38.4302979 0.0000000 17.0690651
v 14.1876564 0.0000000 1.8659632
v 54.5897522 0.0000000 5.4600649
v 36.5930405 0.0000000 -2.4999828
v 36.3299294 0.0000000 -0.5120364
v 41.9634171 0.0000000 -1.5615221
v -43.0800095 0.0000000 -9.0009060
v 23.5641708 0.0000000 -3.6203997
v -45.5375404 31.6750164 11.5930901
v 33.1320610 36.5379486 26.0195503
v 28.3591995 41.1018333 24.6132679
v -23.9248676 36.7419434 -34.3971367
v -6.1479049 32.6123009 45.6534386
v -29.8261204 48.6640854 -3.2696362
v 33.1494446 39.7122269 -20.3991566
v 30.7652073 32.8934517 -33.8967133
v 13.0409813 25.3911171 -51.6318855
v 3.1633325 21.3254662 -57.2209282
v -45.6305161 25.9568939 26.3596497
v -35.5734215 41.3405876 11.3563881
v -52.7072029 25.9352436 0.5631539
v 23.6940327 24.4346352 48.7662163
v -1.1281495 30.7671413 -47.8834038
v -40.6179962 24.8429489 35.2703781
v -7.7722645 10.3564234 -59.4200020
v -56.8426933 20.9383850 10.0817251
v -5.0159664 60.0000000 4.8386140
v 9.8915319 26.8332462 50.8733368
v 1.3661269 42.1251984 36.5253944
v -56.0684586 0.0000000 15.6906662
v -50.3701248 0.0000000 23.8491020
v -51.0759506 0.0000000 22.5503807
v -55.3723526 0.0000000 0.9524071
v -20.8778439 0.0000000 -51.3200798
v -15.1972542 0.0000000 -51.4784851
v -32.3345261 0.0000000 35.9266586
v -20.2252235 0.0000000 -44.5206528
v -29.9826660 0.0000000 -34.7402534
v -35.8433456 0.0000000 -30.8286839
v -41.8472366 0.0000000 14.0774794
v -16.3902416 0.0000000 39.3562851
v -35.5061302 0.0000000 14.2149591
v 0.9037517 0.0000000 -40.6670189
v 7.5170665 0.0000000 -38.1544495
v -29.7268219 0.0000000 13.1008577
v 27.3513317 0.0000000 34.7455101
v 35.5158920 0.0000000 -20.9678497
v 32.8799438 0.0000000 33.5934067
v 21.6889000 0.0000000 -16.8080578
v 49.8979111 0.0000000 28.8097668
v 15.5340118 0.0000000 14.4518242
v 12.4485006 0.0000000 5.9558210
v -5.8357010 0.0000000 -5.0551744
v -27.0343533 0.0000000 -8.4421854
v 12.4683723 0.0000000 -6.0133648
v -38.0179367 22.7713909 41.0094299
v -29.9397850 47.4464340 8.8818817
v 19.8690395 23.4470062 51.4936562
v 40.1282425 27.3755760 31.9414043
v 25.4481220 46.5012093 19.6824970
v 39.5879707 24.3287773 37.1775208
v 30.7585678 27.3043308 41.1308479
v 50.8126793 25.8621769 -14.4131441
v 41.4772110 36.3192406 8.3707151
v 0.3951657 51.6263695 -27.0645504
v -8.1972084 32.9496193 -44.9787674
v -17.3025417 46.8934364 -26.6463299
v -34.0761528 31.6807156 -32.3413696
v -8.2419634 32.2809715 45.6500816
v -9.8995924 29.6756382 47.9994354
v -6.8537107 31.2276478 46.9393082
v -34.9972115 35.7489090 24.8116245
v 23.5724869 41.6100121 28.5800209
v 18.4260197 36.5874481 -37.8036156
v 36.2038841 23.6500912 -41.3953667
v 33.5357056 33.6799164 -29.9591827
v 30.7857132 35.6651573 -30.0029335
v 27.8242531 50.7823181 -1.3737965
v 42.1842079 36.4719925 -0.2881430
v -38.7968102 34.3363571 -21.4250908
v 10.7478447 42.7784691 -34.2207375
v -27.6159801 36.4351349 -31.9276390
v -31.6118145 32.8310127 -33.1835098
v -35.1979065 42.2005920 -9.5369129
v -25.4375095 31.4757996 39.7377396
v -5.8725934 42.1780243 36.0307159
v -4.8494973 41.4712524 36.9093933
v -54.0997810 24.5409069 -2.2325740
v -54.7050209 23.9377174 1.6610416
v 18.8478794 37.6524277 -36.3950043
v 21.5522747 54.9718246 -9.6652985
v -24.3178120 51.9728355 -10.9375849
v 34.2254677 39.9056015 18.1318073
v -8.4673443 60.0000000 4.1955943
v 8.6077738 30.4928780 47.3885460
v -8.6499500 39.9545631 -37.7319870
v -11.1073532 26.3942528 -51.1021614
v -51.4175339 0.0000000 -23.6063557
v -46.6888428 0.0000000 17.2074699
v -35.8236618 0.0000000 41.8630791
v -50.5128250 0.0000000 -20.6148605
v -25.9134674 0.0000000 51.9470253
v -31.2698689 0.0000000 41.6657715
v -8.6159029 0.0000000 -49.9208641
v -28.0482140 0.0000000 25.2592278
v 14.0409632 0.0000000 -49.8946991
v 15.8384771 0.0000000 -46.8782654
v -17.5192776 0.0000000 30.6632767
v -9.4526777 0.0000000 37.6372566
v -28.3698444 0.0000000 -25.1947289
v 17.8745747 0.0000000 -43.3626862
v -29.1648712 0.0000000 -23.7508411
v 21.8211136 0.0000000 -43.2951584
v -7.0535965 0.0000000 33.5962906
v -5.0040712 0.0000000 29.1617508
v 24.6572495 0.0000000 -34.9894295
v 10.4777012 0.0000000 -30.2336311
v 16.5851192 0.0000000 33.5454979
v -22.0425129 0.0000000 -20.6980553
v -18.4958611 0.0000000 -20.1719627
v 18.4947300 0.0000000 33.1677361
v -2.0839367 0.0000000 21.6030655
v 16.2708549 0.0000000 -23.6525154
v 25.9998302 0.0000000 -21.1262817
v -22.8529701 0.0000000 8.1426945
v -0.7425111 0.0000000 -19.5179806
v -8.9811964 0.0000000 13.3484402
v 37.6788025 0.0000000 -17.5064392
v 20.0326614 0.0000000 23.8907681
v 25.8708611 0.0000000 26.6205025
v -12.8482103 0.0000000 -16.5057068
v -9.9059696 0.0000000 -15.8287983
v 38.9590302 0.0000000 -15.7137146
v 40.6318703 0.0000000 -14.4118900
v 18.2976036 0.0000000 20.9069538
v 43.0498657 0.0000000 -11.6682110
v 10.3206196 0.0000000 -12.4634733
v 7.7454462 0.0000000 9.6985426
v 39.2308578 0.0000000 -7.1931133
v 9.3808460 0.0000000 -7.0257721
v -10.4349451 0.0000000 1.2410259
v 7.8277760 0.0000000 6.5040655
v -1.1276860 0.0000000 1.6992158
v 40.3613014 0.0000000 10.6385241
v 29.6078262 0.0000000 7.5059404
v 48.8163261 0.0000000 8.8471441
v 33.1334381 0.0000000 1.2927463
v -21.2409363 0.0000000 -7.7716904
v -7.4750128 0.0000000 -5.1623054
v 34.8384247 0.0000000 2.1003828
v 24.4967194 0.0000000 -1.9592341
v -21.2183895 0.0000000 -9.4407921
v -36.7511368 23.8430481 40.6913033
v -31.1743584 30.5987167 36.5754280
v 30.7179317 47.9133606 1.0835263
v 46.5888901 32.0082550 2.2274995
v -31.5270100 39.9567947 -22.4538326
v 2.1520333 37.4209785 -41.1840134
v 2.9585028 27.9133358 -50.6442566
v 5.0139194 53.2306404 -24.9638462
v -16.5700226 33.9651680 41.4868088
v -6.1064982 43.3251610 34.8330498
v -8.9107265 43.0666962 34.4530563
v -7.2449427 39.7985420 38.2062149
v -11.8813677 29.1584530 48.0494499
v -53.1393929 24.2360420 11.6610069
v -44.7072144 29.5022812 20.3966064
v -37.9201851 37.1195412 16.9400597
v 32.2554588 25.3226395 42.4911842
v 32.4074249 29.2716293 -37.2550926
v -24.9161606 3.4568064 -54.4858170
v 31.4443932 40.6719666 -21.3049812
v 25.7290516 48.6321487 -15.4333706
v 35.4962120 28.7624550 -35.0489922
v -31.4953766 46.3244858 -7.4167671
v -44.9195557 27.0890980 25.3535233
v -46.7788124 31.8615112 -1.2772608
v -54.8884926 23.7543278 -0.3243204
v 48.2734718 21.4251366 -30.7057323
v 44.7294044 29.8012066 -19.6222267
v -37.0366745 23.3977242 -40.9963417
v -14.5687494 47.0251732 28.0664864
v -51.5835342 26.9587536 3.8478653
v 13.1958437 59.9999924 8.7849913
v -1.9978744 60.0000000 -1.1364944
v -6.7168140 60.0000000 5.5324488
v -0.2031313 60.0000000 4.9093823
v -1.0026079 60.0000000 6.5290251
v 9.5769100 23.1951637 54.6040115
v -12.5692902 28.6001415 -48.4600906
v -48.9077225 0.0000000 29.1954765
v -36.9471893 0.0000000 -38.9274559
v -43.4523010 0.0000000 31.4977207
v -40.9853706 0.0000000 33.4158211
v -28.0528812 0.0000000 -43.6547470
v -38.3625374 0.0000000 36.6093903
v -48.8013000 0.0000000 7.6253767
v -45.4453964 0.0000000 18.6698284
v -28.3116188 0.0000000 42.6553535
v -23.3350601 0.0000000 53.6366005
v -13.3614759 0.0000000 -52.3294830
v -22.2423630 0.0000000 -41.3159027
v -4.7070661 0.0000000 -50.2955437
v -6.1449704 0.0000000 -47.9886360
v -27.1706352 0.0000000 32.0889549
v -19.2399502 0.0000000 40.4208603
v -13.5607862 0.0000000 -36.4871254
v -0.5219522 0.0000000 -46.5885544
v -20.0376644 0.0000000 31.5118256
v -19.9882812 0.0000000 32.9571037
v -2.3669379 0.0000000 -41.9641914
v -48.0763054 0.0000000 1.2006814
v -38.5865860 0.0000000 10.3202639
v 12.6222992 0.0000000 -48.9099350
v -2.3012629 0.0000000 -33.1137962
v -38.1478729 0.0000000 2.7598379
v -39.8612442 0.0000000 2.5898607
v -10.8453207 0.0000000 -27.7288742
v -7.9155412 0.0000000 30.6343269
v 17.8681259 0.0000000 50.2739258
v 7.1802244 0.0000000 -30.4743786
v 14.1003761 0.0000000 -30.0873413
v -1.3472121 0.0000000 27.9664497
v 12.0755005 0.0000000 36.2845078
v 27.7220116 0.0000000 49.6207008
v 16.6469784 0.0000000 -28.1841145
v 21.1405716 0.0000000 -26.9494267
v 35.7446404 0.0000000 -27.5082703
v -2.6698003 0.0000000 18.5305481
v 6.1064324 0.0000000 24.4556046
v 48.8310318 0.0000000 -27.9142609
v 37.6174202 0.0000000 34.8783073
v 24.9357719 0.0000000 -11.1190510
v 39.4711151 0.0000000 22.4832726
v 50.1412163 0.0000000 25.7082882
v 50.7972603 0.0000000 -8.1204109
v 49.4321251 0.0000000 -9.4133348
v 6.2558112 0.0000000 -9.6820393
v -8.2196074 0.0000000 3.8155136
v 34.8303719 0.0000000 17.7705994
v 47.4019470 0.0000000 18.3165092
v 46.6898117 0.0000000 16.2923717
v 48.1766205 0.0000000 15.2449532
v 10.3557100 0.0000000 3.8052006
v 21.3808918 0.0000000 3.3574924
v -37.6341896 0.0000000 -9.0548840
v -38.7884140 0.0000000 -7.8787618
v 9.0409260 0.0000000 -1.3998449
v 12.6332016 0.0000000 -3.1273212
v 7.4883895 0.0000000 -2.9591310
v 1.7678946 0.0000000 -7.1746149
v 3.4462390 0.0000000 -6.4067192
v -39.4871559 26.5065956 -34.1227493
v -6.9442329 53.8106117 23.8314209
v -9.0668402 50.3789139 26.7629356
v -10.8815041 37.6515808 39.5209351
v -13.5473175 35.5076942 40.9612541
v -15.7595978 22.7760525 53.5931015
v -5.8423824 51.8588257 26.1872196
v 42.7253227 23.5165939 34.8949394
v 38.5401878 29.4492245 30.6071472
v 35.0401001 33.0364647 29.2625732
v 39.6631699 29.6217518 28.8257446
v 25.3718376 45.7510414 20.9693375
v 17.3437862 56.7022591 13.4441891
v 36.3894081 29.6656570 32.7901802
v 36.8621788 28.6455193 33.7746620
v 30.2324581 38.7916641 25.9975529
v 39.0467873 28.3698902 31.7223167
v 37.7333298 29.0569725 32.2381287
v 38.4590263 19.5188351 44.8413696
v 38.0624352 2.6322210 46.3230782
v 22.7548370 40.0874176 -31.1566772
v 34.9507751 36.5092888 -23.5588055
v 46.4794807 30.5772533 -12.4020119
v 45.4671326 33.1328506 2.1919670
v 40.0235252 38.3140106 4.9171276
v 34.0993690 44.3924065 3.2224460
v 31.1313324 47.3730469 2.9537494
v 6.5353713 34.8159218 -43.3772202
v 1.0564083 44.9217453 -33.7455826
v 6.6141176 31.2773876 -46.9403458
v 1.6244122 22.2896442 -56.3487434
v 0.6387330 32.4190941 -46.2684975
v 4.6701660 22.0032806 -56.4507561
v -45.3327179 23.4371185 -31.5339947
v -25.3783436 35.9490356 34.3558960
v -18.3552189 23.3890572 52.1197433
v -9.6580849 24.7848549 52.9974098
v -14.2231026 23.0817986 53.7015915
v -13.5289154 21.4193687 55.6122208
v -10.4759340 35.1859512 42.1898079
v -4.9689083 29.7374249 48.7170715
v -33.0013046 43.5642395 11.9115105
v -46.3174019 27.2979527 22.1558437
v -44.7047234 28.4595528 22.8631268
v -45.5876541 27.2673569 23.7916203
v -38.0524597 40.0413055 -6.6542454
v 20.2201595 26.0766449 48.5178337
v 21.6021652 23.3889294 50.8507538
v 17.8044300 31.7102413 43.4240265
v 19.1453342 28.8431530 45.9717751
v 2.3960299 53.9310760 24.6088829
v 48.0849342 20.5588455 32.6301994
v 47.6141319 5.3260021 36.4637413
v 33.5618782 1.2662523 49.6951027
v 23.2101364 42.0827980 -28.2619476
v 30.8592949 29.5002022 -38.2598000
v 24.2171383 39.8080368 -30.3840408
v 36.3978615 20.1552429 -45.7933922
v 37.5230789 33.9190941 -24.3416557
v 39.5108643 24.9922180 -36.2871361
v 37.6903114 30.8123608 -29.4615402
v 31.8954067 34.3175774 -30.7878513
v 39.2467613 26.0131054 -35.0740242
v 42.9592209 20.1953773 -39.6111717
v 28.2503033 39.2749023 -27.4268017
v 56.4629555 20.2949448 -14.8532381
v 25.8268013 52.7948036 -0.8903291
v -33.9826202 39.6550446 -19.1306133
v -6.2413654 43.8336906 -34.2717323
v -24.4343452 35.2748795 -35.8298149
v -43.8501358 32.7140083 -13.6920748
v -30.6077824 38.0422058 -26.7187843
v -16.1352997 57.7396431 -13.2822113
v -24.7334805 45.3975983 22.2052383
v -15.5495529 36.7072067 38.9441452
v -14.5587053 36.1280785 39.9542160
v -16.4917126 21.5923061 54.6186752
v -32.5370407 46.0958824 -0.5264416
v 21.8075237 52.9452515 13.5472116
v 49.8203545 19.2963028 32.1423569
v 28.8704071 21.6516781 -49.1495438
v 23.6485519 30.5663776 -41.8654213
v 11.3706818 53.9590569 -21.8976059
v -0.0762871 40.4989853 -38.1964912
v 37.3955421 35.7789612 -20.9915771
v 40.2937393 34.2421265 -18.6386433
v 46.7555313 27.0141811 -21.8671722
v -23.3956814 30.1353130 -42.4969826
v -33.8607483 43.3881149 -9.8454428
v 3.8317790 53.0748100 25.2987518
v 5.2610774 52.9662247 25.1414833
v 35.9781723 40.7281265 12.0093164
v -3.5796657 27.8846130 50.6688461
v -1.2302691 5.1266208 -59.9120026
v -18.7652626 27.3551140 -47.7412300
v 49.0743561 11.7133789 -34.3801613
v -30.2973003 21.6280155 -48.3175850
v -15.7831345 46.5417824 -27.9709759
v -48.2282600 30.1431580 5.2873874
v -49.5511093 29.0820179 2.2724943
v -36.7807121 41.3189697 6.4669099
v -31.6624069 46.9319878 2.3082230
v -28.2355766 14.3305626 52.9144249
v -50.0870895 27.9049244 -8.4334621
v 9.2791262 60.0000000 -6.9221730
v 1.0619038 60.0000000 -5.9791613
v 0.9361655 60.0000000 -4.3693709
v 2.5410037 60.0000000 -3.4919796
v -5.0593672 60.0000000 -1.6662691
v 1.2149200 60.0000000 -0.8920213
v 6.2837963 60.0000000 0.4886210
v 9.1002283 21.7277470 56.1673546
v 46.3486443 26.8553028 23.1236649
v -55.7904930 7.9965167 -21.8403530
v 27.6986332 3.9421463 -53.1984825
v -55.2643776 0.0000000 10.9526892
v -52.2643242 0.0000000 23.3705769
v -46.0236015 0.0000000 -29.6254120
v -48.7600594 0.0000000 32.3181725
v -26.6753540 0.0000000 -50.3491325
v -56.7437859 0.0000000 -1.7495315
v -24.7581425 0.0000000 -53.3959885
v -38.7920074 0.0000000 43.7154808
v -38.5476990 0.0000000 40.1490364
v -36.9991035 0.0000000 40.9325485
v -35.5886612 0.0000000 43.5903244
v -39.4562531 0.0000000 -31.3785515
v -26.8487396 0.0000000 -45.3122177
v -35.0280800 0.0000000 38.0987244
v -35.0160904 0.0000000 40.1828918
v -11.5011511 0.0000000 -57.3920593
v -30.1272945 0.0000000 47.6945839
v -37.3800507 0.0000000 32.4705086
v -39.3848534 0.0000000 25.5775852
v -27.5214577 0.0000000 51.8519287
v -43.4373016 0.0000000 -26.7191162
v -15.1624794 0.0000000 -53.4026451
v -41.6463661 0.0000000 18.7273293
v -28.5184593 0.0000000 -35.8871613
v -21.8723106 0.0000000 -44.2962685
v -34.9493790 0.0000000 -32.2875023
v -5.4594765 0.0000000 -56.3788071
v -9.0896196 0.0000000 -53.0645332
v -17.4608746 0.0000000 -44.2469330
v -15.9723539 0.0000000 -44.7954750
v -14.1340008 0.0000000 -44.6032524
v 1.3279955 0.0000000 -55.7322464
v -39.7695808 0.0000000 19.1591854
v -34.9739571 0.0000000 -28.8032303
v 4.1849809 0.0000000 -56.9819412
v 6.8441362 0.0000000 -58.1903267
v -18.3188858 0.0000000 46.4110107
v -12.2150478 0.0000000 57.4128723
v -26.9404907 0.0000000 -33.0247345
v -15.5416832 0.0000000 48.7375183
v -7.7723351 0.0000000 -43.1374550
v -26.2520027 0.0000000 29.5148010
v -25.4724026 0.0000000 -32.0635147
v -38.5806847 0.0000000 12.0700884
v -32.3048096 0.0000000 18.4022846
v -13.5842085 0.0000000 42.0192108
v -15.5247574 0.0000000 42.0144768
v -7.9030542 0.0000000 45.4807777
v 0.1692877 0.0000000 53.6717567
v -25.6013374 0.0000000 -30.4458523
v 5.3984928 0.0000000 54.6972237
v 22.1533241 0.0000000 -49.5676422
v -5.8345284 0.0000000 -36.2821465
v -4.8033252 0.0000000 39.3178978
v -6.5869083 0.0000000 39.0455933
v -47.4268265 0.0000000 -18.0674362
v -44.4281273 0.0000000 -19.4472065
v -31.0040741 0.0000000 -23.8633022
v -24.6149960 0.0000000 -28.4411755
v -11.9005260 0.0000000 -31.0581532
v 3.6802578 0.0000000 -37.7515717
v 27.6384354 0.0000000 -46.7587662
v 11.0727568 0.0000000 54.1958466
v 12.2494211 0.0000000 55.7942505
v 30.9635315 0.0000000 -47.7369194
v 5.7358379 0.0000000 -38.4110184
v 10.1026783 0.0000000 52.2524071
v -8.9117699 0.0000000 -30.8630219
v -10.1200180 0.0000000 -29.7448139
v -16.8308048 0.0000000 -27.7362862
v 27.5891781 0.0000000 -45.0278854
v 31.2756977 0.0000000 -43.6960144
v 34.4552155 0.0000000 -44.9007187
v 11.7555351 0.0000000 49.4563828
v -12.1001511 0.0000000 26.7035809
v 10.3661242 0.0000000 47.8517380
v 24.3251572 0.0000000 -39.6679726
v 33.3877754 0.0000000 -40.8733101
v 37.0618706 0.0000000 -42.8101959
v 21.6240597 0.0000000 54.5388336
v -27.2235947 0.0000000 -20.6190300
v -27.6522465 0.0000000 -19.1061554
v 17.6227264 0.0000000 -33.0454941
v 0.3262721 0.0000000 30.2737274
v -40.0957832 0.0000000 -15.0260887
v -30.4020367 0.0000000 -16.4988537
v 13.5164413 0.0000000 -28.3723679
v -5.8250704 0.0000000 22.1892891
v 37.4040031 0.0000000 -34.2748833
v -13.9206877 0.0000000 17.0727921
v 16.0017319 0.0000000 35.2744179
v 17.9374428 0.0000000 34.9573441
v -20.4585190 0.0000000 -19.5521088
v -13.5615721 0.0000000 -21.6709442
v -1.9998807 0.0000000 -23.8809681
v 5.2893686 0.0000000 -23.5627060
v 28.2764187 0.0000000 -31.6671486
v -23.2756042 0.0000000 10.0330544
v 35.5055275 0.0000000 43.5266113
v 3.1570444 0.0000000 26.3014030
v 28.7898197 0.0000000 -29.8134708
v 46.7835884 0.0000000 -32.3543358
v 49.0875702 0.0000000 -29.4238358
v -21.5439129 0.0000000 9.4548607
v -7.3785734 0.0000000 -21.6747990
v 1.9331360 0.0000000 -23.9962540
v -10.8052711 0.0000000 -20.6202621
v 5.8500643 0.0000000 -20.5074806
v 4.0137672 0.0000000 -20.8161945
v 22.0231037 0.0000000 -23.2512875
v 43.7268410 0.0000000 -26.8790169
v 47.5673828 0.0000000 -26.6224403
v -32.8606339 0.0000000 4.4958196
v -10.2711468 0.0000000 14.2396622
v -30.2849655 0.0000000 -14.2660275
v 43.1998291 0.0000000 -23.4515495
v 46.2530594 0.0000000 -21.1943760
v -40.2951317 0.0000000 -3.0174937
v 36.0040359 0.0000000 32.2859955
v 37.5580521 0.0000000 33.3196983
v 23.2941322 0.0000000 -17.2630730
v 54.7114601 0.0000000 -19.1405029
v 34.2054329 0.0000000 28.5566425
v -34.0652313 0.0000000 -17.2597885
v -8.1284122 0.0000000 -16.2201672
v 42.2398491 0.0000000 -16.8391705
v 44.6800575 0.0000000 35.2253113
v 51.4635506 0.0000000 -14.7394371
v 14.2751694 0.0000000 -14.0435581
v -33.6697350 0.0000000 -0.2741318
v -5.1687603 0.0000000 9.2884893
v 41.4392433 0.0000000 28.3804283
v 14.2395420 0.0000000 19.5457287
v 22.3005085 0.0000000 21.8418598
v 9.8668270 0.0000000 17.0710964
v -14.0621357 0.0000000 -12.6815624
v -17.8082123 0.0000000 -11.2679367
v 53.9653091 0.0000000 -11.7502470
v 54.2038078 0.0000000 -13.4665871
v 52.3358841 0.0000000 -12.8713465
v 44.4519157 0.0000000 23.6087189
v 2.2119813 0.0000000 10.9901371
v 9.8263817 0.0000000 13.5700121
v -21.3023376 0.0000000 -11.1355562
v -7.0182381 0.0000000 -10.5384846
v 37.8760033 0.0000000 20.8833981
v -32.0667953 0.0000000 -11.5274277
v -1.0513494 0.0000000 -12.8046694
v -2.9901009 0.0000000 -10.1014538
v 12.3322153 0.0000000 11.7431984
v 44.6967239 0.0000000 21.8939018
v -27.0095406 0.0000000 -10.2292604
v 22.3475075 0.0000000 -8.0893059
v 27.0678940 0.0000000 -6.5109839
v 46.4566345 0.0000000 21.0576057
v 22.8487568 0.0000000 11.8023500
v 12.7040405 0.0000000 9.8426619
v 46.3907967 0.0000000 19.6274338
v 15.7240753 0.0000000 5.4163671
v 21.1963959 0.0000000 8.2431545
v -14.4665298 0.0000000 -0.6067599
v -3.2226732 0.0000000 3.7886581
v 15.6136541 0.0000000 3.4805746
v 48.7955208 0.0000000 12.1429882
v 54.9306946 0.0000000 13.3322353
v 47.8515663 0.0000000 13.6012421
v 53.9396629 0.0000000 15.0900326
v 49.2959824 0.0000000 10.3171654
v 24.7722645 0.0000000 2.5715029
v 49.4292946 0.0000000 6.9396038
v 17.1584816 0.0000000 -1.0897813
v 28.3341560 0.0000000 0.7047746
v -1.4504932 0.0000000 -7.0574999
v 43.8365250 0.0000000 -1.3250992
v 56.1477585 0.0000000 2.9603889
v 57.0929413 0.0000000 -1.4487273
v 30.0048847 0.0000000 -2.0722826
v -6.6876245 0.0000000 -6.9609051
v -5.0731487 0.0000000 -6.8109093
v 41.2609787 0.0000000 -3.2331419
v 51.8223686 26.5736313 4.8884206
v -4.3312058 52.3728905 25.9722977
v -3.8455684 40.6278687 37.8738060
v 39.9122047 34.1989136 19.5873928
v -14.0330420 27.9057789 -48.7754402
v -18.0547142 0.0000000 -52.8940125
v -39.2371445 0.0000000 16.1881008
v -18.6902142 0.0000000 37.4329681
v -50.0117226 0.0000000 -15.9684362
v 13.7363653 0.0000000 46.3011551
v 27.4906921 0.0000000 36.4070435
v 18.9997311 0.0000000 31.3523350
v 33.1279030 0.0000000 31.8760071
v 12.9834967 0.0000000 -10.0259399
v 11.3116350 0.0000000 -9.7212362
v 44.9497032 0.0000000 16.9797935
v 20.3688583 0.0000000 -2.0706728
v 24.9566975 35.3674011 35.3627853
v 18.7237358 24.7446156 50.5574188
v 26.7576218 46.0937500 18.5658054
v 28.5117168 50.0604477 2.0785451
v -13.0254955 24.1751423 52.8986664
v -43.2905197 30.4295139 21.2445602
v 10.3411551 44.4626541 -32.5787506
v -7.2914214 37.3219795 -40.6997833
v -30.4204102 26.9055862 41.8714638
v -49.7398949 21.5295506 28.1018410
v -35.9985237 42.6298943 2.0799475
v -45.7283516 32.9127808 -0.1234892
v -2.4140019 24.5837593 -53.9948769
v -1.1893514 25.3988075 -53.2458954
v -53.8019867 22.3532848 -16.5963440
v 12.5608501 21.9413624 55.3228035
v 5.3287601 60.0000000 -8.6704788
v -11.3546162 60.0000000 -0.0015767
v 2.5211253 24.6600323 53.9227142
v -52.0099297 0.0000000 18.3504448
v -16.9119606 0.0000000 -54.1842194
v -34.3372917 0.0000000 41.9863091
v -35.5751266 0.0000000 25.6892471
v -55.3896103 0.0000000 -4.8868403
v -53.7334709 0.0000000 -3.7800519
v -1.5649937 0.0000000 -54.4118843
v 0.2691782 0.0000000 -54.4521599
v -17.8629856 0.0000000 -41.3380013
v -27.9325638 0.0000000 -28.6192799
v 14.0139093 0.0000000 -48.0400047
v 19.0952377 0.0000000 -49.6306915
v 24.3231945 0.0000000 -47.3167114
v -3.5396245 0.0000000 -31.3301277
v 3.6341538 0.0000000 -30.9318142
v 2.0016768 0.0000000 31.5057373
v 4.4449644 0.0000000 29.1520271
v 25.5570564 0.0000000 39.0876160
v 23.4791298 0.0000000 38.6729927
v -0.0027285 0.0000000 -21.3747902
v 1.3515457 0.0000000 -22.5125599
v 2.3173795 0.0000000 18.7162075
v -5.4128504 0.0000000 -17.6349506
v 28.5796890 0.0000000 29.1226025
v 31.8572540 0.0000000 30.4714966
v -11.6187143 0.0000000 -15.3149834
v 0.7881795 0.0000000 13.8759928
v 42.3143921 0.0000000 -13.7354956
v -33.8775673 0.0000000 -12.2131920
v 40.8730774 0.0000000 -12.1808863
v 6.7865572 0.0000000 -11.5065651
v 6.8960266 0.0000000 7.9496164
v 11.0188503 0.0000000 8.4259977
v 14.0444660 0.0000000 6.2882771
v 30.1257668 0.0000000 2.9868722
v 22.7698898 0.0000000 2.1321552
v 44.5031128 0.0000000 0.5550662
v 48.8102264 0.0000000 -2.7413912
v -2.9054849 43.4874725 -35.0631447
v -14.8173447 25.7079449 50.8145981
v 44.3771400 24.1507378 31.6420326
v 26.0218487 44.6933746 21.8284073
v 26.8246937 43.5011978 22.7216873
v 25.0970573 33.0156136 -38.1158295
v 26.4761105 32.3715935 -37.9632912
v 25.9894943 33.7557220 -36.6226349
v 3.5987620 25.3686447 -53.1501923
v -7.7264700 25.5559273 52.5299301
v -2.8927636 38.2217445 40.3940506
v -41.8138237 31.4682045 21.9209576
v 22.8270779 51.2339516 -15.1707554
v 30.3380508 34.9581528 -31.4652138
v 36.4241943 26.7534695 -36.9811096
v -41.1088715 33.7635498 -17.9818268
v -21.9716187 30.5093040 42.8333054
v -18.2605495 35.3623810 39.2449722
v -46.3853378 29.7664528 15.5112858
v 26.8434372 46.9771576 16.7627296
v -1.5694323 35.7048302 -42.9266167
v -20.4692059 36.1086082 -37.2961044
v -33.8420067 26.1863422 -40.0740471
v -39.0296669 35.8252411 -17.5836639
v -30.8163528 42.2207832 19.4355659
v 36.8512573 39.5540962 13.0359755
v 8.3574667 60.0000000 9.9058380
v -11.5962362 60.0000000 -1.7905536
v -1.3507900 60.0000000 3.4220843
v -7.3232889 60.0000000 7.4518619
v 19.2726955 56.5196915 10.8009701
v -44.1566200 0.0000000 -29.7801895
v -50.3675461 0.0000000 4.0294981
v -30.9254875 0.0000000 31.4285221
v 3.0738122 0.0000000 -55.5085793
v -24.5569096 0.0000000 33.8953552
v -23.5350742 0.0000000 36.6114883
v -4.9048357 0.0000000 -44.5095367
v -24.8609238 0.0000000 26.4200001
v -24.8800583 0.0000000 20.6985664
v -38.6728096 0.0000000 8.3850975
v -4.2409983 0.0000000 -39.1883965
v 0.4071832 0.0000000 -38.8006859
v 11.7791004 0.0000000 -38.1860428
v 10.6734743 0.0000000 -39.5207367
v -21.8237152 0.0000000 -25.0178814
v -4.3232346 0.0000000 33.4331131
v -0.3557260 0.0000000 36.9949188
v -5.9739332 0.0000000 30.7941532
v -9.0931425 0.0000000 29.1373539
v 3.7807121 0.0000000 37.6796036
v 10.1433449 0.0000000 36.8923340
v 20.6101570 0.0000000 43.8058701
v 36.3746147 0.0000000 -36.2546577
v -12.0429115 0.0000000 22.8022156
v 26.3622398 0.0000000 42.7893028
v 34.7441864 0.0000000 -31.3321571
v -3.4309762 0.0000000 17.1339359
v 21.3533001 0.0000000 -25.0755501
v 7.6368294 0.0000000 21.5034885
v 10.4262199 0.0000000 -17.6809673
v 16.1477222 0.0000000 -17.4514332
v 21.3259201 0.0000000 20.3506050
v 16.9491119 0.0000000 -11.0281696
v 14.9214077 0.0000000 -10.5283775
v 21.7277241 0.0000000 -9.9702196
v 41.7200699 0.0000000 19.3752785
v 40.1455231 0.0000000 16.7790947
v -9.8615570 0.0000000 -1.9999564
v -1.8205987 0.0000000 -3.3574016
v 52.8895378 0.0000000 4.5484676
v 41.4260712 0.0000000 1.1815777
v -29.6050758 29.2306538 39.6034164
v -32.6850090 27.8852882 38.8465919
v -14.8211222 26.7356339 49.7487640
v -16.1985073 25.7108803 50.4067688
v -6.1950364 50.4543686 27.5420837
v 20.1112404 52.5637169 16.6011620
v 21.6742725 49.9866486 18.7281342
v 16.6453800 56.1289825 15.1014318
v 31.0865364 19.9606991 -49.7723503
v 28.1603069 27.8844814 -42.2311783
v 19.1083126 45.2543907 -27.4019871
v 14.9376707 52.4317932 -21.5436974
v 24.1696301 48.3168335 -18.3593082
v 33.4557037 44.1239281 -8.5785704
v 46.8474770 31.7937756 -1.0711625
v 47.3898468 31.2573299 0.7393914
v 53.9439430 23.6661129 10.5183039
v -33.0789413 39.7177582 -20.4822483
v -45.6999016 23.8869858 -30.1690502
v 0.2988690 26.3033085 -52.3861313
v 2.0222840 25.9737816 -52.6414452
v 5.2616138 29.0921783 -49.3102913
v -17.4625816 22.4374180 53.4334946
v -9.2044668 26.1957073 51.6445961
v -7.9978504 26.9800262 51.0472412
v -7.7041469 38.3882141 39.5570831
v -8.9638538 36.0962563 41.6388016
v -2.0625651 47.7299805 30.9006042
v -41.9682655 33.7265472 16.0534763
v -29.0179386 45.9926872 15.0181026
v 19.7391090 27.4759541 47.2046738
v 20.5891171 24.6750813 49.8781204
v 0.7956217 56.8667107 21.7958107
v 14.9348669 53.4951172 -20.2267876
v 34.0016174 26.5295925 -39.4918861
v 38.7791939 21.8517609 -41.5544510
v 37.2536278 22.3575325 -42.1983986
v 36.9022484 21.7145462 -43.3338585
v 29.0491638 36.3757477 -30.7400475
v 31.8384571 31.4519806 -34.8763199
v 50.3016891 26.6787987 -13.2032976
v 28.9986382 49.6286964 -0.8182527
v 4.9532285 25.8202419 -52.6142616
v -30.2060490 47.5521049 -7.4696288
v -21.0123215 56.6328430 -6.4919567
v -30.6359406 25.6832371 43.2085838
v -15.2681065 33.7422371 42.2311630
v -21.7071762 50.9628677 17.1902390
v -48.0761871 30.5632248 1.9962931
v -36.6934280 41.9431572 0.4215627
v -31.1998329 47.4307747 -1.1567192
v -28.7346497 49.8941383 -0.8334911
v -50.6595001 27.9824963 -0.7883025
v -40.8145866 37.8246918 0.8035227
v 28.9347382 46.2100143 14.6381254
v -21.9385185 32.3358765 -40.7788620
v -33.0042191 30.0425930 -35.6939392
v -40.4726028 34.8655930 -16.6866493
v -31.1701603 45.8389130 -10.2196941
v -22.5870285 55.9531670 -2.3184566
v 45.8079109 26.4768600 24.9321461
v -35.5921478 42.2828255 7.4560642
v -57.5902672 20.5106201 -8.1628399
v 7.9022350 60.0000000 3.0259643
v -4.1911860 60.0000000 0.9629928
v 10.5254917 60.0000000 -2.4901321
v 1.7819214 60.0000000 0.8195993
v -9.8815556 60.0000000 6.8145132
v 4.3353453 60.0000000 3.0558219
v -14.2575750 23.6455688 -53.1235924
v -55.2135162 0.0000000 14.4422855
v -41.7512741 0.0000000 -37.7905998
v -35.4373055 0.0000000 -46.0570869
v -45.3339539 0.0000000 -26.3493347
v -41.6936493 0.0000000 38.3674850
v -40.2589264 0.0000000 39.3573875
v -35.0016518 0.0000000 46.8780594
v -33.3363190 0.0000000 46.6745605
v -32.5945778 0.0000000 45.0985909
v -29.5059128 0.0000000 45.9554100
v -30.7475739 0.0000000 44.7767296
v -37.5912743 0.0000000 -31.1246090
v -45.2747765 0.0000000 13.8397541
v -26.7792778 0.0000000 48.4400826
v -18.7170391 0.0000000 -44.7311630
v -22.0266533 0.0000000 52.7326317
v -39.1969032 0.0000000 20.8509979
v -23.3780022 0.0000000 46.9817352
v -29.8801594 0.0000000 30.2803535
v -29.1562538 0.0000000 31.7756634
v -14.9599524 0.0000000 -43.0234909
v -15.0054512 0.0000000 -40.1568069
v 1.1873226 0.0000000 -50.1338310
v 7.1290908 0.0000000 -52.1044769
v -39.7921181 0.0000000 14.6011982
v -41.6961212 0.0000000 -22.3228092
v 0.7666536 0.0000000 58.6166496
v -8.7075481 0.0000000 50.8101349
v -29.5072403 0.0000000 -27.9232960
v -29.0682087 0.0000000 23.6158676
v -1.8102220 0.0000000 48.1079979
v -30.3307419 0.0000000 18.5412998
v 18.2764778 0.0000000 -53.6550369
v 19.2504673 0.0000000 -47.5957909
v 17.7878513 0.0000000 -46.3834763
v 1.5928106 0.0000000 48.9369125
v -38.6849213 0.0000000 -21.7828636
v -18.3692245 0.0000000 -28.9618683
v 19.8448105 0.0000000 -43.8220863
v -15.5127354 0.0000000 -28.5575771
v -8.4296255 0.0000000 32.5569611
v -5.7337046 0.0000000 32.7200356
v 9.5824862 0.0000000 45.9103508
v 28.6488876 0.0000000 -39.6586189
v -7.0537210 0.0000000 29.1586399
v -1.9350163 0.0000000 35.8257523
v 28.9372253 0.0000000 -38.1059189
v -13.5483475 0.0000000 -25.2330666
v 39.0533752 0.0000000 -39.6200104
v 4.6782255 0.0000000 34.7277336
v 18.4176636 0.0000000 43.4942055
v 32.5211296 0.0000000 -33.6860046
v 3.4092209 0.0000000 30.1013985
v -22.3135452 0.0000000 13.0088892
v -20.3794613 0.0000000 -17.5835552
v 9.7261448 0.0000000 29.3354435
v 45.0691414 0.0000000 -33.3061028
v -11.0693169 0.0000000 15.6743298
v -15.1018696 0.0000000 11.6848736
v 44.0622864 0.0000000 -28.6138363
v -15.9993134 0.0000000 10.3748302
v 1.2164941 0.0000000 22.6097298
v -4.3007588 0.0000000 18.8642464
v -5.3243737 0.0000000 -22.3465023
v -0.0863178 0.0000000 -23.6381359
v 39.9586220 0.0000000 -25.1280556
v 41.5138016 0.0000000 -24.2521877
v 25.8797512 0.0000000 -22.4047928
v -22.5952969 0.0000000 6.0149655
v -21.2517967 0.0000000 7.4959831
v -0.8453859 0.0000000 17.9861393
v 4.9362078 0.0000000 19.9046097
v 35.8075104 0.0000000 30.2374573
v -20.4667110 0.0000000 -15.8907280
v -16.2914066 0.0000000 -15.2163906
v 35.7911453 0.0000000 -16.9386406
v 5.8182364 0.0000000 15.0859680
v 20.2344933 0.0000000 21.8697701
v 16.2264729 0.0000000 -14.2095566
v 12.3418627 0.0000000 -13.0514603
v 3.6102235 0.0000000 12.2003508
v 13.5354471 0.0000000 17.4611206
v -22.5296803 0.0000000 -12.5787277
v -15.8140755 0.0000000 -11.7023907
v -32.4326439 0.0000000 -2.0225499
v 23.0702267 0.0000000 15.8829327
v -51.6168098 0.0000000 -10.5789242
v 55.2868767 0.0000000 -9.4011574
v 49.3562889 0.0000000 22.9320755
v 14.2306252 0.0000000 -8.7474222
v 43.8008423 0.0000000 -8.2186642
v 45.3086395 0.0000000 -8.5924759
v 12.2156391 0.0000000 -8.0446758
v -8.7587414 0.0000000 -10.2667217
v -32.4250336 0.0000000 -4.1435075
v -11.1827383 0.0000000 3.0511687
v 21.2011929 0.0000000 11.8568106
v 0.3505580 0.0000000 3.3160086
v 10.7228088 0.0000000 5.2329879
v 16.1390438 0.0000000 9.1280613
v 41.5297699 0.0000000 12.1323833
v 43.4630203 0.0000000 12.0619564
v 23.3461075 0.0000000 5.8327136
v 20.4612389 0.0000000 6.3277516
v 53.7363968 0.0000000 11.5993910
v 36.4903641 0.0000000 2.6413796
v -16.1048813 0.0000000 -7.6394062
v -12.4785376 0.0000000 -5.6478882
v 14.2948341 0.0000000 -3.7008424
v 11.1619682 0.0000000 -4.5037270
v 44.5360680 0.0000000 2.4818382
v 42.7894783 0.0000000 1.7322772
v 16.0413475 0.0000000 -4.6198568
v -10.5628843 0.0000000 -6.7911649
v -18.0959072 0.0000000 -6.9396944
v 14.0928917 0.0000000 -5.3729696
v 9.3515015 0.0000000 -5.4511766
v -2.3549740 47.4840431 -31.0942898
v -51.8506470 25.6065750 11.1461306
v 4.5259628 47.2258148 31.1129112
v 34.0990601 25.3774891 -40.9135780
v 32.4336510 40.8184738 -19.4527531
v 31.3521194 33.6168442 -32.3497467
v 52.3154106 25.0478172 -11.6827183
v -35.4617195 38.1504974 -19.5786324
v -42.1560631 36.4838982 0.6913786
v -3.6577396 29.3265133 -49.1872215
v -0.7778409 33.2308197 -45.4394302
v -35.7551422 24.8707161 -40.1605339
v 32.6970749 43.5945892 12.5728064
v -8.5872087 60.0000000 -1.8549987
v -4.1691380 60.0000000 7.9531522
v -28.1872616 0.0000000 -46.8983459
v -52.0655518 0.0000000 -21.4857712
v -31.6408710 0.0000000 39.5581093
v -10.5558996 0.0000000 -46.8686562
v -11.2829666 0.0000000 -39.6620407
v -2.0022693 0.0000000 -45.1878967
v 2.7754819 0.0000000 -42.8198280
v 4.3190136 0.0000000 -43.5474472
v -0.8374581 0.0000000 -40.5104370
v 7.3799229 0.0000000 -39.6821785
v 9.0595417 0.0000000 -40.5799179
v -2.9334936 0.0000000 39.1402397
v 8.9364586 0.0000000 -38.8244057
v 6.5316782 0.0000000 -35.1372337
v -48.7699013 0.0000000 -14.8870268
v -37.7361031 0.0000000 -20.2002850
v -38.7136688 0.0000000 -18.6255245
v 20.3383026 0.0000000 32.5997238
v 42.9110222 0.0000000 -21.6541576
v 26.7582092 0.0000000 -16.8125534
v -26.7242012 0.0000000 2.6716638
v 47.2820663 0.0000000 32.5164452
v 19.8639908 0.0000000 -10.0713034
v 20.7008171 0.0000000 -8.8838720
v 19.2467175 0.0000000 7.3603940
v -20.3243980 0.0000000 -3.7712259
v -23.5774231 0.0000000 -3.5105171
v -20.2078629 0.0000000 -1.8206472
v 34.8983994 0.0000000 5.7964954
v 36.4068375 0.0000000 5.6979890
v 13.8891478 0.0000000 -7.0547833
v 37.7002831 23.2248459 40.6316566
v 34.8096657 34.1627235 27.7337570
v 35.4741058 35.2721977 24.9827785
v 19.1656418 52.3255005 17.9886608
v 26.1407967 32.6553001 37.8393669
v 18.9080219 44.3764343 -28.6029911
v 40.9126968 37.4948273 -4.7186871
v 43.6154900 33.1676903 -12.9310732
v 32.7792854 44.2554779 -10.3791027
v 50.7119980 24.2487354 -19.7271576
v 52.9776878 25.5296307 3.8098357
v 1.8009237 31.5772228 -47.0500298
v -25.5697842 29.6099968 41.8688011
v -7.7209573 29.8475800 48.1940804
v -8.7729397 30.9898891 46.8633995
v -25.7475262 49.9306870 12.7322092
v 16.5115833 33.8502007 41.6420784
v 23.7320385 30.1989326 42.2304459
v 12.4864101 42.0267677 -34.4065437
v 36.0569496 36.2588310 -22.2645206
v 39.5370064 24.1491203 -37.4827919
v 29.8920422 36.8134689 -29.2715931
v 36.8976212 28.5005283 -33.9521599
v -30.4260368 33.6007156 -33.2223320
v -42.9873009 35.0863037 -7.2722216
v -47.7897186 29.8736401 -9.9359894
v -43.0327682 25.7084312 30.8299255
v -34.6132660 44.0193100 -1.2273804
v -25.2793674 53.2665749 -2.4975078
v -44.4202499 34.2199936 -0.4206414
v 0.3762728 46.9871788 -31.7056866
v -1.0056950 42.7660484 -35.8976974
v 0.1299354 27.5917854 -51.1043320
v -40.4249802 35.8938446 -13.9276886
v 48.0720444 22.9755096 28.0244923
v 35.1208687 38.6215935 19.1618767
v -21.9304523 22.5426369 -51.6258392
v -25.8385124 30.4642982 -40.6839981
v -52.2354584 26.1103230 5.6943622
v -25.8227024 52.7688103 2.2923248
v 9.2814093 60.0000000 3.6279876
v -8.1759472 60.0000000 -7.4072547
v 3.7589152 60.0000000 -2.2437644
v 6.0270438 60.0000000 2.4027050
v 1.7745466 49.9587059 28.6562996
v 1.2346832 29.1180019 49.5356140
v -53.6736298 0.0000000 7.6174550
v -40.6075287 0.0000000 41.2878151
v -34.4437790 0.0000000 45.1673813
v -19.0296497 0.0000000 -51.4019318
v -12.0447884 0.0000000 -55.7747040
v -9.9238977 0.0000000 -57.8172188
v -33.8706398 0.0000000 32.6145592
v -41.9343719 0.0000000 -25.4546108
v -15.2567263 0.0000000 -47.7973022
v -4.1027822 0.0000000 -52.2002449
v -25.2170525 0.0000000 39.1512413
v -44.7670403 0.0000000 9.7694578
v -7.7411146 0.0000000 -48.2248688
v -39.8985672 0.0000000 -25.1512241
v -37.6528244 0.0000000 14.9275627
v -34.9278412 0.0000000 17.3946304
v -34.1044693 0.0000000 15.5392284
v -40.2327347 0.0000000 11.1516228
v -12.6119690 0.0000000 45.8759422
v 9.1264963 0.0000000 -45.5598564
v 7.4882421 0.0000000 -41.4970169
v 10.6569700 0.0000000 -41.7233658
v -10.0514259 0.0000000 33.0833321
v -34.5322838 0.0000000 -20.7994537
v -29.9382763 0.0000000 -22.1789436
v 15.3468847 0.0000000 -41.6477814
v 7.8752971 0.0000000 -33.9088287
v 13.0992908 0.0000000 -35.8565254
v -33.9606018 0.0000000 9.5942173
v -4.2539315 0.0000000 31.8811321
v 12.3764715 0.0000000 -32.5691147
v -0.8545811 0.0000000 31.0831261
v -6.5256343 0.0000000 26.2962875
v 18.5174332 0.0000000 -31.3290119
v 23.0503731 0.0000000 -33.9500351
v 15.5813627 0.0000000 36.9793968
v -7.0172729 0.0000000 -23.5580444
v -12.1498737 0.0000000 -22.0729637
v 10.4817266 0.0000000 26.3954086
v 17.3183708 0.0000000 -25.2511177
v 3.3723884 0.0000000 -22.6390877
v 10.3214808 0.0000000 -22.2718735
v 34.5772133 0.0000000 -23.9776230
v 19.8851089 0.0000000 -20.8502083
v 1.0598927 0.0000000 -19.5693283
v 20.5699196 0.0000000 -18.1633739
v -17.7791615 0.0000000 7.1786060
v -7.4457798 0.0000000 12.2585297
v 21.4431896 0.0000000 25.3263512
v 29.0770378 0.0000000 27.5868683
v -7.5564532 0.0000000 -13.5633001
v 37.3291016 0.0000000 -14.3447542
v 26.0737190 0.0000000 -13.9058838
v 27.1176338 0.0000000 23.0796432
v 38.3567886 0.0000000 23.8946419
v 32.2650185 0.0000000 20.1952972
v 26.1748314 0.0000000 15.9535589
v 44.9548874 0.0000000 20.3872280
v 15.5986528 0.0000000 -7.6448102
v 13.0903234 0.0000000 8.0028009
v 36.1439934 0.0000000 9.2206230
v -33.5598488 0.0000000 -7.2311931
v 56.1870117 0.0000000 8.6792793
v 31.6066303 0.0000000 2.1866815
v 47.8719635 0.0000000 3.9620025
v -16.1044598 0.0000000 -9.7919807
v -3.1707294 50.4204254 -28.0657387
v -22.9900589 40.8817596 29.9651508
v -15.6694860 24.7342949 51.5864868
v 36.3935661 32.8688850 27.7839146
v 45.0485992 22.9300690 32.7865257
v 21.5962448 42.1234665 -29.4740410
v 1.7832453 36.3447571 -42.2828598
v 2.7617848 54.9577293 -23.5451183
v -15.0617638 34.7960205 41.1813469
v -5.8277311 37.7955322 40.4675713
v -6.6061592 41.1089668 36.9937286
v -27.1396027 49.5863190 10.3479204
v -36.8044395 38.2000618 16.7825108
v 16.7345200 36.3984680 38.7945290
v 16.5321407 35.1497993 40.2320862
v 20.4859848 37.6173096 -35.5621414
v 6.3646150 49.2905045 -28.7006359
v 11.6067543 36.6850433 -40.3375244
v 34.4219894 24.1534843 -42.2392082
v 31.2223988 41.7797279 -19.5837135
v 29.1404324 44.3705101 -18.0242023
v -26.1302929 48.3350945 -15.3252602
v -28.2980213 38.2803955 -28.7910385
v -44.2475281 32.9210129 -11.7083893
v -23.4856834 48.6475868 -18.7039452
v 24.2467079 49.5976944 15.9788694
v -2.0422001 33.6883774 -44.9162750
v -36.0310287 41.0218353 -10.8510513
v -27.9247856 49.5313568 -8.2196789
v -49.0207176 28.6906090 -9.8200502
v 11.9666719 52.7257271 -22.9788361
v 1.3168161 60.0000000 -11.0432606
v -3.8227594 60.0000000 -0.6808754
v -2.6880691 60.0000000 2.1305516
v 0.6913998 60.0000000 3.2587626
v 8.5435953 29.1977234 48.7092743
v 2.9794405 29.4892788 49.0655098
v -48.5756607 0.0000000 17.3817577
v -50.0796089 0.0000000 12.4560766
v -26.8331261 0.0000000 -47.2260971
v -36.1690521 0.0000000 45.6527596
v -25.1144104 0.0000000 -46.6571732
v -33.9947510 0.0000000 -37.3479652
v -28.3162270 0.0000000 47.1722298
v -25.4168854 0.0000000 49.8574600
v -9.0138140 0.0000000 -55.0541306
v -17.6283035 0.0000000 -45.8313293
v -37.1245613 0.0000000 28.9231586
v -34.1527634 0.0000000 30.8071556
v -14.7463951 0.0000000 -46.2669182
v -27.1158791 0.0000000 36.5882568
v -48.0616760 0.0000000 6.0030737
v -7.1083779 0.0000000 -46.5670700
v 0.3502228 0.0000000 -48.4462585
v -29.3587208 0.0000000 28.8250771
v -14.7011795 0.0000000 43.5793076
v -23.0131378 0.0000000 29.5082588
v 8.9220676 0.0000000 -49.4628220
v 1.2577907 0.0000000 -43.7235641
v -27.7564449 0.0000000 20.4696484
v -18.1549988 0.0000000 29.2916794
v -2.2985620 0.0000000 -35.0354347
v -15.2653065 0.0000000 -30.2201385
v -13.6422873 0.0000000 -30.5186443
v -7.2282510 0.0000000 -31.2642555
v -34.0176163 0.0000000 3.0613868
v 24.0663147 0.0000000 -41.1618843
v -28.0926266 0.0000000 -22.0333748
v -8.0586576 0.0000000 -29.5813198
v 0.9057837 0.0000000 38.5997696
v 1.8656512 0.0000000 29.2605324
v 22.5036087 0.0000000 46.8023758
v 29.3785782 0.0000000 -34.7743073
v 6.3473253 0.0000000 -27.1649075
v 7.3646607 0.0000000 -25.9474525
v 14.4602470 0.0000000 33.7324371
v 33.1431084 0.0000000 46.2228432
v 34.2082405 0.0000000 -33.1344833
v 24.4748135 0.0000000 -27.7873116
v 4.6293774 0.0000000 23.1332073
v 8.0172806 0.0000000 23.7697906
v 12.0761080 0.0000000 26.5934029
v 16.4457378 0.0000000 -20.6190128
v 11.0020695 0.0000000 20.7578316
v 4.7162657 0.0000000 -17.2068005
v 8.2224112 0.0000000 -17.0345936
v -7.6185379 0.0000000 10.7184105
v 4.1919656 0.0000000 -15.2656145
v 3.3892756 0.0000000 13.6948090
v 57.1177177 0.0000000 -11.7076225
v 28.5114098 0.0000000 -9.8568087
v 10.3458862 0.0000000 -8.3057413
v 4.6853623 0.0000000 -8.9972954
v -2.6419697 0.0000000 7.1722584
v 0.0629982 0.0000000 -9.8526974
v 38.0915718 0.0000000 18.9542542
v 52.5624733 0.0000000 21.6604576
v 53.8976326 0.0000000 18.5334625
v 53.1003189 0.0000000 16.7565269
v 42.2121353 0.0000000 7.2621069
v -14.5490894 0.0000000 -6.2565103
v -5.0864477 0.0000000 -3.1124291
v 49.5215225 0.0000000 0.1672368
v -3.2341309 0.0000000 -6.3686924
v 7.5945082 0.0000000 -6.6417413
v 36.7430229 27.0117683 36.2719193
v -31.8957825 27.1182499 40.5043869
v -6.4442129 56.1834984 21.5001583
v -8.7105923 51.7241554 25.4688663
v -7.8793182 49.6493378 27.8995056
v 15.2099810 33.4029236 42.6282234
v 24.1895695 46.8124199 20.6927700
v 17.7074280 54.7704124 15.9582109
v 42.4313583 21.7726574 37.8994446
v 31.5861416 21.9269409 -47.1019173
v 11.6905336 56.1409149 -19.2537098
v 39.5805283 37.8908882 -9.8420486
v 31.3402748 46.2810669 -8.1123962
v 46.1829681 32.4709396 0.6430244
v 49.7810822 28.8455048 1.6019952
v 48.9434547 29.7047997 0.3415020
v 39.6401787 38.9648514 1.9457078
v 36.9449768 41.5879059 2.8551657
v -46.4844894 22.2108631 -32.0248909
v 1.6588812 46.1491089 -32.4827461
v 2.5146308 44.0619392 -34.5135155
v 1.4377964 39.6071014 -39.0401535
v 1.1191057 55.2710724 -23.3799210
v 0.6221260 48.3051872 -30.3857288
v -19.2836781 22.0922527 53.1634521
v -11.5061836 24.0499706 53.4027481
v -12.7227106 22.8537979 54.3468666
v -10.6612377 26.0096531 51.5714722
v -12.3608961 25.5760422 51.6268921
v -2.6127834 36.9617996 41.6640129
v -1.2688130 46.8703003 31.8125820
v -45.2471275 29.7217083 18.6623650
v 3.9304638 30.3252182 48.1710854
v 5.0921922 35.9789352 42.3828049
v 0.9547064 58.8053894 19.8425369
v 34.5441399 21.2458973 -45.8972664
v 0.1389983 21.8721809 -56.8110199
v 38.8494835 30.6765423 -28.1715641
v 40.8058510 30.5284176 -25.4805527
v 42.4275780 34.9962387 -10.4195318
v 4.5978909 54.5083961 -23.7491875
v -39.9796982 37.9630661 -7.7096109
v -21.7334175 55.7219620 -7.2476902
v -39.8055458 37.4009056 -10.9034052
v -44.4335289 24.5893326 30.8156471
v -23.7581940 48.2632446 18.9531326
v -52.0365677 26.6057110 -1.0645874
v 20.5275707 54.2901917 13.0566463
v 27.4378700 44.1255226 20.9845085
v 25.4505749 28.1165447 -43.6720657
v -0.8166668 47.6092072 -31.0686760
v -1.3296111 22.2357826 -56.3992233
v -45.4992752 29.8728790 -17.5974579
v 29.4964237 45.0315475 16.0852261
v -20.8003139 24.8071537 -49.6522446
v -23.2379665 34.5399208 -37.5169449
v 10.6695328 60.0000000 -4.0119185
v -4.9609475 60.0000000 -6.7458944
v -0.6664514 60.0000000 -3.5468869
v -0.4113389 60.0000000 -1.7832260
v -13.1774006 60.0000000 -2.5225451
v 1.7876182 60.0000000 5.0179262
v 11.3115721 60.0000000 -1.0269487
v 36.6793861 38.2743378 16.9315166
v -14.4702520 31.3813286 -45.0288620
v 2.2159824 30.4233494 48.1776733
v 2.3495214 32.4425850 46.1503944
v -55.2272072 0.0000000 7.2533288
v -49.5059586 0.0000000 25.3438148
v -45.5900459 0.0000000 36.6232147
v -46.6466599 0.0000000 35.3150139
v -36.7797050 0.0000000 -42.7681847
v -45.9909668 0.0000000 23.8088894
v -40.0555611 0.0000000 42.8154984
v -53.6964874 0.0000000 0.2738644
v -38.3709488 0.0000000 38.3171997
v -37.2265244 0.0000000 42.7461395
v -48.3891525 0.0000000 -22.5128479
v -38.9243698 0.0000000 33.5462570
v -13.3088322 0.0000000 -57.0717850
v -42.7500114 0.0000000 24.9593487
v -39.9099846 0.0000000 30.5436020
v -30.4796772 0.0000000 49.6027222
v -24.7098808 0.0000000 53.1533127
v -43.8761787 0.0000000 15.0412388
v -29.5875893 0.0000000 41.8336716
v -6.8593631 0.0000000 -57.6789665
v -32.9961929 0.0000000 -34.3604355
v -4.3445253 0.0000000 -55.3304787
v -26.6836185 0.0000000 41.9928398
v -12.0909338 0.0000000 -49.2472687
v -38.6112480 0.0000000 22.5275307
v -48.3196602 0.0000000 -19.3537731
v -6.6108799 0.0000000 -49.7387047
v 8.5420637 0.0000000 -57.8636856
v -13.8415527 0.0000000 54.9446564
v -8.8888493 0.0000000 58.1270523
v 8.4951344 0.0000000 -52.8932037
v 13.6895218 0.0000000 -56.6231766
v -38.6053467 0.0000000 13.5789223
v 15.8482475 0.0000000 -56.2121086
v -10.3410387 0.0000000 50.3258362
v -14.7605000 0.0000000 38.0712662
v -20.3914871 0.0000000 -32.5616837
v 23.0705223 0.0000000 -53.6691322
v 5.8944736 0.0000000 -44.0203781
v 31.0840263 0.0000000 -49.4968948
v 2.7126939 0.0000000 43.9606361
v 14.2616777 0.0000000 55.6751060
v 35.1614876 0.0000000 -46.6182251
v 9.9158611 0.0000000 -35.8733978
v -20.0354137 0.0000000 19.7393837
v 9.5984364 0.0000000 42.8252983
v 21.0099831 0.0000000 52.9742508
v 41.6614609 0.0000000 -41.3676300
v 10.0593405 0.0000000 39.7420044
v -15.1242180 0.0000000 -22.3651543
v -30.1181011 0.0000000 6.9342766
v -15.7535009 0.0000000 17.0097713
v 27.7681999 0.0000000 47.7372513
v 30.9037285 0.0000000 48.1647530
v 3.7818084 0.0000000 -24.8549824
v -36.6082458 0.0000000 5.4821424
v -9.1599054 0.0000000 -21.1692238
v -3.8910732 0.0000000 -23.9270020
v 8.7102642 0.0000000 -23.1605034
v 31.7917709 0.0000000 -30.5193329
v -45.4113731 0.0000000 -2.7541630
v 50.5954552 0.0000000 -29.7548447
v 38.9841614 0.0000000 43.2175064
v 35.6422691 0.0000000 41.2651138
v 15.3797894 0.0000000 -22.1252823
v 20.1054535 0.0000000 -23.5792370
v 38.9139633 0.0000000 41.2545013
v 28.4269409 0.0000000 -23.2666512
v 26.9890518 0.0000000 -23.6749153
v 52.3329659 0.0000000 -25.6419849
v -18.6531811 0.0000000 8.6013708
v 30.9899139 0.0000000 34.1948967
v 39.1499062 0.0000000 39.3612556
v -19.0447445 0.0000000 -16.3115311
v 22.5810509 0.0000000 -21.5627880
v 50.5259933 0.0000000 -25.3039036
v 21.3138180 0.0000000 -20.1209202
v 51.9609833 0.0000000 -20.7740555
v -54.3903542 0.0000000 -10.2055645
v 43.4874992 0.0000000 36.5866699
v 10.1585894 0.0000000 23.8566628
v 23.7756939 0.0000000 28.7341766
v 22.6612644 0.0000000 27.0089531
v 29.8332596 0.0000000 30.7628345
v 25.2904453 0.0000000 -19.9101353
v 46.1321945 0.0000000 -19.2576694
v 47.5082855 0.0000000 -17.7346821
v -3.7261260 0.0000000 -14.1362104
v -6.3738065 0.0000000 -12.1904306
v 48.0794296 0.0000000 -15.6386461
v -38.9458847 0.0000000 -1.9069011
v 24.1611404 0.0000000 21.6409397
v 16.6933079 0.0000000 21.8464622
v -23.1566887 0.0000000 -10.5182619
v 51.0133324 0.0000000 -11.6318216
v -33.8175659 0.0000000 -3.2670455
v -4.4816217 0.0000000 7.5271177
v 42.1072006 0.0000000 26.8725758
v 55.4359665 0.0000000 -10.8879051
v 5.7942863 0.0000000 9.6560793
v -38.4507637 0.0000000 -10.5562115
v -1.4547639 0.0000000 -10.9028625
v 24.6404209 0.0000000 14.8501425
v 56.0157127 0.0000000 -5.0088396
v 52.6934891 0.0000000 23.5453892
v -6.3661413 0.0000000 3.1726706
v 5.6956615 0.0000000 4.4659214
v 5.8799467 0.0000000 2.8198063
v 18.2800484 0.0000000 10.7566433
v 56.5142670 0.0000000 6.4510713
v 47.8895226 0.0000000 2.5976796
v -8.3708553 0.0000000 -6.8838534
v 53.0476646 0.0000000 1.2460361
v 56.8273621 0.0000000 1.7031047
v 58.6135941 0.0000000 1.9978303
v 58.8804970 0.0000000 -1.1610568
v -2.6200612 0.0000000 -8.0278482
v 28.6878357 0.0000000 -3.3181653
v -18.0740299 59.4226532 6.1499715
v 18.3643665 3.1328189 -57.0337791
v 38.5694504 15.5582209 -45.9233437
v 59.2388992 16.0784550 8.9840393
v 50.4244957 0.0000000 8.6305656
v -39.2184982 30.6205387 -27.7432442
v -48.6624870 19.4352226 -33.7398033
v -54.2625885 20.4972935 20.9506512
v 9.6625509 19.3683147 58.4517326
v -43.9305191 25.7998486 29.3929234
v -22.3296585 51.4801407 15.4580173
v 10.2937460 54.4159241 21.9195995
v 47.8906021 11.0701208 36.1141739
v -23.7042770 18.7618160 -54.6671219
v 57.8573799 15.2485104 15.5629740
v 57.9991455 20.0708809 -8.2248554
v -29.0129452 19.9456367 -51.0248680
v 51.2397194 24.0051594 18.9574566
v 4.7809100 19.0677967 59.3153992
v -4.7440457 16.1893978 -59.7489166
v -17.0893478 2.4455004 -57.4627609
v -34.6927834 19.1645966 -48.1590004
v -57.5094299 1.2415112 -16.8161736
v -42.0311508 1.3848286 42.7099228
v -42.1665268 13.8611908 42.5814400
v 39.6385574 14.2977009 44.9747849
v -59.0540619 0.0000000 -7.9436440
v -42.1786537 0.0000000 23.1263275
v -1.9269953 0.0000000 -57.7664413
v -5.6966476 0.0000000 51.6590271
v -23.5899677 0.0000000 -21.6458645
v 45.1151962 0.0000000 11.3224716
v 31.6363583 37.6901779 26.0568752
v -17.3760223 58.1935234 -10.7221813
v -58.8065071 1.4624573 11.6172075
v -45.5376778 1.3006475 38.9333420
v -39.8739815 8.6823273 -44.7531471
v 59.8970718 3.0342612 1.8973911
v -19.9344597 0.0000000 34.6719093
v -23.5691051 0.0000000 -23.6173325
v -0.0784632 0.0000000 26.4565983
v 25.5300541 0.0000000 -15.4815826
v 27.9962349 0.0000000 -5.0065989
v 31.0523796 5.5270257 51.2370605
v 23.9377594 31.6359425 -40.4786530
v 15.6689835 45.1277962 -29.6221466
v 32.8160133 45.8053436 -1.2803607
v 12.1973209 29.5265770 -47.5852356
v -8.8525782 58.0132408 -18.6145706
v -15.0957117 40.1952744 35.3610649
v -16.8171425 59.9705544 -3.4913759
v 26.2736092 20.5736656 -51.7791824
v -50.4289703 25.6289883 -16.3646183
v 20.7114315 55.8054810 9.5860863
v 6.7794747 14.2275772 59.5279770
v -19.3614578 5.5358839 -56.6978188
v -38.9878693 39.2308922 5.9686875
v -42.5545349 15.4484129 42.2140732
v -48.2111740 4.2922993 35.6504784
v -47.3203506 1.0953197 36.8294601
v 34.5460396 5.1703053 -48.9963341
v 34.1115761 8.9172363 -49.3184509
v 59.9206009 4.5730262 1.4644085
v -21.8134556 0.0000000 54.1573486
v -22.1255646 0.0000000 43.7615356
v -16.8172340 0.0000000 37.2591972
v -0.9309194 0.0000000 55.2411537
v -19.5228443 0.0000000 26.9575729
v -14.3719015 0.0000000 29.3136177
v 36.1869659 0.0000000 -45.4386520
v 25.5365524 0.0000000 -38.2821045
v -28.5340309 0.0000000 -15.5464487
v 45.1291504 0.0000000 -24.2309608
v 37.8773689 0.0000000 29.9988098
v 34.7743759 0.0000000 24.0707684
v -10.0660229 0.0000000 4.3944244
v 35.0301628 0.0000000 -9.1783533
v -30.7525330 0.0000000 -3.1915972
v 12.7890129 0.0000000 0.4176562
v 25.1516705 42.8057289 -25.5356636
v -52.0953140 18.8909340 -28.9107151
v -45.2163582 33.3569794 3.1537430
v -50.7479706 15.0298758 -31.9111061
v 12.3150997 0.0000000 31.2926064
v 31.0558510 0.0000000 27.2767658
v 43.3935089 0.0000000 17.9065285
v -1.1062102 44.3897667 -34.2717934
v 20.9323635 49.2037582 20.6669598
v 42.2412148 34.0742722 -14.2279091
v 19.0289059 46.8112297 25.5069065
v -28.8904972 40.5633278 -24.8443012
v -50.1195869 24.2146854 21.2773457
v -20.3175621 23.8566799 -50.8795052
v -10.1751137 60.0000000 -2.9599924
v -55.8613815 22.6901550 -3.9280486
v 1.0340484 36.2324257 42.4322281
v -31.3400803 0.0000000 -28.7391243
v 2.8609219 0.0000000 55.8245392
v -7.8634634 0.0000000 40.0456505
v 0.6351178 0.0000000 43.4825096
v 33.9948235 0.0000000 -47.6686325
v -27.8160114 0.0000000 12.2438641
v -29.9927502 0.0000000 4.8512220
v 27.6878166 0.0000000 26.3435974
v 52.9124908 0.0000000 -14.4406452
v -24.3905811 0.0000000 -8.9997854
v -13.1672506 27.7383327 49.1665382
v -37.2153969 35.2983589 22.2580338
v 45.3553925 32.6954803 -7.5036798
v 45.4701996 31.5238400 12.4913826
v -29.3366795 45.2613716 -15.9488850
v -41.2272568 32.3670273 -21.0519047
v -38.4784813 38.6800385 -10.8669252
v 22.5988617 27.5467224 45.8355904
v 54.9541626 9.8700314 -23.9391479
v 47.7006035 24.9257393 -24.7512474
v -3.6822438 59.2304001 -19.0489483
v -37.5743675 10.9683847 46.6942558
v -4.1598682 0.0000000 -41.0575027
v -41.5919952 0.0000000 3.9633195
v -9.0426369 0.0000000 -34.4546700
v 13.6236401 0.0000000 -42.3482323
v -1.6380386 0.0000000 -31.3639584
v -41.5532379 0.0000000 2.0769382
v -29.7963982 0.0000000 11.3045015
v 26.1651058 0.0000000 48.6721230
v 54.1627312 0.0000000 -22.9476337
v 35.9328995 0.0000000 34.0165939
v -13.9117193 0.0000000 8.3777142
v 2.6565349 0.0000000 -13.6987514
v 42.9546432 0.0000000 22.6733360
v 51.9312134 0.0000000 25.5908699
v 45.0760574 0.0000000 18.7276993
v -44.4336090 0.0000000 -10.4415264
v -39.5523872 0.0000000 -9.1920862
v 0.0362673 0.0000000 -4.2326102
v -29.3493900 33.9253769 33.7690926
v -20.9857807 38.8711433 33.8164330
v 34.3620300 42.8577080 -10.0040531
v 32.5647583 45.6286354 5.4429631
v -9.4355984 21.6613407 -56.2000542
v -47.7938614 26.3678913 21.1844521
v 24.7285404 9.4216299 54.5726166
v 27.4462070 37.5344849 -30.6304111
v 19.4378357 50.5195618 -20.3223915
v 44.8696022 33.5971565 3.8820391
v -21.8704166 23.3173409 50.8098450
v -57.3382607 21.3049545 0.7323585
v -11.6146288 57.2465935 -17.9934082
v -41.0830536 36.3250732 -10.3662157
v -42.7266083 22.3949242 36.5906944
v 48.5081253 21.9142323 29.3703594
v 0.1000241 3.8314202 59.9120026
v -20.3685017 30.9535427 -43.1108170
v -53.1826057 25.0570335 6.7100520
v -45.0156021 33.3500290 5.2045107
v -57.6131516 20.2312794 -9.9872847
v 12.6091146 60.0000000 -0.0028827
v 56.8948135 8.9853859 19.0146160
v -8.1620522 34.3122520 -43.6011887
v -25.2409325 0.0000000 44.4867668
v 12.0301628 0.0000000 -57.5682220
v -45.6283073 0.0000000 4.2143912
v 1.3839056 0.0000000 -47.1944580
v -8.4820337 0.0000000 53.0309486
v -7.7464395 0.0000000 43.7699432
v -6.0368381 0.0000000 44.9673462
v -42.5064583 0.0000000 -19.2382469
v -26.0088577 0.0000000 -29.1114788
v 17.7344856 0.0000000 -55.6126022
v 6.1869879 0.0000000 -45.6736755
v -21.3419800 0.0000000 26.0546494
v -5.8334069 0.0000000 40.9166107
v 8.3036385 0.0000000 55.9682236
v 22.4738941 0.0000000 -48.0158234
v 20.9302979 0.0000000 -46.9543343
v 6.7033420 0.0000000 50.0067291
v 6.7036028 0.0000000 47.9087601
v -16.1710014 0.0000000 19.9220524
v -26.3577938 0.0000000 13.8368168
v 22.9015198 0.0000000 50.3144569
v -19.6722717 0.0000000 15.0094233
v 44.1948624 0.0000000 -38.3316040
v 29.5038719 0.0000000 46.8094254
v 26.0133953 0.0000000 41.0765305
v 32.3789291 0.0000000 39.2046967
v -11.1704922 0.0000000 -16.9692097
v 47.0170059 0.0000000 -24.7912540
v 17.4583225 0.0000000 -18.8007679
v 15.4600344 0.0000000 -19.2150364
v -41.8280830 0.0000000 -4.2756376
v -42.2757187 0.0000000 -2.5011036
v 49.1278343 0.0000000 -20.8412857
v -33.8594055 0.0000000 -15.4487801
v -40.1741333 0.0000000 -13.4435520
v 55.8986588 0.0000000 -16.1825581
v -11.9811506 0.0000000 4.8457890
v 49.2290421 0.0000000 27.2674866
v 8.2816515 0.0000000 13.7397661
v 45.1803818 0.0000000 -11.7350807
v -24.0223141 0.0000000 -1.7380977
v 30.7798157 0.0000000 14.7930260
v 46.6627312 0.0000000 4.7978206
v 51.2036667 0.0000000 0.7014317
v 52.5142899 0.0000000 -4.3250208
v -20.4772091 0.0000000 55.2677994
v -9.2140970 0.0000000 -41.6561279
v 41.1932449 0.0000000 -21.0742455
v 15.9909153 0.0000000 7.2627230
v -17.0735722 0.0000000 -3.9535782
v 18.6184673 0.0000000 -2.0007894
v 43.7442551 26.1594677 29.0273266
v 33.3262291 25.7708569 41.0710754
v 35.0015678 25.2370510 40.3319969
v 38.5282288 31.7537098 -26.7672348
v -38.6946335 37.6562195 13.5915089
v 46.9682312 30.5417995 -10.4952326
v -31.2227306 31.0771732 -35.8898125
v -36.2474365 10.5865173 47.7029800
v -2.5787034 0.0000000 51.4459343
v -4.2247829 0.0000000 52.0484505
v 25.4479580 0.0000000 -48.3110313
v 11.7138071 0.0000000 29.5765915
v 39.1554108 0.0000000 -13.5248051
v -18.6475372 0.0000000 -1.1456571
v 22.5152702 0.0000000 0.6348217
v 42.3290405 0.0000000 -4.7124081
v 33.0809479 0.0000000 -5.7982874
v 26.5405273 46.0019150 -19.0377960
v 6.8981957 42.5280266 -35.5005226
v 12.2370071 0.0000000 -47.4352913
v -43.0414124 0.0000000 0.8642039
v -37.7992020 0.0000000 4.2911201
v 3.4055879 0.0000000 -32.5162430
v 31.7815590 0.0000000 -38.5136414
v 11.0823927 0.0000000 38.1598167
v 39.5027390 0.0000000 -17.8521748
v 35.7870331 0.0000000 28.3052273
v 19.8548870 0.0000000 16.4086933
v 19.9425011 0.0000000 2.9403703
v 35.5000610 26.1426754 38.7015114
v 5.3980918 30.9771671 47.4007683
v 24.7644749 27.1861515 -45.1008873
v 25.1879902 46.2032814 -20.4640903
v -33.4330063 41.3337555 -16.5845852
v 11.1098480 30.7808113 -46.5771790
v -14.6112556 56.7535400 -16.2664585
v -20.9656219 28.2951393 45.7815056
v -20.0450706 57.5332947 6.5718312
v -53.6733704 22.6017456 16.2262917
v 22.6040173 32.7232170 -39.9802094
v 51.9209213 22.9648876 20.1170788
v 3.1143143 60.0000000 -13.7123756
v -53.7881660 0.0000000 13.8704481
v -26.0221310 0.0000000 -48.5747643
v -21.5809650 0.0000000 47.3736610
v -12.8833990 0.0000000 38.8975487
v -4.7964072 0.0000000 48.5888367
v 13.6606588 0.0000000 -53.4408798
v -2.2723534 0.0000000 -36.9500999
v 4.6665230 0.0000000 47.2574654
v 23.4623222 0.0000000 -43.3127861
v -12.4145021 0.0000000 28.7021236
v 6.3270388 0.0000000 44.7482834
v 29.9615383 0.0000000 -42.4509888
v 14.6848326 0.0000000 43.1673851
v 7.4982281 0.0000000 -32.2036819
v 8.6976128 0.0000000 -29.2054520
v 23.4553928 0.0000000 42.0141983
v 26.0527000 0.0000000 37.3180199
v 23.8476334 0.0000000 32.8068085
v 29.9513245 0.0000000 32.5237503
v 38.3186417 0.0000000 -19.4342041
v -12.1675692 0.0000000 -13.4392080
v 46.7503357 0.0000000 -16.1975842
v -9.5853968 0.0000000 -11.5731430
v 41.5444069 0.0000000 -10.0080652
v 16.1044006 0.0000000 -9.2817383
v 17.3434772 0.0000000 -8.0207176
v 41.2695770 0.0000000 15.3993998
v -5.6834712 0.0000000 -0.0462884
v 7.8510218 0.0000000 0.2094577
v -16.6515503 0.0000000 -5.7216463
v 46.1892014 0.0000000 1.6363382
v -18.0245228 29.8731823 45.3099442
v -53.0236893 23.9142838 13.6904650
v -52.9333382 24.4716587 -11.5871153
v 2.5239522 0.0000000 58.9027443
v 4.0301313 0.0000000 -39.7574692
v -36.5119095 0.0000000 -18.7374439
v 7.7648978 0.0000000 29.2781219
v 26.1990528 0.0000000 -18.4784031
v 27.9967461 0.0000000 -18.2780399
v 14.4223070 0.0000000 -17.7796745
v 45.6441574 0.0000000 32.0291443
v -16.7286186 0.0000000 1.1936178
v 29.4338455 0.0000000 9.3178263
v -9.3681526 0.0000000 -0.3693568
v -18.7033482 0.0000000 -3.0300808
v 40.4519768 0.0000000 6.5681868
v 28.1299286 0.0000000 -1.2437931
v 10.8347664 0.0000000 -6.4649048
v 30.8457661 24.2620583 -44.7877617
v -29.6765747 43.5076370 18.8165302
v -35.9261742 42.7074661 -1.0529817
v -53.4603119 25.1816921 2.0634422
v -48.8666153 28.1578712 -12.8857288
v -9.5281000 60.0000000 -6.1647177
v -6.0544577 60.0000000 10.2109909
v -54.5223694 24.0436363 -3.7486818
v -22.9858780 0.0000000 -49.0808105
v -26.6588402 0.0000000 -38.3774033
v 1.9559926 0.0000000 -54.0664368
v -18.2087288 0.0000000 43.5777512
v -5.9905272 0.0000000 58.2636642
v -36.0250549 0.0000000 16.0043716
v -40.2132568 0.0000000 12.8990498
v -0.3642630 0.0000000 -44.5065536
v 2.0815568 0.0000000 53.8843575
v 18.3557205 0.0000000 -44.8106995
v -36.9570427 0.0000000 9.4673557
v -33.5882759 0.0000000 -22.1838875
v 28.1264572 0.0000000 -43.1661377
v 19.5820885 0.0000000 -40.8609734
v 29.3299484 0.0000000 -44.2690620
v -9.5980148 0.0000000 31.1752682
v -13.7614260 0.0000000 27.1517811
v -31.8470211 0.0000000 7.6531634
v 17.0788021 0.0000000 40.2673645
v 5.8815689 0.0000000 29.2746716
v 1.5913576 0.0000000 25.7095070
v 35.8731079 0.0000000 -25.6673393
v 27.6843243 0.0000000 -21.6916332
v 19.4245949 0.0000000 -19.3030491
v 42.9899368 0.0000000 -18.5636978
v -27.5517712 0.0000000 -12.8535700
v -26.1008739 0.0000000 1.3602104
v 8.5415077 0.0000000 11.7796259
v 17.4628754 0.0000000 6.4448714
v -17.1183147 0.0000000 -2.2072108
v 30.8553543 0.0000000 8.7023487
v 57.6985970 0.0000000 9.9025402
v 41.7073402 0.0000000 5.6280851
v 52.3117142 0.0000000 -2.2572827
v 58.2675095 0.0000000 -2.9189768
v 31.4909477 0.0000000 -5.2224560
v 43.1386490 0.0000000 -3.0266843
v 41.2432632 34.6781578 -15.2879238
v -9.9829416 25.5627384 -52.1629181
v -36.2438927 20.9426918 44.9156876
v 29.4733372 30.5244045 -38.0720825
v 48.6549225 28.7195950 -11.2837200
v -37.7046356 39.7400665 -9.7609196
v -22.1620350 49.9946327 -18.1859570
v -39.4540977 39.1845398 0.8446770
v -48.1462212 27.3418846 -17.7310944
v -20.7733822 20.3830166 -54.4282570
v 8.1823111 27.8206806 50.1618958
v -23.7687969 0.0000000 51.4768410
v -26.7469482 0.0000000 40.0781403
v -52.2947083 0.0000000 -4.3594460
v -11.4998064 0.0000000 51.7005844
v -15.0197744 0.0000000 -36.9125900
v -42.9813995 0.0000000 5.7500324
v -16.7291317 0.0000000 -31.8620453
v -8.3896427 0.0000000 36.6276703
v 9.2091885 0.0000000 54.1291847
v -18.4692135 0.0000000 -26.9953594
v -12.6766996 0.0000000 30.2575645
v -47.6755180 0.0000000 -5.1181774
v -48.7212677 0.0000000 -2.5272202
v -38.6781845 0.0000000 1.1465836
v 19.3298416 0.0000000 51.7384987
v 21.1696281 0.0000000 51.1936798
v 30.7142239 0.0000000 43.8820953
v 21.5722828 0.0000000 38.5435448
v 35.8004379 0.0000000 45.8384552
v 21.3739586 0.0000000 33.6444740
v 3.9234395 0.0000000 21.2838078
v 18.3549385 0.0000000 24.6352844
v 41.4149055 0.0000000 36.5507355
v 18.8379021 0.0000000 -17.4870052
v 42.8771744 0.0000000 29.8643799
v 42.5969238 0.0000000 31.5723991
v 41.3203011 0.0000000 25.6359940
v 48.6012993 0.0000000 25.9428329
v 32.9853783 0.0000000 17.0420742
v 48.6773987 0.0000000 17.3375053
v 49.8471985 0.0000000 1.9659065
v 14.0979929 0.0000000 -2.1659675
v -27.9541759 34.2429237 34.5181084
v -14.6014891 32.9744759 43.2772446
v 16.7650185 27.4724960 48.3713646
v 31.3248272 21.6689301 47.5722008
v 23.2046146 50.1630173 -16.5363693
v 23.8668022 53.1234131 -8.9868917
v -44.7370644 31.0500450 16.3071117
v 38.5738945 39.9864464 -2.8121803
v -51.1257706 21.6607647 -25.1829395
v -12.1152678 48.9452705 27.1024189
v -0.1766963 31.8010902 46.8847008
v 13.2085266 46.4237633 -29.4011135
v -3.0403752 22.7496719 -55.7939644
v -3.5528302 23.9126110 -54.6042328
v 48.0990715 23.9036140 -26.2078056
v -11.1241322 53.9769936 -21.9989510
v -48.6967125 29.1612453 8.9309139
v -55.0164604 21.4994221 -15.5857821
v -44.2053413 31.3187962 -16.9444675
v -52.2080879 24.6909599 -13.7891617
v 6.5268788 50.3326073 27.5451107
v 4.2704787 37.0059471 41.4475594
v -17.0500584 27.8599300 -47.8599091
v -24.4847679 20.9161816 -52.2553062
v -22.9599419 36.0670815 -35.8743172
v -55.5838776 22.5529022 7.6746221
v -1.8938355 60.0000000 -6.6358438
v -2.0529876 60.0000000 -2.7917538
v -13.5353432 60.0000038 -4.1261592
v -14.0337610 21.3101616 -55.6023064
v 2.0623403 38.6466408 39.9627266
v -51.6955948 0.0000000 -19.4989014
v -55.1164169 0.0000000 -16.1587143
v -44.6942596 0.0000000 -22.8834133
v -25.9148769 0.0000000 45.7693100
v -26.7618198 0.0000000 44.0076675
v -10.4101582 0.0000000 -49.8792152
v 3.3032036 0.0000000 -58.4871063
v -46.1924248 0.0000000 5.8911037
v -49.5623322 0.0000000 0.2625165
v -23.3184643 0.0000000 34.8515129
v -43.3096619 0.0000000 -21.2664089
v -29.2826347 0.0000000 19.4418392
v -27.4445877 0.0000000 23.9176865
v -30.7122402 0.0000000 20.6871033
v 10.8139524 0.0000000 -48.6870193
v 23.8073330 0.0000000 -49.1706314
v 8.2738590 0.0000000 52.5803452
v 6.7757182 0.0000000 51.9280357
v -18.6979294 0.0000000 -32.4526863
v 15.1817961 0.0000000 56.8168793
v 11.8393822 0.0000000 52.9440689
v -0.0983863 0.0000000 40.1614342
v 14.9370880 0.0000000 54.1629982
v 18.1706238 0.0000000 55.2635956
v 16.8044319 0.0000000 53.9153061
v -1.0725812 0.0000000 38.7316093
v 6.5936246 0.0000000 43.0941200
v 18.8616180 0.0000000 -37.9075966
v 31.7807007 0.0000000 -41.7675896
v 30.2056084 0.0000000 -40.7070541
v 6.5913067 0.0000000 41.3858795
v 9.2577066 0.0000000 41.2284241
v -6.4107108 0.0000000 -25.4048538
v 23.2556267 0.0000000 -35.6221237
v -37.7784081 0.0000000 -17.3154678
v -9.6645145 0.0000000 -26.3123760
v -13.6719666 0.0000000 -23.3547783
v 19.1708431 0.0000000 -33.1630402
v 7.9733033 0.0000000 34.6192017
v -39.9050026 0.0000000 -16.9595833
v 42.1510315 0.0000000 -36.1997490
v 1.6856549 0.0000000 27.3601036
v -2.2136014 0.0000000 26.8662682
v 32.1016464 0.0000000 49.1891479
v 33.8383789 0.0000000 -34.8595963
v 43.9258232 0.0000000 -36.4639816
v -18.0036373 0.0000000 15.3525419
v 27.8489799 0.0000000 43.7857513
v 3.3048966 0.0000000 28.1745110
v 27.8307247 0.0000000 45.7954407
v -33.1546898 0.0000000 1.3757986
v -22.2769947 0.0000000 11.1135588
v 30.6048450 0.0000000 42.0012665
v 42.7479706 0.0000000 -31.4078598
v 44.2527084 0.0000000 -30.4231873
v -5.8791952 0.0000000 18.8651180
v -16.8769894 0.0000000 12.1696682
v 33.9638977 0.0000000 40.2627640
v 35.4823875 0.0000000 39.6553230
v 51.4162140 0.0000000 -27.0446339
v -17.8408318 0.0000000 10.2640839
v 13.2181005 0.0000000 25.2800426
v 25.0462437 0.0000000 30.3438835
v 37.8007927 0.0000000 36.4571457
v -6.2147551 0.0000000 -16.3955326
v 35.9207535 0.0000000 -22.4530163
v 46.6249123 0.0000000 -23.0425339
v -56.9649124 0.0000000 -11.5354948
v 45.0201874 0.0000000 36.7551689
v 9.5674314 0.0000000 22.1405258
v 26.7933178 0.0000000 31.3247147
v 25.5290680 0.0000000 28.4410076
v 31.4298286 0.0000000 32.2152672
v 47.6601181 0.0000000 -19.9755611
v 20.9565887 0.0000000 26.8639450
v -38.2856216 0.0000000 -15.7436342
v -32.4673462 0.0000000 -16.7306194
v 35.5338364 0.0000000 -15.0773649
v -2.6843245 0.0000000 -12.2616615
v 49.1473160 0.0000000 -16.9028645
v 56.1498146 0.0000000 -14.3502750
v -9.3935823 0.0000000 7.2813816
v -11.3417358 0.0000000 8.2268887
v 28.2729950 0.0000000 24.7047234
v 5.0312505 0.0000000 13.4644070
v -45.2049599 0.0000000 -7.2879410
v -28.6642647 0.0000000 -0.4075619
v -3.3402410 0.0000000 8.9004650
v 51.4352379 0.0000000 28.5578041
v -12.5578156 0.0000000 -11.4328976
v -36.5672607 0.0000000 -10.5435181
v -31.8927441 0.0000000 -10.0399799
v 30.1548996 0.0000000 18.2786388
v 11.2432051 0.0000000 10.3631706
v 25.9687958 0.0000000 14.1117229
v 46.1710396 0.0000000 22.7433758
v 28.7147865 0.0000000 -6.7830095
v 16.8614941 0.0000000 -6.4240556
v 57.5584412 0.0000000 -4.6353488
v 51.4638481 0.0000000 20.4824581
v 51.0836716 0.0000000 22.3092384
v -48.2680511 0.0000000 -6.9068761
v -4.5748248 0.0000000 2.5218332
v -18.4244404 0.0000000 0.6918576
v 32.2358665 0.0000000 13.4140244
v 40.5665207 0.0000000 13.8526239
v -30.7847443 0.0000000 -5.3517213
v 39.3257294 0.0000000 9.5151176
v 23.1372890 0.0000000 3.9246287
v 33.2545013 0.0000000 3.0798581
v 11.0260220 0.0000000 -0.5199919
v 9.2811518 0.0000000 0.6877460
v -2.9766648 0.0000000 -4.5071578
v 57.8472748 0.0000000 0.2764437
v 54.5731964 0.0000000 -4.5473828
v 55.2377396 0.0000000 -1.5865443
v 50.7276382 0.0000000 -3.3386264
v 49.2964325 0.0000000 -4.4955568
v -54.4930992 0.0000000 -13.1661406
v -20.0561924 0.0000000 0.0110758
v -2.5548775 0.0000000 -55.9039841
v -57.0635567 0.0000000 -8.1779194
v 28.2733593 0.0000000 -48.1367722
v -10.6772928 0.0000000 28.1611958
v 5.0453119 0.0000000 -21.9549618
v -9.0600748 0.0000000 11.4286957
v -9.6909208 0.0000000 8.7072458
v -48.4810257 0.0000000 3.0730460
v 9.5264816 0.0000000 -56.1024094
v -11.4742899 0.0000000 42.0443268
v -11.8372860 0.0000000 -36.4337158
v 26.5690269 0.0000000 -4.5802994
v -14.4994488 0.0000000 46.9735603
v -39.5823364 0.0000000 -20.1934643
v 14.2299471 0.0000000 41.6369972
v 36.8517838 0.0000000 -39.7928276
v 35.4252319 0.0000000 -37.9485435
v -14.7193565 0.0000000 18.8571033
v 16.6633091 0.0000000 38.5347099
v -38.3283272 0.0000000 -3.6056852
v -47.8607826 0.0000000 -11.4514818
v -32.9056549 0.0000000 -5.7796154
v 14.6862583 0.0000000 8.0175667
v -7.4144344 0.0000000 0.0154182
v 36.3948479 0.0000000 1.1143829
v -50.6859055 0.0000000 8.0132103
v -20.2912598 0.0000000 53.6925125
v -30.1208000 0.0000000 15.1160526
v -41.8368607 0.0000000 -17.5529385
v 19.7016544 0.0000000 50.3985100
v 11.1546946 0.0000000 32.4596786
v 6.8062201 0.0000000 30.8843441
v -23.3890953 0.0000000 4.3471937
v 32.0337830 0.0000000 21.9418526
v 22.9328880 0.0000000 -5.0003886
v -5.0888815 28.5401726 -49.8828239
v -42.3146973 0.0000000 7.2880273
v 1.7619932 0.0000000 57.3277473
v 0.9235539 0.0000000 55.5185890
v -18.6531792 0.0000000 31.8200226
v -9.5068827 0.0000000 39.0960121
v 16.2973080 0.0000000 -43.2916107
v -5.6369076 0.0000000 37.9333992
v 4.8480797 0.0000000 43.6285133
v 17.4705067 0.0000000 52.2311592
v -25.6319828 0.0000000 12.2553968
v -28.2466698 0.0000000 10.1356125
v 37.7435684 0.0000000 38.1774292
v -13.3935604 0.0000000 -14.6817837
v 54.2841759 0.0000000 -15.2158699
v -35.2013283 0.0000000 -13.8411293
v -22.8308163 0.0000000 -0.3786716
v 24.7840729 0.0000000 9.0034389
v 26.9157391 0.0000000 0.0400862
v 25.4588852 0.0000000 -3.4090867
v -45.5281868 28.3817005 21.2856922
v 7.0885792 47.9805298 -29.8682747
v -45.2411613 33.3935356 -1.8465990
v -3.6094036 60.0000000 -3.9251158
v -38.8358498 0.0000000 29.3730640
v -17.2281113 0.0000000 54.7190590
v -53.8575134 0.0000000 -5.5389690
v 14.5960684 0.0000000 -54.7862740
v -24.6778660 0.0000000 30.5452061
v -5.6298876 0.0000000 -34.2257919
v -11.6811085 0.0000000 33.9238663
v -16.7630539 0.0000000 -29.7100906
v -36.1648903 0.0000000 3.2729621
v -39.4418297 0.0000000 4.2420163
v 17.7257271 0.0000000 48.3734207
v 29.1049156 0.0000000 50.5377541
v 24.6808548 0.0000000 -32.8233147
v 24.2599907 0.0000000 40.5322685
v 20.0760689 0.0000000 38.6359215
v 7.3738337 0.0000000 25.7688732
v 44.8094940 0.0000000 -22.4148903
v 50.5949478 0.0000000 -21.9917946
v 5.7346425 0.0000000 -14.4245739
v 7.1869249 0.0000000 -13.3255024
v 44.0370216 0.0000000 33.2039948
v 21.1805840 0.0000000 18.5595169
v 45.8432236 0.0000000 24.4740601
v 54.1285896 0.0000000 -8.0843277
v 52.5573692 0.0000000 -7.5691457
v 4.9339910 0.0000000 -10.7708378
v 51.6445541 0.0000000 -6.2881527
v 35.4274712 0.0000000 12.6062241
v -23.6261559 0.0000000 -5.2552700
v -35.8587952 0.0000000 -8.9186525
v -8.5784378 0.0000000 -3.5388150
v 32.5903320 46.0609932 0.3263871
v 40.7820740 37.8552055 -1.0258179
v -49.1078987 0.0000000 -20.8786869
v -40.9580421 0.0000000 20.3837471
v -28.5618954 0.0000000 -33.8260956
v -47.2431564 0.0000000 4.3855004
v -33.8946609 0.0000000 19.1253433
v 12.7909889 0.0000000 -54.7834969
v -21.1161995 0.0000000 30.3174629
v -23.5835056 0.0000000 -31.1508846
v -24.2292633 0.0000000 -29.5821915
v 3.6349008 0.0000000 57.7263412
v 18.8111572 0.0000000 -51.6431885
v 11.3116035 0.0000000 57.4019356
v -8.8474836 0.0000000 -32.3912430
v 33.7473221 0.0000000 -46.2137489
v 21.1362209 0.0000000 49.5871773
v -43.2884865 0.0000000 -16.5233536
v -10.2268591 0.0000000 -24.4746323
v 16.1088924 0.0000000 -33.6888046
v 37.5387154 0.0000000 -37.9657593
v -17.5019207 0.0000000 16.9981899
v -2.6948853 0.0000000 29.3110905
v -14.8186111 0.0000000 15.1855192
v 31.4758530 0.0000000 46.5350189
v -13.3031387 0.0000000 13.6456947
v -19.7326717 0.0000000 9.9662828
v -12.5024242 0.0000000 -20.3890190
v 26.9045868 0.0000000 33.2143211
v -15.7054110 0.0000000 -17.2253494
v -3.7386458 0.0000000 -17.7197895
v 37.1730881 0.0000000 -20.9916401
v 44.2465248 0.0000000 -20.2998428
v -23.7232151 0.0000000 -14.1443377
v 52.7643471 0.0000000 -18.1337585
v -35.2741051 0.0000000 -3.0464556
v 44.2690964 0.0000000 31.1373730
v 46.1785965 0.0000000 28.4891262
v 44.4134712 0.0000000 27.4685173
v 50.7711716 0.0000000 29.9847984
v 30.1341820 0.0000000 21.5208073
v 45.8958626 0.0000000 26.3330441
v -5.0726261 0.0000000 -10.4765806
v 47.5645218 0.0000000 23.5759621
v 14.0464430 0.0000000 4.0973215
v 26.4241276 0.0000000 8.4410343
v -36.1311264 0.0000000 -5.7242575
v 17.2143688 0.0000000 4.5523100
v 50.7171135 0.0000000 12.7490511
v 55.5655098 0.0000000 15.3030910
v -13.7724476 0.0000000 -2.5645454
v 26.3522835 0.0000000 3.0372295
v 22.4313316 0.0000000 -2.1848674
v 57.6645660 0.0000000 3.2784410
v 55.9850159 0.0000000 0.0677243
v -4.1924706 0.0000000 -8.4221630
v -5.2925005 60.0000000 -3.1949620
v -22.6645451 0.0000000 49.9590302
v -20.0540810 0.0000000 36.6419678
v -48.0976791 0.0000000 -16.3853760
v 5.4100499 0.0000000 -28.3598728
v 26.5317020 0.0000000 -25.5145454
v 24.2693405 0.0000000 -18.5365753
v 17.7754135 0.0000000 8.2590952
v 43.9343338 0.0000000 13.9644728
v 46.5892715 0.0000000 14.3482475
v 21.3837624 0.0000000 -0.5441291
v 2.6444144 60.0000000 1.9716202
v -38.7082634 0.0000000 -29.5977573
v -3.6897414 0.0000000 -57.1054077
v -0.6087318 0.0000000 -56.2681580
v -13.1035700 0.0000000 37.0036850
v -25.1499691 0.0000000 15.0484495
v 6.6808529 0.0000000 27.5381756
v 43.3891640 0.0000000 -15.3219795
v 44.2131996 0.0000000 -13.4441776
v -35.8516808 0.0000000 -12.0514212
v -18.1335392 0.0000000 2.4459119
v -17.5376835 0.0000000 4.1924796
v 40.8568230 0.0000000 -4.7262263
v 34.8194275 0.0000000 -5.4153023
v 47.6681442 0.0000000 -3.9528136
v 49.4504890 29.0389729 -4.1430111
v 30.5596428 45.5790977 12.5843639
v -2.9052582 23.8748398 54.6973457
v -41.8508606 0.0000000 11.9965649
v 6.5434585 0.0000000 -55.1086426
v -21.5969715 0.0000000 34.0207405
v -8.9796333 0.0000000 -37.8495293
v -44.9294319 0.0000000 2.9882479
v -7.3659577 0.0000000 -33.2687988
v -0.2779751 0.0000000 -34.2459526
v 11.7317295 0.0000000 47.2694550
v 34.9098320 0.0000000 -36.0194206
v 13.2101269 0.0000000 23.2737255
v 35.8900032 0.0000000 21.2670975
v 54.7063484 0.0000000 3.6669822
v 58.0261993 0.0000000 4.9251547
v 39.2863350 0.0000000 0.2010672
v -16.3295383 26.8691502 49.1433945
v -25.0933170 48.2374153 -17.1659355
v 10.0859509 28.1649208 49.4920425
v -26.7946892 0.0000000 46.9346695
v -50.0154457 0.0000000 -19.1902809
v -45.0914192 0.0000000 11.7752867
v -36.7779427 0.0000000 17.6863041
v -18.1731377 0.0000000 39.0792274
v -16.4505730 0.0000000 43.5708160
v -0.1257254 0.0000000 57.0374451
v -3.5834846 0.0000000 47.4202309
v -1.1023610 0.0000000 49.8865051
v -2.8674207 0.0000000 44.1221008
v -1.3188126 0.0000000 -38.5794411
v 24.7593575 0.0000000 -44.2294502
v 22.3098526 0.0000000 -44.7583046
v 12.6058750 0.0000000 -39.1467247
v -11.6048107 0.0000000 -25.7906170
v 15.2237291 0.0000000 44.8362045
v -15.5593300 0.0000000 -24.4284725
v 19.5576935 0.0000000 41.8244324
v 21.5579510 0.0000000 41.9488182
v -12.9731302 0.0000000 18.5266609
v -39.5064430 0.0000000 -0.2224925
v -11.7429171 0.0000000 13.9415331
v 31.0119972 0.0000000 -20.9722595
v 4.0560546 0.0000000 18.4153519
v 7.3179054 0.0000000 18.2935867
v 10.5259304 0.0000000 18.9846115
v 41.7588501 0.0000000 -15.3051796
v 33.3707352 0.0000000 23.7058678
v -1.7717479 0.0000000 8.4756813
v 47.8987999 0.0000000 -9.9081583
v 9.6170197 0.0000000 10.0703449
v 19.1014175 0.0000000 -8.5198536
v 13.9903774 0.0000000 11.3060827
v -11.7212639 0.0000000 -2.3287094
v 50.6011200 0.0000000 10.9191914
v -21.9672699 0.0000000 -4.5203619
v 20.7610283 0.0000000 1.3995717
v 40.9494781 0.0000000 -0.1394212
v 45.4437637 0.0000000 -1.2174734
v -17.7834682 0.0000000 -9.0451202
v 7.2752666 0.0000000 -8.5192528
v 21.4429245 0.0000000 -4.0601673
v 51.1387291 26.2184868 -11.5988846
v -49.4266891 0.0000000 9.4173231
v -33.5409470 0.0000000 37.0825729
v -26.2471867 0.0000000 30.9644585
v -23.0488853 0.0000000 31.4465580
v -36.9475479 0.0000000 -21.8619347
v -47.1371155 0.0000000 -14.8035326
v -35.9658279 0.0000000 -20.3107109
v 3.9349153 0.0000000 42.2153969
v 41.3078003 0.0000000 -22.5117874
v 21.3545532 0.0000000 -14.8721466
v 47.3763161 0.0000000 34.5544281
v 39.8097534 0.0000000 12.3690958
v 29.9837875 0.0000000 1.4248934
v 31.4889374 0.0000000 -1.2441165
v 33.0440903 0.0000000 -0.4564626
v -24.6572647 29.1086922 42.9810600
v 33.0564537 32.8988113 -31.6199169
v -16.4850693 42.3654289 -32.3045921
v 6.3780432 60.0000000 -4.2356362
v 6.6590333 60.0000000 -1.3251508
v -35.2780418 0.0000000 -38.1321869
v -51.1670341 0.0000000 0.6479207
v -46.8717079 0.0000000 7.4946189
v -32.2380066 0.0000000 20.0104542
v -41.7384987 0.0000000 10.1617498
v -34.4840279 0.0000000 -23.6854420
v 17.0241184 0.0000000 -41.5337982
v 28.7406464 0.0000000 -45.7711105
v 14.6538277 0.0000000 -34.9940109
v -30.2943954 0.0000000 9.1792707
v 9.9493265 0.0000000 35.2793350
v 19.2945080 0.0000000 36.0841026
v -28.1590900 0.0000000 5.0390687
v -19.7466965 0.0000000 -14.5461121
v 48.2771378 0.0000000 -13.4771109
v -19.7620926 0.0000000 3.8488388
v 28.9760284 0.0000000 23.0750999
v 16.7810249 0.0000000 17.4387913
v 33.8897896 0.0000000 20.7312031
v 4.9800797 0.0000000 8.3158960
v 29.2675076 0.0000000 11.2611227
v -12.8453398 0.0000000 -1.1779566
v -14.6848230 22.0701218 54.6226883
v -25.0123291 0.0000000 -38.9582558
v -7.6397262 0.0000000 49.3187332
v -1.0543392 0.0000000 58.3764992
v -7.5172682 0.0000000 -39.0649338
v -52.3530273 0.0000000 -5.9454012
v -23.2261295 0.0000000 21.6456490
v -10.4914446 0.0000000 34.6646042
v 11.8441257 0.0000000 -42.8748398
v -10.0124388 0.0000000 36.1960945
v -6.0188165 0.0000000 -32.4783287
v -40.7882423 0.0000000 -1.3258107
v 23.0228310 0.0000000 53.6505013
v 24.4303246 0.0000000 47.6372185
v 24.2333126 0.0000000 45.4408913
v 27.7848015 0.0000000 -35.4574318
v 34.4210548 0.0000000 47.3071404
v -4.9321833 0.0000000 17.5626945
v 6.3515902 0.0000000 22.8781013
v 47.8759460 0.0000000 -21.8779316
v 27.6990986 0.0000000 11.7563944
v 54.7415161 0.0000000 16.9002705
v 0.6036861 0.0000000 1.2545904
v 26.5898018 0.0000000 6.3271737
v -31.7475891 0.0000000 -7.1865282
v -29.9457417 0.0000000 -7.3935976
v -2.2779973 0.0000000 -1.5992247
v 41.1891365 0.0000000 2.9562454
v 30.4921818 23.2516270 -46.2407341
v 28.0388832 49.4237213 -8.1975403
v -36.9097214 0.0000000 22.9112473
v -7.2423325 0.0000000 57.4303780
v -30.4344749 0.0000000 22.4101372
v -29.9291878 0.0000000 25.4582806
v -7.7627301 0.0000000 54.8341103
v -10.5981188 0.0000000 53.3832932
v -4.5395427 0.0000000 58.2071075
v -19.1763878 0.0000000 30.3270645
v -37.9624138 0.0000000 -23.1374226
v 4.6264577 0.0000000 56.1305542
v 26.2123756 0.0000000 -51.9690895
v 7.0767436 0.0000000 54.0686874
v 5.1773152 0.0000000 51.2064209
v 5.2734680 0.0000000 53.0307541
v 26.9238968 0.0000000 -48.1812553
v 13.3967142 0.0000000 57.1054497
v 13.0091171 0.0000000 54.2706223
v 10.2222328 0.0000000 -37.6268616
v 5.3723249 0.0000000 42.2534714
v 18.7164745 0.0000000 53.4204102
v 34.5921669 0.0000000 -41.7755051
v -20.3111877 0.0000000 18.1056595
v 24.6646557 0.0000000 52.8678741
v 8.2921705 0.0000000 44.2016258
v 20.9140797 0.0000000 47.8260574
v 11.8815851 0.0000000 39.7861710
v -24.9500256 0.0000000 10.5820799
v 26.1413002 0.0000000 46.6826897
v 29.2306099 0.0000000 48.6911240
v 26.2875843 0.0000000 44.6682701
v -13.2656527 0.0000000 -19.1594162
v -37.6451988 0.0000000 -0.5571153
v -24.4809341 0.0000000 8.7489510
v 30.6176968 0.0000000 40.1291466
v 37.2938690 0.0000000 42.2930183
v 34.2142792 0.0000000 38.4953270
v -1.9750633 0.0000000 -21.0980930
v 36.0393562 0.0000000 38.3324966
v 38.2450218 0.0000000 -24.4055405
v -2.1831055 0.0000000 -15.3749266
v -30.4836178 0.0000000 0.2039039
v 42.8536072 0.0000000 34.9197998
v 44.6861115 0.0000000 -18.6526527
v 24.3093510 0.0000000 26.9383564
v -5.2988424 0.0000000 -15.1974964
v 55.7963715 0.0000000 -17.8168144
v 46.8143387 0.0000000 -14.7447166
v -31.9688110 0.0000000 -0.0884416
v 48.8991127 0.0000000 30.8041897
v 50.3774185 0.0000000 -13.1452312
v -6.2451625 0.0000000 7.8700628
v 44.2918854 0.0000000 25.4996872
v 47.5258102 0.0000000 27.0272408
v 37.6436653 0.0000000 -12.5427265
v 36.6376762 0.0000000 -11.3857908
v -40.3740578 0.0000000 -10.7272072
v -30.3118382 0.0000000 -10.8644209
v -7.7080898 0.0000000 -8.7396412
v 47.9009972 0.0000000 21.8648872
v -3.8125222 0.0000000 5.6679254
v 35.5539589 0.0000000 16.1007481
v 9.0561666 0.0000000 5.2470145
v 37.0420532 0.0000000 13.3728542
v 36.9760246 0.0000000 11.2850399
v 5.8279734 0.0000000 6.3019686
v 9.6727495 0.0000000 2.2060533
v 43.8562965 0.0000000 9.9569807
v -8.0336857 0.0000000 -1.8487240
v -2.5621638 0.0000000 0.2230448
v 35.2142296 0.0000000 4.0679297
v 47.9553146 0.0000000 7.6307936
v 51.1290894 0.0000000 7.1628737
v 54.3069763 0.0000000 -0.0407530
v 51.3520889 0.0000000 3.4330983
v 5.9380579 0.0000000 -7.8669395
v 18.6639080 0.0000000 -6.8627443
v -57.6389351 9.5471916 -16.3497410
v -38.0167732 16.0725956 -46.3575935
v -6.5996981 35.0819435 -43.0846214
v -15.9411535 59.8422966 8.8266582
v -59.9446869 11.1259832 1.0094913
v -19.5147343 58.3846397 5.4127789
v 14.6207533 13.1740532 58.1271706
v 53.3483009 2.1623559 27.2799034
v 48.9499969 17.5512619 34.5195885
v 57.2214432 11.4825153 -17.8534222
v 59.8112450 17.7520714 -3.0834498
v -5.6048813 0.0000000 56.6324806
v -47.9872665 0.0000000 -9.6712360
v 10.4903498 11.1989202 -59.0311317
v -27.4258556 4.6715212 -53.3213730
v -25.7542229 20.1942692 -52.4582520
v -34.6673050 17.3854294 -48.8583641
v 39.2218590 6.9194665 45.3689957
v 37.1591263 7.6164250 -47.0099258
v 13.9180737 51.1210747 -23.7751274
v -12.2409210 60.0000000 -10.3021994
v -2.9770513 2.9226658 59.9111824
v -24.6846046 40.4360161 -29.1739273
v -26.7949715 51.2907295 -5.5275860
v -43.7301788 34.1252365 -8.5792246
v -54.2030411 23.2622929 -11.4241943
v 11.7372494 27.2491112 50.0541458
v 48.2595215 24.1808624 25.2558823
v -10.1464825 37.9556541 -39.4262047
v 58.7340317 12.5825768 -12.0598764
v -28.5524616 5.8880186 52.7411957
v 44.1769867 15.3332930 -40.5319672
v 54.5655937 8.7906322 -24.8829041
v 19.7875652 3.5995111 -56.5542526
v -54.9328613 12.1711788 23.9927788
v 35.1248436 35.3879967 -25.2833519
v -49.4101105 26.6010151 16.4081478
v 29.0776939 25.4394855 44.5492172
v -19.3107910 51.6301651 18.8698807
v -27.3843994 7.5238843 53.3428192
v 18.3288651 0.0000000 -20.6149826
v 19.7683372 0.0000000 11.1693726
v 34.6159630 7.8348689 48.9414101
v 31.6117516 38.0724754 -25.4530678
v 16.6091690 59.9669189 -5.6256785
v 16.1391582 46.4051704 27.9142456
v -39.3314781 39.2928352 -2.1256571
v 51.3594666 25.2164555 14.8127184
v -3.3701770 35.8540878 -42.6788788
v -13.7185984 30.9940643 45.6367226
v 53.8810425 24.0807991 -8.8580761
v 23.0439262 55.5274734 1.8688252
v 26.8134613 51.8291359 0.0714221
v -46.4309196 21.0678082 34.0240059
v -41.3155212 25.3074608 33.7586517
v -33.7421227 44.6616173 4.2838311
v 32.1945305 2.6383605 50.5498428
v 20.5708656 57.8704567 -2.6754086
v -57.3277588 19.3849468 15.0429783
v -38.2727089 33.8469887 23.3053818
v -47.4741173 20.9428749 32.8380051
v 32.1110191 39.5652390 22.3076553
v -1.0160908 31.9723415 -46.6847038
v -22.4032917 33.4445724 -39.2768173
v -35.1570129 21.3397026 -45.2536392
v 27.8973637 47.4918861 13.8510942
v -14.9246807 22.3517265 -54.2793427
v 0.5020183 50.8427162 27.8536530
v -19.6000328 0.0000000 25.1756020
v 26.8258934 0.0000000 29.5873795
v 49.3434334 0.0000000 14.0013332
v 24.7967606 0.0000000 -25.9654446
v 3.1592948 58.3674889 -20.0784702
v -45.6086121 31.7748165 -11.0273628
v 31.2098236 45.7713852 10.3406363
v -34.3003044 0.0000000 28.9775028
v -4.7936635 42.9617195 -35.3821831
v -17.2162838 51.3497772 -21.1707859
v -34.8119431 41.4732018 13.0420275
v 19.7527218 0.0000000 19.7451057
v 56.0599670 22.1200581 -7.1768951
v -12.8406601 33.0363808 43.7593193
v -31.0757236 42.8268051 17.8378735
v -48.5863266 25.0656681 -22.5625191
v 45.9501266 22.0070782 -33.1187897
v -53.3674164 0.0000000 -16.5632534
v -29.2418461 0.0000000 -31.2713070
v -3.6410141 0.0000000 56.5626831
v -33.3212090 0.0000000 6.3516760
v -20.2783489 0.0000000 13.3104696
v 22.8399429 0.0000000 43.6119385
v -13.8929939 0.0000000 4.8787336
v 6.0105085 0.0000000 -2.1397448
v -21.9138699 34.4027214 38.4525070
v 20.1558475 55.9238815 -10.3633919
v -18.1332016 0.0000000 -49.7245026
v -4.2672701 0.0000000 42.4770432
v 9.5567598 0.0000000 33.0249596
v -23.7772846 49.3248367 -17.1741924
v 4.4284730 44.3275414 -34.0759773
v -0.2956650 28.7244034 -49.9562836
v -19.4435482 33.0840111 41.2082825
v 18.6986122 37.6980171 36.4370270
v -30.1439457 25.5186119 -43.7288589
v 36.4933968 40.7715683 10.1757479
v -17.0159473 25.4264278 -50.4602394
v -12.0002251 60.0000000 6.1071515
v -13.5096416 24.9078007 -52.0224953
v -10.7217789 0.0000000 45.8809624
v 20.6311798 0.0000000 -31.5905132
v 11.7204037 0.0000000 -21.1064148
v -15.2622662 0.0000000 -13.5520954
v 35.7812729 22.8442497 -42.8033752
v 26.1447220 41.5921631 -26.2588139
v -11.5973320 43.3104324 33.3776283
v 42.2035065 28.1057968 27.8389988
v 49.9247475 25.4368458 18.3776207
v 11.8107481 46.5369034 -29.8450375
v -32.7993546 0.0000000 -43.0781860
v -1.0826030 0.0000000 -49.9608383
v 5.0259614 0.0000000 49.3000183
v 55.5414848 0.0000000 18.6356449
v 31.2357864 32.5220146 33.9968414
v -6.9175391 39.5937653 -38.4589119
v -27.8588238 25.2068577 45.6379929
v -26.6433220 24.6932793 46.9238625
v -27.4716721 27.6181526 43.0181236
v 16.1269703 53.9595985 -18.6972351
v 25.1080093 45.1628036 -22.1411057
v -0.9227369 36.6017914 42.0794525
v -46.9303246 29.2881622 -15.2938213
v -45.9258156 31.8455372 -9.2381840
v 41.9482536 33.9467888 15.4217510
v 38.2839622 38.4032822 12.4418964
v -24.9084206 0.0000000 -44.1295395
v -41.1725426 0.0000000 -23.9361343
v -21.4556351 0.0000000 42.0700150
v -10.3171959 0.0000000 56.9386330
v -52.1358223 0.0000000 -2.6335752
v -48.4406776 0.0000000 -13.2989340
v 45.3451004 0.0000000 -34.9459076
v -3.8885458 0.0000000 -20.8170624
v 48.7885590 0.0000000 -25.0941219
v 29.5908203 0.0000000 -12.9784632
v -14.8375359 0.0000000 6.3895397
v 39.8322678 0.0000000 -10.1996784
v 16.9047680 0.0000000 11.4652252
v 27.9348259 0.0000000 9.9129562
v 52.4685020 0.0000000 15.1581964
v 14.4710732 0.0000000 49.9353142
v 28.4534626 46.3789291 -15.1955404
v -21.5059528 0.0000000 14.8017378
v 40.9389839 23.0894127 37.5571213
v -4.5769072 42.7266808 35.6718903
v -5.8888330 0.0000000 -51.5884895
v 20.4573174 0.0000000 -7.4499893
v -11.7191820 60.0000000 -3.6277401
v -15.8969412 0.0000000 -41.3762283
v -55.1490631 0.0000000 -8.6281576
v -48.3382187 0.0000000 -0.7151493
v -48.2342491 30.4059353 -1.3593934
v 36.0066299 0.0000000 -32.7767105
v -47.1775093 0.0000000 -3.4775665
v 13.3563070 0.0000000 -19.7106209
v 18.5004082 0.0000000 -15.7951374
v 28.9381733 0.0000000 33.7112885
v -39.1195297 0.0000000 -12.1728525
v 17.9759636 0.0000000 -9.7088547
v 41.3254089 27.2954807 30.4853687
v -0.7823282 60.0000000 -8.1088314
v -38.6276207 0.0000000 -37.7081337
v -40.0077744 0.0000000 37.4703064
v -20.2061157 0.0000000 -24.2176495
v 27.2373085 0.0000000 -40.2880898
v -4.2697287 0.0000000 27.1322403
v -10.5621586 0.0000000 -22.5949001
v 29.0884304 0.0000000 37.3583755
v 1.9995457 0.0000000 20.7346992
v 6.7966366 0.0000000 12.6788645
v 15.4814234 0.0000000 10.6885815
v 15.5662813 0.0000000 1.7215247
v -11.2107477 0.0000000 -8.5498209
v -48.6524277 25.1702900 22.1759281
v -19.2853260 0.0000000 41.9857864
v 22.7715378 0.0000000 33.7883682
v -19.8138084 0.0000000 -31.0039730
v -32.7198792 0.0000000 -23.8241940
v 25.3257751 0.0000000 -42.4339600
v 19.9185276 0.0000000 54.6934738
v 24.4200439 0.0000000 -21.2970638
v 31.5195427 0.0000000 0.4768857
v -11.6652079 0.0000000 -45.6093292
v -16.5912533 0.0000000 -37.3965263
v -49.0360222 0.0000000 -4.1821690
v -43.3411484 0.0000000 2.6292944
v -27.6105957 0.0000000 22.3887863
v -52.3145561 0.0000000 -7.4963155
v -53.2118912 0.0000000 -9.1522713
v -42.6407242 0.0000000 -0.8419280
v 12.6343288 0.0000000 33.0122833
v -53.4033966 0.0000000 -11.6973228
v -46.6616135 0.0000000 -8.2001104
v 45.8537941 31.4662132 -11.2506609
v -28.0926514 33.9065437 -34.8448639
v -20.9095192 0.0000000 45.3534088
v -14.9762506 0.0000000 56.4254227
v -6.3509321 0.0000000 54.4128914
v -16.1723385 0.0000000 35.6210594
v -44.7236023 0.0000000 -17.5979042
v -31.2177105 0.0000000 -17.9004574
v 29.2695427 0.0000000 44.8467255
v 8.9233742 0.0000000 -18.9976749
v -46.3446503 0.0000000 -6.2403512
v 2.8500068 0.0000000 16.7629433
v -45.9076691 0.0000000 -11.7102232
v -30.5547791 0.0000000 -1.3093978
v 12.4884815 0.0000000 15.4997606
v -23.2127228 0.0000000 1.4713163
v 52.0001297 0.0000000 18.4222641
v 54.7930984 0.0000000 20.3507233
v -2.7970774 0.0000000 2.0150950
v 48.6382332 0.0000000 5.1308980
v -2.3216274 60.0000000 -8.2699795
v -41.6265755 0.0000000 -14.0811844
v 51.0617790 0.0000000 14.5285606
v 38.7505417 0.0000000 10.9936380
v 4.8297920 0.0000000 -55.2173195
v -6.7211070 0.0000000 52.9646835
v 52.5005074 0.0000000 -22.5507240
v 4.5889482 0.0000000 -7.4639030
v -8.3037987 0.0000000 56.3984070
v -42.8595810 0.0000000 -23.4545956
v 37.4552879 0.0000000 44.4687653
v 36.5359802 0.0000000 -24.0798798
v -56.4910622 0.0000000 -10.0478935
v -33.5618210 0.0000000 -14.0051231
v -44.6771011 0.0000000 -5.7990389
v 56.1644936 0.0000000 -3.2730942
v 7.2549725 0.0000000 4.3692527
v -36.7569504 0.0000000 -14.8042974
v -51.0764046 0.0000000 -6.6743374
v 32.4867592 0.0000000 15.2162037
v 38.3689651 0.0000000 -36.1397095
v -4.1070337 0.0000000 -16.2216568
v -48.3576775 0.0000000 -8.4603853
v 48.1482773 0.0000000 28.8073502
v 46.9504585 0.0000000 30.4827118
v 52.7187080 0.0000000 13.3519201
v 37.6623993 0.0000000 -32.2469406
v -13.6042814 0.0000000 11.9763031
v 50.7960930 0.0000000 24.1122704
v -9.1805201 0.0000000 -5.1589499
v -47.6461487 0.0000000 9.1405582
v -13.2375908 0.0000000 33.2905807
v -36.9201698 0.0000000 1.2123653
v 32.7041435 0.0000000 47.8298035
v 22.8383675 0.0000000 -11.5267725
v 56.2529182 0.0000000 16.9283409
v -49.9045677 0.0000000 -9.5062046
v 27.6640205 0.0000000 51.4433441
v 49.7295074 0.0000000 -15.0189819
v 40.1874352 0.0000000 26.6994171
v -34.4947815 0.0000000 -4.6768675
v 56.7343292 0.0000000 14.0973597
v 22.3266792 48.4249802 20.3239059
v 35.1380653 29.7220173 34.0237160
v 58.1695290 19.2645054 -11.4318972
v -22.2933025 11.4024286 55.6796799
v 47.4160423 15.6433172 36.7170792
v -11.7088938 16.5682316 -58.7687988
v 42.6770248 9.3975039 42.0981255
v 5.1329918 0.0000000 -58.3842773
v 15.9061346 58.8389816 -11.7885971
v 8.5728750 24.6126442 -53.3506622
v -10.9797583 48.4010696 28.1824589
v 10.0975857 58.6081047 -17.3236275
v -58.6660919 0.0000000 -12.3425484
v 59.7831306 15.8445396 3.9996309
v -14.0712271 0.0000000 58.2457733
v 42.3044853 6.1924629 42.4509163
v 14.0891180 3.8736897 -58.2450027
v 6.3995819 4.4865823 -59.5692978
v -34.4021645 40.9160728 -15.4672337
v -31.4192696 0.0000000 46.4450417
v -50.2425003 28.2824421 3.9612257
v -7.1970844 0.0000000 31.9551640
v -31.9248943 31.3519306 34.9431152
v 36.8863335 40.8762321 8.0326328
v -19.6891232 53.8152351 15.1419973
v 25.7327423 17.7699432 54.0377274
v 7.8697772 49.9504013 -27.5977707
v 30.9229774 28.2870960 -39.7816620
v 8.9391222 38.0711479 -39.6132050
v 5.1580167 20.8131142 -57.6108742
v -46.6671066 11.9659662 -37.6035995
v -25.6677303 24.5308418 -47.6242218
v -25.4921017 50.7168808 -11.3877821
v -46.9325447 30.3620319 -11.5408068
v -45.3764839 3.7732210 -39.1231346
v 7.6609817 21.5313339 56.6054649
v 7.9295597 22.6366615 55.4446411
v -14.8936405 2.5092580 58.0672035
v 39.4327469 0.0000000 45.1712570
v -42.0556183 0.0000000 21.4122162
v -11.0248623 0.0000000 -34.7444763
v 30.0254059 45.1378479 -14.8324003
v 12.0546284 31.3074760 45.7613373
v -50.7892838 27.5547409 5.6475282
v 51.8699417 25.8565331 -9.9378510
v -50.8830490 20.3231697 28.5366135
v 8.1884537 40.5076752 -37.2869606
v -26.1869240 34.5086365 35.5542336
v 35.5465698 38.7264900 -18.1747837
v -30.0916462 30.7996998 -37.2175026
v -26.5296574 0.0000000 -43.4586372
v 3.9817564 0.0000000 31.8679256
v -25.3444881 35.9018478 -34.4245529
v 17.7409916 41.1811295 -32.9926605
v -34.1583061 43.7533875 -7.2644396
v -21.7446346 43.3819275 27.7602425
v 33.4806595 30.4498043 34.7043343
v 18.9764919 30.3552341 44.4010201
v -25.0543308 47.5308723 18.4600582
v 20.9965191 27.7739105 -46.3509026
v -30.7043724 32.3780899 -34.6149521
v -41.3402939 37.1258545 -4.0730314
v -27.2634983 51.3647881 -0.9418200
v 13.8662720 32.9258804 43.5699272
v 17.2437286 26.0262318 49.7340431
v 44.4118118 32.3097305 13.2969398
v -7.7209291 0.0000000 41.8628273
v 13.1545353 0.0000000 -24.5238914
v 41.1206245 0.0000000 -6.4151878
v -6.3738999 45.9387016 -32.1009979
v -51.5791321 24.7122822 -15.8051596
v -35.6776199 42.5374413 5.7196116
v 1.9879981 0.0000000 -28.3538723
v 13.2367716 0.0000000 -26.4020691
v 35.7202034 26.9747162 37.3774071
v 30.7412472 20.7382145 49.0630264
v 30.1816616 47.1119080 -9.1176481
v -34.5259171 43.8986778 -4.1055346
v 44.6513977 22.1485252 -34.6002655
v -32.9134293 41.0826149 -18.1361160
v -38.6867332 39.1658211 -8.0738869
v -26.1462460 49.6416245 -12.5485582
v -44.8372307 31.4296532 -14.8069134
v -14.7355938 59.9999962 -1.8073022
v -49.8630600 0.0000000 -27.2459831
v -40.1201782 0.0000000 27.5106926
v 12.8866205 0.0000000 34.5888138
v -5.0230379 0.0000000 4.3804560
v -42.0623627 0.0000000 -7.4415932
v 2.2738988 0.0000000 2.4333115
v 21.7407570 0.0000000 5.1530852
v 6.3255615 0.0000000 33.9820442
v -44.8489380 23.4249420 32.2082291
v -23.0958939 50.4397697 -16.1931190
v 15.2882214 0.0000000 -15.9520283
v 13.6998577 0.0000000 -11.8739738
v 3.9210179 0.0000000 54.2655220
v 50.7764091 0.0000000 -10.0719995
v -7.6163759 0.0000000 -41.0298195
v 34.0443039 28.9565659 -36.2351456
v 11.5779638 0.0000000 17.4057941
v -3.7708054 36.0119591 42.5284081
v -24.9900036 0.0000000 32.2890320
v 25.3352585 0.0000000 -6.3390012
v 32.6658974 0.0000000 -21.4514313
v 30.1248589 0.0000000 24.4754810
v 43.3093338 0.0000000 5.8559694
v -9.3169003 0.0000000 46.0424309
v 8.3462925 0.0000000 -27.2165546
v 22.4517994 0.0000000 40.3289032
v -3.3929477 0.0000000 20.3300762
v -50.6450653 0.0000000 -3.3878381
v -15.0985184 0.0000000 -26.7185516
v 8.9285698 0.0000000 -15.4678631
v 24.9832458 0.0000000 -17.0892715
v 19.6078911 0.0000000 17.9276199
v -2.0216370 0.0000000 5.3423538
v 54.0275955 0.0000000 21.9934063
v -46.4191933 26.0832462 24.7517891
v -52.4463158 0.0000000 20.0546417
v -15.8962536 0.0000000 27.5506496
v -21.8533325 0.0000000 -22.8038311
v 41.0911713 0.0000000 -37.3596840
v -26.6038170 0.0000000 10.8335505
v -7.7520761 0.0000000 -26.6313839
v 16.6408195 0.0000000 27.4958839
v -14.5976353 0.0000000 3.1003482
v 10.5103836 0.0000000 11.8857641
v -12.6857538 0.0000000 -7.4882779
v 57.8945389 0.0000000 7.9901977
v -44.6916733 0.0000000 -0.6868218
v -21.7222118 0.0000000 19.0145760
v 24.4537888 49.0795135 -16.6274242
v -20.3761768 0.0000000 -21.5007286
v -40.3730965 0.0000000 -7.6904907
v -53.0211792 24.8208599 -9.5444078
v -15.5837440 0.0000000 -4.7221522
v 35.4369926 0.0000000 7.3573427
v 25.8375950 0.0000000 -46.1819420
v -21.7287197 0.0000000 17.6047230
v 54.4874573 0.0000000 7.4297943
v -40.0163689 0.0000000 -28.2926559
v -9.3740997 33.3101921 44.3945656
v -16.7368469 0.0000000 5.9106102
v -49.4361572 0.0000000 -5.9703350
v -23.3172989 0.0000000 19.7948532
v 45.4355469 0.0000000 -25.9176044
v 56.5966911 0.0000000 12.3767471
v 57.6361008 0.0000000 11.4441395
v -58.0780602 0.0000000 -10.8764153
v -8.1128426 0.0000000 -11.9100399
v -37.6355553 0.0000000 16.5011234
v -53.7402077 0.0000000 -7.2310743
v 53.1019859 12.2750177 -27.7445183
v -11.0532255 34.2027893 -43.0689697
v 53.0948334 24.5863686 -10.2704687
v -19.9642162 58.1584854 -4.5170913
v 21.5494251 3.1760294 55.9595070
v -13.8334866 42.0159988 -33.9375305
v -21.2964439 4.7069726 56.0426559
v 54.5016212 12.3609018 -25.0474300
v -17.5481224 11.8753729 -57.3087997
v -55.1343460 0.0000000 17.2387352
v 52.0365677 7.0996451 -29.7540970
v 47.7258720 1.6173086 -36.3261909
v -43.7887001 8.1159239 40.9779167
v 36.5267906 41.8606110 -4.5007572
v 27.8310204 32.4009399 36.9441681
v -53.4111977 20.2329178 -23.6003551
v 11.9761171 52.4940109 23.2326717
v -6.7014050 23.5201035 -54.7522278
v -3.7851484 59.9990005 -16.3039360
v -55.1791573 13.9688025 23.3746090
v 59.8828163 1.3366863 -2.1614523
v -58.6036263 1.1228311 -12.7176943
v -22.8481026 0.0000000 -34.6251717
v -26.5077858 8.7077465 53.7494469
v 4.4935527 27.9189091 -50.5437126
v -4.8969874 49.7978172 28.4877453
v 29.1463127 27.5202351 41.9929199
v 21.7637329 0.0000000 23.5719929
v 35.2134781 27.9746437 36.4609413
v 57.2165413 21.4099674 -0.8827061
v -21.3763218 53.0030251 14.1423388
v 52.6782951 4.7114878 28.5436840
v -45.7777939 30.1909733 -15.8885489
v 18.6710072 11.2557554 56.9304657
v -58.8569984 1.1365030 -11.3137655
v 21.1734600 0.0000000 35.3215446
v 15.8841763 0.0000000 30.3180408
v 24.8929482 0.0000000 6.9125624
v -10.0695438 43.5478477 33.6161575
v 36.3611908 0.0000000 19.4127998
v -5.4357214 34.0289459 44.3281174
v -55.2964821 21.6514511 13.8867884
v 40.3022499 37.5099564 8.1703148
v 5.9209476 1.5624855 59.6213417
v -49.3692207 26.7227364 -16.0869541
v -36.9588814 30.5765476 30.7628365
v -31.9443359 0.0000000 43.5167694
v -21.1390133 0.0000000 -42.8860779
v -11.8318768 26.8975983 50.4013939
v -36.5271034 41.0891075 -8.9182787
v 25.4839935 47.4118004 18.0903149
v 39.0167122 30.9395695 27.4824467
v -39.4282646 35.5809555 17.3382473
v 49.9041901 27.4262238 -11.6062231
v 24.6002693 0.0000000 51.2043762
v 29.1755085 0.0000000 19.9556484
v 13.2940149 53.4564323 -21.4360485
v -4.8148570 31.6784496 46.7782898
v 25.1027966 53.4162064 -2.4611998
v 37.4002876 41.2369537 -0.8785924
v -46.6337242 28.4833584 -18.5238457
v 18.1237717 21.8528156 -53.8208275
v -12.0723467 41.9094353 -34.7140732
v 56.2580261 0.0000000 20.6669064
v 2.8985274 22.0336838 56.5262070
v -6.0647902 47.0453949 -31.0354328
v -48.7151947 0.0000000 -25.8237133
v -18.4869900 0.0000000 51.3114777
v -9.5077944 0.0000000 40.9238930
v -4.6650324 0.0000000 23.6711254
v -4.5449500 0.0000000 -19.0458908
v 3.2726130 0.0000000 -8.1916656
v -5.1714778 27.2682781 51.1725616
v 0.9321044 60.0000000 -2.7315664
v -9.7728958 0.0000000 -51.3656998
v 11.6497917 0.0000000 45.6174622
v 47.3156166 0.0000000 25.2558517
v -5.6018410 40.2690849 38.0031052
v -40.4506645 0.0000000 17.4896393
v 11.4089470 0.0000000 22.4852314
v -41.3751755 0.0000000 -9.1942186
v -11.7752256 34.1879921 42.8656158
v -43.0720673 0.0000000 8.9900427
v -31.2878685 0.0000000 16.9740829
v -20.4630432 57.5222893 5.1649270
v -13.5730886 34.2447205 42.2803688
v -15.1701527 31.0055084 45.1692505
v -4.5700588 39.6459198 38.7783966
v 4.1824718 0.0000000 -49.7781410
v -35.2806473 0.0000000 -24.9837837
v -16.5188026 0.0000000 34.1439247
v -22.7855034 0.0000000 -8.3787746
v 5.7539840 0.0000000 -25.4883747
v 12.8774195 0.0000000 -4.5589857
v -44.2012558 29.3342628 21.8813095
v 1.6108834 57.5886612 -21.0050755
v -26.5279560 37.7859306 -31.0867920
v -24.5625916 54.0227737 2.0384002
v -13.6211243 29.2575264 -47.4892845
v 11.7500286 0.0000000 51.3309288
v 40.4136505 0.0000000 -42.9068871
v 16.9272137 0.0000000 -30.0469627
v -27.2457943 0.0000000 6.7915459
v 25.4981270 0.0000000 32.2382660
v 49.1462631 0.0000000 -22.4205704
v 26.4620113 0.0000000 24.8320007
v 49.2849503 0.0000000 -11.3263378
v 54.4260788 0.0000000 9.6781435
v 39.8635941 0.0000000 -41.4890938
v -43.9088211 0.0000000 -3.9274571
v 54.0434189 0.0000000 -21.1634388
v -35.9406738 0.0000000 19.2215118
v -46.7975845 0.0000000 -1.6534802
v -34.5407143 0.0000000 -6.0847750
v 15.7486467 42.2511597 32.8212776
v -17.3266239 0.0000000 42.1590347
v 54.4391708 10.5048857 -25.1721840
v 2.8891692 0.0000000 46.2186127
v 13.1351833 0.0000000 50.7005539
v -2.7903955 0.0000000 58.2565155
v 41.8713531 0.0000000 40.2838135
v -25.2365303 0.0000000 42.9533768
v 27.5316238 0.0000000 13.4847679
v -24.7034531 0.0000000 -26.3359642
v 22.7548199 16.4359245 55.4786758
v -57.1106949 9.1553955 18.2522545
v -4.1410346 32.1618958 -46.3208427
v -40.5953636 17.6647263 44.0056915
v 29.4688072 46.2347755 -13.4273548
v 45.6297989 0.0000000 -38.8248901
v 45.2521591 1.2436931 -39.2694893
v -13.6945152 0.0000000 23.4528008
v 13.4391441 47.7172546 -27.8450508
v 11.1539450 43.0315323 33.8323555
v -10.6063919 0.0000000 24.0564423
v 27.9093533 49.0419044 -9.8512506
v 7.5370851 26.8305397 -51.2815094
v 39.0907593 38.7623329 7.8480482
v -7.9886274 35.4426880 -42.4844093
v -28.8349037 47.4307289 -11.9272938
v -23.1489964 50.1284370 16.6540184
v -1.2657393 37.8607750 40.8137817
v -43.2968369 32.6255684 -15.6259146
v 48.7474556 0.0000000 33.1033096
v -53.3991585 22.1014423 -18.5664043
v 37.7381248 33.3548012 25.0723648
v -20.7085133 39.5481606 -33.1970711
v 7.0704560 24.0129681 -54.2003479
v -2.9373717 25.8675919 52.7102318
v -50.1118927 0.0000000 10.9302044
v 13.0700912 0.0000000 -37.4504471
v -39.7991066 33.1599426 -22.0438309
v 16.2597256 30.9375706 -44.8393936
v -22.1626892 39.4381180 32.3539429
v 24.7573433 53.8696556 -0.6689143
v 41.4604950 36.6284866 6.8839927
v -46.0986099 22.2262039 32.5352287
v 17.1955910 43.2276993 -30.9691067
v 37.8660431 26.1036949 -36.4086266
v 9.4379873 60.0000000 -1.4031054
v -7.4121737 59.9999962 14.3989944
v 14.5312119 0.0000000 -38.5175552
v 8.6445093 0.0000000 47.3414421
v -23.7164440 0.0000000 11.8871822
v -21.6356239 0.0000000 2.6317127
v 27.9956932 0.0000000 7.9211521
v 3.5763395 24.0856133 -54.4349861
v 11.0453625 60.0000000 2.6231749
v -40.6780739 0.0000000 -18.7739296
v 4.2723112 0.0000000 -41.7164650
v 11.0686235 0.0000000 -33.4262047
v 36.1442032 0.0000000 -19.1318035
v 10.1890173 20.6652718 57.0588150
v 30.6205616 0.0000000 -45.7540016
v 49.5783615 0.0000000 -26.6321049
v -39.2127647 0.0000000 -6.4209304
v 8.9858761 0.0000000 18.4438972
v -30.5183525 48.0179176 3.0021446
v -28.8305664 0.0000000 50.7215500
v -0.4826660 24.1506748 -54.5214729
v -13.7140026 0.0000000 -48.0166740
v -5.1193614 0.0000000 -53.4695435
v -22.0399284 0.0000000 -2.3384874
v -43.5583267 0.0000000 -34.5881958
v 32.5734940 0.0000000 -48.5727463
v 50.1026955 0.0000000 -18.0828819
v 44.3984337 0.0000000 -10.2522821
v 30.4231281 0.0000000 -7.0763397
v 28.8663292 0.0000000 12.7718945
v 29.1427345 0.0000000 4.3882475
v 12.2212200 0.0000000 4.4155941
v -14.4617653 0.0000000 -8.4971142
v 15.8983536 43.9263725 -30.8558273
v 8.0995646 0.0000000 -55.2129593
v 16.9293823 0.0000000 -15.7433558
v 18.9467621 0.0000000 45.2919388
v 42.1095581 0.0000000 33.2200890
v 11.1533775 0.0000000 1.2250141
v -37.2131882 0.0000000 -7.2304611
v -51.9698143 0.0000000 -15.3250847
v -18.7366581 0.0000000 55.0640869
v -21.8377380 0.0000000 4.3392954
v -29.2047787 34.2919617 -33.3824272
v -38.6156616 21.6843567 41.9344177
v 57.9175644 0.0000000 -7.7287035
v 38.2473564 19.4169044 -45.1302795
v -28.0557556 48.4987831 -11.0076056
v -41.6517906 16.6079941 43.0684013
v 52.5215569 7.2949286 28.8393135
v -34.9437981 34.2077484 27.4633350
v 10.9388809 13.5022612 58.9374886
v -0.2158502 2.5025806 -59.9120026
v -37.3516541 0.0000000 25.6855011
v 35.0213432 0.0000000 10.7812901
v 14.9183283 51.3257446 22.8881302
v 26.6602058 51.7103615 3.7798851
v 58.7603416 15.5731535 -11.8990526
v 29.6839466 28.3461437 40.6185608
v -13.7144976 48.3600197 26.9920692
v -0.1017661 8.8307095 59.9120026
v -15.4715424 0.0000000 25.7133942
v 17.4118671 49.8667717 22.8934155
v 9.0502872 35.8533783 -41.8619308
v 19.1700382 27.7580128 -47.1266479
v -11.4128971 10.4017277 58.8338890
v 59.9534683 12.3721008 -0.8507423
v -19.6901684 0.0000000 -36.1251678
v 41.0206299 0.0000000 34.5443001
v 47.4396820 28.5261631 -16.1400642
v -27.3649426 36.2440605 32.4058418
v -36.0616150 19.7937832 46.5486794
v -14.6411800 49.2344780 25.5173359
v 8.3782129 34.8585243 -43.0095825
v -33.0036354 0.0000000 40.7689438
v 8.0164862 60.0000000 -0.2282950
v -7.1641030 45.1277466 32.7826004
v -40.5940781 30.8874359 25.1731815
v 24.8119755 53.4553299 -4.2166524
v -21.9569778 42.0729675 -29.2588787
v -19.5811119 34.1214638 40.0010719
v 48.2569351 25.7702484 -21.5909767
v -33.8208199 44.7504692 2.8090706
v 33.3789864 0.0000000 -43.0568123
v -0.1530984 0.0000000 21.1526127
v -30.3272095 47.4727478 7.1786766
v 59.8695412 7.7288589 -2.4063637
v -20.1262608 0.0000000 -41.2756577
v 37.8458176 0.0000000 -6.8185163
v 22.3293629 31.2904663 -41.7513580
v 39.4765816 0.0000000 -37.6665039
v -8.7894249 0.0000000 5.6180491
v 31.8470268 0.0000000 18.4442978
v 14.8935003 0.0000000 28.5414314
v 37.4524498 0.0000000 22.6522331
v 39.3236427 0.0000000 15.4362183
v -29.3581085 48.4836349 6.8787088
v 6.2156811 0.0000000 -33.5439110
v -37.5265312 0.0000000 -11.7092590
v 33.4547157 0.0000000 18.8980446
v -32.4458694 0.0000000 -37.2793350
v 22.9618626 0.0000000 17.7172356
v 30.4520454 0.0000000 12.7696676
v 39.3120461 39.1573448 3.6470420
v 17.6282215 30.1796322 45.1461296
v 15.6744385 0.0000000 40.3186455
v -41.7413063 0.0000000 -15.8656988
v 12.5889292 0.0000000 -17.8296680
v -4.2786274 0.0000000 -1.1446046
v -9.4402952 0.0000000 -17.3911705
v 46.8659325 31.6337681 -3.9540646
v 32.4412117 0.0000000 -46.8165169
v -52.5362396 0.0000000 -13.4740486
v 0.3037141 0.0000000 -30.9285355
v -10.3239183 0.0000000 -56.2351685
v 40.9616013 0.0000000 -38.7664337
v -15.5894938 0.0000000 -1.6289999
v 36.3762550 0.0000000 -4.1775875
v 30.8401012 0.0000000 -19.2668381
v -30.8742847 0.0000000 -12.5264769
v 56.3288803 0.0000000 10.6095266
v 6.3226452 0.0000000 56.1576767
v 48.9164772 0.0000000 -18.8649673
v 57.1387100 0.0000000 -9.7539406
v -56.1668015 12.4138632 -20.8946800
v -4.3772168 38.5915337 39.8651962
v 14.8428640 0.0000000 -36.9719086
v 59.8541222 14.2824621 2.6908102
v 23.5269413 25.2558632 -47.9282684
v 42.6221924 35.3497238 7.6030693
v 59.2831039 17.3803539 -8.6603413
v -33.6891098 0.0000000 25.6829357
v 44.2391014 20.7830544 37.3768044
v -59.2204361 14.0571394 -9.0968971
v 32.0270729 1.3077321 -50.6505814
v 31.3343849 2.5849593 -51.0673828
v 16.9991646 37.6849670 37.2736969
v 42.2056656 32.1356087 19.5720139
v -36.0189133 27.9268990 -35.7254410
v 10.9503231 49.8428154 -26.6253452
v 2.9222715 60.0000000 8.8478022
v 31.0312099 28.5103569 39.3993454
v -43.5965652 28.2018127 -25.3568802
v 24.4589882 32.9198799 38.6344948
v 20.5097885 0.0000000 37.1622543
v -21.6127224 45.6438255 -24.9320621
v 17.4064350 49.2921867 -23.6352768
v 5.5914783 26.8384418 -51.5459785
v 35.2403450 43.3578796 -1.9943442
v 13.2877102 38.1324730 -38.2615738
v -37.7914886 40.1987495 7.1443129
v -13.7359295 32.6134567 -43.9636841
v -24.7827950 0.0000000 18.7994881
v 4.6893511 0.0000000 -26.8397980
v 13.2177868 0.0000000 42.8866005
v -7.5009961 0.0000000 6.7179127
v 17.7917290 32.8819427 42.1599426
v -46.4337730 31.6662998 -7.4134517
v -30.5693550 0.0000000 36.5237503
v 31.2195702 0.0000000 -25.3386822
v 31.6799221 0.0000000 -2.9891763
v -3.6159356 60.0000000 -2.2174630
v -36.6081314 0.0000000 -35.0729141
v 27.6834641 0.0000000 41.8890648
v -34.7023048 0.0000000 4.9374413
v 30.8307228 0.0000000 19.9958687
v -0.7430556 0.0000000 22.9955101
v 43.2216644 29.8408260 -22.6981659
v -37.8599052 40.4337425 5.3661265
v 32.9291077 0.0000000 27.0244446
v -11.0128384 0.0000000 48.7094688
v 42.6343765 0.0000000 -0.0108549
v -45.4520531 12.7138462 -39.0341721
v 8.4481764 20.5507431 57.4654083
v -40.8554420 36.0383072 -12.1304712
v 34.7951469 40.0262222 16.7756577
v 20.4201775 40.1006813 -32.7182007
v 13.0792170 40.6143303 35.7274284
v -44.7200241 0.0000000 25.4698944
v 27.2099342 16.9801464 53.4167404
v -6.8612165 60.0000000 -14.9398499
v 56.9152031 19.3558559 -16.4805717
v 59.5911636 17.0926685 -6.5483761
v -35.9464264 19.8771000 -46.4837875
v -17.8203888 1.7566332 57.2170334
v 16.5435677 11.4616470 -57.6332397
v 59.5660019 13.6659479 -6.9256377
v -23.9256020 50.7072830 -14.3747253
v -12.8452129 9.0130100 58.5188141
v -16.3702431 12.7161102 57.6909256
v -12.0745287 3.7274661 58.6884460
v -23.5738964 14.5694437 55.1063423
v -8.9557447 60.0000000 -4.1110134
v -1.9547698 0.0000000 -13.8428574
v -41.4707756 32.8220596 19.4898281
v -46.7608986 8.9828949 -37.4932556
v -38.6558800 39.9579506 2.3042288
v -38.5431328 18.7304955 -45.4200935
v -31.8911266 13.7141380 50.7324028
v 59.8196983 3.6106274 3.3254941
v -50.1407661 12.4875565 32.8073158
v 35.5554695 22.7915592 43.0725136
v 42.5204468 34.5552559 11.7146788
v -0.1643600 35.3705711 43.3131180
v 29.0481682 0.0000000 41.0474625
v -51.2794724 23.6531620 19.9394245
v 47.2967529 30.3319130 9.7564278
v -7.1317244 21.7890873 56.4325447
v -12.9318466 37.4219513 -39.1681633
v -32.8444977 0.0000000 -48.2435188
v 55.5534363 23.0606823 1.5131254
v -32.7242661 45.5069351 5.3422260
v -36.1676254 42.0493546 -5.7197895
v -23.2048969 29.1829891 43.6790848
v 21.5643330 21.2462463 -53.1714668
v -0.2148117 11.8080559 59.9120026
v -28.7986984 0.0000000 -45.2086945
v -33.9978294 0.0000000 47.9603348
v -9.4126596 0.0000000 44.5907822
v 33.5884361 30.8348122 -34.0457535
v -6.6784501 60.0000000 -1.6004125
v -6.4139872 0.0000000 47.9539795
v 15.1241570 0.0000000 21.0141220
v -13.6194916 59.9410133 11.2503633
v 4.9060841 60.0000000 6.3954172
v -1.9770002 28.8910847 -49.7139168
v 40.2380371 0.0000000 -19.6735802
v -7.5337076 60.0000000 0.3053519
v -1.8449743 0.0000000 40.4742088
v 33.4283867 0.0000000 10.6434383
v -16.4927864 0.0000000 50.3967400
v 12.8338490 0.0000000 28.2405052
v -3.7284780 39.9474716 -38.5409470
v 4.2906756 60.0000000 8.0819054
v -4.9342012 39.0121231 -39.3555832
v 41.9253044 29.3950806 -25.8233948
v -21.6688614 0.0000000 20.7269058
v 17.4373169 0.0000000 -12.6581936
v 13.0685625 0.0000000 21.2899666
v 56.8614502 0.0000000 -6.3216715
v -28.1276646 0.0000000 14.2722740
v -33.6386909 0.0000000 8.1461992
v 18.4035797 0.0000000 22.7324581
v 38.1100388 0.0000000 -10.7449236
v 34.7524719 0.0000000 26.8565445
v -38.3922043 33.7352982 -23.2688904
v 4.1796379 41.9356613 36.4941673
v -5.3614478 0.0000000 59.6821899
v -58.9170341 17.1224365 10.9093733
v -58.4567566 13.7632475 13.3657236
v 55.9530449 8.3182335 -21.4323788
v 16.5433826 32.5167770 43.0668831
v -2.6693056 21.5447865 -57.0180969
v -19.7105999 26.0409374 -48.7719765
v 11.7146616 48.5434227 -27.7282219
v -29.7069550 36.9617043 -29.2564144
v 9.2196236 45.6215172 -31.7206249
v 49.0092316 26.6541157 17.3249855
v 23.6352596 36.5028839 -34.9015007
v -6.0254312 44.7441139 33.4076920
v -31.8084450 0.0000000 25.6707211
v 0.4712710 31.1515179 -47.5358047
v -31.2322941 0.0000000 34.6548729
v -34.5148811 44.1132202 1.5662743
v -43.3409386 0.0000000 10.9412527
v -2.4793668 0.0000000 42.2104836
v -25.2597847 0.0000000 37.3448982
v 35.5311661 0.0000000 -7.4298549
v 42.3131065 36.1704216 3.6250660
v -12.6520348 0.0000000 53.3769798
v -45.4885330 0.0000000 -14.8490067
v 54.2786942 0.0000000 -17.0965137
v 38.6831093 0.0000000 13.9238119
v 29.4388275 25.6547165 -44.0556221
v -8.9109926 0.0000000 1.0238980
v 31.5463333 0.0000000 25.6485443
v -46.4951591 0.0000000 0.2491890
v 37.2482986 0.0000000 15.4071121
v -55.4296837 0.0000000 -6.8364615
v 30.0130825 19.9342422 50.4318428
v 22.5680866 1.2720982 -55.5564957
v 29.7058125 0.0000000 -24.1373615
v 1.4214153 60.0000000 8.4247770
v -59.5500488 16.9136105 -7.0073481
v 30.6863155 2.0572066 51.4573135
v -9.4147863 7.7181315 59.2222404
v -3.4054699 17.4176273 59.8580666
v 59.6218872 4.4157844 6.6177530
v 4.5443325 58.9913521 -19.1150055
v 31.4930058 18.7652931 -50.5805855
v -54.0091171 3.1908915 -26.0333672
v -44.8504028 7.5471253 39.7423019
v -7.0099144 0.0000000 -52.9666595
v 29.3486214 12.8602657 -52.2576904
v 9.5966101 40.2204399 37.1964531
v -9.6583786 6.0289607 59.1964073
v -19.9796467 57.6683655 -6.2893271
v 23.3161297 38.4290581 32.7726669
v -19.2992039 57.6528130 8.1819363
v 36.8328400 15.6210184 47.2579422
v -20.5387859 29.6629810 -44.4529190
v -48.0465622 9.2824020 -35.8771973
v -54.1671104 23.6054058 -10.0040646
v -16.0411568 23.2580681 -53.0320892
v 47.5827522 0.0000000 -30.5794182
v -4.1937866 37.3106995 41.1761208
v 9.2771158 30.7385502 -47.0225525
v -55.7328300 20.6066303 16.3306465
v -54.4209023 23.8125038 6.8036385
v 17.4373627 37.8877487 -36.8451538
v 50.2199821 23.4733906 22.8026180
v 23.1343422 0.0000000 13.9748983
v -17.9018459 26.4704037 -49.0240746
v -0.8995859 0.0000000 -29.7755356
v -10.0760040 60.0000000 3.4773819
v 56.8240356 0.0000000 15.5981159
v 29.8931427 0.0000000 -0.3566455
v 46.7639503 0.0000000 12.3418531
v 2.2170043 0.0000000 -39.1725769
v -2.3675179 0.0000000 37.4248924
v -8.0470572 0.0000000 8.2400970
v -38.5847359 0.0000000 -14.0064735
v -34.3978500 0.0000000 -19.1247463
v 16.0895672 0.0000000 49.2083931
v 35.1495514 17.3395519 48.5298653
v -21.9404659 37.5122719 34.8136215
v -33.4553719 41.2083588 16.8429432
v 42.5876961 0.0000000 -37.8832245
v 8.2475672 28.1177273 -49.8619308
v 38.5823631 35.1066780 20.1660595
v 48.2639847 12.6993484 35.5726929
v -49.9325066 9.5126572 33.1144829
v 8.4145346 60.0000000 -11.9388895
v 6.2116084 0.0000000 -59.5690308
v 38.4798050 38.9279327 -9.9497910
v 1.4279429 53.9670944 -24.6578560
v -19.0061779 1.1329459 56.8175240
v 15.7936850 38.8694611 -36.5200119
v -50.8853607 10.6868324 31.7080612
v -59.9046364 6.7598567 -1.7535053
v -8.2746897 5.4723730 -59.3653564
v -46.9104500 31.7305431 0.6713778
v -4.7513905 0.0000000 -48.5789108
v -10.6573572 0.9801347 59.0001221
v 12.6026649 3.0006840 -58.5721931
v -28.2151470 0.0000000 -7.2617736
v 29.2736282 0.0000000 35.4617310
v 15.7409019 0.0000000 46.4696541
v -35.8860397 34.1311264 -26.3658752
v 38.7668915 37.1824722 -14.7556181
v 18.0359898 55.8498306 -13.9521580
v -32.9933434 45.6350098 1.4451592
v -36.8769417 0.0000000 -36.9635925
v 44.3375359 34.2856827 -1.6590015
v 15.9672251 0.0000000 50.9765816
v -2.6409199 0.0000000 -29.8135586
v 40.9093094 0.0000000 31.9031944
v -44.7713814 0.0000000 1.3745661
v 49.8897552 0.0000000 15.7894297
v -35.1223526 0.0000000 12.2726097
v -0.0765318 59.9373589 -17.5405674
v 5.0885258 1.4902823 -59.7111626
v 28.9652004 34.8019447 32.9689789
v -56.8143005 11.7444410 -19.1967926
v -0.6184905 0.0000000 -52.9573593
v -57.6583557 12.3620062 16.2797852
v 31.9689140 33.0312538 32.5448074
v -29.4619694 26.8005619 -42.6443634
v 2.2955263 51.3881302 -27.1766148
v -36.6160545 29.7297535 -32.4833336
v 5.4541397 0.0000000 -29.9403324
v -28.4403572 0.0000000 -13.9666986
v -27.1969604 51.1346130 4.2166281
v -32.3870811 0.0000000 27.8386669
v 22.9292450 0.0000000 -26.4343739
v 3.3581259 41.2924576 -37.2257576
v -46.5009346 0.0000000 25.3287907
v 13.4377594 0.0000000 -21.7409172
v -24.7359562 41.3599014 -27.8927784
v -25.9605522 28.4521618 42.9956627
v -42.5505333 26.9425621 29.3921795
v 40.4814835 0.0000000 42.0847855
v -33.8818970 44.7523117 0.0070090
v -6.6906800 33.7095985 -44.4563522
v -44.9522133 32.5129776 10.3890591
v 33.6369171 41.0130959 16.8648624
v -34.6251755 1.7261446 48.9361382
v -21.8422012 43.2835999 -27.8339787
v -11.8233595 60.0000000 3.0168476
v 5.8140574 0.0000000 26.0035515
v -59.9327583 1.8191376 -1.2132865
v -29.2497768 1.6674235 -52.3213158
v 57.2274895 16.4801178 -17.8221512
v 24.8640709 20.2092304 -52.8945847
v 12.9646454 19.1067009 -57.9427910
v -26.4484921 20.1027927 52.2117882
v -37.6841660 31.9210224 -27.6480122
v 43.5807457 27.1600876 27.3905525
v -31.4456787 44.0015984 14.5443106
v 49.2514496 9.7477026 34.1189804
v 46.1050415 0.0000000 -10.1998940
v 46.6248474 27.3444252 21.3854523
v -23.0367985 54.7564278 -6.2621760
v 22.1341457 29.8697262 43.4644012
v 38.1348839 37.0950394 -16.4882736
v -18.5095005 0.0000000 47.8616486
v 11.1017160 0.0000000 -19.2426987
v -38.1524315 0.0000000 -24.6242657
v -23.3670979 42.2613602 -27.9008598
v -16.3288231 0.0000000 -46.8386383
v -23.3120842 34.7078209 37.2663345
v 30.6415424 0.0000000 49.7298241
v 52.9795074 0.0000000 -19.7229671
v -11.1350708 0.0000000 37.7986031
v 40.5323486 0.0000000 33.2150841
v -9.4574366 0.0000000 2.5408506
v -30.9227009 0.0000000 -8.9122562
v 58.5003510 0.0000000 -5.9165478
v -23.5071716 54.8583221 3.6201921
v 5.3261971 0.0000000 57.9378891
v -34.1799812 0.0000000 -8.7535305
v 35.9664993 0.0000000 23.1647587
v -10.7278061 60.0000000 1.7080455
v 37.5154076 38.3606529 -14.7130184
v 39.9888573 19.2713413 43.7083855
v 56.2886086 18.7848873 -19.4567032
v 31.7822247 4.4653883 -50.7978897
v 28.9106121 23.4946671 -46.9739990
v 45.5182762 28.8152409 20.2721348
v -31.0235729 1.7770569 -51.2543869
v 54.0322723 1.3956631 25.9897690
v -21.9771843 0.0000000 -52.6589622
v 29.4999886 10.6947308 -52.1709671
v 36.6097794 30.7978306 -30.8265629
v -19.2076950 24.3656330 50.7558327
v 57.3536301 12.1837597 17.3767853
v 24.8328400 50.5022316 -13.1688261
v -18.1707230 50.2809219 21.7661362
v 40.8760223 37.6498604 3.1003659
v -13.2620525 43.0217247 33.0589676
v -19.3297386 14.8311863 56.7085075
v 51.9077263 26.1008797 8.2247305
v -31.3856888 43.3582687 16.1661510
v -48.3415527 29.0045929 -11.4429255
v -29.0299702 20.5016785 50.3924942
v -26.5684834 21.3589668 50.7365837
v 2.3524015 0.0000000 14.7051792
v 12.1243010 0.0000000 -29.4894028
v 2.5707893 32.7180977 -45.8622131
v 0.0629205 41.6431580 -37.0425835
v -18.3763885 0.0000000 53.2166862
v -8.6143465 0.0000000 -36.2083282
v -28.4790134 0.0000000 8.0949955
v -34.2168579 0.0000000 -1.8212025
v 40.9054871 0.0000000 8.6984529
v 29.6241436 0.0000000 26.0016861
v -41.8331451 15.8814554 -42.8973999
v -32.6079025 0.0000000 -8.6532049
v -15.5540829 0.0000000 -3.2714071
v 17.3890762 5.6735845 57.3618965
v 9.7757816 17.6991768 59.0999603
v -59.7768707 16.7520065 4.0855532
v -59.8893623 12.4247751 2.0408273
v 48.9579582 2.8486781 34.5518494
v 17.7168903 20.7702026 -55.0936241
v 19.7878838 0.0000000 34.3009071
v -23.2486458 52.0387039 -12.9246321
v -20.8323307 15.1838884 56.2016830
v -36.4107475 0.0000000 -23.7383804
v 22.6648483 53.7775917 -10.1173487
v -16.4024429 0.0000000 53.4593964
v 29.1940994 0.0000000 -28.0089684
v -30.3271694 31.9034710 35.5860062
v -10.0458708 0.0000000 -36.3139572
v 40.2199669 37.9040794 6.5274014
v -23.6382542 0.0000000 -42.8825340
v 7.2488174 0.0000000 57.8107796
v -21.3728752 0.0000000 49.3225060
v -26.3842087 0.0000000 -18.0413666
v -46.8153610 0.0000000 12.5172234
v 10.4293737 42.0396309 35.0795097
v 39.6672058 0.0000000 -23.2979946
v -8.8131618 0.0000000 23.9570580
v 36.5559921 17.3053017 47.4297447
v -19.4268780 16.5485134 56.6727295
v 51.1638870 7.9416637 -31.2823105
v 48.9949303 29.6168423 -2.2511187
v 49.0077782 28.2387486 11.7234411
v 6.2168398 55.0894394 22.6954536
v -30.6423721 0.0000000 2.8910184
v -55.6538925 22.1711845 9.6820688
v -11.6328020 25.1709385 -52.2330933
v 9.3518343 43.1964455 34.1766777
v 5.1807775 0.0000000 11.5505095
v -49.2677116 23.3850155 25.0635853
v 9.2849960 0.0000000 57.6532249
v -14.0344601 0.0000000 -4.4829626
v -23.3783970 0.0000000 -15.8823175
v 49.4439011 0.0000000 3.7316561
v 29.5507717 0.0000000 -50.4264183
v 24.5539646 0.0000000 49.4830437
v -21.3362007 0.0000000 -0.7537486
v 1.7955301 0.0000000 -31.7591705
v 39.3595123 0.0000000 -21.3485394
v -23.1423740 0.0000000 33.1649742
v 38.2279053 21.1684055 -42.9291115
v -24.2428761 32.9795799 -38.7227821
v -14.8984938 0.0000000 1.2524170
v 39.1817131 37.1920624 13.5378809
v -37.8285370 1.4212418 -46.5000458
v 51.4423561 26.5899811 -8.1771002
v -12.2683020 7.2884541 58.6458015
v 21.1453114 53.9764671 -12.6409330
v 53.1377563 22.7902222 -17.1572819
v -53.9843063 22.7882805 14.5122347
v -23.8717518 0.0000000 -52.2836876
v -24.7900696 0.0000000 -18.7676144
v 29.5170250 33.3133163 34.4459419
v 23.6397266 51.2202263 -13.8594322
v -21.9758472 35.4707565 37.1887741
v -48.9273529 22.9004383 26.7886295
v -14.1558084 44.1249542 31.4724483
v -43.1399612 0.0000000 37.8457375
v -27.1895466 0.0000000 -34.6788445
v 15.1790533 0.0000000 -53.0072212
v -0.9658455 0.0000000 45.0271988
v 16.5099030 0.0000000 43.3757858
v 16.9241028 24.8179493 51.1021004
v -41.0472603 0.0000000 -6.0065598
v -34.7798080 19.7895432 47.5031853
v -32.2754860 0.0000000 2.8073030
v -8.7452965 0.0000000 -14.7414017
v -12.1808891 0.0000000 -29.1121902
v 17.0310173 54.1632271 17.5513420
v -46.3472633 31.1847019 10.2318039
v -25.1484222 0.0000000 -10.6805458
v 30.8987713 18.8133545 50.9155731
v -57.2022018 9.0676489 -17.9213581
v -52.3411789 4.0600400 -29.1795368
v -14.8359938 25.7884102 -50.7460709
v 38.6210518 23.7912960 -38.9639740
v -19.9405003 3.8107891 -56.5027084
v -18.9520226 50.7417564 -20.4647865
v -46.5694351 30.5724506 12.0057268
v -11.0935364 60.0000000 4.8477840
v -21.1743431 36.7326660 36.1892738
v 3.0330245 45.2737236 -33.2539673
v -23.3877487 0.0000000 -19.6846447
v 29.5377769 0.0000000 -32.9765816
v -4.6704726 0.0000000 54.9610100
v -7.2423449 0.0000000 51.2822189
v 2.1366155 0.0000000 -30.1372967
v -17.2873898 13.5586948 -57.3962784
v 1.0514979 42.4076996 -36.2612114
v -21.4794903 13.1837730 55.9809151
v 10.3972998 10.2084970 59.0542564
v -46.2086983 0.0000000 20.4004669
v -55.0763321 7.4296379 -23.6324100
v -26.7047424 0.0000000 -16.3602467
v -25.5671673 26.4492531 -45.5097809
v 20.6598148 0.0000000 -37.9134445
v 4.8672400 0.0000000 27.3948383
v 6.5687881 0.0000000 19.8943672
v -3.1143799 44.6587982 33.8941498
v 34.1167297 43.9250450 -6.4602342
v 3.2574837 35.4549942 -43.0826225
v 52.0984344 0.0000000 11.5974722
v -41.4002647 0.0000000 -31.5178642
v 40.8832436 0.0000000 -32.6044006
v 44.4096870 5.9145880 -40.2612686
v -14.7635326 4.5355630 -58.0965118
v -9.8095217 4.5413842 -59.1710129
v -12.9464703 5.3644791 -58.4965286
v 59.7815857 10.5667648 -4.0284986
v -2.0945756 45.4992142 -33.1032600
v 41.6109200 27.8048840 -29.2428455
v 21.7220764 56.0961380 6.0436506
v -24.6050987 0.0000000 24.3387909
v 30.9914207 0.0000000 36.3807144
v -26.7916012 45.1455307 20.1199131
v -48.8745575 28.5602360 10.9480104
v -21.3454399 56.8508911 4.2775822
v -26.2866802 41.1589622 -26.7269783
v -48.9978447 0.0000000 4.6553240
v -21.4513855 0.0000000 -27.0569916
v -3.3665242 0.0000000 25.3133221
v 39.5617065 0.0000000 -34.4439354
v 5.7148409 0.0000000 18.3657780
v 32.8286133 0.0000000 35.4513397
v -10.1986961 50.9737282 25.7270546
v -22.4247169 55.9929771 3.2064242
v 14.8962479 18.7142124 57.6842003
v -27.6334858 7.5746374 -53.2237625
v -35.4053345 0.0000000 8.6455879
v 32.6800194 0.0000000 37.3353729
v 8.2923689 59.2149849 17.4920692
v 39.2710571 0.0000000 -31.4123917
v 21.1275158 32.6061096 -40.8996162
v -27.0626411 22.2161617 -49.5014381
v -21.3902607 0.0000000 28.0740433
v -8.6148262 0.0000000 -56.9960213
v -44.8577080 0.0000000 -8.7878666
v 30.3365364 0.0000000 -3.6306450
v 29.4351196 32.2089233 35.9385567
v 10.3333578 0.0000000 -57.6596794
v -17.9049721 19.9449100 -55.9382362
v 21.7991047 0.0000000 -38.8042755
v 29.5221977 0.0000000 -8.5547476
v -21.3525429 57.1651802 2.5025635
v -32.0116463 0.0000000 37.6807022
v 30.6641998 17.6319466 -51.4027061
v -39.5626755 37.0144157 -12.9620943
v 42.5313187 7.3129034 -42.2354965
v -0.4755909 39.1676140 -39.5135994
v -39.4868088 39.0249062 -3.5667117
v -19.8926678 29.5599499 44.8718452
v 36.9437904 39.4270134 -13.1869440
v -27.4692383 45.4728088 18.5885544
v 38.2258148 34.6315613 21.7644196
v 7.6351418 58.4936485 18.6590118
v -21.3883247 0.0000000 -47.8429642
v 22.3779755 0.0000000 -41.6175079
v -42.5922470 36.0222626 2.3882816
v -45.8746719 32.7644348 1.3936443
v -31.4603901 0.0000000 1.3673135
v 19.7447319 0.0000000 -14.3955326
v -18.4953594 18.1905861 -56.8433304
v 15.3160982 25.7253361 50.6275978
v -42.0553322 35.1452827 -11.2688160
v -12.2700777 49.8361740 -26.0452576
v 17.8823795 0.0000000 -27.0945053
v -45.3731422 31.4518852 13.1666632
v -30.9136982 0.0000000 -48.2451057
v -23.1255798 0.0000000 27.2627239
v 24.4979038 0.0000000 1.1144204
v 18.0497646 0.0000000 -14.2434921
v -19.9973431 41.2471428 31.6251049
v 59.0208855 12.7995033 -10.3141603
v 0.8123410 38.1688843 -40.5076942
v -25.0014172 0.0000000 47.7264366
v -35.5673294 0.0000000 -0.4595602
v 40.4337540 0.0000000 40.3661995
v -18.8619308 58.8714752 -5.7344928
v 48.7152138 28.8766670 10.0731802
v -38.5716705 2.8860452 45.9251709
v 33.6272430 37.7116280 -23.3736458
v -18.7650070 40.6509705 33.0532684
v -10.7911482 49.1108589 -27.5081310
v 30.3064976 36.9695473 28.5787086
v -21.7377129 40.5549126 31.2897987
v 36.9851036 35.2636871 22.6345577
v 22.1616707 55.0718956 7.9492164
v -30.3949432 0.0000000 -32.6869659
v -6.2602835 0.0000000 -18.9206390
v 42.4461327 0.0000000 13.8131332
v 28.1122360 0.0000000 -49.5139046
v -1.8756808 0.0000000 56.6914825
v -35.1967621 0.0000000 6.8449759
v 17.1028271 0.0000000 15.5204716
v -25.8363857 40.1550598 -28.5263233
v -59.8796234 15.1757679 -2.2202330
v -5.7258143 3.9191689 59.6425591
v 57.7202148 6.8505630 -16.0570011
v 9.7429037 7.3869877 59.1722183
v -43.9048538 0.0000000 34.2748909
v 29.8241367 36.5422363 29.7054367
v -8.1481190 0.0000000 38.3786316
v -48.0655975 28.0504780 -15.7995386
v -58.5376129 0.0000000 -0.6077474
v 8.1406565 0.0000000 16.7854309
v -28.7998753 44.6933861 17.9933548
v 44.2868843 0.0000000 38.1002884
v -5.1721687 0.0000000 53.2782478
v -57.3675919 16.4046459 -17.3266983
v 0.0567294 17.3170757 59.8786774
v -32.0772095 6.0331640 -50.6203003
v -42.4336243 18.6423931 -41.9675636
v 27.9217033 16.8367252 -53.0683632
v -56.3901024 18.6168938 -19.5622482
v -42.8440170 16.9242001 -41.9354210
v -33.7241859 11.4325829 49.5899658
v -52.3012161 15.6777458 29.2549381
v 33.4640465 1.4944607 -49.7658958
v -17.7832413 0.0000000 -57.2295761
v 30.1057606 7.3712740 -51.8066254
v 8.3047457 15.6717615 -59.3619728
v -59.9639969 5.2975016 -0.5508472
v -47.7003250 7.4987082 -36.3790512
v -58.7371330 12.7711887 12.0434275
v -37.3507271 10.8125296 -46.8641090
v -55.6221924 2.6337190 22.2627316
v 13.4443560 14.9341316 58.3869171
v -16.8362446 16.1923866 57.5476379
v -17.5089550 1.1000026 -57.3218384
v 29.6825714 13.7735891 52.0612335
v 30.0555172 46.7096024 -10.7723932
v 58.7502785 19.6577530 5.0009837
v -23.7731628 7.2115288 -55.0146255
v -37.4627914 32.9059334 -26.2576866
v -58.6764526 10.1948805 12.4018192
v -18.1014252 19.2781448 56.4836578
v 1.8490453 9.1510010 59.9116325
v 23.9305458 1.5250653 54.9418144
v 34.3740768 14.2002745 -49.1257324
v -4.4872317 20.2122135 -58.2502403
v -26.2570496 8.0489511 -53.8654556
v 56.9611092 15.3581944 18.7700958
v 27.0222588 48.5290031 -13.2231579
v -58.9291191 5.5327406 10.8738861
v -57.6889877 5.8492584 -16.1694641
v -46.9944725 10.4232359 -37.2130623
v -17.4368019 8.1420813 57.3463097
v -25.8905048 4.5693879 54.0350342
v -21.5619144 9.8983145 55.9528351
v 13.4050875 19.8337688 57.2767715
v -3.9391928 8.4133577 59.8349609
v -14.5214405 8.7095966 -58.1495094
v -7.9709201 1.2384446 -59.3983955
v -59.2683067 8.3874006 8.8048840
v -58.7722893 7.2184739 11.8305311
v -57.2654800 20.1896305 11.7012873
v -59.7050743 9.9135504 -5.4380112
v -16.4022617 58.6090202 11.4863634
v -28.3377495 1.9463941 52.8674355
v -40.8653717 13.5979023 43.8142166
v -39.6548653 4.1368885 44.9600983
v 15.6631184 1.3568726 57.8915482
v 49.7851067 14.4914722 33.3318977
v 3.9886601 7.9607882 -59.8312263
v 7.0934744 20.4209194 -57.8215904
v -33.1919403 13.0659904 -49.9428444
v -31.8125954 3.3370998 -50.7796478
v 43.1512604 8.9741154 -41.6481361
v 57.7075157 9.2584982 16.1027222
v 59.3881760 4.0965548 -8.0736980
v 52.8986549 2.9294403 -28.1280384
v -59.8306274 4.0925875 3.1240268
v -54.5667839 4.1884980 -24.8750687
v -58.8880424 5.3817101 -11.1244555
v -39.0886116 3.8364828 -45.4878922
v -52.0533524 10.4301615 -29.7224026
v -58.1685905 20.3261547 -4.5607476
v 37.3170204 2.7759771 -46.8898926
v 58.6866074 7.5487323 -12.3480167
v 59.8804665 13.3059387 -2.2046809
v 59.7600060 1.6566794 4.4265008
v -47.3926277 3.7568791 -36.7403831
v -51.0342064 14.7853098 31.4821682
v -46.4365578 1.8967323 37.8751106
v 36.3308334 1.3278747 -47.6395645
v 33.2152710 4.7144389 -49.9302177
v 15.0541315 10.6718760 -58.0311852
v 15.1143923 12.4817810 -58.0145607
v 6.8280368 6.2198482 -59.5226860
v 6.0516443 19.5459805 -58.8079491
v 40.4816437 36.0574112 13.2617054
v -49.8683929 7.1054101 -33.2090530
v 2.7537816 4.7293406 -59.9085159
v 45.9876289 23.8589001 -29.7809887
v 7.4365549 45.9430847 31.8496304
v -59.6657944 7.9565167 -6.0312953
v 12.0748787 9.9781923 58.6883698
v 5.7273517 2.9292121 -59.6424065
v -35.4906235 36.2627983 -23.1441193
v 44.7738609 8.7261238 39.8325691
v 8.7543526 51.6645012 25.5307255
v -58.0949898 8.7319422 14.7071257
v -55.1293640 5.3561225 -23.4996567
v -7.4412222 51.3129578 -26.2996941
v -30.0238380 28.1170063 40.6666451
v -5.8326030 57.4294205 20.3832417
v 31.7423134 22.6306896 46.1289368
v 24.1050568 52.2722893 -10.5980129
v 42.9774170 35.4932022 -4.1830254
v 3.9721532 47.6811333 -30.7475624
v -27.7752247 43.6167641 21.3520775
v 7.1733656 5.9127789 59.4851303
v 26.6115170 36.9456367 32.1275940
v 38.1088982 16.7561569 46.2867813
v 33.8616829 35.5943069 -26.6010761
v -21.8181038 53.4100113 -12.6402626
v -2.6839001 52.6204910 -25.8971958
v 7.4290757 60.0000000 12.9401550
v -8.8827724 2.9568315 59.2907982
v 21.4029522 34.0215988 39.1623497
v -33.7944756 32.4119186 31.5175762
v 28.4921932 48.7149467 9.1789656
v -8.9492702 53.0210800 -24.0239925
v -17.5063992 8.1366234 -57.3219910
v -22.2901478 28.7013321 -44.6802177
v -56.5251923 21.7442169 6.5755768
v -52.7244415 13.4249001 -28.4566479
v -30.2040272 13.6996317 51.7474937
v -40.2100372 7.3109331 44.4349861
v 14.3779240 59.9999924 3.5908937
v 8.3597469 39.5151672 38.2503738
v 39.7771454 14.2825613 -44.8443871
v 59.4234314 6.0593777 7.8544836
v -54.4611931 10.7804337 -25.1061668
v -53.1126671 9.3407841 27.7243729
v 2.0994542 26.0693512 52.5360909
v -49.0491028 10.7766743 34.4174080
v -11.0961332 47.3037148 29.3228893
v 47.6453552 29.3411064 -12.8485632
v 11.1446638 60.0000000 8.4159622
v 2.9360690 20.7565975 57.8008766
v 24.7639809 35.1675720 -35.7483177
v -23.8689461 26.4908619 -46.3537292
v -15.0078201 20.2256775 -56.4569702
v 14.4423628 54.3002396 19.5689449
v 14.9848156 51.3051300 -22.8947601
v 35.1967239 43.0781784 -5.1479983
v 50.7083817 25.5157127 -15.8500929
v 48.6378784 29.7048836 -5.5322375
v 51.7750244 26.7094688 -4.2717600
v 44.7583389 33.3199387 7.2215700
v -28.1800232 46.1571732 -16.1490078
v 26.4418125 24.3927059 47.3615837
v 15.4564018 54.7892952 18.1647186
v 22.7639008 29.7816925 -43.2291260
v 7.4166503 38.5084572 -39.4825859
v -6.1522007 51.0865479 -26.8670082
v -0.5297059 55.7260933 -22.9614601
v -34.7424316 27.6634598 -37.3386269
v -29.7572956 46.2495766 -12.7836838
v -35.1647682 29.8370228 33.8187828
v -2.2963297 54.2139244 24.3473911
v 25.9817924 20.9017353 51.5556145
v 29.4546852 44.9489059 -16.3578110
v -21.9154377 31.0931473 -42.1860008
v -28.9368687 31.6210690 -37.0965042
v 4.5549746 49.3092194 29.0004711
v -25.0388012 33.8580704 -37.1305695
v -1.7142432 60.0000000 -13.2214279
v 6.9926190 26.8187122 51.3681297
v 8.0398808 23.7621231 54.2877808
v 43.0144196 30.3775749 21.9147053
v 28.6222820 37.9942131 28.8596420
v 28.2812042 26.7306976 -43.5336952
v 54.1616936 24.1799812 -5.6476207
v -12.8768654 54.8806610 -19.9959507
v -44.4608574 28.9315052 -22.2655869
v 18.0061684 34.0378418 40.8157654
v -33.7883873 21.8006649 -45.6984940
v -33.5097237 27.4440994 -38.7058220
v -42.5050735 0.0000000 -36.2337456
v -17.9846973 48.1478729 24.6223145
v 27.4754047 50.3449936 -6.8008332
v -50.6803551 23.1030560 22.7127819
v 2.8450174 49.1682968 29.3554802
v 22.5648174 45.4302292 -24.3950729
v -25.9027653 52.4230194 -4.0563922
v -24.8620224 31.7783794 -39.7510529
v -47.4972382 31.0201168 3.9142559
v 24.1854706 51.8837700 11.4375477
v 27.4285355 37.6367531 30.5639324
v 25.1316929 30.4607983 -41.1302071
v 38.6130981 39.5586662 -6.1228428
v -39.0616493 28.5690479 31.3601170
v 15.1789045 36.2834091 39.5595016
v 21.7403011 43.2591629 -27.9403706
v 9.4227705 41.0554543 -36.4128494
v 39.8388214 30.5916958 -26.8989697
v -18.2962379 38.8191948 -35.3620682
v -56.3223343 21.2540398 -11.1053095
v 5.6472425 37.9463501 40.3247299
v -8.1189213 52.1135445 -25.2650585
v -49.4177856 0.0000000 20.5156460
v -47.0880241 0.0000000 22.2651272
v -35.7415390 0.0000000 28.5191994
v -26.2183094 0.0000000 21.5141373
v -2.8734105 0.0000000 11.5090809
v -38.4247780 27.5640869 -33.7150726
v -14.5317259 54.5254631 19.2202625
v -15.4105644 51.0497551 22.8949547
v -33.5183678 44.2670898 7.6199489
v 41.2863426 25.6518459 33.2635536
v 33.9307747 31.0775528 33.3243065
v 33.2826920 35.4451485 27.5885468
v 28.3398056 23.5683346 47.2159424
v 25.5245953 30.1456394 41.2385445
v 27.6193352 33.7905426 -35.3765907
v 13.1564636 57.3266563 -16.7642918
v 54.8378181 23.7938080 -1.3989584
v 53.9866333 24.4421844 4.6368518
v -28.6258812 45.1290970 -17.3899059
v -4.6247373 47.1696777 31.1819992
v -18.0805073 56.4974632 12.7793646
v -34.6667786 40.5650940 15.7618666
v 14.2211475 56.0926132 -17.4949169
v 7.9557467 41.7036781 -36.1179276
v -29.2975521 45.9441299 -14.5577002
v -21.0251102 32.8970871 40.6352730
v -20.9935265 33.8751640 39.5496979
v -8.7697010 57.9551201 18.7040958
v -25.2371464 45.9264755 20.8491707
v -12.9830217 45.5283699 -30.4705162
v 41.4634895 29.7424278 25.9012756
v 51.1063614 24.6169777 17.4737244
v 49.5504456 26.8164158 15.2210293
v 53.8395386 22.9482250 14.3474512
v 9.6004934 54.4871788 -22.1669140
v 10.5452271 59.9999580 11.7652302
v 3.0043468 60.0000000 12.4355898
v 8.2707014 60.0000000 -8.5297947
v 53.1370163 21.1765156 21.8696671
v -12.8505249 34.7082367 -42.0465317
v -56.1935997 22.1728287 -5.6622143
v 6.1222653 25.7580795 52.5624695
v -10.0006542 44.2696152 -32.9037323
v -53.7677612 5.0004086 -26.4887352
v -53.9012222 0.0000000 18.6737061
v -37.9578896 0.0000000 -34.2612953
v -38.2372742 0.0000000 27.3572121
v -12.0214167 0.0000000 -47.4029617
v -18.0134792 0.0000000 20.1817074
v -24.9294319 0.0000000 -17.0299282
v 20.0111904 0.0000000 27.9701424
v -16.2535324 0.0000000 2.7450805
v -25.0771332 0.0000000 -5.8638058
v 5.7286806 0.0000000 -3.7190275
v 15.2875710 47.1939735 -27.4880619
v 10.2867641 22.5582561 -55.1340179
v -50.2566566 28.3853722 0.8780123
v 6.1894507 0.0000000 39.5659561
v 44.1242371 0.0000000 -4.6968980
v 35.2203941 30.7926140 32.3827553
v 43.4964828 35.1514702 -0.6622108
v -21.8298912 44.3978996 -26.3969936
v -2.1110625 60.0000000 -4.6145415
v 21.7795696 0.0000000 -6.1446023
v 14.9494638 0.0000000 -27.3219166
v -43.2691269 34.1776009 -10.4960661
v 1.7571961 34.9212227 43.7045364
v -26.1849499 46.1459389 -19.2900276
v 38.6919594 39.5959244 5.2655830
v -47.1405487 26.1706467 23.0561752
v -27.9975739 37.4023895 -30.2839470
v -16.5242290 35.4241905 39.9315414
v -23.4643726 53.3440170 -9.4230156
v -38.6861076 0.0000000 41.8977356
v -2.9908831 0.0000000 49.3271446
v 14.5285101 0.0000000 48.0571136
v -31.4542484 0.0000000 4.1220417
v 48.4320335 0.0000000 -7.9469194
v -26.5867920 0.0000000 -6.6047812
v 36.7256966 27.4673347 -35.6324158
v 36.8148613 30.4821129 31.1177826
v -50.8654556 26.6625862 10.7136078
v -42.9980659 35.6405563 -0.9772416
v -32.7538719 36.3894272 26.7237797
v -46.7165070 22.8306255 -30.5381012
v -30.3308029 0.0000000 -49.8558617
v -38.5894928 0.0000000 -32.8708878
v -29.8543816 0.0000000 -40.4714546
v 5.4901152 0.0000000 -51.0336723
v 2.6978073 0.0000000 24.2084999
v -42.4626389 0.0000000 -10.9590302
v 50.2034225 28.3793926 -2.8805270
v -36.7512817 0.0000000 39.0818291
v -16.3357544 0.0000000 40.8888817
v 3.5256467 0.0000000 -53.6407166
v -16.9612865 0.0000000 32.3677216
v 0.9517048 0.0000000 45.5015030
v 29.1020222 0.0000000 -36.5445366
v 33.8364677 0.0000000 -14.2296839
v 20.0967636 0.0000000 13.1606388
v 34.0966225 0.0000000 8.9064732
v -42.5093765 28.9124489 25.8185120
v -29.0522709 48.6745605 -7.4408493
v -15.2866211 28.4838524 -47.8127213
v -42.6803322 0.0000000 20.0106525
v -4.1993055 0.0000000 -37.4447174
v -4.3953333 0.0000000 -29.5734940
v 12.5363426 0.0000000 -31.1128845
v 41.3512840 26.3772392 31.9775753
v 23.2932320 49.3211136 -17.8477135
v -10.3644962 34.1091309 43.3310738
v 22.0256577 36.8659134 -35.5244827
v 22.9414902 54.9413261 5.8934689
v -53.6947060 24.7119160 5.1950936
v 2.0002213 60.0000000 10.5145130
v -11.7875681 0.0000000 55.3450546
v -34.9228325 0.0000000 20.8726768
v -30.7972412 0.0000000 -20.9421730
v 8.6877108 0.0000000 -37.0854340
v 8.0230017 0.0000000 42.2259979
v 27.9338913 0.0000000 -33.5399132
v 33.6767082 0.0000000 43.6542969
v -15.0882387 0.0000000 -19.1656990
v 23.8634739 0.0000000 -22.8047886
v -7.5835238 0.0000000 14.1329136
v 36.0850449 0.0000000 35.5822754
v 28.4378948 0.0000000 31.9790020
v -35.6153564 0.0000000 -17.5976906
v 45.5638962 0.0000000 30.2868366
v 55.6118736 0.0000000 -12.5787430
v 28.2875633 0.0000000 2.6344914
v 38.1665993 0.0000000 1.8878145
v 50.3720818 0.0000000 -1.2684720
v -1.6254858 0.0000000 -5.2229772
v -43.0733376 18.7300053 41.2964478
v -43.1947594 32.2264709 17.0381565
v 33.2304688 0.0000000 -4.0418634
v -15.5359993 47.7564011 26.7170162
v -23.2929230 0.0000000 -36.2872810
v -9.3169260 0.0000000 -39.7656403
v 57.0050240 21.5260429 3.5249920
v 43.0248337 0.0000000 -9.7262621
v 41.5325966 30.3788662 24.5416641
v -14.7175102 0.0000000 34.5232124
v -30.9547958 0.0000000 -19.5084820
v -42.9936333 0.0000000 -12.9677095
v -33.3302803 0.0000000 13.5002050
v 48.0327263 0.0000000 19.8126144
v 8.3738537 26.4885483 51.4764671
v -13.3921375 0.0000000 56.4446106
v 10.1752605 0.0000000 -52.6531296
v 32.2640533 0.0000000 44.7735901
v 51.4285393 0.0000000 -23.8853035
v 42.8030853 0.0000000 24.6306438
v 51.7687607 0.0000000 2.1229687
v 14.7523460 0.0000000 38.5702972
v -10.5036411 0.0000000 12.5216866
v 26.0570335 0.0000000 12.2723255
v -2.5819430 0.0000000 -19.1288376
v -15.0748758 0.0000000 -49.4363251
v -29.5924282 0.0000000 17.0448284
v 19.3341942 0.0000000 48.9512749
v -25.6784592 34.6520386 -35.7169418
v -1.7727377 23.4323082 -55.1797943
v 10.2357750 0.0000000 55.8676491
v -21.7290573 0.0000000 -28.9959030
v 29.2362061 0.0000000 42.9161224
v -50.0701027 0.0000000 -7.7318082
v 37.6226959 0.0000000 31.5954838
v -4.2892895 0.0000000 -12.0288010
v -12.0710821 0.0000000 1.5857954
v -34.8258591 0.0000000 -10.5013523
v 5.4846373 0.0000000 -53.2171860
v -41.1356239 0.0000000 -12.3244152
v -17.3806648 0.0000000 45.1061554
v -17.8991871 0.0000000 27.9380264
v -41.2283173 0.0000000 0.2929422
v -15.0101490 0.0000000 13.1905832
v 48.9969063 0.0000000 24.5078449
v 16.7004757 0.0000000 -31.8480148
v 47.8921242 0.0000000 10.6824608
v -5.2045107 0.0000000 -46.5603943
v -50.8523483 0.0000000 -5.0682321
v -14.0987997 0.0000000 -28.6380978
v 22.7830448 0.0000000 48.6130867
v -24.7335434 0.0000000 -4.4334993
v -10.2919970 0.0000000 -3.6657717
v 34.6816406 0.0000000 0.4008105
v 29.4004631 49.2329063 0.7616448
v 51.5337257 25.4754925 -13.2243290
v -15.0885239 0.0000000 32.8668175
v -11.6357546 0.0000000 35.7923698
v 26.2673359 0.0000000 52.1665993
v -26.0974674 0.0000000 -19.6887016
v -14.0135202 0.0000000 -17.8167763
v -34.9431877 0.0000000 1.3324100
v -32.1485138 0.0000000 -15.0792332
v 33.9149208 0.0000000 -16.2966385
v 36.6991539 0.0000000 26.8028088
v 51.0327187 0.0000000 27.2605438
v -7.7062044 0.0000000 1.9476058
v 24.5128746 0.0000000 12.8480349
v 8.1633444 6.8061714 -59.3766327
v -23.2682457 43.3686905 -26.5074501
v 3.7757936 43.1938400 35.2744751
v 16.9253731 0.0000000 -44.9783325
v 31.5385132 39.6265411 -23.0183716
v -28.9337940 42.4455757 -21.7949791
v 37.8804855 0.0000000 9.4095898
v -51.6432800 0.0000000 -8.7548189
v -37.2184525 0.0000000 -13.0588417
v -32.1766739 0.0000000 -13.3291645
v -55.2686996 0.0000000 -11.5781298
v -11.1770430 33.0472412 44.2129593
v 7.5991273 37.1193504 -40.8586617
v 8.8069477 23.2649155 -54.6740189
v -10.3472385 0.0000000 -31.7246170
v -19.6732502 22.8562069 -52.2093887
v -43.3217354 0.0000000 -31.4570580
v 23.1972561 0.0000000 7.7278419
v 28.4421177 0.0000000 18.2473145
v -1.6220301 30.7785225 47.8744469
v -29.1151733 48.2344704 -8.7622013
v -1.4396110 0.0000000 -22.5633068
v 43.5438919 34.9184456 3.8939948
v 9.0708542 0.0000000 -54.2609596
v -0.0538523 60.0000000 9.4866791
v 48.5954781 0.0000000 -32.2545395
v 20.0416679 0.0000000 -52.8890762
v 5.7771873 55.3122520 -22.6155205
v 4.5461135 0.0000000 25.2352924
v -56.3462753 10.5472231 -20.4428024
v 16.2703247 4.7639022 57.7225533
v 48.6995773 25.4513721 21.3707733
v -48.3777962 0.0000000 11.2109308
v -14.1439791 33.6764107 -42.7197266
v 31.2165489 0.0000000 -32.3740120
v 42.9306793 27.4481506 -27.8926258
v -17.1098881 0.0000000 52.0802650
v -28.7170086 0.0000000 3.1958942
v -9.2933159 0.0000000 -19.1992607
v 56.5463219 16.4912567 19.9302349
v -55.2269783 17.9190598 -23.0999184
v -59.9789085 12.6994553 -0.0424953
v 48.1722031 3.4736803 -35.7105064
v 55.2706757 10.7301054 23.1448555
v 59.2038574 2.9177437 -9.1979961
v 41.0243492 15.2718611 -43.6636238
v 13.2910633 15.2941151 -58.4206696
v 48.5295906 13.4574356 -35.1836510
v 18.0444546 15.3565092 57.1415596
v -18.7508202 2.3276772 -56.9035645
v -21.2418919 54.7466545 -10.9708958
v -44.3664017 8.0565033 -40.3121948
v -9.9462061 19.3336334 -58.3709450
v -23.2870750 13.5469732 -55.2384872
v -58.1794853 3.2726731 -14.4018669
v -4.7853584 7.1833601 59.7448006
v -9.0343838 2.7035518 -59.2826958
v -29.6389599 20.7865734 -49.7189674
v 58.9047813 6.0915289 -11.0223141
v 12.2696476 0.0000000 58.6312485
v -47.0426979 4.8494973 37.1613846
v 14.9497929 14.4343052 -58.0553780
v 59.7982635 1.4191850 -3.7208662
v -20.1460571 20.7475719 54.2719841
v 49.5468597 7.2515402 -33.6832771
v -55.7623215 18.5022430 -21.2811966
v 19.6896324 15.0265675 56.5872459
v -19.9793720 10.0530882 56.4896202
v 30.4195347 15.4647560 51.6178169
v 40.9554710 35.8395996 -12.4680300
v 57.2843781 20.9540691 -6.6610394
v -30.3404198 44.6101837 15.4609318
v 6.5707850 58.3560486 -19.1762276
v -26.4651680 18.6424179 53.4988060
v 17.6413784 7.2489119 57.2773743
v -28.8917980 12.5360432 52.5366592
v -8.6489782 7.4884696 -59.3218346
v 49.3509064 17.0261288 -33.9657059
v 51.9598274 10.5459013 -29.8970871
v -15.0613022 13.7227764 58.0306740
v 4.7644267 60.0000000 -13.3346252
v 6.2632833 49.3182068 28.6577606
v -18.5741329 14.6328020 -56.9630852
v 59.7457085 14.1907730 4.6884828
v -47.9594383 0.0000000 20.6377296
v 7.1270080 35.9693642 -42.1074333
v -21.3148079 55.4464149 9.0968037
v 16.4713039 28.5755100 47.3018761
v -15.2940950 37.7875900 -37.9018135
v -15.9302750 52.8127823 -20.3213844
v 13.9702320 24.0776768 52.7201729
v -17.6014252 31.2474823 -44.0200348
v 41.3865280 26.9468689 -30.9846935
v 48.9146461 29.1810169 -7.5551634
v 45.5911331 30.8714275 -14.2861729
v -1.4678081 60.0000000 8.3850670
v 16.0925713 53.6755371 19.0914650
v 6.8924351 56.9773750 -20.5207291
v 39.8896065 20.6376972 -42.1922493
v -19.3772888 51.5587158 -18.9042416
v -42.4134445 35.8549118 -5.8956118
v 51.6899605 22.5011559 21.8827000
v 45.3939323 30.5910835 15.7607765
v -11.3793354 45.1210556 -31.5569420
v 9.5942211 60.0000000 7.2469621
v 42.2858315 0.0000000 42.4374924
v 19.6041718 0.0000000 -27.8317642
v 31.0046043 0.0000000 7.1554437
v -17.0177498 49.1964607 24.0315933
v 19.7293282 54.8504639 -13.3060522
v 54.9493904 22.4378281 11.6689358
v -18.7653866 43.9736328 29.1744061
v 50.4066429 25.1556396 -17.8625107
v -38.3227882 23.0614281 -40.3038712
v 6.7291460 60.0000000 -5.6328511
v 0.5946389 52.2108231 26.4776001
v 32.8461380 27.8849201 38.7151031
v 20.7359238 56.7450027 -6.9860654
v -33.2134094 38.0789795 23.2996845
v -31.3808212 45.4255600 10.9281092
v -34.5931816 39.2592201 18.8923454
v -37.0374374 41.3224030 -4.8037949
v 21.4122772 48.3341141 -21.4419041
v 10.0785904 25.2082024 -52.4865456
v -27.8741589 49.1215439 -9.7076921
v -44.3717270 33.7840576 -6.8746543
v 14.8181839 29.6113777 -46.7441292
v -47.1759949 0.0000000 -31.1451797
v 26.4196281 40.1310043 28.0667381
v -43.0355721 21.7906818 -37.2140808
v -33.7401047 24.7217770 42.0916481
v -20.3918819 40.0715904 32.7651749
v 42.0937271 23.0426941 36.4068222
v 55.9264641 22.7021923 -0.2186588
v -25.9912624 47.1376038 -17.8094845
v -30.3819523 22.0003586 47.8201828
v -18.8694401 46.8943024 25.5261822
v -10.1127281 40.2260780 37.0646324
v 0.7128524 53.5439377 25.1364384
v 55.8962173 21.1716175 -13.3878393
v 34.0238762 44.5851021 -1.6466202
v -42.8412781 31.2169857 -20.3387032
v -27.7500305 35.2127647 -33.4314346
v -19.3431358 37.2519760 36.6069374
v -11.2050953 51.4749794 24.7324886
v -45.8586082 23.3196831 30.9781036
v -30.6786823 47.9488716 1.2567937
v 30.9362907 44.1161652 15.3339491
v 13.4783068 51.6357689 23.4118595
v 21.9354973 31.1866188 42.0865936
v 42.6220627 25.5691986 -31.6307201
v 37.6361160 34.7217407 -22.6336212
v -4.2854824 58.1604309 -20.0229168
v -38.5497437 38.2145615 -12.1952343
v -37.5485268 29.4313164 31.8327656
v 15.1206799 29.4312916 46.8354225
v 24.4367313 52.2714500 9.8488731
v -3.0279775 29.3513336 49.2347031
v -12.6310902 31.9968624 -44.9268951
v -46.8295746 31.5140247 -5.4502211
v 59.7733078 7.0395575 4.1811404
v -55.8059273 0.0000000 18.6404781
v -48.1594543 0.0000000 -27.7052250
v -51.9584808 0.0000000 13.1852894
v -9.5245495 0.0000000 42.8298149
v -18.1362305 0.0000000 22.2113304
v 32.0069504 0.0000000 -11.2159595
v -25.4735184 0.0000000 -7.6483741
v -23.7909489 0.0000000 39.7136002
v 1.1168983 0.0000000 7.6792836
v 22.7509918 49.0190659 18.9879856
v -40.0216980 0.0000000 35.4742355
v 17.5859032 47.9357109 -25.1933594
v -7.4486866 43.8427086 34.0453072
v 15.4096994 9.6358595 57.9472771
v -41.1867180 0.0000000 24.7202053
v -11.7339096 0.0000000 -50.9907990
v -33.7289352 0.0000000 -25.3925056
v -14.1510611 26.8073540 -49.8803368
v -35.7335663 0.0000000 32.1816788
v -1.5680561 26.5885124 -52.0367432
v 19.4762878 32.9688187 41.3302765
v 31.8609333 0.0000000 -39.9701691
v -26.2833538 0.0000000 -21.6117249
v 35.3863487 24.6340637 -40.7997551
v -35.1574936 0.0000000 -39.9870148
v -29.4299126 0.0000000 -43.7929382
v 7.4959474 0.0000000 -46.6820908
v 1.5569915 0.0000000 -33.2371368
v 17.4048061 0.0000000 36.6467094
v 45.6302109 21.8676453 33.7818298
v -15.9838104 33.5243530 -42.2104568
v -24.8119450 0.0000000 -40.5073013
v -23.8414803 0.0000000 -41.3419571
v -6.0226517 0.0000000 -43.4451256
v -17.3644562 24.6009769 51.1837006
v -5.8793545 60.0000000 1.5671120
v 8.8093576 24.6541748 53.2578049
v -27.5672874 0.0000000 -48.7492409
v 17.2883015 0.0000000 -50.4026833
v -2.5816517 0.0000000 -39.9071388
v 15.5644302 0.0000000 -12.4176550
v 26.1289330 0.0000000 21.4252529
v 11.5669165 0.0000000 13.5829239
v 9.3000889 0.0000000 -32.7776909
v -59.3937759 0.0000000 7.8868923
v -31.4907017 0.0000000 12.2567673
v 11.5507812 32.0176849 -45.1842079
v -18.8088436 31.9808960 -42.6998672
v -9.6273489 35.1731873 -42.4216919
v -10.6239882 42.4750481 34.5702171
v -3.4706426 0.0000000 53.3100739
v 17.6336365 0.0000000 30.0832100
v -17.8148880 0.0000000 40.7467804
v 33.9414978 0.0000000 13.9083452
v -20.8531094 0.0000000 40.6143570
v 16.4424973 0.0000000 -54.3611298
v 39.5602913 0.0000000 -3.7969744
v -1.4556686 0.0000000 25.0534477
v 37.0780449 0.0000000 -15.8766441
v -33.2331657 0.0000000 -10.2314768
v -25.5295067 0.0000000 -1.3527926
v -0.2781915 0.0000000 -35.8978577
v 30.7372494 0.0000000 10.6657066
v -0.0909484 0.0000000 -2.1012669
v 19.9676952 0.0000000 -5.6499796
v -2.8736963 0.0000000 -38.3734093
v 32.2414932 0.0000000 9.7542562
v 1.3423436 0.0000000 52.0063515
v -2.4672079 0.0000000 31.1402874
v -18.6784763 0.0000000 5.6200457
v 8.6868639 0.0000000 31.0156136
v 42.4764290 0.0000000 38.1880798
v 13.3907442 55.4265671 -18.9630222
v -53.4093742 25.2331982 -0.9116293
v -35.3038177 0.0000000 -15.8746042
v 54.9267044 0.0000000 1.7657400
v 7.7837124 19.6409454 58.4388084
v -3.4395242 41.0246925 -37.4850655
v -13.2560339 0.0000000 -39.6963234
v 16.3480949 0.0000000 -26.5655346
v 40.7851105 0.0000000 38.6189117
v -5.8469663 0.0000000 11.0592279
v -24.8711376 0.0000000 2.1480632
v -12.4833202 0.0000000 -17.9209785
v 22.2163486 0.0000000 45.0929375
v 51.7279930 22.4773216 -21.9312115
v -1.0256908 60.0000000 12.0824375
v 21.6314125 25.6409702 -48.4125366
v -39.5579720 37.8603821 9.9727030
v -22.6970425 0.0000000 -50.9428864
v -3.1730702 0.0000000 -22.5243034
v 17.5018120 0.0000000 -16.9687729
v 9.3193722 0.0000000 20.2378883
v 14.8427505 50.1369591 -24.3817654
v 12.8063622 54.8047333 20.1188984
v -8.8989964 0.0000000 -28.0903664
v -32.3690033 43.5722389 13.4893799
v 56.8743401 21.7435074 0.9311857
v -5.1136484 0.0000000 -28.1108360
v -32.5373001 42.8392944 14.9501972
v 59.4312553 1.4112231 7.8025746
v -25.4233208 52.6403542 -5.4913607
v 47.6810150 26.5707798 20.9155178
v -16.7456951 15.4902077 -57.5752983
v -33.9938698 18.8761578 48.8188858
v -24.6950855 0.0000000 0.2023203
v 48.7524071 18.5771828 -34.4863472
v -59.1122551 19.5154285 -0.2821198
v -36.5624886 0.0000000 27.2890949
v -1.9768718 59.9950638 -16.9658852
v -16.5642490 59.8656006 7.3582397
v -49.9788513 19.5362568 -31.4664459
v -4.5740976 9.9102974 59.7678223
v 55.3065681 18.3279343 22.6498013
v 55.4139481 2.6829484 22.7853851
v -58.3701553 7.2216558 -13.7133856
v -36.2555656 3.6139531 -47.6967964
v -7.9067755 8.1897087 59.4044914
v -4.0358033 11.3659716 59.8241844
v 53.0917969 14.2982121 27.7637577
v -58.9549942 16.9878731 -10.6958923
v -51.9282112 7.3057456 -29.9516983
v -23.3885708 20.2543812 -53.4778404
v -59.5844994 2.4303985 6.8025131
v -46.0491333 16.4148426 38.3269043
v -48.1461983 12.0212212 35.7473450
v 17.7224979 8.8851595 -57.2500534
v 59.9356918 10.5374422 -1.1466228
v 31.7980537 9.2705441 50.7884026
v 38.4110603 13.3301077 46.0568810
v 51.3501053 11.9273272 -31.0050850
v -29.6999893 11.0456409 52.0507622
v -36.9093590 40.0968666 11.2939100
v -41.0258484 21.5258255 -39.7387466
v -13.7195358 59.9999962 6.2658138
v -19.6138725 19.4752979 -55.7876396
v 45.0388107 25.7327576 27.7337608
v 56.1814346 10.4698772 -20.8591251
v 17.9948444 10.2345810 -57.1582947
v -26.1639977 31.5668888 -39.1399956
v 9.1767673 41.3391762 36.1516762
v -38.6052742 9.5726023 45.8909492
v 31.3013153 46.9731102 4.8388481
v 50.6281090 27.6600952 5.8575964
v 50.7455063 23.7376308 20.9541130
v -59.9066238 14.1513042 1.7221117
v -0.5358265 0.0000000 4.9499674
v -15.7740374 47.8590698 -26.4640903
v -42.6767769 20.9837551 -38.7906075
v 1.3063020 48.9358978 29.7131824
v -20.6740112 51.1059036 -18.1821938
v 48.5474243 22.7745590 -27.6762199
v 29.6903973 48.6435699 -4.2542543
v 27.7080574 36.2189713 -32.1401939
v -35.9351463 40.5190926 -12.7473602
v -42.8456535 35.6007996 4.3737593
v 10.3102903 30.8749790 46.6736603
v 27.6817379 50.7806625 3.1683254
v 56.7052116 21.3384132 8.2413940
v 2.2165506 47.4532433 -31.1369534
v -21.0937614 48.8052673 21.0926189
v -47.6877861 20.0029182 34.1190033
v 9.7988081 39.7795105 -37.6323814
v -42.0667915 29.8405056 24.7624702
v 28.1045933 46.4771996 15.6077528
v 19.1313114 31.8532810 42.7065163
v 7.9750557 60.0000000 6.5652208
v -12.6202698 60.0000000 1.3205302
v 0.8349450 60.0000000 1.7428333
v 32.3770180 0.0000000 -35.3822556
v 20.9501686 16.6515350 56.1624413
v 4.9125447 0.0000000 33.3454742
v 32.6902618 9.7855949 -50.2515297
v -23.0525246 9.6469631 55.3480072
v -21.3246174 0.0000000 -49.6737289
v -13.0432339 49.8440742 25.6678200
v -47.7887344 28.8148956 -14.1962996
v -37.9488487 0.0000000 -5.3184094
v -2.5595295 60.0000000 7.1498795
v -28.4906883 0.0000000 39.1165161
v -31.9578342 29.2261467 37.7081451
v -39.3633881 38.7967186 -6.3938761
v -32.4440880 44.5075302 10.7215862
v 9.9326363 0.0000000 -16.3211555
v -3.9692008 0.0000000 30.3232536
v 10.9263306 0.0000000 -31.7260323
v 14.1174669 0.0000000 35.7007751
v 30.6758461 0.0000000 -13.9158640
v -16.6041050 0.0000000 22.9815788
v -1.5090151 53.4221306 -25.2041473
v -6.6087112 27.7393932 50.5021515
v 24.2537155 48.6400261 17.7035542
v -47.6688385 30.5431900 -6.6701584
v -14.8358316 0.0000000 36.2497787
v 15.5181627 0.0000000 -51.1346893
v -4.1988044 0.0000000 37.6899910
v -14.3135242 0.0000000 -20.5859470
v -10.8259869 0.0000000 -12.3774757
v 41.1425972 0.0000000 30.1513329
v 55.6856842 12.0367651 -22.1033821
v -10.5921659 0.0000000 -38.0485497
v -15.0984144 0.0000000 22.4067726
v -23.4486752 23.3017445 -50.1091042
v 35.4920197 0.0000000 14.5243940
v 52.4117432 0.0000000 -9.0641775
v 5.9115701 0.0000000 46.2115364
v 30.9813843 0.0000000 -34.2646103
v -8.2963381 0.0000000 -24.9877663
v -3.8160200 0.0000000 -34.1864929
v -19.8160839 0.0000000 21.4601288
v -16.6348000 0.0000000 18.5053177
v -17.2706985 0.0000000 -16.7830143
v 29.6649284 0.0000000 -5.1086669
v 14.4913960 0.0000000 58.1285744
v 42.8551064 4.7123647 41.9286118
v 43.7424774 6.2964859 41.0320892
v -48.7850685 20.1848755 -32.2174263
v -22.3455048 40.5954208 -30.8021545
v -14.6270790 45.1111259 -30.1622887
v 10.4771919 0.0000000 31.1151867
v 0.1330402 0.0000000 -28.2725143
v -46.7004013 0.0000000 -13.1129179
v 54.1544380 0.0000000 -2.9299574
v 37.5991287 40.9659538 -2.6914506
v -8.6039991 21.8962746 56.0868797
v 28.6026955 20.3285122 50.8025131
v -3.5541053 0.0000000 -3.0654182
v -46.2341499 0.0000000 -19.1925392
v -29.4927654 0.0000000 34.8883705
v -9.2674456 0.0000000 27.2122612
v 23.2584591 2.6746674 55.2525482
v -55.9431686 9.6000652 -21.4571552
v 30.5109787 33.6170654 33.1688957
v -28.8493481 0.0000000 6.3112564
v 22.3071823 46.4648323 -23.2021351
v 39.4401817 33.8754120 21.1587372
v -47.0059547 16.4763908 37.2017746
v -59.6733246 14.3373766 -5.9729409
v 20.8027267 24.7121258 -49.7516060
v 49.7980270 24.9463062 20.0781593
v 49.6318245 24.4534435 21.7269478
v -12.3919649 42.0404778 34.4491920
v -20.3420238 17.5992622 -56.3094292
v -58.6399689 18.1769428 -12.0407887
v -4.9155631 16.4743671 59.7298851
v -38.1075134 17.5028801 -46.2404709
v 37.8188019 0.0000000 -46.4808655
v -55.4532852 1.1947346 22.6866627
v 12.9503946 59.2654533 -14.3599243
v -57.9647141 9.0732889 -15.1763935
v -56.5657768 13.9336710 19.8896141
v -59.8356590 15.6125736 3.0295873
v -54.7004585 2.1691418 -24.5756207
v 43.8208199 7.4862494 -40.9434853
v -56.8244781 15.5616207 -19.1986084
v -42.5795364 3.3054698 42.1903305
v 15.0922794 60.0000000 1.8609715
v -59.2227974 8.4043407 -9.0824680
v 27.6595688 48.9328766 10.7831612
v -32.4755020 42.2432251 16.4858074
v 26.2820148 28.1343784 43.1320686
v 43.4611664 7.8894153 41.3190918
v 54.6204300 22.3710823 -13.6173229
v 4.6417947 40.9333954 -37.4676361
v 52.2198715 1.9910500 -29.4083595
v -26.7165794 50.4097023 -9.1091661
v 2.2936206 60.0000000 15.5160503
v -50.1940308 13.6726856 -32.7287674
v -1.6102339 0.0000000 34.2955360
v -39.1348724 15.0951824 45.4454002
v -59.7114601 7.7219462 5.3068867
v 49.7672539 28.1090450 8.7886162
v -17.0353012 47.4190331 26.1903439
v -48.2858772 26.6459103 19.3698521
v 19.4535179 47.0964966 -24.8511581
v -25.8212452 51.4964371 -8.3502436
v -41.2726631 36.7689743 7.2437463
v -56.5279083 8.7960730 -19.9799042
v 29.7217426 26.6803398 -42.6318893
v 4.6798449 32.5055580 -45.9330177
v 10.2536497 32.7626228 -44.7496872
v -22.6607895 24.0147343 49.7193565
v -26.4786205 25.1268673 -46.5178833
v 23.3309975 40.5053177 30.1729927
v -34.3814392 42.4364815 11.4581318
v -29.6641579 24.2063847 45.6492348
v 37.3946915 32.7474098 -26.6578789
v -16.9618359 40.9975777 -33.5953255
v 23.2646027 0.0000000 -24.5994511
v 46.6218376 20.9149055 34.0436668
v 27.5161877 27.8744831 42.6626244
v 39.7730293 38.4137688 -6.1452327
v 36.2204018 42.1208191 4.6944137
v 22.0754070 56.5491066 0.6029462
v 4.8699183 46.8052368 -31.5221043
v -20.5685444 47.9943924 -22.7104664
v -56.1538239 20.5638905 15.0001326
v 19.4592018 54.6469994 14.0666294
v -27.0304070 24.0093460 -47.4887772
v 1.1296610 25.2368221 53.4133530
v -28.2060261 0.0000000 -39.8981361
v 35.9587288 28.3771839 35.1136284
v -36.7231789 1.7985231 -47.3413086
v -10.1461763 11.7356968 59.1042328
v 7.7252488 60.0000000 4.8950095
v -44.1771545 12.6053658 40.5349884
v -55.5080338 0.0000000 2.7757344
v -44.5990219 0.0000000 17.0528202
v 46.7519684 0.0000000 -2.5259213
v -5.8956375 0.0000000 -40.1021233
v 8.4082060 0.0000000 36.5800514
v 12.2974396 0.0000000 19.2908630
v -15.3990936 29.0031738 47.2022743
v 31.5635548 47.0801773 -0.3789616
v 9.7970095 31.8450527 -45.7955017
v -12.2996292 24.0634270 -53.2120285
v 3.8976703 0.0000000 -51.6663551
v 5.8240399 0.0000000 -42.4485512
v -0.6002069 0.0000000 35.4326019
v -23.4779549 0.0000000 14.9092741
v 24.6180344 0.0000000 18.6150703
v 27.0921955 47.8615799 -14.5773811
v -36.6973839 0.0000000 37.3040848
v -16.5671101 0.0000000 15.7718382
v 4.8897920 0.0000000 16.7458115
v 20.7694378 0.0000000 -50.8956642
v 27.1932316 0.0000000 -38.8197174
v 38.7067986 0.0000000 -43.1251564
v -45.7042084 0.0000000 33.7845116
v 21.2199726 0.0000000 -12.9512377
v 30.1773968 48.4572372 -0.5796561
v 21.2085190 0.0000000 -33.3990517
v -2.7042193 0.0000000 -26.8711128
v 35.2814331 0.0000000 -10.9833345
v 39.8987732 0.0000000 -1.7505124
v -59.2557831 15.9514275 -8.8810349
v -25.0273075 0.0000000 -35.2111893
v 1.8297558 52.6007881 -26.0004807
v -23.5277462 41.1472511 -29.2237301
v 7.5888386 43.5202637 -34.3453827
v 16.0249386 0.0000000 19.3373718
v -55.6995049 10.9738617 -22.0686874
v 16.9458313 13.6212482 -57.5113640
v -8.1008663 0.0000000 25.8325539
v 17.7984886 15.7372465 -57.2244148
v 22.1953850 0.0000000 -30.0836983
v 19.9907532 0.0000000 -39.2717667
v -27.9948578 22.9823284 -48.1330757
v 35.4763718 8.0756102 -48.2891197
v -48.0181732 30.6234989 0.0573856
v 44.1299133 29.8480206 20.8454094
v -8.1188269 28.4039955 49.5887642
v 15.3407030 0.0000000 31.9243736
v -4.3355331 0.0000000 -27.1033478
v -53.4761086 18.9537888 -26.1739140
v 3.8028266 17.7417336 59.7842941
v 54.1823730 16.9362507 25.6807632
v 43.7564964 9.9428387 41.0114822
v 9.3292837 13.5232801 59.2479668
v -20.5989304 54.5230789 -12.4945002
v -9.9509459 59.8618927 -15.1874819
v -4.0215697 14.4954405 59.8241653
v 9.1066532 59.9670601 -15.0307369
v 58.9542313 7.4908595 -10.7206669
v 18.9037895 13.0608225 -56.8520279
v -39.0416374 1.9403570 -45.5073586
v -48.2608376 13.6601572 35.5797348
v -47.7215919 14.9662237 36.3433990
v -34.0338135 25.0006237 -41.4663734
v 3.8457956 9.4062738 -59.8451996
v 31.9937820 11.4117804 50.6706429
v -28.3886738 10.7968969 52.8302574
v 21.4279366 44.5042686 26.5827694
v -24.9976482 52.6231232 -7.1885300
v 41.9887047 36.2906189 -5.7606182
v -5.1752267 53.3844299 24.7736969
v 22.0030689 25.3406086 48.5572472
v -39.3489075 25.2852898 35.9906921
v -37.6872902 30.9085484 -29.3256569
v 2.3896828 56.2671890 -22.2627583
v -37.3325806 39.5361977 -11.6637402
v 20.5064926 57.9259262 2.8177481
v -45.9278030 21.7839241 -33.5243073
v -3.1882219 53.2882996 25.1956444
v -15.1631260 45.7952423 29.1471825
v 21.7618523 39.5807190 -32.4547806
v -30.0893574 22.9530563 46.8705559
v -46.7465096 28.5897484 17.9580040
v -50.5407906 22.5286331 24.3728771
v -25.9563923 43.5684471 -23.6117592
v -41.5344200 35.3528099 12.4487629
v -30.1916447 48.4386101 -0.0995902
v 12.2889109 47.4415169 -28.6812477
v 24.5263729 0.0000000 -12.8527279
v 46.5241966 0.0000000 -0.4028607
v 26.3019562 52.2833862 1.8574089
v -9.5123873 22.5534534 55.2763214
v -28.8254642 21.9715290 -48.8240166
v -22.6402569 0.0000000 45.7055359
v -30.6554489 27.1881599 -41.3259773
v -26.3070221 0.0000000 -40.4209747
v 16.9682350 31.1780510 44.3357849
v -6.2543330 60.0000000 3.6101282
v 39.9597206 0.0000000 18.3056946
v 46.5977783 21.8096504 32.5650024
v -25.6357994 0.0000000 -52.1169891
v 14.5849161 0.0000000 -43.4500580
v -32.4385719 0.0000000 9.4308414
v 30.6312752 32.0269012 35.1815605
v 1.7103497 41.0278625 -37.6031685
v -53.6317139 0.0000000 -1.7028871
v -31.1446972 0.0000000 -27.1864910
v 4.7484717 0.0000000 -34.7818413
v 24.7366238 0.0000000 16.7503643
v 47.6897202 29.5910625 11.4250717
v 5.7404490 51.6098747 26.4206066
v -12.5721712 0.0000000 40.7417450
v -20.0904369 0.0000000 50.4042435
v 17.5699043 0.0000000 -3.0424037
v 14.8359814 0.0000000 22.5668659
v -24.6129837 0.0000000 16.6910515
v -22.1337643 0.0000000 -32.7240868
v -44.9448776 0.0000000 -13.3822622
v -25.1747665 0.0000000 -22.4707298
v 9.8572960 0.0000000 6.6508236
v 49.2841949 16.1979828 34.0706329
v 40.2797318 7.2994022 44.3689651
v 21.7881966 56.7146835 2.4268789
v -27.7581177 42.5566597 23.0831547
v -12.4429045 33.3538094 -43.5699120
v -27.8110218 50.7515717 -2.4318857
v -20.9135361 0.0000000 -34.4417000
v -38.7875786 13.2165070 -45.7377930
v -22.8387108 36.0370750 35.9919510
v -11.9417324 14.3533936 -58.7176857
v 56.4580841 22.1257877 2.4026875
v -56.9759674 17.5811691 -18.5241756
v -44.0694199 0.0000000 28.4223614
v 16.4799919 59.9360924 6.3554287
v -47.5596581 16.9366646 -36.5152779
v -11.6214457 59.9797668 -13.1848269
v 59.4508095 14.6957951 7.6905351
v -40.6392097 16.2427635 44.0281639
v -10.6021042 10.0560446 -59.0117264
v -58.3508835 7.2353244 13.7833233
v 8.4282150 10.6368818 59.3480263
v 26.1054993 15.6102133 53.9354820
v 24.2490406 23.0626392 50.0183144
v -5.9694166 9.6461763 -59.6160774
v 44.1858673 27.1373482 -26.4525452
v -35.1536903 31.8056583 -31.0069427
v 25.3333912 51.7941780 -8.8585873
v 51.2425003 21.3261948 -25.6803474
v 3.3905449 39.9387169 -38.5812836
v -37.3398018 26.4142570 -36.5332222
v -26.8562660 48.5508957 13.6147470
v 31.2275181 26.8219833 -41.4019585
v -40.6636925 36.5239906 11.1089325
v -52.6838112 0.0000000 21.5988445
v -35.5572929 30.8497963 -31.9829063
v 37.0370979 29.5295982 -32.2792778
v -49.7985535 23.1479969 -24.5126781
v -50.6979523 0.0000000 26.6003227
v -44.6554260 0.0000000 -16.0296936
v -9.5075541 0.0000000 -48.3259277
v -36.1576920 25.4144802 39.1236191
v 0.1728935 35.3497581 -43.3484726
v -53.2391968 0.0000000 24.3082047
v -42.6145897 0.0000000 42.1119003
v 12.2408886 0.0000000 -53.0373764
v -19.5773048 0.0000000 -23.0225830
v 52.3574028 0.0000000 -0.5366147
v -10.5600300 0.0000000 -41.5180702
v -26.0849190 37.1957321 -32.2463455
v -19.6250973 0.0000000 -10.2065449
v 22.7028999 0.0000000 -46.4431572
v -12.6278248 0.0000000 -9.5404797
v 11.2428999 0.0000000 2.7551935
v 21.1984959 0.0000000 16.8903904
v -43.4371567 0.0000000 -14.8162889
v -12.3483829 44.1599350 32.2036285
v -29.9532967 37.6247673 -28.0512810
v -25.7343960 0.0000000 -13.5734472
v 23.9105854 27.5138779 45.1897125
v 45.2184563 26.8326321 -25.3410206
v -31.2867680 34.1819649 -31.6107044
v -25.6127205 28.1023026 -43.6023560
v 3.7582254 6.3643436 -59.8447304
v 26.3090649 10.6094618 -53.8413544
v -23.4703941 0.0000000 3.0689034
v 2.7399325 42.1609573 -36.4024658
v -12.1086550 39.6256485 37.0951271
v 23.6656551 26.6223164 46.3230476
v 18.0644188 0.0000000 57.0994072
v -28.6319084 15.6946754 52.6924057
v 24.3878021 19.2787399 54.0633888
v 14.2462521 59.9878654 -9.3618336
v 28.9264698 6.6996899 -52.5154381
v -19.1037102 48.9796028 -22.6900272
v 56.7701378 1.2887025 19.3140850
v 1.9987258 9.9107885 -59.9119911
v -56.5957680 1.6188437 19.8141174
v 36.8808670 4.2155237 -47.2214470
v 25.5457096 11.8345594 54.1945610
v -57.5418625 13.1513205 -16.6993465
v 57.1025352 2.7825489 18.2816219
v 4.3612895 49.0557785 -29.3231487
v -26.8652229 15.1791210 53.5840149
v -38.1857834 36.8450012 -16.9739704
v -27.2938290 23.4713612 47.9596138
v -21.8365059 47.0741425 -22.7878456
v -29.2591934 46.6728287 12.8774567
v 13.1446733 44.3014297 -31.7265148
v -36.4516411 30.8715801 -30.9506798
v 30.1914940 37.7876968 27.5105286
v -27.1193886 30.7466393 -39.4720116
v -3.6209166 54.6426353 23.7819138
v -46.0013847 26.8534679 -23.8255043
v 19.9193459 21.4393692 -53.6076851
v 2.1213956 0.0000000 -14.9153481
v 11.1022730 0.0000000 -44.6233978
v 37.7890015 29.9403648 -30.7378693
v 5.5722666 48.0555725 -30.1361275
v -3.8855038 30.5413551 47.9978943
v 47.3383827 0.0000000 -33.7654343
v -18.5355225 0.0000000 49.6842842
v 20.2188301 0.0000000 -29.8617535
v -0.1271696 36.7601433 -41.9382896
v -52.3245964 0.0000000 -0.4485218
v 7.9160213 25.7083549 52.3416328
v -58.1691742 0.0000000 -2.6760798
v 12.1549530 0.0000000 -41.0818100
v 34.0467987 0.0000000 45.1763153
v 35.5687523 0.0000000 25.0084000
v -49.8888092 0.0000000 2.1622083
v -20.1524887 0.0000000 -29.7229233
v -28.5087776 0.0000000 15.7548046
v 36.8227234 0.0000000 -8.2278757
v -6.7294998 0.0000000 55.7544670
v -37.2717705 0.0000000 -2.4592421
v 48.3413200 29.3966312 -9.5288839
v -49.5631447 0.0000000 -10.9599085
v 22.3832016 28.5246220 44.8473854
v -45.9796677 0.0000000 26.9798393
v 21.7027569 52.0320320 15.4255590
v 0.6894370 5.6030564 59.9120026
v -7.2734332 55.4295883 -22.0464249
v -8.1501875 56.1465378 -20.9752293
v -5.9031692 30.3439465 47.9849205
v -56.2446480 19.4968414 -18.2641068
v -28.0861301 19.1984024 -52.2242126
v -14.7286863 59.9997673 -7.1573329
v -8.0257311 60.0000000 -14.0822296
v 39.1789513 5.6306190 -45.3977051
v 58.9457474 3.4662220 -10.7723732
v -9.4614697 13.0959730 -59.2241211
v -11.0935879 13.3595400 -58.9039497
v 30.2027035 5.5493016 -51.7482758
v -44.3526382 32.6876564 12.1983881
v 20.1807995 47.7190590 -23.4451599
v -46.0515938 3.7617111 38.3283119
v 19.9189510 43.3524704 29.1368732
v -19.8920326 51.9872284 17.7264042
v 22.8390884 51.8693581 13.9273367
v -2.8847728 31.8322945 46.7690697
v 3.5432272 50.5686073 27.8680954
v -39.4160004 29.6028728 -29.1994305
v 48.1381989 30.5123749 -0.7658604
v 15.8392706 26.6980515 -49.4755402
v 15.5067930 25.8407879 -50.4758911
v -44.9436951 31.9419518 -12.7968206
v -47.0372772 31.3283691 5.2873402
v -2.2626226 45.7959061 32.8314857
v -42.0478325 36.3643570 -4.6013269
v -5.2243061 54.7325935 23.3774929
v 38.6451187 27.5245399 33.5215073
v 51.3968124 21.9013577 -23.9984093
v -49.4919930 29.1498585 -0.3817348
v -54.4981918 0.0000000 -17.6057491
v -21.5827637 0.0000000 -39.6595230
v -28.4541321 0.0000000 -32.5352364
v -14.3443928 0.0000000 -10.5100327
v 17.5189266 0.0000000 9.8013620
v -23.2672386 0.0000000 -27.6632195
v 30.8990536 47.6946716 -1.8376044
v 34.9640427 0.0000000 -3.4039199
v -40.4734230 0.0000000 -22.1704502
v 37.8967133 0.0000000 -1.2606479
v 40.7692070 11.2601948 43.9053001
v 36.5745811 0.0000000 -6.2665362
v -44.4998512 0.0000000 27.3073616
v 58.7594948 19.8422928 1.5618145
v -7.1399884 6.2355409 -59.4887581
v -9.3855448 49.0005264 28.1177101
v 24.2793770 0.0000000 -52.4570236
v -59.2986794 10.7646055 -8.6196680
v -30.7624245 20.5631981 -49.2816429
v -34.9244843 26.1634102 39.2030220
v 21.0806122 46.4388466 -24.3617516
v -43.6055870 33.8259010 10.3894529
v 33.5596542 38.2183151 22.5682793
v -57.6876259 16.9950180 -16.1690540
v 3.6500618 59.9665413 -17.2140465
v -43.0944595 9.0809813 41.6938744
v -59.7284546 3.5323541 5.0083351
v 4.7391644 60.0000000 -15.2768402
v 20.5037365 46.3787231 24.9208050
v 10.5498943 37.3781586 39.8830528
v 8.0712957 35.9386597 41.9653244
v -44.1277657 4.9292679 40.5896492
v 27.8953495 22.8513641 -48.3221550
v -57.6389656 0.0000000 -6.8199458
v -28.8036041 48.7702217 7.9761682
v -10.0691319 60.0000000 -11.8651438
v 22.4464817 45.2031021 24.8456268
v 3.2022297 28.4695892 50.0716553
v -43.1275406 34.0019188 11.6720715
v 31.9931297 24.4271069 -43.8090973
v -4.1700735 33.0444794 45.4748077
v 32.8975182 23.8069153 -43.9376640
v 31.4010201 45.0979233 11.7523470
v 13.6697769 0.0000000 -31.7558174
v 19.9268112 0.0000000 26.0654297
v 11.9904070 44.1870995 -32.2870407
v -8.4727526 60.0000000 6.4273167
v 52.6939354 24.2143745 -13.7968130
v 13.2827015 31.9858704 -44.7326088
v 13.8301182 0.0000000 -40.4758339
v 22.7976837 0.0000000 35.4754257
v 23.9679337 0.0000000 35.1703339
v 0.1722632 0.0000000 9.1609907
v 27.1120377 0.0000000 -3.1954262
v 33.9465561 0.0000000 22.3678265
v -5.2917299 0.0000000 25.8965721
v 14.9367676 0.0000000 17.3772697
v -12.7256489 59.9999847 7.8087773
v -11.8937330 0.0000000 -41.4212837
v 59.7761765 12.4247742 -4.1284161
v -51.7180023 0.0000000 27.5606194
v -22.8829212 0.0000000 -29.6420174
v -43.2748222 0.0000000 26.7678146
v -3.0507092 0.0000000 28.2052994
v 50.6331253 26.1368084 14.0344019
# 11527 vertices, 0 vertices normals

f 154 718 8
f 585 62 11240
f 1062 549 332
f 3564 7158 108
f 984 105 10
f 606 108 7158
f 243 498 2665
f 1044 6745 10433
f 251 2103 3062
f 805 4002 368
f 541 1396 198
f 326 204 1
f 2281 2280 1402
f 88 703 1188
f 1187 210 11324
f 727 241 61
f 297 4658 9941
f 299 162 18
f 301 735 1460
f 312 632 180
f 515 778 779
f 779 543 1980
f 319 185 643
f 798 10763 265
f 323 4456 9836
f 811 3435 9089
f 2280 135 85
f 686 6609 3260
f 692 200 140
f 1652 18 842
f 11379 55 291
f 349 57 152
f 349 2164 93
f 989 174 305
f 898 10330 1600
f 119 2116 262
f 947 945 1408
f 48 2295 11324
f 394 122 878
f 175 70 4287
f 994 2671 307
f 908 263 368
f 1711 2 2506
f 274 660 11326
f 6582 377 196
f 2491 3653 1747
f 1040 392 1041
f 1025 1063 8181
f 219 2477 2474
f 11121 11252 1038
f 1070 308 360
f 602 4236 1443
f 6440 28 1126
f 1885 1230 167
f 8174 117 73
f 3853 15 8205
f 134 3184 11487
f 134 199 3184
f 140 200 17
f 10334 208 207
f 1333 1392 53
f 95 149 475
f 718 1874 8
f 2050 1953 2656
f 590 486 1216
f 1961 6724 1119
f 10 105 439
f 10772 439 105
f 10 439 602
f 602 439 235
f 1966 1969 2830
f 6440 1128 59
f 1347 30 498
f 11331 33 1889
f 9368 111 33
f 312 2605 511
f 2605 312 180
f 121 226 521
f 120 522 1379
f 80 125 41
f 799 6664 125
f 1150 1901 368
f 525 2318 1902
f 811 659 3435
f 6236 1270 272
f 2578 557 462
f 529 1932 661
f 669 114 757
f 6582 3916 669
f 1980 543 1286
f 85 135 546
f 4021 1295 1632
f 2124 549 10764
f 209 11324 210
f 1187 11324 143
f 1275 663 6604
f 210 2161 209
f 208 1188 207
f 1188 2161 210
f 1188 210 88
f 211 4953 1305
f 6188 10549 1420
f 53 1392 92
f 158 1334 1314
f 10139 569 149
f 475 149 569
f 218 1310 19
f 1041 27 571
f 1874 222 99
f 718 154 58
f 718 222 1874
f 6578 1325 295
f 652 102 81
f 69 2321 11133
f 6440 2050 28
f 168 7158 7130
f 233 289 842
f 594 6724 163
f 442 104 103
f 111 11380 597
f 442 597 104
f 442 111 597
f 9368 11380 111
f 1443 3982 602
f 3982 10 602
f 984 10246 2830
f 166 1969 870
f 1969 1966 8163
f 2083 2081 610
f 243 611 498
f 498 30 875
f 2086 3571 2699
f 5 1356 10357
f 1893 620 502
f 248 175 115
f 175 248 70
f 10409 762 2099
f 890 257 635
f 276 634 82
f 253 634 276
f 749 1379 174
f 174 1379 522
f 1697 315 901
f 2359 645 1608
f 184 787 185
f 901 318 1697
f 319 643 646
f 263 646 1150
f 2123 1150 646
f 368 263 1150
f 649 8169 1251
f 10047 4456 402
f 2984 10047 402
f 807 459 81
f 808 3435 2986
f 660 4352 193
f 661 662 530
f 661 530 529
f 2644 4273 564
f 10789 2679 10764
f 666 2125 665
f 156 15 666
f 156 10297 15
f 573 15 10297
f 2126 2125 1175
f 667 3916 6582
f 758 6582 669
f 3184 2325 11487
f 135 3083 10045
f 10045 546 135
f 684 1405 1403
f 9903 138 136
f 682 136 685
f 861 220 1431
f 686 2463 220
f 10328 694 11321
f 699 203 205
f 11005 831 2153
f 10789 701 6610
f 663 10996 206
f 663 206 285
f 2157 207 703
f 1188 703 207
f 663 285 6617
f 2161 1188 208
f 49 1420 557
f 10656 1661 2632
f 57 349 93
f 384 1305 2690
f 291 211 1305
f 1547 384 148
f 291 556 211
f 2037 3101 1425
f 149 95 293
f 150 569 10139
f 1310 218 963
f 716 963 218
f 716 218 476
f 971 476 11046
f 1939 971 11046
f 391 2173 4284
f 861 58 220
f 571 1317 99
f 154 479 58
f 1325 1326 1948
f 576 1325 1948
f 1325 576 295
f 295 574 2042
f 11128 2153 700
f 11128 11005 2153
f 11128 700 17
f 831 141 225
f 721 1437 84
f 296 160 230
f 354 4441 2184
f 6750 1337 189
f 187 354 2184
f 187 2184 265
f 10329 729 585
f 730 11129 9941
f 289 730 91
f 4447 4055 6580
f 732 1453 595
f 299 2194 162
f 2698 10790 10772
f 1471 301 611
f 735 301 1471
f 1877 1221 1461
f 302 1463 2071
f 302 2071 242
f 2199 2196 736
f 736 1463 737
f 2199 737 2197
f 737 2199 736
f 737 1463 302
f 738 2198 2070
f 740 2196 739
f 743 1467 2075
f 303 735 1471
f 735 303 172
f 303 2078 2083
f 243 2208 2078
f 611 243 1471
f 10079 1473 30
f 10138 10433 1972
f 9979 10138 34
f 502 620 10191
f 114 72 757
f 750 9701 2670
f 990 1979 76
f 749 990 76
f 750 2670 4287
f 749 174 990
f 2670 880 8157
f 248 115 23
f 758 669 755
f 755 669 757
f 2218 10332 1068
f 23 115 6612
f 537 307 6
f 308 537 538
f 2103 251 117
f 2671 628 6
f 882 309 762
f 767 361 1594
f 2107 630 8174
f 75 82 634
f 637 314 6615
f 1980 25 779
f 896 314 637
f 4115 896 543
f 314 896 893
f 1600 776 898
f 643 185 786
f 645 120 6662
f 522 120 645
f 315 645 6662
f 315 38 901
f 38 315 6662
f 1498 1497 10766
f 185 787 262
f 318 316 1697
f 262 10801 119
f 185 2116 786
f 319 646 788
f 263 788 646
f 319 788 4280
f 4002 908 368
f 791 648 1832
f 189 650 264
f 797 795 2261
f 795 1617 10767
f 799 2049 800
f 799 800 1252
f 14 800 266
f 1252 800 14
f 369 6614 267
f 270 268 190
f 270 190 804
f 4456 323 804
f 323 270 804
f 653 1514 805
f 1514 124 405
f 405 269 3154
f 191 124 10080
f 124 653 10080
f 194 808 2613
f 129 2614 373
f 809 42 4352
f 810 9837 811
f 9089 3435 808
f 9089 808 194
f 812 194 129
f 2269 9656 529
f 814 1394 670
f 1519 2278 2271
f 933 1631 1017
f 671 670 9514
f 670 671 2228
f 2355 778 1520
f 2383 82 75
f 254 782 260
f 721 4123 1437
f 4123 326 1437
f 84 1437 10116
f 329 820 1295
f 820 329 280
f 329 137 280
f 820 5139 84
f 2285 1527 824
f 138 1528 822
f 826 2285 1529
f 825 5064 2014
f 136 138 827
f 136 827 6609
f 3260 6609 827
f 3170 2142 4024
f 332 549 195
f 195 2160 2296
f 1422 216 2031
f 1652 842 562
f 339 851 94
f 2307 474 10797
f 2307 3176 568
f 95 568 293
f 854 341 2309
f 340 2172 1549
f 10122 10139 149
f 345 414 386
f 345 27 1041
f 1939 972 971
f 345 386 3550
f 346 58 861
f 58 346 718
f 349 152 717
f 8212 9703 1661
f 2317 4086 2177
f 696 17 4274
f 225 2153 831
f 720 225 141
f 982 2719 203
f 649 354 187
f 2057 730 9941
f 984 869 105
f 296 4419 726
f 296 230 4419
f 498 875 2665
f 70 750 4287
f 249 357 115
f 249 115 175
f 877 2428 878
f 880 2670 1979
f 881 4287 358
f 2099 762 309
f 3523 882 1918
f 360 308 2099
f 537 308 307
f 762 1918 882
f 10049 2440 3523
f 761 309 882
f 311 3138 399
f 361 883 10281
f 362 767 178
f 362 2232 767
f 630 312 511
f 2107 312 630
f 890 2108 257
f 777 314 893
f 637 543 896
f 10386 1601 1599
f 1605 785 259
f 900 780 784
f 901 365 318
f 907 2362 9507
f 1497 907 9507
f 262 2116 185
f 1611 911 10985
f 1616 794 494
f 651 2256 2261
f 241 2256 651
f 873 2256 240
f 2261 1619 651
f 1004 369 267
f 10782 921 2263
f 922 11439 10768
f 404 9837 273
f 2376 926 925
f 1008 1058 1625
f 373 127 42
f 374 1014 1703
f 2277 1629 1518
f 1373 2383 75
f 1520 515 2383
f 9838 782 254
f 135 2280 936
f 2384 281 1635
f 331 378 151
f 2463 1431 220
f 947 4475 945
f 693 1642 1412
f 694 696 702
f 835 949 2020
f 205 951 699
f 1722 10393 1723
f 10334 380 10111
f 2295 143 11324
f 528 3952 529
f 6583 2031 216
f 1652 6583 18
f 4464 849 10335
f 2167 6029 10335
f 2168 54 2302
f 850 384 1547
f 963 221 1310
f 862 707 221
f 3550 386 217
f 222 718 346
f 2411 1739 5190
f 716 476 971
f 963 716 11121
f 716 971 412
f 972 1746 971
f 971 1746 412
f 98 9623 152
f 975 862 4130
f 2314 351 391
f 351 2314 8178
f 571 99 1040
f 2719 981 720
f 11240 8173 5168
f 2492 10783 1680
f 305 1683 989
f 1683 10769 989
f 10769 10451 880
f 2428 2340 2342
f 2428 394 878
f 2429 2339 11131
f 881 175 4287
f 994 993 2671
f 2671 993 628
f 2435 4137 116
f 359 994 307
f 1753 398 397
f 398 1590 3242
f 309 761 10340
f 767 2232 10988
f 362 400 2232
f 2443 258 1696
f 263 908 2378
f 804 402 4456
f 403 2370 370
f 2370 403 322
f 1006 919 922
f 922 919 11439
f 269 405 124
f 2449 1626 812
f 376 934 196
f 2461 1021 3259
f 2758 3169 139
f 10315 1 951
f 1728 4147 2400
f 1029 2471 1731
f 4480 10041 1733
f 972 389 1746
f 4696 2479 387
f 965 347 11386
f 2485 4697 388
f 99 3711 353
f 2473 412 1746
f 2417 865 1664
f 1042 6677 1679
f 2338 1473 1044
f 71 10337 1046
f 71 1046 2494
f 2494 10404 2495
f 1047 249 881
f 881 249 175
f 4152 4153 10770
f 1049 10785 10770
f 2357 10766 3249
f 3248 2757 2445
f 418 9626 1758
f 809 274 9356
f 332 2758 1062
f 1025 835 2465
f 87 1025 8181
f 8181 1063 1771
f 1645 11250 420
f 56 1064 2475
f 392 10336 1041
f 980 2419 1067
f 1765 2418 2508
f 1041 571 1040
f 353 1040 99
f 307 308 359
f 1070 359 308
f 1070 2509 1753
f 1767 2510 2509
f 1052 1073 2500
f 129 1059 2450
f 5194 179 2112
f 8273 7489 11194
f 2395 10111 1724
f 4694 953 1724
f 2492 6677 3399
f 3399 2424 2492
f 9789 1085 5380
f 2547 11442 10339
f 1845 10081 9790
f 360 10340 422
f 449 380 5060
f 1118 21 5704
f 1119 1118 1960
f 4336 1130 167
f 1130 4336 64
f 1132 66 2666
f 621 113 1142
f 805 78 653
f 1160 272 10351
f 1176 1175 11436
f 142 5060 380
f 4780 1874 1317
f 1218 597 11380
f 611 301 5007
f 498 611 1347
f 1359 501 5012
f 2666 1230 1132
f 1230 2666 34
f 9135 1232 2951
f 23 9944 7528
f 10048 114 669
f 5423 38 1242
f 69 447 2127
f 4907 3497 10822
f 10763 187 265
f 1251 650 189
f 1259 1258 3927
f 1259 3927 523
f 193 1270 1391
f 1271 6578 2042
f 1171 1272 2617
f 1171 2617 1273
f 557 528 1910
f 9083 1293 3161
f 5064 547 2014
f 88 1300 3533
f 4396 1302 1865
f 569 2640 475
f 3658 1198 1953
f 2334 2054 296
f 1473 6745 1044
f 1356 2087 615
f 1358 2091 1357
f 502 10792 1893
f 2104 2442 10225
f 1490 2238 1983
f 1370 513 1374
f 638 11187 639
f 643 1378 646
f 2117 1380 793
f 1382 1381 1609
f 5028 1609 1381
f 2877 459 807
f 661 1393 662
f 11245 132 11325
f 670 1394 9835
f 2125 666 11436
f 2712 1286 637
f 327 10341 680
f 2281 1402 2137
f 1405 684 10363
f 684 1403 1404
f 554 209 2161
f 528 1420 3952
f 1422 147 216
f 2692 383 2306
f 9940 9950 3566
f 2194 732 595
f 733 1456 10997
f 733 1453 1457
f 1453 732 1457
f 588 1458 10370
f 235 439 10772
f 169 31 172
f 3035 229 605
f 738 2196 740
f 2084 9985 2206
f 108 4056 872
f 1468 872 3125
f 1471 2078 303
f 754 9935 3061
f 306 4450 752
f 629 2104 769
f 4 774 3635
f 773 3636 774
f 784 1495 1496
f 2244 11317 785
f 1498 2245 1497
f 2357 1498 10766
f 2120 1499 3702
f 903 10771 2748
f 319 184 185
f 1502 1504 1505
f 1504 1507 1505
f 3640 2252 1505
f 2117 1507 650
f 1509 2261 795
f 2118 10317 4290
f 918 2709 1510
f 8235 2160 535
f 816 1518 8156
f 84 5139 721
f 2285 824 1529
f 825 2285 5064
f 828 1530 1531
f 2142 1408 945
f 1537 1539 285
f 10453 838 4080
f 840 337 553
f 1543 9853 849
f 1544 2299 847
f 847 2300 848
f 2303 1546 3650
f 2307 568 474
f 1549 341 854
f 2169 10122 293
f 9940 857 9950
f 344 1552 216
f 525 521 11381
f 59 7010 3180
f 3473 2422 1676
f 241 11241 2256
f 2425 746 2208
f 4111 11438 250
f 1588 2342 1586
f 1587 1588 11438
f 2343 9097 1687
f 3523 1283 4389
f 893 1598 777
f 1600 1599 781
f 899 4289 2355
f 2240 10386 1602
f 783 260 3147
f 900 784 1606
f 1606 784 3216
f 1496 1495 10394
f 902 644 2705
f 3249 1002 902
f 3249 10766 2358
f 645 2359 522
f 1623 2265 9111
f 909 911 1611
f 909 1611 2250
f 1613 10985 911
f 4070 11326 4068
f 4117 3151 1615
f 1470 10999 1616
f 915 1830 2257
f 921 11439 2263
f 2374 1621 3250
f 924 925 1818
f 2377 927 928
f 371 1517 930
f 42 809 373
f 370 1703 1014
f 10399 1626 2449
f 1630 11249 2276
f 1632 10116 11136
f 1634 6620 680
f 10341 1634 680
f 823 8189 1406
f 1531 1530 941
f 1718 1640 2392
f 2144 8177 689
f 947 8177 691
f 701 10789 10333
f 949 2393 334
f 949 1533 283
f 1539 1537 2295
f 1539 2295 1647
f 86 1650 1651
f 6583 1652 2031
f 960 2692 215
f 1423 2306 383
f 713 1656 859
f 388 4697 2411
f 2419 2420 1067
f 2733 1678 1970
f 1466 742 6611
f 11099 986 2426
f 1688 8216 1362
f 1697 316 904
f 1758 2360 4139
f 644 1699 1003
f 10398 1701 1702
f 2263 1004 1701
f 1510 917 1005
f 806 9905 11022
f 810 1627 2452
f 3224 1016 2456
f 11522 1015 3705
f 1022 681 11155
f 6752 2386 1023
f 1722 1720 1721
f 3706 9517 9530
f 952 1723 2466
f 1725 1724 2294
f 4694 1725 1726
f 3266 8191 3216
f 1731 2471 3269
f 10193 2404 1732
f 1732 382 10193
f 54 2168 10041
f 294 10347 5144
f 4697 1035 1739
f 2482 10345 1035
f 1036 222 346
f 1741 1035 4697
f 1037 6621 1742
f 2488 967 9946
f 11445 10403 968
f 6584 8215 1362
f 4421 1750 1751
f 2757 1699 1057
f 1061 8217 8192
f 8217 1012 1761
f 1841 3710 978
f 1841 978 964
f 2475 411 1763
f 219 2474 1764
f 1764 2474 1064
f 1064 7197 1764
f 1845 1844 1842
f 2438 2498 1768
f 65 1853 1854
f 1854 1853 28
f 11188 1878 592
f 168 7130 441
f 1853 1126 28
f 1126 6703 2593
f 6439 7010 1877
f 65 1854 1131
f 1885 3834 1230
f 167 1230 34
f 1355 3420 1889
f 113 1893 3838
f 9944 2669 7528
f 1990 447 11133
f 73 117 251
f 5898 2981 4560
f 1901 805 368
f 805 1901 78
f 127 10351 42
f 4824 5405 1904
f 531 9878 1273
f 1272 1171 462
f 559 462 1171
f 462 557 1910
f 2126 9099 466
f 25 276 82
f 1411 4077 282
f 143 1186 1187
f 703 88 3533
f 1113 661 1932
f 3952 1932 529
f 1932 3952 1933
f 1198 580 60
f 9499 573 10297
f 1949 1948 573
f 1950 1948 1949
f 573 9499 1949
f 60 10250 1198
f 1214 10250 3037
f 2050 1854 28
f 487 1955 2590
f 1340 487 3043
f 2590 1955 2929
f 3970 487 2590
f 10316 1961 1119
f 9100 1960 1118
f 1218 104 597
f 3047 3604 3902
f 4797 3979 9418
f 59 1128 1877
f 31 168 441
f 495 2942 2427
f 6297 1229 4339
f 3485 1888 2944
f 617 428 1890
f 500 1890 3806
f 501 2558 3837
f 501 3837 2093
f 1472 9096 427
f 66 9934 10191
f 66 620 2666
f 9368 9834 67
f 1231 2092 619
f 3909 1141 68
f 113 621 3054
f 9135 2092 1232
f 11487 541 9943
f 1239 183 1981
f 183 1239 1055
f 6997 4372 1981
f 515 1520 778
f 121 521 9351
f 1990 11133 1986
f 226 121 11133
f 1986 11133 121
f 3070 1996 3580
f 10388 123 4001
f 14 192 9136
f 801 26 1258
f 523 3927 2118
f 2372 3927 2749
f 9088 524 3502
f 646 12 2123
f 2318 80 1902
f 521 525 9351
f 1907 4919 1909
f 9082 531 3933
f 1393 661 1113
f 6244 3851 10353
f 6323 8235 535
f 2003 535 11239
f 1183 7 4830
f 1287 11245 1394
f 10049 3523 4389
f 537 2100 538
f 10046 2008 2676
f 1286 543 637
f 8203 814 1288
f 132 467 83
f 132 2897 11325
f 2897 132 83
f 1634 3083 936
f 1406 942 823
f 138 822 9904
f 1187 1300 88
f 210 1187 88
f 706 3947 3006
f 286 2024 47
f 3873 211 556
f 10549 1933 3952
f 559 1309 2578
f 1310 145 19
f 5435 560 4406
f 10787 1311 475
f 147 1422 1938
f 90 3882 3015
f 147 1938 2033
f 2033 146 10355
f 1314 1334 472
f 4969 2644 564
f 9839 3101 9991
f 474 568 95
f 3550 217 570
f 1874 99 1317
f 2040 8155 43
f 1945 2651 3961
f 574 155 483
f 1326 1325 1170
f 576 1948 1950
f 579 81 11141
f 7010 59 1877
f 9123 2049 799
f 2054 3564 160
f 296 2054 160
f 108 160 3564
f 584 486 3041
f 486 1954 3619
f 486 584 1216
f 730 2057 2193
f 9 1956 2063
f 589 2063 1340
f 1340 29 589
f 1118 9902 21
f 5111 164 1960
f 164 5111 3565
f 596 5110 11246
f 1952 2659 1343
f 1214 3037 1131
f 2661 3981 11050
f 6007 3985 604
f 2195 2698 3983
f 237 1881 1460
f 606 7158 168
f 11004 1348 1469
f 1348 1681 2075
f 607 3569 9086
f 2663 3569 5009
f 873 240 11004
f 746 2081 2208
f 10419 609 1350
f 1350 2079 1351
f 2079 609 2080
f 746 1351 2081
f 1351 610 2081
f 2206 2083 610
f 2083 2078 2081
f 2081 2078 2208
f 2082 2080 609
f 7131 497 2070
f 2082 238 2080
f 610 2084 2206
f 169 172 9347
f 9349 11242 1682
f 2069 1345 3987
f 244 2845 304
f 11115 3986 10357
f 3571 110 2699
f 499 2087 22
f 1356 615 10357
f 615 616 10357
f 499 615 2087
f 499 3907 615
f 6297 616 3907
f 245 2089 7132
f 3054 1973 5012
f 2091 2090 112
f 619 2092 500
f 3838 1142 113
f 1231 1361 1232
f 112 1893 113
f 1893 112 620
f 2669 3056 247
f 9354 2127 447
f 2127 9354 622
f 248 509 70
f 23 6746 248
f 2096 357 10358
f 8157 2097 358
f 1363 1478 1587
f 177 1691 4138
f 6 2100 537
f 510 10359 2103
f 74 3574 6606
f 629 2230 2442
f 2230 2229 892
f 629 2442 2104
f 3065 514 1489
f 1983 1374 1490
f 636 2346 8175
f 8175 10348 10773
f 639 2111 2110
f 638 2112 11187
f 1372 4603 2676
f 9093 1240 1376
f 2383 1373 542
f 10360 2677 641
f 2116 119 2115
f 904 316 903
f 1608 645 315
f 187 10763 10361
f 10763 188 10361
f 4001 123 3069
f 793 1380 1508
f 1508 1380 10090
f 1508 10090 123
f 1266 3071 652
f 267 523 2118
f 4425 270 323
f 78 1862 653
f 430 40 9836
f 2364 184 4280
f 1381 3680 5176
f 2364 2365 184
f 805 1514 4002
f 4643 656 10362
f 11337 657 2123
f 2123 1901 1150
f 2614 129 2613
f 2613 808 2986
f 193 1391 320
f 529 9656 528
f 1393 564 662
f 2679 2124 10764
f 11239 2124 2017
f 9511 2017 2124
f 2003 11239 2017
f 1175 1916 9099
f 11487 3659 541
f 276 672 9094
f 678 6395 5061
f 9838 254 679
f 819 326 1
f 10045 3083 948
f 680 328 327
f 3083 10341 948
f 3083 135 936
f 2138 2136 938
f 2137 938 2136
f 2137 2136 2281
f 2136 2138 11008
f 1632 2139 4021
f 281 10363 684
f 1405 10373 1403
f 2624 11155 681
f 1404 281 684
f 1530 45 941
f 2289 690 946
f 2291 687 10018
f 2143 11139 687
f 2143 2291 11389
f 3084 2144 201
f 3084 201 9517
f 202 2145 11000
f 3084 10778 691
f 10778 4475 691
f 3706 833 10778
f 2145 10778 833
f 2146 688 3085
f 2146 3085 830
f 282 2147 688
f 1411 688 1409
f 693 2145 833
f 1720 2020 2152
f 1532 1534 5143
f 206 1537 285
f 207 2157 10331
f 1648 956 705
f 2296 2160 2628
f 4542 2629 953
f 48 3094 955
f 209 3094 48
f 837 3095 10401
f 706 9377 3095
f 10401 2689 2162
f 2689 553 2162
f 10401 2162 2470
f 153 9726 57
f 1420 528 557
f 4030 4031 145
f 4960 3597 4030
f 2032 2031 1652
f 562 2032 1652
f 2406 1423 383
f 1542 2167 1547
f 1542 1547 148
f 556 10050 3873
f 1427 2037 1426
f 1425 9839 343
f 2170 343 9380
f 9844 10803 1655
f 2386 1034 11135
f 6752 1034 2386
f 711 2173 844
f 2173 711 10299
f 9623 9703 11327
f 10299 4284 2173
f 3102 2177 4086
f 479 719 58
f 719 220 58
f 2182 6458 10369
f 10560 485 1578
f 61 1578 485
f 485 583 61
f 3035 1461 229
f 230 160 108
f 4044 265 2184
f 2189 9870 3619
f 729 4052 2055
f 490 8209 1341
f 298 4132 232
f 1878 732 592
f 1878 1457 732
f 732 2194 592
f 592 2194 299
f 1453 11246 595
f 2194 595 233
f 1454 593 1961
f 1455 1454 164
f 1454 1961 10316
f 1453 733 11003
f 734 733 1457
f 1342 734 1878
f 105 869 3983
f 3983 2698 10772
f 10790 2698 2086
f 612 2086 9529
f 605 1462 2877
f 1463 2073 2071
f 2070 2198 7131
f 2199 2197 170
f 736 10118 1463
f 736 2196 10118
f 738 1465 2198
f 5009 739 2199
f 1681 3124 3623
f 1043 1464 3624
f 2200 740 742
f 739 742 740
f 1465 738 740
f 3124 3125 2201
f 3623 2202 1464
f 2203 2072 2198
f 238 2072 2203
f 239 2206 9985
f 1466 9527 2074
f 9704 2205 1466
f 2074 2204 9704
f 985 2075 1681
f 2075 985 743
f 1466 2205 742
f 3125 1681 1348
f 726 4419 240
f 1467 2255 744
f 2255 1467 2204
f 2083 9347 303
f 9347 2083 2206
f 9347 239 169
f 239 9347 2206
f 243 2078 1471
f 2665 2208 243
f 745 746 1682
f 110 3571 1355
f 3571 3053 1355
f 3056 72 114
f 1979 2670 9701
f 880 10451 8157
f 10451 2097 8157
f 9935 754 753
f 754 3061 3132
f 753 754 306
f 4450 306 754
f 754 3132 4450
f 4450 3132 5708
f 4450 5708 1480
f 2382 758 2214
f 3133 755 757
f 176 1631 3631
f 2214 3136 3134
f 3133 2214 755
f 757 10332 3133
f 2218 4113 2217
f 116 177 759
f 10016 759 177
f 760 73 2221
f 73 251 2221
f 254 11130 9852
f 2229 2230 629
f 2234 5131 770
f 10988 2232 885
f 3142 3144 2233
f 10225 3277 3142
f 770 10780 2234
f 2561 2675 181
f 3137 4114 2235
f 1596 3636 773
f 1487 2106 1369
f 312 2107 632
f 10226 2352 10780
f 10226 772 2236
f 770 10226 10780
f 886 11441 11440
f 3637 1489 514
f 894 10385 2353
f 10385 894 893
f 4115 778 4289
f 515 779 25
f 1491 2240 2241
f 1491 2241 1240
f 2008 1491 9093
f 258 2110 2111
f 1601 2242 781
f 900 6585 780
f 784 780 1495
f 260 9080 11130
f 786 1378 643
f 1610 1497 2245
f 1497 9507 10766
f 3702 2245 1498
f 2120 655 1499
f 3702 1499 2245
f 1500 2246 1498
f 1500 1498 2357
f 1500 2357 2705
f 2247 1501 3148
f 644 4066 1501
f 316 10771 903
f 650 2249 186
f 2249 650 1507
f 2251 5132 1506
f 2250 2708 2254
f 789 4069 2251
f 5132 6465 1502
f 1504 2249 1507
f 8158 320 186
f 792 2254 321
f 3151 4117 2254
f 650 1251 2117
f 1505 793 3640
f 6613 1585 794
f 9559 1832 11384
f 2259 3679 2260
f 188 1619 1509
f 795 797 1617
f 802 801 1259
f 2262 6614 369
f 2118 4290 267
f 918 1702 2709
f 3926 10317 1998
f 1004 267 4290
f 2263 11439 1004
f 3222 2447 1513
f 9108 3222 1513
f 268 1512 9712
f 1621 1058 3072
f 4473 5175 9712
f 268 9712 190
f 1513 1005 9108
f 9108 4473 3153
f 2749 1258 2376
f 1517 371 1516
f 653 124 1514
f 157 11323 807
f 535 2160 11239
f 11239 2160 195
f 2271 2272 817
f 1629 2277 3681
f 2278 1074 2271
f 1519 2271 817
f 1520 542 2355
f 515 82 2383
f 1286 2712 11481
f 2712 637 6615
f 85 1402 2280
f 1295 820 84
f 5139 820 4460
f 1405 1527 10373
f 1529 822 2286
f 1528 2286 822
f 9903 1528 138
f 1528 9903 2287
f 137 2287 9903
f 2015 10343 824
f 4023 10374 10363
f 10374 3589 1527
f 1528 2287 2286
f 1527 2285 825
f 2285 826 5064
f 826 940 2140
f 10373 2014 2624
f 2014 10373 825
f 1531 331 3262
f 828 1406 1530
f 138 9904 827
f 333 829 2288
f 2288 829 2289
f 2142 3170 1408
f 10018 830 2291
f 2290 830 10018
f 2148 1412 3682
f 2148 202 11000
f 4076 11005 200
f 4076 200 2292
f 4076 9788 11220
f 692 2292 200
f 695 11321 10333
f 10315 2135 1
f 1024 1293 1719
f 1024 1644 6622
f 10341 9994 1643
f 334 3171 2152
f 10376 950 1532
f 2467 704 11317
f 704 2294 3683
f 704 2467 2294
f 1538 2347 3707
f 2295 48 1647
f 3267 2401 3228
f 553 337 2162
f 553 552 840
f 286 840 552
f 130 10377 3174
f 3599 843 214
f 3599 214 2693
f 2301 2300 2302
f 847 2299 2300
f 2300 2299 845
f 1544 847 1545
f 2300 2301 848
f 338 10378 848
f 11016 3650 11256
f 849 4464 1543
f 960 215 4464
f 1543 4464 2305
f 850 9853 10447
f 10799 3175 7181
f 9991 339 852
f 712 292 3101
f 9502 712 3958
f 712 9502 1430
f 566 10368 342
f 1430 851 292
f 851 1430 2172
f 712 1430 292
f 1425 343 2170
f 5082 1426 3231
f 2307 10797 55
f 854 340 1549
f 341 10378 2309
f 340 94 2172
f 2172 1429 1549
f 1429 855 1549
f 1549 855 341
f 2169 293 9846
f 856 1734 3601
f 592 2310 11188
f 2310 299 4695
f 18 6583 4695
f 1552 6583 216
f 2310 3651 11188
f 344 858 1552
f 858 2311 2312
f 1552 858 2312
f 1035 10345 1739
f 1739 1553 5190
f 11135 861 1431
f 350 3652 10379
f 3652 2317 2177
f 8179 1554 8212
f 9703 8212 1554
f 9703 1554 11327
f 6672 4284 10380
f 4284 2314 391
f 4036 2175 2693
f 2175 10448 863
f 2314 6672 2316
f 2315 2316 6672
f 2316 8178 2314
f 1555 10448 4086
f 3652 350 2317
f 2752 352 3275
f 982 203 699
f 2978 2049 9123
f 80 2318 1994
f 5147 800 2049
f 5147 4094 102
f 3656 4092 4465
f 521 226 4465
f 11133 2321 226
f 580 2323 472
f 1175 1176 1916
f 2330 4107 6578
f 1271 2330 6578
f 1578 10998 231
f 296 726 2334
f 488 2423 10210
f 10114 10754 3987
f 1584 4110 604
f 10382 2336 3124
f 108 872 230
f 875 2338 876
f 11131 2339 395
f 1363 1587 11438
f 4112 2345 2344
f 11387 4111 250
f 6584 9097 4111
f 881 358 1047
f 1068 4113 2218
f 359 1753 994
f 882 3523 2440
f 2273 1591 5169
f 1051 2274 816
f 10443 2747 3278
f 9080 259 704
f 2348 2349 5131
f 2229 629 2349
f 2346 3277 10225
f 633 11319 182
f 888 774 887
f 887 889 888
f 887 774 4
f 363 2234 10372
f 10372 889 363
f 889 10372 888
f 2235 3212 256
f 1490 3676 2238
f 890 883 3213
f 313 417 1056
f 894 1598 893
f 894 1605 1598
f 2353 2243 894
f 2243 2353 895
f 894 2243 1605
f 5173 2354 897
f 4289 6619 4115
f 897 2354 10385
f 1601 1696 2111
f 258 2111 1696
f 776 2239 1603
f 1371 899 2355
f 1240 2241 3677
f 899 897 4289
f 364 1602 10330
f 1602 10386 1599
f 1599 1601 781
f 2354 2353 10385
f 1601 2111 2242
f 2242 2111 639
f 1600 6585 776
f 1494 776 6585
f 900 1606 1493
f 1605 2243 785
f 785 2243 10344
f 2244 10344 2347
f 2347 1606 3216
f 4066 2503 2748
f 1003 2503 644
f 6675 9110 2359
f 6675 1000 2361
f 9110 2361 305
f 3695 2361 1000
f 2362 9625 2363
f 2363 9626 418
f 2363 418 2358
f 184 2365 787
f 2245 906 1610
f 2265 3072 1008
f 908 1383 367
f 4454 3151 790
f 1611 10985 1612
f 1611 1612 1503
f 932 1612 10985
f 11326 660 8158
f 4068 8158 186
f 3149 4070 4068
f 6465 1614 4067
f 1504 3149 2249
f 3640 123 10388
f 6759 1250 2368
f 3640 1508 123
f 2252 6759 1506
f 4455 6613 2260
f 2255 6613 916
f 6613 794 2260
f 1616 2259 2260
f 915 1470 32
f 355 2255 916
f 2261 2256 797
f 1249 3679 2259
f 1249 1618 5027
f 795 3221 4116
f 917 4118 1005
f 1702 4290 10317
f 1510 1513 918
f 2266 269 2984
f 2372 1998 3927
f 374 1703 10389
f 369 919 39
f 2371 10782 11248
f 1707 4120 2371
f 2371 921 10782
f 10398 10782 1701
f 2266 2267 3154
f 2265 1622 3072
f 2376 26 926
f 2366 655 2377
f 929 4280 1624
f 2378 1624 788
f 929 1624 9496
f 2736 6763 2379
f 2379 1008 1625
f 2379 6763 1008
f 371 2736 1516
f 1008 6763 2265
f 9496 930 1517
f 3224 2456 1707
f 812 1626 1627
f 1518 1629 2381
f 2277 1518 2274
f 2458 2459 1630
f 11249 2459 2380
f 196 2209 2710
f 542 640 1285
f 1285 3066 2356
f 3066 1285 640
f 1520 2383 542
f 935 2139 1632
f 2135 11030 819
f 936 2280 1633
f 2281 1633 2280
f 1633 2281 2136
f 936 1633 10391
f 3083 1634 10341
f 1635 937 2384
f 937 11008 2138
f 8189 2384 1636
f 2384 823 281
f 1636 939 8189
f 1636 2384 937
f 939 1636 330
f 378 331 1531
f 378 1531 941
f 11386 2385 331
f 1738 3273 2387
f 379 2388 828
f 2388 942 828
f 942 1406 828
f 3262 828 1531
f 6671 838 2389
f 944 4024 3225
f 2750 2464 11137
f 1718 333 2288
f 1718 2288 1640
f 1640 2289 3170
f 4024 3226 3170
f 2143 11389 4025
f 946 8177 947
f 833 10393 693
f 1411 832 4077
f 282 4077 2292
f 693 10393 1642
f 1412 1642 2751
f 948 2393 283
f 1643 948 10341
f 2152 2020 334
f 3264 2393 1643
f 334 2020 949
f 835 1533 949
f 2393 949 283
f 2465 1722 952
f 1722 1721 10393
f 952 1722 1723
f 1723 10393 833
f 2398 2399 4125
f 4125 2397 284
f 284 2468 10394
f 955 1647 48
f 1731 3708 1727
f 3686 3685 1647
f 8237 285 1539
f 143 2295 1537
f 1648 705 382
f 285 8237 6617
f 2296 2628 2403
f 2628 6604 2403
f 2401 10395 3228
f 839 3227 3228
f 839 1649 3227
f 86 2159 1650
f 1651 1650 2405
f 1651 2405 336
f 4480 1423 2406
f 4480 843 290
f 2407 960 2738
f 2738 10335 6029
f 5684 1542 3100
f 2165 1542 148
f 383 2692 2407
f 2692 960 2407
f 383 2407 4034
f 6029 2167 5684
f 2167 1542 5684
f 2406 383 4034
f 961 290 711
f 10335 960 4464
f 1733 2298 1423
f 2168 2302 2300
f 384 850 4434
f 4434 1305 384
f 1656 713 4683
f 4129 3230 9845
f 9844 713 2313
f 344 5144 858
f 2170 3231 1426
f 713 2739 2313
f 217 386 972
f 345 3550 27
f 965 966 347
f 966 96 11132
f 2411 4697 1739
f 1036 3711 222
f 99 222 3711
f 1659 2413 967
f 968 348 2413
f 221 4130 862
f 389 972 386
f 8272 2414 1432
f 11026 4036 710
f 8272 11026 709
f 348 390 2415
f 970 974 975
f 975 4130 970
f 2316 11140 8178
f 863 10448 6674
f 350 1662 2317
f 1662 864 2317
f 1662 350 1663
f 974 8179 8212
f 975 974 8212
f 1665 3689 10454
f 2417 3234 4087
f 2419 980 3712
f 2411 4087 1744
f 353 980 392
f 4684 1668 10454
f 6580 1583 8173
f 2422 2933 1042
f 1679 1678 1042
f 870 1675 166
f 1676 2423 10318
f 2933 2422 3473
f 2492 1680 1679
f 2424 10783 2492
f 1678 1679 1680
f 11098 10381 1680
f 1678 2733 2734
f 874 355 1617
f 2072 2082 3984
f 3984 7131 2072
f 2073 2070 497
f 2082 2072 238
f 3692 356 3694
f 4057 11473 987
f 1045 11473 988
f 2425 2493 1682
f 1682 1045 9349
f 2426 986 3240
f 905 2341 1607
f 2341 905 879
f 2361 1683 305
f 879 2342 2341
f 2341 1588 3675
f 6757 3210 3696
f 2341 3675 10267
f 11138 10267 10387
f 2342 2340 1586
f 1686 3675 1587
f 2428 879 394
f 1687 2430 4112
f 1750 1047 2345
f 358 2345 1047
f 357 2096 4293
f 8216 1688 11057
f 2096 2755 4293
f 1766 357 4293
f 2432 994 397
f 994 2432 993
f 993 2432 2221
f 2221 251 993
f 993 251 628
f 2432 1689 2221
f 1689 760 2221
f 3243 9707 3635
f 2434 2431 992
f 2436 4690 2435
f 2433 2434 3698
f 3636 4136 774
f 3242 397 398
f 994 1753 397
f 3246 2437 11372
f 2437 10412 11372
f 398 2510 1590
f 761 310 1754
f 2439 996 9988
f 882 2440 761
f 885 10207 10988
f 37 999 10046
f 2446 2748 2503
f 1697 1608 315
f 1608 1697 904
f 366 904 903
f 3248 1698 1759
f 1698 3695 1000
f 4139 401 1758
f 2445 11138 3248
f 1607 11138 10224
f 1700 2119 3148
f 1382 1609 2246
f 3702 2246 1609
f 367 1383 3582
f 4002 1383 908
f 1510 1005 1513
f 1701 1004 4290
f 1513 2447 918
f 9108 1005 4473
f 9785 9837 404
f 271 931 9837
f 2375 1622 9905
f 1011 9782 1705
f 1628 4071 3155
f 1011 9721 2449
f 9721 1011 1009
f 2450 9782 1011
f 2450 2449 812
f 2450 812 129
f 10399 2449 9721
f 8217 1061 1012
f 3704 1014 374
f 273 9837 810
f 3255 10786 3704
f 374 1709 3704
f 2452 1627 1626
f 1627 194 812
f 2452 1626 10399
f 2454 3254 1012
f 1015 2268 407
f 374 2455 1709
f 2455 2456 3256
f 9841 273 3705
f 3218 813 3150
f 1017 1629 933
f 1629 1017 2381
f 1713 933 3681
f 6764 24 1018
f 1018 2278 1519
f 2459 2458 1020
f 2098 1019 1713
f 2279 1017 1631
f 2460 3161 3943
f 328 2460 3943
f 2460 328 4479
f 935 2461 2139
f 1022 11155 4479
f 10391 1022 6620
f 11489 1022 10391
f 2139 2461 4143
f 1431 2463 1715
f 2387 379 1738
f 10020 1023 2386
f 2758 2391 3169
f 2391 2758 409
f 1534 2394 3649
f 1720 2465 2020
f 835 2020 2465
f 4146 2152 10415
f 1720 1722 2465
f 2466 1063 952
f 2465 952 1025
f 2688 2399 1303
f 1303 2399 2737
f 2025 1762 10775
f 1026 2398 1645
f 1725 2294 2467
f 3683 449 118
f 8191 3707 2347
f 1762 1646 954
f 837 1727 2402
f 410 2469 1027
f 1728 1029 2469
f 1727 2470 1731
f 1029 2400 2471
f 2158 4147 2405
f 3267 1028 2401
f 2472 1028 3267
f 10193 705 2158
f 382 1732 1030
f 1732 2404 10565
f 382 705 10193
f 1733 10041 2168
f 845 1733 2168
f 2409 1032 9357
f 964 978 977
f 386 414 389
f 1735 2473 1746
f 2474 2477 387
f 2474 387 1033
f 2479 1033 387
f 8213 387 2477
f 3271 4148 3713
f 2478 11251 2473
f 1737 4696 8213
f 1033 2479 411
f 1737 4148 1736
f 1736 4148 3271
f 3272 9855 9993
f 5748 1841 4149
f 10784 8213 2480
f 2473 11252 412
f 965 11386 151
f 4150 1741 3273
f 1037 1742 1740
f 1740 2485 388
f 2419 9113 2484
f 1743 1740 388
f 1741 4150 1035
f 1740 1742 2485
f 3273 2483 1638
f 1743 2484 1740
f 5190 4087 2411
f 1743 4684 2420
f 3711 3712 353
f 2487 2753 1100
f 1745 2486 2489
f 1039 1745 2489
f 2488 1065 1659
f 2488 1659 967
f 2753 969 1100
f 4130 221 11009
f 1658 9508 9946
f 1039 2489 1660
f 1038 1100 4130
f 413 2490 8214
f 10403 8190 968
f 976 2491 56
f 2491 976 3653
f 1664 3653 976
f 392 1040 353
f 2423 1676 3691
f 739 6611 742
f 5009 6611 739
f 985 1043 743
f 494 1470 1616
f 987 2493 876
f 987 11473 2493
f 1473 2338 875
f 1044 8180 2338
f 987 2338 8180
f 2494 1046 10404
f 8215 6584 2496
f 2496 6584 11387
f 1749 11387 10397
f 2219 2496 1749
f 1046 1749 10404
f 1362 8215 991
f 2755 4421 624
f 624 1751 2430
f 1751 1750 4112
f 2430 1751 4112
f 1766 4293 4157
f 1753 359 1070
f 761 2440 310
f 761 1754 10340
f 1848 1071 1754
f 10785 1049 2703
f 2273 5169 10406
f 9359 1051 2272
f 1053 1075 1050
f 4158 1050 1075
f 2500 2272 1052
f 2500 9999 9359
f 2109 417 1055
f 1056 2109 10773
f 417 2109 1056
f 2357 3249 902
f 2748 7174 4066
f 903 2748 2446
f 10224 2504 401
f 1057 10224 2445
f 2358 418 6762
f 1699 1002 1057
f 2503 2505 2446
f 2444 366 1001
f 366 2444 904
f 418 2504 6762
f 1057 6762 2504
f 3249 2358 6762
f 1620 2373 4682
f 1058 4682 1625
f 407 2268 3152
f 1760 10400 2457
f 1760 2457 1711
f 2506 1760 1711
f 1061 2506 1013
f 1010 1060 4141
f 813 3218 1712
f 1712 9942 4122
f 3155 4071 4070
f 3263 943 10453
f 943 2391 2389
f 2391 409 2389
f 1762 954 10775
f 1763 4149 964
f 411 2475 1033
f 1841 964 4149
f 411 4149 1763
f 2474 1033 1064
f 10784 2476 8213
f 1737 2476 4148
f 3274 4148 1065
f 3274 1745 1066
f 2487 1100 1038
f 1066 1745 2753
f 980 1765 2508
f 345 10336 414
f 2508 10336 392
f 980 2508 392
f 1765 980 1067
f 2508 2418 10336
f 2423 10416 10210
f 1362 991 1688
f 10405 2219 2220
f 11382 3135 4156
f 2755 1069 4293
f 422 1070 360
f 422 2509 1070
f 2509 398 1753
f 422 1767 2509
f 1770 415 1072
f 1767 1072 2510
f 2509 2510 398
f 996 2439 2498
f 9988 10016 2439
f 2437 10417 4138
f 1072 6623 2743
f 3276 1847 4154
f 1848 1770 1071
f 415 1770 5382
f 1767 422 1071
f 1073 416 1054
f 1073 1054 2500
f 1073 1052 1074
f 1054 416 4155
f 1075 1757 1849
f 4154 1757 2759
f 9359 2272 2500
f 952 1063 1025
f 2760 1063 2466
f 4295 333 2464
f 8052 2301 2302
f 8182 9382 3309
f 1032 565 3740
f 953 2395 1724
f 10402 2418 2410
f 10402 389 414
f 9993 3710 9986
f 2410 9993 9855
f 9789 2530 1085
f 10081 2547 2497
f 10405 2220 10081
f 2213 2702 421
f 1845 1842 2548
f 1842 1844 2702
f 2702 2213 1480
f 421 2702 1844
f 1845 11442 10081
f 3400 11057 1688
f 2497 1688 991
f 1846 1847 3276
f 2499 1848 4153
f 1048 1849 1757
f 1847 1048 1757
f 35 2498 4155
f 1355 2943 11388
f 2558 1139 1138
f 5405 4824 1163
f 11321 695 11139
f 6439 1877 3035
f 3042 587 3970
f 1216 2934 2591
f 591 62 161
f 1226 497 2598
f 497 1226 1227
f 9939 2951 1233
f 178 3860 74
f 1902 517 525
f 2984 4118 1260
f 1275 2618 10996
f 2029 2632 478
f 10787 475 2640
f 2640 213 10787
f 2640 569 10355
f 2645 10791 2038
f 2978 3655 2049
f 1334 158 3561
f 4447 591 161
f 242 1227 1353
f 747 244 1354
f 2666 2090 9979
f 620 2090 2666
f 3056 114 8206
f 2671 6 307
f 181 8174 73
f 1369 2107 2675
f 187 1997 649
f 10351 4352 42
f 1398 7469 5447
f 10401 2470 1727
f 1418 1417 706
f 1545 4085 3600
f 4085 1545 10378
f 712 3101 2037
f 1425 2170 1426
f 10366 3957 1427
f 686 719 100
f 2987 4383 2185
f 649 6581 354
f 2215 3134 3629
f 5708 2702 1480
f 1690 512 256
f 5128 10932 10815
f 10196 1489 8210
f 790 2708 1503
f 667 2710 3995
f 2713 818 4412
f 2283 1525 5139
f 5141 683 6852
f 3169 11139 695
f 1541 2716 1540
f 10378 341 4085
f 10379 2174 1554
f 203 2719 141
f 3674 2733 10754
f 1592 3278 3277
f 10463 3860 178
f 2234 2348 5131
f 364 2241 1602
f 371 6763 2736
f 3262 331 2385
f 1644 3171 3264
f 1729 2297 957
f 2407 2738 1653
f 3691 1673 10416
f 998 2747 5172
f 5175 804 190
f 2374 2749 925
f 1708 3704 1709
f 3257 1710 10228
f 705 956 2471
f 1729 957 10411
f 1553 2752 5190
f 10358 249 1047
f 2440 995 310
f 4152 10770 10785
f 2504 418 1758
f 409 2758 332
f 5200 8044 6859
f 557 2578 49
f 2827 470 7464
f 1853 6703 1126
f 2593 1221 1128
f 110 1355 1889
f 2951 1232 8198
f 1892 2846 3808
f 79 1902 41
f 1159 2870 5400
f 1162 455 2871
f 4817 1162 10539
f 6448 8205 1170
f 1910 1272 462
f 6244 8160 4924
f 3014 561 7994
f 8 8162 154
f 10587 9103 5078
f 10431 1955 2932
f 1958 2930 11330
f 104 1218 2935
f 2077 2942 3570
f 1353 3570 171
f 2944 1888 11388
f 6297 2599 1229
f 617 1890 500
f 10792 502 2949
f 9135 9939 504
f 2947 443 5945
f 11255 2846 1892
f 1107 2946 1233
f 3991 3913 5044
f 1977 4893 6303
f 14 9136 1252
f 1998 2118 3927
f 2266 2984 1260
f 2709 10317 1999
f 10362 518 4643
f 5700 10555 5549
f 3435 4571 2986
f 2578 462 559
f 531 9082 130
f 5985 2623 11274
f 466 2897 6657
f 2139 4143 2140
f 10594 5636 5067
f 6345 2030 8301
f 5645 5644 5646
f 2030 561 3014
f 146 213 2640
f 2033 3016 146
f 1938 3016 2033
f 3548 10209 2645
f 1427 3958 2037
f 8262 9138 3028
f 972 1939 217
f 5656 4983 6915
f 3561 1335 1952
f 7393 1124 6414
f 264 320 6750
f 3902 3976 3975
f 20 3047 8166
f 5657 3901 234
f 9181 3048 4599
f 3049 5004 3978
f 235 10790 11055
f 3986 9500 3052
f 1359 5012 1973
f 1472 3055 3625
f 447 3057 9354
f 4138 10412 2437
f 2102 511 2605
f 3577 1370 1374
f 640 3577 3066
f 3577 2677 3066
f 3998 1373 75
f 187 10361 1997
f 3580 912 3070
f 912 3580 3581
f 12 11337 2123
f 8170 271 4426
f 1523 7790 4013
f 5666 9374 11167
f 8171 1980 1286
f 1401 7718 11253
f 4143 547 2140
f 11008 1635 2013
f 942 4023 823
f 1408 2289 946
f 692 4025 2147
f 3591 3086 2149
f 3088 1296 10496
f 3091 3089 5674
f 701 2154 3091
f 4542 2025 2629
f 2023 2629 9827
f 3095 837 1418
f 707 145 1310
f 3097 288 9705
f 10842 3104 3103
f 6407 5093 10414
f 1438 3613 5392
f 1124 2555 3115
f 5101 4047 10560
f 1455 1456 11002
f 612 9529 3985
f 2199 170 5009
f 1464 1043 985
f 739 2196 2199
f 1681 3125 3124
f 2207 2427 2942
f 10079 30 11
f 2344 3210 751
f 1479 3630 3135
f 2216 3136 2217
f 2216 11373 3629
f 3138 2703 1049
f 3278 3142 3277
f 11440 633 2106
f 11333 6851 631
f 898 776 1603
f 3147 260 782
f 1501 4066 3148
f 787 2365 2248
f 3639 2248 2365
f 650 186 264
f 320 264 186
f 5174 789 1503
f 2251 4454 790
f 2708 3151 2254
f 10763 1619 188
f 1999 10317 3926
f 803 9712 1512
f 9712 3153 4473
f 5028 5176 10390
f 269 2266 3154
f 809 4352 660
f 6604 8235 1275
f 131 11437 11245
f 2271 1052 2272
f 10992 818 204
f 2289 1408 3170
f 1536 10415 10376
f 836 3172 9375
f 4463 2019 10594
f 6671 6435 838
f 215 2305 4464
f 2305 215 2303
f 1551 853 9118
f 9519 1548 1550
f 3175 2171 2308
f 11025 4037 9949
f 5168 585 11240
f 2734 3208 2422
f 10382 3124 2201
f 10382 11310 239
f 4057 2093 3209
f 4112 1750 2345
f 2352 9995 1596
f 2351 3212 2235
f 3638 3676 1490
f 5172 4065 1597
f 3215 5173 899
f 2354 2239 2353
f 4069 3218 6465
f 3219 1995 4116
f 1996 3220 1615
f 916 4455 796
f 1249 2259 1618
f 795 4116 1509
f 1515 1998 2372
f 2447 3222 4119
f 922 10768 2370
f 4426 271 9785
f 1623 1622 2265
f 2379 1625 5176
f 2378 4291 1624
f 1014 1076 370
f 9621 1638 6765
f 2389 409 6671
f 2392 3226 10422
f 2685 2142 945
f 946 690 689
f 1534 950 2394
f 4125 2396 2397
f 284 2397 2468
f 2167 849 9853
f 3232 9845 3687
f 3231 2170 3232
f 9380 3232 2170
f 2311 2313 2739
f 2487 11010 1066
f 1203 98 152
f 863 6674 2315
f 1662 1663 1660
f 1664 964 2417
f 1763 964 1664
f 3234 1744 4087
f 8464 6914 4131
f 1678 2734 1042
f 3696 1683 3697
f 3243 3635 4136
f 3245 1590 11385
f 11250 179 420
f 2254 792 2250
f 402 804 5175
f 2370 322 922
f 925 2749 2376
f 1705 3252 1009
f 1628 3253 4071
f 1761 1012 2451
f 1715 3260 3261
f 10421 2462 1717
f 9788 5143 46
f 1726 1725 1538
f 2468 3265 3266
f 705 2471 2400
f 705 2400 2158
f 3708 10411 3268
f 2172 94 851
f 1736 3271 3709
f 2478 9855 3272
f 11135 1034 2481
f 6621 6765 1742
f 347 2482 11386
f 4150 2482 1035
f 1745 3274 2486
f 865 3653 1664
f 1750 10358 1047
f 4153 310 10770
f 995 10770 310
f 4154 2502 3276
f 3277 2346 636
f 1758 401 2504
f 2688 2396 2399
f 10454 1067 2420
f 1770 1072 1767
f 1072 2743 2510
f 3276 2502 2438
f 2464 86 5193
f 5754 2443 10607
f 6160 1099 5861
f 2939 426 3403
f 1105 7753 1850
f 3402 5870 425
f 434 2576 433
f 1935 5518 4769
f 1112 3412 5389
f 1113 1933 10425
f 3022 6357 11017
f 1138 427 3837
f 3424 4557 4601
f 8263 1256 3498
f 6226 2862 5903
f 455 4347 3430
f 11244 1172 4828
f 3814 2573 3815
f 2573 5406 10418
f 10201 7990 7107
f 10589 5918 1301
f 5930 2583 3104
f 3104 2583 1433
f 9705 3462 6721
f 10027 6200 5140
f 1215 6581 1337
f 13 1337 6750
f 9539 3899 487
f 490 2591 2930
f 2933 2932 1217
f 2932 2933 3473
f 493 5001 4238
f 10820 2595 1852
f 496 1226 2598
f 3484 3483 1229
f 3483 1228 2944
f 3907 2599 6297
f 1228 3483 3484
f 1888 3485 3808
f 3485 1228 2947
f 3484 2947 1228
f 1359 2558 501
f 618 1231 619
f 1233 2946 6601
f 4891 5538 1234
f 1895 5946 2955
f 4608 7559 5953
f 749 3497 1379
f 1249 3070 912
f 799 125 9123
f 9088 3502 4666
f 4666 3502 806
f 524 9088 1260
f 5966 2988 9857
f 5547 4387 5554
f 2878 461 5547
f 3507 4926 4616
f 5971 10496 2992
f 463 3515 3443
f 3515 463 1172
f 3523 1918 1283
f 5976 9412 5975
f 675 3588 4018
f 5631 5983 10237
f 3947 3536 3006
f 2629 2025 3948
f 2026 3948 2025
f 9868 4587 4957
f 95 1311 2639
f 1311 95 475
f 3013 2639 1311
f 2645 10368 10791
f 2038 10791 567
f 2645 2038 3548
f 5999 1321 4974
f 1433 6360 101
f 101 3103 1433
f 5440 3103 101
f 10842 4970 2910
f 2911 2910 4970
f 295 576 155
f 4884 2727 2655
f 2727 4884 10520
f 2659 1335 4991
f 4041 4993 6004
f 3564 6411 7158
f 2659 20 8166
f 2659 2660 1343
f 3037 1952 1343
f 4634 2937 3978
f 2937 4634 3977
f 2662 1344 6005
f 3568 6007 10798
f 2663 9086 3569
f 3570 1227 1226
f 1227 3570 1353
f 497 1227 2073
f 3571 2086 612
f 9500 2069 3052
f 2069 2068 3052
f 1345 747 1354
f 2943 1355 3053
f 1019 3631 1631
f 3631 1019 625
f 1631 176 2279
f 2675 631 1369
f 1369 2106 2107
f 2105 631 2675
f 3577 1374 2677
f 3066 2677 10360
f 1374 1983 2677
f 641 1375 1376
f 4066 644 2503
f 3581 3580 1250
f 323 7144 4425
f 654 9506 10140
f 1381 1382 9506
f 654 1516 9506
f 3680 1381 9506
f 1382 10140 9506
f 657 4267 1901
f 4093 11247 3183
f 1396 1560 1397
f 10499 3588 545
f 2624 1294 11155
f 2146 9079 11134
f 3006 2688 1303
f 1417 1418 2026
f 9850 2026 1418
f 3596 5453 5454
f 1421 3597 4648
f 3597 1421 4030
f 3953 5454 5641
f 2692 2306 215
f 843 3599 10299
f 2036 342 1734
f 3101 9839 1425
f 1429 2172 1430
f 3601 1428 856
f 2179 3604 3106
f 3604 2179 10420
f 1443 3609 3982
f 5392 6289 10420
f 3604 10420 3902
f 7478 159 6039
f 4383 1163 1451
f 486 3619 3041
f 5705 4657 8870
f 1341 590 490
f 2591 490 590
f 1216 2591 590
f 1339 3622 983
f 1455 11002 3566
f 9529 1584 604
f 1468 3125 1348
f 5116 1474 2209
f 6760 3629 625
f 2215 3629 6760
f 3132 756 5708
f 176 3630 756
f 176 3631 3630
f 2561 1690 2105
f 6042 3159 10915
f 6019 1482 10442
f 6047 3634 2237
f 4063 3634 6047
f 256 512 2235
f 3137 2235 512
f 6851 1488 1487
f 1487 631 6851
f 6851 11333 2704
f 1489 3637 8210
f 1489 3146 3065
f 3214 3638 513
f 2008 10046 2240
f 639 11001 2242
f 3147 782 9095
f 1500 2705 10788
f 10771 3639 7174
f 4280 184 319
f 1503 2708 1611
f 789 790 1503
f 3640 793 1508
f 2709 524 1510
f 6049 3160 4453
f 955 287 3686
f 1541 1540 10446
f 5925 2717 6056
f 2305 11016 1543
f 2303 2304 1546
f 3650 1546 4035
f 3601 1734 342
f 4082 1548 11058
f 9118 853 9519
f 715 3601 342
f 2312 3651 2310
f 859 9843 2739
f 8179 10379 1554
f 3653 865 3275
f 865 4087 5190
f 3655 5147 2049
f 3656 4465 2321
f 3656 4093 9987
f 2180 5689 5093
f 3672 11235 6069
f 5702 725 5164
f 3671 1447 2730
f 6469 3673 1583
f 3208 3674 871
f 1686 6757 1684
f 3675 1588 1587
f 1588 1586 11438
f 11023 11011 2273
f 4064 775 10800
f 1596 773 6758
f 888 6758 773
f 1597 3676 3638
f 3638 3214 1597
f 364 3677 2241
f 1602 2241 2240
f 5173 897 899
f 1493 1494 900
f 10388 1250 6759
f 1615 914 3678
f 4455 3679 913
f 2258 5027 1618
f 3679 1249 912
f 806 3926 1007
f 11022 9905 3223
f 2379 5176 3680
f 2379 3680 2736
f 370 1076 403
f 3150 4140 1628
f 1629 3681 933
f 6620 328 680
f 9621 1717 1637
f 3589 10421 4022
f 3226 944 10422
f 6676 2394 950
f 4124 2396 3536
f 2472 3686 958
f 958 1028 2472
f 3685 3686 2472
f 958 3686 287
f 4127 9844 1655
f 3231 3687 860
f 3687 3231 3232
f 857 10166 4128
f 10166 857 3688
f 964 977 2417
f 1666 979 9993
f 8575 4884 2655
f 2655 3560 6073
f 6075 1338 6076
f 10416 2423 3691
f 10829 3694 356
f 3695 1683 2361
f 1684 3697 3217
f 512 1690 5747
f 1691 6077 10412
f 11254 1590 2743
f 5172 1597 9504
f 1001 2505 1000
f 1704 1007 1515
f 1007 1704 2375
f 11022 3223 11084
f 1060 1706 1761
f 1761 1706 5749
f 4120 2455 374
f 1709 3256 1708
f 11012 1010 4141
f 1017 1714 2381
f 9112 2381 1714
f 935 10117 2461
f 2461 10117 1021
f 6620 4479 328
f 1715 2386 1431
f 3260 827 3261
f 9621 1023 1717
f 832 11480 3648
f 1496 3266 3216
f 3266 1496 2468
f 3684 3707 8191
f 958 1730 1028
f 3271 3713 10456
f 3710 1841 3709
f 1743 388 1744
f 1100 969 970
f 2755 2754 1069
f 4156 3135 1589
f 2499 4152 1755
f 2757 3248 1759
f 2757 1759 1003
f 5749 8217 1761
f 1769 3246 11372
f 6623 1072 415
f 2759 1757 1075
f 1075 1053 2759
f 2501 2759 2756
f 10740 1779 6081
f 5469 1078 3294
f 1079 5469 3294
f 1806 5781 5774
f 7281 6127 5490
f 7054 8486 6136
f 3400 10339 1843
f 10087 1069 2754
f 30 3801 11
f 4791 4889 1102
f 10172 9201 11117
f 3401 5944 6174
f 3805 9717 4889
f 501 2093 2815
f 11014 2815 2093
f 6175 3807 2088
f 5905 5514 6176
f 3448 2627 6983
f 2578 1309 89
f 7399 6342 10424
f 2578 89 49
f 3821 49 89
f 4772 4582 5877
f 144 4330 89
f 4403 469 2634
f 1306 6194 5522
f 4550 3460 4549
f 1113 5647 1393
f 6197 5417 4781
f 1875 4592 4782
f 2915 11017 1117
f 299 2310 592
f 3111 11286 9906
f 2832 440 1123
f 7086 2831 4785
f 6411 8306 4277
f 7526 581 4792
f 1126 2593 1128
f 6205 6887 6593
f 6439 3035 11323
f 1222 6711 6209
f 1130 1885 167
f 3834 1132 1230
f 1885 6208 6213
f 5585 2842 6214
f 616 4339 109
f 1890 428 1971
f 1891 1858 1472
f 2558 1138 3837
f 1360 3837 427
f 3807 2949 107
f 1975 2951 8198
f 8198 1232 1361
f 443 8198 1140
f 5945 1140 11013
f 3485 3910 3808
f 3910 1892 3808
f 2846 3838 10349
f 3808 2846 10349
f 2950 444 68
f 2092 1231 1232
f 10349 3838 10792
f 1142 2846 11255
f 2846 1142 3838
f 1892 11013 11255
f 4800 9653 3487
f 73 760 181
f 9421 6312 6220
f 77 6664 1252
f 5404 2857 10817
f 2857 5404 2569
f 3848 9129 1165
f 9351 517 3840
f 1254 3843 1255
f 1903 10793 4809
f 4563 1153 10793
f 8550 11336 10427
f 5541 2867 2866
f 452 6227 6228
f 78 4267 126
f 2986 9525 456
f 7983 4382 4348
f 1156 1157 6602
f 1266 652 459
f 10231 10634 3439
f 10231 3439 3440
f 5909 11156 10298
f 9159 10794 5908
f 6235 1166 10428
f 2566 5426 4386
f 458 459 2877
f 6600 6451 1271
f 10121 1173 9842
f 3514 5972 10471
f 433 6243 10418
f 3814 3851 9900
f 9372 3855 10384
f 6251 6250 1284
f 6254 2102 4836
f 2102 5661 4836
f 3574 3860 1364
f 433 6245 434
f 7988 11267 5920
f 6894 5982 5565
f 5522 10528 6187
f 1109 7113 3408
f 1869 10835 6262
f 1932 1933 1113
f 4403 2823 469
f 469 5519 2579
f 211 3873 10099
f 3950 1307 5412
f 2581 5412 4850
f 3876 3455 436
f 91 3878 52
f 3879 1936 4657
f 2651 4263 10542
f 2911 6898 2910
f 2910 1200 10842
f 9705 288 2585
f 9132 476 6274
f 6274 218 19
f 5932 3467 4594
f 2919 4868 2916
f 5576 2916 11275
f 2919 7548 1209
f 8370 4868 5934
f 10810 2918 3889
f 3891 1944 4867
f 6279 10810 3894
f 2588 5440 3470
f 3889 4874 3894
f 3894 4263 6279
f 5936 1211 5939
f 1948 1326 573
f 6364 1949 484
f 1340 3043 29
f 2590 586 3042
f 3900 586 2929
f 3970 2590 3042
f 1958 11243 2930
f 2934 2931 1959
f 2934 3900 2931
f 2931 3900 2929
f 1959 2931 10431
f 2931 2929 10431
f 2932 1955 3899
f 10318 488 1959
f 2932 3473 10431
f 1956 9 3399
f 1959 488 2934
f 1960 9100 5111
f 5392 5581 6289
f 3112 6285 1963
f 5582 3051 1965
f 3051 4798 1965
f 4881 11145 6290
f 2842 4633 6214
f 5887 3479 9796
f 4889 2595 3805
f 2939 1102 4889
f 10017 6212 5533
f 7391 2940 3419
f 4335 1129 9952
f 6213 6208 6209
f 4335 2940 6211
f 1225 6005 1137
f 745 1350 1351
f 1350 745 11242
f 496 2077 1226
f 3570 1226 2077
f 2599 3484 1229
f 2944 1228 3485
f 2945 4339 1229
f 3483 2944 8297
f 2945 3483 8297
f 499 2946 3907
f 3907 1107 2599
f 1107 3907 2946
f 1359 1139 2558
f 1138 1891 427
f 3209 3837 1360
f 9121 444 618
f 6298 9121 618
f 3837 3209 2093
f 10138 9954 10433
f 427 9096 1360
f 3054 2091 113
f 1973 621 1141
f 504 7132 9135
f 7132 1974 245
f 9939 9135 2951
f 3910 5945 1892
f 3911 1107 1975
f 1975 443 3911
f 2947 3910 3485
f 3911 3484 2599
f 7980 3057 6218
f 1143 505 10511
f 7880 2954 2953
f 4892 6009 3912
f 2607 3494 1244
f 114 10048 8206
f 3916 10048 669
f 7539 7785 4834
f 1781 4603 1981
f 1781 1981 183
f 4899 2114 5023
f 5423 4423 38
f 3578 6308 8007
f 9475 6999 4901
f 4902 4606 10434
f 7142 1242 120
f 2970 3496 6222
f 1986 121 6316
f 10846 11444 5948
f 1379 3497 7142
f 1993 4911 5607
f 9206 5607 2960
f 3920 4380 4374
f 7142 120 1379
f 3069 3219 2367
f 2367 8313 3069
f 1250 3580 3678
f 3581 1250 10388
f 1997 3924 1380
f 3924 1997 10361
f 77 2863 6664
f 1148 1256 1900
f 6731 4915 11147
f 5610 4809 2859
f 2984 269 10047
f 2984 402 4118
f 3502 524 1999
f 2709 1999 524
f 526 6320 5614
f 5105 6284 4385
f 5964 3505 9633
f 2876 4387 5547
f 9082 3933 10995
f 531 1273 11520
f 2991 3934 3509
f 2992 9797 5971
f 4616 3508 1274
f 1275 5968 2618
f 3852 11101 2618
f 2992 10496 1296
f 3510 7886 3514
f 6327 3937 2995
f 2996 5912 11148
f 5973 6259 5620
f 9632 9983 2997
f 10475 5619 3520
f 5619 10475 4833
f 6844 2100 1365
f 7111 9372 6844
f 6331 4938 10436
f 6733 11391 6597
f 542 1285 2355
f 1285 2356 1371
f 3447 2009 11102
f 2623 4623 5430
f 3940 3526 3527
f 10314 10237 10033
f 3001 11274 2623
f 10823 5630 10197
f 6335 6336 3003
f 6335 3003 6333
f 3939 2897 83
f 4944 2820 4942
f 4942 4623 4944
f 4945 11274 5983
f 7 6657 7151
f 2624 681 1403
f 681 2013 1404
f 5064 2140 547
f 2014 547 1294
f 940 4021 2140
f 4947 3898 5580
f 4949 5633 6283
f 7892 11265 8507
f 10057 8012 5636
f 4952 2898 3534
f 6340 3946 3850
f 6340 7151 4943
f 1865 4828 6336
f 3006 3536 2688
f 3947 954 3536
f 954 3947 10775
f 3006 9377 706
f 9827 554 2023
f 5986 3950 6345
f 10867 212 6346
f 3952 1420 10549
f 6190 3173 1934
f 2717 6268 2636
f 3598 4856 5875
f 4401 1871 5641
f 3597 4402 4648
f 3453 4963 2579
f 5434 2635 3011
f 841 3886 3542
f 708 841 3872
f 3542 11045 841
f 2639 3951 558
f 6351 3009 5987
f 3874 4967 1312
f 5435 10270 8402
f 9714 4405 8554
f 3012 10176 4966
f 3545 3544 560
f 3951 3013 2030
f 3013 3951 2639
f 2030 3013 561
f 561 10787 7994
f 5413 8439 5569
f 2031 3015 1422
f 1938 1422 3882
f 3015 3882 1422
f 2031 2032 3015
f 4969 6293 2644
f 1393 4969 564
f 3019 4969 5647
f 10209 4084 9346
f 2036 3957 566
f 3958 2036 1734
f 3957 2036 1427
f 3958 1427 2036
f 10122 3548 10095
f 3020 8262 2911
f 2684 4972 11161
f 4630 5999 4409
f 3553 1321 8404
f 3890 3026 9962
f 101 10844 5440
f 4970 3020 2911
f 1323 3029 4979
f 3884 3554 3885
f 8015 2909 9401
f 3961 2651 10377
f 574 483 2040
f 2046 8460 4983
f 6668 9593 2047
f 2043 155 576
f 2043 3033 10263
f 3964 721 1525
f 1440 3036 1575
f 10274 1334 3561
f 1334 10274 60
f 158 4990 3561
f 4991 3106 20
f 3604 20 3106
f 5097 6071 6412
f 3566 9950 593
f 3230 593 9950
f 4251 3037 1343
f 3977 3976 5581
f 3976 3977 598
f 8166 2660 2659
f 3604 3047 20
f 5657 4879 3901
f 493 6368 5001
f 4633 6368 493
f 5890 1137 3567
f 5657 2662 3049
f 9512 5534 3046
f 9934 11110 165
f 3048 3903 5889
f 10905 5582 2065
f 5002 4999 10439
f 4110 2335 603
f 105 3983 10772
f 10114 10798 603
f 2068 2069 1346
f 1354 2085 6007
f 3985 6007 2085
f 2076 9086 2663
f 2076 2663 608
f 3569 607 9527
f 1350 609 2079
f 2337 2077 5010
f 609 10419 1352
f 1352 2082 609
f 3984 2082 1352
f 242 2071 1227
f 3906 3985 2085
f 3985 3906 612
f 3571 612 3053
f 1345 2069 9500
f 236 3052 2068
f 3052 236 613
f 9500 3986 11115
f 5 3986 613
f 3052 613 3986
f 244 2085 1354
f 1354 3568 1345
f 2069 3987 1346
f 109 2845 747
f 2815 5011 5012
f 2091 3054 1357
f 3909 1359 1973
f 1858 3055 1472
f 3055 1858 7098
f 3625 9096 1472
f 9381 3692 1971
f 8397 6009 8019
f 2952 2668 3988
f 7160 10511 5013
f 3989 6371 6300
f 3057 446 9354
f 10972 668 4252
f 10850 5660 748
f 4659 4660 3993
f 6746 23 1238
f 2095 8005 509
f 2344 2097 3210
f 2279 176 3132
f 628 3062 252
f 9622 6179 6011
f 1864 1108 3064
f 704 259 11317
f 2105 256 11333
f 2675 2107 181
f 640 3997 3577
f 3997 1370 3577
f 3277 636 1592
f 3145 8210 3637
f 10360 10247 2356
f 1373 3998 3997
f 2356 3066 10360
f 1370 3997 10777
f 3998 36 257
f 641 10352 5022
f 1376 1375 9093
f 261 5662 6376
f 3578 4373 10230
f 12 1378 4424
f 3067 7005 6376
f 3219 3924 1995
f 10361 188 1995
f 3581 10388 4001
f 3070 11390 1996
f 3220 648 647
f 3069 8313 4001
f 648 3220 11390
f 9345 1257 4426
f 3073 2364 929
f 654 2119 10802
f 1381 5176 5028
f 11149 2120 5028
f 4002 3703 1383
f 3582 3251 9503
f 4003 6227 7006
f 10059 10004 4005
f 5446 4008 2122
f 2968 5041 4008
f 5041 2122 4008
f 6664 2863 125
f 1901 2123 657
f 11337 12 6377
f 5663 5039 1388
f 4273 662 564
f 1275 6323 5968
f 156 666 665
f 3443 575 665
f 3076 2210 5117
f 3061 1714 2279
f 6386 2957 5043
f 2957 6386 9869
f 2094 1395 3994
f 3642 10284 5046
f 10518 1400 4428
f 3077 8948 11172
f 3642 3586 3585
f 10484 3079 8308
f 3081 5052 277
f 5625 6922 9202
f 675 4018 5563
f 5059 2683 6429
f 679 254 9852
f 4143 3259 547
f 1294 547 3259
f 2013 11489 11008
f 1295 4021 329
f 2013 1635 1404
f 1404 1403 681
f 329 4021 940
f 4021 2139 2140
f 3168 3647 6397
f 4023 942 2141
f 942 2388 2141
f 824 10354 2015
f 3225 4024 2142
f 3085 688 2147
f 2291 830 11389
f 2147 4025 11389
f 945 4475 10364
f 202 10364 2145
f 11389 3085 2147
f 10778 2145 4475
f 1410 2685 10364
f 2148 3682 1409
f 3590 664 5674
f 2150 5616 5066
f 3510 4026 9424
f 4618 1277 9424
f 6399 11393 5451
f 3443 3515 4282
f 2153 8311 700
f 4646 4668 5677
f 5076 5074 3093
f 3228 3227 3267
f 837 10342 1418
f 208 554 2161
f 554 208 2023
f 554 3094 209
f 2025 10775 2026
f 1418 706 3095
f 3095 9377 2689
f 2689 552 553
f 6194 1308 5681
f 2631 1306 4777
f 1420 49 6188
f 707 4030 145
f 4960 4030 707
f 3097 6403 5081
f 4283 5079 5434
f 6850 5080 9133
f 3596 8305 5453
f 4283 2718 5930
f 5573 2913 6403
f 3099 2164 2166
f 1424 3099 2414
f 2164 3100 93
f 3100 2164 3099
f 93 3100 2165
f 2165 3100 1542
f 2166 2414 3099
f 4034 2693 214
f 10447 11016 10799
f 4035 11256 3650
f 2037 3958 712
f 1426 2037 1425
f 343 9839 565
f 343 565 1032
f 1656 4683 567
f 4683 2038 567
f 10791 3957 567
f 566 3957 10791
f 9118 9519 4035
f 4035 9519 1550
f 11190 1663 974
f 8179 974 1663
f 11190 1660 1663
f 4036 10448 2175
f 3599 2693 2175
f 11026 3102 4036
f 2175 10380 3599
f 1432 3652 2177
f 4987 5084 7572
f 2179 7169 11300
f 6406 4990 227
f 5090 7169 3106
f 3106 4991 10143
f 1438 6455 2181
f 1574 2181 6455
f 3107 5391 2181
f 5392 10420 2694
f 6036 6035 724
f 3608 9105 6035
f 3609 4439 6037
f 5692 2182 3609
f 4040 4677 6408
f 3613 1438 2181
f 2054 6071 5097
f 231 4044 5101
f 3117 4653 4045
f 5104 4656 9211
f 4051 4046 6417
f 3617 3116 4048
f 5104 6417 4921
f 4044 2184 6418
f 4384 8264 728
f 4050 10441 5614
f 4043 1462 229
f 5701 4654 9153
f 5111 9100 3121
f 3621 4053 2192
f 3043 3621 29
f 5110 596 6419
f 3620 4279 3565
f 3878 9862 3098
f 1216 3900 2934
f 490 2930 8209
f 4132 5182 232
f 1454 1455 3566
f 1454 3566 593
f 1961 10438 6724
f 734 1456 733
f 9100 1118 5704
f 5704 21 2191
f 3985 9529 604
f 2200 742 2205
f 985 3623 1464
f 3623 985 1681
f 2200 3624 1465
f 3624 2200 1043
f 743 1043 2205
f 745 1351 746
f 11014 8180 2948
f 1474 3627 3995
f 5120 9992 4058
f 5118 3628 5706
f 3626 3128 5015
f 9992 5120 506
f 4449 6010 3131
f 9648 5124 5660
f 1481 3631 625
f 1019 2098 625
f 3134 2382 2214
f 2382 3134 2215
f 1589 3135 1481
f 11373 1589 1481
f 2216 3134 3136
f 3134 2216 3629
f 11373 1752 1589
f 9944 23 6612
f 1690 2561 4060
f 2561 760 4060
f 1689 4060 760
f 3159 5714 5125
f 4452 278 5127
f 4016 5055 6426
f 3996 4061 1593
f 4453 765 7173
f 766 4662 764
f 8568 9094 6387
f 10932 5128 8308
f 9107 3701 2226
f 1484 4294 626
f 3633 6426 5187
f 5187 2223 3247
f 997 3247 2223
f 885 2232 3143
f 2232 400 3143
f 11319 3143 400
f 2231 3634 4063
f 2233 10227 3142
f 3144 771 2233
f 4064 772 2233
f 4063 6047 10371
f 3144 10371 6047
f 6047 771 3144
f 10371 3142 3278
f 4064 2233 771
f 4064 771 11328
f 6047 2237 771
f 2236 772 4064
f 2105 2675 2561
f 3636 2351 4114
f 6851 775 1488
f 1488 11440 1487
f 1487 11440 2106
f 1369 631 1487
f 2107 2106 632
f 632 2106 633
f 10226 770 255
f 11440 1488 886
f 4065 10443 3145
f 2109 10196 10773
f 3145 3637 2238
f 514 2238 3637
f 9093 1491 1240
f 1492 11001 780
f 783 9080 260
f 9507 2358 10766
f 10140 2706 2247
f 2706 2246 1500
f 2247 2706 10788
f 644 1501 2705
f 2707 316 318
f 2707 318 10801
f 3639 10771 2707
f 3639 2707 2248
f 262 2248 10801
f 789 10452 4069
f 10452 789 5174
f 4069 10452 3218
f 1502 4067 1504
f 1504 4067 3149
f 4068 2249 3149
f 792 910 2250
f 789 2251 790
f 2251 1506 4454
f 2708 790 3151
f 8158 193 320
f 4117 321 2254
f 1507 793 1505
f 10999 2257 2258
f 4455 916 6613
f 1702 10317 2709
f 1998 10317 2118
f 1999 3926 3502
f 1510 524 917
f 3152 920 4119
f 4119 3222 3152
f 920 3152 2268
f 1512 268 2264
f 1621 1620 1058
f 2376 1258 26
f 10390 11149 5028
f 654 1517 1516
f 4071 324 4070
f 530 2269 529
f 816 2272 1051
f 2272 816 817
f 1052 2271 1074
f 1591 2277 2274
f 2380 3681 11023
f 933 1713 1019
f 721 3964 4123
f 5716 3031 2283
f 9823 7179 4075
f 3962 4075 9414
f 4023 10363 823
f 2391 9779 3169
f 1640 2288 2289
f 10753 10018 9779
f 9788 4076 4077
f 6398 1414 8022
f 6400 5720 3592
f 2715 4080 3270
f 2715 3270 1407
f 6435 2296 10446
f 1540 838 6435
f 2296 6435 335
f 286 552 2024
f 3174 4033 6348
f 2303 3650 2305
f 847 10378 1545
f 10378 338 2309
f 1547 9853 850
f 11392 55 11379
f 9502 3958 1734
f 9846 568 3176
f 4082 4083 3177
f 853 1548 9519
f 1550 1548 3177
f 4083 4082 4084
f 2171 1550 3177
f 3600 10367 1551
f 855 10367 4085
f 1551 9109 3600
f 1551 714 853
f 714 1551 10367
f 714 1428 853
f 55 11392 2307
f 2308 11392 3175
f 568 9846 293
f 2169 9846 4084
f 2739 9720 3651
f 9950 4128 3230
f 3230 4129 10438
f 3651 9720 11188
f 4036 3102 10448
f 864 4086 2317
f 1747 3275 352
f 865 2417 4087
f 352 2752 96
f 9478 4088 3178
f 7894 3093 7182
f 4090 3654 11077
f 4465 226 2321
f 4093 2321 69
f 5722 3181 10449
f 3655 2978 5150
f 2978 1994 3182
f 3182 2319 5725
f 866 2319 11381
f 1560 3183 1397
f 2323 1333 472
f 2323 5724 11151
f 4670 3657 5148
f 580 6059 5724
f 10557 2050 6440
f 9987 4097 3656
f 1396 11490 1560
f 1561 4100 9987
f 2325 8407 11490
f 3184 3185 2325
f 4671 3185 6061
f 5727 4467 5461
f 6443 9835 6444
f 6442 4672 6064
f 5152 4102 6445
f 1568 7184 6064
f 6447 1176 5729
f 8205 6448 3853
f 1271 6451 2330
f 1170 4107 9426
f 3655 5150 4091
f 3197 6240 5735
f 5042 6065 2270
f 1572 4470 6067
f 2178 11025 10135
f 9949 3612 11025
f 4675 11492 5094
f 9949 2332 3612
f 8565 10805 1438
f 8512 6068 6470
f 3200 6459 1573
f 1577 5163 4109
f 6460 3203 4051
f 3206 4109 4472
f 3674 603 871
f 1584 10898 4110
f 2734 3674 3208
f 3691 3208 871
f 3208 1676 2422
f 1676 3208 3691
f 1584 9529 2195
f 10382 239 2336
f 9985 741 2336
f 3124 2336 2202
f 11310 10382 4056
f 3623 3124 2202
f 794 1585 607
f 3209 1360 988
f 3210 6757 751
f 3210 2097 10451
f 1588 2341 2342
f 358 2097 2345
f 4111 9097 1363
f 11387 6584 4111
f 4112 2344 2343
f 4113 9948 2217
f 10406 5169 1050
f 2346 2442 8175
f 4693 6463 10882
f 4270 1288 6464
f 10372 6758 888
f 888 773 774
f 2352 6758 10780
f 4114 2351 2235
f 3212 11333 256
f 2348 2234 363
f 2108 890 3213
f 3638 1490 513
f 3676 3145 2238
f 2108 3213 3214
f 513 2108 3214
f 891 3214 3213
f 3214 891 1597
f 1597 4065 3676
f 3676 4065 3145
f 895 1493 2243
f 5173 1603 2239
f 364 1604 3677
f 3677 3215 1371
f 4115 779 778
f 779 4115 543
f 3677 1371 2356
f 2355 1285 1371
f 1371 3215 899
f 3215 1603 5173
f 4289 897 6619
f 2239 895 2353
f 2239 2354 5173
f 784 1496 3216
f 2357 902 2705
f 2363 9507 2362
f 2359 2444 6675
f 3072 1058 1008
f 1503 1612 5174
f 2250 1611 2708
f 11326 8158 4068
f 4070 4067 1614
f 4067 4070 3149
f 2249 4068 186
f 1614 6465 3218
f 1614 3218 3150
f 5174 9942 10452
f 1614 3155 4070
f 3679 912 913
f 3640 10388 6759
f 4117 3220 647
f 796 913 2367
f 2260 3679 4455
f 4455 913 796
f 11384 648 11390
f 4118 5175 4473
f 1515 3926 1998
f 322 1006 922
f 806 11022 4666
f 1515 2372 1704
f 3250 3072 1622
f 2375 3250 1622
f 8269 3223 1623
f 3703 3582 1383
f 1514 3703 4002
f 5176 1625 10390
f 2736 3680 1516
f 3680 9506 1516
f 1707 2456 2455
f 4140 3150 813
f 45 8189 939
f 151 11386 331
f 379 4145 2388
f 2141 2388 4145
f 2141 2462 11329
f 3262 379 828
f 943 2389 10453
f 944 3225 7192
f 2392 1640 3226
f 1640 3170 3226
f 944 3226 4024
f 2715 3263 10453
f 1641 2685 1410
f 1641 2142 2685
f 4077 3648 9788
f 1643 2393 948
f 334 2393 3264
f 2394 6676 1719
f 2293 3171 1644
f 3264 3171 334
f 3683 380 449
f 381 2737 2398
f 2399 2398 2737
f 4124 2397 2396
f 2398 4125 1645
f 1646 4124 954
f 284 1645 4125
f 2397 4124 3265
f 2396 4125 2399
f 47 2737 381
f 4126 1646 1762
f 837 2402 10342
f 10342 2402 3268
f 1727 3708 2402
f 1647 955 3686
f 3685 1539 1647
f 1539 3685 11152
f 2297 2401 957
f 959 1650 2159
f 4480 214 843
f 2738 960 10335
f 4034 2407 1653
f 6029 1424 8373
f 710 2693 4034
f 2167 9853 1547
f 1655 1654 4127
f 3229 1031 9998
f 962 1031 3229
f 3687 10166 860
f 9843 860 10166
f 9845 4128 3687
f 3230 4128 9845
f 163 491 9998
f 2313 10803 9844
f 5082 3231 1657
f 1656 1657 859
f 979 3710 9993
f 2410 1667 9993
f 3713 1066 11010
f 2176 2414 2166
f 11026 1432 2177
f 1432 11026 8272
f 349 2166 2164
f 2412 2315 6674
f 2315 11140 2316
f 6674 1555 2416
f 1664 976 1763
f 2475 1763 976
f 56 2475 976
f 977 3234 2417
f 3234 977 3233
f 1666 9993 1667
f 979 1666 1665
f 3712 980 353
f 4131 6748 4685
f 8464 4131 4685
f 6748 4292 4089
f 7582 4687 4476
f 4887 6354 2035
f 2740 5746 10455
f 8035 3972 7798
f 3983 869 9085
f 871 2335 3691
f 1042 2734 2422
f 2734 2733 3674
f 2733 1970 10754
f 3240 3693 5186
f 3692 3694 3240
f 3693 3240 986
f 5186 1971 3692
f 7098 5186 3055
f 3055 5186 3693
f 3625 3055 3693
f 986 3241 3693
f 2207 2426 2427
f 3241 1748 11311
f 2426 3240 3694
f 3697 1683 3695
f 2755 2096 4421
f 3245 3242 1590
f 397 6761 2432
f 397 3242 6761
f 4114 4136 3636
f 3137 3698 1692
f 1689 3244 4060
f 1690 4060 5747
f 6077 1692 992
f 4690 4137 2435
f 4137 177 116
f 2433 11385 2434
f 5747 2433 3698
f 3698 2434 1692
f 5466 6077 1691
f 1691 177 4137
f 3635 4690 2436
f 4136 3635 774
f 4 3635 2436
f 177 4138 10016
f 10933 4477 3701
f 6392 4691 9412
f 6332 7016 4839
f 2347 3216 8191
f 2346 10225 2442
f 4139 905 401
f 1001 6675 2444
f 787 2248 262
f 3639 2365 1700
f 367 3582 9503
f 4426 9785 2264
f 2448 3154 2267
f 2374 2372 2749
f 2372 2374 1704
f 2375 1704 3250
f 2374 3250 1704
f 3582 3703 2448
f 372 406 4682
f 1011 1705 1009
f 1705 3253 3252
f 3252 3253 1628
f 3252 1628 4140
f 3253 10807 4071
f 1628 3155 3150
f 10400 9854 4121
f 11012 1009 1010
f 3255 2454 1013
f 1016 2453 2456
f 1708 3256 3254
f 3255 3704 1708
f 3254 3256 9741
f 1015 1016 2268
f 3224 2268 1016
f 3256 1709 2455
f 3256 2456 2453
f 1712 3218 10452
f 1713 3681 2380
f 1019 1631 933
f 1021 4142 3259
f 4142 1021 2460
f 4142 1294 3259
f 4143 2461 3259
f 827 9904 3261
f 9904 1716 3261
f 4144 4022 10421
f 4145 2462 2141
f 379 3262 1738
f 1023 9621 6752
f 1637 1717 2462
f 1637 2462 4145
f 3649 10315 205
f 4146 1720 2152
f 9788 3648 5143
f 1720 4146 1721
f 11142 1721 4146
f 2737 47 2024
f 2468 1496 10394
f 3707 3684 4126
f 1646 4126 3684
f 2400 4147 2158
f 4147 336 2405
f 336 4147 1728
f 10411 3269 956
f 1028 957 2401
f 11152 3227 8237
f 957 1028 1730
f 1731 3269 3708
f 10395 2401 2297
f 382 1030 11006
f 978 3710 979
f 3271 9986 3709
f 3710 3709 9986
f 3272 9986 10456
f 9993 9986 3272
f 1736 5748 4696
f 5748 1736 3709
f 2479 4149 411
f 4149 2479 5748
f 8213 2477 2480
f 219 8214 2477
f 2476 10784 1065
f 1738 4150 3273
f 2483 6765 1638
f 388 2411 1744
f 346 2481 1036
f 4151 1037 9113
f 2484 1037 1740
f 1037 4151 6621
f 4150 2385 2482
f 2419 2484 2420
f 2753 1745 1039
f 3274 1065 2486
f 2488 2486 1065
f 9946 2486 2488
f 1065 10784 1659
f 11445 10784 2480
f 2480 2477 8214
f 11445 2480 10403
f 1100 970 4130
f 1747 3653 3275
f 6613 2255 1585
f 11057 624 8216
f 991 8215 10405
f 4421 1751 624
f 2548 7193 1479
f 5169 1053 1050
f 1053 5169 1756
f 4153 4152 2499
f 1050 4158 1755
f 9999 2502 2501
f 10338 1056 10348
f 1055 1239 2109
f 1003 1759 2505
f 2446 1001 366
f 904 2444 1608
f 2503 1003 2505
f 407 3152 1511
f 1511 10292 803
f 1060 3279 1706
f 1009 3279 1010
f 2506 2 419
f 2451 1060 1761
f 2507 2394 1719
f 3536 2396 2688
f 414 10336 2418
f 2753 2487 1066
f 1068 4157 4113
f 4157 1069 9948
f 4157 1068 1766
f 1071 1770 1767
f 10417 9360 1768
f 3246 9360 2437
f 1590 2510 2743
f 1048 10724 5381
f 1054 4155 2502
f 2759 2501 4154
f 9999 2501 9359
f 2756 9359 2501
f 1756 2756 1053
f 690 829 6474
f 333 2514 829
f 336 4161 1651
f 2137 1402 4160
f 201 2144 3284
f 2512 86 1651
f 4161 336 1773
f 1773 336 1728
f 5193 86 2512
f 3280 4159 337
f 6080 5192 4159
f 286 3282 840
f 3284 2144 689
f 2763 11463 6474
f 4295 2464 5193
f 3286 6924 5193
f 352 96 11352
f 9355 9492 9530
f 5195 3720 1783
f 10500 5469 9679
f 8040 3293 8039
f 1783 2518 4169
f 4178 10211 3729
f 94 340 7026
f 4185 6098 11221
f 122 8084 878
f 6126 3770 1092
f 6642 1812 5814
f 7054 5815 6134
f 5817 1815 1814
f 1092 3770 5308
f 7279 6531 8226
f 3774 3775 5828
f 8350 802 8656
f 11196 7671 7326
f 3382 6877 5355
f 5748 3709 1841
f 1735 10402 2410
f 2548 1479 11382
f 1842 2702 7193
f 11382 4156 10339
f 1848 1754 4153
f 310 4153 1754
f 2502 4155 2438
f 4813 429 2550
f 4853 8292 6346
f 2556 7868 3828
f 4238 5889 4237
f 4240 11159 2601
f 2565 5033 4006
f 1163 4243 5405
f 5404 2568 2569
f 1165 4570 3848
f 4838 3445 4245
f 469 2579 2634
f 7375 11268 11260
f 2585 1200 6898
f 1203 152 57
f 2595 4889 4791
f 3037 4251 1131
f 3807 9834 2088
f 1992 4254 5951
f 4257 10590 4351
f 10736 9718 10809
f 1289 4261 11180
f 5640 3009 3454
f 2637 7465 3949
f 4266 1897 5896
f 4643 4268 453
f 4267 78 1901
f 11432 6388 4270
f 1392 4273 92
f 153 93 2165
f 1430 856 1429
f 2166 349 11154
f 700 4274 17
f 4786 4277 5096
f 1215 354 6581
f 3130 6422 7771
f 2242 1492 781
f 788 1624 4280
f 8012 4282 4079
f 2314 4284 6672
f 2720 4285 3657
f 2732 583 5099
f 583 2732 2334
f 6581 189 1337
f 4287 2670 8157
f 6618 311 399
f 10260 4288 10463
f 4288 10260 1593
f 4289 778 2355
f 335 332 195
f 990 880 1979
f 5479 5781 5480
f 9327 5301 4310
f 4310 5301 5815
f 8356 2804 4316
f 5564 1866 4328
f 3823 1868 5517
f 7399 7971 2821
f 2828 470 2827
f 1875 2829 4629
f 2829 1875 4782
f 6884 7392 1880
f 1884 8366 5528
f 1102 8242 5885
f 6307 3920 4374
f 2861 7101 10818
f 77 10841 2863
f 2867 5540 2866
f 10970 2867 5541
f 7983 4348 7102
f 4348 1159 4566
f 1169 11042 9711
f 4243 3432 9711
f 6238 3504 11027
f 4352 10351 272
f 3443 8188 463
f 1364 4937 8295
f 468 1290 4355
f 2899 3449 1185
f 5921 4578 4328
f 5112 1936 5926
f 3458 10541 2907
f 8015 9401 3886
f 2912 1202 2913
f 3960 10810 6279
f 101 4361 10844
f 2648 7581 7179
f 6578 295 2042
f 6600 1271 2042
f 2666 9979 34
f 9939 6601 503
f 5592 7531 2960
f 4372 1239 1981
f 10874 4374 4904
f 2971 6314 10505
f 520 4378 4911
f 4903 4379 1246
f 3432 4383 2987
f 4026 3510 4397
f 4949 484 9499
f 4402 6882 4401
f 3011 4403 5434
f 5644 5643 6352
f 3012 3875 3594
f 92 4273 2644
f 574 2040 2042
f 2283 3031 1525
f 5083 4412 3034
f 2656 1854 2050
f 4416 5110 6751
f 9181 4418 3048
f 5583 3051 7770
f 6368 4633 4417
f 1584 2195 2067
f 4421 2096 10358
f 1366 3062 2103
f 2104 10227 255
f 8175 10773 636
f 1372 2676 2008
f 4423 261 365
f 642 4424 786
f 8170 4426 1257
f 4004 4427 5663
f 4352 272 1270
f 9878 559 1171
f 5674 9511 2679
f 11172 4428 674
f 701 11434 2154
f 4274 4432 702
f 2157 4848 142
f 289 91 52
f 8272 709 8373
f 291 4434 11379
f 293 10122 149
f 8306 6411 5097
f 5696 5099 4471
f 4441 6418 2184
f 3121 5704 3120
f 8209 4447 1341
f 2204 1585 2255
f 506 5120 6422
f 5709 5126 10812
f 1483 6049 4453
f 178 767 1594
f 10302 5187 6426
f 4454 2368 914
f 6614 1259 523
f 11229 2703 3138
f 4459 5049 5135
f 5715 6042 2225
f 1437 326 819
f 10508 7568 3164
f 9673 7180 3167
f 4462 682 10375
f 1534 1532 950
f 4465 866 521
f 3179 10459 4466
f 5728 6446 3190
f 5729 9235 2328
f 3200 722 11493
f 3206 4472 3205
f 2948 1044 10433
f 8271 2228 671
f 10372 10780 6758
f 1600 1492 6585
f 780 6585 1492
f 907 1497 1610
f 2382 377 758
f 1639 4474 10565
f 946 947 1408
f 3682 832 1411
f 975 1661 862
f 1668 1744 3234
f 10489 4133 10563
f 5185 3239 4994
f 166 10346 984
f 6761 1689 2432
f 2378 908 367
f 274 11326 324
f 4142 11155 1294
f 2505 1001 2446
f 1775 7590 6856
f 179 5194 420
f 5751 8037 2513
f 54 5210 2302
f 613 7273 5
f 7273 613 9267
f 7425 5801 5285
f 2539 5817 4209
f 4516 495 9616
f 7434 4523 7386
f 9042 4522 3780
f 5380 1085 421
f 3406 1225 2813
f 2550 429 6224
f 2550 10836 3407
f 4552 3415 5884
f 3425 7455 10461
f 1146 4342 8369
f 8369 4342 10517
f 4560 5611 5898
f 3428 10793 1153
f 10350 2860 2865
f 455 3430 2871
f 5907 6982 4567
f 5544 2871 3430
f 3438 1169 460
f 4568 2567 1164
f 1167 10494 3434
f 4570 5403 3848
f 5405 4243 2883
f 463 8188 6242
f 4575 4828 1865
f 1302 4575 1865
f 11164 10103 6719
f 4576 1177 1921
f 5409 5667 10813
f 2896 4355 9156
f 11018 4578 4579
f 4581 1866 4580
f 5924 4583 3451
f 2577 1190 2901
f 3411 4584 5642
f 2580 4586 4585
f 9365 4586 2580
f 5930 5931 2583
f 4864 2584 3464
f 4594 6846 11017
f 6846 4594 9157
f 9157 4594 3467
f 6276 8296 7121
f 4598 2588 5937
f 7459 3471 6661
f 1128 1221 1877
f 1106 2843 3481
f 3486 4601 9831
f 4603 1982 2676
f 2607 6842 7559
f 2607 4608 5954
f 520 3496 4609
f 1247 2608 5958
f 9351 6316 121
f 749 76 3497
f 4349 1149 5551
f 1149 4349 1253
f 2856 3498 1256
f 3499 4242 1254
f 5609 4611 3500
f 4612 9498 9129
f 5961 4612 3841
f 2982 4613 10863
f 4614 10362 656
f 2990 4927 7714
f 3509 4617 6324
f 1282 6843 3076
f 4931 6843 3936
f 541 198 10796
f 11180 4261 11395
f 3537 7565 2630
f 2163 10480 4961
f 2028 4625 1308
f 9115 4630 4409
f 4631 2650 9732
f 3555 9732 2650
f 1952 1335 2659
f 3573 2955 3572
f 9094 253 276
f 10247 1240 3677
f 4641 11334 6378
f 786 4424 1378
f 4269 7164 1388
f 4273 1392 4458
f 1392 4457 4458
f 10214 6017 10462
f 5046 5138 1925
f 674 3077 11172
f 2682 4391 3701
f 7718 7470 11253
f 687 2291 2143
f 5065 2625 2686
f 698 11393 7471
f 472 60 580
f 60 472 1334
f 11493 4651 3605
f 3606 2728 10450
f 4438 2695 10814
f 4447 161 1341
f 590 1341 1954
f 232 4658 298
f 1475 4660 4659
f 3060 5707 4661
f 5128 10815 4662
f 9558 4665 3699
f 2242 11001 1492
f 3250 1621 3072
f 2274 1518 816
f 3646 3647 6055
f 1534 3649 11122
f 698 7471 7577
f 4646 1535 4668
f 2718 6056 5931
f 4669 2720 3657
f 4467 5727 3189
f 9385 11041 4676
f 4677 9385 4676
f 3669 1580 10871
f 2186 2183 2731
f 4288 1593 4680
f 777 1598 3147
f 1634 10391 6620
f 4127 4683 9844
f 1669 4685 4686
f 4688 2740 4133
f 983 3622 8575
f 8000 3045 1672
f 3698 3137 512
f 903 2446 366
f 1707 2455 4120
f 1725 4694 1724
f 294 5144 344
f 10337 71 2530
f 4161 1773 6475
f 3715 2513 8037
f 6475 5468 1776
f 7194 3719 3283
f 8585 3321 7483
f 5781 4723 3331
f 9277 10698 8386
f 2786 6689 2787
f 4506 6126 5490
f 5307 4739 2792
f 2799 4748 1097
f 3392 3795 1099
f 4755 8833 3796
f 1102 2939 8242
f 1103 6174 10017
f 1850 1855 8395
f 6172 6205 6169
f 2811 7753 4763
f 6183 1928 4829
f 10589 1301 1914
f 6245 6983 434
f 4772 6344 4582
f 5386 10529 2553
f 5518 5519 4774
f 6979 1871 4401
f 2552 4776 4332
f 5521 1419 1189
f 4626 7080 4625
f 7449 7522 7523
f 4549 5416 5437
f 3825 3024 6201
f 6200 4782 6201
f 8547 3611 9407
f 6409 6725 3110
f 9407 10182 7392
f 4791 5885 4790
f 6703 7527 7091
f 6171 3802 6710
f 4785 2831 4796
f 7391 6211 2940
f 1133 1887 11175
f 3833 5888 4337
f 1343 3836 4251
f 3836 1343 2660
f 2849 7758 2850
f 2959 4805 5892
f 4904 3492 10816
f 4559 519 2562
f 8549 2970 7460
f 2562 2855 6998
f 5610 2859 2611
f 6714 5383 10467
f 7533 6225 4561
f 7981 2859 3428
f 2862 6226 10271
f 4812 6228 4813
f 6228 4812 452
f 5544 5401 7374
f 10539 1162 7763
f 8300 10746 1906
f 4566 7102 4348
f 461 2878 11156
f 1908 1166 1265
f 8787 2570 4819
f 2989 11028 4244
f 4823 10470 1268
f 1904 3439 4824
f 3814 9900 2573
f 2885 5407 4574
f 11436 3853 5154
f 2125 4830 665
f 8188 4830 7
f 2886 4831 6249
f 6249 6248 3854
f 2891 3811 5561
f 2007 4838 4839
f 4839 4838 3859
f 5974 9151 9943
f 2711 4840 4262
f 4841 6333 3862
f 1522 10042 3863
f 4355 673 4844
f 3812 4767 4577
f 1300 1187 1186
f 3002 5982 6894
f 3410 2577 2901
f 3008 3869 7113
f 4851 9205 6264
f 4852 4850 11394
f 6911 1929 2828
f 1929 6911 6343
f 2828 1873 3870
f 1930 3870 1873
f 6341 10859 3007
f 7113 4854 3008
f 6268 2904 2636
f 5875 4856 2903
f 3823 6190 1934
f 7998 2906 7395
f 4860 2641 4995
f 5414 3019 5647
f 6898 1200 2910
f 4867 3024 3825
f 3024 4867 3023
f 4249 3467 5932
f 3890 9962 100
f 2923 4876 9849
f 2927 9161 11144
f 2587 6280 4872
f 3889 2587 4872
f 7549 10795 4875
f 10073 5417 10245
f 3896 5431 1951
f 1337 4878 1215
f 10318 1959 3473
f 3399 1217 1956
f 1879 7125 7550
f 7550 7125 6006
f 11261 6006 7125
f 5581 3613 2937
f 6288 9791 9181
f 5658 10534 10472
f 5002 4883 3903
f 10258 10172 3905
f 2940 4237 3419
f 6212 1857 5533
f 2064 3481 2843
f 9939 503 504
f 5945 11013 1892
f 2599 1107 3911
f 6299 5588 5891
f 7453 2600 3422
f 1234 8200 4891
f 6301 5043 5420
f 3913 3991 2956
f 5420 5043 2957
f 6726 2993 4893
f 4894 10821 3990
f 2972 4896 7133
f 9370 2602 11341
f 1978 10160 10822
f 750 7136 9701
f 4603 1781 1982
f 7772 6310 7163
f 6221 519 4903
f 6313 6315 3921
f 2960 2977 5592
f 5602 6312 4906
f 3922 4376 4907
f 8298 6730 7558
f 8234 9192 4896
f 4609 4909 5606
f 1247 7143 4379
f 7143 1246 4379
f 4903 1246 5608
f 5952 6902 2969
f 451 3499 4913
f 451 4913 3929
f 7982 4914 2981
f 2981 4914 4560
f 2982 5961 4613
f 4916 3501 2983
f 5904 9989 7981
f 3928 2881 11178
f 1263 5398 9555
f 6905 2870 1159
f 4350 2881 2880
f 4826 4919 4825
f 10441 4920 526
f 6319 3118 9183
f 4383 4243 1163
f 9861 2878 5554
f 5547 5554 2878
f 3851 3814 10353
f 5615 4258 5427
f 1277 7886 3510
f 4259 3513 11346
f 1276 4259 2002
f 2126 4830 2125
f 4830 2126 1183
f 2005 4929 1475
f 3076 5117 1282
f 3518 1282 5117
f 1282 3518 3937
f 5619 2996 9389
f 3522 6326 2997
f 3519 4935 7108
f 3859 2575 6923
f 7872 4939 9990
f 10478 5449 2010
f 11395 4261 5981
f 6261 9793 3450
f 3003 4943 8401
f 5633 4949 7564
f 3534 4951 4952
f 3451 4399 3007
f 3871 4582 6344
f 4582 3871 2902
f 4957 4965 9868
f 10867 4958 3949
f 3174 6348 1309
f 3542 4959 5566
f 4960 707 10656
f 2580 2163 4961
f 4032 10480 2163
f 4962 4961 10480
f 3011 4584 4403
f 4584 3011 5642
f 4957 8402 4965
f 6345 8301 11166
f 4247 8439 5435
f 4967 3545 6351
f 6737 6351 3545
f 3544 4407 4406
f 4969 2643 6293
f 2643 4969 3019
f 3959 5648 4627
f 9740 6282 1947
f 5650 3025 2921
f 482 1434 4981
f 4980 10272 10234
f 4649 6030 1199
f 8165 9636 7567
f 6364 2043 1950
f 3032 6002 9851
f 5652 3032 9851
f 3962 1327 7401
f 5653 2047 4985
f 4670 10437 4989
f 1952 10274 3561
f 2555 1124 8018
f 9106 3967 6415
f 3040 6415 3967
f 2058 2193 2057
f 5745 5744 2059
f 596 11003 1459
f 11261 5000 6006
f 5002 3048 4999
f 4997 4634 6296
f 5004 3049 2662
f 4634 4997 3977
f 4418 4999 3048
f 5001 6368 6288
f 5006 1962 10482
f 591 6580 11240
f 7097 1972 6745
f 5012 5011 1357
f 2847 445 7159
f 8019 5013 505
f 5421 11123 10972
f 5170 4680 4061
f 4264 9513 1177
f 8241 4422 7107
f 542 1373 640
f 10247 1376 1240
f 6997 5022 4372
f 6997 1375 5022
f 4642 2678 4645
f 2115 119 261
f 4003 4427 4004
f 5031 4008 5446
f 4006 6384 5038
f 6014 5035 7165
f 5663 5025 5039
f 5041 2968 10483
f 4458 4457 5042
f 2270 4458 5042
f 4458 2270 662
f 9719 4010 9402
f 5044 5124 3991
f 6387 5045 8568
f 3642 5046 673
f 3642 3080 3586
f 6607 3079 7575
f 3079 6607 2225
f 3081 5050 8569
f 8569 5917 3081
f 3081 7469 5050
f 5055 10302 6426
f 4016 6389 5055
f 4019 5058 10485
f 325 5059 6429
f 6395 6393 5061
f 2134 11253 7470
f 2140 5064 826
f 1409 2146 11134
f 7471 6022 7577
f 10496 4431 3088
f 697 2686 5068
f 5072 2155 5675
f 5073 8461 5678
f 2156 3092 4647
f 10519 8311 4476
f 7894 5076 3093
f 10401 3095 2689
f 6347 5681 3010
f 6347 6188 3820
f 10440 5081 6403
f 4032 6027 9541
f 4283 5930 4590
f 6350 10542 3884
f 9541 1202 3465
f 1426 5082 1427
f 856 4435 1429
f 4435 855 1429
f 5686 5085 7780
f 4276 4275 6365
f 5087 7579 3896
f 3603 5088 10824
f 225 720 7582
f 4038 5089 6455
f 2938 7168 5090
f 4439 3109 6037
f 2696 2695 3109
f 3110 438 5094
f 9406 4040 3111
f 2935 5095 104
f 8306 7787 5096
f 4042 3114 6003
f 3968 3615 11021
f 2054 5097 3564
f 5456 6413 3969
f 5696 4471 10825
f 4047 3116 8406
f 4047 5101 4048
f 3617 5697 3116
f 1215 5105 4441
f 1450 5613 1907
f 5103 10826 5108
f 4051 5108 4046
f 9153 5107 5701
f 3118 4444 7170
f 5112 5113 4657
f 8870 3122 4994
f 6611 5009 3569
f 30 1473 875
f 3126 5117 5706
f 4931 11454 3076
f 5016 4659 4448
f 3993 4448 4659
f 3628 9557 5706
f 7771 6422 4059
f 5120 4059 6422
f 1477 1977 1281
f 1281 6304 1477
f 1237 4449 3131
f 4012 5124 9648
f 1480 752 4450
f 3139 5127 278
f 4061 3996 4664
f 766 5128 4662
f 4062 7789 5129
f 4294 9107 6373
f 8034 6046 3632
f 9558 5130 3140
f 5131 769 770
f 2351 3636 1596
f 2252 1502 1505
f 3926 1515 1007
f 4072 5135 3158
f 6054 1526 2284
f 3167 9866 1947
f 9414 7179 7581
f 10027 5140 3162
f 2624 2014 1294
f 8563 2149 3086
f 4079 4282 3515
f 10395 2297 4081
f 10446 1540 6435
f 18 4695 299
f 2312 2311 3651
f 10803 5144 1655
f 5147 102 266
f 7793 4096 5723
f 102 4094 11141
f 4093 3656 2321
f 5723 4096 4095
f 10559 4100 5726
f 10804 11490 8407
f 5150 3182 5725
f 4099 3188 5725
f 7407 5726 4100
f 4467 4672 3662
f 6444 5152 3661
f 4102 5152 6444
f 4103 6445 4102
f 3189 3664 9301
f 6446 5728 4103
f 8026 3188 5155
f 5729 5154 8573
f 3191 7184 7185
f 4673 8754 2721
f 4438 7406 5692
f 10921 2333 10490
f 5161 4470 4678
f 10083 2187 5100
f 5163 5703 4109
f 4472 4109 5703
f 3203 5108 4051
f 8869 1580 11505
f 1756 5169 1591
f 5172 10443 4065
f 783 1598 1605
f 1493 895 1494
f 3215 1604 1603
f 1600 781 1492
f 10771 7174 2748
f 5028 2120 1609
f 5175 4118 402
f 2370 10768 1703
f 4291 9496 1624
f 1738 3262 2385
f 11162 3225 1641
f 4475 947 691
f 833 3706 1723
f 3227 1649 8237
f 713 9844 4683
f 5144 10803 858
f 2418 1667 2410
f 3233 1668 3234
f 1668 4684 1744
f 5177 6748 4131
f 4686 6748 4089
f 981 7582 720
f 4884 8575 5743
f 3236 5178 8036
f 9560 5182 10460
f 2333 10563 6468
f 4689 3478 3476
f 7552 6293 2643
f 585 5168 4132
f 495 2427 10829
f 879 2428 2342
f 3247 997 4936
f 5187 3247 5188
f 1364 5189 4937
f 263 2378 788
f 3257 9721 11012
f 3258 2459 1020
f 1021 9083 3161
f 5143 1534 11122
f 3684 3266 3265
f 1736 4696 1737
f 1738 2385 4150
f 2485 1741 4697
f 2489 2486 9946
f 2753 1039 969
f 876 2338 987
f 1750 4421 10358
f 1847 1757 4154
f 2469 4698 1728
f 4295 7723 2514
f 941 6856 378
f 5191 965 10885
f 151 10885 965
f 2761 7194 3283
f 4295 5193 6924
f 4163 5750 5192
f 3716 11343 7195
f 1783 3720 2518
f 8577 6483 3284
f 9562 2517 3286
f 6477 5755 4168
f 5198 7197 3722
f 6625 8044 6492
f 7724 4484 3307
f 6491 7603 7909
f 4179 3737 3308
f 7808 5768 7029
f 7417 8856 7225
f 9198 2524 5768
f 9885 2776 4183
f 6783 10610 7613
f 5254 6933 6112
f 7623 7421 3340
f 2781 5786 7488
f 8902 5805 7637
f 4738 7646 5302
f 9959 4211 7295
f 9410 4206 9416
f 5311 7649 7304
f 3772 7304 7649
f 7656 7655 3363
f 3369 4522 3366
f 3782 1095 6144
f 3779 5338 5826
f 7693 3391 4231
f 3397 5373 1839
f 5380 421 1844
f 9790 5380 1844
f 10510 10492 1101
f 6174 1103 3417
f 4794 3417 1103
f 7098 1971 5186
f 5384 1108 7707
f 5871 9155 4545
f 2553 10092 5386
f 9365 10127 4586
f 10200 10174 4958
f 1882 1122 3416
f 4553 5393 7755
f 10017 5944 6212
f 10493 5587 7529
f 4369 2559 5015
f 7454 4370 5395
f 5396 2855 2562
f 2563 5397 4241
f 7533 4561 10219
f 4346 8502 8243
f 1157 5399 1262
f 2566 7763 7374
f 5544 7374 7763
f 4568 1164 5402
f 10469 4570 2569
f 11027 8294 4822
f 1168 5426 4568
f 1174 5406 2573
f 4832 7990 5408
f 9178 5408 7990
f 3810 1178 9081
f 1181 4841 5409
f 3447 4842 5410
f 4393 5410 6838
f 3535 2576 434
f 4845 1185 3449
f 9714 9727 10659
f 2901 10835 1869
f 6987 5645 1193
f 5413 4357 5646
f 7524 4861 7085
f 11459 11260 11401
f 1199 6030 2583
f 2583 5931 1199
f 2587 4867 1944
f 4867 2587 3023
f 1207 4630 4596
f 4630 9115 4596
f 9732 6000 3471
f 6661 3471 6000
f 1212 10073 9593
f 2589 5634 11315
f 354 1215 4441
f 7550 6006 5418
f 3476 7709 4250
f 4250 2592 4366
f 10840 2594 4543
f 4791 1852 2595
f 1225 1137 11446
f 503 6601 173
f 3486 7880 3424
f 4420 5420 5421
f 4602 2603 2602
f 1244 1243 6842
f 8234 6314 1992
f 4255 2608 4902
f 1255 3844 2609
f 1255 2609 5425
f 2611 11259 1148
f 1148 5610 2611
f 3841 4612 9129
f 1263 5399 5398
f 4244 10096 2989
f 2990 5406 4927
f 5406 5615 4927
f 5617 1276 3935
f 2621 10847 9352
f 9800 4262 1923
f 3002 5629 6909
f 2623 5430 3001
f 8245 2627 3817
f 5911 8886 7889
f 3009 5640 5987
f 5433 5682 2633
f 5433 2633 2635
f 8402 560 5435
f 1338 4860 4995
f 2646 6845 5439
f 1319 1946 7581
f 1943 5999 9860
f 4873 9161 8458
f 3885 3554 4874
f 3556 3555 2650
f 3032 7401 7569
f 3113 9641 3828
f 3981 10905 11050
f 2090 620 112
f 5443 4766 2817
f 1384 4345 5445
f 4007 5031 5446
f 5446 2122 1386
f 5036 6377 11036
f 3579 11036 6377
f 1482 5056 5448
f 5669 5057 6020
f 1401 7007 7718
f 5449 7718 2900
f 3592 5451 6023
f 4646 9413 8207
f 5676 9413 5677
f 4646 5677 9413
f 5142 5721 1416
f 4646 6401 1535
f 5453 1421 4648
f 2913 6027 6403
f 2176 3652 1432
f 4651 8003 3605
f 1441 4651 11493
f 1447 6755 3616
f 5965 2697 3505
f 4054 9644 5745
f 7771 5122 3130
f 5122 7771 1476
f 1482 5448 2222
f 1485 4691 10564
f 10145 5141 6852
f 6852 683 4462
f 10375 6852 4462
f 7177 2282 2714
f 1535 5673 4668
f 1556 5459 5465
f 141 2719 720
f 59 3180 6440
f 3657 4285 1558
f 2332 2726 4675
f 3560 3606 1575
f 3668 1577 7377
f 9106 6415 1582
f 5131 2349 629
f 4685 6748 4686
f 2655 6073 983
f 6074 2742 3690
f 2228 8271 10876
f 1706 10884 5749
f 6475 1773 5468
f 3295 10031 5759
f 11213 3722 5202
f 2764 8047 2517
f 6861 5470 4177
f 6096 9722 3743
f 9915 9786 6097
f 2790 5294 4307
f 4307 6129 4506
f 4506 5490 10137
f 5298 11411 10830
f 9327 3768 10251
f 2792 7504 5494
f 5494 4310 5815
f 7385 7739 6947
f 1816 5497 10572
f 3779 2799 1827
f 8662 3386 4532
f 4536 4317 8240
f 2549 5511 1127
f 6169 6205 1851
f 1850 8395 8368
f 8368 1105 1850
f 2941 5512 5513
f 8020 5515 7707
f 4944 5985 5918
f 4771 1867 2553
f 10092 2553 1867
f 4771 5517 1868
f 1867 4771 1868
f 4770 4769 9398
f 7399 10424 7971
f 4582 4776 5877
f 10092 5520 1110
f 4855 10092 1867
f 1192 4585 4586
f 5991 1419 5521
f 10528 5522 1870
f 2828 2827 1873
f 1313 5437 5416
f 3466 4593 6883
f 6200 10027 2829
f 9084 9580 8403
f 492 6884 5526
f 5528 7450 5455
f 7450 4786 5455
f 4553 7755 5529
f 5530 4553 5529
f 7393 9546 6886
f 6885 9247 2835
f 6887 2838 4793
f 9343 8242 3403
f 9344 10532 9399
f 1127 5511 7094
f 9856 2840 5532
f 11175 2841 9522
f 2941 5890 2842
f 4339 2945 2845
f 4239 10082 4799
f 5538 7530 7758
f 2850 7530 2601
f 9421 5423 6312
f 2853 4808 10833
f 6222 2853 2854
f 7460 6222 2854
f 1252 6664 799
f 5539 3499 451
f 4820 11259 7759
f 2857 2569 10165
f 9129 9498 1165
f 2564 3845 11336
f 1254 4242 3846
f 10818 5905 2861
f 7762 5540 2867
f 4267 10970 5541
f 2868 6176 4346
f 4003 6176 5514
f 11266 11312 6318
f 4347 5543 4815
f 2869 4347 455
f 4347 2869 4256
f 4821 4817 10539
f 2566 10539 7763
f 5545 4387 2876
f 4387 5545 5546
f 4923 2876 461
f 5549 5548 5700
f 5549 5402 5548
f 3437 7536 10834
f 10494 4572 4569
f 3436 4572 2571
f 4570 1165 10165
f 3928 5552 2881
f 2880 2881 2980
f 1265 5550 1908
f 6231 3931 3849
f 3931 6231 4821
f 7105 11027 4822
f 7104 4822 6717
f 5554 2882 9861
f 4823 2882 3506
f 1909 4919 4826
f 8463 2884 3197
f 1172 3850 4828
f 3850 1172 463
f 131 11325 11498
f 10737 9352 5555
f 11164 5559 2889
f 6330 11164 6719
f 5560 7541 4353
f 4264 1177 4766
f 2891 5561 4017
f 2892 9889 432
f 432 9889 3576
f 6180 2892 432
f 4838 6079 3445
f 1180 7872 11264
f 6597 10023 4934
f 9178 2006 5408
f 4355 4844 468
f 9734 1522 1521
f 11102 4842 3447
f 6018 4840 6893
f 3865 1927 7790
f 6243 3534 2898
f 1184 1914 1301
f 3866 11451 11263
f 2899 6184 3449
f 5564 2899 1185
f 3533 10853 11033
f 10853 2899 4328
f 9398 3410 2901
f 6267 9117 1867
f 5568 2904 5567
f 5519 5518 1935
f 6268 1935 4769
f 4587 4851 3454
f 1936 3879 6658
f 5570 4360 1196
f 3458 2907 6579
f 4980 3886 9401
f 3886 4980 10550
f 8015 841 708
f 7567 9636 708
f 2912 2913 5573
f 145 4031 19
f 1205 4865 5672
f 3825 3891 4867
f 8370 3413 2916
f 7548 5576 4975
f 5576 7548 2919
f 5935 1209 7548
f 3466 11396 5577
f 1944 3891 7768
f 482 7549 1434
f 7459 6661 4876
f 7472 9161 2927
f 2928 5580 3602
f 1217 2932 3899
f 2591 11330 2930
f 6289 5581 3976
f 1963 6285 1964
f 5583 7770 10535
f 5181 11034 5180
f 1106 426 2939
f 9717 2843 1106
f 2814 1225 11446
f 2941 2842 5585
f 3808 10349 1859
f 1235 4890 4341
f 4890 3487 3488
f 11270 9831 4341
f 5538 5586 4240
f 5588 2954 5891
f 5588 2953 2954
f 6423 5590 11397
f 5044 3913 4892
f 4893 1977 3128
f 4659 5016 1475
f 4897 4804 4805
f 4804 4897 3425
f 5593 1988 4607
f 7710 7883 4802
f 4371 6305 2963
f 9114 5896 1897
f 4380 7141 5599
f 10088 11406 11345
f 5600 2970 8549
f 1989 10957 10544
f 5603 3919 5602
f 3922 5602 4906
f 4255 6903 7774
f 4378 2977 2960
f 5608 1246 9192
f 8234 1992 5608
f 6221 5608 5951
f 6221 4903 5608
f 5957 4909 4912
f 5600 10631 4909
f 3678 3580 1996
f 450 4241 1899
f 11176 2612 3427
f 1147 2611 2612
f 1261 5542 9650
f 5612 5897 7561
f 526 5614 10441
f 5406 1174 5615
f 6322 4388 9797
f 1915 4388 6322
f 7714 534 7146
f 2992 4617 532
f 6906 9647 3528
f 5407 2885 1913
f 1475 4930 2005
f 4390 536 8202
f 8202 8400 4390
f 2996 5619 5912
f 2996 5562 8384
f 11407 10429 11391
f 6733 7881 11391
f 5621 2620 2998
f 5623 6734 11165
f 4936 6181 5980
f 5625 9202 5624
f 4938 5626 1863
f 5561 1863 5626
f 11222 9990 4939
f 5428 5628 9698
f 6283 5633 3896
f 1297 5635 9397
f 5067 5636 4079
f 4398 7079 5637
f 4398 6260 3945
f 3005 6339 11335
f 1417 3947 706
f 1931 4954 1930
f 3870 1930 4954
f 9390 4854 7113
f 5639 1189 1419
f 1307 5640 9204
f 6737 4957 3009
f 2028 4626 4625
f 6882 6979 4401
f 3953 5641 1871
f 2635 2633 5642
f 1191 5642 2633
f 5646 1193 5645
f 4247 5569 8439
f 4357 1193 5646
f 4406 4247 5435
f 3544 4406 560
f 10089 7114 10919
f 4968 8885 4407
f 3017 2034 3018
f 4860 9232 2641
f 4627 5648 1316
f 4596 4628 1207
f 4628 4596 3551
f 3022 3827 2648
f 4973 1947 9866
f 3023 5649 3024
f 6358 6197 2918
f 3885 4874 9526
f 4874 3554 3894
f 6359 9526 4872
f 4872 9526 4874
f 3027 1322 1324
f 8014 8164 2041
f 8014 7779 8164
f 2909 9636 4978
f 6432 4983 5656
f 3032 5652 3643
f 6363 5652 9851
f 4411 7003 6072
f 6915 3558 5656
f 2051 7525 11429
f 6414 7467 7393
f 7393 7467 9546
f 3047 3902 9512
f 4879 5657 3049
f 3048 5002 3903
f 5001 4599 4238
f 4599 5001 9181
f 6370 5658 4635
f 10979 3836 2660
f 4883 5002 10439
f 6368 4417 1964
f 5014 4420 6008
f 1894 5659 5588
f 748 4933 10850
f 4766 4265 4264
f 5018 9179 7785
f 5022 3065 4372
f 3067 2114 10413
f 5662 261 4423
f 4642 8559 1389
f 5383 6714 1860
f 5030 4004 5663
f 2122 5664 1386
f 5032 8270 3074
f 1384 5445 3074
f 5041 9384 2122
f 2679 9511 2124
f 2094 11123 1395
f 1400 674 4428
f 2128 5665 1399
f 6019 8560 1482
f 10462 5666 10214
f 9374 5666 2129
f 5668 4013 10507
f 1398 9142 8025
f 1925 4844 5046
f 673 5046 4844
f 3080 5667 2680
f 3158 5049 10214
f 10161 9142 5668
f 7575 4013 5668
f 7147 2622 2132
f 5669 5063 5057
f 5136 6021 9182
f 6396 10837 6395
f 6020 5057 11253
f 6394 5057 5063
f 5718 4865 1942
f 4865 5718 5672
f 7463 3591 2149
f 1413 2016 5673
f 5673 3590 3089
f 2150 5632 5970
f 5674 6610 3091
f 5070 7786 5675
f 2156 3090 3092
f 5072 9638 2155
f 9425 7149 9638
f 3091 2154 9640
f 10098 7778 9376
f 5681 1308 3010
f 5682 288 3097
f 3097 5081 5682
f 4131 6914 5177
f 3108 6407 4436
f 6292 5691 1439
f 6458 2182 7406
f 4040 5693 9385
f 9406 5736 5693
f 2833 2052 10305
f 7787 1445 5096
f 3967 5098 7787
f 6413 1446 6919
f 5456 4652 1125
f 3670 2183 8208
f 5102 1449 5697
f 5699 9183 7170
f 5107 9153 2000
f 10441 5702 5701
f 4654 5701 5702
f 2186 2188 2183
f 5458 1450 7719
f 9715 3119 1452
f 4446 3122 5113
f 4994 2061 8870
f 5113 5112 4445
f 5117 2210 5706
f 5117 3126 3518
f 1477 2701 1977
f 3130 5122 1236
f 3993 3131 3572
f 4011 748 5660
f 5708 7193 2702
f 5710 4451 10812
f 626 4452 3140
f 4665 9558 5712
f 8247 2224 6427
f 6428 6049 1483
f 768 6046 8034
f 10827 10551 3141
f 2109 3146 10196
f 267 6614 523
f 5133 10507 11024
f 5714 3159 5715
f 2225 6607 5715
f 10462 2129 5666
f 2129 10462 6049
f 3077 2681 8948
f 6432 5716 9963
f 7178 3164 7568
f 2284 2684 6054
f 2284 5717 3887
f 5717 2284 1526
f 4461 9134 9866
f 3167 6282 9673
f 5719 5142 6434
f 11039 5720 11265
f 1416 5721 3593
f 4463 10594 6918
f 7182 2018 4089
f 3181 2320 2048
f 4457 3199 5042
f 5723 4095 2320
f 5148 10558 5724
f 580 5724 2323
f 4095 4096 10828
f 4095 10828 10459
f 4092 3656 4097
f 6061 4098 3186
f 5726 7407 6063
f 5727 1562 5152
f 1565 5155 7183
f 1564 5727 5152
f 5727 1564 3189
f 8949 10838 2327
f 2327 6063 5153
f 3663 3191 5153
f 2326 5728 7794
f 2328 9235 8248
f 5734 3195 2616
f 3667 1911 3197
f 5692 7406 2182
f 6459 4470 1572
f 4470 6459 1439
f 9965 11029 11125
f 868 1579 1581
f 5737 4652 5456
f 3969 5738 5737
f 2731 7157 6416
f 7191 7580 4679
f 2222 5448 11431
f 4685 5740 8464
f 6468 5742 5162
f 5179 5162 5742
f 5180 7797 9146
f 3017 10839 2034
f 2035 2034 10862
f 5743 8575 731
f 5745 3239 5744
f 2433 5747 3244
f 4060 3244 5747
f 1485 3700 4691
f 3700 1485 3633
f 6922 5978 9202
f 3247 539 5188
f 539 3247 4936
f 2451 1012 3254
f 2756 2759 1053
f 330 10929 2511
f 1728 4698 5468
f 4160 3285 3714
f 5191 966 965
f 4160 1772 3281
f 3280 840 3282
f 3283 7590 1775
f 3285 3281 11191
f 3285 5751 2513
f 1777 4162 5752
f 1778 5752 6477
f 7723 6924 5753
f 5753 6924 2517
f 3296 6858 3289
f 7018 6477 4168
f 6858 3296 6857
f 5197 7592 3290
f 390 97 4170
f 5201 5758 7410
f 2765 3730 9197
f 5760 2765 1784
f 5760 5756 9871
f 7802 4297 6860
f 7412 6926 7208
f 8048 3303 7211
f 3745 2775 7031
f 8517 7033 5774
f 5776 6506 24
f 5480 5781 1806
f 5781 3331 5774
f 7624 7623 3756
f 7825 6639 10928
f 11216 8613 5800
f 4730 7639 3354
f 6528 2362 5810
f 907 5810 2362
f 6532 7286 6946
f 7294 5814 5492
f 4512 6642 10126
f 7385 4740 10936
f 7842 9119 5318
f 5837 6694 5338
f 3371 5843 8490
f 6152 5845 8231
f 6877 3382 10313
f 4749 7744 9246
f 5364 4232 4321
f 8144 6575 6161
f 5506 1833 10600
f 5861 9171 6160
f 6830 5378 11472
f 10532 2839 9399
f 6295 5869 11499
f 5869 6295 4762
f 4888 4762 6295
f 6174 10320 3401
f 3405 5870 10840
f 5870 5887 10840
f 3809 6177 6178
f 9724 4813 6228
f 3407 4813 2550
f 5872 6182 5873
f 1111 9725 3408
f 9725 1109 3408
f 6654 1109 9725
f 6268 4769 5567
f 4772 5877 6980
f 9725 4584 3411
f 6654 3411 1192
f 4547 5878 4962
f 4853 6346 212
f 3461 11376 3876
f 11376 3461 10861
f 10425 4400 7972
f 437 5881 1206
f 2915 1117 5390
f 3413 8370 5390
f 4880 4879 1121
f 3107 5882 1120
f 3107 1120 5391
f 3613 2181 5391
f 1125 2555 5884
f 3831 6206 4794
f 7093 9344 11186
f 3418 1852 7756
f 5885 7526 4790
f 2557 4762 4555
f 5513 5512 6899
f 1134 4337 5888
f 9713 9522 6888
f 5584 1887 1133
f 3835 9798 4798
f 9798 3835 7757
f 1136 4238 4237
f 3419 5889 3903
f 5890 4633 2842
f 3421 1143 10511
f 1976 1144 9628
f 4557 506 3129
f 4803 5537 5591
f 5892 4804 9913
f 7135 7099 448
f 7870 7133 448
f 5396 2562 6221
f 5396 1145 1898
f 1145 5597 1898
f 5895 4900 10300
f 10300 2965 4807
f 4807 6219 10300
f 2981 5898 5899
f 5424 10512 5960
f 4241 5901 2563
f 5901 5902 2563
f 1151 4914 1152
f 4914 7982 9419
f 8293 2563 5902
f 5904 7981 3428
f 3428 4809 10793
f 5904 3428 1153
f 5905 10818 5514
f 4563 10793 1903
f 1903 8243 4563
f 4563 8502 5029
f 2121 8502 4346
f 4343 9419 10350
f 2565 4344 10271
f 4810 4344 4007
f 2565 4007 4344
f 5906 10841 3583
f 2869 455 1158
f 2872 4815 7984
f 4815 2872 3430
f 6905 4565 2870
f 2870 10093 9923
f 10093 2870 4565
f 5545 2876 1161
f 1161 5907 5545
f 6229 2873 7984
f 2872 7984 2873
f 3430 2872 5544
f 5402 5549 7536
f 2567 5909 3433
f 2568 5404 8868
f 2569 4570 10165
f 5403 4570 10469
f 4571 6232 2571
f 4568 5402 7536
f 5909 2567 11156
f 3440 3439 11312
f 5406 2990 10418
f 2990 433 10418
f 6245 7537 3441
f 4574 3448 3441
f 1184 10729 5407
f 9802 5913 9632
f 2816 3445 8731
f 2575 4245 2890
f 6986 2895 4939
f 11222 4939 2895
f 2993 2895 6986
f 10813 2896 9156
f 1924 5667 5409
f 2009 3447 5916
f 4393 5916 3447
f 3447 5410 4393
f 9395 5062 4393
f 5917 6838 5410
f 6048 5917 5410
f 10684 7148 10487
f 5058 4019 11400
f 3535 434 2627
f 2576 4951 3534
f 3817 2627 3448
f 2820 5918 10589
f 5432 1184 1301
f 1185 4846 4847
f 3449 5919 11267
f 1186 5919 1300
f 143 8161 1186
f 4579 4578 5921
f 1866 5921 4328
f 4776 2902 4332
f 4332 2902 5923
f 4399 3451 555
f 5924 2027 4583
f 5521 1190 3452
f 5521 10835 1190
f 2579 5519 5925
f 3453 2579 5925
f 5642 1191 3411
f 4962 5878 4961
f 2580 4961 9365
f 4587 9868 8946
f 6265 5640 3454
f 1193 7566 6987
f 7154 10593 7873
f 3455 6738 436
f 7457 4862 7544
f 9534 10934 6989
f 1195 4588 4333
f 3456 9536 2062
f 9444 2062 6744
f 4590 3104 10842
f 5929 477 1323
f 2584 4589 3464
f 3595 10513 4864
f 3462 2585 6898
f 2585 3462 9705
f 3104 4590 5930
f 3466 5575 4593
f 1320 3827 11169
f 7877 4249 5934
f 9548 6994 4868
f 5934 4868 6994
f 5934 4249 5932
f 3469 5935 10657
f 9548 1211 4598
f 5935 3469 9849
f 4597 1211 9548
f 8751 6276 7121
f 5934 6994 7877
f 7877 5938 4249
f 5939 1211 1210
f 2588 4598 5936
f 10844 5938 3470
f 2588 3470 5937
f 5939 6661 9138
f 821 4629 5940
f 3826 5140 6200
f 5140 3826 1212
f 4418 9791 7878
f 4998 4999 4418
f 5942 7878 9791
f 1220 6287 3474
f 4238 4599 5889
f 1222 8367 6995
f 2812 4764 10473
f 5513 2814 11446
f 3482 5534 9710
f 8198 443 1975
f 1140 5945 443
f 5891 3422 6299
f 9653 3488 3487
f 5947 3991 3914
f 5946 1895 5947
f 6900 5659 3573
f 3130 1236 4800
f 10796 198 507
f 6726 9369 7881
f 3517 8752 5121
f 7882 1237 4660
f 2849 2850 10515
f 508 2560 9801
f 3492 5949 10816
f 5950 4900 5895
f 6841 5895 6998
f 6013 10091 10173
f 10167 2854 2853
f 3426 6219 9122
f 4266 6309 5952
f 4266 5952 1897
f 1243 2974 7461
f 1988 8298 4607
f 3494 10536 1244
f 10195 5604 7773
f 7462 4377 10601
f 7143 1988 5601
f 5957 5956 11119
f 520 4911 3496
f 4911 1993 6729
f 4609 3496 5600
f 4255 5958 2608
f 4905 5959 4610
f 1147 11176 7759
f 1256 1148 2856
f 1166 1908 3498
f 3499 10502 4242
f 3500 8263 5609
f 5908 5961 3841
f 1257 5908 8170
f 5908 1257 5961
f 11425 8371 4611
f 3500 4611 8371
f 3925 2858 9549
f 6716 8552 5962
f 10008 1265 1166
f 3503 4256 5963
f 4256 2869 1264
f 10141 6656 4917
f 1267 3504 5107
f 3505 5964 5965
f 4823 1268 5966
f 4615 5967 2882
f 3506 5554 4387
f 11028 461 4244
f 3852 2618 3507
f 2618 5968 3507
f 3512 4926 3507
f 3508 4616 4926
f 3512 3507 5968
f 4924 6322 532
f 1274 3508 533
f 4616 10606 3507
f 5616 1913 4928
f 3512 3513 4926
f 4259 4926 3513
f 4259 11346 2002
f 4397 3510 3514
f 1913 5616 1278
f 8265 1278 5970
f 2994 10516 1280
f 2993 6986 6303
f 3861 5974 4620
f 3519 5559 5623
f 7106 9728 4621
f 6732 9371 3520
f 7147 5976 4544
f 9202 5978 5979
f 5871 5978 2622
f 7147 6392 5976
f 9412 5976 6392
f 539 5980 5384
f 3588 675 545
f 9800 4623 5981
f 11223 2009 9101
f 3941 3525 7887
f 5983 3000 10237
f 3000 5983 3001
f 3001 5983 11274
f 5631 4945 5983
f 6022 4258 3528
f 3530 2626 9545
f 7001 3472 7563
f 11258 2019 4463
f 3535 2627 5984
f 8245 5984 2627
f 4944 5918 2820
f 5985 1301 5918
f 1301 5985 5432
f 7520 3538 6344
f 5640 1307 5987
f 1307 3950 5986
f 4587 3454 4957
f 3541 4962 10480
f 5875 3541 3598
f 1192 1191 4585
f 10440 2580 4585
f 3542 6666 4959
f 6738 4624 7153
f 3546 4626 2028
f 5992 5437 3875
f 10481 11268 2034
f 3029 10623 5994
f 6356 1318 5996
f 9805 6357 2648
f 3552 6198 6199
f 9115 4409 6667
f 7466 1206 5998
f 9860 5999 4974
f 4974 1321 3553
f 6000 3555 1322
f 1323 2650 4631
f 477 3556 2650
f 6002 224 8509
f 6668 2047 5653
f 6668 5653 1328
f 2659 4991 20
f 4993 4041 10305
f 3965 6004 7788
f 6004 3965 4041
f 1338 6075 3547
f 3045 3547 6075
f 4995 2641 2658
f 1339 2658 2642
f 598 3975 3976
f 3977 4997 598
f 3567 4633 5890
f 1344 3567 1137
f 493 6214 4633
f 598 4997 2064
f 4635 5658 5005
f 5008 3801 1347
f 3801 30 1347
f 3572 3131 3573
f 1367 6011 7716
f 9127 6180 4640
f 5896 1146 11171
f 3578 8007 10517
f 7005 642 2115
f 3067 5024 7005
f 5024 3579 7005
f 10759 11334 1984
f 452 4812 5035
f 5541 126 4267
f 4267 657 11461
f 10427 4268 6013
f 3584 4644 4645
f 658 6014 3584
f 6013 4268 10091
f 6017 5051 10444
f 2681 3077 3157
f 6019 5711 3586
f 6020 2134 3587
f 6020 6021 5669
f 675 11284 545
f 5669 6021 5136
f 6393 6395 7007
f 5449 10499 7470
f 8561 4971 4281
f 3166 4281 6355
f 2686 697 5065
f 9361 5066 8399
f 6023 5451 11393
f 5451 4271 534
f 7471 4258 6022
f 7463 7577 6022
f 698 4078 6023
f 2687 4647 10519
f 6026 5679 5074
f 4405 9714 7008
f 7008 9714 10659
f 10176 3012 5639
f 2691 3096 5080
f 1941 6850 9133
f 6850 1941 3596
f 5454 3953 11262
f 5453 5641 5454
f 5641 5453 4648
f 2913 9541 6027
f 6029 5684 1424
f 1424 5684 3099
f 3099 5684 3100
f 1428 3601 715
f 4981 1434 10272
f 4275 6031 1329
f 4275 1329 6365
f 9420 6405 5085
f 5085 6405 7780
f 5741 6033 10883
f 1441 722 6034
f 722 1441 11493
f 3036 1440 6456
f 4436 5092 3108
f 10282 1442 3607
f 6036 4676 3608
f 4676 6036 4677
f 2695 6037 3109
f 2696 1444 2695
f 10282 1444 10182
f 6289 3902 10420
f 1884 5455 1445
f 5096 1445 5455
f 3563 6038 3562
f 3038 6039 7091
f 9912 4442 9195
f 4278 5104 9857
f 5614 2987 3618
f 5458 2729 4444
f 5613 1450 5458
f 3120 4053 3621
f 3120 3621 2190
f 4279 3620 11430
f 3042 11430 587
f 536 4390 10850
f 2211 9794 9909
f 5119 3127 9196
f 6421 9794 2211
f 3626 5015 2559
f 11403 9557 3628
f 9557 11403 3627
f 10932 6042 6044
f 4662 3632 6046
f 4692 2223 4663
f 4662 763 764
f 5129 4664 8511
f 765 4453 6050
f 3699 5130 9558
f 5130 1484 3140
f 626 3140 1484
f 10827 3141 1485
f 1502 6465 4067
f 11151 3641 4457
f 6048 4842 9642
f 4842 6048 5410
f 3160 6050 4453
f 10444 6050 3160
f 10462 3160 6049
f 3160 6017 10444
f 5138 5046 10284
f 3585 10284 3642
f 6052 6051 577
f 6052 10277 6051
f 6055 1942 3646
f 1942 6055 5718
f 6053 3644 3165
f 6051 11040 3165
f 5675 7577 5072
f 701 3091 6610
f 8012 7564 4282
f 3453 6056 2718
f 6028 4283 4590
f 4283 6028 5079
f 2718 4283 4963
f 2634 4963 4283
f 2304 9109 1546
f 3176 11392 2308
f 5465 1436 1556
f 5741 1556 6033
f 10459 1557 4095
f 5460 4669 6058
f 4669 5460 2720
f 4670 4669 3657
f 6058 4669 7474
f 7474 4466 6058
f 1198 6059 580
f 7474 4989 3179
f 7474 4670 4989
f 6062 8407 5151
f 3662 7896 3660
f 5461 10488 1562
f 3661 1562 3187
f 5461 3662 10488
f 5153 4101 3663
f 7185 7184 3665
f 8754 10584 2721
f 8029 7011 6450
f 7011 7897 4286
f 6450 7011 4286
f 6065 5735 2270
f 5463 4469 3201
f 1572 1573 6459
f 3200 4469 5463
f 4469 3200 1573
f 6067 9385 5693
f 4676 11041 723
f 1572 5693 5736
f 5693 1572 6067
f 5736 1573 1572
f 5689 1574 10414
f 1574 5689 3107
f 4651 1441 10520
f 8887 723 7900
f 9792 6069 3203
f 5165 3206 582
f 6756 3672 9792
f 1581 4655 868
f 5738 868 2729
f 1580 8869 5166
f 5164 5166 8869
f 868 5738 10040
f 3671 6070 1447
f 7377 6756 3668
f 11235 10491 3207
f 3672 10491 11235
f 1582 4679 9106
f 3040 6071 2732
f 2334 2732 2054
f 6071 2054 2732
f 2732 5099 3040
f 4986 6466 6404
f 6466 4986 4411
f 6404 3654 4292
f 6438 4292 3654
f 6438 4089 4292
f 4685 1669 5740
f 3235 5740 1669
f 2740 4688 11500
f 4688 1967 11500
f 2740 1670 4133
f 10588 2741 8250
f 5419 6074 6855
f 2655 983 8575
f 2742 6076 3690
f 6076 2742 6075
f 6075 2742 4689
f 3045 4689 1672
f 7547 8000 5181
f 563 5181 5180
f 6757 3696 3697
f 512 5747 3698
f 7172 1692 6077
f 6077 5466 7172
f 2682 9107 5625
f 9107 2682 3701
f 4294 5625 9107
f 5978 6922 4478
f 1484 6922 4294
f 3699 1694 5130
f 2132 6392 7147
f 4691 3700 9412
f 10423 4692 10521
f 2007 6257 6079
f 6257 2007 4693
f 3150 3155 1614
f 1402 1772 4160
f 1772 1402 85
f 4161 2512 1651
f 3715 4699 2511
f 5192 6080 9679
f 3282 1777 7591
f 5755 6477 5752
f 219 1764 5198
f 1781 7200 1982
f 3294 1078 1080
f 6083 3300 10808
f 844 3 6482
f 7206 7904 7906
f 6086 1786 4701
f 6770 9729 7208
f 6628 9917 6862
f 7912 10524 4706
f 7413 3742 10993
f 1796 9786 7413
f 3742 7413 9786
f 3742 9786 10028
f 9578 9919 7810
f 5234 7612 9198
f 5774 7033 1806
f 7730 5477 6869
f 5479 4723 5781
f 3331 8519 4493
f 5480 1806 9383
f 3342 7490 6113
f 5788 8222 9147
f 9147 2784 5262
f 6113 7254 4305
f 5788 5262 6116
f 7932 6938 6684
f 8417 8699 5791
f 6637 5795 2786
f 6118 7934 5487
f 6689 2786 6118
f 9627 3762 11086
f 5489 9630 5281
f 8422 4508 7047
f 2790 1089 6794
f 4506 7502 4307
f 6126 4506 6129
f 6129 5294 3770
f 5301 9327 10251
f 3769 8096 4739
f 2792 4739 8096
f 5494 5307 2792
f 5828 6807 3774
f 6807 5329 3774
f 7301 5330 5329
f 5825 4515 7431
f 3775 3774 7949
f 7742 5323 10761
f 1823 5502 5334
f 1824 8284 6149
f 9456 6145 3777
f 8774 7440 4747
f 6696 6697 8128
f 8780 6148 4747
f 3779 1095 2799
f 4314 10526 3782
f 2799 10526 4748
f 7436 3779 1827
f 10101 6150 7953
f 8540 9572 10700
f 7745 7744 7513
f 7685 8351 4224
f 9077 7064 8928
f 4753 10893 3388
f 4753 3789 5359
f 8970 5359 3789
f 4754 2545 4532
f 3792 1833 4754
f 5506 4754 1833
f 6575 3795 3392
f 3392 1099 6160
f 6160 6161 3392
f 1834 1836 10831
f 6161 6160 3797
f 3397 5861 1099
f 5367 1836 1837
f 1839 6166 7078
f 6169 1851 7753
f 63 2812 6170
f 10473 6170 2812
f 1127 4761 2549
f 1104 10852 4761
f 4762 2557 5869
f 3802 6171 11499
f 2596 10432 10510
f 5944 3401 10510
f 424 2839 9201
f 9417 1855 7970
f 3801 3803 11
f 6173 2811 5532
f 4763 5532 2811
f 6173 11 2811
f 11 3803 2811
f 6169 2811 3803
f 10258 4556 11293
f 10017 6174 5944
f 65 63 1853
f 3805 2595 3482
f 1856 3482 3804
f 4251 65 1131
f 1857 6211 7391
f 1971 428 9381
f 3807 6175 2949
f 6176 2868 5905
f 6228 3809 9724
f 1860 10168 5383
f 6379 3842 4327
f 1367 4837 3575
f 4837 1367 3445
f 6012 9622 4639
f 4640 6180 432
f 10229 5977 5385
f 3811 197 6704
f 44 6596 6704
f 7112 4829 4846
f 10003 5516 10353
f 1914 3442 10589
f 6983 2627 434
f 6983 3441 3448
f 6184 10853 3533
f 6185 4580 1866
f 11398 3005 11335
f 3868 3818 2022
f 6339 2022 3818
f 6186 1870 4330
f 4771 6187 5517
f 6344 4772 7520
f 7520 2822 10424
f 3821 4330 1870
f 6186 3823 10528
f 1870 6186 10528
f 4771 2553 4773
f 6187 4771 4773
f 10501 10832 1110
f 3821 6188 49
f 3410 4774 7866
f 4774 3410 5518
f 4548 2823 1111
f 1111 4584 9725
f 4584 1111 2823
f 4584 2823 4403
f 3411 6654 9725
f 2552 10127 4776
f 4856 5988 11350
f 7520 4772 2822
f 2821 10854 5638
f 2825 4583 3822
f 9390 8545 4332
f 4776 4582 2902
f 4769 5518 9398
f 144 6189 4330
f 6189 6186 4330
f 3823 6186 6190
f 6190 6189 4964
f 6186 6189 6190
f 3452 10301 4955
f 9727 6193 6192
f 1306 1308 6194
f 5522 6194 1870
f 4849 9727 6192
f 4773 10529 3824
f 4779 7080 11459
f 4550 9534 3460
f 11478 1313 1194
f 3460 9731 6579
f 5414 10425 7972
f 6201 4782 3825
f 5649 6197 4781
f 4781 3826 5649
f 3826 4781 1212
f 10530 1319 1876
f 6201 5649 3826
f 4782 6200 2829
f 223 9084 8403
f 3960 8403 5524
f 2918 6197 5649
f 6197 6358 5417
f 3024 5649 6201
f 4782 4592 3825
f 1115 11342 4972
f 2696 6202 1880
f 2935 5526 5095
f 9407 5525 1879
f 9787 1881 4334
f 5096 5455 4786
f 4277 7130 6411
f 4277 4786 11289
f 4788 8366 3614
f 9140 4552 2832
f 2832 4552 440
f 4554 4789 2837
f 6837 1127 440
f 6205 6172 9231
f 4793 6593 6887
f 6593 1851 6205
f 6837 4761 1127
f 5886 3404 4761
f 4791 1102 5885
f 2557 5394 3802
f 426 6171 3403
f 6205 9231 6887
f 1855 6593 4793
f 10532 10581 6655
f 5531 7970 4793
f 4785 2838 6887
f 7093 11460 7096
f 4795 3831 6655
f 7093 7096 7092
f 6439 157 2048
f 9856 1222 6209
f 9856 6208 2840
f 64 2840 1130
f 8367 4543 2594
f 6208 1130 2840
f 6209 6208 9856
f 1130 6208 1885
f 3480 6209 6711
f 5584 6210 1886
f 6211 10432 4335
f 66 1132 9418
f 4797 8548 3833
f 1132 3834 8548
f 10426 8548 3834
f 6213 10426 3834
f 3480 5888 10426
f 1886 3835 5584
f 10534 6370 3833
f 2844 2841 5535
f 5535 2841 11175
f 4765 6214 1136
f 6214 4765 5585
f 4798 5583 3835
f 5584 3835 10535
f 3420 1859 2088
f 6297 4339 616
f 4339 2845 109
f 6175 10792 2949
f 7454 3421 7453
f 1236 5590 9688
f 446 3057 7980
f 1895 5659 1894
f 5659 1895 2955
f 5536 4802 11502
f 7455 3425 10536
f 5537 505 1143
f 505 5537 7529
f 2849 7870 4890
f 3486 9831 11270
f 447 1990 10537
f 4606 4807 2965
f 4904 10816 10874
f 5662 4423 5423
f 6220 6307 9421
f 519 6221 2562
f 9475 8549 516
f 2970 6222 7460
f 2854 6013 10173
f 7772 5596 7100
f 6219 10728 5895
f 5895 10300 6219
f 3499 1254 4913
f 11037 5539 5897
f 5539 451 5897
f 1899 10219 10466
f 5551 1149 5899
f 5898 5611 2985
f 2612 2611 2859
f 4916 1900 3501
f 6731 3842 1860
f 6223 7560 6224
f 10467 6224 6889
f 6224 10467 2550
f 9002 10502 1151
f 8293 7533 5397
f 5397 2563 8293
f 6225 7982 4561
f 1152 9002 1151
f 7533 7761 6225
f 10841 77 2610
f 5903 9989 6226
f 3843 1155 3844
f 3844 1255 3843
f 7101 4381 10458
f 5514 10818 3809
f 6223 6224 429
f 2860 7761 1154
f 4562 4810 3429
f 8550 1155 3843
f 5514 6227 4003
f 4810 1386 3429
f 1154 3429 1386
f 2564 9631 453
f 126 5541 1861
f 2866 1861 5541
f 5540 7762 10836
f 2866 5540 10168
f 1861 6379 430
f 6379 1861 2866
f 4812 4813 3407
f 3407 4811 5034
f 5514 3809 6227
f 6228 6227 3809
f 4571 9525 2986
f 1264 2869 10538
f 4817 10662 11320
f 2876 4923 1161
f 1161 6229 5907
f 6229 1161 2873
f 10093 3431 9923
f 6603 4816 7986
f 4816 5398 6230
f 11042 1169 3438
f 1160 10662 6231
f 7104 6237 1157
f 10093 7986 9758
f 2566 4386 10539
f 1907 1909 1267
f 1163 4824 10634
f 3439 10634 4824
f 2877 5109 458
f 3440 458 5109
f 1164 11527 5548
f 11299 4384 4922
f 5963 3434 5403
f 3503 2568 10613
f 3434 5963 1264
f 5908 10794 8170
f 9129 4569 3841
f 3841 4569 9159
f 6234 10468 10817
f 1908 6715 3498
f 3498 6715 8263
f 5609 6715 2879
f 6235 10428 4820
f 1166 2856 10428
f 5424 5960 8552
f 4349 9803 1253
f 2880 9136 4350
f 4350 192 6318
f 4820 2570 6235
f 1166 6235 10008
f 2989 2566 7374
f 5426 2989 10096
f 1160 6231 3849
f 3438 6595 6594
f 6718 6237 7104
f 6237 11177 7987
f 6594 7105 6981
f 9651 9538 6890
f 9861 2882 5967
f 4823 5966 4615
f 2882 5554 3506
f 1268 9784 2988
f 458 3440 11266
f 4351 128 9366
f 460 6238 6595
f 1909 4826 6718
f 7105 6595 11027
f 1272 1910 6239
f 7721 6241 11063
f 7 6242 8188
f 464 4575 1302
f 4575 464 10435
f 1302 2819 1173
f 6242 7 7151
f 4828 3850 3946
f 3442 10471 5972
f 6243 3815 10418
f 3851 2991 9900
f 2991 3851 3934
f 2573 9900 1174
f 6245 5910 7537
f 433 5910 6245
f 3441 6246 4574
f 1913 1912 5407
f 6246 3441 7537
f 7537 5910 7146
f 5910 2990 7714
f 3442 1914 10540
f 1274 7538 4616
f 6247 6183 533
f 11436 5154 1176
f 5912 6248 11338
f 2886 6249 3854
f 6249 3444 6248
f 2886 4835 4831
f 11338 3444 7991
f 4260 5560 4935
f 4935 2620 4260
f 5913 7541 4260
f 4260 9983 5913
f 9632 5913 9983
f 9632 2621 3524
f 1284 1283 6251
f 1918 6251 1283
f 2999 6250 3855
f 7107 7990 2604
f 11044 7989 7783
f 6844 6253 7111
f 5557 7764 10103
f 1917 2574 10220
f 4837 1920 3575
f 4836 3858 6254
f 2605 5661 2102
f 4836 4354 3858
f 5977 5976 5975
f 4639 9622 6255
f 6255 9622 3575
f 9889 9887 3576
f 6892 1920 6735
f 4837 3445 6079
f 1693 6892 6735
f 2816 2890 4245
f 4836 5661 8295
f 4354 4836 8295
f 2894 9591 11264
f 134 9151 6596
f 4262 4261 2711
f 83 3446 3939
f 4356 6893 2711
f 1926 6018 1399
f 10487 5133 6736
f 9182 3587 10022
f 4459 4429 3865
f 3534 6243 2576
f 2576 6243 433
f 4577 1928 3812
f 6183 3812 1928
f 3005 10051 5516
f 3866 6260 11451
f 4577 4767 6260
f 5637 6185 4847
f 5564 1185 4847
f 1300 6184 3533
f 3449 6184 5919
f 5637 4577 4398
f 4398 4577 6260
f 5920 5919 1186
f 4581 11339 2900
f 3867 4579 5921
f 4581 5921 1866
f 6261 5565 5982
f 5565 6261 3450
f 3450 10024 5565
f 4768 1292 3868
f 142 4848 678
f 4849 6192 10832
f 6187 10528 5517
f 3821 1870 3820
f 3821 3820 6188
f 3408 7113 3869
f 8946 470 7765
f 3870 6911 2828
f 470 2828 1929
f 6264 6265 4851
f 4852 11170 11271
f 2027 11170 2630
f 2577 10291 1190
f 6262 1189 6191
f 11157 10860 4246
f 9649 5411 6263
f 6267 1934 6437
f 4855 9117 6436
f 6436 708 3872
f 1935 2717 5925
f 6268 2717 1935
f 4962 5875 4547
f 3823 1934 1868
f 6267 1868 1934
f 1867 1868 6267
f 2904 5568 4959
f 6268 5567 2904
f 5520 4855 11045
f 10092 4855 5520
f 9204 11394 1307
f 2581 51 10099
f 4850 51 2581
f 3544 3874 4968
f 1313 9353 10457
f 3875 5437 10457
f 471 5571 7545
f 7116 7084 8973
f 90 7996 7117
f 1196 3412 5570
f 3881 7997 7998
f 7996 8973 7117
f 7376 9583 6659
f 3019 5414 2582
f 6272 3880 10541
f 9914 6272 3458
f 2907 6598 3459
f 11503 6839 9553
f 9367 9526 1940
f 4263 3554 10542
f 3884 3885 9367
f 1202 3556 477
f 3556 1202 2912
f 3027 3462 3028
f 1200 6028 4590
f 10605 1200 2585
f 9435 10869 9652
f 4863 1941 1201
f 218 6274 476
f 3463 6274 2914
f 19 2914 6274
f 5931 5930 2718
f 10550 6057 7152
f 3886 841 8015
f 98 1872 50
f 3021 4972 2684
f 2684 2284 3021
f 3887 3021 2284
f 1205 6992 4865
f 4865 6992 1942
f 8440 1207 4628
f 4249 10543 3467
f 5932 4594 2915
f 4975 5576 1116
f 2916 5576 2919
f 2921 4975 5650
f 6667 4409 11158
f 5649 3023 2918
f 4868 2919 9548
f 1209 9548 2919
f 5932 8370 5934
f 2918 3023 3889
f 2587 3889 3023
f 5577 5575 3466
f 5933 480 11396
f 8404 6277 10169
f 1321 1207 6277
f 3888 6276 3892
f 9860 8246 1943
f 2925 10503 2924
f 3470 5938 5937
f 6994 5937 7877
f 8751 3892 6276
f 4780 4870 8
f 2925 6278 11273
f 3893 6278 6605
f 480 10795 7549
f 10981 10053 4869
f 6280 1944 4976
f 10844 3470 5440
f 1944 7768 4976
f 3895 7768 11340
f 10810 3889 3894
f 3554 4263 3894
f 4263 2651 1945
f 1945 6279 4263
f 4875 10795 4873
f 6661 5939 1210
f 2923 7396 7459
f 6360 4361 101
f 155 10263 483
f 9084 483 9580
f 5941 3472 2928
f 5634 1213 4877
f 5941 6840 1213
f 6284 1215 4878
f 13 4573 4818
f 3473 1959 10431
f 1956 1217 3899
f 1219 2935 1218
f 4362 7126 492
f 1220 3475 6285
f 1964 6285 3475
f 4880 3901 4879
f 5581 2937 3977
f 4783 6286 7128
f 6410 6287 1220
f 9906 7975 3111
f 7975 9906 7769
f 9811 7769 9906
f 6288 3474 9791
f 1121 4879 5882
f 3978 1120 3049
f 3902 6289 3976
f 4797 6370 3979
f 3051 5583 4798
f 1965 4798 9798
f 1887 11145 11175
f 4337 10534 3833
f 6214 493 1136
f 4238 1136 493
f 3904 8396 867
f 4651 8566 8003
f 4885 227 4886
f 4886 1968 8004
f 1129 1223 11168
f 6171 11491 6294
f 1106 2939 9717
f 4889 9717 2939
f 2812 2597 4764
f 4764 2597 3836
f 63 65 2597
f 6212 10432 6211
f 1133 6210 5584
f 6210 1133 9713
f 4363 7391 3419
f 9510 3905 4368
f 6888 1224 3832
f 3480 6213 6209
f 3832 6995 8367
f 3905 5533 1857
f 6212 6211 1857
f 2941 5585 5512
f 4326 2814 5513
f 9710 3805 3482
f 3805 9710 4600
f 9717 4600 2843
f 2064 6296 3481
f 1137 6005 1344
f 22 2946 499
f 1138 6298 1891
f 6298 618 3908
f 3908 618 619
f 7098 1858 3806
f 3909 1973 1141
f 2947 5945 3910
f 1975 1107 1233
f 9653 1234 3488
f 2954 7880 10633
f 5589 9098 10978
f 5538 7758 1234
f 4891 5586 5538
f 8199 3421 10511
f 2600 6299 3422
f 6009 4892 10474
f 2953 5659 6900
f 5659 2953 5588
f 6009 8397 3912
f 5043 6301 6300
f 6300 8206 5043
f 6301 5420 4420
f 2956 5947 10252
f 3912 4253 4252
f 3490 2211 5121
f 5121 3127 3517
f 9911 3517 3127
f 6986 1281 6303
f 6726 4893 9369
f 2993 6303 4893
f 4894 4620 10821
f 10556 6304 3990
f 4894 3990 6304
f 4375 2972 3491
f 10515 3491 2972
f 4805 11038 4897
f 4897 6727 3425
f 7135 5593 4607
f 8005 6215 2963
f 5591 4370 8505
f 5591 8505 4803
f 10515 7870 2849
f 7870 10515 7133
f 2850 2601 3491
f 448 3915 7135
f 5593 7135 3915
f 10536 3425 6727
f 3494 5954 4558
f 4802 4898 7710
f 2963 6305 8005
f 7136 750 70
f 9880 6747 9179
f 7109 1365 8006
f 6307 4899 5023
f 9421 6307 5023
f 4266 1377 6309
f 4900 7100 10300
f 1984 5444 3917
f 10413 1389 5024
f 3918 4373 3578
f 2966 4901 3493
f 7885 4604 1898
f 2855 1898 4604
f 5597 8383 4605
f 4605 9229 10483
f 6999 518 11206
f 11206 518 10362
f 79 6311 517
f 6311 5906 9173
f 1247 9122 2608
f 4902 2608 4606
f 3919 6220 5602
f 6312 1242 4906
f 3920 6220 3919
f 6312 5602 6220
f 6221 5951 5396
f 5951 4254 1145
f 5396 5951 1145
f 6317 1145 4254
f 2853 6222 6729
f 4904 5599 3492
f 4904 4374 4380
f 1377 7139 6309
f 6312 5423 1242
f 4896 3915 7133
f 5601 1988 5593
f 1989 3921 9206
f 9206 3921 1987
f 2971 10505 11119
f 4375 6314 2972
f 1243 1244 6727
f 11038 8298 7558
f 1243 7712 6842
f 7712 7461 7140
f 4905 4610 1245
f 7138 7141 4380
f 7142 4906 1242
f 4376 3922 4906
f 5604 1991 9654
f 3497 4376 7142
f 4907 4376 3497
f 7143 5958 6730
f 2976 4377 7462
f 2962 10195 2961
f 520 4609 8299
f 6314 8234 2972
f 4896 2972 8234
f 1987 5607 9206
f 5607 1987 1993
f 2971 5956 9207
f 1987 4910 1993
f 4910 1987 6315
f 6316 3923 1986
f 6313 1986 3923
f 3923 6315 6313
f 9351 3840 6316
f 6315 3923 10005
f 6316 3840 3923
f 5958 7143 1247
f 1992 9207 4254
f 4912 8398 5956
f 1247 4379 3426
f 4903 519 4379
f 4909 4609 5600
f 4254 9207 6317
f 6902 1248 2969
f 1248 4255 4902
f 5959 5952 6309
f 5952 5959 6902
f 2606 7775 11345
f 9136 2979 77
f 2610 77 2979
f 2981 4561 7982
f 4560 1151 11037
f 2979 2980 2609
f 5425 2609 2980
f 4611 5609 6234
f 1256 3501 1900
f 5610 1148 1900
f 9498 9387 1165
f 2982 4612 5961
f 4612 2982 4915
f 4425 7144 10863
f 11147 4327 3842
f 40 4327 7144
f 7101 8371 4381
f 4381 11425 8506
f 3428 2859 4809
f 1260 9088 2266
f 9173 5906 3583
f 2881 4350 11178
f 11312 11178 6318
f 4565 6905 8787
f 7534 4382 7983
f 5550 1265 4382
f 10008 4382 1265
f 4347 4256 3503
f 3930 1167 10538
f 3928 9650 5552
f 451 3929 6904
f 10864 1262 9803
f 9633 4351 5964
f 4919 6319 4825
f 4825 6319 9366
f 1907 1267 2000
f 6320 2987 5614
f 2987 6320 3432
f 5109 6321 10231
f 8264 4384 5967
f 2615 2697 4278
f 5106 10142 4922
f 4922 4384 5698
f 9408 728 8264
f 5105 1215 6284
f 4278 9857 2988
f 6236 4573 13
f 4573 6236 11043
f 3437 11043 3931
f 1168 3931 4386
f 3931 11043 3849
f 6236 272 11043
f 4386 3931 4821
f 4924 532 3934
f 3934 4617 3509
f 4617 3934 532
f 1174 9900 6906
f 5969 3511 9797
f 9797 2992 6322
f 532 6322 2992
f 5427 6399 4927
f 5615 6906 4258
f 3513 4619 8553
f 2003 4619 535
f 4619 2003 8553
f 1277 3510 9424
f 4617 2992 1296
f 6323 3512 5968
f 3513 3512 4619
f 6323 4619 3512
f 3511 5969 5617
f 4259 1276 3508
f 6324 8266 3509
f 5615 5427 4927
f 8399 4928 9422
f 10540 8265 10471
f 7537 7146 6246
f 6328 133 11047
f 6326 3936 6843
f 3937 6327 10577
f 1279 3516 11224
f 4661 11453 3058
f 4931 3076 6843
f 275 6329 3126
f 3126 6329 3518
f 3937 3518 2995
f 6329 6618 2995
f 2700 7882 6325
f 9389 3520 5619
f 8384 10545 2996
f 6259 6258 11179
f 6258 10429 11179
f 6259 1279 9178
f 5621 2997 9983
f 9961 2620 4935
f 5623 4621 6734
f 10545 9389 2996
f 3937 5555 5618
f 3936 6326 3522
f 2998 5622 5621
f 7111 3855 9372
f 3524 7562 9802
f 6472 6331 2441
f 5625 5624 2682
f 5624 9889 2892
f 3810 9081 6256
f 3859 6332 4839
f 4838 2007 6079
f 4938 6331 6472
f 539 4936 5980
f 6331 6182 6181
f 6596 44 199
f 2009 5916 6665
f 11102 2009 11223
f 4355 1290 9156
f 3939 4943 6657
f 4841 1181 6333
f 9592 6665 5916
f 10866 6908 5062
f 2900 4940 3867
f 4941 9793 6261
f 10033 10237 3000
f 3526 3940 11180
f 3527 4394 3940
f 3002 6334 5982
f 5982 7576 6261
f 2900 11339 2010
f 3941 7150 5984
f 5630 9156 10197
f 3940 4394 10197
f 5627 2012 6335
f 6336 6335 2012
f 4396 2012 3942
f 5627 6335 1181
f 6333 1181 6335
f 2897 3939 6657
f 6657 4943 7151
f 4396 1865 2012
f 3527 3526 4329
f 5985 4944 2623
f 5432 5985 11274
f 5631 3817 4945
f 8508 3527 7889
f 4928 5066 5616
f 8265 10546 10471
f 5971 2625 10496
f 4950 9102 3532
f 484 4949 6283
f 9499 484 1949
f 10587 5077 9103
f 7777 9103 10849
f 550 4946 1213
f 5941 1213 4946
f 3472 4947 2928
f 5580 2928 4947
f 4949 9951 7564
f 8013 6337 8267
f 8267 8507 11265
f 6910 7892 9545
f 2019 10057 5636
f 10057 5633 8012
f 5636 8012 4079
f 3172 11150 11160
f 5984 7150 3535
f 6339 3005 5516
f 3945 3816 10527
f 3819 4951 7150
f 6242 7151 6340
f 3850 6242 6340
f 3946 6340 3003
f 4943 3003 6340
f 1865 6336 2012
f 2899 5564 4328
f 208 2395 2023
f 6341 3007 4399
f 2630 7565 2027
f 3871 6344 6343
f 6343 3538 1304
f 6344 3538 6343
f 3871 4954 2902
f 5923 2902 4954
f 5452 2638 4955
f 1189 11269 6191
f 1419 10176 5639
f 3949 4958 2637
f 7464 4965 5643
f 5987 5986 11166
f 4958 10174 9172
f 3949 6353 10867
f 3539 10868 2631
f 1308 1306 2028
f 3546 2028 2631
f 4400 10425 1933
f 1309 6348 144
f 6189 144 4964
f 5925 5519 1935
f 5568 5566 4959
f 3598 5988 4856
f 50 9699 6349
f 2029 6349 3597
f 4402 3597 6349
f 4402 4401 4648
f 5641 4648 4401
f 3541 5875 4962
f 5081 10440 4585
f 5925 6056 3453
f 4963 2634 2579
f 2634 5434 4403
f 3011 2635 5642
f 6057 2636 7152
f 144 6348 4964
f 6348 6350 4964
f 6190 4964 3173
f 11166 4967 5987
f 3009 6351 6737
f 5986 6345 11166
f 3951 4956 558
f 4956 3951 6345
f 3951 2030 6345
f 1312 8301 3014
f 10270 4965 8402
f 6352 10270 8439
f 5644 6352 5646
f 10593 5989 6987
f 3875 3012 4966
f 9353 4404 8554
f 3545 560 6737
f 8204 5452 5990
f 2638 3955 5436
f 7464 5643 3543
f 5644 5645 9180
f 7465 4624 3949
f 6353 5990 212
f 6353 3949 4624
f 5990 6353 6738
f 4407 6706 4406
f 5569 4247 11197
f 4357 8546 1193
f 3544 4968 4407
f 2643 6354 7552
f 6354 2643 5438
f 2035 5438 10481
f 5438 2035 6354
f 563 5180 4408
f 1393 5647 4969
f 2643 3019 5438
f 2582 5438 3019
f 10481 11401 11268
f 11268 7375 3018
f 4408 473 563
f 6272 11457 3880
f 4627 7400 3959
f 1316 2041 3549
f 1316 1315 4627
f 9732 3555 6000
f 6000 1322 9138
f 1315 3549 6740
f 6740 6845 9461
f 5996 6053 6356
f 6356 4972 10973
f 10973 4972 11342
f 10973 11342 5390
f 3887 6355 10039
f 6835 11443 10039
f 9537 6275 11181
f 10530 4973 2039
f 6357 1117 11017
f 1117 6357 1318
f 1319 3827 1320
f 10973 1318 6356
f 5996 6357 9805
f 4629 6282 9751
f 9953 223 8403
f 3960 6358 10810
f 719 479 3890
f 4630 1321 5999
f 4409 5999 1943
f 11275 2916 3413
f 437 1206 7466
f 10286 437 3025
f 1321 4630 1207
f 4595 4596 9115
f 3026 6741 9962
f 6741 3026 8404
f 4976 4977 6359
f 7768 3895 4976
f 4978 3895 4650
f 6359 6280 4976
f 6360 6030 7472
f 6360 2927 4361
f 2927 6360 7472
f 2911 8262 3028
f 6739 3959 6361
f 10869 5648 6739
f 1202 477 3465
f 1323 4631 3029
f 9435 6722 8014
f 8014 10869 9435
f 4977 9636 8165
f 8165 7567 1940
f 5651 4978 4650
f 2040 483 9084
f 6052 577 7573
f 2046 6362 8460
f 3031 5656 4413
f 4413 3964 1525
f 3964 4413 8302
f 1525 3031 4413
f 6432 5656 3031
f 8509 577 9851
f 1524 9134 1327
f 7569 7401 5654
f 7180 9673 10870
f 6668 4632 9593
f 4632 2652 7792
f 10263 155 2043
f 4985 7579 5653
f 5087 7781 1328
f 5653 5087 1328
f 3033 2043 4985
f 6364 7579 4985
f 6364 4985 2043
f 8459 6365 7569
f 6365 1329 6002
f 2713 4412 5083
f 4412 8302 3034
f 8302 4412 578
f 3034 7004 5655
f 8302 578 3964
f 8460 6362 6847
f 3658 6059 1198
f 4885 6406 227
f 3606 3560 2727
f 60 10274 10250
f 581 7890 3039
f 3671 2730 11448
f 6366 3966 3415
f 4992 9140 11485
f 5884 3966 1125
f 2051 11182 3829
f 1124 7393 2834
f 2555 8018 2837
f 7089 4787 1883
f 3968 5098 9106
f 6071 3040 6412
f 3967 6412 3040
f 6070 2053 6755
f 8023 3115 4652
f 5738 3669 5737
f 232 5182 6367
f 3044 3972 10743
f 3044 3973 2059
f 4996 1339 983
f 4995 2658 3690
f 3690 6076 4995
f 6076 1338 4995
f 6073 4996 983
f 5114 3974 2062
f 1339 4415 3622
f 3046 2660 8166
f 5534 9512 10872
f 598 4338 3975
f 5418 8268 11427
f 599 5418 11427
f 6288 6368 3475
f 1964 3475 6368
f 3474 6288 3475
f 6370 4635 3979
f 6296 2064 4997
f 3406 6296 9124
f 1344 2662 5657
f 5004 4634 3978
f 601 4635 10482
f 5005 5658 3980
f 10472 3980 5658
f 5582 3981 10873
f 10873 10058 7770
f 4881 6290 600
f 5582 10873 3051
f 10439 2065 5582
f 5001 6288 9181
f 9181 9791 4418
f 10873 2661 10058
f 6848 3980 5442
f 2661 10873 3981
f 2065 4999 4998
f 5006 11332 4362
f 2936 4362 11332
f 4110 10798 604
f 1347 5007 5008
f 5007 1347 611
f 5010 2077 496
f 10790 2086 2699
f 501 2815 5012
f 3054 5012 1357
f 7159 11495 2847
f 10082 2847 11495
f 3988 5587 10493
f 8019 6009 5013
f 5587 3988 8019
f 5013 10511 505
f 3989 11495 7159
f 445 247 7159
f 6371 3989 7159
f 2667 5014 6008
f 6300 6301 3989
f 5588 6299 1894
f 8405 1894 6299
f 1895 1894 10252
f 10252 1894 8405
f 10252 8405 9744
f 9909 9794 1976
f 2559 9794 3626
f 9794 2559 1976
f 446 6302 4895
f 5590 6423 8556
f 8556 11277 9628
f 1976 9628 9909
f 4010 5044 4892
f 4637 3572 2955
f 3573 6010 6900
f 2955 3573 5659
f 5946 3914 4637
f 6041 4661 3058
f 11403 3628 3994
f 2095 6215 8005
f 10776 5661 2605
f 4452 626 5126
f 1366 2101 3062
f 6179 9622 6012
f 6179 1368 6011
f 7716 6011 1368
f 6254 3858 6374
f 5020 6374 3858
f 2551 8241 7448
f 6891 5873 5558
f 10268 7162 7991
f 8021 9907 8557
f 256 2105 1690
f 2677 1983 10352
f 641 5022 1375
f 3067 6376 9163
f 10816 3999 10874
f 1985 10874 3999
f 1985 3917 2114
f 4424 6377 12
f 8008 4342 3068
f 7163 4269 3075
f 5950 5040 6310
f 5027 3070 1249
f 3070 5027 11390
f 3581 4001 8313
f 6227 452 7006
f 5029 2121 4005
f 10078 10004 10059
f 4006 5038 4007
f 4006 4007 2565
f 1386 5664 1154
f 4005 4269 6383
f 5033 10059 4009
f 5033 4009 9391
f 1384 4811 7762
f 4811 1384 9736
f 8559 11036 1389
f 5037 2967 5031
f 4269 6385 6383
f 3075 1388 5039
f 3075 4269 1388
f 2968 4008 2967
f 5031 2967 4008
f 5037 6384 5598
f 311 6618 275
f 3914 5946 5947
f 3991 4012 3914
f 667 6386 3916
f 5043 10048 6386
f 5421 5420 1395
f 5420 2957 1395
f 9869 6386 667
f 2957 3994 1395
f 3994 2957 9869
f 6388 8303 544
f 3864 8303 6388
f 2680 1924 8560
f 3864 3078 10495
f 8560 1924 3078
f 2680 3586 3080
f 2680 6019 3586
f 5053 7166 10484
f 5053 10484 8308
f 2129 4014 9374
f 6387 9094 672
f 10253 6387 5054
f 6387 5048 5045
f 3158 5135 5049
f 7166 1523 4013
f 5667 3080 2896
f 5667 1924 2680
f 5668 10507 10161
f 3081 5917 5052
f 6048 5052 5917
f 3158 10214 11167
f 11167 4015 3158
f 7469 1398 5050
f 10551 6391 4016
f 8560 3078 5056
f 4017 5626 5467
f 197 3811 2891
f 5467 2745 4017
f 5136 2683 5669
f 5063 5669 2683
f 5563 4018 5058
f 9392 5058 4018
f 676 5059 4020
f 325 4020 5059
f 5134 6429 2683
f 5061 5671 679
f 7007 1401 6393
f 6394 6393 1401
f 4848 6396 678
f 5449 2900 2010
f 9392 4018 4430
f 10478 2011 10499
f 9143 5063 10498
f 9143 10498 676
f 7470 10499 545
f 11253 5057 1401
f 6394 1401 5057
f 9392 5670 10485
f 4281 2282 8561
f 3647 3646 6397
f 7708 3646 1942
f 3168 6397 8561
f 1410 10364 202
f 3591 10865 3086
f 6398 3088 1414
f 3590 5673 2016
f 5674 3089 3590
f 9511 5674 664
f 5632 10479 10546
f 5970 5616 2150
f 5067 10774 2619
f 4431 1414 3088
f 10865 3591 8266
f 7463 3528 3591
f 11393 6399 5427
f 534 6399 5451
f 1535 5068 1413
f 5142 5719 5632
f 5632 2150 5142
f 4028 11455 9425
f 702 5069 11434
f 11434 5069 2154
f 5720 6400 10877
f 10266 10877 6400
f 10266 6400 4078
f 10877 10266 8013
f 5677 7405 5676
f 5069 702 8562
f 8562 702 4432
f 3092 8562 4432
f 7405 8562 3090
f 6434 1416 7167
f 1416 3593 7167
f 5071 2151 4948
f 9638 8563 9425
f 10322 9209 6024
f 6401 5068 1535
f 9540 8510 6401
f 9413 5676 8564
f 10098 4029 8461
f 4433 9413 8564
f 4274 6025 4432
f 4647 3092 6025
f 4433 6026 5073
f 5073 6026 5074
f 5073 5074 5076
f 7182 3093 2018
f 5680 551 9210
f 8011 6337 3004
f 8507 6337 9423
f 6188 6347 10549
f 3010 4400 6347
f 1870 6194 3820
f 3820 5681 6347
f 5681 3820 6194
f 4777 3824 2631
f 3598 3541 3096
f 6402 3096 3541
f 6402 3595 3096
f 10878 3595 6402
f 4030 1421 4031
f 6027 4032 2163
f 2163 2580 10440
f 5682 3954 2633
f 3954 5682 5081
f 5079 2635 5434
f 2635 5079 5433
f 8305 5574 2914
f 5453 8305 1421
f 6403 6027 10440
f 10480 4032 6402
f 3541 10480 6402
f 10605 5433 5079
f 9367 1940 6437
f 9367 3173 3884
f 6350 4033 10542
f 4033 6350 6348
f 2651 10542 4033
f 3465 10878 9541
f 9705 5573 3097
f 6403 3097 5573
f 1435 3557 2653
f 5655 6914 8464
f 5084 8016 7572
f 3602 7570 6032
f 4276 6365 8459
f 6743 6032 7570
f 4276 6405 3105
f 6031 4275 10845
f 5087 3896 1951
f 1949 6364 1950
f 6364 484 7579
f 7579 484 6283
f 6033 9812 10883
f 11077 10883 9812
f 1436 5465 10824
f 4675 2726 6034
f 2726 10450 6034
f 7709 5089 4038
f 4365 2938 6406
f 5090 6406 2938
f 2694 11300 8565
f 2181 1574 3107
f 7709 5690 5089
f 2592 7709 4038
f 4436 5690 3476
f 10726 5092 3478
f 4651 10520 8566
f 723 8887 3608
f 5093 3108 6456
f 3108 5093 6407
f 1440 11025 2178
f 11025 1440 4037
f 1442 10282 3611
f 3611 724 6035
f 724 10879 6036
f 6035 6036 3608
f 6037 4438 5692
f 4438 6037 2695
f 6202 2696 3109
f 4677 10879 6408
f 5736 4784 6409
f 6725 6409 4784
f 6409 3110 3201
f 724 10811 10879
f 6408 10879 4783
f 6287 228 438
f 3201 3110 5094
f 104 5095 4236
f 5095 5526 3610
f 1443 4236 4439
f 3610 4439 4236
f 3107 5689 5882
f 1121 5882 2180
f 6285 3112 9832
f 5529 4041 5530
f 9547 3114 3113
f 2833 9641 2052
f 4041 5529 10305
f 6038 3563 10552
f 3114 10552 10664
f 5096 4277 8306
f 6366 4992 1446
f 3965 1446 4992
f 4041 3965 5530
f 6411 3564 5097
f 7787 6412 3967
f 6412 7787 8306
f 3965 7788 1446
f 5737 5456 3969
f 6413 3966 6366
f 6414 1124 3115
f 10560 4471 485
f 4679 1582 4440
f 6415 5696 9965
f 3040 5099 5696
f 4043 6321 1462
f 8406 10825 4047
f 4048 3116 4047
f 4048 5101 4044
f 4044 6418 4048
f 4048 6418 3617
f 3617 6418 4049
f 6418 4441 5105
f 5548 11527 9126
f 5698 10826 4045
f 9408 4046 728
f 728 5698 4384
f 10410 5104 4278
f 4385 10555 4049
f 1907 2000 1450
f 4919 5613 6319
f 3504 4920 5107
f 6321 8208 10306
f 10880 2186 10509
f 2186 2731 6416
f 9211 4656 5163
f 2188 10306 2183
f 1451 10306 2188
f 1581 4443 7473
f 4443 3205 4472
f 6417 5104 9211
f 4444 3118 5458
f 2188 2185 1451
f 1462 5109 2877
f 6321 5109 1462
f 9715 2056 10356
f 6419 2189 4052
f 5111 3121 3620
f 8307 3620 3121
f 3121 9100 5704
f 3120 2191 4053
f 2191 3120 5704
f 5110 6419 4052
f 6419 596 1459
f 3565 4279 588
f 3565 5111 3620
f 2058 6367 3122
f 6367 2058 232
f 2061 5745 9644
f 91 4445 3878
f 4657 5705 3879
f 584 3900 1216
f 1043 2200 2205
f 2198 2072 7131
f 5116 2275 311
f 5706 9557 3126
f 9557 10119 3126
f 275 3126 10119
f 3938 4933 3058
f 5707 5118 2210
f 4448 3572 4637
f 3572 4448 3993
f 5706 2210 5118
f 5118 2094 3628
f 2094 5118 3060
f 5121 2211 5123
f 3127 5119 9911
f 5120 4058 623
f 2701 3128 1977
f 10556 1477 6304
f 3129 6422 3130
f 3129 506 6422
f 9909 5123 2211
f 8556 6423 9196
f 4449 1237 9804
f 1237 3131 3993
f 3573 3131 6010
f 5016 4448 6424
f 5124 5044 4010
f 4012 6424 3914
f 2098 6760 625
f 5708 756 7193
f 4114 7172 4136
f 5125 5714 4451
f 6425 278 5709
f 5709 4452 5126
f 4452 5709 278
f 5125 4451 5710
f 6046 763 4662
f 4638 5712 2131
f 9501 5127 3139
f 4016 6426 3141
f 2131 10827 4638
f 3996 1593 10260
f 6427 5170 10739
f 8567 9967 7173
f 9908 1483 4453
f 9908 9967 2224
f 766 764 765
f 2735 5129 8511
f 6428 1483 8024
f 6050 10444 9955
f 4477 2226 3701
f 4294 6373 626
f 3632 6045 8034
f 6045 3632 6044
f 3633 3141 6426
f 5187 5188 3633
f 10564 4665 4638
f 4638 4665 5712
f 2223 5187 10302
f 6078 10521 10442
f 4692 997 2223
f 769 5131 629
f 4069 5132 2251
f 1506 5132 2252
f 190 9712 5175
f 530 2270 2269
f 5735 2269 2270
f 6760 2098 1020
f 8569 8025 7148
f 10161 5133 10487
f 5134 6430 6429
f 6615 4020 2712
f 325 6429 7175
f 5134 4015 6430
f 4015 5134 4072
f 5135 4072 9182
f 5052 6048 9642
f 3158 4015 4072
f 5715 3159 6042
f 4073 5137 5047
f 278 6425 4428
f 4073 6425 5709
f 6425 4073 5047
f 5715 5447 5714
f 6431 5714 5447
f 5137 5714 6431
f 6049 6428 2129
f 5055 6389 5138
f 5055 10284 10302
f 6363 577 3644
f 6055 3647 7791
f 8309 5718 6055
f 4460 10445 2283
f 9963 5716 8570
f 10445 8570 5716
f 9593 4632 7792
f 3163 4667 8236
f 8236 3645 2045
f 3559 6362 7009
f 1526 8310 5717
f 5717 6355 3887
f 4629 821 6282
f 1947 6282 3167
f 2039 1524 1946
f 3168 2282 6616
f 687 3169 9779
f 5721 1415 4272
f 2150 5721 5142
f 2150 5066 5721
f 8022 8563 6398
f 4078 6400 6023
f 3592 6023 6400
f 7577 5675 698
f 5720 11039 5450
f 5719 6434 7578
f 836 10848 11150
f 10395 4081 2716
f 7567 708 6436
f 1940 7567 11447
f 6437 1940 11447
f 850 10447 4434
f 11392 3176 2307
f 2739 3651 2311
f 2176 11154 2174
f 5190 2752 3275
f 3235 1669 4088
f 3178 4088 1669
f 4686 4089 3178
f 6438 7182 4089
f 4090 7182 6438
f 551 7778 4090
f 2319 1994 2318
f 5145 3655 4091
f 3655 5145 5147
f 6439 1557 7010
f 2320 4095 1557
f 1557 10459 7010
f 7010 10459 3180
f 5150 2978 3182
f 1994 2319 3182
f 866 5146 2319
f 5145 4094 5147
f 4094 5722 11141
f 9663 5723 3181
f 5723 9663 7793
f 5722 9663 3181
f 5460 11051 1559
f 7474 4669 4670
f 1558 10636 10558
f 5148 10437 4670
f 3657 1558 5148
f 10558 5148 1558
f 3658 10437 6059
f 5724 6059 5148
f 10459 10828 4466
f 4096 11051 10828
f 6060 2050 10557
f 5725 5146 4099
f 2324 4097 10559
f 4100 10559 4097
f 4100 1561 5149
f 6062 6441 5149
f 5149 10804 6062
f 4098 6061 3185
f 10994 3186 4098
f 10488 3660 6061
f 4671 6061 3660
f 4099 7183 3188
f 7407 4100 6441
f 4101 5153 7407
f 7407 6441 4101
f 6443 3187 9514
f 670 6443 9514
f 3187 6443 3661
f 3662 5461 4467
f 5461 1562 5727
f 6444 3661 6443
f 6063 1565 5726
f 7407 5153 6063
f 6445 1564 5152
f 465 6446 11498
f 4102 131 4103
f 1564 6445 2326
f 3664 3189 4104
f 1564 2326 4104
f 6445 4103 5728
f 5155 1565 10838
f 8571 3665 1568
f 6446 465 9099
f 3190 1916 6447
f 1176 6447 1916
f 5729 1176 5154
f 8573 9235 5729
f 7185 3665 8028
f 4673 1569 8842
f 1569 1567 9847
f 6448 8573 3853
f 8029 7188 9569
f 4286 3666 6450
f 5157 2330 11052
f 10920 5462 11287
f 5731 7795 5159
f 5159 7188 7586
f 6453 7899 8031
f 7898 7584 4108
f 5733 3195 8463
f 1272 5734 2617
f 3195 5734 2884
f 1571 6453 8031
f 4674 7014 4827
f 6240 2269 5735
f 2269 6240 9656
f 3667 5735 6065
f 3197 5735 3667
f 3199 6065 5042
f 6065 3199 10971
f 2178 6456 1440
f 3608 4676 723
f 2332 4675 228
f 5094 228 4675
f 3201 5094 11492
f 2332 6410 3612
f 6921 867 7900
f 4688 4133 6470
f 7015 7190 6457
f 4047 10825 10560
f 4440 10987 10056
f 8406 8172 11029
f 2187 10083 3202
f 7719 11505 1580
f 1580 3669 7719
f 2188 10880 2185
f 3203 6460 3668
f 1577 3668 6460
f 4109 3206 5165
f 868 9830 1579
f 725 6755 9144
f 9144 7574 5164
f 3207 10491 1336
f 7788 6004 5694
f 6004 4993 582
f 5694 6004 582
f 9106 4679 3968
f 8033 6461 5694
f 10054 741 238
f 9145 4680 9958
f 4061 4680 1593
f 9806 10882 8034
f 1695 6078 2222
f 2228 6464 1288
f 6464 5171 4270
f 3213 10806 891
f 5172 2747 10443
f 3677 1604 3215
f 913 8313 2367
f 2367 3221 796
f 4118 4473 1005
f 2370 1703 370
f 923 2373 1620
f 371 9111 6763
f 2412 6674 2416
f 6404 4292 5084
f 6404 5084 4987
f 5084 4292 6748
f 3235 4687 10562
f 981 10562 4687
f 6404 6466 3654
f 11077 3654 6466
f 11077 6466 10883
f 5741 10883 4411
f 1669 4686 3178
f 5075 4476 4687
f 5743 2741 8566
f 8002 8035 7901
f 3236 4135 8035
f 9560 3237 4134
f 6467 9560 10460
f 5179 6467 3238
f 6469 6467 3673
f 6470 4133 10489
f 4133 1670 10563
f 3478 4689 2742
f 4436 3476 3478
f 5419 6855 6073
f 4689 4250 1672
f 10839 5943 10862
f 10862 4887 2035
f 1672 4250 4366
f 5180 9146 4408
f 2060 5183 5184
f 4134 3237 5185
f 6367 4134 3971
f 2061 4994 3239
f 3044 2059 7798
f 10455 5744 11184
f 3697 3695 3217
f 1684 6757 3697
f 6761 3244 1689
f 4477 10561 5017
f 2441 10476 10423
f 2441 6078 6472
f 5467 1695 11431
f 4691 2132 10564
f 5626 4938 6472
f 5467 5626 1695
f 6392 2132 4691
f 539 2818 9561
f 4839 884 2007
f 884 4693 2007
f 1693 6257 4693
f 3860 5189 1364
f 6462 11200 2893
f 4479 4142 2460
f 819 11030 11136
f 2015 1716 9904
f 1642 11142 2751
f 4696 5748 2479
f 2483 3273 1741
f 1699 2757 1003
f 9854 5749 4122
f 5749 9854 8217
f 1712 10884 813
f 10016 4138 10417
f 410 5750 2469
f 2512 3286 5193
f 1728 5468 1773
f 840 3280 337
f 337 4159 410
f 5750 410 4159
f 1775 45 2761
f 4698 2469 5750
f 286 47 1777
f 5750 4159 5192
f 4159 3280 6080
f 381 4162 47
f 4167 11415 6473
f 3714 3285 2513
f 9505 378 6856
f 4161 9427 2512
f 6475 9427 4161
f 4162 381 6624
f 1777 47 4162
f 4163 10851 4698
f 3283 8408 7590
f 966 5191 3716
f 2515 2514 7723
f 7723 4295 6924
f 6624 1026 3717
f 9505 10566 10885
f 5191 9462 11343
f 9462 5191 10566
f 689 690 4165
f 3286 2512 9427
f 3286 9427 9562
f 6475 10886 9427
f 7196 6476 1776
f 9679 6081 5192
f 420 5194 3717
f 7591 10500 3282
f 638 7592 2112
f 56 2491 3721
f 4163 1779 10851
f 7592 638 3288
f 5195 1783 7410
f 5757 8037 5751
f 5199 5757 5751
f 1064 4481 7197
f 2515 2763 6474
f 1779 7196 10851
f 6476 1785 10886
f 2443 5754 258
f 999 10607 2443
f 9864 5754 10287
f 37 3723 999
f 7199 3718 10323
f 2517 8047 5753
f 1982 6082 37
f 3723 37 6082
f 10909 7018 4168
f 4170 6478 10177
f 97 2490 6478
f 4482 5756 5760
f 183 5204 6479
f 10086 10170 6479
f 4169 2518 6480
f 9197 3730 3298
f 7722 3291 10922
f 7594 10177 5206
f 1055 417 5204
f 3722 6084 5202
f 1080 10007 9817
f 3298 4702 1081
f 10974 8465 3297
f 4167 7414 6088
f 7202 10614 7203
f 10595 7201 8043
f 4176 4700 10222
f 3294 10567 10608
f 4483 892 6678
f 8051 6085 4175
f 2408 7596 9872
f 1787 8048 5212
f 2520 7593 2523
f 4176 9484 4174
f 8854 9484 4176
f 3733 1788 6087
f 6678 2229 8049
f 4178 3729 6769
f 10568 7212 9708
f 340 854 8053
f 7599 7908 7210
f 8047 2764 6496
f 8057 5219 1788
f 7804 363 10255
f 7603 10294 7909
f 6489 10903 7211
f 7599 4705 7908
f 8513 7909 5217
f 4485 887 6627
f 8579 4705 8580
f 7217 1792 1793
f 9947 3737 4179
f 9003 8061 5764
f 5227 3312 2770
f 9270 10569 7725
f 7482 8467 7225
f 6630 9154 10028
f 3318 11349 7811
f 9283 8219 3322
f 7232 5239 11465
f 4187 6102 6931
f 7034 8318 2526
f 24 6506 1018
f 6104 7035 7036
f 5774 4188 8517
f 6783 4713 7922
f 3328 2781 5777
f 7486 5244 10232
f 9274 5245 7924
f 7243 8795 8796
f 8472 2526 7923
f 3750 5250 3752
f 4192 3333 5252
f 7818 5252 3333
f 5784 7818 11405
f 5252 3335 4192
f 4499 5265 9619
f 8330 7623 3340
f 2781 6109 5786
f 6511 3751 8979
f 3751 6511 3336
f 8077 10618 8254
f 3336 6511 2784
f 2784 6511 11094
f 5795 6118 2786
f 8938 2787 9021
f 7932 6684 10907
f 8603 11231 10215
f 5262 10889 11073
f 10579 2787 6689
f 1086 1087 10983
f 8711 6519 6120
f 2533 8085 1809
f 10579 8606 2787
f 7383 9571 4731
f 5489 7502 9630
f 3354 11195 5802
f 5292 3355 6640
f 7641 11054 8620
f 2362 6528 9625
f 4307 5294 6129
f 7284 11071 7940
f 5300 9278 8238
f 7298 7835 7653
f 7654 1811 7299
f 5297 7840 8095
f 5297 6533 4735
f 5810 11409 9219
f 7283 5309 1813
f 6126 1092 1090
f 7940 5300 11237
f 1090 8631 6133
f 6642 8847 1812
f 6131 7943 10029
f 4739 4311 3769
f 10126 5814 7294
f 5814 10126 6642
f 4738 8629 10223
f 9532 4740 11237
f 6947 6944 4740
f 1814 6134 5815
f 5815 7054 5494
f 5815 5301 4513
f 5496 8847 6642
f 6136 2793 5307
f 5311 3363 1815
f 5311 5817 2539
f 7649 2539 8630
f 7057 6539 7296
f 5306 6539 3772
f 10233 10249 4212
f 8226 6531 10213
f 5315 10213 10571
f 7303 5317 8102
f 9670 7305 7057
f 7648 8632 7650
f 10936 5498 5497
f 6546 8425 6810
f 7505 8990 5824
f 5824 1093 5830
f 5830 1093 6545
f 6545 10646 5830
f 6144 5824 5830
f 7279 2536 6531
f 5824 6144 5826
f 3369 5828 3775
f 5828 3369 3366
f 6647 7434 4521
f 2796 7847 9523
f 7435 8428 8744
f 8490 3375 10026
f 11072 5502 1823
f 3370 5503 1823
f 5343 7851 6818
f 10651 8656 4526
f 7662 8392 8228
f 2798 8228 8392
f 6148 6146 4747
f 2542 10890 4222
f 7332 7333 8259
f 1097 4748 11515
f 6148 8780 6154
f 6650 6818 3379
f 3379 9222 4222
f 4225 5845 10890
f 10162 10573 8450
f 5847 10742 6562
f 6559 6155 7959
f 403 9700 322
f 5505 4316 10742
f 6568 32 2076
f 6155 6559 6154
f 5849 6152 3384
f 7680 7681 6701
f 5359 4530 10893
f 5359 10893 4753
f 9459 11031 1829
f 4316 5505 5852
f 7514 8240 5356
f 7514 5356 3383
f 6568 915 32
f 4230 3789 4753
f 3388 6571 4753
f 3789 4230 9067
f 3386 3792 4754
f 7749 9678 7747
f 4231 3391 4755
f 1836 1834 1837
f 1834 5857 9685
f 5365 3793 10948
f 3394 4757 4233
f 1839 5373 6166
f 3397 1839 5861
f 1839 3800 10575
f 8153 7342 1098
f 7366 7968 8153
f 419 2 8152
f 4235 7702 8673
f 7705 7698 9589
f 2617 2616 3932
f 155 574 295
f 224 1329 9125
f 6581 1251 189
f 376 377 2382
f 540 671 9514
f 52 842 289
f 4695 6583 1552
f 9097 6584 11233
f 898 1603 1604
f 6585 900 1494
f 6593 1855 1850
f 4778 7085 11260
f 4334 1881 5883
f 6887 9231 4785
f 103 11055 442
f 6745 1972 10433
f 111 442 9620
f 3430 4347 4815
f 7105 6594 6595
f 5570 6991 6896
f 1197 6896 6991
f 6600 43 527
f 166 2830 1969
f 9620 33 111
f 33 9620 110
f 10191 620 66
f 2946 22 173
f 1233 6601 9939
f 4369 3839 9098
f 7136 6728 9701
f 76 1979 1978
f 10008 4348 4382
f 528 9656 1910
f 8400 2998 9961
f 8508 9177 9436
f 6605 7400 3893
f 9941 4658 2057
f 10115 870 1969
f 31 9087 168
f 31 169 9087
f 4265 8558 4264
f 9880 9179 5018
f 635 257 36
f 6581 649 1251
f 654 10140 2119
f 1398 6607 9142
f 6608 9282 6736
f 136 6609 685
f 8564 6026 4433
f 344 216 147
f 4438 6749 4437
f 3115 2555 1125
f 489 4055 1957
f 115 357 6612
f 5127 9501 9558
f 321 4117 647
f 321 647 791
f 917 1260 4118
f 660 274 809
f 2270 530 662
f 2458 2382 1020
f 10374 1527 1405
f 1062 139 10764
f 663 6617 6604
f 2312 2310 4695
f 8212 1661 975
f 10054 238 2203
f 2995 6618 4389
f 9905 1623 3223
f 845 2168 2300
f 294 150 10347
f 962 9380 2409
f 10366 1657 1656
f 2427 3694 10829
f 3694 2427 2426
f 1766 6612 357
f 4479 6620 1022
f 6621 6752 6765
f 1512 9785 404
f 1062 2758 139
f 1066 3713 3274
f 6623 1769 10383
f 7479 10740 4700
f 7216 6680 4181
f 9885 4183 10760
f 4712 4490 10892
f 6779 7727 1801
f 7236 7232 6098
f 4716 8590 7922
f 3344 1807 6789
f 8254 5794 6637
f 10928 3765 8421
f 7290 10203 4510
f 5496 6642 4512
f 7505 5826 6645
f 6700 7680 3385
f 1196 9128 3412
f 9128 1196 5523
f 7868 1882 3416
f 6836 5393 4553
f 1855 4793 7970
f 4555 5886 4554
f 10468 6234 2879
f 9765 6656 2879
f 9178 7990 10201
f 8295 5661 1364
f 11222 2895 10023
f 6657 1183 466
f 7 1183 6657
f 4588 1195 7875
f 6750 1391 13
f 2113 11187 10164
f 6662 120 1242
f 7712 6663 6842
f 801 1258 1259
f 524 1260 917
f 3545 4967 3874
f 1328 6669 6668
f 1330 10604 5685
f 7178 1332 10578
f 234 3567 1344
f 2085 304 3906
f 8168 634 253
f 1378 12 646
f 2686 1413 5068
f 5456 3966 6413
f 4654 5164 8869
f 9985 8167 741
f 10508 7177 11456
f 2046 7791 7009
f 6671 335 6435
f 2312 4695 1552
f 2175 863 10380
f 864 1555 4086
f 8027 1566 4673
f 6066 8031 4674
f 864 1662 11488
f 5184 1671 10588
f 6675 1001 1000
f 1719 6676 1024
f 839 3228 10446
f 10193 959 2404
f 2485 1742 2483
f 2506 8192 1760
f 8192 2506 1061
f 5381 1769 6623
f 7194 4164 4172
f 7235 6100 6101
f 5255 9613 4495
f 4730 3354 6690
f 6689 6690 10579
f 9770 9982 9465
f 7304 3363 5311
f 4743 8646 9148
f 6143 5330 7950
f 9523 7327 6697
f 6697 6696 4313
f 7339 8881 9535
f 9754 8969 7854
f 1042 2933 6677
f 6703 1853 63
f 10854 5876 3822
f 4777 5522 6187
f 6705 11197 6706
f 2836 2831 6707
f 7086 6707 2831
f 8187 6709 6836
f 6710 3403 6171
f 6440 1126 1128
f 2656 1131 1854
f 6711 6995 1134
f 9798 7757 1135
f 1889 33 110
f 6716 8787 4819
f 1909 6717 8294
f 8188 665 4830
f 4834 6720 6985
f 7395 7995 3881
f 5573 6721 2912
f 10849 1436 7777
f 10824 7777 1436
f 6725 7879 10514
f 4885 4886 7552
f 4801 7161 2848
f 6727 1244 10536
f 4371 7883 9191
f 23 7528 1238
f 7717 3856 7110
f 3496 6729 6222
f 6662 1242 38
f 4808 1993 4910
f 6235 2570 10582
f 9185 11520 3932
f 2005 4930 6734
f 5618 1282 3937
f 5624 2892 7398
f 6735 6079 6257
f 6737 8402 4957
f 3544 3545 3874
f 3455 5990 6738
f 3959 6739 5648
f 575 9951 10297
f 576 1950 2043
f 7571 6743 11276
f 7573 8509 4988
f 232 2058 4658
f 4336 1972 7097
f 5010 1349 11100
f 248 6746 509
f 6746 2095 509
f 2108 10777 257
f 1985 2114 4899
f 3581 8313 912
f 11461 6382 5445
f 1396 1397 622
f 277 10518 5047
f 7575 3079 10484
f 6609 9137 685
f 86 2464 2750
f 709 11026 710
f 2183 3670 2731
f 264 6750 189
f 6751 5110 4052
f 3624 10054 2203
f 9985 2084 8167
f 2212 10397 250
f 8169 2117 1251
f 8171 1286 10781
f 8176 676 4020
f 3165 3644 6051
f 6622 1644 9994
f 8563 9638 2149
f 1427 5082 10366
f 715 342 11058
f 348 97 390
f 81 102 11141
f 4091 5150 8026
f 5160 7721 11063
f 10921 10490 7015
f 10757 10561 11314
f 259 785 11317
f 1596 6758 2352
f 6619 896 4115
f 898 1604 364
f 3217 1698 10387
f 2260 794 1616
f 11249 2380 815
f 3943 327 328
f 330 1636 937
f 940 826 2286
f 2739 713 859
f 3242 3245 6761
f 3244 6761 3245
f 1002 6762 1057
f 1707 920 3224
f 2375 9905 1007
f 2268 3224 920
f 1519 6764 1018
f 10422 10212 1639
f 6617 2403 6604
f 8214 2490 10403
f 3249 6762 1002
f 1760 8192 9854
f 3399 6677 1217
f 151 378 10885
f 7590 3720 6856
f 7907 8951 1081
f 10523 4178 8042
f 8052 2302 5210
f 6488 6490 2521
f 2309 338 7213
f 6491 7213 9674
f 7026 340 8053
f 10609 11185 6772
f 7418 4709 9742
f 8219 9283 11283
f 5230 10060 5229
f 3319 3744 5234
f 4301 2776 5238
f 8320 3334 8321
f 5785 8321 3334
f 8896 7620 5253
f 7624 10727 6933
f 6789 4501 8478
f 9978 9228 10597
f 6793 8084 3353
f 10181 8903 8420
f 9809 8710 8420
f 8185 6945 10202
f 9230 8336 5278
f 6796 9028 6122
f 1813 5309 7647
f 5305 8098 7296
f 7649 8630 5306
f 6805 11514 5324
f 6808 8102 5318
f 7949 5329 5330
f 5331 6811 8658
f 11214 8940 2800
f 6153 7064 7440
f 8996 5857 9661
f 9661 5857 6971
f 7746 3391 7693
f 6654 8291 8545
f 8294 6717 4822
f 4420 5421 9783
f 538 6844 9372
f 7002 6845 2646
f 3063 4766 5443
f 6179 6849 1368
f 2679 10789 6610
f 3156 1399 2681
f 7718 4940 2900
f 6070 6755 1447
f 10804 1560 11490
f 8572 8028 10584
f 5160 6853 2722
f 6855 6074 3690
f 10411 3708 3269
f 1775 6856 941
f 6857 7195 6858
f 7723 6927 8576
f 6859 8044 6625
f 1790 11059 4297
f 10626 3729 6680
f 5478 6869 5477
f 10640 6870 7734
f 5359 8970 5347
f 8379 8453 8494
f 8929 10949 10585
f 6593 1850 1851
f 1851 1850 7753
f 7784 8241 2604
f 8241 10229 4422
f 9436 2819 8508
f 4333 10861 1195
f 3830 4796 5527
f 4795 10602 1882
f 10894 581 7526
f 7978 4334 10856
f 2838 4785 4796
f 1925 11032 4356
f 1928 4577 5637
f 11398 11335 11344
f 4404 9353 11478
f 6896 4359 7766
f 7449 4551 7522
f 2908 6598 10541
f 6916 6900 9964
f 10474 9744 7160
f 6307 4374 4899
f 10875 7137 5596
f 5602 3922 5603
f 7558 7774 6903
f 1991 2962 5605
f 1899 4241 5397
f 5613 4919 1907
f 6906 5615 1174
f 1280 6907 2994
f 6907 1280 2958
f 4393 6838 9395
f 5429 6908 5628
f 7149 7888 1299
f 10037 10006 7156
f 3036 10726 9901
f 6750 320 1391
f 6916 2953 6900
f 2114 3067 5023
f 5664 9624 2865
f 5445 5032 3074
f 9377 552 2689
f 8015 708 2909
f 6919 7788 6461
f 1125 3966 5456
f 11235 6040 10083
f 3082 2130 2131
f 5713 8024 8247
f 3157 3156 2681
f 9963 8570 5672
f 5140 1212 7792
f 9137 686 100
f 5155 3188 7183
f 7186 5730 3191
f 5732 7408 4468
f 7408 5732 7475
f 7012 6920 11509
f 7015 6457 4437
f 4678 4470 1439
f 3968 4679 7580
f 1020 2215 6760
f 2451 3254 9741
f 6858 11343 3289
f 5761 6925 7902
f 5207 3724 7214
f 3724 5207 7479
f 6929 3307 8055
f 6773 5470 6861
f 8219 9215 3322
f 9198 7612 7918
f 8732 8518 6109
f 8273 4714 7037
f 10617 6934 4725
f 6112 2529 5254
f 8478 5268 11231
f 11231 6789 8478
f 5281 7268 5489
f 6945 7286 5813
f 10171 10202 6799
f 7290 4510 7294
f 7306 10598 2535
f 7430 7299 7839
f 3364 8107 8812
f 9667 6954 7665
f 6153 1825 4315
f 4531 7059 4534
f 6823 7960 11288
f 6971 10831 8495
f 10951 8495 5508
f 6592 6974 4756
f 3406 8244 3481
f 5876 6979 4775
f 10861 5879 11376
f 6710 3802 5394
f 6712 5892 9913
f 5900 450 10512
f 3441 6983 6245
f 4574 5407 10729
f 3444 6249 6984
f 7872 8010 4939
f 10729 3817 3448
f 4847 4846 1928
f 5928 9960 7874
f 2907 5416 6579
f 4588 6988 10897
f 6991 5570 3412
f 5929 4979 2584
f 11169 7120 1320
f 7878 4998 4418
f 6287 6410 228
f 6995 6711 1222
f 7134 6996 4602
f 4603 6997 1981
f 5953 7559 9874
f 6663 4905 9874
f 4920 3504 6238
f 3508 4926 4259
f 10847 2997 6326
f 5978 5871 5979
f 6399 534 7714
f 3529 1297 9397
f 3472 7001 4947
f 5991 2638 5436
f 5995 7123 7002
f 477 2650 1323
f 10006 9918 9737
f 6001 6742 4984
f 4988 8509 224
f 6073 3560 9901
f 6172 3803 5008
f 3578 5949 6308
f 1387 6381 7006
f 7006 452 5035
f 1299 10587 10283
f 7008 3594 4405
f 6029 8373 2738
f 5686 3602 5085
f 3118 5613 5458
f 10881 7171 3973
f 3644 8211 6363
f 5940 4984 821
f 11058 10368 9346
f 10379 3652 2176
f 5460 1559 9879
f 5733 2722 7477
f 7013 7014 4674
f 8313 913 912
f 10446 3228 1541
f 4128 10166 3687
f 5741 5459 1556
f 3237 5179 5742
f 1671 6291 10588
f 3269 2471 956
f 11290 7198 6082
f 8951 10007 7018
f 4173 6084 1782
f 10211 10523 10808
f 3298 3730 4702
f 6482 7201 8046
f 8465 2767 2519
f 11192 6680 7024
f 3729 10626 6769
f 7024 6680 3729
f 8053 8513 7026
f 7218 6487 5214
f 4706 9154 7913
f 7612 3744 5236
f 7235 8933 6100
f 6102 6101 7919
f 6104 8934 8794
f 8794 7035 6104
f 5773 7727 5775
f 4724 7246 8760
f 8523 4498 5482
f 6938 6936 6684
f 7493 5265 4499
f 2789 8609 7833
f 7050 7499 8961
f 7939 9451 6533
f 7054 5307 5494
f 5496 4512 9936
f 7305 6539 7057
f 6145 8774 3777
f 8773 3777 8774
f 2799 1097 1827
f 5343 7059 11278
f 8780 7064 7957
f 3402 4556 5887
f 40 6379 4327
f 5975 2818 5385
f 3064 5872 1864
f 3857 10477 5561
f 7079 4580 6185
f 3877 7084 5880
f 7542 3877 7114
f 7085 6195 7524
f 4549 6579 5416
f 7087 7096 7095
f 2835 7087 7095
f 2835 7095 6885
f 5528 8366 4788
f 7089 1883 6203
f 7977 7527 6170
f 7093 7092 9344
f 6207 6206 10533
f 7096 11460 7095
f 4336 7097 64
f 7098 1890 1971
f 4371 2963 11504
f 4370 7454 4558
f 11270 4341 7099
f 5892 5893 5894
f 7100 5596 9114
f 450 1899 9509
f 9002 1152 9631
f 3846 8550 3843
f 6602 1157 1262
f 1905 1261 1904
f 7103 10590 4257
f 11244 4828 4575
f 7106 1917 4835
f 5560 7108 4935
f 6253 7109 6252
f 7109 6253 6844
f 10003 2021 5516
f 10051 3005 11263
f 6270 7115 6271
f 7995 7996 6271
f 4857 1197 9544
f 7117 1938 3882
f 7117 3882 90
f 2905 1195 10861
f 7082 6196 6273
f 7118 6273 3883
f 3547 3045 11457
f 2912 6721 1324
f 3888 11158 6276
f 6994 4598 5937
f 9461 7123 10591
f 7123 9461 7002
f 5579 482 4650
f 10245 5417 10236
f 5417 5524 10236
f 3530 1298 7124
f 6677 2933 1217
f 3900 584 586
f 1219 492 2935
f 6286 7550 7128
f 9418 3979 9934
f 4885 3477 4365
f 6293 7552 4886
f 497 7131 2598
f 7098 3806 1890
f 66 9418 9934
f 3054 621 1973
f 7132 504 1974
f 2700 133 9804
f 7133 3915 448
f 8505 7134 4803
f 9442 2603 6996
f 2101 1365 252
f 6308 1241 11406
f 6999 3493 4901
f 3920 3919 4380
f 6727 4897 11038
f 6730 8298 1988
f 8947 7140 6902
f 7142 4376 4906
f 4609 5606 8299
f 1248 4902 2969
f 7560 8930 10711
f 8371 11425 4381
f 10475 3854 4833
f 2100 6844 538
f 6597 2888 4392
f 3863 10583 1923
f 1289 11383 468
f 6334 9403 8372
f 4395 3525 3941
f 11366 3941 7887
f 7150 3941 11366
f 5941 4946 3472
f 7079 6185 5637
f 4768 2022 2021
f 4399 6266 6341
f 2027 7565 5638
f 7152 2636 2904
f 7873 10593 6987
f 7155 146 3016
f 10209 9346 2645
f 2041 1316 5648
f 6723 6740 9461
f 7569 5654 8459
f 1331 8460 6847
f 4982 7715 10604
f 3671 3039 7890
f 7130 7158 6411
f 4996 2658 1339
f 5657 234 1344
f 599 10058 2661
f 494 607 9086
f 10419 1349 1352
f 5010 2664 1349
f 1352 1349 2664
f 11099 2426 2207
f 1231 618 444
f 10474 7160 5013
f 7160 8199 10511
f 7159 247 6371
f 3990 4895 6302
f 6746 1238 2095
f 3132 176 756
f 5020 8557 6374
f 5021 4545 7784
f 7162 5021 10104
f 5021 7162 627
f 8006 8021 5594
f 3998 257 10777
f 6997 4603 1372
f 3068 4000 8008
f 1995 3924 10361
f 1620 4682 1058
f 5034 4812 3407
f 7165 5035 5034
f 5032 6382 5036
f 8948 3139 11172
f 277 7469 3081
f 6398 3086 10865
f 5067 2619 10594
f 8311 10519 700
f 9209 11061 4027
f 9377 1303 552
f 410 2162 337
f 709 710 1653
f 9346 10368 2645
f 6840 6032 6743
f 8887 6854 9105
f 2190 3621 3043
f 2193 2058 4446
f 593 10438 1961
f 4059 5120 623
f 1479 7193 756
f 7173 765 764
f 6428 8024 5713
f 4066 7174 3148
f 1526 6054 11040
f 8310 4667 4074
f 1212 9593 7792
f 1946 1524 9414
f 10445 5141 8570
f 1407 4474 1639
f 11392 7181 3175
f 5145 8312 4094
f 10449 11141 5722
f 5149 1561 10804
f 1564 4104 3189
f 5150 3188 8026
f 6449 4105 5155
f 7186 7185 9569
f 8028 9569 7185
f 3193 4105 6449
f 2331 7189 7796
f 7406 6457 6458
f 4039 6854 5464
f 9594 768 6463
f 1608 2444 2359
f 3640 6759 2252
f 1668 1665 10454
f 4411 6072 5741
f 7129 4887 10862
f 2059 5744 5746
f 2067 1673 10898
f 3137 7172 4114
f 3244 3245 2433
f 884 7016 9594
f 5625 4294 6922
f 1060 2451 4141
f 6676 2293 1024
f 4694 1726 4126
f 3268 1730 9956
f 1729 956 1648
f 8213 2476 1737
f 6765 2483 1742
f 2484 1743 2420
f 4140 813 10884
f 1069 4157 4293
f 9092 4158 1849
f 9530 2760 2466
f 1776 10886 6475
f 3716 5191 11343
f 11343 9462 3289
f 4481 1064 56
f 7479 5207 7196
f 7198 3723 6082
f 6477 7018 9249
f 5756 10287 3291
f 3292 7799 4701
f 5203 3293 10319
f 3301 5205 10319
f 6482 7204 7905
f 10595 8046 7201
f 7214 2523 7593
f 6485 7411 4483
f 54 2408 9872
f 8051 5208 6085
f 4176 7205 8854
f 7906 6487 7206
f 9393 7206 9213
f 3726 9428 4175
f 7207 6770 7208
f 9174 4297 7802
f 7210 8052 5210
f 8052 7210 3304
f 7600 7598 9542
f 9428 3732 7212
f 5216 4705 7599
f 1792 7217 6089
f 8056 3308 10255
f 5219 8057 6091
f 9570 7221 5223
f 6930 9570 5223
f 7227 5228 6681
f 9270 3313 5472
f 8856 4486 7225
f 3315 4487 7226
f 6499 7229 4489
f 9283 8410 11283
f 9357 7231 1031
f 2775 7609 7031
f 3316 2775 3745
f 7811 7917 3318
f 4302 7234 4299
f 7621 8587 8589
f 5769 8954 8589
f 6102 4187 6101
f 8221 7242 8734
f 6106 1805 5243
f 7924 5245 8587
f 6934 8735 9010
f 3753 9383 8275
f 7728 4190 5478
f 5783 5254 2529
f 10254 8222 5248
f 6938 7823 7251
f 7253 7928 5479
f 6870 6788 7259
f 11090 8332 8415
f 7931 5269 10276
f 7826 9646 9781
f 5272 7270 7931
f 8225 6517 7270
f 5802 6690 3354
f 11153 6119 4198
f 6690 6689 7498
f 6691 4731 9571
f 8904 9455 7637
f 7643 9168 9230
f 6795 8622 8807
f 6123 10714 9550
f 10312 9819 9167
f 6529 8810 8338
f 7644 7286 6532
f 7289 8091 9588
f 9327 4310 9240
f 6130 9219 7646
f 7504 9240 4310
f 7291 9035 6951
f 8238 3361 5300
f 1812 7943 5493
f 6137 7296 8098
f 6543 6949 6808
f 3771 6134 5319
f 9739 6948 5313
f 5819 7298 7653
f 1094 7301 6643
f 5324 9599 8814
f 10249 4214 9038
f 6957 5827 10716
f 8815 10716 5827
f 7740 7309 8771
f 7844 3776 8536
f 6590 7058 7313
f 10648 8646 4743
f 7952 3775 7949
f 10719 3370 5832
f 6550 242 1353
f 5838 8819 7672
f 8775 6147 7320
f 3375 7308 10026
f 6553 7321 5340
f 6145 1825 8774
f 6557 7328 5839
f 8715 6819 11062
f 8969 6561 8881
f 6561 7066 9535
f 7077 6168 6155
f 6566 3788 10599
f 9446 6825 2803
f 8996 8831 9533
f 3795 5365 3798
f 4324 7364 3394
f 6880 10600 10000
f 10574 10891 5863
f 8841 7342 8153
f 7706 8456 7699
f 9789 10337 2530
f 1842 7193 2548
f 1843 2754 3400
f 3457 9536 3456
f 9536 3457 4248
f 4598 6994 9548
f 4898 2602 7554
f 2603 7554 2602
f 7775 3495 10601
f 3009 4957 3454
f 2641 7376 2642
f 11017 6846 3022
f 7569 6002 3032
f 674 1400 9642
f 6054 11161 3165
f 4654 11505 9153
f 8025 8569 5050
f 7584 4286 7897
f 5160 2724 6853
f 6756 9792 3668
f 3669 5738 2729
f 4699 4164 7194
f 4164 3715 8037
f 8755 10568 7912
f 3320 7224 3313
f 3321 7915 3316
f 7234 5473 9441
f 7381 8844 3747
f 7383 4731 8903
f 6872 7384 6805
f 7739 6810 8532
f 5497 6589 7385
f 3773 9150 8847
f 2794 7386 4520
f 6141 7058 6590
f 5343 6818 6650
f 4315 7388 7956
f 3791 8850 3390
f 2805 5860 4321
f 9073 5860 2806
f 5883 7086 4334
f 6707 7086 5883
f 2834 7393 6886
f 4340 2963 6215
f 11270 7099 5894
f 7101 6177 10818
f 2872 2873 5401
f 1179 8295 4937
f 9151 9591 6596
f 10853 4328 4578
f 9573 4358 9583
f 7997 7543 4857
f 7996 7395 7116
f 7995 7395 7996
f 10541 6598 2907
f 2648 7179 9805
f 5942 438 10514
f 4365 7129 2938
f 4250 4689 3476
f 8506 10458 4381
f 3500 8371 9281
f 2570 8787 6905
f 7398 4391 2682
f 7565 7399 2821
f 3875 4405 3594
f 7400 10175 3893
f 10175 4627 1315
f 4627 10175 7400
f 7401 3643 3962
f 3643 7401 3032
f 1364 10776 3574
f 7403 4265 3063
f 8558 4265 7403
f 4273 4458 662
f 1433 3103 3104
f 4437 7406 4438
f 10487 8025 10161
f 7009 7791 9386
f 685 10375 682
f 2978 9123 1994
f 4467 3189 9301
f 5730 7186 7795
f 3192 7189 5731
f 7587 11509 3194
f 377 6582 758
f 6856 3720 9505
f 4164 4699 3715
f 4482 3290 3288
f 9462 7410 5758
f 219 8040 413
f 10086 10974 10170
f 7902 6925 3300
f 7204 7412 5211
f 7412 7204 6926
f 2769 7215 6485
f 4177 7411 7215
f 4485 7220 8056
f 7220 3308 8056
f 7604 5222 6863
f 5222 7604 7222
f 6088 7414 7415
f 7415 11295 6088
f 8183 6494 8856
f 5225 9919 8871
f 11113 2774 2775
f 4489 8872 6499
f 5238 2525 4301
f 8896 10596 7620
f 3330 8374 8896
f 8590 4716 3752
f 7624 6933 4191
f 4496 6684 6936
f 5793 4304 5789
f 5265 8194 4500
f 5268 5266 10276
f 6940 6588 7630
f 4729 9752 8421
f 8960 8742 8279
f 7277 7425 5285
f 9597 4737 6527
f 6948 9821 1091
f 4511 8859 8770
f 3363 7304 4213
f 4213 7304 9489
f 7842 5317 8113
f 4523 4520 7386
f 7435 8744 6957
f 1827 6150 7436
f 6695 7319 8914
f 7439 6960 7437
f 8378 6960 7439
f 7437 8861 6962
f 4315 1825 6963
f 6650 4534 7059
f 4533 7343 8920
f 7960 9535 5360
f 7352 8363 7443
f 5507 9480 7751
f 7702 4235 11303
f 1891 1472 427
f 4545 9155 7448
f 11482 2554 2903
f 4549 5437 5992
f 8261 7522 4551
f 4786 7450 7869
f 2836 6707 7450
f 10602 4795 10581
f 5394 2557 7451
f 8018 7452 2837
f 4554 7452 4555
f 7452 4554 2837
f 7391 4363 1135
f 3422 7455 7453
f 7455 4558 7454
f 8188 3443 665
f 1922 1921 1179
f 6989 10897 3460
f 4979 4589 2584
f 6397 3646 10603
f 1205 4591 2647
f 7120 4869 11067
f 3048 5889 4599
f 6074 3478 2742
f 4898 7554 7710
f 7710 7554 5605
f 7885 2968 4604
f 3493 4605 2966
f 5954 3494 2607
f 1168 4386 5426
f 7463 6022 3528
f 7001 3529 4947
f 2820 5911 4329
f 4624 7465 10593
f 7400 570 3959
f 5998 9115 6667
f 9115 5998 4595
f 3162 7792 2652
f 10578 2654 3559
f 7178 10578 3559
f 7467 4414 9546
f 6670 11412 4640
f 9127 4640 7468
f 11412 7468 4640
f 2674 7468 2673
f 7468 11351 2673
f 7165 4644 3584
f 7469 277 6431
f 3077 674 3157
f 3587 11284 10022
f 2585 288 10605
f 7472 4649 8458
f 8366 11021 10052
f 7170 4655 7473
f 5113 3122 8870
f 3585 5711 4663
f 7177 10508 3164
f 5460 9888 2720
f 3664 8027 2721
f 8842 8754 4673
f 5733 7477 3195
f 7013 2723 7014
f 4827 9937 4674
f 6066 4674 9937
f 7478 3670 8208
f 1779 4163 6081
f 10909 8951 7018
f 3724 7479 4700
f 3727 6481 7379
f 7411 7379 6481
f 6925 5761 3728
f 7912 6489 8755
f 3735 10916 11285
f 7228 7482 6495
f 7417 7225 8467
f 7608 7609 7481
f 7380 3314 7614
f 7036 8193 8873
f 10525 4719 7487
f 7488 5777 2781
f 8800 8275 8876
f 7491 9020 7492
f 9931 9473 10012
f 10930 10668 4727
f 7823 7932 5797
f 6940 7631 4728
f 7496 7631 9364
f 7424 8388 4729
f 4729 7047 10025
f 4733 10025 8846
f 9451 4735 6533
f 7052 10586 4737
f 7652 7505 7055
f 7055 7505 6645
f 5313 5825 9739
f 7304 3772 9489
f 7305 9489 3772
f 7303 7506 11173
f 4514 7946 9886
f 10158 10136 8939
f 9148 7433 4743
f 8969 8881 11517
f 6152 8231 3384
f 8432 7679 7512
f 4751 8679 8863
f 6566 6565 3788
f 3788 6565 6701
f 11288 7514 6823
f 2545 4754 5506
f 2805 4321 9069
f 4758 6829 8882
f 4760 9772 11474
f 2595 10820 3804
f 7521 2822 11065
f 7080 4779 4625
f 4968 7523 8885
f 8885 7522 6705
f 7524 9521 4861
f 9521 7524 3459
f 6198 6883 9740
f 4783 10811 6286
f 2834 7090 7451
f 7090 2834 6886
f 1127 7094 440
f 2838 3830 4793
f 2594 6888 3832
f 6995 1224 1134
f 6711 1134 3480
f 1135 4368 7391
f 9913 10461 5891
f 4239 9928 8457
f 5537 6713 7529
f 4803 9370 6713
f 4240 7530 5538
f 5592 10465 7531
f 7560 10711 6889
f 2861 7760 2983
f 4571 3930 9525
f 4917 7534 11452
f 5399 7987 5398
f 7763 1162 2871
f 3847 7987 11177
f 4822 1156 2875
f 1269 1268 10470
f 4826 4825 11177
f 3504 8294 11027
f 7146 5910 7714
f 7886 8886 5972
f 7988 10606 7112
f 2889 5560 4353
f 2887 7540 7456
f 7783 7993 11044
f 134 9943 9151
f 1111 3408 3869
f 1867 9117 4855
f 10919 7114 3877
f 7084 7542 7155
f 7543 7457 7544
f 6271 7996 90
f 6605 27 9388
f 6605 9388 7400
f 7549 11396 480
f 7459 4876 2923
f 13 4878 1337
f 5525 7551 7125
f 9759 9400 7127
f 3477 4887 4365
f 7552 6354 3477
f 6354 4887 3477
f 1975 1233 2951
f 7531 10465 3839
f 2956 3991 5947
f 4558 10536 3494
f 7540 2887 2964
f 6252 2964 2887
f 1988 7143 6730
f 7774 6730 5958
f 3842 6731 11147
f 7560 6223 9549
f 6905 10582 2570
f 3931 1168 3437
f 4258 6906 3528
f 6325 133 2700
f 134 6596 199
f 8011 3603 11066
f 4954 6911 3870
f 4954 3871 6911
f 2638 5452 8204
f 8546 7566 1193
f 7083 7154 7873
f 6845 6740 3549
f 9401 2909 5651
f 7715 4982 10277
f 3963 10006 7180
f 10006 3963 7156
f 7573 4988 2653
f 7715 7573 2653
f 7091 6204 3038
f 7525 2051 3829
f 8018 1124 2834
f 6855 2658 4996
f 9208 7999 6744
f 11332 5006 5005
f 10497 10905 2065
f 5006 10482 5005
f 2848 7161 10556
f 9880 7716 1368
f 5018 5019 9880
f 10962 5021 627
f 7107 2604 8241
f 7989 7107 4422
f 10685 5594 8021
f 5124 4012 3991
f 277 5047 6431
f 7166 5051 1523
f 11282 10253 5054
f 7576 8372 4430
f 4591 6852 10375
f 7578 6338 4948
f 6360 1433 6030
f 7579 5087 5653
f 4072 5134 5136
f 6615 8176 4020
f 6431 5047 5137
f 6362 2046 7009
f 7581 1946 9414
f 8311 7582 4476
f 7186 9569 4106
f 8026 7585 4091
f 4286 7584 7898
f 4106 7188 5159
f 3192 7586 8853
f 7588 3192 8853
f 4108 6853 2724
f 6853 4108 11287
f 7587 3932 2616
f 7014 2723 11063
f 2884 8463 3195
f 8032 7585 9655
f 7588 1571 6454
f 1571 7588 6453
f 2331 7796 7583
f 2725 3198 10971
f 7406 4437 6457
f 582 9984 5165
f 7580 5695 3562
f 5017 2226 4477
f 6748 5177 5084
f 5183 2060 8555
f 2511 4699 939
f 939 330 2511
f 8181 1771 8697
f 7592 5194 2112
f 201 3284 6483
f 7592 5197 5194
f 5199 11191 6625
f 7197 4166 3722
f 3723 10922 3291
f 3293 8040 11213
f 8039 3293 5203
f 6480 7903 2766
f 7594 5206 9250
f 10086 3727 6860
f 6085 5208 7020
f 2408 961 7596
f 7596 7801 7597
f 4174 4700 4176
f 7205 4176 10222
f 7601 7205 10608
f 3730 3731 10609
f 6488 2521 5212
f 7597 7598 9362
f 6489 7211 3303
f 2522 7600 9542
f 9484 6626 4174
f 8579 8888 4705
f 7603 8888 10294
f 3304 7603 6491
f 3306 7027 2769
f 5220 7027 3306
f 10130 7218 9543
f 5220 7221 9570
f 7605 8722 8218
f 7221 3737 9947
f 9574 4181 3314
f 7216 9574 7226
f 7607 5224 11283
f 7607 8410 4298
f 2770 5219 5227
f 5226 9164 9695
f 7417 3319 10019
f 8467 3319 7417
f 3746 10028 9915
f 9885 9563 11410
f 3316 3745 3321
f 5767 9283 3322
f 6777 9236 7610
f 9885 5232 7233
f 1800 7233 5232
f 4300 5233 1799
f 5768 5231 9198
f 9885 7233 2776
f 2777 2776 4301
f 2776 2777 4183
f 5236 3744 11201
f 8892 10937 7032
f 6108 5244 8588
f 7241 8320 8321
f 9579 7621 7238
f 6634 5249 7618
f 3750 3752 4716
f 8320 9409 3334
f 2528 8895 5251
f 7728 7729 9665
f 4190 6869 5478
f 7040 3752 6932
f 4191 6933 3332
f 7420 3332 6933
f 4190 7728 9665
f 7623 4191 7421
f 5256 5255 5253
f 4498 5791 8480
f 5791 4498 8523
f 2783 4305 6687
f 5266 6939 10276
f 8739 8418 5263
f 7631 7828 7494
f 11153 6688 3352
f 8418 8602 9026
f 7269 8878 7267
f 8194 5265 7493
f 7633 9252 5273
f 4197 10906 8389
f 8336 6795 5278
f 3759 9895 8334
f 7498 6118 5487
f 6691 9571 6523
f 6941 5286 9253
f 5291 10181 8420
f 5805 8612 7637
f 7274 5797 7932
f 8421 7047 4729
f 7638 6120 9604
f 6120 7638 8711
f 3764 8389 4200
f 2790 8713 8907
f 6795 8336 8622
f 7640 4306 8905
f 7640 10181 4306
f 5292 6946 9476
f 6640 6946 5292
f 5808 8195 8617
f 10241 7282 9321
f 8907 7283 1813
f 4204 8423 4203
f 8423 4204 9169
f 4206 5297 4735
f 10830 10285 5298
f 9605 8346 3758
f 6534 5303 7428
f 7647 6804 6132
f 7427 7428 8424
f 7649 5306 3772
f 3360 8636 8632
f 7653 6800 8094
f 7309 7656 4213
f 3363 4213 7656
f 9599 6546 8638
f 7303 10645 8111
f 9119 6543 5318
f 8771 8227 8642
f 6544 5500 3368
f 4744 5332 5322
f 7431 4515 9292
f 4215 10243 6874
f 8427 8817 10158
f 8391 8427 9881
f 11196 7948 8913
f 8775 7320 9044
f 7664 5337 11096
f 4524 5834 8964
f 6954 8391 6959
f 6697 4313 2796
f 6958 10186 5836
f 5345 5339 7330
f 11072 5503 2542
f 8351 6815 4525
f 10101 7436 6150
f 5842 9158 6961
f 1097 4530 7335
f 5345 7337 4524
f 3372 2801 9340
f 9682 6962 8354
f 7958 8916 8663
f 7329 11466 7673
f 7514 3383 3786
f 3382 9225 6824
f 9225 5355 9258
f 4531 2803 7346
f 9341 5346 8832
f 7684 8682 8232
f 5854 3790 7353
f 3790 5854 7349
f 5855 10723 7349
f 4317 4536 8434
f 9258 8920 3387
f 7687 6571 3388
f 6878 7858 7442
f 8435 9763 5362
f 6159 7693 9433
f 4232 5364 10702
f 3796 3394 4233
f 8923 4756 7747
f 5368 9000 5370
f 7364 4757 3394
f 4324 3394 9259
f 7703 7697 9471
f 7371 8148 9060
f 5357 7372 7371
f 4756 5377 7704
f 8926 6652 11193
f 2818 7707 5385
f 7707 2818 5384
f 7707 5515 5385
f 4544 7448 9155
f 7448 4544 2551
f 10854 5387 5876
f 2821 7971 5388
f 5387 5388 11482
f 7971 2554 5388
f 7755 5393 2556
f 5394 7451 7090
f 2559 4369 5589
f 2965 7100 9114
f 6718 6717 1909
f 7085 7375 11260
f 2582 11459 11401
f 5415 2582 5414
f 4588 10897 6989
f 4359 6896 1197
f 7120 11067 1320
f 9981 10543 481
f 7551 2936 11261
f 7550 5418 7128
f 599 7128 5418
f 7127 9811 9906
f 10726 5419 9901
f 6841 7711 5598
f 7461 7712 1243
f 1244 6842 2607
f 6314 2971 1992
f 9549 8930 7560
f 7714 4927 6399
f 7889 8886 9177
f 5911 7889 4329
f 10218 4860 1338
f 6845 3549 5439
f 1315 1316 3549
f 7472 8458 9161
f 9918 7401 1327
f 10604 2653 3557
f 3063 4265 4766
f 5443 2817 5019
f 7891 2673 7717
f 7717 9141 6012
f 6607 1398 5447
f 7718 7007 4940
f 7470 7718 5449
f 2149 5072 7463
f 1445 3968 11021
f 6755 725 3616
f 5458 7719 2729
f 4655 2729 868
f 4444 2729 4655
f 4054 5745 3973
f 4059 6328 2994
f 4665 10564 3699
f 7790 10507 4013
f 6616 2282 7177
f 7463 5072 7577
f 9879 9888 5460
f 1567 4673 1566
f 5462 10920 9882
f 1570 5462 9882
f 2722 7721 5160
f 2724 2723 7476
f 7476 2723 7013
f 1571 6066 9879
f 6066 1571 8031
f 7377 1577 5165
f 7589 9186 11200
f 1078 10500 7591
f 7722 5756 3291
f 9164 2763 3302
f 8788 6927 5753
f 7202 10595 7800
f 1786 8721 4701
f 9645 8931 10756
f 11207 7207 10614
f 7023 8931 8721
f 5470 9174 7802
f 2769 7027 7215
f 4177 7215 6861
f 4484 9813 6092
f 9813 4484 10264
f 7913 3310 7805
f 6864 10307 6091
f 2771 6681 5228
f 6092 6587 7915
f 1801 7485 10703
f 8517 9271 6778
f 7921 8934 8759
f 3330 7242 5475
f 7729 5476 1805
f 5477 7923 5478
f 3333 8075 8325
f 7731 6111 7819
f 7732 7731 7819
f 6113 9973 7254
f 4304 8520 5789
f 4734 10701 6527
f 7048 10629 11506
f 2538 5492 5493
f 10001 10233 9255
f 4740 7385 6947
f 7385 6589 7739
f 8532 6810 9263
f 6872 6805 5324
f 7741 9457 8446
f 5501 8940 6875
f 4745 6817 11068
f 6955 7667 9523
f 8941 6147 7743
f 7854 8729 9820
f 4315 6963 4750
f 7388 4750 7387
f 7744 8919 9246
f 7679 7682 7387
f 4317 7389 8240
f 7443 7858 6878
f 6878 7442 11309
f 9066 9304 6573
f 7747 8453 7749
f 7516 3389 8921
f 7750 5367 9072
f 4322 5507 7751
f 6975 5509 8785
f 8783 6592 8923
f 8838 6977 2808
f 6169 7753 2811
f 7716 8731 1367
f 3064 5384 5980
f 7707 1108 8020
f 4775 6979 6882
f 1875 4629 9751
f 10236 5524 9580
f 492 5526 2935
f 2831 10531 4796
f 2833 7755 2556
f 7755 2833 5529
f 9247 4787 2835
f 7525 7756 4790
f 1135 7757 4368
f 1886 7757 3835
f 7980 4801 2848
f 7161 4801 9552
f 11163 11341 5536
f 7530 4240 2601
f 1900 8009 5610
f 1903 4916 7760
f 7761 7533 8293
f 5544 7763 2871
f 5402 1164 5548
f 2881 5552 2980
f 4822 7104 1156
f 7104 6717 6718
f 5556 4353 5915
f 5556 5915 6720
f 7764 5557 5556
f 7993 1108 1864
f 10023 4392 6891
f 1177 2890 4766
f 6079 6735 4837
f 6597 4934 6733
f 1925 468 4844
f 2896 673 4355
f 4356 468 1925
f 4840 2711 6893
f 7112 4846 4845
f 3450 3816 10024
f 1304 10034 7765
f 9581 7873 7566
f 4357 5413 9582
f 6895 4360 7767
f 6897 7767 7766
f 6913 7875 9573
f 7767 4360 5570
f 7767 6896 7766
f 7998 4551 2906
f 7449 2906 4551
f 8261 9544 1197
f 6598 2908 473
f 9636 2909 708
f 7779 6722 6660
f 4863 6722 9435
f 2926 5575 5577
f 6279 9953 3960
f 1946 1319 10530
f 6290 10535 7770
f 6673 5178 3236
f 6899 4888 4326
f 2994 7771 4059
f 7771 2994 6907
f 2962 2961 6901
f 2961 7555 7556
f 2962 6901 10908
f 6252 9675 2964
f 7772 10875 5596
f 2601 2973 3491
f 6663 7712 8947
f 3919 7773 7138
f 7140 7461 6903
f 4255 7774 5958
f 7774 7558 6730
f 7558 7461 2974
f 7461 7558 6903
f 7554 2976 5605
f 1992 5951 5608
f 7532 4912 4909
f 10219 5397 7533
f 1903 8009 4916
f 9131 454 6904
f 4615 4921 9408
f 10146 6923 8503
f 5428 9698 7776
f 3942 5630 10823
f 5627 3942 2012
f 3942 5627 5630
f 3087 2016 11346
f 5088 5078 7777
f 3603 8011 5088
f 11066 9423 8011
f 4090 7778 7894
f 5413 5646 6352
f 9232 6913 2641
f 6913 6912 7875
f 1937 9232 4860
f 7779 10035 8164
f 8164 10035 3030
f 10869 2041 5648
f 8236 2045 2044
f 4982 2044 2045
f 8459 7780 6405
f 7781 5687 6669
f 6669 1328 7781
f 4632 6668 6669
f 5655 5083 3034
f 3558 4413 5656
f 1331 7004 6915
f 6915 8460 1331
f 7004 3558 6915
f 7157 2731 8017
f 3901 1963 9610
f 7783 7989 4422
f 7785 10904 5018
f 7539 10904 7785
f 10467 10836 2550
f 7164 5030 1388
f 8025 5050 1398
f 2625 5065 4431
f 4078 698 7786
f 5675 7786 698
f 6434 6338 7578
f 5177 8016 5084
f 7156 7570 3602
f 5686 7156 3602
f 5687 9405 6669
f 5690 7709 3476
f 8366 1884 11021
f 6919 6461 9830
f 5694 6461 7788
f 3119 9870 1452
f 5114 11503 3123
f 5119 6423 11508
f 11397 1236 5122
f 11397 5122 11508
f 8247 10739 7789
f 7789 5713 8247
f 3082 3139 8948
f 6432 9963 10635
f 7791 10635 8309
f 7792 3162 5140
f 10877 11265 5720
f 4096 7793 11189
f 7183 10559 1565
f 3191 2327 5153
f 2326 7794 1566
f 3190 7794 5728
f 2327 5730 8949
f 3191 7185 7186
f 8949 5730 2329
f 7795 2329 5730
f 5731 2329 7795
f 7720 5732 4468
f 5158 10043 11052
f 9730 7189 2331
f 7012 11509 7477
f 6853 7012 2722
f 4437 1576 7015
f 1576 4437 6749
f 3605 1439 6459
f 4050 3204 3616
f 8033 3205 1579
f 9146 7797 6471
f 11500 7798 5746
f 7172 3243 4136
f 9561 9412 3700
f 9186 4681 10146
f 6923 10146 4681
f 3718 1772 10323
f 5755 5752 6624
f 3717 5194 8041
f 6858 7195 11343
f 6924 3286 2517
f 8041 5197 2516
f 1785 6476 7593
f 2517 9562 2764
f 1785 2764 9562
f 6767 3298 10909
f 2765 9197 1784
f 7722 9871 5756
f 2765 5760 10910
f 7206 9393 7021
f 9645 10756 7903
f 5208 8048 7020
f 2520 1785 7593
f 3302 2763 8576
f 2520 6496 2764
f 8788 8047 5218
f 7379 7802 3727
f 6860 3727 7802
f 6860 4297 11059
f 7211 5212 8048
f 7213 338 9674
f 8052 9674 2301
f 8049 7803 6486
f 2769 6486 3306
f 7803 3306 6486
f 5765 7810 5215
f 7724 6929 9729
f 1793 1792 8466
f 6773 1791 9174
f 1791 6773 10681
f 5220 10900 7027
f 3307 11064 6771
f 6092 11064 4484
f 6929 7724 3307
f 7214 7806 2523
f 7214 6626 7806
f 6865 5213 7219
f 7221 5220 3736
f 10993 9708 7413
f 7913 9154 6630
f 6628 7805 2773
f 2773 7805 3310
f 10569 5472 9676
f 4704 8952 11419
f 3314 7380 9574
f 3315 7226 9574
f 1795 2772 3317
f 7809 2772 8514
f 2772 7809 10892
f 5230 5767 7230
f 5231 5768 6498
f 2524 6099 9997
f 1799 3318 4299
f 4184 7812 10062
f 3315 7380 9494
f 7918 7612 6103
f 8955 3328 5777
f 4188 9271 8517
f 10963 4715 5772
f 5773 4714 7485
f 7034 8472 7727
f 5773 1801 7727
f 10661 8361 9441
f 1804 5476 2526
f 8472 7034 2526
f 8472 5775 7727
f 9586 5778 10617
f 11085 8874 10128
f 7033 8706 1806
f 3334 9409 8327
f 3334 8327 9175
f 8327 8253 7248
f 3754 4495 3337
f 4495 3754 7625
f 9175 8897 5785
f 5785 8897 2528
f 6936 6634 4496
f 7251 5249 6938
f 10727 6112 6933
f 4719 6683 5787
f 9488 8979 7487
f 10946 8877 7926
f 6684 4496 4500
f 5790 7251 7823
f 6938 7932 7823
f 8957 4501 6789
f 8416 10276 6939
f 11512 7824 1807
f 6789 1807 8957
f 10276 8416 7931
f 8479 8477 7264
f 9657 9781 9646
f 6637 8077 8254
f 9021 8739 8938
f 7825 9752 7735
f 9646 7826 5485
f 6639 8080 5796
f 10628 3346 7423
f 613 236 9267
f 7828 3352 7494
f 8959 4503 7826
f 4503 8959 5798
f 3352 6119 11153
f 7639 4730 5803
f 1809 5802 2533
f 7502 4506 9630
f 7636 3764 10619
f 3764 7636 4197
f 8087 8960 8482
f 8336 9230 9168
f 8483 9760 8714
f 5290 9394 11056
f 11054 3767 8620
f 3359 8767 2538
f 5808 8617 7935
f 5298 7832 11411
f 7285 7284 6944
f 8906 6797 9452
f 7284 7285 10913
f 11081 8086 7287
f 7287 8612 7836
f 5813 6799 10202
f 6530 3360 9168
f 7293 10611 10752
f 7651 10611 6803
f 6948 9739 9821
f 7837 7946 4514
f 9416 5816 9410
f 6949 7838 6808
f 8102 6808 6806
f 7838 6806 6808
f 5818 7298 5819
f 5820 8095 7840
f 7655 5319 1815
f 5319 7655 9041
f 9041 9312 3771
f 5320 8910 5822
f 6589 5497 1816
f 10936 5497 7385
f 8111 8113 5317
f 5318 5317 7842
f 372 5823 8106
f 7660 7055 6645
f 7505 5824 5826
f 4515 7660 6694
f 7660 4515 5825
f 7432 6541 10308
f 6952 7843 3366
f 3366 6646 6952
f 8641 6873 6547
f 7309 8939 7656
f 8113 7844 8488
f 8121 8848 4518
f 6144 5830 1822
f 7650 3368 4519
f 10646 6953 7846
f 7507 5336 10977
f 6692 9575 8880
f 8119 7847 2796
f 5836 7435 6958
f 7435 5836 8428
f 10186 6958 7318
f 5334 1820 1823
f 7436 5338 3779
f 5837 7436 10101
f 3375 8490 5843
f 4524 8964 5339
f 6959 7850 10943
f 8914 7437 6960
f 1828 7850 9056
f 7850 1828 8653
f 2542 5503 10620
f 3372 9340 3373
f 7666 6816 8660
f 11519 7326 7671
f 8776 9756 5844
f 1828 4225 10620
f 4750 6963 7669
f 3785 2801 7060
f 3379 7955 6650
f 10313 3382 6820
f 4222 3380 3379
f 5848 3380 10890
f 4534 6699 5358
f 10742 5847 5505
f 7857 7752 7679
f 2803 6825 7346
f 4536 7514 11288
f 6827 11288 7960
f 8434 4536 7515
f 4753 6571 4230
f 7686 3790 7349
f 7349 5854 5855
f 6970 8683 10109
f 6575 3392 6161
f 1838 1833 3792
f 5860 2805 3396
f 9073 6972 5364
f 5370 8497 5368
f 7863 10153 9300
f 6973 8685 7862
f 6974 5377 4756
f 8945 8944 2546
f 8943 9971 9269
f 8154 10257 7370
f 3378 10190 8260
f 6566 8693 8867
f 8750 8707 11516
f 5887 5870 3402
f 8244 1106 3481
f 7865 5872 3064
f 4545 10962 5871
f 5385 5515 10229
f 5021 10962 4545
f 9390 7113 1109
f 2577 7866 10304
f 5518 3410 9398
f 11065 4547 7521
f 2554 7521 2903
f 5878 11065 6980
f 9365 5878 6980
f 6980 10127 9365
f 4333 10934 5879
f 1112 6705 8261
f 7522 8261 6705
f 5880 2906 7867
f 7449 7867 2906
f 1206 5881 1114
f 11174 10914 1881
f 5393 6836 10533
f 10533 7754 5393
f 2556 5393 7754
f 7868 7754 7088
f 7754 7868 2556
f 5886 6837 4554
f 7756 1852 4791
f 4555 4762 3404
f 7451 2557 7452
f 4555 7452 2557
f 5886 4761 6837
f 1136 4237 9952
f 5893 5892 6712
f 4804 3425 10461
f 5894 5893 11270
f 5894 7099 7135
f 4341 7870 448
f 7099 4341 448
f 7137 1146 5896
f 7760 2861 5905
f 4822 2875 7105
f 6981 2875 11198
f 1156 7104 1157
f 6982 7983 7102
f 10141 8868 6656
f 1168 7536 3437
f 4831 6984 6249
f 7540 5914 7456
f 6720 5915 6985
f 2575 3859 4245
f 8010 7872 1180
f 8569 6838 5917
f 10729 3448 4574
f 8161 5920 1186
f 6262 6191 4246
f 6738 7153 436
f 4857 7543 7544
f 3456 5927 3457
f 5928 5927 3456
f 6990 7545 4358
f 5927 5928 4858
f 6990 7875 1195
f 7875 6990 9573
f 10897 9731 3460
f 6989 4333 4588
f 2062 9444 3456
f 1200 4590 10842
f 6660 6722 1201
f 6660 9133 3464
f 8561 10235 4971
f 8561 6397 10235
f 7876 4593 5575
f 4593 7876 4592
f 3552 5933 3466
f 3892 6993 8001
f 10591 9261 6723
f 9590 6993 8751
f 7122 9590 8751
f 4597 9849 1210
f 6000 9138 6661
f 8262 5939 9138
f 3030 5994 2646
f 6073 9901 5419
f 1237 7882 2700
f 4602 6996 2603
f 7557 9191 7556
f 6901 9191 7883
f 2602 4898 11341
f 9370 7134 4602
f 6841 5598 5950
f 2967 7711 7884
f 7711 5037 5598
f 5037 7711 2967
f 5950 5895 6841
f 6841 6998 7711
f 7885 4605 10483
f 5597 4605 7885
f 9122 1247 3426
f 4606 9122 4807
f 2969 1897 5952
f 9874 5955 5953
f 6842 6663 7559
f 4608 5953 6996
f 7559 4608 2607
f 10195 7773 5603
f 7000 5955 1245
f 10601 7000 7775
f 4911 6729 3496
f 4256 1264 5963
f 6238 526 4920
f 526 6238 460
f 4925 7146 534
f 7886 5972 3514
f 5973 3516 1279
f 11407 8752 5620
f 536 4932 8202
f 4932 5622 8202
f 5622 4932 3936
f 6326 5618 10847
f 539 5384 2818
f 1923 10583 9800
f 3529 3898 4947
f 7888 5077 10587
f 6666 2904 4959
f 2904 6666 7152
f 7154 7153 10593
f 2638 5991 4955
f 5436 1419 5991
f 4408 5993 473
f 5995 5994 10623
f 7002 2646 5994
f 1114 10235 2586
f 5996 1318 6357
f 9673 6742 10870
f 9405 6001 2652
f 7402 8753 7003
f 7003 8753 6072
f 1330 7782 10604
f 7782 1330 8753
f 7402 7782 8753
f 2044 7402 10278
f 10958 7004 1331
f 2654 6362 3559
f 6362 2654 6847
f 2654 7572 8016
f 7572 2654 10578
f 1332 11462 10578
f 7890 4414 6070
f 5010 11100 2337
f 4799 2668 2952
f 4640 432 6670
f 2674 7891 4639
f 4639 7891 6012
f 7468 2674 9127
f 7468 11412 11351
f 6306 11351 7871
f 7717 7110 9141
f 3063 7404 7403
f 7404 3063 10904
f 5443 10904 3063
f 1414 5065 9556
f 697 8510 9556
f 4272 7892 3593
f 6910 3593 7892
f 10098 5076 7894
f 3093 5074 5679
f 5639 3012 11269
f 5433 288 5682
f 4649 7472 6030
f 2696 1880 10182
f 4880 9629 3112
f 7478 6039 3038
f 6040 5695 7191
f 4653 3117 9912
f 10410 2697 10163
f 4443 4472 10163
f 9553 11408 11449
f 7895 2701 7161
f 765 6050 766
f 6051 3644 577
f 11051 6058 10828
f 6062 5151 1563
f 7896 1563 5151
f 9248 8571 1568
f 7794 3190 8462
f 8571 10584 3665
f 2721 8027 4673
f 8572 10584 8754
f 10584 8028 3665
f 9875 1569 7720
f 5732 7720 8248
f 9847 8248 7720
f 7475 8030 5157
f 7476 3666 7898
f 7476 7898 2724
f 7899 3666 7476
f 2722 5733 7721
f 7013 7899 7476
f 7899 7013 8031
f 4674 8031 7013
f 9937 4827 10748
f 5464 10921 1576
f 10921 7015 1576
f 11041 6921 723
f 6921 7900 723
f 8512 7900 6068
f 5108 3203 6069
f 9792 3203 3668
f 9792 3672 6069
f 7478 3038 3670
f 751 6757 1686
f 9958 7589 9145
f 7589 9958 1595
f 7016 7378 9594
f 8035 7798 7901
f 7409 3237 5742
f 6075 4689 3045
f 6922 1484 4478
f 2511 1774 3715
f 939 2761 45
f 941 45 1775
f 1777 5752 1778
f 7197 5198 1764
f 4166 1782 3722
f 7410 1783 5201
f 183 6479 1781
f 11213 5198 3722
f 1079 10222 2762
f 6083 5201 7902
f 1782 6084 3722
f 6625 6679 5199
f 7799 5757 4701
f 9645 7903 4171
f 4174 3724 4700
f 10895 5206 5205
f 961 844 7905
f 844 6482 7905
f 2765 3731 3730
f 7904 8409 7906
f 10974 11059 8465
f 7906 8409 2519
f 1081 5209 9755
f 5209 1081 4702
f 8951 7907 6087
f 6925 7024 3300
f 10211 3300 7024
f 6087 7907 3733
f 9755 3733 7907
f 7602 8054 3728
f 7216 8789 10626
f 10626 6680 7216
f 2768 7602 3728
f 3728 11192 6925
f 5209 6772 6089
f 7605 8218 7026
f 7908 4705 8888
f 7603 3304 7908
f 6928 7909 8513
f 7909 6928 6491
f 4703 11285 11185
f 6089 6772 1792
f 7028 10917 10130
f 6774 9174 1791
f 6773 6861 10681
f 10917 10916 3735
f 10900 8581 8060
f 5762 10900 8060
f 8466 8974 6093
f 6863 9543 7218
f 9813 6862 9917
f 10993 3742 10524
f 7219 5219 2770
f 7913 6630 3310
f 5222 7222 3738
f 7222 7223 3738
f 6930 5223 8063
f 3741 6493 1797
f 6586 6096 11464
f 7809 8514 6095
f 6630 4708 3310
f 2774 2773 7481
f 2773 3310 7481
f 4708 7481 3310
f 7725 3318 1799
f 11349 6930 7811
f 10019 6498 7416
f 7808 4180 6498
f 2775 3316 11113
f 6095 6092 7915
f 1084 6096 6586
f 9217 8515 9454
f 7810 6504 9578
f 6504 7810 5765
f 6505 1796 4710
f 4710 5764 10638
f 7917 4302 4299
f 6779 6099 5235
f 1798 6778 9271
f 7918 7034 5235
f 5236 6103 7612
f 4491 1084 9271
f 8361 4300 7234
f 7234 4302 10918
f 6778 10963 5772
f 7483 10159 8585
f 4711 5241 8844
f 5241 4711 7484
f 6101 6100 7919
f 9008 6501 10637
f 9006 6102 3746
f 7919 3746 6102
f 7034 6779 5235
f 6779 7034 7727
f 4714 5473 10918
f 5773 7485 1801
f 9584 5242 5243
f 6867 5240 10615
f 5770 1802 7817
f 6105 7817 9187
f 4187 5246 6101
f 5772 7033 8517
f 5778 9586 3747
f 4715 8706 7033
f 5775 7037 5773
f 7033 5772 4715
f 5243 1805 1804
f 6107 6783 7922
f 8706 4715 11085
f 3752 7040 8590
f 7489 8273 10924
f 7728 5478 7923
f 7487 9807 9488
f 3751 6510 8979
f 6510 10525 7487
f 7924 8587 6683
f 10525 7924 4719
f 10911 3333 8325
f 1806 8706 9383
f 9383 10128 8275
f 9332 10712 5482
f 8327 2782 9175
f 8414 10946 7926
f 7731 7259 6111
f 7259 7254 8443
f 9463 8223 5483
f 4495 9199 3337
f 3341 7260 8592
f 5264 7493 10239
f 7928 7927 4723
f 8523 5482 8223
f 6588 8980 7821
f 3342 6113 10946
f 4305 2783 6113
f 8901 11416 11512
f 6937 8957 8737
f 6685 7423 3346
f 7042 7043 8526
f 7042 8526 9333
f 8764 7042 8387
f 9488 9807 6638
f 5262 2784 10889
f 4727 7827 11292
f 7933 7261 7929
f 6787 7735 6788
f 5485 8080 9020
f 10930 4727 5279
f 10907 7274 7932
f 6117 10187 7044
f 8699 8417 7268
f 5795 8597 7934
f 3347 8388 6687
f 5274 9716 3762
f 1087 3346 10628
f 5285 4198 6119
f 1809 10579 5802
f 8985 5 7273
f 7636 10619 5276
f 5277 6942 8609
f 8711 8712 6520
f 6943 3765 11070
f 6942 7833 8609
f 5283 11105 6121
f 7047 3765 8422
f 7425 7277 7935
f 7935 7642 7425
f 8085 2533 8390
f 8608 5275 6524
f 10642 5299 6124
f 7938 4508 9451
f 7939 6533 4205
f 7428 7427 8768
f 6129 3770 6126
f 7942 4736 7641
f 5492 7290 7294
f 9588 7939 4205
f 4735 4201 4202
f 7052 9597 5298
f 4736 7504 2792
f 1815 5319 1814
f 6134 1814 5319
f 5307 7054 6136
f 7505 7652 8990
f 5314 7651 9256
f 5314 9256 8533
f 10044 7056 8770
f 6539 7305 3772
f 8847 5496 8105
f 2540 5320 9814
f 5825 5313 7660
f 8533 3365 7944
f 7945 8991 7507
f 1094 5330 7301
f 5821 5820 7840
f 8771 7310 8818
f 6140 5831 11304
f 10956 10326 4516
f 7952 7949 6143
f 5333 9667 5832
f 3777 7950 9456
f 7322 9437 7668
f 3775 7952 11404
f 4745 3781 6817
f 6697 2796 9523
f 1824 6149 1096
f 8773 6146 7952
f 8284 7952 6146
f 10926 7852 6696
f 3783 8965 9602
f 8135 5351 7331
f 6650 7059 5343
f 9158 9458 8776
f 6821 8393 9458
f 2543 5847 6562
f 9820 8826 9551
f 4750 9438 7387
f 3785 7060 3786
f 7387 9438 7512
f 5848 10262 3380
f 7956 7388 7682
f 8693 6566 4226
f 8541 9747 2804
f 8541 5853 7066
f 9747 8541 9754
f 4317 8434 10309
f 10309 7691 8850
f 4754 4532 3386
f 9070 5366 8719
f 9432 3795 6575
f 4539 10730 5507
f 7071 4231 8394
f 5509 6975 6879
f 4757 7390 8852
f 5374 8544 4324
f 7967 8358 8543
f 10891 6880 3378
f 7372 7968 5864
f 2810 8673 7702
f 1098 7366 8153
f 7078 3800 1839
f 3800 7078 9308
f 6168 7077 6167
f 6167 6166 8290
f 3803 3801 5008
f 2817 8731 5019
f 7716 5019 8731
f 5977 5975 5385
f 4544 5977 2551
f 7865 3064 5980
f 5872 5873 6891
f 1928 4846 4829
f 7112 4845 7988
f 89 4330 3821
f 7971 2822 7521
f 5387 10854 5388
f 3409 8504 2825
f 8504 3409 4546
f 10854 3822 5638
f 2826 1110 5520
f 3452 4955 5991
f 5414 7972 5415
f 5415 7972 4779
f 7080 4626 4778
f 4778 4626 7973
f 6195 7085 4778
f 7973 4626 3546
f 3010 4779 7972
f 4400 3010 7972
f 7154 7083 6196
f 5523 8546 4357
f 5880 7867 3877
f 4779 11459 5415
f 11260 11459 7080
f 6195 7974 7524
f 7974 6195 7081
f 1313 5416 1194
f 2907 1194 5416
f 1875 9751 11497
f 5524 6358 3960
f 7392 7551 5525
f 6884 7551 7392
f 7087 2835 7089
f 7087 7089 1122
f 440 7094 1123
f 8187 1123 7094
f 6886 7976 7090
f 4787 7089 2835
f 9547 1122 7089
f 1122 9547 3416
f 10531 2836 10630
f 10630 2836 4788
f 7527 6703 63
f 7976 6708 9343
f 6206 7088 7754
f 7977 3829 6204
f 7526 4792 4790
f 7092 10602 10581
f 5008 7978 6172
f 3403 6710 9343
f 7978 9231 6172
f 6655 3831 4794
f 5531 4793 3830
f 10856 9231 7978
f 7086 10856 4334
f 6206 6207 3417
f 8187 11399 6709
f 10303 6709 11399
f 10303 6207 6709
f 6885 7095 11460
f 7092 7096 10602
f 6210 4367 1886
f 7097 6173 64
f 4883 1135 4363
f 1143 5591 5537
f 5395 1143 3421
f 1143 5395 5591
f 1238 7979 2095
f 2847 7979 445
f 445 7979 1238
f 1236 9688 4800
f 7980 6302 446
f 8457 4340 9001
f 2095 7979 6215
f 4890 7870 4341
f 7531 7553 2960
f 4806 10465 5592
f 7532 9475 4901
f 9475 7532 10631
f 4342 1146 5026
f 9114 5596 5896
f 1899 10466 9509
f 7981 2612 2859
f 7560 6889 6224
f 6178 6223 429
f 7982 6225 2860
f 2860 6225 7761
f 7101 2861 9281
f 6178 6177 10458
f 8293 3429 7761
f 1154 7761 3429
f 1905 1904 5405
f 7984 7985 6229
f 7984 4815 7985
f 4567 8300 5546
f 6230 7986 4816
f 4565 7986 10093
f 6603 7986 4565
f 6237 5399 1157
f 5399 6237 7987
f 7986 6230 9758
f 1162 4817 9865
f 6229 7535 5907
f 6284 4818 10834
f 6715 5609 8263
f 128 4351 10590
f 2875 6981 7105
f 4257 4351 9633
f 4388 1915 3813
f 7538 1274 4829
f 533 6183 1274
f 7112 7538 4829
f 6719 1917 6330
f 10409 538 9372
f 7108 5560 2889
f 7541 5560 4260
f 762 10384 1918
f 6250 6251 3855
f 1365 7109 6844
f 7990 4832 2604
f 6891 4392 5872
f 1919 9662 7456
f 6253 9662 2999
f 5556 5557 4353
f 5557 10103 11164
f 9520 7541 5913
f 5976 5977 4544
f 1863 6375 11074
f 9634 9081 8314
f 4837 6735 1920
f 1693 6735 6257
f 5974 3861 9151
f 3863 10042 10583
f 467 8303 3446
f 3862 3446 8303
f 3862 8303 3864
f 11400 5563 5058
f 9910 5429 1292
f 1304 9205 10034
f 9203 4852 9204
f 1873 10548 9172
f 1929 7765 470
f 9203 2630 11170
f 3537 6264 9205
f 3537 9205 6342
f 4547 5875 2903
f 9353 4405 10457
f 146 7155 213
f 6705 6706 8885
f 4407 8885 6706
f 6272 10541 3458
f 11457 6272 10218
f 5571 7546 4858
f 4858 7545 5571
f 7546 4859 5927
f 4248 3457 4859
f 4858 7546 5927
f 7116 7395 5880
f 2906 5880 7395
f 7996 7116 8973
f 6896 7767 5570
f 4859 7546 7118
f 6273 7118 7546
f 6273 7546 5571
f 6273 5571 7082
f 7115 7997 3881
f 9544 7997 4857
f 9544 7998 7997
f 3016 7117 8973
f 7117 3016 1938
f 1196 9160 5523
f 3883 6273 6196
f 3461 7082 471
f 9583 9780 6659
f 6659 7458 4415
f 7999 9637 7458
f 8000 3880 11457
f 3880 8000 7547
f 3018 7375 4861
f 3556 2912 1324
f 6722 7779 8014
f 10035 7779 4589
f 1941 9133 1201
f 6992 7708 1942
f 6275 4591 10375
f 2647 4591 9537
f 4591 6275 9537
f 3891 3825 7876
f 4592 7876 3825
f 11169 3468 7120
f 4975 1116 5650
f 5997 11272 8001
f 5575 2926 7876
f 6993 6599 8001
f 9261 2917 8246
f 7877 5937 5938
f 9590 7396 6993
f 6599 6993 7396
f 6993 3892 8751
f 7121 8296 10591
f 10591 6723 9461
f 7122 6281 9590
f 7122 7123 5995
f 7123 7122 7121
f 11396 7549 5579
f 7459 7396 6281
f 483 10236 9580
f 6743 4877 6840
f 1213 6840 4877
f 7551 7126 2936
f 7126 7551 6884
f 1219 4362 492
f 4362 2936 7126
f 5006 4362 1219
f 7550 6286 1879
f 7879 7878 10514
f 6287 5942 3474
f 438 5942 6287
f 7975 7769 6725
f 3049 1120 4879
f 1968 4886 227
f 53 8004 1968
f 92 8004 53
f 4886 8004 6293
f 6293 8004 2644
f 7391 4368 1857
f 9510 4368 7757
f 1224 6995 3832
f 3832 8367 2594
f 3406 3481 6296
f 3488 7758 2849
f 7758 7530 2850
f 10461 3422 5891
f 7529 5587 505
f 9001 10082 4239
f 8405 6299 2600
f 6916 7880 2953
f 10576 1896 5586
f 9783 5421 10972
f 7980 2848 6302
f 11341 6713 9370
f 9191 6305 4371
f 7136 6305 6728
f 7557 6728 6305
f 8005 6305 7136
f 9179 6747 5595
f 2101 8006 1365
f 6252 7109 5594
f 8006 5594 7109
f 10268 7991 10293
f 5595 6720 9179
f 2964 7539 7540
f 4834 7540 7539
f 1241 6308 5949
f 10517 8007 8369
f 1377 8007 7139
f 8007 1377 8369
f 6308 7139 8007
f 5950 6310 4900
f 4342 8008 10517
f 9890 6378 4373
f 4605 3493 9229
f 9122 4606 2608
f 4808 6729 1993
f 2853 6729 4808
f 7553 9206 2960
f 2974 1243 6727
f 6902 7140 1248
f 3495 5599 7141
f 2975 4907 7555
f 4377 2603 9442
f 7554 2603 2976
f 4912 5956 5957
f 6315 1987 3921
f 8398 9207 5956
f 2970 5600 3496
f 2880 2980 2979
f 9554 4913 9733
f 4915 7713 9498
f 11147 10863 4327
f 6223 10458 8506
f 1900 4916 8009
f 4809 8009 1903
f 8009 4809 5610
f 5542 7145 9650
f 6603 6716 5962
f 5962 4816 6603
f 4565 8787 6603
f 5543 10141 11452
f 7145 9554 9650
f 8552 6716 5424
f 1267 5107 2000
f 1451 1163 10634
f 10231 10306 10634
f 6244 4924 3934
f 4271 4925 534
f 6323 535 4619
f 7146 9422 6246
f 2885 6246 9422
f 7881 11407 11391
f 3517 5973 5620
f 6733 4934 6726
f 6986 4939 8010
f 3937 10577 5555
f 10809 7106 4835
f 4621 6330 7106
f 7106 6330 1917
f 2886 3854 10736
f 7398 6256 4391
f 1922 2893 11200
f 6596 9591 6704
f 8401 6333 3003
f 10866 5628 6908
f 9698 5628 10866
f 7576 6334 8372
f 6334 6909 9403
f 9403 6909 7776
f 10592 9592 6908
f 10237 10314 3525
f 6334 7576 5982
f 7576 2011 4941
f 7576 4941 6261
f 9793 4941 10478
f 11366 3819 7150
f 8508 4394 3527
f 7889 3527 4329
f 11066 7124 9423
f 3004 6337 8013
f 6337 8011 9423
f 3897 7124 11066
f 1297 6434 7167
f 6434 1297 6338
f 6338 1297 3529
f 7001 4948 6338
f 10624 4946 550
f 8012 5633 7564
f 1299 10283 5070
f 3945 10527 4398
f 3871 6343 6911
f 6342 1304 3538
f 2827 7464 3543
f 3873 10100 2581
f 5989 5645 6987
f 213 7542 7994
f 6706 11197 4247
f 4968 10089 10919
f 7873 6987 7566
f 2644 8004 92
f 4408 3017 5993
f 3880 7547 2908
f 9388 570 7400
f 570 9388 3550
f 6740 5578 1315
f 10189 6835 10039
f 3553 572 2649
f 9652 10869 6739
f 3465 5929 10513
f 1433 2583 6030
f 4978 5651 2909
f 8509 7573 577
f 10277 4982 2045
f 7401 9918 5654
f 4877 6743 7571
f 10870 6742 11276
f 5459 8753 1330
f 7569 6365 6002
f 7780 10037 5686
f 10037 7156 5686
f 7156 3963 7570
f 7004 6914 5655
f 3558 7004 3034
f 1331 6847 10958
f 7568 9996 11234
f 11234 1332 7568
f 8236 2044 10278
f 2044 4982 7782
f 7782 4982 10604
f 7890 581 11076
f 6070 3671 7890
f 3039 3671 11448
f 6416 11448 2730
f 8017 2051 7157
f 2593 6039 1221
f 6039 2593 7091
f 8018 7451 7452
f 7451 8018 2834
f 8023 4652 10871
f 3669 10871 5737
f 10871 1580 5166
f 2658 6855 3690
f 9637 4415 7458
f 731 9637 9208
f 7999 9208 9637
f 5658 6370 10534
f 2064 4338 598
f 5005 10482 4635
f 11332 5005 3980
f 2065 4998 10497
f 1238 7528 445
f 2952 3988 10493
f 8397 8019 3988
f 505 5587 8019
f 8397 3988 2668
f 6371 8206 6300
f 2701 1477 10556
f 6010 9964 6900
f 3992 6372 11511
f 6374 9907 2672
f 7448 8241 7784
f 5515 7783 4422
f 7783 5515 8020
f 5021 7784 10104
f 11294 7162 10104
f 627 7162 10268
f 8021 8557 10685
f 6306 3856 11351
f 5595 5556 6720
f 6849 5595 6747
f 8006 2101 8021
f 2115 261 6376
f 4899 4374 10874
f 7005 2115 6376
f 5040 6385 6310
f 7163 6310 6385
f 430 6379 40
f 2121 4346 6380
f 7006 6381 4427
f 9822 6381 1387
f 5034 5035 4812
f 6385 4009 6383
f 7176 6391 2128
f 1924 10495 3078
f 7575 10484 4013
f 6607 5447 5715
f 7469 6431 5447
f 1926 1399 3156
f 1400 277 5052
f 2130 10551 2131
f 1288 4270 8203
f 9282 9698 10866
f 545 2134 7470
f 3646 7708 10603
f 10865 3088 6398
f 2625 2004 2686
f 3593 6910 7167
f 8563 8022 9528
f 8461 5073 5076
f 10098 8461 5076
f 9210 551 9812
f 5078 10283 10587
f 4987 4986 6404
f 6743 7570 11276
f 10506 7781 1951
f 4365 6406 4885
f 5688 5091 11450
f 4678 6673 3904
f 4677 6036 10879
f 3610 6202 3109
f 4042 5441 2657
f 7580 3562 3615
f 6412 8306 5097
f 7467 2053 4414
f 725 11143 3616
f 5698 4045 1448
f 1448 10554 5106
f 8208 6321 4043
f 7473 5699 7170
f 4444 4655 7170
f 4446 4445 2193
f 3122 4446 2058
f 7999 9444 6744
f 763 8567 764
f 4453 7173 9908
f 7173 764 8567
f 7789 5045 11087
f 9184 5739 6427
f 4015 11232 6430
f 6430 7175 6429
f 5141 10445 4460
f 8310 8236 4667
f 4074 4667 11456
f 2046 10635 7791
f 1327 3962 1524
f 9386 9363 7009
f 2046 4983 10635
f 3559 7009 9363
f 4074 3166 5717
f 7180 4461 3167
f 8310 1526 3645
f 3168 6616 9386
f 9963 5672 5718
f 3086 6398 8563
f 2149 9638 5072
f 5725 2319 5146
f 11189 1559 11051
f 10437 5148 6059
f 2324 7183 4099
f 1563 6441 6062
f 3191 3663 7184
f 7184 3663 6064
f 3665 7184 1568
f 4104 8027 3664
f 1566 8027 4104
f 4104 2326 1566
f 3190 6447 8462
f 8026 4105 7585
f 5155 8949 6449
f 2327 3191 5730
f 4106 7795 7186
f 4105 9655 7585
f 8950 6449 2329
f 8949 2329 6449
f 7188 4106 9569
f 7011 8029 8572
f 7898 3666 4286
f 4468 9882 7720
f 1570 9882 4468
f 7475 5157 7408
f 4107 5157 9426
f 2330 5157 4107
f 4468 10077 1570
f 10077 4468 7408
f 6451 5158 2330
f 11287 4108 10920
f 5462 1570 6920
f 3193 9730 9655
f 2329 5731 8950
f 5159 7795 4106
f 7188 8029 6450
f 3666 11053 6450
f 7796 7189 3192
f 7588 7796 3192
f 8853 7586 11053
f 2724 7898 4108
f 11019 9185 6452
f 2617 5734 2616
f 8032 4091 7585
f 6454 7796 7588
f 7583 7796 6454
f 1571 9879 6454
f 1559 6454 9879
f 6241 1911 3198
f 10147 6456 2178
f 4039 3607 1442
f 6854 8512 10670
f 5464 10670 11414
f 6458 6457 9668
f 5464 1576 4039
f 4678 3904 5161
f 3904 6921 5161
f 6921 3904 867
f 11041 5161 6921
f 10825 8406 11029
f 5163 6460 9211
f 4051 9211 6460
f 3669 2729 7719
f 3618 10880 3204
f 1577 6460 5163
f 9144 2053 11049
f 725 9144 5164
f 6919 9830 10040
f 2053 6070 4414
f 6461 8033 1579
f 3206 5694 582
f 5694 3206 8033
f 5189 3860 8574
f 1594 10260 10463
f 7589 1595 9186
f 9863 2226 5017
f 6763 9111 2265
f 2719 10396 981
f 981 4687 7582
f 1967 4364 7901
f 3236 8035 8002
f 5746 2740 11500
f 1670 10455 7409
f 10455 1670 2740
f 4364 6068 867
f 6471 5943 10839
f 8036 4135 3236
f 5185 3971 4134
f 7798 2059 5746
f 8036 5183 4135
f 1692 7172 3137
f 4839 7016 884
f 4158 1075 1849
f 4160 3281 3285
f 3716 96 966
f 1026 420 3717
f 87 8181 11496
f 10886 9562 9427
f 1776 10851 7196
f 5192 6081 4163
f 7410 10566 5195
f 6081 2762 10740
f 2762 6081 9679
f 5469 2762 9679
f 8037 5757 7799
f 7799 3292 4164
f 4164 8037 7799
f 7410 9462 10566
f 7197 4481 4166
f 7723 5753 6927
f 7723 8576 2515
f 1785 9562 10886
f 7592 3288 3290
f 3723 10607 999
f 5198 8040 219
f 10323 279 11415
f 4171 10887 3719
f 3287 8038 5759
f 3296 3295 6857
f 2490 413 8039
f 8040 5198 11213
f 8038 1780 6857
f 5207 6476 7196
f 7196 1779 7479
f 10740 7479 1779
f 7593 6476 5207
f 7200 11290 1982
f 10909 4168 6767
f 8041 6767 4168
f 11295 5200 6088
f 7199 5200 3718
f 6859 3281 3718
f 5760 1784 4482
f 1055 5204 183
f 7200 1781 6479
f 5758 5201 6083
f 7903 10887 4171
f 6767 2516 3298
f 313 6768 417
f 5204 10086 6479
f 5757 5199 6679
f 5201 4169 7902
f 5761 7902 4169
f 7595 3299 7594
f 10177 5203 5206
f 10177 7594 4170
f 351 11353 7800
f 4170 7594 3299
f 6484 7019 6084
f 5204 417 6768
f 7201 391 8043
f 351 8043 391
f 5205 5206 5203
f 7800 3299 7595
f 7202 7800 7595
f 3727 10086 5204
f 313 10338 4483
f 6768 313 4483
f 11413 8044 11295
f 5761 2768 3728
f 8721 3292 4701
f 1082 8042 4178
f 7203 6926 8046
f 7905 7596 961
f 7019 6085 3301
f 6085 7019 6484
f 6776 201 6483
f 7593 5207 7214
f 2229 6678 892
f 6678 6485 4483
f 6482 8046 7204
f 7597 5210 9872
f 7214 3724 6626
f 4174 6626 3724
f 2765 10910 3731
f 7021 4703 3731
f 2349 8049 2229
f 6485 6678 6486
f 5214 6487 2767
f 7906 2767 6487
f 6485 7215 7411
f 2348 7209 2349
f 8049 2349 7209
f 6486 6678 8049
f 7209 2348 7804
f 1082 8182 8050
f 8050 8182 10899
f 3732 11525 8050
f 7412 1789 5211
f 4702 6772 5209
f 3303 5208 8051
f 9729 7412 7208
f 7412 9729 1789
f 11207 2521 6490
f 7599 9362 7600
f 363 7804 2348
f 6485 6486 2769
f 8053 6928 8513
f 8053 854 6928
f 7908 3304 7210
f 2523 8578 2520
f 6496 5218 8047
f 1788 9817 6087
f 3733 8057 1788
f 7601 5213 6865
f 889 8056 363
f 5765 5215 9331
f 3309 8789 7606
f 4181 11192 8054
f 3307 6771 8055
f 5216 8580 4705
f 8580 5216 7025
f 9729 6770 7724
f 8932 10264 6770
f 10903 7805 6488
f 4706 10903 6489
f 2522 6929 8055
f 7603 7908 8888
f 2522 8055 7025
f 10255 9769 7804
f 3306 3736 5220
f 10255 7910 9769
f 887 4485 889
f 6774 7911 5471
f 1791 10064 6774
f 7807 1791 10681
f 8056 889 4485
f 4 6627 887
f 94 8360 339
f 7605 8513 5221
f 5226 8694 6483
f 8577 4165 11463
f 9164 3302 9695
f 6496 2520 8578
f 8854 7601 6681
f 1083 8057 3733
f 6091 5227 5219
f 6091 8057 1083
f 7217 6864 6089
f 2436 6627 4
f 6627 8855 4485
f 4179 3308 7220
f 2435 6494 2436
f 8058 8855 8696
f 116 6629 2435
f 8581 1794 8060
f 7911 7222 7604
f 10569 8060 1794
f 8696 4180 8058
f 1794 8581 11349
f 9570 6930 8581
f 5225 7602 8890
f 3309 8061 3734
f 8789 7216 7226
f 6866 4181 8054
f 6866 8054 5225
f 7810 8890 5215
f 2772 1795 9617
f 6681 6865 7227
f 2770 7227 6865
f 1793 10178 7217
f 6093 11221 1793
f 7914 7223 10064
f 1794 7725 10569
f 7914 9676 5472
f 4180 8696 7416
f 6629 4486 6494
f 116 759 8582
f 7610 7223 7224
f 7914 7224 7223
f 9310 8578 2523
f 10307 3311 5227
f 9165 3311 10307
f 5228 7227 4488
f 8063 7811 6930
f 7225 6495 7482
f 7811 8063 7030
f 7029 9997 8063
f 5231 10019 5234
f 8467 7482 10616
f 10028 9154 3742
f 10125 10760 4183
f 8410 9283 5230
f 1797 11464 6096
f 7610 7224 3320
f 4709 7418 1798
f 35 10259 8064
f 7030 8063 9997
f 7811 7030 7917
f 3313 9270 5233
f 7029 5768 2524
f 7031 7609 6100
f 4183 2777 6500
f 8065 6500 9924
f 3320 3313 5233
f 1800 10696 6781
f 2777 8516 9924
f 8516 9008 9924
f 8065 9924 10637
f 9216 7231 10637
f 8066 9216 9309
f 10703 7485 4302
f 1074 8068 1073
f 6103 5236 9584
f 6504 8583 3327
f 7813 7614 8069
f 9915 6097 6780
f 5241 8585 8873
f 4185 8795 7236
f 11306 8795 4185
f 8221 8734 8894
f 6105 9825 2525
f 9166 9615 9009
f 7419 3324 8323
f 7034 7918 8318
f 8070 2278 8324
f 8794 7921 10254
f 7035 8735 7036
f 5778 7036 8735
f 5251 5247 8321
f 8797 8442 8733
f 3747 9586 9286
f 4713 4716 7922
f 8413 8758 10179
f 5777 7488 7039
f 7924 10525 9274
f 3755 10713 8857
f 8736 9564 5779
f 9011 7626 4184
f 8795 7243 7236
f 7419 8323 3338
f 4493 8594 1803
f 7040 8385 8590
f 4494 7922 8590
f 10131 9 2063
f 4191 10923 7421
f 2528 8897 2527
f 5253 7620 5256
f 2527 5256 7620
f 7729 1805 8075
f 8329 3340 7245
f 8981 11405 2529
f 7248 7247 8327
f 4304 8738 7248
f 8327 9409 8253
f 9175 5785 3334
f 9016 9015 8593
f 9014 8593 8592
f 8935 7737 7626
f 3343 7822 8476
f 7822 3339 8476
f 7251 5790 9265
f 3343 8476 5790
f 10901 9265 8956
f 5249 6634 6936
f 8519 8762 6786
f 8762 8519 7927
f 4723 7927 8519
f 7928 4723 5479
f 7253 5479 5480
f 3335 7819 4192
f 9665 11202 6111
f 7819 6111 11202
f 8899 3757 9481
f 9883 2531 9920
f 10783 8799 9018
f 6685 8983 8760
f 7255 6512 8958
f 8076 2530 9680
f 7820 7492 7732
f 8900 5260 11360
f 7492 7820 11416
f 8737 7824 11291
f 8523 8223 8417
f 8417 5791 8523
f 9974 11080 5792
f 7262 7253 10738
f 6685 3346 8983
f 4305 7254 6686
f 10912 6115 8877
f 9646 5485 7491
f 7735 6686 6788
f 8255 2494 8079
f 300 8595 6514
f 6516 8598 9019
f 11231 8603 6789
f 3344 6789 8603
f 8079 2495 8224
f 8417 8223 8481
f 11297 9752 3347
f 5796 8080 5485
f 5270 9252 5272
f 9807 5787 11305
f 11094 8081 10570
f 9364 7630 7045
f 7494 3352 6688
f 7635 11203 7495
f 7495 5282 7934
f 8938 2786 2787
f 236 8599 9267
f 7267 4195 7269
f 10666 10639 5797
f 7493 9464 8194
f 3344 8603 3349
f 5270 5273 9252
f 10215 4502 8603
f 5273 8419 8605
f 7273 9267 8083
f 8083 9022 8527
f 5275 1086 10983
f 7636 7633 4197
f 3759 8334 8858
f 9024 1810 8081
f 4198 5285 5801
f 8335 9550 6522
f 10714 9025 9550
f 7828 10953 3352
f 3352 10953 6119
f 6689 6118 7498
f 5282 5801 5803
f 5801 5282 4198
f 4730 6690 7498
f 8606 8602 9021
f 6691 6523 8082
f 6523 9026 8082
f 10597 7383 10002
f 6521 5277 8609
f 6521 2789 4502
f 6519 8711 6520
f 11228 7831 5284
f 8085 9028 6792
f 7637 9455 6117
f 8804 5805 8902
f 7275 2536 5797
f 2536 10666 5797
f 3355 8904 8086
f 10629 7829 11506
f 7638 9604 6793
f 4200 4732 3767
f 7501 8879 8712
f 8742 8960 10107
f 7643 11204 3350
f 5278 6795 9024
f 6794 8333 8713
f 9032 9030 8987
f 5290 5803 5801
f 11518 7831 6127
f 6127 7831 11228
f 5290 7425 9394
f 7425 5290 5801
f 9434 3354 7639
f 7049 5808 4505
f 8614 8961 11195
f 2536 7279 9288
f 10666 2536 9288
f 7835 8608 6800
f 7836 5805 9254
f 6640 3355 8086
f 7288 8094 6125
f 6125 8094 6524
f 6800 8608 6524
f 8620 8879 3357
f 3357 7501 7282
f 6127 9565 11518
f 7935 8624 7642
f 3766 8727 4509
f 7288 6125 6128
f 6798 2791 4507
f 7942 7641 8620
f 6528 8621 8337
f 1811 4507 2791
f 7939 9588 7938
f 2791 6798 8091
f 4202 10102 7280
f 10312 8092 9819
f 2535 9167 7306
f 6944 7284 7940
f 5300 7940 9278
f 7285 6944 6947
f 10120 8962 7285
f 6534 7428 8530
f 8624 7426 7642
f 9032 4204 7503
f 8623 9289 8625
f 6531 7275 10133
f 7644 5813 7286
f 5813 7644 5295
f 5295 6799 5813
f 7300 7836 9254
f 8093 9254 5296
f 7298 5296 7835
f 1811 7654 6128
f 7430 7654 7299
f 7299 1811 2791
f 7299 2791 8091
f 5493 5491 2538
f 2538 5299 5492
f 10203 10758 4510
f 7504 4736 7942
f 6528 9219 8621
f 6130 8621 9219
f 5810 9219 6528
f 3769 4510 8096
f 10223 5293 4738
f 4738 6130 7646
f 3758 8097 9605
f 7647 6132 1813
f 6801 8632 10699
f 8632 6801 6802
f 8238 11104 8377
f 11104 8238 8726
f 6536 6538 6535
f 1812 9150 7943
f 10029 7943 9150
f 5491 7943 6131
f 6131 11230 5491
f 1610 11409 907
f 5302 8630 8629
f 8098 5305 2366
f 4511 4514 7645
f 6805 5303 11514
f 5306 8630 4211
f 7296 6539 9959
f 2377 8098 2366
f 5308 1093 1092
f 9036 4212 8340
f 5310 7840 5297
f 8101 3362 6949
f 7506 7303 8102
f 3771 8486 6134
f 5311 2539 7649
f 7057 7296 6137
f 1093 8990 8631
f 10249 9038 8340
f 9220 5819 7653
f 7839 7302 5316
f 7839 7299 8091
f 6643 7289 4205
f 5297 8095 6533
f 6533 8095 4205
f 8815 5327 10644
f 7301 7302 8700
f 6808 5318 6543
f 6543 8101 6949
f 8102 5317 5318
f 8847 8105 3773
f 1815 3363 7655
f 6137 2377 8635
f 5822 8104 9936
f 8812 8107 8636
f 1093 5308 6545
f 5312 8909 8811
f 5825 7431 9256
f 6138 7661 8533
f 8991 3365 7507
f 8637 5831 6693
f 6693 1817 9468
f 5498 9468 5325
f 6540 9040 8743
f 6810 6589 6546
f 495 10829 9616
f 8105 7657 3773
f 8104 8487 8105
f 10645 7657 9268
f 8343 8344 7947
f 9119 8343 7947
f 8118 6546 1816
f 4215 8282 10647
f 5327 11096 6532
f 4522 9042 4517
f 8106 8112 8635
f 8771 7309 8227
f 8227 8342 8642
f 5330 6143 7949
f 5329 7949 3774
f 7509 8448 8344
f 7950 5330 9290
f 7508 7950 9290
f 9290 10061 7508
f 8113 4518 4312
f 8362 6548 9881
f 6591 7659 7658
f 4744 8728 5332
f 7845 6544 8107
f 8701 6953 10678
f 10678 7307 8909
f 8911 9292 11209
f 4520 7312 2794
f 6813 7313 10690
f 5831 1817 6693
f 10977 7948 8645
f 7507 8645 7945
f 5325 1817 8534
f 8534 1817 6140
f 8650 1816 10572
f 6874 2794 4215
f 8773 7952 6143
f 10158 8362 9881
f 7310 8992 8649
f 8848 8121 8446
f 8447 1820 5334
f 8818 8122 9045
f 8123 8649 9777
f 9046 4313 6956
f 8534 6955 11507
f 8650 10572 11507
f 8648 8426 8120
f 7434 8120 4521
f 9046 8118 8119
f 4521 8120 7433
f 4523 7434 6647
f 9044 7320 8116
f 9523 7847 6955
f 5336 8912 9672
f 6955 8534 9897
f 9044 9723 9692
f 7662 7316 8392
f 8110 8964 7663
f 7663 7644 8110
f 7644 7663 5295
f 8744 5827 6957
f 8640 9047 5835
f 5326 8490 10026
f 6814 5339 5337
f 7319 8489 3778
f 8391 5335 6695
f 5335 7319 6695
f 8745 6553 9926
f 6963 6817 7669
f 9438 4750 7669
f 7322 7668 10925
f 5501 8196 5841
f 5841 8196 7851
f 7851 4219 6818
f 9049 4220 8429
f 9339 8126 8655
f 5500 7845 9486
f 8915 6698 8729
f 8967 5344 8826
f 5840 8129 9877
f 6955 9897 7667
f 6961 8129 5840
f 9295 9443 6557
f 7327 7667 7510
f 11225 5842 5840
f 6697 7327 8128
f 6148 6149 8284
f 6145 9456 6817
f 6817 6963 6145
f 7440 8774 1825
f 7953 7670 8660
f 6555 8729 6698
f 7330 5339 6814
f 7337 7672 4524
f 4225 10890 2542
f 9339 7321 9052
f 7331 6560 7333
f 8132 7684 7674
f 1821 9043 8662
f 11515 4748 8916
f 8133 7958 8663
f 3377 4533 6877
f 11363 7675 9756
f 10148 9257 8660
f 4530 1097 11515
f 5347 10148 7670
f 8492 9470 7336
f 3377 9295 4533
f 8130 7672 7337
f 8125 6552 10691
f 8231 5845 11218
f 9057 1828 9056
f 7677 5351 8135
f 6560 7331 5351
f 10055 3783 8917
f 10162 3787 9469
f 10573 9469 4528
f 7960 6823 7339
f 6820 6821 10313
f 8136 10148 5347
f 9059 7340 9774
f 7342 8138 1098
f 8138 1096 7959
f 9060 7683 7338
f 3381 7683 5376
f 8777 7334 8671
f 7855 5847 11298
f 7066 6561 9754
f 5505 7855 5852
f 6568 8286 8141
f 8671 9061 8829
f 10669 6567 9061
f 8141 915 6568
f 8433 8432 9246
f 9567 7957 9308
f 2802 4315 7956
f 11361 9260 9471
f 7864 7696 8927
f 7078 9567 9308
f 1098 6168 7366
f 6155 6168 7959
f 7959 6168 1098
f 4534 5358 2803
f 3788 7681 4227
f 8779 8778 6564
f 5849 8382 8500
f 6701 6565 10580
f 8141 9329 8676
f 4535 8379 8494
f 8679 4751 8695
f 8142 8678 9430
f 8918 6964 6572
f 8718 7858 7443
f 7858 8718 3387
f 11288 6827 7515
f 9063 5360 7066
f 7351 7348 7856
f 7441 9067 6968
f 8143 3794 8144
f 8143 6968 9067
f 3790 6651 7353
f 2545 7748 8355
f 8379 7749 8453
f 9972 8851 3390
f 8831 8748 9533
f 4231 9433 7693
f 8186 4321 4232
f 1834 6971 5857
f 7964 2805 5363
f 6575 8144 3794
f 9070 5509 5366
f 7966 5366 5509
f 4233 8394 4755
f 8684 7071 7445
f 8924 7445 7071
f 1837 9685 7444
f 7695 5369 9072
f 4322 5369 6165
f 9073 2806 7363
f 4759 5374 8686
f 4757 8852 8924
f 8380 8924 8852
f 2806 9300 7363
f 6576 9074 5371
f 1835 6161 8436
f 8233 6828 5856
f 8357 2806 3396
f 7862 7444 8943
f 9483 6576 6829
f 10653 7695 8720
f 8783 5863 6592
f 7371 6975 8148
f 8148 9330 7703
f 6166 5373 8290
f 7699 4759 1840
f 7390 8838 8852
f 6832 8925 11219
f 8149 8358 11356
f 8749 5510 6163
f 8152 8689 7369
f 9075 8149 11356
f 8151 2 1711
f 8929 7390 3398
f 6834 6977 8838
f 5850 10071 9059
f 6167 10655 7366
f 7372 6879 7371
f 6975 7371 6879
f 7968 8841 8153
f 8841 7968 7372
f 9234 10949 9078
f 8499 9316 8674
f 8730 6834 8929
f 9446 7347 8707
f 5379 8707 8750
f 8498 10654 8692
f 419 8152 1077
f 7369 8840 8691
f 6168 6167 7366
f 7078 6166 7077
f 6166 6167 7077
f 7699 8456 6881
f 7698 7075 9589
f 2754 11057 3400
f 107 2949 165
f 9178 10201 6259
f 1121 2180 9629
f 1518 2381 9112
f 8271 671 540
f 8271 540 431
f 2039 9134 1524
f 193 8158 660
f 372 4682 2373
f 8668 10742 4316
f 8160 11451 1915
f 3909 1139 1359
f 1131 2656 1214
f 4415 1339 2642
f 10369 1966 2830
f 238 8167 2080
f 8168 36 634
f 8169 649 1997
f 811 931 659
f 670 2228 814
f 1980 8171 11435
f 225 8311 2153
f 229 159 4043
f 4044 231 265
f 6042 10932 2225
f 6609 686 9137
f 282 2292 692
f 842 52 562
f 6580 8173 11240
f 362 74 400
f 2361 9110 6675
f 522 2359 9110
f 691 8177 2144
f 1649 839 2403
f 1553 96 2752
f 8173 3673 5168
f 989 990 174
f 11190 970 969
f 1771 1063 2760
f 9313 9237 8697
f 6098 4185 7236
f 8095 6643 4205
f 3369 3780 4522
f 4528 9486 8864
f 3390 8186 9972
f 3400 1688 2497
f 3043 487 3970
f 2228 1288 814
f 640 1373 3997
f 3084 691 2144
f 946 689 8177
f 3036 6456 3108
f 1877 1461 3035
f 8156 1519 817
f 4080 1540 2716
f 7152 6666 10550
f 859 1657 860
f 1051 1756 2274
f 925 926 1818
f 8189 823 2384
f 968 8190 348
f 1039 11190 969
f 1665 3233 979
f 2443 1696 10084
f 1699 644 902
f 1726 1538 3707
f 8192 8217 9854
f 6105 3748 9825
f 3748 6105 9187
f 3353 9982 9770
f 8146 8883 5862
f 4780 1204 6278
f 8198 1361 1140
f 9396 3129 4800
f 4840 3863 1923
f 1924 5409 10495
f 1203 1872 98
f 3531 9867 3105
f 5006 1219 1962
f 7453 3421 2600
f 5552 5425 2980
f 5990 3455 8204
f 5993 3017 3018
f 1170 8205 1326
f 2091 1358 2090
f 8169 1380 2117
f 1380 8169 1997
f 3659 1396 541
f 9143 5671 6394
f 3087 3590 2016
f 4646 8207 6401
f 2029 478 6349
f 2414 8272 1424
f 6035 9105 1442
f 1461 159 229
f 5105 4385 4049
f 8209 4055 4447
f 8209 2930 1957
f 250 11438 1586
f 1479 756 3630
f 2747 998 4063
f 3146 1489 10196
f 2274 1756 1591
f 816 8156 817
f 8156 6764 1519
f 3589 10354 1527
f 826 1529 2286
f 282 692 2147
f 2301 338 848
f 1121 9629 4880
f 11311 988 1360
f 362 178 74
f 6427 5739 5170
f 776 1494 895
f 2239 776 895
f 910 909 2250
f 10390 406 927
f 11250 1645 284
f 2406 4034 214
f 2306 1423 2298
f 979 3233 978
f 8173 1583 3673
f 10451 10769 3696
f 1698 3217 3695
f 1002 1699 902
f 3582 2448 11084
f 375 6764 9112
f 1541 10395 2716
f 387 8213 4696
f 1071 10340 1754
f 1293 1024 6622
f 279 16 11415
f 7216 4181 9574
f 10694 11201 10616
f 5276 8225 11211
f 9571 7383 8878
f 7637 6117 8902
f 8908 8127 9034
f 3770 6132 5308
f 10243 4214 10249
f 3372 10720 4221
f 6165 5375 9000
f 9790 9789 5380
f 5540 10836 5383
f 2628 8235 6604
f 3555 3556 1324
f 5381 6623 415
f 10640 6787 6788
f 7689 8718 8363
f 3403 8242 2939
f 4795 1882 7088
f 1158 455 1162
f 4354 9513 3858
f 9103 7777 5078
f 8244 426 1106
f 1229 3483 2945
f 3908 1891 6298
f 5635 1297 7167
f 5022 10352 514
f 1395 11123 5421
f 5101 10560 1578
f 4920 5701 5107
f 3061 2279 3132
f 1479 3135 11382
f 4671 2325 3185
f 188 1509 1995
f 393 8249 10562
f 10125 6500 5766
f 8734 8473 8252
f 7726 10661 11085
f 6151 9335 7513
f 6966 2802 7956
f 3387 7689 9258
f 8451 6971 8495
f 6972 8159 7361
f 6976 6973 10709
f 10891 3378 8260
f 8865 8381 7373
f 9815 10658 2546
f 3414 1123 8187
f 8261 1197 6991
f 4628 7708 6992
f 5603 3922 2975
f 8947 5959 4905
f 3501 8263 3500
f 2193 91 730
f 3984 1352 2664
f 6381 9822 5025
f 10848 5071 10744
f 6191 7008 10659
f 4960 2029 3597
f 9715 4279 2056
f 2231 3143 1486
f 9843 859 860
f 763 10625 8567
f 3266 3684 8191
f 2511 10929 1774
f 3283 1775 2761
f 7020 5205 3301
f 1797 3743 10660
f 7232 10178 6098
f 7235 5474 8759
f 10924 8273 7037
f 8274 4718 9273
f 8274 8278 7043
f 7944 8991 7056
f 1094 5821 9290
f 9307 8281 9606
f 7058 8282 7313
f 11205 2543 5844
f 3383 8285 3786
f 7072 8289 8137
f 7969 7706 3799
f 7527 63 6170
f 1872 4546 50
f 8291 6654 1192
f 8292 9980 6346
f 7974 11478 1194
f 3414 11485 2832
f 11341 4898 5536
f 7145 5542 9131
f 6231 10662 4817
f 1909 8294 1267
f 2568 8868 10613
f 8205 15 573
f 5559 3519 7108
f 6250 10737 1284
f 6255 1178 4639
f 8503 6923 2575
f 478 98 50
f 50 6349 478
f 8296 2917 9261
f 8296 9261 10591
f 3419 3903 4363
f 8396 8002 4364
f 3129 9396 4557
f 8200 9688 5590
f 9943 10796 5974
f 4805 8298 11038
f 8505 4370 5954
f 1989 10544 3921
f 10864 9803 4349
f 10737 5555 10577
f 197 8271 431
f 8203 544 1287
f 3939 8401 4943
f 2032 3956 3015
f 8403 3960 9953
f 2921 7548 4975
f 4413 3558 8302
f 2207 2077 2337
f 496 2598 2664
f 1155 10124 6917
f 5034 9736 7165
f 6618 6329 275
f 11087 5045 5048
f 8461 4029 11061
f 8304 10283 5078
f 8267 6337 8507
f 11313 1199 5931
f 9212 2697 5965
f 4654 5702 5164
f 2055 4052 2189
f 8209 1957 4055
f 6423 11397 11508
f 3079 10932 8308
f 3222 9108 10292
f 10292 9108 3153
f 3643 4075 3962
f 9823 4075 5652
f 11181 100 9962
f 7582 8311 225
f 6373 9863 5126
f 6759 2368 1506
f 945 10364 2685
f 8237 1649 6617
f 4088 5075 3235
f 3673 6467 10460
f 6468 5162 2333
f 1700 3148 7174
f 3251 11084 3223
f 413 8214 219
f 2485 2483 1741
f 2413 11445 968
f 8175 2442 2230
f 5213 7601 10608
f 1082 4178 6769
f 8466 11185 11285
f 9284 1032 3740
f 6103 8318 7918
f 7920 5770 6781
f 9285 9007 9306
f 6103 9584 5243
f 9439 8473 4189
f 7246 4724 4722
f 8326 9147 8222
f 3756 8330 5260
f 10697 5788 9463
f 9019 8078 7257
f 7264 4194 9481
f 8899 9481 4194
f 9464 8185 8194
f 8085 6792 8607
f 6123 9338 10714
f 4737 9597 7052
f 9859 9036 8628
f 9150 11173 10029
f 7943 5491 5493
f 8118 8638 6546
f 6542 9764 8341
f 8344 8448 9242
f 8345 7311 8346
f 7311 8345 6819
f 7316 7662 4523
f 7317 8652 8348
f 9764 7318 6958
f 7324 9053 8133
f 6555 9448 8967
f 4222 11072 2542
f 9054 10675 7334
f 3380 4222 10890
f 7339 9749 8881
f 7340 9059 8667
f 6563 8778 7677
f 9258 5355 8920
f 10652 7444 9685
f 1834 9685 1837
f 8146 5862 9472
f 8365 3398 7390
f 8455 7365 8749
f 7368 8882 10960
f 7369 8689 8840
f 7969 9077 8928
f 3405 10840 4543
f 3419 4237 5889
f 5922 4580 7079
f 4253 9783 4252
f 9547 6203 3114
f 7803 9769 3736
f 9696 8360 8722
f 7382 8845 7736
f 8668 4316 2804
f 7359 9149 7069
f 4543 8367 8368
f 5915 4353 7541
f 8244 11491 426
f 3004 5078 5088
f 5936 8262 3020
f 8167 2084 2080
f 9384 10483 9229
f 672 8171 5054
f 5680 7778 551
f 8373 1424 8272
f 1653 8373 709
f 4439 3610 3109
f 9967 8567 2227
f 9146 3017 4408
f 8890 7810 9919
f 7630 7821 8480
f 5804 5281 9630
f 7937 10203 10642
f 7430 7429 10745
f 6537 7658 6951
f 8848 4312 4518
f 7438 10733 7340
f 7439 7437 6962
f 1825 6153 7440
f 10256 4223 8661
f 3385 8381 9411
f 8866 8382 3384
f 7447 8692 10654
f 1203 8504 1872
f 6317 8383 5597
f 2574 6719 10103
f 8295 1179 4354
f 4864 5080 3096
f 3118 6319 5613
f 8408 10887 2518
f 5241 8873 8193
f 9238 9608 9931
f 8591 8376 7422
f 10618 9613 5255
f 10698 8278 8386
f 8278 10698 4726
f 7499 8390 2533
f 7501 8806 9321
f 9289 8529 6529
f 5820 5821 1094
f 8940 10280 3776
f 10720 2798 8392
f 2798 10720 3373
f 10663 7680 6700
f 3386 8232 3792
f 9433 4231 7071
f 10655 8290 7517
f 7519 9826 7701
f 8929 3398 10949
f 8395 1855 9417
f 3812 3813 4767
f 4818 3437 10834
f 8294 3504 1267
f 6240 3197 2884
f 3810 9127 1178
f 10548 1873 10547
f 476 9132 11046
f 3892 11272 3888
f 3236 8002 8396
f 7978 9787 4334
f 4891 8200 3423
f 4802 5536 4898
f 2976 7462 1991
f 2976 1991 5605
f 2983 7760 4916
f 10231 3440 5109
f 9103 3944 10849
f 5644 3543 5643
f 3415 9140 4992
f 3041 10356 584
f 5745 2059 3973
f 9124 2662 6005
f 5598 5040 5950
f 6323 1275 8235
f 6607 7575 9142
f 11087 5048 4014
f 6908 9592 11358
f 5063 9143 6394
f 5427 4258 7471
f 9726 555 8504
f 4031 8305 2914
f 11313 5931 6056
f 1445 5098 3968
f 7788 6919 1446
f 8406 3116 8172
f 9182 4072 5136
f 5717 8310 4074
f 1544 9109 2304
f 4092 2324 5146
f 8407 2325 4671
f 8249 8464 5740
f 8249 5740 10562
f 3700 5188 9561
f 6462 2893 4937
f 3720 8408 2518
f 7210 5210 9362
f 9917 2773 2774
f 4486 6495 7225
f 11357 5233 4300
f 5770 8708 6781
f 2777 4301 8516
f 21 9009 9615
f 6932 7420 7040
f 7627 6786 8762
f 8330 3756 7623
f 5260 7628 3756
f 8416 8899 9266
f 7931 7270 5269
f 7268 8417 8481
f 7271 6520 4732
f 11305 8858 11204
f 7635 11153 11203
f 3355 5271 8904
f 9302 10667 11364
f 8422 9451 4508
f 4210 5304 7427
f 6805 8424 5303
f 7297 7659 3364
f 9041 7655 10136
f 5322 5323 4744
f 7742 4744 5323
f 5338 6694 5826
f 5295 7663 5834
f 8430 3381 11082
f 8431 6962 10663
f 1829 11515 8916
f 7343 8669 7350
f 8542 7069 10013
f 7073 9694 9671
f 10947 8495 10951
f 9069 4321 8186
f 8437 4323 7704
f 7700 6164 7701
f 3395 7700 5372
f 5372 8438 8147
f 8438 5372 7700
f 7682 7752 6881
f 8291 4586 2552
f 4550 4549 5992
f 4250 7709 2592
f 10167 5422 1385
f 7147 9155 2622
f 8304 8013 9829
f 6992 8440 4628
f 1324 1322 3555
f 10307 5227 6091
f 6778 5772 8517
f 5475 10935 8374
f 29 8442 589
f 7621 9579 10682
f 3763 8765 2788
f 8445 8727 8484
f 8624 10216 7426
f 8446 8447 7741
f 4745 2795 3781
f 6147 8449 7743
f 8229 8915 11517
f 9072 5369 7751
f 7750 9072 7751
f 4322 7751 5369
f 9971 8944 9269
f 8544 2809 4324
f 7706 6966 8456
f 1879 8547 9407
f 1884 5528 5455
f 2852 10833 10005
f 11037 1151 5539
f 4820 10428 11259
f 1914 1184 1912
f 10858 3442 5972
f 10813 5667 2896
f 6185 5564 4847
f 5941 2928 6032
f 6210 3479 4367
f 3999 10230 10759
f 5597 7885 1898
f 1248 7140 6903
f 4924 1915 6322
f 4395 8245 5631
f 9102 550 5634
f 6910 5635 7167
f 8439 5413 6352
f 4276 8459 6405
f 7780 8459 5654
f 8460 6915 4983
f 8017 2731 3670
f 4042 6003 5441
f 5443 5019 5018
f 3068 5026 5039
f 6407 5690 4436
f 1445 7787 5098
f 6434 5142 1416
f 6061 3186 10488
f 4478 1694 2622
f 6923 4681 6332
f 10287 5756 4482
f 9902 8469 9009
f 8251 5771 3312
f 8891 8470 7814
f 8470 7815 7814
f 4492 3748 9450
f 8473 9439 8252
f 10911 8325 6106
f 5784 5252 7818
f 7624 4191 7623
f 7732 7492 7734
f 8477 4194 7264
f 8478 5266 5268
f 5789 4728 5793
f 5796 5485 7826
f 10009 9228 9978
f 8481 9716 5274
f 2534 3343 10666
f 3343 9977 7822
f 11204 8858 3350
f 7827 9896 11292
f 9691 3763 5280
f 122 3353 8084
f 11292 8482 8960
f 4509 8727 10955
f 7834 5807 11071
f 5302 8629 4738
f 5302 4211 8630
f 9598 8963 5322
f 6694 7660 6645
f 4519 6811 9328
f 6960 8378 6959
f 4220 8861 8860
f 8965 3376 9049
f 8864 10954 8966
f 5844 7510 8776
f 10926 8128 2543
f 10612 10667 10695
f 8349 10695 9302
f 7440 7064 8780
f 8491 2541 10990
f 9294 3386 8662
f 3386 9294 8232
f 8841 8828 7342
f 8919 7744 7745
f 6967 10070 7685
f 8379 4535 8679
f 10938 8680 6826
f 6968 6572 7441
f 8831 9226 1831
f 7964 8454 8497
f 5368 8497 8454
f 7862 9269 6973
f 9269 7862 8943
f 8499 8152 7369
f 8152 8499 1077
f 8260 5863 10891
f 5863 8260 9587
f 8382 5849 3384
f 2901 1869 9398
f 4770 1869 5874
f 1206 1114 4595
f 6366 3415 4992
f 4337 1134 9116
f 7760 2868 8243
f 8502 2121 5029
f 4346 8243 2868
f 8243 8502 4563
f 9758 7103 10093
f 2825 8504 555
f 4862 5115 9568
f 9157 3467 1208
f 10543 1208 3467
f 9420 3531 3105
f 8199 2600 3421
f 6421 2211 9369
f 8505 4608 7134
f 4608 8505 5954
f 6663 8947 4905
f 1257 4613 5961
f 8266 9647 3509
f 5616 5970 1278
f 3529 7001 6338
f 1308 4625 3010
f 5989 10593 7465
f 6199 1876 11067
f 8458 10325 4873
f 5167 3672 6756
f 9124 6005 3406
f 3576 10268 6670
f 8369 1377 11171
f 4644 8270 4645
f 10322 8510 9540
f 11269 7008 6191
f 3897 5086 10269
f 10553 1449 5457
f 2223 10302 4663
f 5996 8211 6053
f 8407 4671 5151
f 1566 7794 1567
f 2726 2332 9949
f 11500 7901 7798
f 4699 2761 939
f 10887 8408 3719
f 10608 7205 1079
f 6769 9382 8182
f 6770 7207 8932
f 7026 8513 7605
f 8791 8583 7916
f 7614 6866 8471
f 8871 8471 6866
f 11354 10672 6502
f 3747 9286 8220
f 5779 9564 8705
f 8525 9454 9272
f 8518 3327 4718
f 8519 3331 4723
f 8520 6935 8982
f 7925 5483 6934
f 8223 5482 4725
f 10705 7629 7927
f 7929 8800 8876
f 8346 8984 9277
f 7043 8278 4726
f 9025 8985 6522
f 9627 11086 1089
f 6121 11105 4507
f 6126 1090 5490
f 9453 7055 5313
f 8117 6135 7945
f 5495 9748 9468
f 8642 8992 7310
f 8536 3776 9243
f 8538 8537 8822
f 8449 8775 8822
f 7061 8540 10700
f 7685 10070 8230
f 7958 8133 9062
f 8356 9320 2804
f 8541 2804 9320
f 3796 4233 4755
f 9259 3796 7356
f 7071 8684 9433
f 8852 2808 8380
f 6164 3395 5370
f 9471 7965 9687
f 8382 8866 10658
f 7969 3800 9077
f 6180 3810 2892
f 6181 7865 5980
f 2552 8545 8291
f 4775 9699 4546
f 8545 2552 4332
f 724 3611 8547
f 4788 2836 5528
f 2837 5884 2555
f 4795 7088 3831
f 6370 4797 3833
f 4239 8457 9001
f 9396 4800 3487
f 3486 5893 6712
f 6998 5895 10728
f 5546 8300 1906
f 457 4814 10662
f 4818 4573 3437
f 5969 6247 533
f 6719 2574 1917
f 9127 3810 6180
f 5661 10776 1364
f 3861 4620 1180
f 468 4356 1289
f 6274 3463 9132
f 6275 9137 11181
f 4871 9261 8246
f 3903 4883 4363
f 8002 7901 4364
f 6673 3236 8396
f 8396 3904 6673
f 6009 10474 5013
f 7881 9369 3490
f 9370 4803 7134
f 9163 5662 9421
f 8383 2966 4605
f 6311 2852 3840
f 3492 5599 2606
f 5948 5606 10846
f 9207 1992 2971
f 3928 1261 9650
f 10613 5543 3503
f 9803 1263 4918
f 9803 1262 1263
f 4615 8264 5967
f 3513 8553 11346
f 10540 1912 1278
f 5622 2998 8202
f 7882 3521 6325
f 2441 6331 10476
f 5916 4393 11358
f 2623 4944 4623
f 550 9102 4950
f 1866 5564 6185
f 3537 6342 7399
f 11269 3594 7008
f 5644 9180 3543
f 6845 7002 9461
f 572 3026 3890
f 3029 3030 10035
f 8165 1940 9526
f 9405 7571 6001
f 8302 3558 3034
f 7402 7003 9996
f 9140 2832 11485
f 7377 11120 6756
f 5167 5441 6003
f 3971 3122 6367
f 6848 11332 3980
f 5020 8558 8557
f 2121 6380 7164
f 8559 8270 5032
f 5036 8559 5032
f 4269 7163 6385
f 2680 8560 6019
f 9142 7575 5668
f 6390 5048 10253
f 1482 8560 5056
f 5670 2133 6608
f 3168 8561 2282
f 8553 664 3087
f 6610 5674 2679
f 3088 10865 1296
f 8207 4433 9540
f 3090 8562 3092
f 2151 7578 4948
f 8510 5068 6401
f 3092 4432 6025
f 8013 8304 3004
f 1941 5574 3596
f 1421 8305 4031
f 10605 5079 6028
f 10805 5688 10486
f 4039 9105 6854
f 228 5094 438
f 7473 4443 9212
f 4656 5703 5163
f 159 1461 1221
f 6424 4448 4637
f 4011 5660 5124
f 2214 3133 3136
f 8568 5045 4062
f 2098 3258 1020
f 9134 4461 9737
f 7182 4090 7894
f 5145 4091 8032
f 11051 4096 11189
f 10804 8407 6062
f 3664 8571 9301
f 6446 1916 3190
f 8028 8572 8029
f 1911 7721 5733
f 8463 1911 5733
f 1911 8463 3197
f 5464 6854 10670
f 2187 3202 3117
f 238 741 8167
f 6462 5189 8574
f 6617 1649 2403
f 2738 8373 1653
f 5075 4687 3235
f 5183 8036 1671
f 4132 10460 5182
f 3044 7798 3972
f 3639 1700 7174
f 4699 7194 2761
f 3282 6080 3280
f 7591 1778 1078
f 6481 6768 4483
f 10567 5213 10608
f 7208 10614 7207
f 94 8218 8360
f 8315 8579 8580
f 8513 5217 8843
f 8059 9617 8580
f 7911 7223 7222
f 8579 8315 5224
f 8582 6495 6629
f 11413 4186 8952
f 9003 6094 6090
f 6094 1796 7413
f 10616 9305 10694
f 8070 8758 8068
f 8793 8068 8758
f 9915 6780 9006
f 9008 8319 6501
f 8518 6504 3327
f 8733 8442 7616
f 5251 8895 8412
f 8412 10596 2778
f 8375 2778 8374
f 7250 9287 11112
f 5257 7615 11471
f 11471 4184 7626
f 8590 4721 4494
f 2063 10074 10131
f 8075 4192 11202
f 9016 8593 9014
f 7737 8709 7626
f 11202 4192 7819
f 6636 8698 10310
f 2785 5786 8092
f 7488 5786 2785
f 8479 9669 7265
f 5267 3341 8331
f 6514 8595 8078
f 8600 8599 6514
f 395 6791 11131
f 5273 5270 8477
f 8601 7495 7934
f 8858 8334 3350
f 8334 8741 3350
f 10155 6123 9550
f 9467 1086 5275
f 2532 3349 5800
f 4199 9027 3351
f 8086 8612 7287
f 9659 8741 9029
f 8089 8625 8338
f 8089 7051 8280
f 6941 9253 11526
f 7277 5808 7935
f 9027 4199 7936
f 8338 8090 9031
f 6798 9808 8091
f 8629 4209 10223
f 4209 8629 2539
f 6537 6951 9035
f 356 9381 8099
f 8633 6538 6536
f 6538 8633 8100
f 4206 9410 5310
f 9616 10036 10296
f 10036 10829 356
f 5327 6946 6640
f 5316 6807 7843
f 4214 10243 4215
f 5824 8990 1093
f 8640 9322 9047
f 8124 9047 9322
f 6547 7841 8641
f 8772 10674 9307
f 9290 5821 10061
f 6554 10295 9034
f 7659 6951 7658
f 6816 11209 9292
f 8116 8644 10326
f 9575 8117 8645
f 8118 9046 8647
f 8647 8638 8118
f 8122 8818 7310
f 8650 7847 8119
f 10733 7438 9314
f 9926 8820 7315
f 8123 8429 4217
f 10719 5503 3370
f 302 242 8941
f 6147 8941 6550
f 9493 4218 7849
f 8391 6695 6959
f 4526 8656 2262
f 9975 9053 1826
f 7743 9325 9051
f 8660 9257 7666
f 7674 10108 8132
f 9043 9294 8662
f 8134 8539 10675
f 6148 6154 6559
f 8864 10573 4528
f 10573 8864 8863
f 9747 9754 7854
f 9749 7060 7853
f 8138 7959 1098
f 11089 6560 5351
f 7334 8285 7344
f 8671 7344 7348
f 4531 4534 2803
f 6978 11359 5377
f 7347 9446 5358
f 8140 8674 9316
f 6158 8675 6567
f 8115 9313 10734
f 9291 8677 9280
f 8832 9609 9341
f 7684 8232 7674
f 7441 6572 6964
f 7350 7442 7858
f 5853 10938 11088
f 5356 8240 8287
f 6567 10669 6158
f 4228 9459 7355
f 4230 6571 3794
f 5854 8748 5855
f 4537 8144 1835
f 6573 8942 9927
f 7687 4228 6969
f 6574 7358 7694
f 7692 9433 8684
f 10109 7964 5363
f 6972 9073 7363
f 911 8496 9472
f 10153 9076 5371
f 8689 8150 8840
f 9075 10960 8149
f 7365 5510 8749
f 8358 10676 8543
f 2 8689 8152
f 5376 9060 8148
f 2810 7857 8673
f 8692 5868 8359
f 196 377 376
f 390 11353 2415
f 7020 8048 10895
f 7915 6587 3316
f 7314 6875 4312
f 7963 4318 9227
f 9087 606 168
f 8558 5020 4264
f 3233 977 978
f 3161 6622 3943
f 8696 8855 8183
f 8183 8855 6627
f 7232 7236 5239
f 7813 8069 3326
f 3749 4492 8975
f 9013 6635 4497
f 9017 10310 8698
f 8698 6636 6512
f 9666 5796 4503
f 6641 5811 9598
f 7839 8700 7302
f 6643 8700 7289
f 7839 7289 8700
f 6641 9598 5322
f 4525 6815 8658
f 6815 8657 8658
f 8927 11359 7330
f 7857 2810 7752
f 6571 7687 9432
f 7687 8995 9432
f 7691 7690 4538
f 7691 9069 8186
f 9069 7691 4538
f 8380 7445 8924
f 10653 6165 5369
f 6965 6653 9743
f 10468 2879 6656
f 6843 1282 5618
f 2632 2029 10656
f 6503 8704 10259
f 6682 1802 8705
f 3329 7246 4722
f 9614 9228 6790
f 5287 6691 6792
f 11105 4504 9415
f 8530 9452 6797
f 8641 4742 8817
f 6138 8911 7661
f 7322 10925 9438
f 8969 9754 6561
f 7854 9820 9747
f 5366 8435 8719
f 237 172 31
f 3881 7998 7395
f 9109 1545 3600
f 2077 2207 2942
f 10463 178 1594
f 10084 10046 999
f 1698 3248 10387
f 6776 6483 8694
f 2776 7233 5238
f 7233 8708 5238
f 8708 7233 1800
f 7250 6497 8586
f 7619 5245 9274
f 5249 7251 6784
f 5254 5783 8385
f 10180 5256 2527
f 9287 7250 6785
f 8709 9664 5257
f 7627 11420 6786
f 8522 5259 7627
f 5269 7270 6517
f 11211 7636 5276
f 8420 8903 4731
f 8710 5291 8420
f 6945 8185 9464
f 10202 5288 8185
f 8713 2790 6794
f 8618 9253 10240
f 6132 5294 1813
f 7647 7307 6804
f 8640 7318 6541
f 8127 11424 9034
f 8701 10678 5331
f 9292 8911 7431
f 8657 9975 8702
f 5846 8393 6820
f 4752 9810 9746
f 8132 9341 7684
f 8717 7684 9341
f 6826 8782 10938
f 9932 6827 5360
f 6968 9317 9064
f 5362 6570 8435
f 5508 4319 10622
f 8686 8233 9693
f 7704 7696 8437
f 4966 11365 5992
f 5941 6032 6840
f 6847 2654 8016
f 8722 3739 10105
f 7032 9262 10939
f 9664 8322 5257
f 8724 6785 8322
f 8602 8418 8739
f 8802 8725 10683
f 8726 5809 9176
f 5809 8726 9278
f 5342 9824 9930
f 9824 8239 9930
f 8352 9055 8540
f 8672 7347 6699
f 4230 8143 9067
f 10741 5854 7353
f 4323 8364 8453
f 10585 6825 8730
f 5379 8730 6825
f 8241 2551 10229
f 3831 7088 6206
f 5899 5898 5551
f 4583 2027 5638
f 9676 8060 10569
f 9233 8063 5223
f 8790 11465 10307
f 9198 7918 5235
f 5238 8708 2525
f 7227 5771 4488
f 8588 6931 7619
f 9578 8732 3328
f 8252 8733 8734
f 4721 8385 5783
f 6933 5254 7420
f 9013 6509 11479
f 6939 5266 7628
f 8739 8077 8938
f 7631 6940 9364
f 7045 8480 7497
f 6691 5287 9809
f 9029 8741 9466
f 9598 10107 11118
f 4203 8423 8768
f 8639 8743 6809
f 8743 8639 6142
f 6645 5826 6694
f 9322 8640 7432
f 9312 4742 8641
f 7659 6591 5829
f 4515 6694 5837
f 8880 11304 5831
f 9190 8744 7329
f 5345 4524 5339
f 9056 8378 6649
f 6961 9158 7667
f 7510 9158 8776
f 4529 4751 9660
f 8968 6821 5842
f 7329 8665 11466
f 9411 5851 6700
f 7752 7682 7679
f 8541 9320 5853
f 10741 8748 5854
f 6570 8719 8435
f 4539 5507 4322
f 8720 5866 10653
f 3385 10580 8381
f 9177 2572 9436
f 6599 3469 2922
f 8751 7121 7122
f 8752 7881 3490
f 7002 5994 5995
f 2722 7012 7477
f 7900 8512 8887
f 8931 7023 9331
f 8756 5766 3740
f 9284 3740 5766
f 7414 8757 7415
f 8703 7480 11419
f 5235 6099 2524
f 9584 10610 5242
f 7921 8794 8934
f 7381 8220 8892
f 5775 5477 7730
f 7037 7730 10924
f 8757 9933 9495
f 9238 7038 8584
f 8590 8385 4721
f 4725 10712 10617
f 5252 5784 3335
f 8876 8275 4724
f 6685 7041 7423
f 7423 7041 8277
f 7042 9333 8763
f 8763 8092 8387
f 7043 8764 8274
f 7934 8597 8601
f 8765 3763 3351
f 9978 2788 8765
f 8769 8530 6797
f 5812 9799 8769
f 5313 7055 7660
f 8770 7945 6135
f 7945 8770 7056
f 3365 8533 7661
f 8771 8642 7310
f 10647 8639 6809
f 8639 7058 6141
f 8391 6954 8427
f 8427 6954 9667
f 5331 8658 8702
f 8283 4525 6811
f 8774 4747 8773
f 8775 9692 8538
f 6821 6820 8393
f 8393 5846 11363
f 5844 9756 11205
f 10675 8539 3785
f 7334 10675 8285
f 10721 8352 7061
f 8781 7062 8779
f 6154 7957 9567
f 7957 6154 8780
f 9750 9932 9927
f 7069 8542 7068
f 10013 9149 9303
f 7748 8783 8923
f 7072 9694 7073
f 4323 4756 7704
f 9070 8785 5509
f 6165 10653 5375
f 3799 3800 7969
f 3414 2832 1123
f 4552 9140 3415
f 7089 6203 9547
f 7084 7116 5880
f 8787 6716 6603
f 8017 3038 11182
f 304 2085 244
f 1231 444 1361
f 6997 1372 1375
f 4950 11150 7893
f 2190 3043 3970
f 8312 5722 4094
f 6453 7588 8853
f 3972 4135 8555
f 5183 8555 4135
f 1673 3691 2335
f 8408 3283 3719
f 5201 1783 4169
f 9933 7414 4296
f 6492 8952 4704
f 5218 8062 8788
f 7221 9947 5223
f 2772 8059 8514
f 8952 8584 11419
f 8708 1800 6781
f 8068 6503 8316
f 8703 6110 8791
f 8317 8583 8791
f 6780 5769 9005
f 6505 10638 5237
f 8792 5237 10638
f 7235 8759 8933
f 9445 8933 8759
f 6502 6503 8793
f 8587 5245 8589
f 9005 8589 5245
f 5769 8589 9005
f 7621 8954 7238
f 8954 7621 8589
f 8072 8220 11078
f 6106 5243 5242
f 7035 8794 9010
f 10068 8857 10713
f 8586 7615 5257
f 5782 11210 6508
f 10627 7246 3329
f 6509 9013 4497
f 10321 8520 4304
f 8328 8521 10686
f 7250 8322 6785
f 7255 9017 8698
f 8415 4495 9613
f 8876 4724 8760
f 8275 8800 3753
f 6512 7258 9669
f 8480 7821 4498
f 7256 8596 9019
f 9019 8596 6516
f 6788 6686 7259
f 9669 8958 6512
f 7265 9669 6513
f 6513 9738 7265
f 5263 8415 9613
f 8415 5263 11090
f 8596 9595 6516
f 8599 11378 6514
f 6514 8598 8600
f 7267 3348 9614
f 9974 7495 8601
f 8185 11308 8194
f 5269 6517 10261
f 8604 7271 10906
f 10906 8605 8604
f 6519 7272 6120
f 11212 9604 6120
f 8279 5279 8960
f 11095 8333 10570
f 6522 8528 8335
f 6523 9571 7632
f 4196 5271 3355
f 5805 8804 9254
f 5798 8805 4734
f 8805 5798 8959
f 8988 6124 5806
f 8806 7638 9745
f 7638 6793 9770
f 6795 8807 1810
f 6122 7050 5807
f 7050 6122 8390
f 7049 4505 8808
f 11092 5296 8804
f 9254 8804 5296
f 8621 8616 9982
f 8338 8625 9289
f 1974 8619 245
f 8809 5309 7283
f 8628 10688 9859
f 9818 8623 7503
f 7427 8339 8768
f 8090 8810 9334
f 8346 9605 8345
f 7291 6951 7297
f 6641 9035 5811
f 9029 9466 5811
f 7297 6530 8627
f 6530 7297 8812
f 6530 8812 3360
f 6951 7659 7297
f 9037 7292 8100
f 4214 9040 9038
f 9038 8634 8633
f 5819 9220 9566
f 7301 8700 6643
f 1094 6643 5820
f 7057 6137 9670
f 7657 6950 9268
f 5317 7303 8111
f 8641 7841 9312
f 6142 8639 6141
f 8816 9322 7432
f 4517 9042 9322
f 9323 9337 9091
f 5829 8107 3364
f 8282 2794 7312
f 6549 8114 6551
f 7662 8228 10690
f 7662 10690 7312
f 7320 6147 6550
f 8349 9302 7278
f 8819 11367 5315
f 8819 5834 7672
f 8819 10152 5834
f 9926 6553 8820
f 10943 7665 6954
f 8653 10943 7850
f 6553 8745 8259
f 7323 10295 10108
f 8133 8663 7324
f 4314 7324 8663
f 9325 8449 10650
f 8824 8823 6556
f 7325 6558 8537
f 608 170 8825
f 8826 9820 8729
f 6552 8124 10691
f 9052 7333 8131
f 7331 7333 7332
f 8259 8745 7332
f 8540 9055 9572
f 8827 9054 8777
f 7334 8777 9054
f 8776 11363 9756
f 7439 6962 8431
f 8881 6561 9535
f 10693 7438 10944
f 8125 8828 7338
f 8828 5357 7338
f 9898 6649 9224
f 9440 11089 7062
f 8693 4226 5868
f 7349 9966 5354
f 7351 10669 7348
f 9661 9226 8831
f 8681 9927 8942
f 8832 11062 9694
f 8452 9070 8719
f 9771 4535 8494
f 7356 8833 7352
f 7360 8835 8994
f 8834 9326 9303
f 8453 7747 4323
f 9070 7516 8785
f 8837 6162 7362
f 6162 8837 3393
f 3393 8837 10652
f 5369 7695 10653
f 9603 5859 9483
f 4324 2809 7364
f 7363 5371 9074
f 8687 9693 9068
f 6576 7518 6829
f 8688 7968 10655
f 4758 8839 8883
f 8839 4758 7368
f 7370 8455 8154
f 11516 8455 4325
f 8455 11516 8154
f 8862 10693 8666
f 8148 7703 5376
f 8928 2802 7969
f 3405 4543 8395
f 3736 3306 7803
f 4298 8843 5217
f 8513 8843 5221
f 5229 11302 10132
f 8843 10132 5221
f 8722 7605 3739
f 6095 11064 6092
f 8361 11357 4300
f 3747 8844 8193
f 8193 8844 5241
f 9876 8412 6633
f 8327 7247 2782
f 6588 8982 8980
f 8846 4508 7938
f 8847 9150 1812
f 6589 6810 7739
f 4312 8848 7314
f 6875 3776 7844
f 3372 7853 2801
f 7853 4221 9749
f 5355 6877 4533
f 6651 8145 11467
f 8849 8493 7746
f 8363 8849 7689
f 8363 8493 8849
f 7691 3390 8850
f 7069 8851 7359
f 10221 8922 4320
f 7364 2809 11303
f 2816 8731 2817
f 1179 4937 2893
f 5589 1976 2559
f 9281 8371 7101
f 5936 3020 2588
f 8855 8058 7220
f 7416 8696 8856
f 4486 8856 6494
f 8696 8183 8856
f 7417 7416 8856
f 7610 3738 7223
f 8872 9305 6499
f 9825 4301 2525
f 6633 2778 8184
f 9564 8736 8253
f 3340 8329 8330
f 8591 8329 7245
f 5796 7826 4503
f 8742 8256 8279
f 3358 7642 7426
f 8485 6803 10611
f 5816 6949 3362
f 7839 5316 7430
f 6537 6641 5332
f 5322 5332 6641
f 6646 4517 10680
f 5830 10646 1822
f 5312 6811 5331
f 6956 9601 8258
f 8653 1828 10620
f 9223 4528 9170
f 9753 8862 8666
f 9335 7059 4531
f 4533 8920 5355
f 7330 7864 8927
f 9535 7066 5360
f 8673 7857 8433
f 2545 8355 10945
f 7442 6572 11309
f 8669 7442 7350
f 8363 8718 7443
f 8678 6570 5362
f 8683 4539 10109
f 4539 8683 10730
f 4322 8454 4539
f 6652 8926 7367
f 8865 9411 8381
f 8867 8693 7447
f 4235 3398 11303
f 8383 6317 8398
f 1156 8786 2875
f 3879 5115 4862
f 2592 10486 10504
f 5113 8870 4657
f 5711 4692 4663
f 7609 2775 2774
f 3314 6866 7614
f 9689 8872 4489
f 8873 6104 7036
f 8874 8977 4722
f 8330 8329 11360
f 7422 8329 8591
f 8329 7422 11360
f 5256 10618 5255
f 9020 10640 7734
f 8901 7491 7492
f 8278 9273 8386
f 5487 4730 7498
f 3763 10002 5280
f 3765 6943 8422
f 8390 7499 7050
f 8961 7499 11195
f 5291 8710 9760
f 3767 8879 8620
f 8806 7501 8712
f 7504 7942 9240
f 9739 5825 9256
f 7657 10645 3773
f 8637 6693 4741
f 8111 9268 4518
f 8488 7842 8113
f 10136 7656 8939
f 9893 11304 8880
f 7433 8120 4743
f 9697 7658 8728
f 2797 8228 2798
f 3373 10720 3372
f 11298 9756 7675
f 7513 9335 4531
f 6702 9757 10947
f 2807 8921 8836
f 8452 7516 9070
f 10708 7516 8921
f 4755 8394 4231
f 8289 7073 9477
f 7073 8289 7072
f 10948 8290 5373
f 8146 4758 8883
f 4758 8146 6829
f 7446 7700 7701
f 8884 10653 5866
f 7519 5375 8925
f 8673 9078 4235
f 8730 5379 6834
f 7522 8885 7523
f 237 31 441
f 7552 3477 4885
f 5559 7108 2889
f 7001 7563 4948
f 3816 3945 10024
f 6849 9141 9916
f 7405 5069 8562
f 3540 3539 11060
f 4038 10805 10486
f 9249 10007 1080
f 7597 9362 5210
f 2522 5216 7600
f 8889 8576 6927
f 9677 9233 9947
f 4180 7808 9677
f 9164 5226 8577
f 4182 7382 3302
f 9695 3302 7382
f 7416 7417 10019
f 11410 11302 5229
f 6631 5763 5228
f 7813 8470 9494
f 7381 8892 4303
f 7920 6781 8893
f 8584 7038 11419
f 2192 8442 29
f 8442 2192 7616
f 9166 10311 9615
f 7617 10205 8319
f 10205 7617 8975
f 9166 9090 10204
f 9274 8588 7619
f 8588 9274 6108
f 7241 8321 5247
f 2778 10596 8374
f 3750 11354 5250
f 3338 6634 7419
f 6634 7618 7419
f 7620 10596 8895
f 3332 7420 6932
f 8385 7420 5254
f 3754 4193 7625
f 5248 8222 10697
f 4189 3754 3337
f 5257 11471 8709
f 11471 7626 8709
f 10924 8898 10950
f 7821 8761 4498
f 6937 8474 7628
f 8900 6939 5260
f 8331 8332 5267
f 8331 9199 8332
f 7628 5260 6939
f 8416 6939 8900
f 8332 3345 9658
f 3345 8332 11090
f 8418 3345 11090
f 9026 7632 3345
f 8740 8527 9022
f 8878 3348 7267
f 6117 7044 8902
f 10980 1086 9467
f 11211 5272 9252
f 4197 8389 3764
f 9024 9482 5278
f 8256 9895 6871
f 10181 5280 8903
f 8903 5280 10002
f 6119 7830 5285
f 5258 9287 11348
f 8612 8904 7637
f 7424 10025 4733
f 3765 7047 8421
f 8389 4732 4200
f 8907 8713 7283
f 8906 8905 6797
f 5289 8905 4306
f 7500 8905 8906
f 7830 7277 5285
f 6945 9464 9476
f 11054 7641 11091
f 9808 7938 9588
f 6130 8616 8621
f 8088 11208 8809
f 5294 6132 3770
f 1813 5294 8907
f 8526 4726 8908
f 5303 8424 7428
f 10699 8811 8809
f 8909 7647 5309
f 6804 5308 6132
f 10699 8632 7648
f 9255 10233 4212
f 8424 6805 7384
f 8424 4210 7427
f 9255 4208 4210
f 6952 7429 7843
f 7301 5329 7302
f 6807 7302 5329
f 6958 8341 9764
f 6811 4519 8283
f 3364 7659 5829
f 7431 8911 6138
f 4515 5837 9292
f 8426 8648 8108
f 6874 8108 8648
f 8648 7386 6874
f 10158 9881 8427
f 7741 8447 5334
f 5335 8391 9881
f 8489 5335 6548
f 4746 8912 10242
f 10011 6813 4216
f 10690 4216 6813
f 9723 10069 9692
f 10011 9692 10069
f 8775 9044 9692
f 10152 5295 5834
f 5335 8489 7319
f 4217 3778 9045
f 8489 9045 3778
f 5340 8655 9681
f 8429 8123 8126
f 8940 5501 2800
f 8283 5500 9223
f 7510 5844 7327
f 4527 4746 7666
f 3781 7669 6817
f 6698 8915 5342
f 8729 11517 8915
f 5838 7672 8130
f 3783 8354 3376
f 6962 8861 8354
f 5341 10183 8345
f 4224 8351 9170
f 7853 3372 4221
f 9746 8230 7065
f 10599 4227 8917
f 8669 9470 8918
f 7343 9470 8669
f 9225 3382 5355
f 8829 7678 10700
f 6156 8778 6563
f 5853 9320 10938
f 8682 3792 8232
f 8920 7343 7350
f 7068 8851 7069
f 8851 7068 3791
f 3387 8718 7689
f 6833 9576 9431
f 9763 9071 5362
f 8452 8719 9929
f 6826 9884 9709
f 8942 6970 7690
f 10113 9771 8494
f 10708 8785 7516
f 10708 8921 2807
f 9068 9693 11362
f 7750 4319 5367
f 7747 4756 4323
f 9072 5367 8685
f 4324 9259 6828
f 8687 8686 9693
f 8687 7074 8686
f 7074 8687 8436
f 7863 9300 8357
f 8357 5372 7863
f 4759 7075 5374
f 8544 5374 7075
f 9000 6164 5370
f 7519 7701 9000
f 11303 3398 8365
f 6833 10612 9576
f 5357 7371 9060
f 11359 8927 5377
f 2810 7702 7705
f 2567 10096 4244
f 7715 2653 10604
f 6616 7177 3164
f 5165 1577 4109
f 8576 2763 2515
f 2766 10756 10134
f 7027 6861 7215
f 8468 10696 5767
f 4303 8892 7032
f 7032 10939 4303
f 5241 7484 8585
f 7031 8933 9445
f 10159 8934 6104
f 7921 8759 5474
f 10014 4720 5261
f 4304 5793 8738
f 5484 11421 3759
f 8723 6871 9895
f 7736 5486 7382
f 7737 8937 8444
f 7737 8444 7738
f 8709 7738 9664
f 9021 8602 8739
f 8938 6637 2786
f 8903 10002 7383
f 8765 10683 7046
f 4306 8483 5289
f 173 8766 503
f 7051 8766 9338
f 8766 173 9338
f 10701 7832 9597
f 10102 4201 6943
f 4201 8422 6943
f 8939 7309 7740
f 8362 8939 7740
f 8281 9307 5823
f 5333 9447 6547
f 1820 8447 3367
f 8940 3776 6875
f 3785 8539 2801
f 7682 7388 7387
f 8679 8450 8863
f 8240 7389 8287
f 7746 6651 8849
f 1831 5855 8748
f 9304 6970 8942
f 10951 10622 9884
f 8942 7690 8681
f 9304 8942 6573
f 8921 3389 8972
f 3389 7516 8452
f 8453 8364 8494
f 10109 8454 7964
f 8454 10109 4539
f 5368 8454 4322
f 2807 7697 4540
f 8785 9330 6975
f 8923 6592 4756
f 4323 8437 8364
f 8749 4325 8455
f 6825 9446 5379
f 7752 7705 6881
f 7705 7752 2810
f 6317 5597 1145
f 6897 6895 7767
f 9544 8261 4551
f 1984 3999 10759
f 8947 7712 7140
f 3919 5603 7773
f 1248 6903 4255
f 10146 8503 1922
f 8011 3004 5088
f 8017 3670 3038
f 3563 1336 10664
f 9858 6744 3974
f 3075 5039 5026
f 8461 11061 5678
f 3193 8950 9730
f 11200 6462 7589
f 5178 6291 1671
f 6624 5752 4162
f 1785 2520 2764
f 2519 2767 7906
f 10064 7807 7914
f 7023 1786 7916
f 10238 7916 1786
f 8953 7916 8583
f 7023 7916 8953
f 3314 4181 6866
f 6504 5765 8953
f 10125 5766 8756
f 11201 3744 10616
f 3319 8467 3744
f 10703 6099 1801
f 7380 7614 7813
f 5237 8792 8954
f 8954 8792 7238
f 5769 5237 8954
f 8792 7814 2780
f 2780 7238 8792
f 8871 8955 7816
f 5777 7816 8955
f 8471 7816 7237
f 7039 7816 5777
f 8069 7237 3326
f 7237 8069 8471
f 5770 7920 1802
f 7817 6105 2525
f 9578 6504 8732
f 8734 7242 8473
f 589 10074 2063
f 5778 8735 10617
f 8325 1805 6106
f 4494 10911 6107
f 8896 4193 3330
f 8473 10952 4189
f 7420 8385 7040
f 10068 6935 8736
f 9665 8443 4190
f 3339 8956 8476
f 8956 3339 10123
f 11291 2529 6112
f 7732 3335 7820
f 11416 8276 11512
f 6937 8737 10727
f 2782 7247 7733
f 4501 8957 6937
f 7824 8957 1807
f 7931 8416 9266
f 8958 9669 8479
f 9883 8601 8597
f 9883 7733 8601
f 8938 8077 6637
f 4729 8388 3347
f 1808 8959 9781
f 9666 6639 5796
f 5791 7497 8480
f 10928 8421 7825
f 8959 1808 8805
f 5487 5803 4730
f 7276 8613 7832
f 8482 2535 8087
f 3350 9659 7643
f 7834 10677 5807
f 8905 5289 6797
f 9760 10677 8714
f 8767 6124 5299
f 7641 10758 11091
f 8767 5299 2538
f 5809 7050 8961
f 7050 5809 9429
f 9429 11071 7050
f 5811 10107 9598
f 8087 2535 8257
f 7285 8962 10913
f 8769 6797 5289
f 8423 9452 8768
f 9452 8423 8906
f 8339 4203 8768
f 8612 5805 7836
f 11092 7835 5296
f 9598 11118 8963
f 6802 3360 8632
f 8377 3361 8238
f 10611 7651 5314
f 4511 8770 6135
f 8377 4514 9886
f 9886 9748 3361
f 2540 9814 2793
f 3771 5319 9041
f 5323 5322 8963
f 372 2373 5823
f 8341 6957 10968
f 10680 8816 9566
f 3366 7843 5828
f 4522 4517 6646
f 6646 3366 4522
f 7842 8488 9119
f 7845 5829 10954
f 3368 7650 6544
f 6953 8701 7846
f 7507 10217 5336
f 8880 8637 6692
f 6140 1817 5831
f 9881 6548 5335
f 7662 7312 4520
f 4523 7662 4520
f 7316 4523 6647
f 8964 8110 5337
f 6958 7435 8341
f 1820 3370 1823
f 8965 3783 3376
f 8126 9339 8965
f 2542 10620 4225
f 8863 8864 8966
f 7852 8967 8659
f 8967 7852 5344
f 8915 8229 5342
f 3375 9774 7308
f 4747 7440 8780
f 9170 8351 4525
f 7853 7060 2801
f 3377 7671 9295
f 7854 8969 8729
f 7330 11359 5345
f 6978 7337 11359
f 8654 7342 10691
f 9234 7745 7346
f 4531 7346 7513
f 9966 8139 7675
f 9747 8668 2804
f 3383 7856 7344
f 3383 5356 7856
f 8433 8919 9078
f 9234 10585 10949
f 5358 6699 7347
f 5852 4229 4316
f 8356 4316 4229
f 7685 4224 10692
f 6569 3389 10692
f 8681 8434 9750
f 7515 9750 8434
f 3789 9067 8970
f 7441 8970 9067
f 7686 10621 9120
f 8363 7352 8493
f 1831 8748 8831
f 9771 8836 7354
f 8972 7354 8836
f 3389 6569 8972
f 7691 8186 3390
f 6971 8451 9661
f 5860 5364 4321
f 5364 5860 9073
f 1837 7862 8685
f 7862 1837 7444
f 5372 8357 3395
f 2546 8944 9815
f 8945 2546 5865
f 8944 8945 9269
f 2546 11470 5865
f 8130 6978 9587
f 6592 9587 6974
f 6974 9587 6978
f 7704 8927 7696
f 6652 8867 11193
f 6566 8867 6565
f 10941 8865 7373
f 8381 10580 8501
f 5379 8750 6834
f 8707 8197 11516
f 3016 8973 7155
f 7868 7088 1882
f 2851 2966 8383
f 8868 10468 6656
f 7556 9191 6901
f 11198 2985 11469
f 9177 8508 7889
f 4625 4779 3010
f 11234 9239 11462
f 2128 1399 6018
f 159 1221 6039
f 5711 3585 3586
f 7794 8462 1567
f 7477 2616 3195
f 6854 8887 8512
f 10211 7024 3729
f 2768 10134 7602
f 11192 3728 8054
f 94 7026 8218
f 11285 8974 8466
f 9570 10900 5220
f 10064 7223 7911
f 8466 6093 1793
f 4180 7416 6498
f 3316 6587 11113
f 4296 11496 9933
f 7415 8515 9217
f 7415 9217 11295
f 11413 11295 9217
f 6504 8953 8583
f 8703 10238 7480
f 9997 10703 7030
f 3745 7483 3321
f 8933 7031 6100
f 7613 4713 6783
f 4713 7613 8067
f 6502 8793 11354
f 8318 1804 2526
f 5243 1804 6103
f 8071 9825 3749
f 3748 3749 9825
f 3748 4492 3749
f 1802 6682 7817
f 7817 6682 9187
f 7920 7239 1802
f 7239 7920 7240
f 5246 7235 6101
f 7235 5246 5474
f 8977 10661 9441
f 8874 10661 8977
f 5476 7923 2526
f 8978 8515 8757
f 7415 8757 8515
f 8515 8978 10704
f 4186 9454 8525
f 9454 8515 10704
f 8274 9273 8278
f 4718 3327 8317
f 4718 8274 8518
f 2779 10668 3760
f 7487 8979 6510
f 6511 8979 9891
f 10106 8874 4722
f 10924 7730 8898
f 3755 11078 10665
f 5248 7925 9010
f 8981 11416 7820
f 9332 5482 4498
f 4498 8761 9332
f 8980 8761 7821
f 8328 9014 8521
f 8596 7256 7260
f 4725 5482 10712
f 8223 4725 5483
f 7629 8762 7927
f 7927 7928 10705
f 8276 11291 7824
f 8957 7824 8737
f 9277 3758 8346
f 8908 10698 8984
f 8526 7043 4726
f 8387 7042 8763
f 9473 9931 9608
f 9608 8097 9473
f 7042 8764 7043
f 5786 8387 8092
f 8387 5786 8764
f 6109 8764 5786
f 8764 6109 8274
f 10980 8611 7044
f 5795 7934 6118
f 10628 10010 1088
f 5 8985 1356
f 8725 8528 8527
f 8613 11216 9188
f 9394 7425 7642
f 8280 10155 8986
f 8986 7936 8987
f 8767 7833 6942
f 6124 8988 10642
f 1090 7281 5490
f 11104 10955 7645
f 8768 9452 7428
f 9240 7282 9327
f 7427 5304 8339
f 428 8531 9311
f 7945 7056 8991
f 4511 7837 4514
f 7837 4511 6135
f 8117 7837 6135
f 928 8106 8635
f 2377 928 8635
f 9936 9814 5320
f 9256 6138 8533
f 6692 8637 7946
f 4741 7946 8637
f 8487 6950 7657
f 8992 5328 9600
f 1818 8281 923
f 8818 7740 8771
f 8534 11507 5325
f 7948 9893 9575
f 8129 11304 9877
f 2794 8282 4215
f 8639 10647 7058
f 171 10326 1353
f 6141 8535 6142
f 10965 8535 10956
f 3367 9773 1820
f 3370 1820 9773
f 6143 7950 3777
f 8448 7509 9437
f 5500 8283 3368
f 7951 10966 7846
f 7846 8701 7951
f 5501 6875 7314
f 9457 8196 5501
f 9926 9048 8350
f 8773 4747 6146
f 5844 8128 7327
f 8128 10926 6696
f 8822 8537 6556
f 11083 10011 4216
f 10011 8538 9692
f 8537 8538 11083
f 11083 8538 10011
f 7059 9335 11278
f 7513 7744 6151
f 5842 6821 9458
f 9551 8826 5344
f 9054 8827 8824
f 9820 9551 8668
f 8352 8540 7061
f 8285 10675 3785
f 8231 5353 11422
f 5352 11422 5353
f 8779 11089 8778
f 7064 6153 8928
f 3787 10692 4224
f 8133 5348 9062
f 8356 4229 9757
f 9320 8356 8680
f 1831 8993 10679
f 8675 7961 8676
f 7351 8287 7067
f 6157 9298 9460
f 9200 7962 8994
f 3791 7389 4317
f 7389 3791 7068
f 8833 8493 7352
f 8493 8833 3391
f 8493 3391 7746
f 10947 8971 8451
f 9226 8451 8971
f 8451 9226 9661
f 9336 1832 9200
f 4317 8850 3791
f 4318 9297 5361
f 9297 4318 7963
f 8783 10707 10574
f 3793 8995 6969
f 6162 8684 7362
f 10652 9685 3393
f 9068 1835 8687
f 3796 9259 3394
f 8830 5856 6828
f 3798 3397 1099
f 9293 3374 8288
f 10612 8288 3374
f 1838 8998 10000
f 2807 10151 7697
f 7517 10948 8999
f 10708 2807 4540
f 8365 7390 4757
f 7074 4759 8686
f 8544 7698 2809
f 8544 7075 7698
f 8945 5865 10709
f 8543 4234 7967
f 1840 4759 7074
f 7682 6881 8456
f 8500 8382 10658
f 10658 8866 11470
f 7706 7969 6966
f 7523 7867 7449
f 6886 6708 7976
f 3829 7977 3418
f 7092 10581 9344
f 7979 2847 9001
f 4340 7979 9001
f 7979 4340 6215
f 9002 9631 2564
f 9631 1152 4343
f 457 10662 1160
f 6252 2887 9662
f 6253 6252 9662
f 1920 10038 6255
f 3446 8401 3939
f 11281 90 3956
f 8973 7084 7155
f 3883 6196 7083
f 6278 1204 6605
f 8200 5590 3423
f 509 8005 7136
f 1991 7462 9654
f 4377 2976 2603
f 5552 9554 5425
f 6223 8506 9549
f 10540 1278 8265
f 6326 6843 5618
f 11346 8553 3087
f 6847 8016 10958
f 7528 247 445
f 7448 7784 4545
f 8557 8558 10685
f 8510 697 5068
f 9702 5071 10848
f 9210 9812 3944
f 4984 10027 3162
f 1568 6064 9248
f 5156 7897 7187
f 8950 3193 6449
f 8574 3860 10463
f 5691 6291 5178
f 4135 3972 8035
f 4134 6367 5182
f 9594 6463 884
f 4693 884 6463
f 16 87 6473
f 8408 3720 7590
f 8039 413 8040
f 6088 5200 7199
f 3290 4482 1784
f 10595 8043 7800
f 8757 7414 9933
f 3732 10899 7212
f 8056 10255 363
f 9331 8953 5765
f 8789 3309 9382
f 6490 6488 3305
f 8183 6627 2436
f 9676 7914 7807
f 8183 2436 6494
f 6629 6494 2435
f 6771 8059 7025
f 8580 7025 8059
f 9919 5225 8890
f 8061 9003 6090
f 5225 8054 7602
f 6629 116 8582
f 8219 11283 6775
f 9357 1032 9284
f 3302 8576 8889
f 8062 5218 11112
f 9214 9310 7806
f 5227 3311 3312
f 10125 4183 6500
f 9357 9284 10671
f 6500 8065 5766
f 8065 10671 9284
f 5766 8065 9284
f 1798 7418 9236
f 1031 7231 385
f 7608 6100 7609
f 10637 10671 8065
f 2777 9924 6500
f 1073 8316 416
f 6781 10696 8893
f 594 9004 8469
f 594 163 8066
f 8066 163 385
f 8316 1073 8068
f 8068 1074 8070
f 4186 8584 8952
f 8317 3327 8583
f 8703 7038 6110
f 8703 11419 7038
f 8471 8069 7614
f 8470 7813 6868
f 3326 6868 7813
f 9006 6780 7619
f 5769 6505 5237
f 6097 5769 6780
f 8585 10159 8873
f 6104 8873 10159
f 9611 8893 8468
f 8516 3323 9008
f 6497 8578 8586
f 8586 9310 7615
f 8070 1074 2278
f 6503 8068 8793
f 8067 10747 10672
f 8324 2278 1018
f 8875 4718 8317
f 6110 8875 8317
f 6780 9005 7619
f 9005 5245 7619
f 8412 2778 6633
f 7616 8894 8733
f 8734 8733 8894
f 4053 7616 2192
f 8976 8894 7616
f 7616 4053 8976
f 5770 7817 8708
f 2525 8708 7817
f 2191 21 9615
f 2191 8976 4053
f 8976 2191 9615
f 8071 7617 3323
f 8319 9008 3323
f 9009 9090 9166
f 9007 9285 11423
f 8324 10940 8070
f 2780 7814 7815
f 8705 11301 5779
f 10596 8412 8895
f 8252 8797 8733
f 8857 10068 8411
f 10254 5248 8794
f 9010 8794 5248
f 8735 7035 9010
f 3755 8857 11078
f 7242 3330 10952
f 4193 10952 3330
f 9767 5226 9695
f 8845 7382 4182
f 8322 7250 8586
f 7615 9214 11471
f 7252 3338 8323
f 5775 8472 5477
f 7923 5477 8472
f 1018 6506 8324
f 11079 6932 5250
f 7818 3333 10911
f 306 8074 753
f 5776 24 753
f 8895 2528 2527
f 8895 2527 7620
f 5785 2528 8321
f 9 10150 2424
f 7244 9012 9439
f 6932 11079 3332
f 5776 8074 6508
f 10923 8798 7421
f 10750 11210 8798
f 8897 10180 2527
f 4192 8075 3333
f 8591 7245 5782
f 421 6635 2213
f 9013 2213 6635
f 9332 8761 3755
f 8738 7247 7248
f 9014 8328 9776
f 9015 8331 8593
f 8593 3341 8592
f 3341 8593 8331
f 3337 9015 4189
f 9016 9014 7244
f 3339 8935 10123
f 9011 10123 8935
f 9011 8935 7626
f 5790 8476 9265
f 8476 8956 9265
f 9585 8956 10123
f 8956 9585 10901
f 6507 8073 9264
f 8519 6786 8594
f 3335 7732 7819
f 10310 4497 6635
f 2530 8076 1085
f 10154 1085 8076
f 8376 4497 9017
f 10154 6636 10310
f 71 9680 2530
f 8076 7258 6636
f 6512 6636 7258
f 9613 10618 8077
f 9018 8078 8595
f 8078 9018 7257
f 8799 7257 9018
f 8983 8876 8760
f 8876 8983 7929
f 6512 7255 8698
f 7255 8958 7264
f 9680 7258 8076
f 9019 7257 7256
f 7929 7261 8800
f 10738 8800 7261
f 9455 7263 7629
f 3347 6687 11297
f 8900 8899 8416
f 2494 8255 71
f 9680 71 8255
f 9766 9669 7258
f 6687 10912 2783
f 8877 2783 10912
f 9020 7491 5485
f 6686 7735 11297
f 2495 8079 2494
f 8801 8255 8079
f 8801 6513 9766
f 8801 8079 7266
f 6514 8078 8598
f 9019 8598 8078
f 8419 8479 7265
f 9614 6790 6516
f 6790 6515 6516
f 8598 6515 8600
f 9266 5272 7931
f 7266 8224 6518
f 5787 3759 8858
f 3348 8878 7383
f 9026 6523 7632
f 6790 9228 10009
f 9267 8599 9022
f 6515 8740 8600
f 7266 6518 9738
f 9023 7271 9738
f 6519 9023 6518
f 8606 10579 1809
f 8083 8527 8528
f 7273 8083 8985
f 8225 5277 6517
f 7633 5273 8605
f 7271 4732 10906
f 8389 10906 4732
f 6520 9023 6519
f 6520 7271 9023
f 878 9596 877
f 5806 5277 8225
f 8256 9466 8741
f 8741 8334 8256
f 10683 3351 9027
f 22 10714 9338
f 8725 8802 8528
f 8802 10683 9027
f 8528 8802 8335
f 9025 1356 8985
f 1356 9025 2087
f 10714 2087 9025
f 8606 9021 2787
f 1809 10641 8606
f 8607 10641 1809
f 6792 8082 8607
f 8082 6792 6691
f 10597 10002 2788
f 8802 10706 8335
f 10706 8802 9027
f 5287 9028 6796
f 10181 7640 5280
f 5287 6796 8710
f 9028 5287 6792
f 7736 8845 8936
f 8610 7738 8444
f 8615 7738 8610
f 7317 9977 2534
f 7317 10649 9977
f 10980 9467 8611
f 11092 8804 8611
f 8902 8611 8804
f 8902 7044 8611
f 10171 10715 5288
f 8904 8612 8086
f 8613 7276 2532
f 5800 8613 2532
f 8084 9596 878
f 9596 8084 9604
f 8806 8711 7638
f 8806 8712 8711
f 317 8337 3353
f 3353 9770 6793
f 9745 7638 9770
f 4732 8712 3767
f 8879 3767 8712
f 8087 11118 10107
f 2790 8907 5294
f 8088 8807 11208
f 9659 3350 8741
f 8961 8614 9176
f 6796 10677 9760
f 8089 9030 8625
f 8625 9030 9032
f 9031 8089 8338
f 8987 9030 8986
f 8089 9031 7051
f 9031 8090 10066
f 8986 9030 8280
f 9030 8089 8280
f 5808 7277 4505
f 7830 4505 7277
f 10706 9027 7936
f 10155 10706 8986
f 8986 10706 7936
f 7936 4199 10969
f 7308 7279 8226
f 10666 9288 2534
f 9467 8608 11092
f 6640 8086 11081
f 4733 8846 9808
f 8846 7938 9808
f 4201 9451 8422
f 8879 7501 3357
f 9465 9982 8616
f 7501 9321 7282
f 8339 7503 4203
f 5808 7049 8195
f 8614 4509 9176
f 11518 10240 9253
f 8619 8090 9334
f 6125 6121 6128
f 6121 1811 6128
f 4201 10102 4202
f 7942 8620 3357
f 5293 6526 8616
f 9982 8337 8621
f 8616 6130 5293
f 8622 6802 6801
f 9818 5304 9859
f 8989 617 2089
f 7935 8617 8624
f 4203 7503 4204
f 7503 8623 9032
f 8625 9032 8623
f 245 9334 8989
f 8989 2089 245
f 8813 11081 7287
f 5299 10642 7290
f 5293 6130 4738
f 8908 9034 8526
f 9034 10295 9333
f 9034 9333 8526
f 7291 7297 8627
f 9029 9035 7291
f 6538 7292 10643
f 8726 8238 9278
f 6535 8628 6536
f 617 8531 428
f 8531 617 8989
f 8629 8630 2539
f 9036 9859 4208
f 9263 11513 8532
f 9035 6641 6537
f 3360 8812 8636
f 3364 8812 7297
f 7647 8909 7307
f 8103 10036 8099
f 8100 7292 6538
f 6536 9036 8340
f 8340 8633 6536
f 7652 6133 8631
f 8990 7652 8631
f 6540 8109 8103
f 10296 8103 8109
f 9037 6540 8103
f 10249 8340 4212
f 9038 8633 8340
f 7839 8091 7289
f 6542 7300 10762
f 5818 10762 8093
f 8813 7287 7836
f 6952 9039 7429
f 9039 10680 9220
f 10680 9039 6952
f 5820 6643 8095
f 8227 4213 9489
f 4213 8227 7309
f 10279 8626 9050
f 8636 6544 7650
f 5308 6804 6545
f 6804 7307 6953
f 8426 8108 9244
f 10243 8108 6874
f 8743 6142 8109
f 6546 6589 1816
f 8646 8814 9599
f 8814 8646 10648
f 9040 6809 8743
f 6809 9040 4214
f 8743 8109 6540
f 5321 6547 9447
f 6547 5321 7841
f 10956 4516 9616
f 6946 5327 6532
f 6541 7318 9764
f 5818 6541 10762
f 8124 9322 9042
f 8341 7435 6957
f 6541 7432 8640
f 7655 7656 10136
f 8642 8342 5328
f 8344 8343 7509
f 4312 6875 7844
f 8113 4312 7844
f 8111 4518 8113
f 6812 9447 5333
f 6873 5333 6547
f 9043 1821 10279
f 7323 9050 8626
f 7311 8984 8346
f 8908 8984 8127
f 7658 6537 5332
f 8909 5312 10678
f 7307 10678 6953
f 7661 8911 10242
f 5837 10101 9292
f 6816 9292 10101
f 9723 9044 8535
f 1353 8644 6550
f 8644 7320 6550
f 9044 8116 8535
f 7313 8282 7312
f 8645 7507 10977
f 8645 8117 7945
f 6692 8117 9575
f 5336 10217 8912
f 8120 8426 10648
f 1816 8650 8119
f 8447 8446 1819
f 8347 8772 6549
f 8114 6549 8772
f 9600 8347 8992
f 8122 7310 8649
f 8649 8992 8347
f 8848 8446 9457
f 9045 8122 4217
f 26 7315 926
f 4521 7433 7848
f 2796 9046 8119
f 9046 2796 4313
f 7386 8648 7434
f 8120 7434 8648
f 8118 1816 8119
f 8644 8116 7320
f 10734 8643 6776
f 5349 9279 9767
f 5486 7736 9218
f 8936 9218 7736
f 5350 9218 8716
f 9293 8716 11106
f 9288 8652 2534
f 7279 8652 9288
f 8652 7279 10718
f 10152 5315 10571
f 5834 7663 8964
f 7664 6814 5337
f 6552 9047 8124
f 9047 6552 5835
f 5315 10152 8819
f 5339 8964 5337
f 5827 8744 9190
f 9190 7664 5827
f 8122 8123 4217
f 8123 8122 8649
f 6551 5340 9681
f 9777 6549 9681
f 7315 9048 9926
f 7315 26 9048
f 801 9048 26
f 8655 8123 9777
f 9777 9681 8655
f 8123 8655 8126
f 8429 4220 4217
f 6147 8775 8449
f 8125 9493 7849
f 1096 7341 1824
f 8654 9848 7341
f 6960 6695 8914
f 10620 5503 10719
f 8126 9049 8429
f 802 8350 801
f 9048 801 8350
f 8655 5340 9339
f 2262 8656 802
f 8745 8350 8656
f 7323 7674 9050
f 9043 9050 9294
f 4748 8663 8916
f 8663 4748 4314
f 1826 9053 7324
f 9223 4525 8283
f 4525 9223 9170
f 1826 7324 10966
f 3373 9340 7325
f 7743 8449 9325
f 8822 10650 8449
f 9051 2197 9639
f 5839 4527 8353
f 9601 8659 8258
f 8258 10110 7848
f 6558 8824 6556
f 8825 170 2197
f 9493 8430 4218
f 4218 8430 11082
f 11082 8665 8428
f 9052 8131 9602
f 10651 4526 7954
f 8131 7333 6560
f 7063 8917 9602
f 1821 8662 5499
f 9053 5348 8133
f 608 8664 2076
f 8827 9572 9055
f 6150 1827 7335
f 1097 7335 1827
f 8353 9257 8492
f 9257 8353 4527
f 9470 7343 10927
f 7683 8430 9493
f 5353 9057 9898
f 7439 6649 8378
f 1828 9057 11218
f 9056 9898 9057
f 3783 9602 8917
f 8450 10573 8863
f 9469 4224 9170
f 9535 7960 7339
f 6823 7060 7339
f 7060 6823 3786
f 9749 7339 7060
f 10148 8136 2544
f 9058 8137 8289
f 5843 9059 3375
f 9774 3375 9059
f 7959 1096 6559
f 8430 7683 3381
f 7341 1096 8138
f 8665 3381 11361
f 7683 9060 5376
f 3381 5376 9260
f 9700 6563 9778
f 10599 7063 4226
f 7344 8671 7334
f 8777 8829 9572
f 5847 7855 5505
f 8670 5852 7855
f 5852 8670 9618
f 8141 8286 9329
f 8286 7061 9329
f 9061 7678 8829
f 8676 9329 7678
f 7678 9061 6567
f 7348 9061 8671
f 9061 7348 10669
f 9234 8919 7745
f 8432 8433 7857
f 7062 11089 8779
f 6564 8781 8779
f 7347 8197 8707
f 11097 9683 8500
f 8672 9683 11097
f 9234 9078 8919
f 9683 5849 8500
f 5868 8781 8359
f 8781 5868 4226
f 8359 6564 8690
f 8690 6564 6156
f 8141 9460 915
f 6567 8675 8676
f 8141 8676 7961
f 7344 7856 7348
f 8676 7678 6567
f 7676 9337 10731
f 8345 10183 6819
f 9671 6819 10183
f 9431 5341 4223
f 9477 7073 9671
f 8132 8821 9341
f 4752 7065 8142
f 8142 6570 8678
f 7355 9062 9430
f 8678 7355 9430
f 8680 9757 6702
f 9320 8680 10938
f 7389 7068 7067
f 10669 7067 6158
f 6157 8675 9297
f 8669 8918 7442
f 6572 7442 8918
f 6964 2544 8136
f 8970 7441 8136
f 10723 10679 8670
f 7350 7858 3387
f 9618 8993 9684
f 5360 9063 9932
f 7066 5853 9063
f 9932 9063 11088
f 7856 5356 8287
f 8143 8144 9317
f 8143 9317 6968
f 4230 3794 8143
f 10741 7353 6159
f 7353 6651 7746
f 4537 9064 9317
f 6159 7353 7693
f 6573 9927 9065
f 9065 9066 6573
f 6968 11309 6572
f 5858 7860 9609
f 7684 8717 8682
f 3792 8682 1838
f 8682 8717 8997
f 7860 8997 8717
f 8997 8998 8682
f 9299 9071 6969
f 8747 8355 9678
f 7354 8972 6569
f 8452 6967 3389
f 8678 5362 9299
f 9299 7355 8678
f 9317 8144 4537
f 5856 9686 11362
f 4537 9068 7070
f 7357 8922 8834
f 8922 7357 7361
f 9972 7359 8851
f 3390 8851 3791
f 2253 791 9970
f 9326 7360 9227
f 3391 8833 4755
f 9533 7692 6162
f 5365 8995 3793
f 5366 9763 8435
f 3793 8999 10948
f 8999 3793 9071
f 7071 8394 8924
f 7362 8684 7445
f 9603 6574 7694
f 3798 1099 3795
f 1837 8685 5367
f 7695 9072 6976
f 3395 3396 9449
f 5859 9074 6576
f 9074 5859 8159
f 8146 9472 7861
f 8233 8686 5374
f 1613 9472 5862
f 7074 8436 3797
f 3797 8436 6161
f 7518 6576 5371
f 8146 9483 6829
f 6165 9000 5368
f 8720 7695 6976
f 5375 8884 8925
f 4234 8543 8147
f 5372 8147 7863
f 7518 9076 6577
f 5371 9076 7518
f 6975 9330 8148
f 10655 6167 8290
f 9589 7699 6881
f 8838 2808 8852
f 4325 6977 8750
f 6830 5865 11470
f 6832 9826 8925
f 8925 8884 11219
f 8358 7967 10654
f 1711 2457 8151
f 8689 2 8151
f 8151 8150 8689
f 8150 8151 8839
f 8840 10960 9075
f 10960 8150 7368
f 8839 7368 8150
f 8149 10960 6577
f 8882 6577 10960
f 7364 8365 4757
f 4234 8147 8438
f 8147 10153 7863
f 6577 9076 10676
f 408 8883 2457
f 4758 8882 7368
f 7967 4234 4541
f 8750 11516 4325
f 9576 10612 9058
f 10693 8784 8666
f 7072 8666 8784
f 9059 5843 5850
f 8688 5864 7968
f 2802 6966 7969
f 9078 8673 8433
f 9316 8499 7369
f 8707 5379 9446
f 10580 6565 6652
f 5867 8498 11107
f 8692 8359 8498
f 8693 5868 8692
f 8692 7447 8693
f 7369 8691 9316
f 6881 7705 9589
f 6830 11470 9772
f 9726 8504 1203
f 162 842 18
f 9093 1372 2008
f 9089 194 1627
f 1178 10038 9081
f 7404 2964 9675
f 9123 80 1994
f 3961 9082 2920
f 9084 8155 2040
f 3078 3864 6388
f 9087 11310 606
f 250 10397 11387
f 2266 9088 4666
f 811 9089 810
f 118 9080 704
f 1678 1680 10381
f 1771 9492 9313
f 5382 9092 1849
f 6174 3417 10320
f 253 8568 11007
f 9095 314 777
f 1507 2117 793
f 280 4460 820
f 1687 9097 11233
f 810 9089 1627
f 1048 1847 10724
f 10408 5381 10724
f 10544 10957 6218
f 3852 7988 5920
f 9099 465 466
f 1955 487 3899
f 6369 4882 2844
f 507 446 4895
f 7000 10601 4377
f 3944 9103 5077
f 552 1303 2024
f 8155 9084 223
f 3416 3113 3828
f 9085 2421 2067
f 6010 4449 4058
f 6615 9095 8176
f 9095 6615 314
f 1175 9099 2126
f 9104 2156 4647
f 3967 9106 5098
f 2231 2350 885
f 688 1411 282
f 2298 2299 846
f 9109 9118 1546
f 924 1818 923
f 9496 3073 929
f 9706 1958 1677
f 11015 2119 1700
f 2365 11015 1700
f 9612 9503 3251
f 2098 1713 3258
f 2398 1026 381
f 9113 9515 4151
f 9113 1037 2484
f 2421 10416 1673
f 1051 2756 1756
f 10408 3246 1769
f 10340 1071 422
f 5249 6784 11296
f 3860 3574 74
f 3001 5430 10725
f 6371 3056 8206
f 5700 1449 5102
f 4460 2283 5139
f 1110 5386 10092
f 2844 9116 2841
f 5523 4357 9582
f 5608 9192 8234
f 9082 3961 130
f 2030 3014 8301
f 90 3015 3956
f 1551 9118 9109
f 1671 8036 5178
f 8738 11080 7247
f 8603 4502 3349
f 2532 1808 3349
f 1104 4761 3404
f 9122 6219 4807
f 9419 4343 1152
f 10858 5911 10589
f 9123 125 80
f 9397 3898 3529
f 3542 3886 6666
f 4634 9124 6296
f 627 10268 3576
f 7717 6012 7891
f 700 10519 6025
f 1449 9126 5457
f 1540 4080 838
f 5691 4678 1439
f 2067 2421 1673
f 5130 1694 4478
f 1023 4144 1717
f 9313 9492 8643
f 8474 6937 10727
f 5283 6121 11217
f 2076 10721 8286
f 2754 1843 10087
f 6182 5872 7865
f 6704 3857 3811
f 1115 4972 3021
f 6888 9796 9713
f 7145 9131 3929
f 2884 6239 6240
f 463 6242 3850
f 1304 6342 9205
f 10605 6028 1200
f 3465 10513 10878
f 9132 9652 9139
f 2092 9135 7132
f 1169 3432 6320
f 9138 1322 3027
f 6739 6361 9139
f 3047 3046 8166
f 444 2950 1361
f 3909 9121 1139
f 9992 6010 4058
f 6012 9141 6179
f 9093 1375 1372
f 6176 4003 4004
f 4018 3588 4430
f 9282 6608 2133
f 9420 3105 6405
f 4043 7478 8208
f 855 4085 341
f 11490 3659 2325
f 8574 9145 6462
f 891 9504 1597
f 3251 3223 8269
f 9085 2067 2195
f 10400 4121 932
f 4170 3299 390
f 3313 7224 5472
f 8219 6775 1795
f 4712 4711 4490
f 10687 6507 11420
f 9147 8326 3336
f 7944 10752 10611
f 9848 9042 3780
f 5838 11367 8819
f 8820 6553 5340
f 9170 4528 9469
f 4536 8240 7514
f 3790 9120 6651
f 8145 6651 9120
f 3442 10858 10589
f 11173 9150 3773
f 3416 9547 3113
f 9591 9151 3861
f 4031 2914 19
f 3025 7466 8551
f 10052 6038 9194
f 4749 9892 5504
f 2851 8383 8398
f 9878 1171 1273
f 9157 11169 6846
f 2854 10167 1390
f 6481 4483 7411
f 9716 9463 5788
f 11506 6527 7048
f 8810 7941 9334
f 9158 7510 7667
f 4952 3819 4768
f 4769 4770 5567
f 7392 5525 9407
f 4369 9098 5589
f 3930 4571 2571
f 3439 1904 9130
f 3551 4866 2586
f 8566 10520 4884
f 4930 10931 11165
f 3936 3522 5622
f 2686 9162 1413
f 3030 2646 5439
f 5185 4994 3971
f 9163 5023 3067
f 1985 3999 3917
f 6389 11032 5138
f 5673 1535 1413
f 8247 8024 2224
f 2324 4092 4097
f 8026 5155 4105
f 259 9080 783
f 3239 5185 11184
f 810 2452 273
f 9112 6764 8156
f 8893 9611 7240
f 3324 9165 5239
f 5264 5259 8522
f 8522 7627 7263
f 9219 11409 7646
f 9328 8811 10699
f 9039 10975 10745
f 9171 3797 6160
f 3395 6164 7700
f 8841 7372 5357
f 5581 5392 3613
f 4951 2576 3535
f 7999 9960 9444
f 7879 4998 7878
f 10063 10033 3000
f 7528 2669 247
f 3074 4644 9736
f 133 6328 623
f 10614 7208 7203
f 9174 5470 6773
f 9383 3753 5480
f 7504 4310 5494
f 6544 7845 5500
f 424 4556 3402
f 2817 2890 2816
f 4914 9419 1152
f 6013 1390 10427
f 5645 5989 9180
f 2051 11429 7157
f 3567 234 4417
f 3590 3087 664
f 5736 9406 4784
f 3114 4042 3113
f 9183 3118 7170
f 2683 5136 5134
f 2066 8163 10961
f 3748 9187 9450
f 8080 6639 6787
f 9364 7045 7496
f 3343 2534 9977
f 5833 6956 8258
f 9190 6814 7664
f 8130 10190 5838
f 5843 7345 5850
f 5387 6979 5876
f 2868 7760 5905
f 9390 4332 5923
f 2825 555 3451
f 10897 6988 9914
f 2584 10513 5929
f 10513 2584 4864
f 1205 2647 6992
f 1211 4597 1210
f 8262 5936 5939
f 3488 1234 7758
f 9191 7557 6305
f 1263 1262 5399
f 4921 4615 5966
f 9124 4634 5004
f 6006 5000 11377
f 658 3584 4641
f 1329 6031 9125
f 10269 9125 6031
f 3897 11066 5086
f 9195 10553 5457
f 5964 5699 5965
f 9196 3127 5123
f 3641 2322 3199
f 4843 9642 4842
f 1563 7896 6442
f 9607 4487 8891
f 5778 8193 7036
f 4207 9241 8524
f 11512 1807 9657
f 8279 10930 5279
f 11071 9429 7940
f 2793 4739 5307
f 10964 5816 10586
f 7341 9848 3780
f 8144 6161 1835
f 9201 10172 11293
f 9141 6849 6179
f 1879 5525 7125
f 7161 9552 7895
f 6307 6220 3920
f 3426 4559 10728
f 7762 4811 10836
f 4569 9129 3848
f 3841 9159 5908
f 4825 9366 128
f 1170 9426 6448
f 2819 9436 1173
f 2999 9643 6250
f 9889 9202 5979
f 2630 6264 3537
f 6436 9117 11447
f 6912 4588 7875
f 9133 6660 1201
f 8440 6277 1207
f 2741 6292 8003
f 6292 2741 6291
f 9796 6210 9713
f 9098 10465 10978
f 6421 9369 4893
f 8298 4805 4607
f 4371 11504 7883
f 6670 10293 11412
f 3426 4379 519
f 9136 2880 2979
f 6325 6732 133
f 3003 6336 3946
f 1306 2631 2028
f 7154 436 7153
f 4973 6198 1947
f 477 5929 3465
f 9139 6361 1939
f 8016 5177 10958
f 234 9610 4417
f 10905 3981 5582
f 6376 5662 9163
f 4004 6380 6176
f 4346 6176 6380
f 4614 9624 9229
f 5036 11036 8559
f 6384 5037 5038
f 6384 9391 5598
f 4017 2745 2891
f 676 10498 5059
f 676 9838 9143
f 4027 9528 9209
f 3090 5676 7405
f 700 6025 4274
f 9210 9152 5680
f 5092 10726 3036
f 6673 4678 5691
f 4040 6408 3111
f 7478 4043 159
f 9183 5964 9366
f 6417 9211 4051
f 9196 6423 5119
f 6427 10739 8247
f 5132 1502 2252
f 3031 5716 6432
f 575 3443 4282
f 1563 6442 4101
f 2332 228 6410
f 1966 6458 9668
f 4039 1576 6749
f 1579 9830 6461
f 9144 6755 2053
f 9145 8574 4288
f 3700 3633 5188
f 1026 6624 381
f 638 2110 3288
f 8041 5755 3717
f 9393 9213 3735
f 9310 2523 7806
f 8063 9233 7029
f 9215 1795 3317
f 9997 7029 2524
f 6501 9216 10637
f 7230 10696 1800
f 9217 4186 11413
f 8801 7266 6513
f 6117 9455 10705
f 9022 8083 9267
f 6521 10261 6517
f 6942 6124 8767
f 8486 3771 9312
f 8533 7944 5314
f 8814 10648 9244
f 9221 5328 8342
f 11367 5838 3371
f 242 6550 8941
f 9222 5502 11072
f 6959 10943 6954
f 1823 5503 11072
f 9223 5500 9486
f 3381 8665 11082
f 7681 3788 6701
f 5360 6827 7960
f 9226 8971 8993
f 4757 8924 4233
f 7076 3797 9171
f 10000 10600 1833
f 9227 7360 7963
f 7361 8159 8922
f 1978 1979 9701
f 5731 7189 8950
f 4486 6629 6495
f 5794 5795 6637
f 10674 8106 5823
f 6013 2854 1390
f 10939 4490 4303
f 9452 8530 7428
f 5691 5178 6673
f 1544 1545 9109
f 6484 11322 3726
f 11204 9230 5799
f 8891 4487 3315
f 9709 8782 6826
f 7751 9480 7750
f 4840 6018 1926
f 6927 8788 8889
f 3305 6862 8932
f 1795 9215 8219
f 10239 11468 10687
f 9466 8256 8742
f 11278 2800 5841
f 6831 8720 10709
f 4608 6996 7134
f 8248 9235 7475
f 5215 10756 9331
f 10626 9382 6769
f 9891 11094 6511
f 9176 10955 11104
f 9567 7077 6155
f 3412 9128 5389
f 4364 867 8396
f 9131 6904 3929
f 11019 11520 9185
f 4954 1931 5923
f 11099 2207 2337
f 6381 5663 4427
f 5665 2130 3082
f 6920 11287 5462
f 2219 10405 8215
f 6474 2514 2515
f 6492 4704 6679
f 6488 5212 10903
f 7606 8789 7226
f 5764 7606 4487
f 8591 5782 6509
f 11468 7252 11524
f 7264 9481 7255
f 7282 9240 3357
f 9819 7306 9167
f 7306 9819 7930
f 9818 8339 5304
f 8525 9241 9608
f 8097 9608 9241
f 8634 9038 9040
f 8536 8343 8488
f 9242 8448 9762
f 7313 6813 6590
f 10585 7346 6825
f 8830 7356 7352
f 9149 7357 8834
f 2457 8883 8839
f 7202 8045 10614
f 7000 9442 5955
f 551 11077 9812
f 4177 7379 7411
f 4490 10939 3317
f 9753 8137 9245
f 8450 8679 4535
f 2652 6669 9405
f 7471 11393 5427
f 3321 8585 7484
f 10661 7726 11357
f 7946 4741 9886
f 3819 1292 4768
f 4887 7129 4365
f 1919 7562 3524
f 2638 8204 3955
f 5993 3018 4861
f 9528 4027 9425
f 8556 9196 11277
f 1559 11189 6454
f 9301 8571 9248
f 3193 9655 4105
f 9249 1078 1778
f 10895 9250 5206
f 7597 7801 7598
f 3737 7221 7910
f 7611 9236 6777
f 9236 3738 7610
f 9584 11201 10610
f 9579 7238 2780
f 9026 8602 10641
f 5487 5282 5803
f 3374 11307 10667
f 6543 9119 7947
f 9670 8112 9221
f 9318 10732 9976
f 2544 9257 10148
f 10947 8451 8495
f 7691 10309 7690
f 3798 5365 10948
f 6710 7976 9343
f 7150 4951 3535
f 9173 1385 5422
f 7165 9736 4644
f 10264 7724 6770
f 9262 8468 3322
f 10701 7276 7832
f 7386 2794 6874
f 7679 7387 7512
f 4615 9408 8264
f 2133 7776 9698
f 9675 7403 7404
f 9152 9210 5077
f 3971 4994 3122
f 9184 6427 2224
f 9866 9134 2039
f 11189 7793 7583
f 8248 7475 5732
f 11200 9186 10146
f 7591 1777 1778
f 6766 1782 7017
f 351 7800 8043
f 2767 10275 5214
f 6628 6488 7805
f 6586 11464 9742
f 9494 7380 7813
f 3348 10597 9228
f 8445 4511 7645
f 5821 9189 10061
f 7672 5834 4524
f 7345 3378 6880
f 7689 11467 9258
f 9449 3396 2805
f 9269 8945 6973
f 5979 5871 10962
f 9261 4871 6723
f 6602 8786 1156
f 9193 4550 11365
f 4431 5065 1414
f 2721 10584 8571
f 5165 9984 7377
f 9145 7589 6462
f 6492 6679 6625
f 9213 6487 7218
f 7213 6491 6928
f 7910 3736 9769
f 5472 7224 7914
f 1799 9270 7725
f 5768 7808 6498
f 3320 5233 11521
f 10205 8975 6633
f 6108 9274 10525
f 6934 9010 7925
f 6114 11093 8760
f 8415 9199 4495
f 10697 5483 7925
f 7254 7259 6686
f 9276 9495 9237
f 8524 9272 9487
f 9277 8984 10698
f 5283 9968 11105
f 9278 7940 9429
f 9278 9429 5809
f 7941 8989 9334
f 7838 5816 10964
f 7944 3365 8991
f 3367 5822 8910
f 4216 8228 2797
f 8664 6876 10721
f 6876 8664 8825
f 8994 9336 9200
f 8438 11279 4234
f 6182 7865 6181
f 7154 6196 436
f 9128 5523 9582
f 5389 9582 5569
f 5569 11197 5389
f 3488 2849 4890
f 2983 9281 2861
f 3438 6594 7394
f 7396 9590 6281
f 9510 7757 1886
f 3918 10517 8008
f 9229 3493 11206
f 4912 7532 2851
f 1989 7553 6217
f 3500 9281 2983
f 6726 7881 6733
f 4660 1475 4929
f 3002 6909 6334
f 7539 2964 7404
f 9282 10866 1182
f 9967 2227 9184
f 7190 9378 9828
f 4172 4164 3292
f 4172 3292 3725
f 5470 7379 4177
f 5213 10567 9817
f 4179 8058 9677
f 9283 5767 5230
f 9270 1799 5233
f 7230 5767 10696
f 7613 6632 8067
f 5249 11296 7618
f 3747 8193 5778
f 7239 7240 5240
f 3326 7237 4720
f 5779 8411 10068
f 8411 5779 11301
f 8586 5257 8322
f 8321 2528 5251
f 11479 752 9013
f 3346 7929 8983
f 8081 11094 9891
f 5272 8225 7270
f 6521 6517 5277
f 7048 4737 7280
f 9818 7503 8339
f 8097 3758 9473
f 7645 8377 11104
f 907 11409 5810
f 6948 9453 5313
f 7506 8102 6806
f 8486 7054 6134
f 9453 6133 7652
f 8425 9263 6810
f 8101 6543 7947
f 10026 7308 8226
f 9290 5330 1094
f 7845 8107 5829
f 8643 9492 9355
f 4219 5502 6818
f 2197 9051 8825
f 6148 6559 6149
f 9257 4527 7666
f 8139 8670 7855
f 9567 7078 7077
f 6157 9297 7962
f 7686 9120 3790
f 9684 4229 9618
f 7351 7856 8287
f 9299 6969 4228
f 7356 3796 8833
f 10622 9480 7859
f 8357 9300 2806
f 2809 7698 7702
f 8499 8674 423
f 1327 9134 9737
f 4467 9248 4672
f 2403 839 2296
f 938 10929 2138
f 924 923 1620
f 5381 10408 1769
f 9000 5375 7519
f 9643 1919 3524
f 5283 11217 1088
f 4158 9092 2499
f 5130 4478 1484
f 8280 7051 6123
f 3414 6836 4553
f 3240 5186 3692
f 4186 9238 8584
f 10697 9463 5483
f 428 9311 9381
f 8638 8646 9599
f 8342 8227 9489
f 10108 7674 7323
f 8834 9303 9149
f 9139 1939 11046
f 9039 10745 7429
f 7654 10745 7288
f 4223 10256 6833
f 4583 2825 3451
f 2016 9162 2002
f 259 783 1605
f 9561 5188 539
f 7252 8796 11524
f 7651 9739 9256
f 9066 10730 9304
f 8923 7747 9678
f 10577 1284 10737
f 7228 9305 7482
f 8481 5274 7268
f 5312 9328 6811
f 9302 10695 10667
f 5419 10726 6074
f 1435 9404 3557
f 10441 5701 4920
f 9306 8184 10327
f 5483 4725 6934
f 8677 8524 9487
f 7055 9453 7652
f 8115 9279 7676
f 9308 9077 3800
f 1863 10477 6375
f 4433 8207 9413
f 5574 8305 3596
f 1941 4863 5574
f 9248 6064 4672
f 9248 4467 9301
f 9249 1080 1078
f 565 852 3740
f 9305 10616 7482
f 9309 9004 8066
f 9310 8586 8578
f 9217 9454 4186
f 7815 8470 6868
f 8330 11360 5260
f 9266 8899 4194
f 3348 9228 9614
f 9311 9037 8099
f 9237 9313 8115
f 8428 7329 8744
f 10690 8228 4216
f 8659 9448 10110
f 10926 6562 5344
f 4207 9315 9605
f 8661 9315 9291
f 9315 8661 4223
f 8431 9224 7439
f 8135 9778 7677
f 9313 8643 10734
f 9559 9200 1832
f 7067 7068 8542
f 10679 9618 8670
f 9299 5362 9071
f 7358 9490 9342
f 7357 9149 7359
f 9316 8691 11107
f 5226 9767 8694
f 5799 6638 11305
f 8657 8702 8658
f 8137 9753 8666
f 6969 8995 7687
f 9743 6653 4760
f 6660 4589 7779
f 8704 6503 6502
f 1902 80 41
f 8390 6122 9028
f 9221 8342 7305
f 9329 10700 7678
f 8890 10134 5215
f 8823 8827 9055
f 6876 9324 8352
f 9324 8823 9055
f 7750 9480 4319
f 4744 10967 11374
f 7964 9449 2805
f 7363 9074 8159
f 6974 6978 5377
f 8690 8140 9316
f 11474 9743 4760
f 9007 9309 6501
f 8757 9495 8978
f 6114 8760 7246
f 10705 10187 6117
f 9606 8114 9307
f 9600 8772 8347
f 3786 8285 3785
f 4318 9303 9227
f 9303 4318 10013
f 9149 10013 7069
f 4487 7606 7226
f 8066 385 9216
f 385 7231 9216
f 10747 8704 6502
f 3753 8800 10738
f 5799 9482 6638
f 9321 9745 6526
f 8634 8100 8633
f 5316 7302 6807
f 4517 9322 8816
f 10689 9319 10731
f 9323 9280 8677
f 5486 9218 5350
f 8821 6554 11424
f 8825 8664 608
f 6876 8825 9051
f 9325 8823 9324
f 5851 5352 9224
f 10721 7061 8286
f 9303 9326 9227
f 9483 7861 9603
f 9483 5859 6576
f 7365 10652 5510
f 2779 2780 7815
f 8375 8184 2778
f 9481 3757 7422
f 9245 9058 10695
f 7608 7481 4708
f 9273 4718 8875
f 9273 10012 8386
f 7500 8906 9169
f 9321 8806 9745
f 7942 3357 9240
f 1819 6950 8487
f 7367 7446 9826
f 7701 9826 7446
f 3898 3531 9420
f 8871 6866 5225
f 9306 10205 8184
f 9169 8906 8423
f 8905 7500 7640
f 4210 8424 7384
f 8426 9244 10648
f 9753 9245 10732
f 7308 10733 10718
f 6978 8130 7337
f 8492 6964 8918
f 6563 9894 6156
f 5852 9618 4229
f 9709 9884 10622
f 9304 8683 6970
f 7390 8929 8838
f 7138 7773 5604
f 10756 8931 9331
f 2779 9579 2780
f 7488 2785 8475
f 7488 8475 7039
f 8772 9600 6139
f 6826 8680 6702
f 10947 10951 6702
f 10309 8681 7690
f 6895 4248 9485
f 9331 7023 8953
f 11080 7733 7247
f 7432 9566 8816
f 8637 8880 5831
f 8864 9486 10954
f 8145 9225 11467
f 9120 10621 6824
f 6973 8945 10709
f 2721 8571 3664
f 8793 8758 8413
f 8184 10205 6633
f 9454 10704 9272
f 8274 6109 8518
f 9237 9495 9933
f 10704 9319 9487
f 10704 8978 9319
f 9272 10704 9487
f 10717 9333 10295
f 6133 7281 1090
f 8446 8121 1819
f 9457 7314 8848
f 8823 8824 8827
f 8824 6558 8134
f 6876 9051 9324
f 9062 9459 7958
f 7961 8675 6157
f 6157 9460 7961
f 7963 8994 7962
f 1832 9336 791
f 7676 9279 5349
f 5865 6831 10709
f 4952 4951 3819
f 5092 3036 3108
f 9235 8573 8030
f 3734 6090 7212
f 8468 9262 9611
f 5240 11301 7239
f 11354 8793 8413
f 7237 7039 4720
f 752 2213 9013
f 8762 7629 7263
f 7266 8079 8224
f 8599 8600 9022
f 9251 9464 7493
f 5811 9466 8742
f 22 9338 173
f 8628 8529 10688
f 8529 8628 6535
f 8617 7293 8624
f 7650 4519 7648
f 8642 5328 8992
f 8910 9447 6812
f 8115 9276 9237
f 9319 9275 10731
f 6776 8694 10734
f 5315 11367 5326
f 7321 9339 5340
f 8821 11424 5346
f 7674 9294 9050
f 6556 8823 10650
f 8656 7332 8745
f 8965 9339 9052
f 9294 7674 8232
f 7676 10731 9276
f 9280 8661 9291
f 8142 9430 4752
f 9298 7962 9200
f 9200 9559 9298
f 6158 8542 5361
f 6964 8136 7441
f 9066 9065 8782
f 7860 8717 9609
f 9609 8717 9341
f 7443 8830 7352
f 9336 8994 8835
f 7358 9342 8835
f 9709 10622 7859
f 7692 8684 6162
f 909 8496 911
f 9483 8146 7861
f 8924 8394 4233
f 7703 9330 4540
f 2457 8839 8151
f 1077 8499 423
f 8690 9316 11107
f 9343 6708 10894
f 43 8155 527
f 758 755 2214
f 1517 3073 9496
f 806 1007 9905
f 9347 172 303
f 676 8176 9838
f 478 2632 9623
f 2066 489 10115
f 9620 442 11055
f 8155 2920 10995
f 268 9345 2264
f 9345 4426 2264
f 856 1428 4435
f 11058 9346 4082
f 9702 836 4026
f 9424 836 9375
f 106 1675 870
f 9704 743 2205
f 743 9704 1467
f 1685 10267 3675
f 3855 7111 2999
f 8155 223 2920
f 5555 9352 10847
f 9353 8554 4405
f 9539 487 1340
f 3056 6371 247
f 5033 9391 4006
f 7176 11032 6389
f 9517 201 9355
f 1409 688 2146
f 4082 9346 4084
f 9704 2204 1467
f 5133 11024 4019
f 2298 1733 845
f 707 862 10656
f 5167 10491 3672
f 958 287 9956
f 9113 2419 3712
f 5162 5179 3238
f 1677 10210 10416
f 1675 106 9706
f 1607 10267 11138
f 10267 1685 10387
f 1061 1013 2454
f 3255 9516 10786
f 11146 9349 1748
f 1766 10265 6612
f 10288 4717 8326
f 6815 8351 8230
f 2626 9397 5635
f 5450 9361 4271
f 5673 3089 4668
f 9362 7599 7210
f 4219 5334 5502
f 2838 4796 3830
f 5546 1906 10470
f 9203 9204 6265
f 5970 5632 10546
f 9354 507 622
f 654 10802 1517
f 9375 3172 6918
f 1560 1561 3183
f 1674 2421 9085
f 3426 10728 6219
f 5878 9365 4961
f 10432 2596 4335
f 5969 533 5617
f 4932 3938 3936
f 9371 3521 10736
f 9371 6325 3521
f 8266 3591 3528
f 3587 9182 6021
f 7789 4664 5129
f 11007 8168 253
f 11122 3649 834
f 1447 3204 10509
f 8045 9250 7022
f 9003 4710 6094
f 5488 10570 8333
f 68 444 9121
f 1254 3846 3843
f 9526 9367 3885
f 8404 1321 6277
f 4598 1211 5936
f 2195 3983 9085
f 9369 2211 3490
f 7110 7764 9916
f 10129 9633 9538
f 2639 474 95
f 1525 721 5139
f 67 3050 9368
f 1345 9500 747
f 3909 68 9121
f 9354 446 507
f 4016 3141 10551
f 4478 2622 5978
f 4433 5073 5678
f 9152 9376 5680
f 9377 3006 1303
f 9406 5693 4040
f 29 3621 2192
f 7171 9568 4054
f 5115 4054 9568
f 6241 7721 1911
f 6239 2884 5734
f 7190 9379 9378
f 9380 962 3232
f 1657 3231 860
f 6469 3238 6467
f 3238 6469 9378
f 3692 9381 356
f 1514 405 3703
f 1717 4144 10421
f 9359 2756 1051
f 9530 9492 2760
f 10888 6682 8705
f 928 372 8106
f 1096 6149 6559
f 7518 6577 8882
f 4931 3936 3938
f 4544 9155 7147
f 6899 1104 4888
f 3004 8304 5078
f 4424 3579 6377
f 10483 9384 5041
f 8372 9392 4430
f 9385 4677 4040
f 10855 10301 10291
f 133 623 9804
f 9370 4602 2602
f 7775 7000 1245
f 298 4658 297
f 4035 1546 9118
f 722 11492 6034
f 4288 4680 9145
f 9364 6940 7630
f 9899 11418 10720
f 9417 9524 3405
f 3550 9388 27
f 4387 5546 3506
f 2998 8400 8202
f 7565 3537 7399
f 8556 9628 3423
f 4000 3068 5025
f 5039 5025 3068
f 142 678 5060
f 9640 2154 5069
f 6003 3114 10664
f 5083 5655 8249
f 4208 5304 4210
f 9778 322 9700
f 3795 8995 5365
f 6833 8288 10612
f 7708 4628 3551
f 9396 4601 4557
f 2626 3531 9397
f 5004 2662 9124
f 9361 8399 4925
f 10636 1558 4285
f 5476 7729 7728
f 425 9399 3402
f 9399 425 9344
f 5546 10470 3506
f 9765 6715 1908
f 2889 4353 5557
f 4385 10834 5549
f 5624 9202 9889
f 3007 5924 3451
f 4980 9401 4981
f 3902 3975 9512
f 9624 5664 9384
f 5664 2122 9384
f 9403 2133 5670
f 9375 4618 9424
f 5676 3090 2156
f 9406 7975 4784
f 4046 9408 6417
f 6046 768 763
f 1521 1522 3156
f 3156 1522 1926
f 3157 1521 3156
f 4188 5774 3331
f 9409 9564 8253
f 3367 8447 1819
f 9411 6700 3385
f 9449 7964 8497
f 3402 9399 424
f 2839 424 9399
f 10512 450 5960
f 1184 5407 1912
f 9396 1235 4601
f 5953 9442 6996
f 5962 11108 9555
f 3520 9389 11047
f 5975 9412 9561
f 9867 2626 3530
f 6670 432 3576
f 2867 4345 7762
f 5964 9183 5699
f 3962 9414 1524
f 10557 4989 6060
f 1082 6769 8182
f 3753 10738 5480
f 1811 6121 4507
f 5561 3811 3857
f 6882 9699 4775
f 9418 1132 8548
f 9418 8548 4797
f 9509 5960 450
f 2860 9419 7982
f 4823 4615 2882
f 2889 5557 11164
f 6264 9203 6265
f 10291 3452 1190
f 3459 6598 9521
f 6839 9536 4248
f 9420 5580 3898
f 1962 11380 3050
f 1104 6899 1223
f 2959 4607 4805
f 5954 4370 4558
f 9498 4612 4915
f 2858 9387 8930
f 6311 79 5906
f 3508 5617 533
f 2885 9422 4928
f 4925 9422 7146
f 9422 4925 8399
f 4929 3521 7882
f 1298 9423 7124
f 4029 9376 4028
f 4402 6349 9699
f 9401 5651 4981
f 2060 3123 8555
f 7005 3579 642
f 9391 6384 4006
f 9402 4010 4892
f 5047 10518 6425
f 5678 9540 4433
f 4469 6409 3201
f 6045 10915 10757
f 4061 10739 5170
f 8030 9426 5157
f 6239 5734 1272
f 6078 1695 6472
f 9360 3246 10408
f 4698 5750 4163
f 9250 10895 7022
f 8577 5226 6483
f 9393 4703 7021
f 9484 4707 6626
f 7249 8845 4182
f 3328 8732 2781
f 5788 10697 8222
f 8617 8485 7293
f 8097 9241 4207
f 8112 8106 10674
f 6557 10927 9295
f 10585 9234 7346
f 9430 9062 5348
f 6833 9431 4223
f 3794 6571 9432
f 7703 9471 9260
f 6776 8643 9355
f 3524 2621 9352
f 9415 4507 11105
f 9434 4509 8614
f 11065 4772 6980
f 5401 2873 4923
f 11429 11448 7157
f 5670 9392 8372
f 6490 3305 8932
f 5915 7541 9520
f 4610 11345 1245
f 11291 6112 8737
f 4764 10979 10464
f 11048 3471 6281
f 6325 9371 6732
f 7148 10684 9395
f 9425 4027 4028
f 6481 5204 6768
f 7219 1788 5219
f 9781 8959 7826
f 6942 5806 6124
f 8492 9257 2544
f 2802 8928 6153
f 7148 9395 6838
f 10350 9419 2860
f 1967 6068 4364
f 7000 4377 9442
f 6138 9256 7431
f 7453 7455 7454
f 3456 9444 5928
f 2652 4632 6669
f 3738 7418 5222
f 10610 11201 10694
f 9660 8966 9697
f 6710 5394 7976
f 213 7155 7542
f 563 2908 7547
f 7405 9640 5069
f 3478 5092 4436
f 7015 9379 7190
f 7910 7221 3736
f 8061 3309 7606
f 8899 8900 3757
f 9252 7633 11211
f 3762 9716 6116
f 9394 7642 3358
f 8428 8665 7329
f 5842 11225 8968
f 3781 7322 7669
f 2795 9437 7322
f 8917 7063 10599
f 6878 7688 9686
f 6159 9433 7692
f 9444 9960 5928
f 7240 7920 8893
f 9449 5370 3395
f 1367 8731 3445
f 9552 4801 6217
f 9765 5550 4917
f 7555 10822 10160
f 2894 3857 9591
f 5162 3238 9379
f 3205 8033 3206
f 6777 7610 3320
f 9627 5489 5274
f 7045 7497 7634
f 8859 10044 8770
f 5816 3362 9410
f 10136 4742 9041
f 8647 6956 5833
f 9448 6555 6698
f 6698 9930 9448
f 6722 4863 1201
f 1291 7887 3525
f 697 9556 5065
f 5085 5580 9420
f 7609 2774 7481
f 5235 2524 9198
f 7611 10963 6778
f 8414 7926 6114
f 8443 6111 7259
f 3762 9627 5274
f 7500 10969 4199
f 9565 7281 4308
f 9451 4201 4735
f 9416 4202 7280
f 9457 7741 8196
f 2802 6153 4315
f 7957 7064 9077
f 1830 9460 9298
f 8830 6828 7356
f 5561 10477 1863
f 3459 7524 7974
f 9417 7970 9524
f 5584 10535 1887
f 6284 10834 4385
f 6183 4829 1274
f 7764 5556 9916
f 703 3533 11033
f 6895 6839 4248
f 3883 9577 7118
f 7459 6281 3471
f 8507 9423 1298
f 5655 8464 8249
f 4049 6418 5105
f 4481 7017 4166
f 3719 4172 4171
f 5211 7598 7801
f 7598 7600 9362
f 1788 7219 5213
f 4703 9393 3735
f 7209 7804 9769
f 6093 8974 3741
f 4179 7220 8058
f 5764 8061 7606
f 5764 4710 9003
f 1796 6094 4710
f 8891 9494 8470
f 7622 5780 10940
f 9334 245 8619
f 6527 4737 7048
f 6128 7654 7288
f 9605 8097 4207
f 9220 7653 10975
f 6807 5828 7843
f 5325 9468 1817
f 8817 9667 6873
f 9667 8817 8427
f 9606 8281 1818
f 9976 8651 9318
f 8538 8822 8775
f 10110 8258 8659
f 8125 10691 8828
f 7679 8432 7857
f 9460 8141 7961
f 9477 10183 9431
f 5341 9431 10183
f 5853 11088 9063
f 9064 4537 7070
f 9304 10730 8683
f 8996 9661 8831
f 2781 8732 6109
f 7742 10761 5499
f 9475 516 6999
f 2845 244 747
f 3414 8187 6836
f 10552 3114 6203
f 7265 8604 8419
f 5488 8333 6794
f 2956 10252 9744
f 6591 7658 9697
f 2016 1413 9162
f 3944 5077 9210
f 9199 8415 8332
f 9796 3479 6210
f 10855 10291 10304
f 7923 5476 7728
f 9259 7356 6828
f 9699 50 4546
f 9522 2841 1224
f 9163 9421 5023
f 9366 5964 4351
f 2017 664 8553
f 550 4950 7893
f 11232 4015 11183
f 6493 3741 8974
f 3740 852 9696
f 8894 10311 8221
f 9481 9017 7255
f 10155 9550 8335
f 9381 9311 8099
f 8116 10326 10956
f 9440 8131 6560
f 8137 8666 7072
f 11361 9471 9687
f 910 9491 909
f 9745 9465 6526
f 4417 9610 1964
f 7627 5259 11420
f 6972 10702 5364
f 8720 6831 5866
f 6873 8641 8817
f 5247 4492 7241
f 7045 7630 8480
f 5842 9458 9158
f 6164 9000 7701
f 9111 9612 8269
f 9668 6457 7190
f 8059 6771 8514
f 9439 9012 8252
f 7267 9614 9595
f 9474 9482 9024
f 8634 6540 8100
f 10108 10295 6554
f 8230 8351 7685
f 7338 5357 9060
f 8497 5370 9449
f 8569 7148 6838
f 7364 11303 8365
f 3757 8900 11360
f 6640 11081 10644
f 7641 4736 10758
f 8865 10941 6653
f 6829 7518 8882
f 9160 9577 9581
f 2851 8398 4912
f 4501 7628 5266
f 8809 6801 10699
f 9443 8913 7328
f 8364 9479 10113
f 9072 8685 6976
f 8361 7234 9441
f 9639 737 302
f 1912 1913 1278
f 9450 9187 9873
f 9873 9187 6682
f 7631 7496 7828
f 10954 6591 8966
f 9587 8260 8130
f 4186 8525 9238
f 9488 9474 9891
f 4752 9430 5348
f 9297 6158 5361
f 1194 3459 7974
f 594 8066 9004
f 8604 8605 8419
f 2534 8652 7317
f 11204 7643 9230
f 10649 8610 8444
f 8962 10120 9531
f 10680 9566 9220
f 8342 9489 7305
f 7846 1822 10646
f 10690 7313 7312
f 8239 4521 7848
f 9314 8746 8348
f 9052 9602 8965
f 10313 6821 8968
f 9469 3787 4224
f 9308 7957 9077
f 403 10072 9700
f 9446 2803 5358
f 9460 1830 915
f 9491 8496 909
f 8496 7861 9472
f 5862 8883 408
f 4435 1428 714
f 165 67 107
f 3030 5439 8164
f 7263 7627 8762
f 6159 7692 10741
f 2622 9155 5871
f 2615 2988 6890
f 9494 8891 3315
f 7045 7634 7496
f 7703 4540 7697
f 10852 1223 1101
f 5816 7838 6949
f 9203 6264 2630
f 2858 8930 9549
f 9624 9384 9229
f 4644 3074 8270
f 8107 6544 8636
f 2922 10657 8551
f 5670 8372 9403
f 5806 6942 5277
f 7683 9493 7338
f 8993 9618 10679
f 1329 224 6002
f 9442 5953 5955
f 3912 4252 9402
f 2005 9728 9718
f 9425 8563 9528
f 6139 5328 9221
f 3459 1194 2907
f 4709 6586 9742
f 9716 8481 9463
f 8223 9463 8481
f 10701 9597 6527
f 563 7547 5181
f 9495 9276 9275
f 8032 9655 3196
f 9677 8058 4180
f 8443 7254 9973
f 6265 9204 5640
f 2017 8553 2003
f 8390 9028 8085
f 9482 9474 6638
f 9275 9276 10731
f 9493 8125 7338
f 9411 8865 6653
f 8929 6834 8838
f 9639 302 8941
f 8364 8437 9479
f 8651 8610 6525
f 9315 4207 9291
f 7846 10966 1822
f 6647 4521 8239
f 489 870 10115
f 10297 156 575
f 3056 2669 396
f 930 9496 4291
f 531 130 9878
f 4132 298 585
f 233 842 162
f 9500 109 747
f 396 72 3056
f 9501 3139 3082
f 1734 856 9502
f 930 9503 9612
f 3684 3265 1646
f 846 2303 2306
f 5253 5255 7625
f 1095 3779 5826
f 2358 9507 2363
f 1404 1635 281
f 1430 9502 856
f 864 11488 2416
f 456 11476 2613
f 5960 9509 11108
f 2091 112 113
f 2609 2610 2979
f 9499 9951 4949
f 6266 2690 4953
f 478 9623 98
f 9512 3046 3047
f 2074 9527 607
f 9513 5020 3858
f 4280 929 2364
f 3084 9517 3706
f 10479 2151 9635
f 162 2194 233
f 982 699 818
f 1544 846 2299
f 10366 5082 1657
f 2735 11007 5129
f 2374 925 924
f 4291 9503 930
f 4291 367 9503
f 1506 2368 4454
f 1423 4480 1733
f 9355 9530 9517
f 5272 9266 5270
f 1844 1845 9790
f 1846 3276 2438
f 1109 6654 8545
f 3741 10660 6093
f 5626 4017 5561
f 6380 4004 5030
f 1133 11175 9522
f 8441 5679 6026
f 4274 702 696
f 2416 9508 1658
f 832 3648 4077
f 3711 1036 9515
f 9515 3712 3711
f 7667 7327 9523
f 11255 11013 1141
f 456 9525 10982
f 10538 1158 10857
f 11013 2950 68
f 2633 3954 1191
f 4977 4976 3895
f 3569 9527 6611
f 109 9500 11115
f 6378 9890 6015
f 3225 2142 1641
f 9635 4397 10479
f 4026 836 9424
f 6024 9528 8022
f 9104 8441 2156
f 6366 1446 6413
f 6417 9408 4921
f 9529 2698 2195
f 9529 2086 2698
f 3133 2218 3136
f 10367 3600 4085
f 1397 3183 11247
f 5736 6409 4469
f 9530 2466 3706
f 7209 7803 8049
f 5349 9767 5486
f 9531 9799 8962
f 7698 7705 7702
f 835 87 1533
f 8886 2572 9177
f 6895 9485 4360
f 8034 6463 768
f 1203 57 9726
f 10235 6397 2586
f 3733 9755 1083
f 2809 7702 11303
f 9537 10169 2647
f 3505 2615 9538
f 6890 9538 2615
f 3890 479 572
f 9127 2674 1178
f 9513 1921 1177
f 7164 6380 5030
f 5038 5031 4007
f 1400 10518 277
f 11061 10322 5678
f 1202 9541 2913
f 9644 4054 5115
f 835 1025 87
f 5211 9542 7598
f 8854 7205 7601
f 5304 4208 9859
f 2615 4278 2988
f 4345 10970 5445
f 10473 10820 10188
f 9344 10581 10532
f 11163 7529 6713
f 4349 5551 10864
f 7998 9544 4551
f 11396 5579 5577
f 2928 3602 6032
f 2885 4928 1913
f 2958 1280 11224
f 9513 4264 5020
f 5522 4777 1306
f 9629 10135 3112
f 4069 6465 5132
f 4688 6470 1967
f 1224 6888 9522
f 4561 2981 5899
f 3468 11169 9157
f 3468 9157 1208
f 4597 9548 1209
f 3207 1336 3563
f 4252 668 9402
f 9719 668 6016
f 8564 8441 6026
f 4457 3641 3199
f 3726 11525 3732
f 9550 9025 6522
f 6144 1095 5826
f 8359 8781 6564
f 7135 2959 5894
f 429 9724 6178
f 7111 6253 2999
f 5411 3869 6263
f 9553 6839 6897
f 9406 3111 7975
f 3901 4880 1963
f 4913 9554 3929
f 1279 6259 5973
f 3532 9102 10986
f 6846 3827 3022
f 8020 1108 7993
f 5025 9822 4000
f 7164 4269 4005
f 6014 7165 3584
f 2686 2004 9162
f 9511 664 2017
f 9209 9528 6024
f 4668 9640 5677
f 7405 5677 9640
f 6193 3539 3824
f 1447 3616 3204
f 9557 3627 10119
f 4637 3914 6424
f 9593 10073 6433
f 5071 9702 9635
f 10479 5632 5719
f 10479 5719 2151
f 4039 6749 3607
f 2741 5743 8250
f 6292 6291 5691
f 3237 9560 5179
f 9560 6467 5179
f 1967 6470 6068
f 5975 9561 2818
f 10885 10566 5191
f 10500 6080 3282
f 1808 9781 3344
f 1808 3344 3349
f 6155 6154 9567
f 9505 3720 5195
f 147 294 344
f 9501 5712 9558
f 5712 9501 3082
f 5761 2766 2768
f 2572 7886 1277
f 4721 7818 4494
f 5663 1388 5030
f 7496 6941 11069
f 6955 7847 11507
f 9543 9742 7028
f 4735 4202 4206
f 10586 5816 9416
f 3575 9622 6011
f 7083 9581 3883
f 6223 6178 10458
f 4000 9890 8008
f 7164 4005 2121
f 4711 8844 4303
f 2424 10150 8799
f 8635 9670 6137
f 8647 9046 6956
f 8827 8777 9572
f 6827 9750 7515
f 10337 9789 2220
f 9125 4988 224
f 9573 6990 4358
f 9574 7380 3315
f 6989 3460 9534
f 6632 7613 10694
f 8880 9575 9893
f 6965 5352 5851
f 9477 9576 8289
f 7873 9581 7083
f 3418 7525 3829
f 10858 5972 8886
f 5914 6985 9520
f 9556 8022 1414
f 2522 7025 5216
f 4533 10927 7343
f 7688 6878 11309
f 7697 7965 9471
f 9696 852 8360
f 9579 2779 8723
f 8941 7743 9639
f 9580 5524 8403
f 9582 5413 5569
f 9573 7376 6913
f 3901 9610 234
f 8020 7993 7783
f 5070 9829 7786
f 868 10040 9830
f 2301 9674 338
f 8060 9676 5762
f 4712 7809 9921
f 4711 4303 4490
f 7613 10610 10694
f 7834 10913 8714
f 2851 7532 4901
f 11048 6281 5995
f 9400 11050 7127
f 6665 1291 10314
f 6097 1796 6505
f 9319 8978 9275
f 5504 10280 11214
f 7955 10262 6699
f 7699 9589 7075
f 9688 9653 4800
f 9554 7145 3929
f 3813 1915 4767
f 2999 9662 1919
f 9592 1291 6665
f 2133 9403 7776
f 8008 9890 3918
f 2133 9698 9282
f 9556 6024 8022
f 9641 3113 4042
f 6754 6753 3196
f 9569 8028 8029
f 9378 6469 9828
f 9617 1795 6775
f 5250 8413 10179
f 9595 8596 7260
f 7632 9571 8878
f 8805 2532 7276
f 7939 7938 9451
f 7293 10216 8624
f 7835 6800 7653
f 9328 7648 4519
f 6546 9599 8425
f 9600 5328 6139
f 7433 9148 5833
f 9314 8348 10718
f 10280 8940 11214
f 4314 10966 7324
f 10927 4533 9295
f 9551 6562 10742
f 8672 8197 7347
f 3794 9432 6575
f 9490 7358 6574
f 7859 9480 5507
f 10221 4320 7694
f 8233 5374 4324
f 5466 3243 7172
f 9604 11212 9596
f 9605 5341 8345
f 8239 10110 9930
f 6956 4313 9601
f 9431 9576 9477
f 9325 9324 9051
f 8437 7965 9479
f 8617 8195 8485
f 4253 2668 6008
f 7814 9607 8891
f 9607 8792 10638
f 8792 9607 7814
f 9599 5324 8425
f 8304 9829 10283
f 8659 9601 7852
f 1255 5425 9733
f 7789 10739 4664
f 4728 6688 5792
f 3745 7031 9445
f 1926 3863 4840
f 7793 9663 6754
f 5794 8597 5795
f 9609 8832 5858
f 9660 4751 8966
f 3385 7680 6701
f 9617 8059 2772
f 6822 9091 8716
f 1109 8545 9390
f 9672 8912 10324
f 8001 6599 2922
f 4202 9416 4206
f 9065 9927 9932
f 3198 10819 6241
f 7240 9611 10615
f 9973 4190 8443
f 8811 5309 8809
f 9799 9531 6534
f 8813 6542 9033
f 10067 7315 8820
f 8537 6558 6556
f 5316 7843 7429
f 3745 9445 7483
f 8955 9919 9578
f 9578 3328 8955
f 7628 4501 6937
f 9658 3345 7632
f 5333 6873 9667
f 8920 7350 3387
f 9576 9058 8289
f 8754 8842 9816
f 6940 4728 5789
f 5286 11518 9253
f 5859 9603 4320
f 5863 9587 6592
f 2851 4901 2966
f 3029 5994 3030
f 1822 10966 3782
f 9457 5501 7314
f 7332 10651 7331
f 10000 8998 5850
f 8998 1838 8682
f 7886 2572 8886
f 7713 9387 9498
f 9387 7713 8930
f 8315 9617 6775
f 9617 8315 8580
f 6097 6505 5769
f 4195 9595 7260
f 8805 1808 2532
f 9597 7832 5298
f 9033 6542 10968
f 8635 8112 9670
f 6551 9681 6549
f 1826 10966 7951
f 2197 737 9639
f 10110 8239 7848
f 9470 10927 7336
f 9602 8131 9440
f 4226 7062 8781
f 8671 8829 8777
f 9684 8993 8971
f 6828 8233 4324
f 6976 8685 6973
f 1966 9668 8163
f 2337 11100 11099
f 3136 2218 2217
f 3925 9549 8506
f 9956 9850 10342
f 4989 10557 3179
f 4451 5137 4073
f 11309 9064 7688
f 5710 5126 9863
f 9298 9559 1830
f 8995 3795 9432
f 2595 3804 3482
f 9552 3839 7895
f 6183 6247 3812
f 11033 11018 2157
f 7859 5507 10730
f 3469 10657 2922
f 9582 5389 9128
f 9556 8510 6024
f 9577 10735 10632
f 6665 9101 2009
f 4639 1178 2674
f 1896 10576 1144
f 2377 6137 8098
f 1674 9085 10346
f 9956 10342 3268
f 5829 6591 10954
f 7962 9297 7963
f 9437 2795 8448
f 10311 8894 8976
f 8978 9495 9275
f 1255 9733 1254
f 237 1460 172
f 1612 4121 9942
f 7578 2151 5719
f 3186 9514 3187
f 4188 3331 4493
f 8395 9417 3405
f 3898 9397 3531
f 2636 6057 5683
f 7852 9601 6696
f 4313 6696 9601
f 4402 9699 6882
f 2151 5071 9635
f 9491 910 9490
f 9619 3338 7252
f 7599 7600 5216
f 10110 9448 9930
f 9581 7566 8546
f 5274 5489 7268
f 9524 7970 11186
f 2331 6754 9730
f 9542 5211 1789
f 3738 9236 7418
f 9610 1963 1964
f 9612 3251 8269
f 9040 6540 8634
f 8492 2544 6964
f 9160 9581 8546
f 9658 7632 7269
f 8496 9491 9775
f 9342 910 2253
f 1458 1452 1459
f 3912 9402 4892
f 10036 356 8099
f 5574 4863 3463
f 43 6600 2042
f 10797 556 55
f 110 9620 2699
f 2099 309 360
f 9703 2632 1661
f 1235 4341 9831
f 2699 9620 11055
f 8405 2600 8199
f 8174 630 117
f 9621 6765 6752
f 707 1310 221
f 3552 3466 6883
f 924 1620 1621
f 9946 9508 2489
f 6579 4549 3460
f 11174 237 441
f 2609 3844 2610
f 3098 3956 2032
f 2042 2040 43
f 1460 1881 9787
f 955 3094 9373
f 24 9935 753
f 796 10767 916
f 2632 9703 9623
f 2173 391 3
f 3209 11473 4057
f 1758 9626 2360
f 2360 317 122
f 8788 5753 8047
f 9518 3743 11316
f 10408 1846 9360
f 1846 2438 1768
f 9627 1089 7502
f 171 3570 2942
f 2988 5966 1268
f 367 4291 2378
f 9777 8347 6549
f 9400 599 2661
f 658 6015 9822
f 6355 5717 3166
f 1881 237 11174
f 9631 4343 656
f 4620 5974 10821
f 8201 8786 6602
f 8384 2006 11224
f 9634 4391 6256
f 4397 9635 4026
f 3532 10986 11258
f 4978 9636 4977
f 4026 9635 9702
f 955 9373 287
f 2306 2303 215
f 844 2173 3
f 9625 317 9626
f 2360 9626 317
f 7409 5185 3237
f 5184 9858 3974
f 1169 9711 3432
f 4601 1235 9831
f 4573 11043 3437
f 2883 1905 5405
f 7458 6659 9780
f 3091 9640 3089
f 9862 5926 11109
f 3059 668 10972
f 9641 2556 3828
f 9638 7149 2155
f 6421 4893 3128
f 9642 4843 674
f 4084 10209 2169
f 4172 3725 4171
f 4171 3725 9645
f 11339 4581 4580
f 3505 2697 2615
f 9645 3725 8931
f 4354 1921 9513
f 5606 5948 8299
f 4383 3432 4243
f 9647 8266 3528
f 9900 9647 6906
f 4395 5984 8245
f 5634 550 1213
f 2155 5070 5675
f 5697 10553 8172
f 6940 5789 6588
f 317 3353 122
f 923 8281 2373
f 8910 5320 9447
f 9632 3524 9802
f 2653 4988 1435
f 2864 9624 4614
f 10814 3607 6749
f 10147 10135 9629
f 10500 9679 6080
f 2771 5228 5763
f 9627 7502 5489
f 5892 5894 2959
f 5552 9650 9554
f 9651 10129 9538
f 3813 6247 4388
f 1179 1921 4354
f 4581 2900 3867
f 6884 492 7126
f 6410 1220 9832
f 10864 8201 6602
f 4463 11160 11258
f 7542 7114 7994
f 7994 7114 3014
f 6280 6359 4872
f 7467 11049 2053
f 4635 601 11110
f 7781 5087 1951
f 6202 3610 5526
f 5115 3879 5705
f 3626 6421 3128
f 5755 6624 3717
f 4168 5755 8041
f 4169 6480 5761
f 3292 8721 3725
f 3321 7484 9921
f 4491 9722 1084
f 4195 5267 7269
f 3351 9691 4199
f 7291 9659 9029
f 9148 8646 8638
f 9348 6606 182
f 1396 622 198
f 9664 8724 8322
f 9701 6728 1978
f 10732 8862 9753
f 6579 9731 3458
f 9914 3458 9731
f 9152 5077 7888
f 5764 4487 9607
f 1822 3782 6144
f 7138 9654 7141
f 3941 5984 4395
f 562 52 3878
f 4000 6015 9890
f 3688 9720 9843
f 4124 1646 3265
f 7594 9250 7595
f 9947 9233 5223
f 8799 10686 7257
f 6518 8224 6791
f 9670 9221 7305
f 9960 7999 7458
f 6929 2522 9542
f 6869 4190 9973
f 7643 9659 8627
f 9641 2833 2556
f 9767 9695 5486
f 4311 2793 9814
f 8281 5823 2373
f 1856 3046 5534
f 7403 9675 10685
f 3944 6033 10849
f 6860 11059 10974
f 9665 6111 8443
f 7977 10188 3418
f 6860 10974 10086
f 2540 5321 5320
f 8344 9242 6644
f 8489 6548 8818
f 5338 7436 5837
f 9754 8541 7066
f 7966 5864 11111
f 8672 11097 8197
f 9656 6239 1910
f 9662 2887 7456
f 9081 9634 6256
f 6895 6897 6839
f 9652 9132 3463
f 7563 10744 4948
f 7011 8572 9816
f 9655 9730 3196
f 9674 8052 3304
f 9199 8331 9015
f 10913 5812 8714
f 10296 10036 8103
f 4219 7851 8196
f 4527 5839 10324
f 5847 2543 11205
f 9682 7681 7680
f 9684 8971 9757
f 9678 7749 10156
f 4322 6165 5368
f 8830 9686 5856
f 4219 8196 7741
f 8747 9678 10156
f 7258 9680 9766
f 7821 7630 6588
f 8504 4546 1872
f 8872 9689 6632
f 8200 1234 9688
f 9653 9688 1234
f 2647 8440 6992
f 4843 11102 1521
f 9585 6631 4488
f 9066 9709 7859
f 6883 6198 3552
f 9757 4229 9684
f 6374 8557 9907
f 9656 6240 6239
f 9766 8255 8801
f 9691 5280 7640
f 9148 8638 8647
f 9714 8554 11060
f 8797 9012 10074
f 9012 8797 8252
f 10686 7256 7257
f 9669 9766 6513
f 4734 8805 10701
f 8815 10644 10716
f 7318 8640 5835
f 10075 10944 10112
f 7382 5486 9695
f 7429 7430 5316
f 1544 2304 846
f 6491 9674 3304
f 8705 1802 7239
f 9470 8492 8918
f 8494 8364 10113
f 9696 8756 3740
f 6504 8518 8732
f 10733 9774 7340
f 6966 7956 8456
f 9815 8944 7370
f 9628 10576 3423
f 6480 2766 5761
f 9199 9015 3337
f 9658 5267 8332
f 8627 9659 7291
f 7643 8627 6530
f 7841 5321 2540
f 9778 8135 7954
f 9686 7688 7070
f 3393 9685 5857
f 9775 7861 8496
f 5856 9693 8233
f 1111 5411 4548
f 8820 5340 6551
f 1298 3530 9545
f 9696 8722 10105
f 3567 4417 4633
f 2773 9917 6628
f 8566 2741 8003
f 7266 9738 6513
f 9898 9224 5352
f 7288 10745 10975
f 8756 9696 10105
f 11355 5292 9476
f 4028 9152 11455
f 6087 10007 8951
f 5553 1906 10746
f 11339 4580 5922
f 6250 9643 10737
f 9690 7509 10976
f 10638 5764 9607
f 9697 8728 11374
f 7443 6878 8830
f 9271 1084 1798
f 7837 6692 7946
f 3166 4074 2714
f 3913 9744 10474
f 10599 4226 6566
f 11088 8782 9065
f 7267 9595 4195
f 9750 6827 9932
f 6526 9465 8616
f 9649 6263 8292
f 5466 9707 3243
f 4929 2005 9718
f 10240 9565 1091
f 2374 924 1621
f 699 204 818
f 1638 9621 1637
f 9640 4668 3089
f 5697 8172 3116
f 3857 6704 9591
f 7643 6530 9168
f 9690 7668 9437
f 8520 6588 5789
f 7874 9960 9780
f 9243 10976 8536
f 6241 10819 11063
f 4751 8863 8966
f 4182 8889 8062
f 8343 9119 8488
f 7438 8862 8746
f 9051 9639 7743
f 5411 1111 3869
f 9687 7696 7864
f 3405 9524 5870
f 24 6764 375
f 2209 934 2275
f 510 630 511
f 630 510 117
f 294 2033 150
f 1397 11247 622
f 4456 10047 191
f 2275 3138 311
f 1645 420 1026
f 9704 1466 2074
f 1748 988 11311
f 3536 954 4124
f 9796 6888 2594
f 9787 5007 301
f 147 2033 294
f 5439 2041 8164
f 853 1428 715
f 11007 8568 4062
f 9832 3112 3612
f 1958 9706 11243
f 1752 2217 9948
f 343 2409 9380
f 5172 9504 998
f 2409 343 1032
f 5749 10884 4122
f 8782 9709 9066
f 2843 4600 4338
f 5573 9705 6721
f 1943 2917 4409
f 1235 9396 3487
f 1575 3036 9901
f 587 8307 2190
f 1706 4140 10884
f 4243 9711 2883
f 470 8946 9868
f 2717 2636 5683
f 4064 10800 2236
f 3257 10228 11522
f 6116 9716 5788
f 4818 6284 4878
f 3474 3475 1220
f 4600 9717 3805
f 181 2107 8174
f 2364 3073 11015
f 9719 4011 4010
f 1435 4988 9125
f 4012 3992 6424
f 853 715 1548
f 3635 9707 4690
f 2453 1016 10228
f 10228 1016 1015
f 1721 11142 1642
f 1706 3279 4140
f 4813 9724 429
f 601 67 165
f 6707 7869 7450
f 4559 2562 6998
f 3868 2022 4768
f 11018 4579 6396
f 3119 9715 10356
f 1556 10849 6033
f 6788 6870 10640
f 5371 7363 9300
f 11315 5634 4877
f 5424 6716 4819
f 9728 2005 6734
f 1789 9729 6929
f 1235 3487 4890
f 10594 2019 5636
f 3014 7114 10089
f 7801 7204 5211
f 3766 3358 8727
f 1144 10576 9628
f 2874 11280 9711
f 9731 10897 9914
f 4438 10814 6749
f 5697 1449 10553
f 4278 2697 10410
f 3626 9794 6421
f 9733 4913 1254
f 1905 2883 11280
f 1522 9734 10042
f 5922 9793 11339
f 5582 1965 10439
f 11018 6396 4848
f 1291 10592 7887
f 9735 7465 2637
f 4636 5442 10472
f 3989 6301 5014
f 4427 4003 7006
f 4811 9736 5034
f 6378 6015 4641
f 658 4641 6015
f 5104 4921 9857
f 4279 9715 588
f 3878 3098 562
f 9862 3878 4445
f 6372 3992 9648
f 5652 6363 9823
f 10006 9737 4461
f 10040 3969 6413
f 9707 4137 4690
f 6952 6646 10680
f 5320 5822 9936
f 182 6606 180
f 10674 5823 9307
f 4410 4649 10430
f 9095 782 8176
f 9689 8704 10747
f 775 2704 10800
f 65 4251 2597
f 1387 5035 6014
f 3119 10356 3041
f 7063 7062 4226
f 3560 1575 9901
f 7160 9744 8199
f 9720 3688 1342
f 7283 8088 8809
f 9746 6815 8230
f 5352 5353 9898
f 6869 9973 7490
f 4722 8977 3329
f 7740 8818 6548
f 8881 9749 10076
f 8898 7730 7490
f 4219 7741 5334
f 7465 9735 5989
f 9180 5989 9735
f 8854 6681 2771
f 9751 9740 11497
f 1896 10896 5586
f 1926 1522 3863
f 8854 2771 9484
f 9739 7651 9821
f 8486 7841 6136
f 7869 6707 5883
f 7545 4858 7874
f 4915 6731 11510
f 9735 10547 9180
f 1569 9847 7720
f 1083 9755 6089
f 9756 11298 11205
f 8356 9757 8680
f 9740 6883 11497
f 1135 4883 9798
f 7128 9759 4783
f 6301 4420 5014
f 3074 9736 1384
f 4000 9822 6015
f 8236 8310 3645
f 4461 7180 10006
f 9216 6501 9309
f 8479 8419 8477
f 7272 6519 6518
f 9760 8710 6796
f 9761 7278 9302
f 9763 5366 7966
f 2041 5439 3549
f 8716 9293 6822
f 8491 5499 2541
f 8205 573 1326
f 9765 4917 6656
f 9755 5209 6089
f 7517 8688 10655
f 9718 3521 4929
f 4660 4929 7882
f 8516 8071 3323
f 9691 3351 3763
f 10153 5371 9300
f 7748 8923 9678
f 2543 8128 5844
f 10350 2864 4343
f 4253 3912 8397
f 8564 5676 2156
f 8072 6867 8220
f 9766 9680 8255
f 5341 9315 4223
f 5858 8832 9694
f 5812 8769 5289
f 3153 9712 803
f 9614 6516 9595
f 7965 7696 9687
f 6862 10264 8932
f 8421 9752 7825
f 2535 8482 9167
f 7841 2540 6136
f 9312 7841 8486
f 9773 3367 8910
f 6815 9746 8657
f 9810 8657 9746
f 9775 9603 7861
f 10071 8997 10112
f 67 601 3050
f 8578 6497 6496
f 5218 6496 6497
f 9310 9214 7615
f 7241 4492 9450
f 8594 4493 8519
f 5264 8522 3761
f 9770 9465 9745
f 9761 8615 7278
f 9777 8649 8347
f 8650 11507 7847
f 8694 9767 9279
f 6562 10926 2543
f 7677 9778 6563
f 6574 9603 9775
f 11223 10063 9734
f 1368 6747 9880
f 7360 8994 7963
f 8112 6139 9221
f 10955 9176 4509
f 10037 5654 9918
f 8101 7947 6644
f 8521 9014 8592
f 8521 8592 7260
f 9605 9315 5341
f 10732 9318 8746
f 10718 10733 9314
f 9827 2629 3948
f 9832 3612 6410
f 11048 9732 3471
f 9827 3948 9373
f 9779 2391 11226
f 7209 9769 7803
f 8520 8982 6588
f 5710 5017 5125
f 3008 6263 3869
f 8032 6753 8312
f 5915 9520 6985
f 5928 7874 4858
f 6133 9453 4308
f 7072 8784 9694
f 10075 8784 10693
f 11318 9980 3008
f 4732 6520 8712
f 2986 456 2613
f 9935 24 375
f 9633 3505 9538
f 3431 5553 9923
f 8199 9744 8405
f 3344 9781 9657
f 6692 7837 8117
f 9759 7128 9400
f 9641 4042 2052
f 9518 11306 4185
f 9437 7509 9690
f 2668 4253 8397
f 9152 4028 9376
f 9768 10157 10206
f 7187 7897 9816
f 8754 9816 8572
f 594 8469 9902
f 7260 3341 4195
f 9858 9208 6744
f 4358 9780 9583
f 9765 2879 6715
f 9542 1789 6929
f 10546 8265 5970
f 10819 3198 10748
f 9220 10975 9039
f 677 449 5060
f 1435 9125 10269
f 8931 3725 8721
f 1129 11168 4765
f 6919 10040 6413
f 5267 9658 7269
f 6851 2704 775
f 9651 6890 9784
f 8862 10732 8746
f 3098 2032 562
f 9843 9720 2739
f 9735 10548 10547
f 9936 8104 5496
f 8724 8803 6785
f 8950 7189 9730
f 11422 11474 9922
f 3253 1705 9782
f 9748 6693 9468
f 9160 8546 5523
f 3174 9878 130
f 672 276 11435
f 25 82 515
f 9852 118 449
f 9348 74 6606
f 9785 1512 2264
f 10170 7200 6479
f 11266 1266 459
f 2196 738 10118
f 1662 1660 11488
f 1511 803 404
f 440 4552 4789
f 6990 1195 2905
f 9851 577 6363
f 9834 3807 107
f 4462 548 682
f 1305 4434 291
f 777 3147 9095
f 1499 2366 906
f 2387 3273 1638
f 1033 2475 1064
f 996 2498 35
f 9789 9790 2220
f 9790 10081 2220
f 3836 10979 4764
f 3152 10292 1511
f 9866 3167 4461
f 3489 506 4557
f 1796 6097 9786
f 6096 3743 1797
f 5864 6879 7372
f 2879 6234 5609
f 4968 10919 7523
f 560 8402 6737
f 561 3013 1311
f 3064 1108 5384
f 9887 10962 627
f 3994 3628 2094
f 548 4462 683
f 7219 2770 6865
f 9795 10636 4285
f 2725 10636 10748
f 2993 4934 2895
f 2967 4604 2968
f 3836 2597 4251
f 10489 10563 11414
f 6787 6639 7825
f 5971 9797 3511
f 7887 10592 9910
f 3147 1598 783
f 5884 4789 4552
f 9784 1268 1269
f 3942 10823 4396
f 5080 6850 11262
f 3603 9404 5086
f 3341 5267 4195
f 9809 8420 4731
f 11279 8438 7446
f 4285 2720 9888
f 9888 9795 4285
f 2308 3177 4083
f 1105 1222 9856
f 3409 2825 3822
f 440 4789 6837
f 5589 1144 1976
f 1144 5589 10978
f 2006 1279 11224
f 3827 7581 2648
f 7208 6926 7203
f 3424 3489 4557
f 3816 9793 5922
f 9793 3816 3450
f 10840 9796 2594
f 4388 5969 9797
f 5429 9910 10592
f 1338 3547 10218
f 3121 3120 8307
f 2190 8307 3120
f 9817 10567 1080
f 8091 9808 9588
f 5395 4370 5591
f 9801 6216 4806
f 6258 6259 10201
f 9802 9520 5913
f 3427 2612 7981
f 10545 8384 1280
f 5430 10583 10725
f 9102 5634 2589
f 1298 9545 8507
f 2022 6339 2021
f 2637 10548 9735
f 9887 627 3576
f 2018 5679 9478
f 4683 4127 2038
f 9804 623 4058
f 4449 9804 4058
f 5996 9805 8211
f 3179 4466 7474
f 8462 9847 1567
f 9882 10920 5156
f 3202 4442 3117
f 2744 10882 11314
f 5240 8411 11301
f 9807 4719 5787
f 8597 5794 2531
f 11225 11519 8968
f 11266 459 458
f 7905 7204 7801
f 4731 6691 9809
f 9810 5348 9053
f 11050 9811 7127
f 3046 1856 10979
f 9520 9802 5914
f 2700 9804 1237
f 1710 4141 9741
f 8845 7249 5258
f 9807 7487 4719
f 5347 7670 7335
f 9805 7179 9823
f 10623 4631 11048
f 1905 5542 1261
f 6693 9748 4741
f 2993 6726 4934
f 11426 5349 5350
f 4859 3457 5927
f 6871 8723 3760
f 4789 4554 6837
f 7555 10160 7556
f 3944 9812 6033
f 7735 6787 7825
f 9768 8277 6115
f 7275 6531 2536
f 9791 3474 5942
f 10748 4827 10819
f 7484 4711 4712
f 8283 4519 3368
f 10658 9815 8500
f 4566 10746 8300
f 1919 7456 7562
f 11315 5687 2589
f 1965 9798 4883
f 6216 1896 1144
f 9822 1387 658
f 258 9864 2110
f 7801 7596 7905
f 1788 5213 9817
f 4184 9214 7812
f 5793 5792 11080
f 8763 9819 8092
f 6534 9531 11513
f 9897 8534 6140
f 7325 8134 6558
f 6832 11219 7373
f 931 6233 659
f 1277 9842 2572
f 9687 7864 11466
f 9874 4905 1245
f 9747 9820 8668
f 9783 10972 4252
f 4559 3426 519
f 8211 9823 6363
f 11089 9440 6560
f 9026 3345 8418
f 9809 5287 8710
f 9478 5679 8441
f 10257 8500 9815
f 10071 8998 8997
f 5955 9874 1245
f 10747 6502 10672
f 10243 10249 10233
f 1887 10535 6290
f 9668 9828 8163
f 11314 9806 10757
f 7341 3780 1824
f 4581 3867 5921
f 7930 9819 8763
f 7358 8835 7360
f 9810 4752 5348
f 9337 7676 11426
f 9298 6157 7962
f 182 11319 9348
f 3257 11012 1710
f 5687 11315 9405
f 6611 9527 1466
f 2660 3046 10979
f 10674 6139 8112
f 9829 10266 7786
f 7571 11315 4877
f 10256 6822 8288
f 9863 5017 5710
f 9891 9474 8081
f 9572 8829 10700
f 677 9852 449
f 846 2306 2298
f 8441 8564 2156
f 3409 3822 5876
f 9802 7562 5914
f 7965 8437 7696
f 3877 7542 7084
f 408 932 1613
f 1575 3606 4037
f 9722 6096 1084
f 677 679 9852
f 1575 4037 1440
f 1220 6285 9832
f 508 4806 2977
f 7581 3827 1319
f 1387 6014 658
f 7011 9816 7897
f 635 8168 2735
f 9827 9373 3094
f 5553 10746 9923
f 554 9827 3094
f 5305 906 2366
f 1059 129 373
f 2387 1638 1637
f 9800 5430 4623
f 4080 2715 10453
f 1944 6280 2587
f 9811 10497 7769
f 11342 3413 5390
f 8025 9142 10161
f 9833 8042 1082
f 9795 9937 10636
f 4915 11510 7713
f 6528 8337 9625
f 6849 6747 1368
f 4308 9453 6948
f 7187 9816 8842
f 9782 2450 1059
f 5496 8104 8105
f 9837 931 811
f 9838 8176 782
f 148 384 2690
f 2160 8235 2628
f 108 606 4056
f 9841 404 273
f 10454 2420 4684
f 9842 9436 2572
f 6324 4617 1296
f 559 3174 1309
f 2347 1538 2244
f 3688 9843 10166
f 9782 1059 9356
f 5061 677 678
f 744 2075 1467
f 182 632 633
f 2273 9840 11023
f 2287 940 2286
f 3987 10754 1970
f 906 2245 1499
f 962 9845 3232
f 9837 9785 271
f 404 9841 1511
f 9841 407 1511
f 2387 1637 4145
f 2492 1679 6677
f 10288 7486 4717
f 2950 1140 1361
f 9436 9842 1173
f 9964 9992 3489
f 9851 6002 8509
f 9848 8124 9042
f 5400 10746 4566
f 7545 2905 471
f 9849 3469 2923
f 9850 3948 2026
f 2945 304 2845
f 182 180 632
f 6381 5025 5663
f 1752 11373 2216
f 4084 9846 4083
f 2320 3181 5723
f 9854 4122 4121
f 2387 4145 379
f 8740 7046 8527
f 10888 9873 6682
f 1105 9856 4763
f 2837 4789 5884
f 5008 5007 7978
f 9857 4921 5966
f 2004 3935 9162
f 7887 9910 11366
f 3096 2691 3598
f 3615 3968 7580
f 5184 10588 9858
f 6910 2626 5635
f 9860 4974 2649
f 5493 5492 5814
f 5926 9862 5112
f 1860 11510 6731
f 6910 9545 2626
f 5685 5465 5459
f 3617 5102 5697
f 9863 6373 2226
f 9847 2328 8248
f 3288 2110 9864
f 1209 5935 4597
f 10053 480 4869
f 5969 4388 6247
f 2626 9867 3531
f 6998 10728 4559
f 5914 7562 7456
f 9860 2649 2924
f 11286 3111 6408
f 10024 3945 3866
f 9868 7464 470
f 9869 667 3995
f 6472 1695 5626
f 9133 5080 3464
f 4445 5112 9862
f 1563 4101 6441
f 9835 6443 670
f 1569 4673 1567
f 9864 258 5754
f 9871 7722 7206
f 10213 6531 10133
f 11519 11225 7326
f 7241 9873 8320
f 677 5060 678
f 4308 6948 1091
f 7559 6663 9874
f 7187 9875 5156
f 7191 5695 7580
f 1760 9854 10400
f 4141 2451 9741
f 9897 6140 8129
f 9877 7326 11225
f 9824 7316 6647
f 9342 9970 8835
f 7884 4604 2967
f 559 9878 3174
f 8380 2808 10289
f 1937 6988 9232
f 7716 9880 5019
f 5278 5799 9230
f 8615 9664 7738
f 10158 8939 8362
f 4790 7756 4791
f 11510 6714 10711
f 3320 11521 6777
f 9887 5979 10962
f 3409 4775 4546
f 9888 9879 6066
f 3746 7919 4708
f 7748 2545 10707
f 4775 3409 5876
f 7454 5395 3421
f 4248 4859 9485
f 9916 9141 7110
f 3615 3562 10052
f 9937 10748 10636
f 7904 7206 7722
f 8050 11525 9833
f 8124 9848 8654
f 7326 9893 11196
f 9893 7326 9877
f 165 2949 502
f 5799 5278 9482
f 9045 8489 8818
f 8211 3644 6053
f 9887 9889 5979
f 3489 6916 9964
f 8892 8220 6867
f 8072 8857 8411
f 8527 7046 8725
f 5309 8811 8909
f 10735 9577 9160
f 9895 8256 8334
f 9293 11106 11307
f 3376 4220 9049
f 9930 6698 5342
f 7495 9974 7635
f 9968 5283 10010
f 10038 1178 6255
f 7713 10711 8930
f 9518 11316 11306
f 8337 9982 3353
f 9926 8350 8745
f 6961 9897 8129
f 9897 6961 7667
f 8675 6158 9297
f 7360 9326 7358
f 6574 9775 9490
f 9358 11100 11146
f 1812 5493 5814
f 10070 9929 10722
f 7483 9445 10159
f 6876 8352 10721
f 9445 8934 10159
f 8724 9664 8615
f 7446 8438 7700
f 6892 10038 1920
f 9775 9491 9490
f 614 8297 2943
f 10200 9980 11318
f 373 809 9356
f 7367 8926 7446
f 7764 7110 10103
f 9488 9891 8979
f 8067 6632 10747
f 9450 9873 7241
f 6649 9898 9056
f 9497 2746 2744
f 3948 9850 10365
f 9935 375 3061
f 6865 6681 7601
f 9583 7376 9573
f 8484 10216 8859
f 2226 6373 9107
f 9539 1340 2063
f 679 677 5061
f 8034 6045 9806
f 5240 8072 8411
f 8445 8484 8859
f 11116 2390 7192
f 7874 9780 4358
f 431 540 10994
f 548 280 137
f 11368 11427 8268
f 508 9801 4806
f 635 36 8168
f 9345 268 270
f 9345 270 4425
f 6988 4588 6912
f 6988 6912 9232
f 9902 9009 21
f 1956 9539 2063
f 9746 7065 4752
f 3509 9647 2991
f 11112 7249 8062
f 5864 7966 6879
f 107 67 9834
f 7733 9883 2782
f 9920 2782 9883
f 655 2366 1499
f 2217 1752 2216
f 4049 5102 3617
f 3119 3619 9870
f 1173 464 1302
f 9869 11403 3994
f 54 9872 5210
f 9805 9823 8211
f 9748 9886 4741
f 5858 10075 7860
f 1087 1086 7933
f 3516 2958 11224
f 8104 5822 8487
f 8982 6935 10068
f 8727 3358 8484
f 2531 9883 8597
f 33 11331 9368
f 548 9903 682
f 606 11310 4056
f 406 372 928
f 203 834 205
f 9903 548 137
f 1592 8210 3145
f 9903 136 682
f 9902 1118 1119
f 1581 1579 3205
f 9905 1622 1623
f 1663 350 8179
f 3899 9539 1956
f 9902 1119 594
f 3053 612 3906
f 504 503 1974
f 2015 9904 10343
f 1366 9907 2101
f 9908 7173 9967
f 2613 129 194
f 3229 4129 9845
f 3689 1067 10454
f 1752 10087 1589
f 9952 4237 2940
f 3229 9845 962
f 3071 1266 192
f 2672 9907 1366
f 3819 11366 9910
f 5891 2954 10633
f 10817 3925 11425
f 3053 3906 614
f 2672 6254 6374
f 1592 636 8210
f 5457 9912 9195
f 10015 3185 3184
f 967 2413 11494
f 4139 394 879
f 1694 3699 2132
f 905 4139 879
f 4187 7486 5246
f 36 3998 75
f 4443 1581 3205
f 9912 5457 10554
f 5703 4656 10410
f 5429 5628 5428
f 7022 11207 8045
f 3848 5403 10494
f 4392 2888 1864
f 9952 2940 4335
f 10024 3866 11398
f 6016 4661 6041
f 1595 9958 5739
f 5532 4763 9856
f 1105 4763 7753
f 10461 9913 4804
f 1937 9914 6988
f 10817 4611 6234
f 9911 5973 3517
f 6373 5126 626
f 2691 3953 5988
f 3606 10450 4037
f 6630 10028 4708
f 9923 10746 5400
f 10735 4360 9485
f 8551 10657 2921
f 7129 7168 2938
f 9913 10633 6712
f 5929 1323 4979
f 600 6290 7770
f 4931 11453 11454
f 4054 3973 7171
f 6050 9955 766
f 2513 1774 3714
f 9776 7244 9014
f 1092 1093 8631
f 9813 11113 6587
f 4500 4496 9619
f 6688 11153 7635
f 8897 9920 5481
f 9918 1327 9737
f 9920 2531 5481
f 9307 8114 8772
f 9961 2998 2620
f 2622 1694 2132
f 8857 8072 11078
f 5857 8996 3393
f 8194 11308 4500
f 10052 11021 3615
f 5265 4500 9619
f 7127 9906 11286
f 8871 9919 8955
f 2782 9920 9175
f 2855 7884 6998
f 6849 9916 5595
f 9915 9006 3746
f 5283 1088 10010
f 6140 11304 8129
f 7511 8432 7512
f 9533 6162 8996
f 5509 6879 7966
f 2870 9923 5400
f 10735 9485 10632
f 2642 7376 6659
f 8551 2921 3025
f 9907 8021 2101
f 8309 6055 7791
f 5183 1671 5184
f 7296 9959 5305
f 9975 1826 6648
f 6570 10722 8719
f 8452 9929 6967
f 8491 7742 5499
f 9858 10588 8250
f 7341 8138 8654
f 8368 8367 1222
f 4864 3096 3595
f 2774 11113 9917
f 8368 1222 1105
f 9806 6045 10757
f 8090 8338 8810
f 9978 8765 7046
f 9024 8081 9474
f 7424 4729 10025
f 9677 9947 4179
f 10203 11091 10758
f 7645 4514 8377
f 3376 8354 8861
f 7346 7745 7513
f 9237 9933 8697
f 6638 9474 9488
f 9925 8936 5258
f 11095 8807 8088
f 2253 9970 9342
f 2614 11476 127
f 9801 10896 6216
f 11178 9130 3928
f 9055 8352 9324
f 3140 5127 9558
f 9942 4121 4122
f 1090 1092 8631
f 8072 5240 6867
f 791 9336 9970
f 4480 290 10041
f 7869 5883 10914
f 3424 4601 3486
f 8835 9970 9336
f 5850 8998 10071
f 9956 287 10365
f 2649 572 8162
f 9840 10406 10407
f 3358 3766 9394
f 2304 2303 846
f 9918 10006 10037
f 7690 6970 4538
f 9750 9927 8681
f 6515 6790 10009
f 10075 5858 8784
f 9694 8784 5858
f 9960 7458 9780
f 406 928 927
f 6324 10865 8266
f 5244 7486 4187
f 4542 4694 4126
f 1208 9981 11144
f 1762 4542 4126
f 9824 5342 9899
f 4220 3376 8861
f 9784 6890 2988
f 1613 932 10985
f 5080 4864 3464
f 3211 635 2735
f 8337 317 9625
f 5621 5622 3522
f 2997 5621 3522
f 9345 4425 4613
f 9937 9795 6066
f 9920 8897 9175
f 9870 2189 6419
f 1087 7929 3346
f 4597 5935 9849
f 2746 1693 2744
f 4620 10751 1180
f 3945 6260 3866
f 223 9953 2920
f 1459 9870 6419
f 6916 3489 3424
f 1452 9870 1459
f 5231 5234 9198
f 614 2943 3053
f 3918 9890 4373
f 3041 3619 3119
f 10749 906 5305
f 1667 3689 1666
f 4121 1612 932
f 1619 798 651
f 1619 2261 1509
f 1765 3689 1667
f 4562 3429 8293
f 9943 134 11487
f 3565 10370 10779
f 266 3071 14
f 192 14 3071
f 2110 638 639
f 2408 290 961
f 1658 9946 967
f 1759 1698 1000
f 4211 9959 5306
f 5846 9966 7675
f 10087 1752 9948
f 10121 2619 10435
f 2282 4281 2714
f 3848 10494 4569
f 1929 6343 7765
f 1069 10087 9948
f 11002 9940 3566
f 9951 4282 7564
f 3689 1665 1666
f 1136 9952 4765
f 2920 9953 1945
f 3997 3998 10777
f 9955 5053 8308
f 4442 10755 11124
f 1612 9942 5174
f 958 9956 1730
f 4535 9771 7354
f 9921 7915 3321
f 792 2253 910
f 4088 9478 9957
f 9958 5170 5739
f 953 4694 4542
f 2137 4160 3714
f 11410 5229 10060
f 9959 6539 5306
f 8395 4543 8368
f 4562 8293 5902
f 7765 10034 8946
f 1945 9953 6279
f 8400 9961 11199
f 9963 5718 8309
f 4595 5998 1206
f 5973 9911 3516
f 5997 8551 7466
f 4282 9951 575
f 10004 4564 1153
f 4574 6246 2885
f 4765 9952 1129
f 9957 2687 5075
f 10881 3973 3044
f 9987 4100 4097
f 5170 9958 4680
f 1778 6477 9249
f 6499 9350 7229
f 10023 6597 4392
f 1801 6099 6779
f 7268 5281 8699
f 5279 11292 8960
f 4566 1159 5400
f 4655 1581 7473
f 10592 6908 5429
f 9966 5846 5354
f 5377 8927 7704
f 7426 10216 8484
f 8450 4535 10162
f 1304 7765 6343
f 9967 9184 2224
f 8736 5779 10068
f 8866 3384 9922
f 11289 7869 10914
f 3431 9651 5553
f 1774 2513 3715
f 8582 7228 6495
f 10760 9563 9885
f 2538 5491 3359
f 9959 10749 5305
f 7306 7930 10185
f 7954 1006 9778
f 8433 9246 8919
f 2943 8297 2944
f 3614 8366 10052
f 9973 6113 7490
f 9677 7808 9233
f 4595 1114 4866
f 7871 6984 4831
f 7937 3356 11091
f 7426 8484 3358
f 8803 8724 9761
f 6931 8588 5244
f 9245 8349 9976
f 7278 9976 8349
f 6647 8239 9824
f 10012 9273 8875
f 4187 6931 5244
f 4212 4208 9255
f 7822 9977 8937
f 3974 6744 2062
f 9975 8657 9810
f 9810 9053 9975
f 8866 11474 9772
f 3847 9758 6230
f 7030 10703 7917
f 4504 9968 9768
f 9978 10597 2788
f 11083 4216 2797
f 1860 3842 10168
f 9090 9009 8469
f 4232 9972 8186
f 7370 9971 8455
f 9858 8250 9208
f 6010 9992 9964
f 7229 996 8064
f 9255 4210 7384
f 7634 7497 5284
f 9945 10392 10565
f 11318 3008 4854
f 8485 10611 7293
f 6263 9980 8292
f 2408 54 10041
f 5900 10512 3427
f 9718 10736 3521
f 2744 11314 9497
f 4336 167 246
f 3468 10981 7120
f 2560 508 5948
f 6880 10000 5850
f 9980 6263 3008
f 11080 9974 7733
f 2290 10753 11162
f 4751 4529 8695
f 9991 852 565
f 457 127 11476
f 9954 5011 2948
f 4526 39 7954
f 9911 5119 7397
f 9768 9968 8277
f 10010 8277 9968
f 2687 10519 4476
f 5075 2687 4476
f 9784 1269 5553
f 8093 10762 7300
f 8093 7300 9254
f 9983 2620 5621
f 2620 9983 4260
f 9651 9784 5553
f 1087 7933 7929
f 1266 11266 6318
f 3714 1774 938
f 6648 1826 7951
f 943 2390 11226
f 1906 5553 1269
f 1279 2006 9178
f 2076 8286 6568
f 727 583 2334
f 8 1874 4780
f 634 36 75
f 9994 3264 1643
f 3264 9994 1644
f 9999 2500 1054
f 9992 506 3489
f 3183 9987 4093
f 9988 759 10016
f 3151 914 1615
f 10208 4832 11375
f 583 727 61
f 9840 11227 815
f 292 339 9991
f 4454 914 3151
f 4119 920 2369
f 953 2023 2395
f 11190 974 970
f 10800 9995 2236
f 7568 3163 9996
f 9987 3183 1561
f 2505 1759 1000
f 2816 4245 3445
f 491 4129 9998
f 8511 3996 11020
f 2629 2023 953
f 10018 687 9779
f 385 9998 1031
f 3229 9998 4129
f 163 9998 385
f 10785 2703 11227
f 2502 9999 1054
f 1838 10000 1833
f 7384 10001 9255
f 4810 4562 4344
f 7872 9990 7992
f 3065 3146 4372
f 6226 9989 5904
f 5114 2060 3974
f 150 10139 1654
f 9984 582 4993
f 2788 10002 3763
f 5354 10621 7686
f 5354 7686 7349
f 2634 4283 5434
f 3436 9159 4572
f 4569 4572 9159
f 2021 10003 2898
f 3140 4452 5127
f 4996 6073 6855
f 5532 2840 64
f 6173 5532 64
f 9136 192 4350
f 8314 6892 2746
f 5133 4019 6736
f 4032 10878 6402
f 5184 3974 2060
f 7262 7261 7933
f 10285 6806 7838
f 6622 9994 327
f 10087 1843 4156
f 10001 7384 6872
f 7103 4257 10129
f 7973 3546 10244
f 8485 8195 6803
f 8702 6648 5331
f 3777 8773 6143
f 4348 10008 10582
f 7041 7926 8877
f 6870 7731 7734
f 9978 7046 10009
f 9049 8126 8965
f 9989 3427 7981
f 5620 8752 3517
f 2826 5520 5566
f 572 3553 3026
f 7062 7063 9440
f 2807 8836 10151
f 8226 5326 10026
f 2589 5687 10506
f 8967 9448 8659
f 9193 9534 4550
f 5331 6648 8701
f 7951 8701 6648
f 4788 3614 9247
f 1931 9390 5923
f 9008 10637 9924
f 10014 6868 3326
f 7423 8277 10010
f 10010 10628 7423
f 8860 8861 7437
f 10005 4910 6315
f 6648 8702 9975
f 2019 11258 5431
f 10014 10668 6868
f 8083 8528 6522
f 4212 9036 4208
f 403 1076 10072
f 9954 1357 5011
f 1613 5862 408
f 4923 11028 5401
f 10019 3319 5234
f 7229 9988 996
f 9247 3614 4787
f 10001 9244 8108
f 4576 8503 2575
f 8985 8083 6522
f 7497 5791 8699
f 2890 4576 2575
f 10105 3739 9563
f 7018 10007 9249
f 7836 7300 8813
f 4576 2890 1177
f 4707 9484 2771
f 3185 10015 4098
f 292 9991 3101
f 339 292 851
f 4566 8300 7102
f 1076 423 10072
f 10009 7046 8740
f 2275 934 11229
f 11410 9563 11302
f 8996 6162 3393
f 9954 1358 1357
f 8982 10713 8980
f 10984 3468 1208
f 8093 5296 7298
f 5818 8093 7298
f 3278 2747 10371
f 9189 5821 7840
f 4564 6226 5904
f 10003 3814 3815
f 2746 6892 1693
f 4512 9814 9936
f 3787 10162 6569
f 9350 6499 7228
f 290 2408 10041
f 10749 1610 906
f 5 10357 3986
f 2202 741 10054
f 10017 5533 10172
f 1674 10346 1675
f 513 1370 10777
f 2439 10016 10417
f 6498 10019 5231
f 3560 2655 2727
f 10020 1716 4144
f 4808 4910 10005
f 10048 5043 8206
f 4717 3751 3336
f 5903 2862 5902
f 2989 7374 11028
f 1023 10020 4144
f 3028 6898 2911
f 5901 4241 450
f 10023 6891 11222
f 5900 5901 450
f 11229 3138 2275
f 3396 2806 5860
f 10271 10078 2565
f 6244 10353 10051
f 2565 10078 5033
f 10063 10725 10042
f 8846 10025 4508
f 3415 3966 5884
f 10027 4984 5940
f 10028 9786 9915
f 10029 7506 7053
f 10003 10353 3814
f 10051 10353 5516
f 5903 5900 9989
f 7781 10506 5687
f 9282 1182 6736
f 10023 2895 4934
f 9036 6536 8628
f 10058 599 11427
f 10465 9098 3839
f 10060 5232 11410
f 10069 6813 10011
f 5763 6631 10062
f 10031 3295 8042
f 11068 7508 4745
f 4851 10034 9205
f 10078 10059 5033
f 9305 7228 6499
f 9016 7244 9439
f 1810 9024 6795
f 6555 8967 8826
f 2351 1596 11477
f 7065 8230 10070
f 3029 10035 4979
f 7262 10738 7261
f 9006 7619 6931
f 9608 9238 8525
f 10036 9616 10829
f 10025 7047 4508
f 9925 11348 11364
f 6785 8803 9287
f 5654 10037 7780
f 8699 11114 7497
f 7275 5797 7274
f 10067 8114 9606
f 8778 6156 6564
f 9081 10038 8314
f 9215 9262 3322
f 10061 9189 9242
f 9037 9311 7292
f 911 9472 1613
f 10073 10245 6433
f 7860 10112 8997
f 10042 9734 10063
f 9706 1677 1674
f 8724 8615 9761
f 9839 9991 565
f 9847 8462 2328
f 4442 9912 3117
f 10038 6892 8314
f 10035 4589 4979
f 10067 9606 7315
f 8140 9894 8674
f 600 7770 10058
f 9950 857 4128
f 3501 1256 8263
f 10044 8859 10216
f 10713 8982 10068
f 8836 10113 10151
f 10090 3219 3069
f 10090 3069 123
f 741 2202 2336
f 1314 53 1968
f 10004 1153 5029
f 5422 2852 9173
f 5763 7812 4707
f 600 10058 11427
f 6102 9006 6931
f 10986 5431 11258
f 7295 11409 10749
f 283 10045 948
f 1533 16 283
f 1861 1862 126
f 2439 1768 2498
f 1862 78 126
f 3462 6898 3028
f 558 10050 10797
f 10079 7097 6745
f 734 1342 11002
f 2212 2340 2339
f 1538 2467 11317
f 2135 2507 10765
f 1345 3568 3987
f 1386 4810 5446
f 4990 10143 4991
f 4629 2829 5940
f 9842 1277 4618
f 10052 3562 6038
f 5116 2209 2275
f 4586 8291 1192
f 480 10053 10795
f 10046 2676 37
f 4928 8399 5066
f 3896 5633 10057
f 1968 227 158
f 3561 4990 1335
f 10090 3924 3219
f 4810 4007 5446
f 10054 3624 1464
f 731 8575 3622
f 3783 10055 8354
f 5879 11126 6269
f 2829 10027 5940
f 3029 4631 10623
f 3584 4645 11369
f 7896 5151 3660
f 10935 5475 6782
f 9376 7778 5680
f 10232 3751 4717
f 2678 11334 11369
f 10552 1883 6038
f 2566 2989 5426
f 3874 10089 4968
f 1281 6986 8010
f 9637 3622 4415
f 3916 6386 10048
f 10098 9376 4029
f 10755 4442 10987
f 5232 10060 1800
f 10187 7253 7262
f 10079 6745 1473
f 7230 10060 5230
f 10060 7230 1800
f 10240 1091 10942
f 6982 5907 7535
f 4620 4894 10751
f 3395 8357 3396
f 6163 4325 8749
f 10062 7812 5763
f 8257 11118 8087
f 8890 7602 10134
f 5812 8962 9799
f 7508 9762 4745
f 10101 7953 6816
f 9231 10856 4785
f 6982 7535 7983
f 9172 10065 1930
f 6271 7115 7995
f 2847 10082 9001
f 3727 5204 6481
f 7807 10064 1791
f 10064 7911 6774
f 9031 10066 8766
f 9037 8103 8099
f 8647 5833 9148
f 8820 6551 10067
f 6813 10069 6590
f 9682 8354 10055
f 4221 10076 9749
f 3500 2983 3501
f 8814 9244 6872
f 9244 10001 6872
f 10107 8960 8087
f 6590 10069 9723
f 10067 6551 8114
f 7595 9250 8045
f 5215 10134 10756
f 2540 2793 6136
f 10913 8962 5812
f 9007 11423 9309
f 9090 11423 10204
f 10102 7048 7280
f 6156 9894 8140
f 9894 10072 8674
f 8690 6156 8140
f 9062 7355 9459
f 4781 10073 1212
f 5417 10073 4781
f 6292 1439 3605
f 4880 3112 1963
f 404 803 1512
f 8747 10156 4529
f 7860 10075 10112
f 10138 9979 1358
f 2187 3117 4045
f 9101 10033 11223
f 9242 9762 10061
f 7202 7595 8045
f 8881 10076 11517
f 11517 10076 8229
f 8003 6292 3605
f 3267 3227 11152
f 7168 7169 5090
f 10109 4538 6970
f 1153 4564 5904
f 6848 5000 11261
f 10138 1358 9954
f 5363 4538 10109
f 10097 10053 10984
f 1972 246 10138
f 4653 9912 10554
f 3969 10040 5738
f 4005 10004 5029
f 10057 2019 5431
f 10072 423 8674
f 3924 10090 1380
f 10137 5490 6127
f 2202 10054 1464
f 1862 10080 653
f 5903 5902 5901
f 9637 731 3622
f 4184 10062 9011
f 4440 10056 7191
f 10004 10078 4564
f 10123 9011 10062
f 7457 7115 6658
f 10062 6631 10123
f 11126 9193 10094
f 6043 10757 10915
f 10066 503 8766
f 16 1533 87
f 893 6619 10385
f 4870 4780 2925
f 6173 10079 11
f 246 167 34
f 10082 2667 4799
f 1295 10116 1632
f 10127 2552 4586
f 7097 10079 6173
f 3839 4369 7895
f 10089 1312 3014
f 1726 3707 4126
f 4268 4643 10091
f 10083 6040 10056
f 803 10292 3153
f 7896 3662 4672
f 1861 430 1862
f 10080 1862 430
f 7866 2577 3410
f 10093 7103 3431
f 488 11330 2934
f 10094 5436 3955
f 10122 10095 10139
f 10095 4127 1654
f 6067 4470 5161
f 10115 1969 8163
f 934 2209 196
f 1743 1744 4684
f 10145 4591 1205
f 10115 8163 2066
f 4707 2771 5763
f 4568 10096 2567
f 4311 4739 2793
f 4854 9390 1931
f 9161 4873 10097
f 6303 1281 1977
f 10088 6309 7139
f 6378 10759 4373
f 518 10091 4643
f 10091 518 516
f 7778 10098 7894
f 2187 4045 5103
f 5417 6358 5524
f 10099 51 4953
f 10089 3874 1312
f 3881 7995 7115
f 3464 4589 6660
f 11178 4350 6318
f 10100 10050 4956
f 6359 4977 8165
f 10082 11495 2667
f 3726 3732 9428
f 6107 6106 5242
f 7681 9682 10055
f 5015 7895 4369
f 7102 8300 4567
f 5091 7168 5943
f 6783 6107 5242
f 6521 4502 10215
f 7284 10913 7834
f 3325 8251 3311
f 9165 3325 3311
f 7048 10102 10629
f 1906 1269 10470
f 5015 2701 7895
f 1930 10065 1931
f 10106 8275 10128
f 1358 9979 2090
f 2212 1586 2340
f 5229 8410 5230
f 6442 7896 4672
f 9738 7271 8604
f 10108 8821 8132
f 5943 7168 7129
f 7685 10692 6967
f 7253 10187 7928
f 6812 5333 5832
f 8778 5351 7677
f 6833 10256 8288
f 8756 10105 10125
f 5229 10132 8410
f 4722 4724 10106
f 8275 10106 4724
f 8742 10107 5811
f 5426 10096 4568
f 10137 9630 4506
f 10131 10150 9
f 7928 10187 10705
f 731 8250 5743
f 9379 3238 9378
f 10111 380 3683
f 4227 7681 10055
f 8360 852 339
f 2047 9593 6433
f 9682 7680 10663
f 10112 8667 10071
f 8535 8116 10956
f 9565 4308 1091
f 10113 8836 9771
f 10118 738 2070
f 191 10080 430
f 4311 9814 4512
f 3856 10103 7110
f 9738 8604 7265
f 10087 4156 1589
f 3267 11152 2472
f 3778 4220 8860
f 4336 246 1972
f 4990 158 227
f 10065 4854 1931
f 3370 6812 5832
f 6635 421 10154
f 10121 9842 4618
f 3688 857 9940
f 3660 5151 4671
f 6816 7953 8660
f 9090 8469 9004
f 399 10049 6618
f 3688 9940 1342
f 10123 6631 9585
f 4227 10055 8917
f 2862 4344 4562
f 819 11136 1437
f 380 10334 10331
f 719 686 220
f 10118 2070 2073
f 34 10138 246
f 84 10116 1295
f 10117 10765 9083
f 10118 2073 1463
f 10135 10147 2178
f 617 500 2089
f 275 10119 5116
f 8092 10312 2785
f 9720 1342 11188
f 893 896 6619
f 211 10099 4953
f 10120 6947 7739
f 10208 2604 4832
f 10121 464 1173
f 2920 1945 3961
f 5090 10143 6406
f 8550 10124 1155
f 6406 10143 4990
f 4990 4991 1335
f 2561 181 760
f 5902 2862 4562
f 4512 10126 4311
f 10427 10124 8550
f 3660 10488 3662
f 10100 3950 5412
f 4591 10145 6852
f 1474 5116 10119
f 10117 11030 10765
f 3336 8326 4717
f 10312 10248 2785
f 10124 10427 1390
f 1474 10119 3627
f 5722 6753 9663
f 10125 10105 10760
f 10126 7294 3769
f 5877 10127 6980
f 10128 8706 11085
f 3431 10129 9651
f 10129 3431 7103
f 11457 10218 3547
f 10176 10094 11365
f 9526 6359 8165
f 5698 1448 4922
f 280 683 4460
f 8312 6753 5722
f 3726 4175 6484
f 5907 4567 5545
f 10245 10236 10263
f 4298 10132 8843
f 2956 9744 3913
f 6631 5228 4488
f 10130 9213 7218
f 9543 6863 5222
f 6723 4871 10149
f 10128 8874 10106
f 8679 8695 8379
f 10128 9383 8706
f 2789 6521 8609
f 10120 7739 8532
f 4776 10127 5877
f 6981 10710 6594
f 7394 6594 10710
f 2975 7555 2961
f 3873 2581 10099
f 5141 4460 683
f 11518 9565 10240
f 10153 8543 9076
f 6635 10154 10310
f 3370 9773 6812
f 8910 6812 9773
f 10124 1385 6917
f 5545 4567 5546
f 10158 8817 4742
f 8651 7278 8615
f 7670 7953 6150
f 8914 7319 8860
f 10180 5481 8254
f 7437 8914 8860
f 3787 6569 10692
f 9312 9041 4742
f 3788 4227 10599
f 10171 10133 10715
f 7051 9338 6123
f 9644 5705 2061
f 7335 7670 6150
f 8250 731 9208
f 10150 10686 8799
f 7281 9565 6127
f 8100 6540 9037
f 9821 7651 6803
f 2991 9647 9900
f 7597 9872 7596
f 9921 7809 6095
f 10015 10994 4098
f 9921 6095 7915
f 10151 10113 9479
f 4870 2924 2649
f 1486 3634 2231
f 3678 914 2368
f 3678 2368 1250
f 4510 10758 8096
f 5804 10137 11228
f 6127 11228 10137
f 2766 10134 2768
f 3548 2038 4127
f 4389 1283 6327
f 250 1586 2212
f 10158 4742 10136
f 6670 10268 10293
f 10154 421 1085
f 5959 10088 4610
f 489 1957 106
f 148 10989 2165
f 199 10015 3184
f 489 106 870
f 2246 2706 1382
f 2219 1749 1046
f 10141 10613 8868
f 517 9351 525
f 3263 1407 10212
f 3279 1009 3252
f 1354 6007 3568
f 719 3890 100
f 10139 10095 1654
f 1996 1615 3678
f 3279 3252 4140
f 10185 10144 10598
f 8549 7460 516
f 2925 2924 4870
f 862 1661 10656
f 11429 7525 4792
f 3950 10100 4956
f 5141 10145 8570
f 1444 3607 10814
f 5695 6040 3207
f 10146 1922 11200
f 10298 10142 5909
f 1292 5428 11370
f 10147 5093 6456
f 1937 6272 9914
f 5578 10175 1315
f 3525 4395 10237
f 275 5116 311
f 10781 7175 11282
f 8570 10145 5672
f 6040 11235 3207
f 454 7561 6904
f 6072 8753 5459
f 10187 7262 7044
f 7816 7039 7237
f 10150 8328 10686
f 10186 4218 5836
f 11290 3297 7198
f 10185 10279 10144
f 7849 5835 6552
f 10163 2697 9212
f 10163 4472 5703
f 7697 10151 7965
f 6272 1937 10218
f 6478 2490 8039
f 8755 4175 9428
f 5295 10152 6799
f 8532 9531 10120
f 10148 8660 7670
f 6636 10154 8076
f 2159 2750 9945
f 6123 10155 8280
f 10152 10571 6799
f 8543 10153 8147
f 10156 8695 4529
f 4529 9660 9296
f 8328 10150 10131
f 4200 3356 3764
f 8695 10156 7749
f 9167 9896 10312
f 10160 1978 6728
f 4491 9271 4188
f 8672 10262 9683
f 10846 4908 11444
f 1444 10814 2695
f 6990 2905 7545
f 280 548 683
f 7525 4790 4792
f 6728 7557 10160
f 7556 10160 7557
f 431 10015 44
f 10151 9479 7965
f 8759 8934 9445
f 44 10015 199
f 7365 8455 9971
f 5251 8412 9876
f 7484 4712 9921
f 10162 7354 6569
f 10077 10043 9969
f 8162 8 4870
f 10410 10163 5703
f 3950 4956 6345
f 8651 9976 7278
f 886 1486 11441
f 10147 9629 2180
f 1448 4045 4653
f 1448 4653 10554
f 4443 10163 9212
f 10104 10208 11294
f 2649 4974 3553
f 3548 10122 10209
f 6217 4801 10957
f 3433 10142 5106
f 8125 7849 6552
f 6723 10149 5578
f 8947 6902 5959
f 10188 7977 6170
f 7561 454 10710
f 10188 6170 10473
f 1974 503 10066
f 8162 4870 2649
f 2066 4055 489
f 877 2340 2428
f 10989 6266 4399
f 791 647 648
f 4389 6618 10049
f 5428 7776 11370
f 10165 9387 2858
f 3416 3828 7868
f 9707 5466 1691
f 2749 3927 1258
f 10823 10197 4394
f 10184 4399 555
f 5118 5707 3060
f 3146 2109 1239
f 9633 10129 4257
f 3433 1164 2567
f 10902 6332 4681
f 3889 4872 4874
f 2961 10195 2975
f 10176 5436 10094
f 3925 2857 2858
f 1161 4923 2873
f 10165 1165 9387
f 6309 10088 5959
f 2604 10208 7784
f 10170 11290 7200
f 10202 10171 5288
f 10173 10091 516
f 10189 6355 4281
f 3611 10282 9407
f 3818 3868 5629
f 10174 10065 9172
f 4971 10189 4281
f 6741 10169 9537
f 10149 10175 5578
f 9156 1290 10197
f 3940 10197 1290
f 4965 7464 9868
f 9104 2687 9957
f 97 6478 4170
f 4493 4491 4188
f 8215 2496 2219
f 6798 4733 9808
f 2854 10173 7460
f 10164 11250 2113
f 4306 10181 5291
f 10182 1444 2696
f 5699 9212 5965
f 7460 10173 516
f 7563 3472 4946
f 10176 1419 5436
f 10182 1880 7392
f 10902 7378 6332
f 11192 7024 6925
f 1253 9803 4918
f 7019 5202 6084
f 7617 8071 3749
f 10179 10940 5780
f 10084 999 2443
f 10184 9726 153
f 5699 7473 9212
f 9893 7948 11196
f 8491 10967 7742
f 10977 8913 7948
f 9326 10221 7694
f 7937 8988 10619
f 8645 7948 9575
f 9509 1253 4918
f 7930 8626 10185
f 10279 10185 8626
f 7617 3749 8975
f 10186 7318 5835
f 9768 10206 4504
f 10186 5835 7849
f 555 9726 10184
f 4491 4493 1803
f 575 156 665
f 1407 3263 2715
f 1010 3279 1060
f 2905 3461 471
f 4137 9707 1691
f 8944 9971 7370
f 6379 10168 3842
f 10168 6379 2866
f 1390 10167 1385
f 4127 10095 3548
f 4218 10186 7849
f 10261 6521 10215
f 5350 8716 11426
f 9969 6920 1570
f 1448 5106 4922
f 8171 10781 5054
f 9989 5900 3427
f 6725 4784 7975
f 1630 934 376
f 2458 1630 376
f 10130 9543 7028
f 8651 6525 9318
f 10077 9969 1570
f 10188 10820 1852
f 10207 9504 891
f 3418 10188 1852
f 10174 10200 11318
f 10184 10989 4399
f 6723 5578 6740
f 8619 1974 10066
f 8090 8619 10066
f 165 502 10191
f 321 791 2253
f 153 57 93
f 153 2165 10989
f 636 10196 8210
f 1410 9079 10192
f 7902 3300 6083
f 6327 2995 4389
f 154 8162 479
f 10196 636 10773
f 1615 3220 4117
f 1715 10020 2386
f 1079 2762 5469
f 10189 10198 6835
f 4637 2955 5946
f 792 321 2253
f 6452 10199 10043
f 4965 10270 5643
f 5336 9672 10977
f 9980 10200 6346
f 4896 9192 5601
f 3453 2718 4963
f 5881 10198 4971
f 10213 5326 8226
f 4507 9415 6798
f 10212 1407 1639
f 3769 4311 10126
f 10201 7107 7989
f 10253 11282 11232
f 10199 3194 9969
f 9186 1595 10194
f 3418 7756 7525
f 10200 4958 10867
f 5813 10202 6945
f 4706 6489 7912
f 6822 9293 8288
f 1079 3294 10608
f 1786 6086 7480
f 2574 10103 3856
f 7937 10642 8988
f 5145 8032 8312
f 8834 10221 9326
f 9306 8319 10205
f 3323 7617 8319
f 8834 8922 10221
f 4733 10206 7424
f 10206 4733 9415
f 9415 4733 6798
f 10253 11232 6390
f 1821 10144 10279
f 2499 9092 1848
f 9194 4787 3614
f 7731 6870 7259
f 9327 7282 3768
f 479 8162 572
f 8859 4511 8445
f 6580 2066 1583
f 10219 4561 5899
f 8668 9551 10742
f 10219 5899 1149
f 9776 9012 7244
f 10327 10204 9285
f 6346 10200 10867
f 6587 6092 9813
f 9504 10207 2350
f 10191 9934 165
f 9020 7734 7492
f 10131 9776 8328
f 9194 3614 10052
f 9969 3194 6920
f 10157 7424 10206
f 885 2350 10207
f 10198 10189 4971
f 10043 10199 9969
f 153 10989 10184
f 2687 9104 4647
f 4918 11108 9509
f 8440 2647 10169
f 7365 9971 8943
f 9742 9543 5222
f 5217 7909 10294
f 5900 5903 5901
f 6725 7769 7879
f 9972 4232 10702
f 10180 8897 5481
f 10206 9415 4504
f 10327 9285 9306
f 10209 10122 2169
f 11252 11121 412
f 412 11121 716
f 2690 10989 148
f 6580 4055 2066
f 488 10210 11330
f 2339 2340 877
f 1755 4158 2499
f 885 3143 2231
f 496 2664 5010
f 10192 9079 830
f 10523 10211 4178
f 10761 10144 1821
f 2011 3588 10499
f 10227 2233 772
f 10261 11231 5268
f 7507 3365 10217
f 1899 5397 10219
f 10218 1937 4860
f 1191 1192 3411
f 10222 1079 7205
f 5262 5788 9147
f 10761 1821 5499
f 10235 5881 4971
f 5533 3905 10172
f 500 3806 619
f 3908 619 3806
f 11108 8552 5960
f 10231 6321 10306
f 4404 3540 8554
f 4447 6580 591
f 10220 2574 6306
f 10031 9833 11428
f 376 2382 2458
f 10217 3365 7661
f 8721 1786 7023
f 1883 4787 9194
f 6526 10241 9321
f 6862 9813 10264
f 11212 7272 6791
f 5326 10213 5315
f 10806 10207 891
f 4896 5601 3915
f 7834 8714 10677
f 6515 10009 8740
f 5208 3303 8048
f 7418 9742 5222
f 7731 7732 7734
f 7486 10232 4717
f 1883 9194 6038
f 2795 4745 9762
f 4866 3551 4596
f 9147 3336 2784
f 4595 4866 4596
f 10571 10171 6799
f 10157 8388 7424
f 3263 10212 2390
f 10142 3433 5909
f 10223 10241 5293
f 711 844 961
f 10223 3768 10241
f 11468 10239 4499
f 9972 10702 7357
f 2231 4063 998
f 4985 2047 3033
f 8555 10743 3972
f 7132 500 2092
f 8491 10990 10967
f 9552 6217 7553
f 3105 4275 4276
f 10224 401 905
f 329 940 2287
f 2104 10225 10227
f 290 843 711
f 1687 4112 2343
f 1953 1198 1214
f 2598 7131 3984
f 10226 255 772
f 2290 11162 10192
f 1607 10224 905
f 2463 3260 1715
f 5363 9069 4538
f 1167 2571 4572
f 10228 1710 2453
f 10254 10288 8326
f 8222 10254 8326
f 2664 2598 3984
f 4373 10759 10230
f 1376 10360 641
f 10227 10225 3142
f 1392 1333 11151
f 6510 10232 6108
f 2551 5977 10229
f 10234 10272 4410
f 2011 10478 4941
f 1167 4572 10494
f 6352 5643 10270
f 4980 10234 10550
f 6057 10550 10234
f 8498 5867 11356
f 3954 4585 1191
f 10235 1114 5881
f 1392 11151 4457
f 10251 3768 10223
f 4220 3778 4217
f 483 10263 10236
f 1114 2586 4866
f 1883 10552 6203
f 2060 5114 3123
f 8051 8755 3303
f 10232 5244 6108
f 3751 10232 6510
f 7724 10264 4484
f 5562 10030 11375
f 8961 9176 5809
f 7916 10238 8791
f 10120 7285 6947
f 2656 1953 1214
f 8755 6489 3303
f 5293 10241 6526
f 10242 11209 4746
f 8791 10238 8703
f 11114 11228 5284
f 8257 10761 8963
f 3123 10743 8555
f 7910 3308 3737
f 5070 10283 9829
f 6628 6862 3305
f 8108 10233 10001
f 10233 8108 10243
f 2905 10861 3461
f 8380 10289 7445
f 6066 9795 9888
f 4404 7081 10244
f 137 329 2287
f 2212 2339 2429
f 6433 10245 3033
f 5631 10237 4395
f 10369 10246 3609
f 2240 10046 10084
f 7143 5601 1246
f 11371 5049 4459
f 5264 10239 5259
f 2240 10084 10386
f 8672 6699 10262
f 517 1902 79
f 437 10286 10198
f 437 10198 5881
f 255 10227 772
f 10248 5261 8475
f 10242 8912 10217
f 2231 998 2350
f 10242 10217 7661
f 6060 3658 1953
f 3211 11020 11127
f 10265 2669 9944
f 1953 2050 6060
f 2356 10247 3677
f 2463 686 3260
f 7132 2089 500
f 6017 5049 11371
f 10265 9944 6612
f 255 769 2104
f 323 9836 7144
f 3138 1049 399
f 10250 10274 3037
f 3954 5081 4585
f 10251 4513 5301
f 7396 2923 6599
f 4513 4209 5817
f 2571 1167 3930
f 7144 9836 40
f 9363 6616 3164
f 2006 5562 5408
f 3530 7124 10845
f 1895 10252 5947
f 7531 3839 9552
f 9105 3608 8887
f 11040 2045 3645
f 3033 2047 6433
f 10251 10223 4209
f 2892 6256 7398
f 7973 7081 6195
f 9478 3178 2018
f 7910 10255 3308
f 10278 7402 9996
f 5515 4422 10229
f 7178 9363 3164
f 10935 10204 10327
f 2155 7149 1299
f 3163 10278 9996
f 8042 9833 10031
f 10945 8355 10990
f 8154 8197 11097
f 6401 8207 9540
f 10253 5048 6387
f 7292 9311 8531
f 5804 9630 10137
f 8471 8871 7816
f 11209 10242 8911
f 10280 9243 3776
f 10304 9649 10855
f 9957 8441 9104
f 10257 9815 7370
f 10266 9829 8013
f 9490 910 9342
f 4556 10258 4367
f 9957 9478 8441
f 10210 1677 1958
f 10830 6806 10285
f 7553 7531 9552
f 6782 10204 10935
f 2006 8384 5562
f 6503 10259 8316
f 8432 7511 9246
f 10259 416 8316
f 8860 7319 3778
f 2076 32 10085
f 2727 2728 3606
f 10192 1641 1410
f 3588 2011 4430
f 5269 10261 5268
f 2008 2240 1491
f 10816 10230 3999
f 1077 9516 419
f 437 7466 3025
f 517 6311 3840
f 2011 7576 4430
f 2481 9515 1036
f 1057 2504 10224
f 10259 8704 8064
f 10250 1214 1198
f 4510 3769 7294
f 10245 10263 3033
f 396 10265 1068
f 10266 4078 7786
f 2669 10265 396
f 2341 10267 1607
f 2360 394 4139
f 2445 2757 1057
f 10265 1766 1068
f 3897 10269 6031
f 5594 10685 9675
f 11299 5967 4384
f 10284 3585 4663
f 10271 6226 4564
f 5401 11028 7374
f 10270 5435 8439
f 6252 5594 9675
f 2682 5624 7398
f 10078 10271 4564
f 8503 4576 1922
f 1921 1922 4576
f 7402 2044 7782
f 9984 10273 11120
f 7081 11478 7974
f 9510 10258 3905
f 3784 6877 10313
f 8790 10178 7232
f 2892 3810 6256
f 1204 27 6605
f 10277 6052 7715
f 8236 10278 3163
f 4736 2792 8096
f 10061 9762 7508
f 5268 10276 5269
f 6110 9931 10012
f 10287 4482 9864
f 9043 10279 9050
f 10304 10291 2577
f 1061 2454 1012
f 3469 6599 2923
f 10290 10280 5504
f 9892 7511 10925
f 3059 3060 6016
f 9350 9988 7229
f 7053 6806 10830
f 10273 9984 4993
f 7973 10244 7081
f 10311 6782 8221
f 10204 6782 9166
f 1539 11152 8237
f 11152 3685 2472
f 6110 10012 8875
f 10282 10182 9407
f 2862 10271 4344
f 2119 2247 3148
f 39 919 1006
f 5838 10190 3371
f 2728 2727 10520
f 5217 10294 4298
f 9075 11356 5867
f 588 10370 3565
f 2481 346 861
f 2481 861 11135
f 10045 279 546
f 7639 5290 11056
f 10286 6835 10198
f 10274 1952 3037
f 1922 1179 2893
f 2155 1299 5070
f 7921 10288 10254
f 4853 10855 8292
f 8968 3784 10313
f 4981 10272 4980
f 27 1204 571
f 571 1204 1317
f 951 1 204
f 305 522 9110
f 973 2412 11494
f 10299 711 843
f 587 2190 3970
f 1444 10282 3607
f 3578 10230 5949
f 10284 5055 5138
f 3255 1708 2454
f 2438 4155 2498
f 9515 9113 3712
f 10303 10492 10320
f 5650 10286 3025
f 10607 10287 5754
f 10142 11299 4922
f 10306 8208 2183
f 1708 3254 2454
f 7229 8064 4489
f 10864 6602 1262
f 8221 6782 5475
f 6110 7038 9931
f 7668 10290 9892
f 3816 5922 10527
f 5949 10230 10816
f 5474 10288 7921
f 35 8064 996
f 10965 8109 6142
f 5401 5544 2872
f 11214 6151 5504
f 3305 6488 6628
f 752 1480 2213
f 7445 10289 7362
f 7052 10964 10586
f 10280 10290 9243
f 9691 7640 7500
f 435 4548 5411
f 10430 4649 1199
f 9691 7500 4199
f 7228 8582 9350
f 759 9350 8582
f 10290 9690 9243
f 1644 1024 2293
f 9988 9350 759
f 951 204 699
f 10293 7991 3444
f 2290 10018 10753
f 6984 10293 3444
f 10273 2052 2657
f 5251 9876 5247
f 10294 7607 4298
f 3222 10292 3152
f 8440 10169 6277
f 8579 10294 8888
f 369 39 2262
f 39 4526 2262
f 9683 10262 5848
f 1667 2418 1765
f 10668 10014 4727
f 3799 7706 1840
f 5887 4556 3479
f 3982 10246 10
f 10246 984 10
f 10246 3982 3609
f 10295 7323 10717
f 394 2360 122
f 2076 10085 9086
f 1353 10326 8644
f 9683 5848 5849
f 10538 1167 1264
f 7715 6052 7573
f 416 10259 35
f 1434 4875 10325
f 11519 3784 8968
f 174 522 305
f 973 348 2415
f 2665 2425 2208
f 9861 10298 2878
f 614 304 2945
f 4284 10299 10380
f 3926 806 3502
f 10299 3599 10380
f 2665 876 2425
f 973 11140 2412
f 4993 10305 10273
f 4440 7191 4679
f 35 4155 416
f 5452 4955 10301
f 11246 11129 595
f 3609 2182 10369
f 10298 9861 11299
f 10322 6024 8510
f 8458 4649 4410
f 4663 10302 10284
f 5474 5246 7486
f 9101 10314 10033
f 7432 10308 9566
f 10304 7866 435
f 1947 6198 9740
f 4497 10310 9017
f 5491 11230 3359
f 5818 10308 6541
f 10309 8434 8681
f 9649 10304 435
f 1264 1167 3434
f 3325 7618 8251
f 8850 4317 10309
f 10312 9896 10248
f 10327 8184 8375
f 10717 8763 9333
f 10291 10301 3452
f 10308 5819 9566
f 8297 614 2945
f 11415 16 6473
f 10321 8736 6935
f 10324 5839 7328
f 10321 6935 8520
f 10297 9951 9499
f 10305 2052 10273
f 8404 10169 6741
f 9876 6633 8975
f 8975 4492 9876
f 5247 9876 4492
f 5474 7486 10288
f 1006 7954 39
f 8375 10935 10327
f 2290 10192 830
f 2830 166 984
f 11233 1362 8216
f 10311 9166 6782
f 2808 6977 6163
f 7933 10980 7262
f 4378 2960 5607
f 4911 4378 5607
f 5803 5290 7639
f 10114 3987 3568
f 10798 10114 3568
f 1765 1067 3689
f 7074 7076 1840
f 4556 4367 3479
f 10289 2808 6163
f 37 2676 1982
f 10307 6864 8790
f 279 10323 546
f 5261 7827 4727
f 2762 10222 10740
f 1434 10325 10272
f 7115 7543 7997
f 10323 85 546
f 9616 10296 10965
f 10316 1119 1960
f 2135 10315 2507
f 164 10316 1960
f 289 233 11129
f 807 605 2877
f 1454 10316 164
f 157 807 579
f 10318 2423 488
f 2429 10404 10397
f 3293 11213 10319
f 10320 6207 10303
f 10318 3473 1676
f 7791 3647 9386
f 6621 4151 1034
f 4151 2481 1034
f 10321 8253 8736
f 3797 7076 7074
f 10320 3417 6207
f 4876 6661 1210
f 7094 5511 11399
f 5967 11299 9861
f 4367 10258 9510
f 11061 9209 10322
f 5678 10322 9540
f 485 4471 5099
f 1362 11233 6584
f 304 614 3906
f 5818 5819 10308
f 8187 7094 11399
f 6469 1583 10961
f 1291 3525 10314
f 10324 8912 4746
f 10324 4746 4527
f 4876 1210 9849
f 9386 6616 9363
f 6089 6864 1083
f 6091 1083 6864
f 9188 2537 11230
f 4780 1317 1204
f 2406 214 4480
f 10325 4875 4873
f 6507 8795 11306
f 5776 753 8074
f 9741 3256 2453
f 2453 1710 9741
f 4367 9510 1886
f 6665 10314 9101
f 2258 1830 9559
f 6087 9817 10007
f 11012 4141 1710
f 583 485 5099
f 10321 4304 7248
f 8253 10321 7248
f 5202 7019 3301
f 2247 2119 10140
f 9778 1006 322
f 1456 10370 10997
f 7379 5470 7802
f 10717 8626 7930
f 10717 7930 8763
f 3380 10262 7955
f 10014 5261 4727
f 5780 10923 11079
f 10114 603 10754
f 1718 2464 333
f 10980 7933 1086
f 4378 520 8299
f 4378 8299 2977
f 11056 9394 3766
f 10179 5780 11079
f 10246 10369 2830
f 171 4516 10326
f 2079 2084 610
f 2080 2084 2079
f 10315 951 205
f 4151 9515 2481
f 10190 8130 8260
f 1351 2079 610
f 3168 9386 3647
f 7345 10190 3378
f 802 1259 6614
f 802 6614 2262
f 7457 7543 7115
f 1772 85 10323
f 3 7201 6482
f 391 7201 3
f 9492 1771 2760
f 297 10329 298
f 726 11241 727
f 10330 1599 1600
f 10801 318 10991
f 207 10331 10334
f 602 235 103
f 206 11101 8161
f 10329 585 298
f 6724 491 163
f 2103 117 510
f 642 786 2116
f 10332 396 1068
f 1495 11001 2113
f 701 10333 11434
f 1537 8161 143
f 726 727 2334
f 995 2440 10049
f 785 10344 2244
f 365 261 10991
f 1406 8189 45
f 10334 2395 208
f 2167 10335 849
f 767 10988 361
f 1041 10336 345
f 1046 10337 2219
f 1056 10338 313
f 309 10340 360
f 1374 513 1490
f 9994 10341 327
f 10342 9850 1418
f 10370 1458 10997
f 605 229 1462
f 1529 10343 822
f 335 6671 409
f 1599 10330 1602
f 10344 1493 1606
f 1623 9111 8269
f 10389 10768 921
f 10333 10789 695
f 966 11132 347
f 1685 1684 3217
f 3706 2466 1723
f 10347 1655 5144
f 10348 8175 2230
f 10425 5647 1113
f 10349 10792 6175
f 10351 457 1160
f 1970 10381 1346
f 2942 495 171
f 2948 8180 1044
f 2947 3484 3911
f 514 10352 1983
f 4022 10354 3589
f 2033 10355 150
f 150 10355 569
f 584 10356 586
f 249 10358 357
f 2103 10359 1366
f 510 511 2102
f 10360 1376 10247
f 10364 4475 2145
f 10331 2157 142
f 9373 10365 287
f 3957 10366 567
f 714 10367 4435
f 4970 3103 5440
f 6455 5089 1574
f 10370 1456 10779
f 1465 3624 2203
f 872 4056 2201
f 72 10332 757
f 10332 2218 3133
f 3142 10371 3144
f 10780 10372 2234
f 1495 780 11001
f 1498 2246 3702
f 494 794 607
f 191 430 9836
f 10373 1527 825
f 10343 1529 824
f 1405 10363 10374
f 10375 685 6275
f 206 8161 1537
f 10377 4033 3174
f 848 10378 847
f 10367 855 4435
f 10345 1553 1739
f 350 10379 8179
f 10380 863 6672
f 5089 10414 1574
f 1970 1678 10381
f 875 876 2665
f 10409 10384 762
f 2236 9995 10226
f 10385 6619 897
f 364 10330 898
f 10386 1696 1601
f 10344 2243 1493
f 10344 1606 2347
f 11138 10387 3248
f 2363 9625 9626
f 873 797 2256
f 374 10389 4120
f 2371 4120 921
f 10390 1625 406
f 1630 2459 11249
f 10391 1634 936
f 281 823 10363
f 3589 10374 11329
f 4023 11329 10374
f 11329 4023 2141
f 332 335 409
f 10392 2392 10422
f 10393 1721 1642
f 10394 11250 284
f 10395 1541 3228
f 1655 10347 1654
f 347 10345 2482
f 11488 1660 9508
f 710 4036 2693
f 982 10396 2719
f 1675 10346 166
f 1685 3217 10387
f 10397 2212 2429
f 3702 1609 2120
f 1702 918 10398
f 10399 9721 3257
f 2457 10400 408
f 2507 10315 3649
f 1303 2737 2024
f 4542 1762 2025
f 10401 1727 837
f 2418 10402 414
f 876 2493 2425
f 2495 10404 2429
f 10405 2497 991
f 10405 10081 2497
f 9092 1770 1848
f 10406 1050 1755
f 10407 11227 9840
f 11372 10383 1769
f 2410 9855 1735
f 1218 11380 1962
f 538 10409 308
f 2640 10355 146
f 1366 10359 2672
f 5104 10410 4656
f 10411 957 1730
f 1252 9136 77
f 10555 4385 5549
f 5627 1181 10813
f 695 10789 139
f 3028 9138 3027
f 5672 10145 1205
f 818 2713 982
f 6407 10414 5690
f 10332 72 396
f 10415 2293 10376
f 2293 10415 3171
f 10399 11522 2452
f 10417 2437 9360
f 9349 11146 11242
f 11119 5956 2971
f 10842 3103 4970
f 10419 1350 11242
f 2073 1227 2071
f 252 1365 2100
f 3125 872 2201
f 6019 10442 5711
f 4063 10371 2747
f 9642 1400 5052
f 997 4692 10423
f 10117 9083 1021
f 4307 7502 1089
f 10492 10510 3401
f 3575 6011 1367
f 89 1309 144
f 7971 10424 2822
f 5521 3452 5991
f 5647 10425 5414
f 8548 10426 3833
f 3908 3806 1858
f 1891 3908 1858
f 9372 10384 10409
f 10429 4622 11391
f 10835 1189 6262
f 6057 10430 5683
f 10431 2929 1955
f 2424 3399 9
f 1219 1218 1962
f 5944 10432 6212
f 2947 3911 443
f 4902 10434 2969
f 11244 10435 10774
f 10774 10435 2619
f 6331 10436 6182
f 4622 2888 6597
f 2820 4329 4942
f 566 342 2036
f 2648 6357 3022
f 10530 2039 1946
f 3961 10377 130
f 4989 10437 6060
f 491 10438 4129
f 2335 871 603
f 10409 2099 308
f 514 1983 2238
f 1996 11390 3220
f 2863 41 125
f 1714 1017 2279
f 10354 4022 2015
f 3682 1411 1409
f 2163 10440 6027
f 7181 10447 10799
f 3609 6037 5692
f 10441 4050 11143
f 297 6751 10329
f 729 10329 6751
f 10438 491 6724
f 2198 1465 2203
f 5015 3128 2701
f 625 11373 1481
f 2222 6078 10442
f 3145 10443 1592
f 10390 927 11149
f 2377 655 11149
f 11149 655 2120
f 2267 4666 11022
f 5652 4075 3643
f 3171 10415 2152
f 4081 1030 3270
f 4474 3270 1030
f 3270 4474 1407
f 839 10446 2296
f 4033 10377 2651
f 11379 10447 7181
f 3230 10438 593
f 4086 10448 3102
f 4107 1170 1325
f 10382 2201 4056
f 3210 10451 3696
f 3219 4116 3221
f 10768 10389 1703
f 818 10992 4412
f 11329 10421 3589
f 10422 944 10212
f 2143 4025 10328
f 710 4034 1653
f 10412 4138 1691
f 2507 3649 2394
f 10411 1730 3268
f 3271 10456 9986
f 10403 2480 8214
f 5382 1770 9092
f 2502 4154 2501
f 892 10348 2230
f 10348 892 10338
f 2506 419 1013
f 2514 333 4295
f 7212 6090 9708
f 4205 7289 9588
f 5817 1814 4513
f 4225 11218 5845
f 10339 4156 1843
f 1313 10457 5437
f 2985 8201 5551
f 10505 6314 4375
f 4907 2975 3922
f 3540 4404 10244
f 3051 10873 7770
f 4352 1270 193
f 1585 2204 2074
f 10346 869 984
f 10461 7455 3422
f 4245 3859 4838
f 5409 10813 1181
f 11272 5998 6667
f 3160 10462 6017
f 8574 10463 4288
f 10568 8755 9428
f 6172 6169 3803
f 3804 10464 1856
f 10529 4773 2553
f 1253 10466 1149
f 6714 10467 6889
f 4268 10427 3845
f 10351 127 457
f 10468 5404 10817
f 5403 10469 5963
f 10471 3442 10540
f 10472 10534 4882
f 10464 10473 4764
f 10474 4892 3913
f 2972 7133 10515
f 10475 3520 9371
f 6328 10516 2994
f 4936 10476 6181
f 10546 10479 4397
f 2035 10481 2034
f 10356 2056 586
f 3050 10482 1962
f 6 252 2100
f 7885 10483 2968
f 3080 3642 673
f 10484 7166 4013
f 10485 5058 9392
f 4038 10486 2592
f 5100 11235 10083
f 4657 1936 5112
f 5128 766 9955
f 365 901 38
f 8025 10487 7148
f 3187 10488 3186
f 5150 5725 3188
f 10490 2333 5162
f 9379 10490 5162
f 10491 5167 1336
f 10562 5740 3235
f 4134 5182 9560
f 990 989 10769
f 10492 2549 1101
f 10493 9928 2952
f 10494 5403 3434
f 4841 10495 5409
f 7085 4861 7375
f 1148 11259 2856
f 5617 3935 11402
f 3059 11123 3060
f 10498 2683 5059
f 10478 10499 5449
f 5469 10500 1078
f 5497 5498 10572
f 1836 5367 4319
f 10051 8160 6244
f 10832 10501 4849
f 2826 10501 1110
f 11163 5536 9928
f 1151 10502 5539
f 2876 5547 461
f 7991 11294 11338
f 11264 7992 2894
f 1523 3865 7790
f 4851 6265 3454
f 10189 10039 6355
f 8246 10503 4871
f 10504 11034 4366
f 2973 10505 4375
f 10631 7532 4909
f 1385 10124 1390
f 8201 2985 11198
f 10813 5630 5627
f 10813 9156 5630
f 5629 3002 6894
f 9102 10506 10986
f 9232 6912 6913
f 10369 6458 1966
f 5690 10414 5089
f 2833 10305 5529
f 2222 10442 1482
f 4423 365 38
f 11024 7790 11400
f 10508 3163 7568
f 4463 6918 3172
f 6065 10971 3667
f 10880 10509 3204
f 2222 11431 1695
f 9146 10839 3017
f 10839 10862 2034
f 10455 5746 5744
f 6474 829 2514
f 3718 3281 1772
f 1101 2596 10510
f 6182 10436 5873
f 9534 9193 10934
f 2915 5390 8370
f 10492 5511 2549
f 1134 5888 3480
f 10469 2569 2568
f 4568 7536 1168
f 5910 433 2990
f 10030 11148 11338
f 6736 10684 10487
f 10934 4333 6989
f 4869 480 5933
f 7878 5942 10514
f 4660 1237 3993
f 10434 1897 2969
f 10502 3499 5539
f 10606 7988 3852
f 10516 10545 1280
f 10429 6258 11044
f 2641 2642 2658
f 3578 10517 3918
f 10518 4428 6425
f 6025 10519 4647
f 9153 11505 1450
f 9719 6041 4011
f 6016 6041 9719
f 8511 4664 3996
f 5128 9955 8308
f 1485 3141 3633
f 10488 3187 1562
f 5689 10414 5093
f 6069 11235 5100
f 2730 10509 6416
f 1670 5742 6468
f 5742 1670 7409
f 2441 10521 6078
f 10521 2441 10423
f 5758 10522 3289
f 10523 3295 3296
f 3296 10808 10523
f 10524 9154 4706
f 10525 6510 6108
f 10526 1095 3782
f 10526 4314 4748
f 10510 10432 5944
f 5383 10168 5540
f 5517 10528 3823
f 3538 10424 6342
f 10424 3538 7520
f 5639 11269 1189
f 10529 6192 6193
f 4778 7973 6195
f 6199 4973 1876
f 6201 3826 6200
f 6884 6202 5526
f 10602 7096 7087
f 441 7130 11174
f 10531 2831 2836
f 3404 5886 4555
f 3802 5869 2557
f 10533 6709 6207
f 10534 4337 4882
f 9116 4882 4337
f 10535 3835 5583
f 7455 10536 4558
f 447 10537 3057
f 10537 6218 3057
f 10434 9114 1897
f 5423 9421 5662
f 10466 10219 1149
f 7101 10458 6177
f 1158 10538 2869
f 1160 3849 272
f 3506 10470 4823
f 4575 10435 11244
f 3851 6244 3934
f 10540 1914 1912
f 6251 10384 3855
f 4429 1927 3865
f 6184 1300 5919
f 51 6341 4953
f 5924 11170 2027
f 51 4850 10859
f 3875 10457 4405
f 5438 2582 11401
f 3884 10542 3554
f 4868 8370 2916
f 10503 8246 2924
f 9981 481 4361
f 2927 9981 4361
f 13 4818 4878
f 7797 10504 11450
f 63 2597 2812
f 1144 10978 6216
f 7136 70 509
f 10300 7100 2965
f 3917 10413 2114
f 3921 10544 6313
f 6313 10544 10537
f 10544 6218 10537
f 11159 11444 11483
f 4909 5957 10846
f 6317 9207 8398
f 1276 5617 3508
f 3518 6329 2995
f 10546 4397 3514
f 10496 2625 4431
f 3543 10547 2827
f 10548 2637 9172
f 1933 10549 4400
f 3886 10550 6666
f 4967 6351 5987
f 6353 4624 6738
f 4973 6199 6198
f 3895 4978 4977
f 10437 3658 6060
f 8268 5418 6006
f 5534 10872 9710
f 10439 4999 2065
f 2672 10359 6254
f 2102 10359 510
f 10359 2102 6254
f 5037 5031 5038
f 5040 9391 4009
f 4014 5048 6390
f 10551 2130 11103
f 4019 10485 6608
f 6396 6395 678
f 10485 5670 6608
f 10549 6347 4400
f 10878 10513 3595
f 10366 1656 567
f 4236 5095 3610
f 6414 3115 8023
f 3040 5696 6415
f 8172 10553 9195
f 10555 5700 5102
f 10555 5102 4049
f 5106 10554 11527
f 11505 7719 1450
f 10509 2186 6416
f 2185 4383 1451
f 1452 1458 588
f 4445 4446 5113
f 6420 7171 10881
f 4451 5714 5137
f 4692 5711 10521
f 10442 10521 5711
f 2712 4020 325
f 10445 5716 2283
f 3559 9363 7178
f 5721 4272 3593
f 7567 6436 11447
f 5075 4088 9957
f 10459 3179 3180
f 3179 10557 3180
f 10558 10636 2322
f 3641 5724 10558
f 10557 6440 3180
f 10559 7183 2324
f 4100 5149 6441
f 6452 10043 5158
f 9949 4037 10450
f 867 6068 7900
f 4471 10560 10825
f 9195 11124 8172
f 5695 3207 3563
f 393 5083 8249
f 5168 3673 10460
f 6468 10563 1670
f 10476 997 10423
f 997 10476 4936
f 5467 11431 5171
f 3699 10564 2132
f 9945 10565 2404
f 938 2137 3714
f 10566 9505 5195
f 5196 1747 352
f 2516 6767 8041
f 10567 3294 1080
f 1790 4297 9174
f 10993 10568 9708
f 4489 8064 8704
f 10889 5488 11073
f 8607 1809 8085
f 4513 1814 5815
f 10571 10213 10133
f 1829 11031 3388
f 3798 10948 5373
f 10574 5863 8783
f 3397 3798 5373
f 1839 10575 5861
f 10575 9171 5861
f 7699 1840 7706
f 6578 4107 1325
f 4773 3824 4777
f 1020 2382 2215
f 10347 150 1654
f 2743 6623 11254
f 10576 4891 3423
f 10515 2850 3491
f 1284 10577 6327
f 7194 4172 3719
f 6701 10580 3385
f 6655 10581 4795
f 10582 6905 1159
f 10490 9379 7015
f 6621 1034 6752
f 8951 10909 1081
f 5234 3744 7612
f 7703 9260 5376
f 5214 6863 7218
f 8929 10585 8730
f 2819 11035 8508
f 1928 5637 4847
f 607 1585 2074
f 3082 2131 5712
f 3082 8948 5665
f 1787 5212 2521
f 10586 7280 4737
f 10598 8257 2535
f 6991 3412 1112
f 3602 5580 5085
f 9755 7907 1081
f 2101 252 3062
f 10592 1291 9592
f 10594 2619 6918
f 9908 2224 8024
f 6442 6064 3663
f 7188 6450 7586
f 9828 9668 7190
f 1406 45 1530
f 3233 1665 1668
f 10562 981 393
f 10595 7203 8046
f 7917 4299 3318
f 10937 8892 6867
f 10596 8896 8374
f 8529 6535 10673
f 3361 9748 9532
f 10598 7306 10185
f 7844 8536 8488
f 7462 10601 9654
f 5160 2723 2724
f 10514 438 3110
f 4482 3288 9864
f 10752 7944 7056
f 1122 10602 7087
f 7450 5528 2836
f 6397 10603 2586
f 2855 4604 7884
f 4624 10593 7153
f 5433 10605 288
f 9473 8386 10012
f 10606 7538 7112
f 3862 6333 8401
f 2848 10556 3990
f 2975 10195 5603
f 7992 10477 2894
f 2848 3990 6302
f 10971 3198 3667
f 6470 10489 8512
f 5758 3289 9462
f 10287 10607 3291
f 3730 10609 4702
f 7022 1787 2521
f 4193 8896 5253
f 10285 7052 5298
f 8636 7650 8632
f 10645 9268 8111
f 11096 5337 8110
f 9486 4528 9223
f 10891 10600 6880
f 2554 11482 5388
f 5938 481 4249
f 10543 4249 481
f 10613 10141 5543
f 10604 3557 5685
f 2673 7891 2674
f 11207 10614 8045
f 4302 7917 10703
f 6867 10615 10937
f 5325 10572 5498
f 10531 5527 4796
f 1903 7760 8243
f 2874 454 9131
f 4888 6295 4326
f 6901 2961 7556
f 7772 7100 4900
f 6913 7376 2641
f 1565 10559 5726
f 6471 7797 11450
f 1784 9197 3290
f 7206 7021 9871
f 10616 3744 8467
f 10617 8735 6934
f 7489 10627 3329
f 10180 10618 5256
f 7829 9666 4503
f 10619 3764 3356
f 3360 6802 9168
f 3380 7955 3379
f 10622 4319 9480
f 10600 10574 5506
f 10934 11126 5879
f 5914 7540 4834
f 4358 7545 7874
f 10583 5430 9800
f 10624 7563 4946
f 5995 10623 11048
f 3562 5695 3563
f 6040 7191 10056
f 10625 9594 7378
f 10808 3296 10522
f 3289 10522 3296
f 10626 8789 9382
f 10917 3735 10130
f 5471 6863 5214
f 3742 9154 10524
f 10568 10993 7912
f 7611 6778 1798
f 11354 3750 10672
f 10615 5240 7240
f 10239 7493 4499
f 10579 6690 5802
f 6524 11217 6125
f 5638 3822 4583
f 10602 1122 1882
f 5527 10531 10630
f 10630 6885 5527
f 6885 10630 9247
f 4788 9247 10630
f 6206 7754 10533
f 9475 10631 8549
f 10466 1253 9509
f 10468 8868 5404
f 7538 10606 4616
f 4835 2886 10809
f 10384 6251 1918
f 467 3446 83
f 3446 3862 8401
f 5629 6894 3818
f 9203 11170 4852
f 11478 9353 1313
f 7118 10632 4859
f 471 7082 5571
f 6725 10514 3110
f 1225 3406 6005
f 5891 10633 9913
f 9793 10478 2010
f 10527 7079 4398
f 10871 5166 8023
f 2701 10556 7161
f 5558 5873 11074
f 9990 5558 6375
f 10603 7708 3551
f 9908 8024 1483
f 4062 5045 7789
f 10635 4983 6432
f 6448 8030 8573
f 6600 2001 6451
f 10636 2725 2322
f 4039 1442 9105
f 10396 393 981
f 3295 8038 6857
f 5197 3290 2516
f 6083 10522 5758
f 10338 892 4483
f 10595 7202 7203
f 8046 6926 7204
f 6930 11349 8581
f 10569 9270 5472
f 10638 6505 4710
f 4303 8844 7381
f 10911 4494 7818
f 1805 8325 8075
f 7823 10639 5790
f 6787 10640 8080
f 10639 7823 5797
f 5271 7263 9455
f 8082 10641 8607
f 7290 5492 5299
f 6538 10643 6535
f 10673 6535 10643
f 1815 5817 5311
f 10644 5327 6640
f 11173 10645 7303
f 6953 10646 6804
f 4215 10647 4214
f 9667 7665 5832
f 8135 10651 7954
f 7336 8353 8492
f 5353 11218 9057
f 8431 10663 6700
f 7675 11363 5846
f 7444 10652 8943
f 10653 8884 5375
f 4541 7447 10654
f 7366 10655 7968
f 1518 9112 8156
f 271 8170 6233
f 9313 8697 1771
f 9286 10665 11078
f 8121 4518 9268
f 10656 2029 4960
f 4800 3129 3130
f 4840 1923 4262
f 10354 824 1527
f 11311 1360 9096
f 3582 11084 3251
f 2921 10657 7548
f 10658 11470 2546
f 6191 10659 11157
f 6442 3663 4101
f 10660 3743 9518
f 10178 1793 11221
f 8667 9059 10071
f 2227 8567 10625
f 10547 1873 2827
f 10663 6962 9682
f 2741 10588 6291
f 9532 5495 10936
f 10325 8458 4410
f 10904 5443 5018
f 10712 9332 10665
f 1869 4770 9398
f 6199 10843 3552
f 3583 6917 9173
f 7815 10668 2779
f 3762 11073 11086
f 8767 3359 2537
f 7067 10669 7351
f 4331 2826 5568
f 6235 10582 10008
f 10476 6331 6181
f 3553 8404 3026
f 5441 5167 6756
f 10498 5063 2683
f 10672 4713 8067
f 6115 8277 7041
f 4728 7494 6688
f 3343 10639 10666
f 10639 3343 5790
f 9467 5275 8608
f 8810 10673 7941
f 8134 10675 9054
f 7694 7358 9326
f 8149 10676 8358
f 10676 9076 8543
f 4489 8704 9689
f 8386 9473 9277
f 6122 10677 6796
f 10678 5312 5331
f 10679 5855 1831
f 10951 5508 10622
f 1836 4319 5508
f 2985 5551 5898
f 5473 4714 8273
f 8618 8195 7049
f 8121 9268 6950
f 7850 6959 8378
f 9056 7850 8378
f 5378 6830 9772
f 4703 11185 3731
f 10681 9676 7807
f 8723 11421 10682
f 3351 10683 8765
f 10679 10723 5855
f 11088 9065 9932
f 10013 5361 8542
f 4760 6653 10941
f 1182 10684 6736
f 10685 8558 7403
f 5224 7607 10294
f 7256 10686 8521
f 8807 11095 1810
f 8623 9818 10688
f 9859 10688 9818
f 9029 5811 9035
f 10643 11417 10673
f 3773 10645 11173
f 9323 10689 9337
f 6553 8259 7321
f 10650 8822 6556
f 6967 10692 3389
f 8722 8360 8218
f 4853 212 5452
f 9305 8872 10694
f 10694 8872 6632
f 4301 9825 8071
f 8279 8256 6871
f 3374 10667 10612
f 7438 10693 8862
f 5688 11450 10486
f 9473 3758 9277
f 5807 10677 6122
f 6700 5851 8431
f 8921 8972 8836
f 9516 1077 10786
f 4193 5253 7625
f 5248 10697 7925
f 10950 8898 8414
f 10618 10180 8254
f 10698 8908 4726
f 10700 9329 7061
f 5475 7242 8221
f 8587 7621 10682
f 10674 8772 6139
f 10958 6914 7004
f 10875 5026 7137
f 1790 9174 6774
f 7242 10952 8473
f 4499 9619 11468
f 6938 5249 6936
f 7264 8958 8479
f 5798 7829 4503
f 7344 8285 3383
f 8993 1831 9226
f 7361 10702 6972
f 6834 8750 6977
f 7611 1798 9236
f 4713 10672 4716
f 3750 4716 10672
f 10668 10930 3760
f 3755 10665 9332
f 8414 3342 10946
f 8276 11416 8981
f 7256 8521 7260
f 10705 9455 7629
f 10706 10155 8335
f 10752 7056 10044
f 10647 8282 7058
f 10965 6142 8535
f 9551 5344 6562
f 10707 5506 10574
f 5506 10707 2545
f 8785 10708 9330
f 7517 8999 11111
f 10709 8720 6976
f 4849 10659 9727
f 9546 6708 6886
f 8549 10631 5600
f 10590 7103 9758
f 3423 5590 8556
f 7980 6218 10957
f 5425 9554 9733
f 10711 7713 11510
f 10744 10624 7893
f 6448 9426 8030
f 3302 8889 4182
f 9357 10671 7231
f 10696 8468 8893
f 8516 4301 8071
f 589 8442 8797
f 10617 10712 9586
f 6506 7622 8324
f 10940 8324 7622
f 6508 11210 10750
f 8980 10713 8761
f 6515 8598 6516
f 10597 3348 7383
f 5271 9455 8904
f 6518 9023 9738
f 7633 8605 4197
f 2087 10714 22
f 10641 8602 8606
f 8615 8610 8651
f 9467 11092 8611
f 5288 10715 10907
f 8336 9168 6802
f 8766 7051 9031
f 7290 10642 10203
f 11417 10643 7292
f 4214 10647 6809
f 8984 7311 8127
f 8626 10717 7323
f 8120 10648 4743
f 10718 7279 7308
f 8653 10620 10719
f 8654 10691 8124
f 8656 10651 7332
f 8664 10721 2076
f 1828 11218 4225
f 6820 10621 5846
f 10621 5354 5846
f 10722 6570 8142
f 10723 9966 7349
f 7746 7693 7353
f 9071 3793 6969
f 8355 7748 9678
f 9069 5363 2805
f 6577 10676 8149
f 10612 10695 9058
f 415 1048 5381
f 1846 10724 1847
f 10724 1846 10408
f 9389 10545 10516
f 834 9938 46
f 9612 9111 371
f 930 9612 371
f 3001 10725 3000
f 10589 5911 2820
f 9096 3625 11311
f 6739 9139 9652
f 7944 10611 5314
f 7772 4900 6310
f 3917 3999 1984
f 8622 8336 6802
f 7295 4211 5302
f 9328 10699 7648
f 10741 9533 8748
f 6328 4059 623
f 10657 5935 7548
f 1095 10526 2799
f 10836 4811 3407
f 4806 10978 10465
f 10978 4806 6216
f 8201 11198 8786
f 460 1169 6320
f 460 6320 526
f 6319 9183 9366
f 11019 6452 2001
f 9215 3317 10939
f 6391 11103 2128
f 8788 8062 8889
f 9441 5473 11194
f 10239 10687 5259
f 6112 10727 8737
f 9176 11104 8726
f 10903 5212 7211
f 10652 7365 8943
f 10586 9416 7280
f 4702 10609 6772
f 6868 10668 7815
f 9026 10641 8082
f 9894 6563 9700
f 3322 8468 5767
f 10671 10637 7231
f 8623 10688 9289
f 5502 9222 6818
f 3379 6818 9222
f 9296 8747 4529
f 7937 11091 10203
f 10745 7654 7430
f 4816 5962 9555
f 10726 3478 6074
f 5361 10013 4318
f 9245 10695 8349
f 9976 10732 9245
f 7138 5604 9654
f 6826 6702 9884
f 9296 10990 8747
f 10689 9487 9319
f 8121 6950 1819
f 8824 8134 9054
f 8115 10734 9279
f 10708 4540 9330
f 4360 10735 1196
f 9235 8030 7475
f 10640 9020 8080
f 10688 8529 9289
f 10689 10731 9337
f 8746 9318 10959
f 10650 8823 9325
f 2299 2298 845
f 1677 10416 2421
f 2447 10398 918
f 10786 1014 3704
f 2596 1129 4335
f 1447 10509 2730
f 9371 10736 10475
f 9899 10720 8392
f 3241 986 9358
f 10736 3854 10475
f 4345 1384 7762
f 6056 2717 11313
f 10738 7253 5480
f 5083 393 2713
f 642 3579 4424
f 10739 4061 4664
f 2227 10902 10194
f 10447 11379 4434
f 7848 7433 5833
f 6776 9355 201
f 10684 1182 9395
f 4700 10740 10222
f 9697 8966 6591
f 2795 7322 3781
f 5534 3482 1856
f 9916 5556 5595
f 10591 7123 7121
f 7692 9533 10741
f 2999 1919 9643
f 8475 5261 4720
f 1224 2841 9116
f 9555 11108 4918
f 550 7893 10624
f 6831 6830 11472
f 7328 8913 9672
f 7039 8475 4720
f 9586 10665 9286
f 10665 9586 10712
f 7859 10730 9066
f 2586 10603 3551
f 5432 10729 1184
f 5255 4495 7625
f 1797 10660 3741
f 2690 1305 4953
f 6093 10660 11221
f 9184 10194 1595
f 3641 10558 2322
f 668 9719 9402
f 3157 4843 1521
f 7766 11236 5572
f 3539 2631 3824
f 9514 3186 10994
f 3883 9581 9577
f 8348 8652 10718
f 9469 10573 10162
f 4320 9603 7694
f 10615 9611 10937
f 6542 8813 7300
f 10733 7308 9774
f 8976 9615 10311
f 10713 3755 8761
f 10651 8135 7331
f 9602 9440 7063
f 3812 6247 3813
f 9577 10632 7118
f 2795 9762 8448
f 3338 9619 4496
f 172 1460 735
f 3338 4496 6634
f 6709 10533 6836
f 5320 5321 9447
f 1880 6202 6884
f 10576 5586 4891
f 10497 4998 7879
f 8344 6644 7947
f 10744 5071 4948
f 10701 8805 7276
f 10644 9033 10716
f 9033 10644 11081
f 7956 7682 8456
f 7288 10975 8094
f 10737 9643 9352
f 9689 10747 6632
f 10334 10111 2395
f 7769 10497 7879
f 9012 9776 10074
f 10430 11313 5683
f 10888 8705 9564
f 10337 2220 2219
f 9508 1660 2489
f 11007 4062 5129
f 9504 2350 998
f 11522 10399 3257
f 11042 2874 9711
f 9715 1452 588
f 3992 4012 9648
f 10430 1199 11313
f 6141 6590 9723
f 7740 6548 8362
f 7730 6869 7490
f 10896 4240 5586
f 10547 3543 9180
f 8477 8419 5273
f 8688 7517 11111
f 10325 4410 10272
f 8594 8073 1803
f 8522 7263 5271
f 10532 6655 2839
f 5017 6043 5125
f 11176 10512 5424
f 2725 10748 3198
f 982 2713 10396
f 393 10396 2713
f 11250 10164 179
f 10400 932 408
f 10787 561 1311
f 3492 1241 5949
f 3098 11109 3956
f 4707 7812 7806
f 6626 4707 7806
f 9214 7806 7812
f 10735 9160 1196
f 2273 10406 9840
f 6141 9723 8535
f 6187 4773 4777
f 3987 1970 1346
f 10433 9954 2948
f 5007 9787 7978
f 5685 5459 1330
f 10796 507 4895
f 10749 9959 7295
f 7748 10707 8783
f 10070 10722 7065
f 373 9356 1059
f 3948 10365 9373
f 191 9836 4456
f 594 1119 6724
f 10343 9904 822
f 10453 2389 838
f 3980 10472 5442
f 4173 1782 6766
f 10508 4667 3163
f 7884 7711 6998
f 10632 9485 4859
f 7622 6506 10750
f 5776 10750 6506
f 10722 9929 8719
f 9929 10070 6967
f 8654 8138 7342
f 7622 10750 8798
f 5258 8936 8845
f 9690 10290 7668
f 9956 10365 9850
f 1755 10407 10406
f 10407 1755 4152
f 9345 4613 1257
f 10751 8010 1180
f 10357 616 11115
f 798 10998 651
f 9945 2750 11137
f 10121 10435 464
f 9948 4113 4157
f 5558 9990 11222
f 821 4984 6742
f 7293 10752 10216
f 7808 7029 9233
f 10392 1639 10565
f 1639 10392 10422
f 9974 8601 7733
f 10753 11116 11162
f 10443 3278 1592
f 1707 2369 920
f 4372 3146 1239
f 3540 10244 10868
f 10703 9997 6099
f 4348 10582 1159
f 7274 10715 7275
f 2678 1984 11334
f 10754 603 3674
f 53 1314 1333
f 1712 10452 9942
f 10050 558 4956
f 10752 10044 10216
f 10725 10583 10042
f 10755 1582 11125
f 2728 10520 1441
f 4821 10539 4386
f 10552 3563 10664
f 7065 10722 8142
f 3000 10725 10063
f 1281 8010 10751
f 10020 1715 3261
f 10056 3202 10083
f 6304 10751 4894
f 10751 6304 1281
f 10072 9894 9700
f 191 10047 124
f 399 995 10049
f 10386 10084 1696
f 11334 10759 6378
f 7102 4567 6982
f 6783 5242 10610
f 7749 8379 8695
f 9776 10131 10074
f 8258 7848 5833
f 380 10331 142
f 10248 8475 2785
f 10171 10571 10133
f 6131 4309 11230
f 10715 10133 7275
f 10758 4736 8096
f 3873 10050 10100
f 2706 10140 1382
f 10598 10144 8257
f 10744 7563 10624
f 1284 6327 1283
f 9660 9697 11374
f 6959 6695 6960
f 2857 10165 2858
f 6332 7378 7016
f 8579 5224 10294
f 11121 1038 11009
f 10894 7526 8242
f 3768 7282 10241
f 361 10988 10806
f 9596 11212 395
f 1716 10020 3261
f 3817 5631 8245
f 10234 10430 6057
f 10144 10761 8257
f 5601 9192 1246
f 1049 995 399
f 11371 5051 6017
f 6822 10256 9280
f 9516 1013 419
f 1013 9516 3255
f 6192 10529 5386
f 10762 9764 6542
f 10925 7512 9438
f 10925 7511 7512
f 8840 9075 8691
f 5867 8691 9075
f 10762 6541 9764
f 7888 10587 1299
f 10527 5922 7079
f 10301 4853 5452
f 10634 10306 1451
f 7076 3799 1840
f 1749 10397 10404
f 9996 7003 11234
f 10755 4440 1582
f 495 4516 171
f 10764 549 1062
f 1293 10765 1719
f 556 10797 10050
f 729 62 585
f 6751 297 4416
f 740 2200 1465
f 6 628 252
f 10998 798 231
f 795 10767 3221
f 230 872 1468
f 358 4287 8157
f 1049 10770 995
f 2707 10771 316
f 1719 10765 2507
f 1038 11252 2487
f 10822 3497 76
f 235 10772 10790
f 1701 4290 1702
f 1056 10773 10348
f 301 1460 9787
f 1172 10774 3515
f 616 615 3907
f 10776 2605 180
f 10776 6606 3574
f 1 2135 819
f 1403 10373 2624
f 3706 10778 3084
f 3515 10774 4079
f 10779 1455 164
f 734 1457 1878
f 230 1468 4419
f 796 3221 10767
f 10765 1293 9083
f 6674 10448 1555
f 919 369 1004
f 10782 2263 1701
f 1713 2380 3258
f 2448 3703 405
f 2450 1011 2449
f 2380 2459 3258
f 9112 1714 375
f 2294 1724 10111
f 2716 4081 3270
f 4152 10785 10407
f 1625 4682 406
f 3274 3713 4148
f 423 10786 1077
f 2294 10111 3683
f 10815 10932 6044
f 1501 10788 2705
f 11010 2478 10456
f 1780 11352 7195
f 7994 10787 213
f 10790 2699 11055
f 4123 10992 326
f 204 326 10992
f 3404 4762 4888
f 6721 3462 3027
f 11271 3007 10859
f 5454 6850 3596
f 3609 1443 4439
f 1500 10788 2706
f 3682 1412 2751
f 3268 2402 3708
f 3713 11010 10456
f 1893 10792 3838
f 10794 6233 8170
f 1324 6721 3027
f 2929 586 2590
f 622 507 198
f 541 10796 9943
f 11161 4972 6356
f 10798 4110 603
f 10802 2119 11015
f 41 2863 5906
f 4618 6918 10121
f 1417 10775 3947
f 10775 1417 2026
f 1543 11016 10447
f 10791 10368 566
f 728 10826 5698
f 255 770 769
f 2247 10788 1501
f 2707 10801 2248
f 3073 10802 11015
f 325 7175 11481
f 4014 2129 6428
f 4076 2292 4077
f 11039 4272 1415
f 195 2296 335
f 858 10803 2311
f 10804 1561 1560
f 10805 6455 1438
f 10898 2335 4110
f 883 10806 3213
f 274 10807 9356
f 3682 2751 832
f 10803 2313 2311
f 3693 3241 3625
f 3696 10769 1683
f 2448 2267 11084
f 2448 405 3154
f 1714 3061 375
f 1716 2015 4022
f 10376 2293 6676
f 2716 3270 4080
f 10784 11445 1659
f 10808 3300 10211
f 3059 6016 668
f 10811 724 8547
f 10812 5126 5710
f 1432 2414 2176
f 2982 10863 11147
f 3587 6021 6020
f 10815 3632 4662
f 10817 2857 3925
f 4817 4821 6231
f 10819 7014 11063
f 4459 3865 11371
f 3804 10820 10464
f 10821 4895 3990
f 10822 7555 4907
f 4560 4914 1151
f 6328 11047 10516
f 6918 2619 10121
f 10824 5088 7777
f 5696 10825 9965
f 4046 10826 728
f 10826 4046 5108
f 10551 10827 2131
f 2048 2320 1557
f 2728 1441 6034
f 2228 10876 6464
f 3295 5759 8038
f 6971 1834 10831
f 11157 4849 10501
f 2843 4338 2064
f 10833 5422 10167
f 2853 10833 10167
f 10970 4345 2867
f 2890 2817 4766
f 10835 5521 1189
f 3872 4855 6436
f 4359 4857 11236
f 2915 8370 5932
f 11511 5016 3992
f 10931 4390 8400
f 2621 9632 2997
f 10506 9102 2589
f 4883 10439 1965
f 5660 10850 6372
f 5444 1389 10413
f 5383 10836 10467
f 5665 2681 1399
f 10837 7007 6395
f 10774 5067 4079
f 4652 3115 1125
f 10812 4451 4073
f 4014 6428 11087
f 1562 3661 5152
f 10838 6063 2327
f 9146 6471 10839
f 10922 7904 7722
f 10830 11411 4309
f 5848 6152 5849
f 9796 10840 5887
f 3809 6178 9724
f 5391 2937 3613
f 5396 1898 2855
f 1190 10835 2901
f 4547 11065 5878
f 10843 5933 3552
f 5933 10843 4869
f 5938 10844 481
f 10908 7883 7710
f 9728 7106 10809
f 5555 10847 5618
f 79 41 5906
f 7176 2128 6018
f 6018 6893 7176
f 11032 7176 6893
f 4272 11039 7892
f 9702 10848 836
f 10849 1556 1436
f 10850 4390 6372
f 3632 10815 6044
f 10564 4638 10827
f 2744 1693 4693
f 4698 10851 5468
f 10808 10522 6083
f 1089 2790 4307
f 10831 1836 5508
f 10852 2549 4761
f 10853 6184 2899
f 4331 10860 2826
f 10854 2821 5388
f 10832 5386 1110
f 10855 4853 10301
f 4785 10856 7086
f 6213 3480 10426
f 3844 10841 2610
f 10818 6177 3809
f 10538 10857 3930
f 3436 10794 9159
f 3438 460 6595
f 10858 8886 5911
f 6255 3575 1920
f 3864 10495 4841
f 10832 6192 5386
f 5879 10861 4333
f 4780 6278 2925
f 10844 4361 481
f 11340 7768 2926
f 10795 10053 10097
f 6286 10811 8547
f 5882 4879 1120
f 7129 10862 5943
f 10821 5974 10796
f 1978 10822 76
f 10413 5024 3067
f 3917 5444 10413
f 5601 5593 3915
f 1989 9206 7553
f 10863 7144 4327
f 1296 10865 6324
f 11047 6732 3520
f 11035 2819 4396
f 5452 212 5990
f 212 10867 6353
f 10868 3546 2631
f 3546 10868 10244
f 217 6361 570
f 6361 3959 570
f 6053 11161 6356
f 10810 6358 2918
f 2041 10869 8014
f 1939 6361 217
f 7180 10870 3963
f 7091 2593 6703
f 10872 9512 3975
f 4338 10872 3975
f 5000 5442 4636
f 10798 6007 604
f 5660 6372 9648
f 2677 10352 641
f 4642 1389 5444
f 3075 10875 7163
f 3080 673 2896
f 10876 2891 2745
f 1410 202 11134
f 8267 10877 8013
f 11150 10848 7893
f 9541 10878 4032
f 6455 10805 4038
f 6035 1442 3611
f 9965 1582 6415
f 10826 5103 4045
f 10880 2188 2186
f 6391 7176 6389
f 6439 2048 1557
f 5155 10838 8949
f 10987 3202 10056
f 7574 5166 5164
f 10882 6463 8034
f 10376 6676 950
f 10883 6466 4411
f 1672 4366 5181
f 4391 9634 10933
f 10885 378 9505
f 10886 1776 6476
f 6480 2518 10887
f 10887 7903 6480
f 8409 3297 2519
f 3297 8409 7198
f 6085 6484 4175
f 7207 11207 6490
f 10888 8320 9873
f 10889 10570 5488
f 7940 11237 6944
f 11237 4740 6944
f 10600 10891 10574
f 10575 3800 3799
f 5874 10860 4331
f 6600 527 2001
f 2946 173 6601
f 6606 10776 180
f 4712 10892 7809
f 10892 4490 3317
f 624 11057 2755
f 86 2750 2159
f 3618 2987 2185
f 10403 2490 8190
f 10893 4530 11515
f 10831 5508 8495
f 11340 4650 3895
f 4425 10863 4613
f 5638 7565 2821
f 10898 1584 2067
f 7772 7163 10875
f 6464 10876 2745
f 1526 11040 3645
f 10898 1673 2335
f 1780 7195 6857
f 8581 10900 9570
f 11161 6053 3165
f 2227 7378 10902
f 7378 2227 10625
f 7913 10903 4706
f 4300 1799 4299
f 7404 10904 7539
f 5203 10177 6478
f 8662 4532 2541
f 7631 7494 4728
f 6529 8529 10673
f 10501 10860 11157
f 4940 7007 10837
f 7179 9414 4075
f 6775 11283 5224
f 7274 10907 10715
f 8530 8769 9799
f 7717 2673 3856
f 7993 1864 2888
f 5567 4331 5568
f 2962 10908 5605
f 2973 4375 3491
f 11400 1927 5563
f 10635 9963 8309
f 10910 5760 9871
f 9871 7021 10910
f 5471 1790 6774
f 11064 3307 4484
f 2772 10892 3317
f 5771 7227 3312
f 6115 10912 10157
f 6941 7496 7634
f 9886 3361 8377
f 6152 5848 5845
f 10890 5845 5848
f 8501 7373 8381
f 7521 4547 2903
f 10914 5883 1881
f 5605 10908 7710
f 10908 6901 7883
f 3495 7775 2606
f 10915 6044 6042
f 6044 10915 6045
f 1485 10564 10827
f 10828 6058 4466
f 10681 6861 5762
f 11285 10916 8974
f 8974 10916 6493
f 10917 6493 10916
f 7234 4300 4299
f 7234 10918 5473
f 7485 10918 4302
f 4714 10918 7485
f 6114 7246 10627
f 10946 6113 2783
f 10893 11515 1829
f 7523 10919 7867
f 11260 7080 4778
f 10879 10811 4783
f 6286 8547 1879
f 6885 11460 5527
f 9131 5542 11280
f 8246 2917 1943
f 5579 7549 482
f 3519 9961 4935
f 10871 4652 5737
f 4899 10874 1985
f 4042 2657 2052
f 10880 3618 2185
f 768 9594 10625
f 10920 4108 7584
f 5158 6451 6452
f 7198 10922 3723
f 7904 10922 8409
f 7198 8409 10922
f 10910 7021 3731
f 6775 5224 8315
f 10983 1087 10628
f 5286 6941 7634
f 5288 11308 8185
f 6800 6524 8094
f 5310 10032 9189
f 7852 10926 5344
f 5499 8662 2541
f 6877 3784 3377
f 10927 6557 7336
f 7829 11070 9666
f 937 10929 330
f 6375 10477 7992
f 6383 4009 10059
f 11439 919 1004
f 8414 6114 10627
f 9404 11458 3557
f 8374 3330 5475
f 1509 4116 1995
f 4122 10884 1712
f 10929 938 1774
f 6871 10930 8279
f 11199 10931 8400
f 10933 9634 8314
f 11126 10934 9193
f 2324 4099 5146
f 8375 8374 10935
f 7738 8709 7737
f 5604 10195 2962
f 7624 3756 8474
f 7834 11071 7284
f 2746 10933 8314
f 10933 2746 9497
f 5604 2962 1991
f 1336 5167 6003
f 10838 1565 6063
f 10851 1776 5468
f 8932 7207 6490
f 5270 9266 4194
f 8810 6529 10673
f 10895 8048 1787
f 103 104 4236
f 1391 1270 6236
f 7032 10937 9262
f 10937 9611 9262
f 7251 9265 6784
f 10901 6784 9265
f 2681 5665 8948
f 3760 10930 6871
f 197 10876 8271
f 10940 8758 8070
f 7037 5775 7730
f 5495 9468 5498
f 10941 5378 4760
f 7249 9287 5258
f 10942 9821 6803
f 10944 7438 7340
f 8359 8690 11107
f 10903 7913 7805
f 602 103 4236
f 3192 5731 5159
f 9708 6090 6094
f 10928 6639 9666
f 7340 8667 10944
f 2545 10945 4532
f 2783 8877 10946
f 8290 10948 7517
f 10949 4235 9078
f 9239 4986 4987
f 2225 10932 3079
f 11060 6193 9727
f 10805 8565 5688
f 3332 11079 10923
f 10923 4191 3332
f 7489 10950 10627
f 10950 7489 10924
f 10906 4197 8605
f 7075 4759 7699
f 10683 8725 7046
f 7586 3192 5159
f 7413 9708 6094
f 6107 10911 6106
f 10952 4193 3754
f 3754 4189 10952
f 6119 10953 7830
f 8341 10968 6542
f 7845 10954 9486
f 4532 10945 2541
f 9239 4987 11462
f 10917 7028 6493
f 2789 7833 11216
f 2537 11216 7833
f 8987 7936 10969
f 3356 7937 10619
f 8445 10955 8727
f 10942 1091 9821
f 10936 5495 5498
f 10965 10956 9616
f 7950 7508 11068
f 7966 11111 9763
f 3799 7076 10575
f 6914 10958 5177
f 10848 10744 7893
f 7919 7608 4708
f 8797 10074 589
f 8320 10888 9409
f 5263 9613 8077
f 7041 6685 11093
f 8600 8740 9022
f 11096 5327 8815
f 10959 7317 8348
f 7333 9052 7321
f 8259 7333 7321
f 9477 9671 10183
f 8971 10947 9757
f 6832 7373 8501
f 8150 10960 8840
f 10949 3398 4235
f 11107 8498 8359
f 9094 8568 253
f 2844 4882 9116
f 3349 4502 5800
f 5572 6420 7119
f 5709 10812 4073
f 10961 8163 9828
f 2549 10852 1101
f 1223 10852 1104
f 11511 10931 4930
f 11449 10743 3123
f 4228 7355 9299
f 9245 8137 9058
f 3955 8204 6269
f 10953 4505 7830
f 10943 8653 7665
f 10963 7611 6777
f 7838 10964 10285
f 10929 937 2138
f 8109 10965 10296
f 10966 4314 3782
f 9224 6649 7439
f 7357 10702 7361
f 10716 10968 6957
f 10951 9884 6702
f 7645 10955 8445
f 8999 9071 9763
f 11107 8691 5867
f 9358 1748 3241
f 10802 3073 1517
f 834 3649 205
f 10837 6396 4579
f 6918 4618 9375
f 10834 7536 5549
f 11047 9389 10516
f 3326 4720 10014
f 5394 7090 7976
f 10969 7500 9169
f 7669 7322 9438
f 703 11033 2157
f 10909 3298 1081
f 8610 10649 6525
f 8739 5263 8077
f 10727 7624 8474
f 5432 4945 10729
f 1133 9522 9713
f 456 10982 4814
f 10857 10982 9525
f 11461 10970 4267
f 10970 11461 5445
f 10864 5551 8201
f 10135 3612 3112
f 3930 10857 9525
f 6043 10915 3159
f 9826 6832 7367
f 4862 9568 11075
f 5762 9676 10681
f 5995 6281 7122
f 763 768 10625
f 3361 11237 5300
f 9033 10968 10716
f 5284 7831 5286
f 10971 2322 2725
f 10973 1117 1318
f 3059 10972 11123
f 4843 3157 674
f 10973 5390 1117
f 9727 9714 11060
f 6518 6791 7272
f 10901 9585 4488
f 90 11281 6271
f 10888 9564 9409
f 10819 4827 7014
f 11060 8554 3540
f 10693 10944 10075
f 10944 8667 10112
f 7958 9459 1829
f 9690 10976 9243
f 7958 1829 8916
f 10976 8343 8536
f 8343 10976 7509
f 9710 4338 4600
f 6424 3992 5016
f 1548 715 11058
f 4196 3761 5271
f 10977 9672 8913
f 601 10482 3050
f 10809 9718 9728
f 8530 9799 6534
f 11142 4146 1536
f 5504 9892 10290
f 11112 9287 7249
f 10823 11035 4396
f 1208 10543 9981
f 10979 1856 10464
f 10919 3877 7867
f 4918 1263 9555
f 10990 9296 10967
f 11023 9840 815
f 1735 9855 2478
f 10053 10981 10984
f 10857 9865 10982
f 4895 10821 10796
f 1088 10983 10628
f 3424 7880 6916
f 10711 6714 6889
f 10938 8782 11088
f 2560 10896 9801
f 5429 5428 1292
f 10882 2744 4693
f 5577 11340 2926
f 10034 4851 4587
f 10896 1896 6216
f 10984 10981 3468
f 3565 10779 164
f 5310 9189 7840
f 10986 1951 5431
f 3211 2735 8511
f 10034 4587 8946
f 10981 4869 7120
f 9985 2336 239
f 9990 6375 7992
f 943 3263 2390
f 10986 10506 1951
f 513 10777 2108
f 2180 5093 10147
f 5422 10833 2852
f 9215 10939 9262
f 8042 3295 10523
f 5780 7622 8798
f 1674 1677 2421
f 2639 558 474
f 158 1314 1968
f 6107 7922 4494
f 10987 4442 3202
f 494 9086 10085
f 10097 10984 11144
f 6943 11070 10629
f 2061 5705 8870
f 6072 5459 5741
f 8388 10157 10912
f 934 1630 2276
f 454 7394 10710
f 2404 2159 9945
f 2113 10394 1495
f 10940 10179 8758
f 5203 6478 8039
f 6687 8388 10912
f 10806 10988 10207
f 10989 2690 6266
f 7742 10967 4744
f 10234 4410 10430
f 5562 11375 5408
f 1989 6217 10957
f 10251 4209 4513
f 3530 10845 9867
f 2541 10945 10990
f 8747 10990 8355
f 6016 3060 4661
f 494 10085 1470
f 8292 10855 9649
f 7052 10285 10964
f 3897 6031 10845
f 7053 4309 6131
f 10029 7053 6131
f 3897 10845 7124
f 807 81 579
f 10324 7328 9672
f 10980 7044 7262
f 10961 1583 2066
f 3844 3583 10841
f 6469 10961 9828
f 10987 4440 10755
f 5408 11375 4832
f 10991 318 365
f 2115 642 2116
f 1619 10763 798
f 10991 261 119
f 10801 10991 119
f 10350 2865 2864
f 1954 161 2055
f 140 4025 692
f 10779 1456 1455
f 10383 992 2431
f 578 10992 4123
f 992 11372 10412
f 10789 10764 139
f 10418 3815 2573
f 10426 5888 3833
f 4942 4329 3526
f 4474 1030 1732
f 3219 3221 2367
f 10992 578 4412
f 4144 1716 4022
f 10565 4474 1732
f 10497 9811 10905
f 11050 10905 9811
f 10450 2728 6034
f 10847 2621 2997
f 2863 10841 5906
f 11271 5924 3007
f 6077 992 10412
f 10820 10473 10464
f 6341 6266 4953
f 51 10859 6341
f 2924 8246 9860
f 10872 4338 9710
f 5040 4009 6385
f 5103 5108 5100
f 9568 7171 6420
f 6391 6389 4016
f 10971 3199 2322
f 9949 10450 2726
f 5168 10460 4132
f 6524 5275 11238
f 2826 10860 10501
f 1805 5476 1804
f 5874 1869 6262
f 10993 10524 7912
f 5103 5100 2187
f 7789 11087 5713
f 2001 6452 6451
f 7665 10719 5832
f 6383 10059 4005
f 10824 5465 11458
f 9532 10936 4740
f 6917 1385 9173
f 2826 5566 5568
f 10664 1336 6003
f 6115 7041 8877
f 8477 5270 4194
f 11450 10504 10486
f 10627 10950 8414
f 7980 10957 4801
f 4816 9555 5398
f 10959 9318 6525
f 8746 10959 8348
f 8999 9763 11111
f 1104 3404 4888
f 11099 9358 986
f 9644 5115 5705
f 6043 3159 5125
f 5284 5286 7634
f 2380 11023 815
f 3540 10868 3539
f 1333 1314 472
f 10923 5780 8798
f 10047 269 124
f 10629 11070 7829
f 2404 959 2159
f 3893 10149 11273
f 361 10806 883
f 9280 10256 8661
f 9082 10995 2920
f 1275 10996 663
f 549 11239 195
f 10996 11101 206
f 118 704 3683
f 733 10997 11003
f 651 10998 241
f 695 139 3169
f 10999 2259 1616
f 11000 693 1412
f 17 696 140
f 10998 1578 61
f 11001 639 11187
f 11000 2145 693
f 717 152 9623
f 11002 1456 734
f 11003 1458 1459
f 11004 240 4419
f 11004 1468 1348
f 1468 11004 4419
f 11227 2703 11229
f 829 690 2289
f 2148 11000 1412
f 4081 11006 1030
f 2315 6672 863
f 2343 2344 751
f 1478 1363 9097
f 8168 11007 2735
f 10999 1618 2259
f 10807 274 324
f 11227 2276 11249
f 11008 937 1635
f 11137 1718 2392
f 10392 11137 2392
f 1650 959 2405
f 10933 3701 4391
f 3265 2468 2397
f 959 10193 2158
f 4130 11009 1038
f 10996 2618 11101
f 1591 11011 2277
f 11012 9721 1009
f 2815 11014 5011
f 2343 1478 9097
f 2344 2345 2097
f 2364 11015 2365
f 3852 3507 10606
f 2694 8565 1438
f 11011 1591 2273
f 11013 1140 2950
f 453 9631 656
f 652 81 459
f 1990 1986 6313
f 10995 3933 527
f 11045 3872 841
f 2056 3042 586
f 11110 601 165
f 11014 2948 5011
f 1478 2343 751
f 10260 11020 3996
f 2277 11011 3681
f 11023 3681 11011
f 10161 10507 5133
f 3964 578 4123
f 11016 2305 3650
f 3177 1548 4082
f 2177 3102 11026
f 382 11006 1648
f 8216 624 2430
f 690 6474 4165
f 9116 1134 1224
f 6238 11027 6595
f 4770 5874 4331
f 11028 4923 461
f 5912 5619 4833
f 6248 5912 4833
f 1859 3420 1888
f 4932 536 4933
f 2694 1438 5392
f 4050 5614 3618
f 11029 9965 10825
f 4050 3618 3204
f 3239 5745 2061
f 935 11030 10117
f 3388 11031 7687
f 3495 7141 9654
f 6734 4621 9728
f 4594 11017 2915
f 3592 4271 5451
f 3592 5450 4271
f 11460 7093 5531
f 5890 2941 11446
f 4842 11102 4843
f 3867 4940 10837
f 11033 10853 4578
f 5566 11045 3542
f 1434 7549 4875
f 11034 7797 5180
f 7797 11034 10504
f 11446 1137 5890
f 8508 11035 4394
f 4247 4406 6706
f 10850 4933 536
f 1389 11036 5024
f 11024 10507 7790
f 11037 5611 4560
f 10590 3847 128
f 11177 128 3847
f 5513 11446 2941
f 5121 8752 3490
f 6330 4621 5559
f 5623 5559 4621
f 6051 10277 11040
f 11040 6054 3165
f 2323 11151 1333
f 9385 6067 11041
f 11025 3612 10135
f 10436 11074 5873
f 6213 3834 1885
f 4643 453 656
f 9865 10857 1158
f 3438 7394 11042
f 11043 272 3849
f 2888 4622 7993
f 11045 4855 3872
f 6420 11075 9568
f 11046 9132 9139
f 10097 4873 10795
f 1990 6313 10537
f 4945 5432 11274
f 9732 11048 4631
f 2039 4973 9866
f 11050 9400 2661
f 11167 9374 11183
f 197 2891 10876
f 4986 9239 4411
f 2180 5882 5689
f 5450 3592 5720
f 836 11150 3172
f 5190 3275 865
f 4090 6438 3654
f 11052 2330 5158
f 3666 7899 11053
f 11041 6067 5161
f 6043 5017 10561
f 4366 11034 5181
f 11030 935 11136
f 3297 8465 2519
f 5471 7604 6863
f 11054 4200 3767
f 7687 11031 4228
f 8051 4175 8755
f 11056 9434 7639
f 3938 4932 4933
f 6784 10901 5771
f 3808 1859 1888
f 11032 6893 4356
f 6193 11060 3539
f 5771 8251 11296
f 4714 5773 7037
f 4871 10503 11273
f 6058 11051 5460
f 5579 4650 11340
f 6727 11038 2974
f 11061 4029 4027
f 5203 10319 5205
f 11062 6819 9671
f 3495 9654 10601
f 5160 11063 2723
f 6095 8514 11064
f 6771 11064 8514
f 11067 4869 10843
f 5138 11032 1925
f 11065 2822 4772
f 6204 7091 7527
f 7125 7551 11261
f 6001 4984 3162
f 6414 8023 11049
f 3287 11347 8038
f 3723 3291 10607
f 5471 7911 7604
f 4204 8987 9169
f 5839 8353 7336
f 11067 1876 1320
f 1445 11021 1884
f 10275 11059 1790
f 9456 11068 6817
f 5567 4770 4331
f 11036 3579 5024
f 10043 10077 11052
f 7408 11052 10077
f 7903 10756 2766
f 10157 9768 6115
f 7828 11069 10953
f 11526 11069 6941
f 11072 4222 9222
f 3868 11370 5629
f 11120 2657 5441
f 10895 5205 7020
f 7027 10900 5762
f 3762 6116 11073
f 11070 3765 10928
f 7971 7521 2554
f 11076 6708 9546
f 1146 7137 5026
f 1155 6917 3583
f 3847 10590 9758
f 4392 1864 5872
f 1863 11074 4938
f 4578 11018 11033
f 1873 9172 1930
f 7544 11075 11236
f 6369 2844 5535
f 7880 3486 6712
f 7890 11076 4414
f 4090 11077 551
f 11053 7586 6450
f 6453 8853 11053
f 11053 7899 6453
f 3298 2516 9197
f 11078 8220 9286
f 11079 5250 10179
f 11098 9018 8595
f 11305 6638 9807
f 5800 4502 2789
f 9033 11081 8813
f 8094 10975 7653
f 11082 5836 4218
f 11082 8428 5836
f 8537 11083 7325
f 9443 7328 6557
f 5840 5842 6961
f 6652 7367 8501
f 11055 103 235
f 11076 9546 4414
f 685 9137 6275
f 400 74 9348
f 5276 10619 8988
f 2865 2860 1154
f 3888 11272 6667
f 11246 1453 596
f 3756 7628 8474
f 11086 6794 1089
f 11120 5441 6756
f 5003 4636 6369
f 2865 1154 5664
f 3766 9434 11056
f 5297 4206 5310
f 7067 8287 7389
f 8338 9289 6529
f 8531 8989 11417
f 11062 9671 9694
f 11090 5263 8418
f 6557 5839 7336
f 8898 7490 3342
f 5266 8478 4501
f 4200 11054 3356
f 11091 3356 11054
f 2801 8539 9340
f 11071 5807 7050
f 11092 8608 7835
f 10941 7373 11219
f 1804 8318 6103
f 8414 8898 3342
f 11308 10907 6684
f 8531 11417 7292
f 7325 11083 2797
f 3373 7325 2797
f 11089 5351 8778
f 10899 3734 7212
f 7243 8323 3324
f 6932 3752 5250
f 7926 11093 6114
f 2784 11094 10889
f 11094 10570 10889
f 8333 11095 8713
f 6532 11096 8110
f 11106 8716 9218
f 8925 9826 7519
f 3078 6388 5056
f 2266 4666 2267
f 11098 1680 10783
f 11100 9358 11099
f 8161 11101 5920
f 7243 5239 7236
f 7345 6880 5850
f 6390 9374 4014
f 11066 3603 5086
f 4509 9434 3766
f 5665 11103 2130
f 2800 5501 5841
f 11085 10661 8874
f 11093 6685 8760
f 9439 4189 9016
f 8987 10969 9169
f 11047 133 6732
f 8936 11106 9218
f 8552 11108 5962
f 11195 3354 8614
f 5851 9224 8431
f 8811 9328 5312
f 8155 10995 527
f 11003 10997 1458
f 3867 10837 4579
f 1223 6899 11168
f 7022 10895 1787
f 3524 9352 9643
f 7635 9974 5792
f 6999 516 518
f 11146 1748 9358
f 7496 11069 7828
f 5531 3830 11460
f 9032 8987 4204
f 4728 5792 5793
f 4749 5504 6151
f 11018 4848 2157
f 10346 9085 869
f 11005 4076 11220
f 2751 11480 832
f 11109 5926 11281
f 2864 4614 656
f 6414 11049 7467
f 11049 7574 9144
f 4635 11110 3979
f 3463 4863 9435
f 11102 9734 1521
f 9734 11102 11223
f 4182 8062 7249
f 7438 8746 9314
f 9652 3463 9435
f 9524 425 5870
f 3935 2004 11402
f 6001 3162 2652
f 7250 11112 6497
f 11226 2391 943
f 3098 9862 11109
f 5793 11080 8738
f 7283 8713 8088
f 11095 8088 8713
f 9833 1082 8050
f 10633 7880 6712
f 8688 11111 5864
f 431 10994 10015
f 9928 5536 8457
f 9931 7038 9238
f 5281 11114 8699
f 9934 3979 11110
f 11115 616 109
f 4442 11124 9195
f 11105 9968 4504
f 1266 6318 192
f 11116 10753 11226
f 9779 11226 10753
f 8511 11020 3211
f 6803 8195 10942
f 1674 1675 9706
f 4808 10005 10833
f 5135 10022 4459
f 4429 4459 10022
f 10021 11117 9201
f 9182 10022 5135
f 5520 11045 5566
f 10032 3362 8101
f 11114 5284 7497
f 11114 5281 5804
f 11002 1342 9940
f 3896 10057 5431
f 11118 8257 8963
f 9016 4189 9015
f 6043 10561 10757
f 11031 9459 4228
f 11030 2135 10765
f 11117 1103 10017
f 1292 11370 3868
f 11370 7776 6909
f 10170 3297 11290
f 3297 10170 10974
f 10208 10104 7784
f 6258 10201 7989
f 2405 959 2158
f 7408 5157 11052
f 10172 11117 10017
f 9079 2146 830
f 11212 6791 395
f 9972 7357 7359
f 11162 1641 10192
f 8963 10761 5323
f 10260 10281 11020
f 11127 11020 10281
f 11040 10277 2045
f 8154 11097 10257
f 11113 9813 9917
f 9984 11120 7377
f 11120 10273 2657
f 10275 1790 5471
f 7053 10830 4309
f 9941 11129 4416
f 10755 11125 11124
f 3844 1155 3583
f 7506 6806 7053
f 1735 1746 389
f 10368 11058 342
f 874 1469 744
f 11122 834 46
f 10402 1735 389
f 729 6751 4052
f 2267 11022 11084
f 10444 5053 9955
f 1692 2434 992
f 11252 11251 2487
f 11044 4622 10429
f 990 10769 880
f 11123 2094 3060
f 10504 4366 2592
f 11029 11124 11125
f 5391 1120 3978
f 4938 11074 10436
f 9865 1158 1162
f 4909 10846 5606
f 11035 10823 4394
f 5391 3978 2937
f 10551 11103 6391
f 11124 11029 8172
f 5262 11073 6116
f 10561 4477 9497
f 6204 7527 7977
f 11273 10503 2925
f 5914 4834 6985
f 7027 5762 6861
f 5558 11074 6375
f 11216 5800 2789
f 6652 8501 10580
f 271 6233 931
f 5276 8988 5806
f 10178 11221 6098
f 5488 11086 11073
f 11086 5488 6794
f 8767 2537 7833
f 11194 5473 8273
f 11308 6684 4500
f 6497 11112 5218
f 10570 8081 1810
f 6532 8110 7644
f 10649 7317 10959
f 11103 5665 2128
f 4749 6151 7744
f 11220 831 11005
f 11480 2751 11142
f 11109 11281 3956
f 9945 11137 10392
f 6269 11126 3955
f 11126 10094 3955
f 963 11009 221
f 11009 963 11121
f 10449 3181 2048
f 3105 9867 10845
f 231 798 265
f 2297 11006 4081
f 11236 4857 7544
f 11087 6428 5713
f 11039 11265 7892
f 2819 1302 4396
f 8268 11377 11368
f 11057 2754 2755
f 5771 10901 4488
f 6199 11067 10843
f 11523 2491 1747
f 3312 7227 2770
f 11070 10928 9666
f 8799 10783 2424
f 1391 6236 13
f 10575 7076 9171
f 10783 9018 11098
f 7041 11093 7926
f 11101 3852 5920
f 7665 8653 10719
f 7635 5792 6688
f 5612 11469 5611
f 7367 6832 8501
f 4862 11075 7544
f 11281 6270 6271
f 10022 11284 4429
f 10032 8101 6644
f 558 10797 474
f 934 2276 11229
f 5629 11370 6909
f 11044 6258 7989
f 10275 5471 5214
f 5100 5108 6069
f 11238 5275 10983
f 10649 10959 6525
f 11125 1582 9965
f 10175 10149 3893
f 266 102 652
f 635 11127 890
f 11128 200 11005
f 289 11129 730
f 260 11130 254
f 11128 17 200
f 348 8190 97
f 1682 746 2425
f 2429 11131 2495
f 1686 1587 1478
f 10345 11132 1553
f 11133 447 69
f 9938 141 831
f 1958 11330 10210
f 579 11141 10449
f 266 652 3071
f 2148 11134 202
f 2386 11135 1431
f 300 1346 10381
f 11130 118 9852
f 11130 9080 118
f 5101 1578 231
f 7192 3225 11162
f 11132 96 1553
f 11138 2445 10224
f 2415 11140 973
f 2171 3177 2308
f 1725 2467 1538
f 3371 10190 7345
f 11143 725 5702
f 10349 6175 1859
f 2927 11144 9981
f 11145 1887 6290
f 1349 11146 11100
f 11146 1349 10419
f 2996 11148 5562
f 5123 3127 5121
f 2174 11154 717
f 11151 5724 3641
f 11140 2415 8178
f 11220 9788 46
f 4185 11221 9518
f 11154 349 717
f 5651 4650 482
f 4479 11155 4142
f 11156 2878 10298
f 6248 4833 3854
f 11157 10659 4849
f 11158 3888 6667
f 11144 9161 10097
f 11160 4463 3172
f 3020 4970 5440
f 5671 5061 6394
f 1409 11134 2148
f 3896 7579 6283
f 11161 6054 2684
f 11116 7192 11162
f 4884 5743 8566
f 5143 11122 46
f 2965 9114 10434
f 4380 5599 4904
f 11215 5612 7561
f 5623 11165 11199
f 4967 11166 1312
f 2588 3020 5440
f 11167 10214 5666
f 2328 8462 6447
f 4765 11168 5585
f 11186 9344 425
f 4326 6295 11257
f 11156 2567 4244
f 4841 3862 3864
f 6846 11169 3827
f 5957 4908 10846
f 11147 4915 2982
f 11170 5924 11271
f 5896 11171 4266
f 11171 1377 4266
f 5563 4429 675
f 11284 675 4429
f 4279 11430 2056
f 11172 278 4428
f 11173 7506 10029
f 6193 3824 10529
f 11174 7130 11289
f 10021 4794 1103
f 4606 2965 10434
f 4817 11320 9865
f 7759 11176 5424
f 11177 6237 6718
f 5559 11164 6330
f 4429 5563 1927
f 11158 4409 2917
f 11145 5535 11175
f 5535 11145 4881
f 1857 4368 3905
f 6999 11206 3493
f 11038 7558 2974
f 6259 11179 5620
f 11407 11179 10429
f 11179 11407 5620
f 10736 10809 2886
f 5981 4623 11395
f 11180 3940 11383
f 4950 11160 11150
f 11160 4950 3532
f 4958 9172 2637
f 6741 11181 9962
f 11181 6741 9537
f 11275 3413 11342
f 4981 5651 482
f 8017 11182 2051
f 11182 6204 3829
f 7574 11049 8023
f 9374 6390 11183
f 5051 7166 5053
f 2328 6447 5729
f 11184 5744 3239
f 7017 3721 3287
f 3371 7345 5843
f 10493 7529 11163
f 883 11127 10281
f 11185 1792 6772
f 5531 7093 11186
f 4861 9521 473
f 2917 8296 11158
f 6276 11158 8296
f 7785 9179 6720
f 1878 11188 1342
f 4481 3721 7017
f 3734 10899 8182
f 1197 4857 4359
f 7220 4485 8855
f 7457 6658 3879
f 11177 4825 128
f 10455 11184 7409
f 11190 1039 1660
f 6680 11192 4181
f 6823 7514 3786
f 9875 7187 8842
f 11191 5199 3285
f 2874 11042 7394
f 4845 4846 1185
f 8465 11059 10275
f 11194 7489 3329
f 11195 2533 5802
f 7671 11196 9443
f 11197 1112 5389
f 5926 1936 6270
f 6658 6270 1936
f 11198 2875 8786
f 3514 10471 10546
f 9875 8842 1569
f 11194 8977 9441
f 11482 11350 5387
f 425 9524 11186
f 4826 11177 6718
f 2606 5599 3495
f 5623 11199 3519
f 10039 11443 11484
f 11143 4050 3616
f 5200 6859 3718
f 7025 8055 6771
f 11201 9584 5236
f 8075 11202 7729
f 11203 5282 7495
f 7311 6819 8715
f 6963 1825 6145
f 11127 635 3211
f 4642 4645 8270
f 3417 4794 6206
f 11166 8301 1312
f 11305 11204 5799
f 11153 4198 11203
f 5282 11203 4198
f 11259 10428 2856
f 11185 8466 1792
f 461 11156 4244
f 8369 11171 1146
f 8524 8677 9291
f 3840 2852 10005
f 11181 9137 100
f 4614 11206 10362
f 1415 9361 5450
f 1415 5450 11039
f 11207 7022 2521
f 11131 6791 8224
f 11195 7499 2533
f 8622 6801 11208
f 4746 11209 7666
f 3329 8977 11194
f 11182 3038 6204
f 11172 3139 278
f 11211 8225 5272
f 11212 6120 7272
f 7671 9443 9295
f 5346 8715 11062
f 3739 7605 5221
f 9899 8392 7316
f 4541 11193 7447
f 5806 8225 5276
f 11208 6801 8809
f 11196 8913 9443
f 8937 9977 8444
f 6151 11214 9335
f 11278 9335 2800
f 11214 2800 9335
f 2914 5574 3463
f 7245 11210 5782
f 4729 3347 9752
f 6565 8867 6652
f 11198 11215 6981
f 8524 9291 4207
f 9188 11216 2537
f 6125 11217 6121
f 11202 9665 7729
f 2495 11131 8224
f 9604 8084 6793
f 11208 8807 8622
f 11209 6816 7666
f 7311 8715 8127
f 11218 5353 8231
f 8139 9966 10723
f 8670 8139 10723
f 4537 1835 9068
f 9938 11220 46
f 1139 9121 6298
f 1138 1139 6298
f 4930 11165 6734
f 11184 5185 7409
f 5572 11236 11075
f 5000 4636 11377
f 9130 1904 1261
f 11189 7583 6454
f 9251 7493 5264
f 9229 11206 4614
f 9938 831 11220
f 5510 10652 8837
f 8500 10257 11097
f 8539 8134 9340
f 2596 1223 1129
f 11211 7633 7636
f 7281 6133 4308
f 11232 11183 6390
f 1223 2596 1101
f 1617 355 10767
f 1141 11013 68
f 4642 8270 8559
f 11186 7970 5531
f 11222 6891 5558
f 5847 11205 11298
f 11168 5512 5585
f 11223 10033 10063
f 11197 6705 1112
f 3761 8522 5271
f 9545 7892 8507
f 11319 400 9348
f 3176 2308 4083
f 3176 4083 9846
f 2691 5988 3598
f 9877 11225 5840
f 9293 11307 3374
f 8926 11279 7446
f 9899 7316 9824
f 9896 9167 8482
f 10710 6981 11215
f 3887 11484 3021
f 1115 3021 11484
f 9242 9189 10032
f 62 729 2055
f 11226 2390 11116
f 1718 11137 2464
f 5562 11148 10030
f 10032 5310 3362
f 11228 11114 5804
f 890 11127 883
f 8251 3312 3311
f 8410 10132 4298
f 11136 10116 1437
f 11231 10261 10215
f 1871 5988 3953
f 5988 1871 11350
f 395 2339 877
f 8465 10275 2767
f 11233 2430 1687
f 11233 8216 2430
f 11140 2315 2412
f 7827 5261 10248
f 11213 5202 10319
f 11234 7003 9239
f 5202 3301 10319
f 11132 10345 347
f 992 10383 11372
f 11146 10419 11242
f 10441 11143 5702
f 2377 11149 927
f 2176 2166 11154
f 11148 5912 11338
f 4973 10530 1876
f 11224 1280 8384
f 1829 3388 10893
f 10164 11187 2112
f 9532 9748 5495
f 2894 10477 3857
f 10710 11215 7561
f 1810 11095 10570
f 11219 8884 11472
f 8074 11479 6508
f 3928 9130 1261
f 9518 11221 10660
f 9514 10994 540
f 6369 4636 10472
f 9532 11237 3361
f 11199 9961 3519
f 10085 32 1470
f 4416 297 9941
f 874 1617 797
f 1686 1478 751
f 161 62 2055
f 10456 2478 3272
f 10785 11227 10407
f 10807 3253 9782
f 11119 4908 5957
f 10794 3436 6232
f 10220 4831 4835
f 2823 4548 2824
f 6269 8204 3455
f 2002 9162 3935
f 1410 11134 9079
f 8190 2490 97
f 4834 7785 6720
f 3734 8182 3309
f 7571 11276 6001
f 7950 11068 9456
f 10931 11199 11165
f 4945 3817 10729
f 2824 4548 4774
f 1735 2478 2473
f 11294 10208 11375
f 7115 6270 6658
f 9896 7827 10248
f 873 874 797
f 2864 2865 9624
f 9865 11320 10982
f 6524 11238 11217
f 6369 10472 4882
f 9356 10807 9782
f 11239 549 2124
f 241 10998 61
f 11001 11187 2113
f 11227 11229 2276
f 687 11139 3169
f 11117 10021 1103
f 7574 8023 5166
f 11167 11183 4015
f 5051 5053 10444
f 4359 11236 7766
f 4871 11273 10149
f 11191 3281 6859
f 7457 3879 4862
f 1320 1876 1319
f 2874 7394 454
f 6369 5535 5003
f 11191 6859 6625
f 596 1453 11003
f 5346 11062 8832
f 5572 11075 6420
f 3761 9251 5264
f 8614 3354 9434
f 11292 9896 8482
f 10021 9201 2839
f 11251 11010 2487
f 179 10164 2112
f 10933 9497 4477
f 11314 10561 9497
f 10220 4835 1917
f 11217 11238 1088
f 10983 1088 11238
f 6928 854 2309
f 591 11240 62
f 240 11241 726
f 266 800 5147
f 1481 3135 3630
f 11241 240 2256
f 1632 11136 935
f 1685 3675 1686
f 1685 1686 1684
f 1957 11243 106
f 1172 11244 10774
f 467 11245 1287
f 5110 4416 11246
f 11242 745 1682
f 11331 2088 9834
f 11245 467 132
f 1346 300 11378
f 2237 3634 1486
f 11256 4035 1550
f 2127 11247 69
f 11247 4093 69
f 1707 2371 2369
f 11248 10782 10398
f 11252 2473 11251
f 11251 2478 11010
f 6020 11253 2134
f 2171 3175 10799
f 11248 2447 2369
f 2447 11248 10398
f 2088 11331 3420
f 11255 621 1142
f 11255 1141 621
f 11267 5919 5920
f 6336 4828 3946
f 1550 2171 11256
f 2179 11300 2694
f 324 4071 10807
f 11016 11256 10799
f 2171 10799 11256
f 10411 956 1729
f 2564 4242 10502
f 11243 1957 2930
f 11257 2813 2814
f 3532 11258 11160
f 2369 2447 4119
f 11496 8181 8697
f 4794 10021 6655
f 4326 5513 6899
f 1147 11259 2611
f 11260 11268 11401
f 5454 11262 6850
f 11264 7872 7992
f 9126 1449 5700
f 8267 11265 10877
f 11312 11266 3440
f 5062 9395 1182
f 3449 11267 4845
f 11268 3018 2034
f 11262 3953 2691
f 11293 4556 424
f 11289 4786 7869
f 3486 11270 5893
f 3845 2564 453
f 11264 9591 3861
f 1180 11264 3861
f 4845 11267 7988
f 11271 4850 4852
f 8001 11272 3892
f 3875 4966 5992
f 11275 1116 5576
f 10870 11276 3963
f 11277 9909 9628
f 11276 7570 3963
f 1415 5721 5066
f 2176 2174 10379
f 5728 2326 6445
f 5343 11278 7851
f 11279 4541 4234
f 6382 5032 5445
f 6683 4719 7924
f 1905 11280 5542
f 3919 7138 4380
f 2908 563 473
f 11282 6430 11232
f 4167 6473 4296
f 11283 8410 7607
f 3735 11285 4703
f 6713 5537 4803
f 2926 7768 3891
f 6085 7020 3301
f 11364 10667 11307
f 2564 10502 9002
f 4315 4750 7388
f 7759 11259 1147
f 2926 3891 7876
f 6754 2331 7583
f 11287 7012 6853
f 3287 5759 6766
f 4536 11288 7515
f 3455 11376 6269
f 11174 11289 10914
f 11269 3012 3594
f 4727 11292 5279
f 8487 5822 3367
f 9201 11293 424
f 7987 3847 6230
f 9910 1292 3819
f 7162 11294 7991
f 87 11496 6473
f 11290 6082 1982
f 300 11098 8595
f 6686 11297 4305
f 7832 8613 9188
f 9188 11411 7832
f 11298 8139 7855
f 1481 3630 3631
f 8261 6991 1112
f 11299 10142 10298
f 6462 4937 5189
f 11300 5688 8565
f 3747 8220 7381
f 11273 6278 3893
f 5548 9126 5700
f 11298 7675 8139
f 8483 8714 5812
f 5784 8981 7820
f 11287 6920 7012
f 5357 8828 8841
f 11302 5221 10132
f 4517 8816 10680
f 8728 7658 5332
f 11301 8705 7239
f 3339 7822 8937
f 11278 5841 7851
f 11291 8276 2529
f 7726 11085 4715
f 8723 2779 3760
f 11295 8044 5200
f 6110 8317 8791
f 11306 8073 6507
f 8074 306 11479
f 11297 6687 4305
f 11297 7735 9752
f 11305 5787 8858
f 11307 9925 11364
f 10907 11308 5288
f 8815 5827 7664
f 6824 9225 8145
f 8821 5346 9341
f 11279 8926 11193
f 239 11310 169
f 11310 9087 169
f 300 10381 11098
f 11286 9759 7127
f 11311 3625 3241
f 11293 10172 10258
f 8041 5194 5197
f 1819 8487 3367
f 9196 5123 11277
f 9909 11277 5123
f 7017 1782 4166
f 9361 1415 5066
f 10963 7726 4715
f 9272 8524 9241
f 11282 7175 6430
f 11296 8251 7618
f 11312 3439 9130
f 8525 9272 9241
f 8061 6090 3734
f 5062 1182 10866
f 5378 10941 11219
f 11313 2717 5683
f 9064 7070 7688
f 1846 1768 9360
f 656 4343 2864
f 11243 9706 106
f 1803 9722 4491
f 11280 2883 9711
f 11309 6968 9064
f 5080 11262 2691
f 11315 7571 9405
f 11418 9899 5342
f 11304 9893 9877
f 1803 11316 9722
f 11316 3743 9722
f 11106 9925 11307
f 8866 9922 11474
f 5091 5688 11300
f 11302 9563 3739
f 5221 11302 3739
f 2678 4642 5444
f 2852 6311 9173
f 1538 11317 2244
f 6848 5442 5000
f 6848 11261 2936
f 886 2237 1486
f 10174 11318 10065
f 11318 4854 10065
f 9892 10925 7668
f 11250 10394 2113
f 11306 11316 8073
f 157 579 10449
f 10214 5049 6017
f 8837 7362 5510
f 7511 9892 4749
f 279 10045 283
f 279 283 16
f 2056 11430 3042
f 11241 241 727
f 10328 4025 11486
f 696 694 11486
f 11338 11294 10030
f 11271 10859 4850
f 11284 3587 2134
f 8160 11263 11451
f 11320 4814 10982
f 11254 6623 10383
f 9197 2516 3290
f 10646 6545 6804
f 4541 10654 7967
f 8276 8981 2529
f 2227 10194 9184
f 2839 6655 10021
f 2048 157 10449
f 6233 10794 6232
f 7192 2390 10212
f 9131 11280 2874
f 7987 6230 5398
f 11472 5378 11219
f 7192 10212 944
f 11227 11249 815
f 11275 1115 11501
f 5771 11296 6784
f 2903 4856 11482
f 5171 11431 11432
f 3324 5239 7243
f 4270 5171 11432
f 11096 8815 7664
f 5671 9143 9838
f 679 5671 9838
f 8936 9925 11106
f 11168 6899 5512
f 11281 5926 6270
f 11418 5342 8229
f 11129 11246 4416
f 2678 5444 1984
f 9938 834 203
f 355 874 744
f 5519 469 2824
f 9938 203 141
f 2179 2694 10420
f 11398 3866 11263
f 11289 7130 4277
f 3845 453 4268
f 11320 10662 4814
f 7759 5424 4819
f 56 3721 4481
f 4541 11279 11193
f 5199 5751 3285
f 7017 3287 6766
f 6473 11496 4296
f 2134 545 11284
f 7447 11193 8867
f 11176 1147 2612
f 10512 11176 3427
f 11314 10882 9806
f 11178 11312 9130
f 9242 10032 6644
f 7511 4749 9246
f 11472 8884 5866
f 1803 8073 11316
f 6233 6232 659
f 2823 2824 469
f 2002 3935 1276
f 11144 10984 1208
f 5879 6269 11376
f 5003 5535 4881
f 6084 4173 11322
f 6928 2309 7213
f 1031 2409 9357
f 3035 605 11323
f 1287 1394 814
f 11324 209 48
f 8203 1287 814
f 9623 11327 717
f 11328 775 4064
f 11323 605 807
f 694 702 11434
f 2174 11327 1554
f 11327 2174 717
f 11328 1488 775
f 2470 1027 1731
f 2663 5009 170
f 3995 2710 1474
f 11329 2462 10421
f 11330 2591 2934
f 6439 11323 157
f 11336 3845 10427
f 4819 2570 4820
f 11332 6848 2936
f 2105 11333 631
f 3106 7169 2179
f 11328 771 2237
f 324 11326 4070
f 10417 1768 2439
f 5981 4261 4262
f 9428 7212 10568
f 11335 3818 6894
f 5892 4805 4804
f 8550 3846 11336
f 2663 170 608
f 5382 1849 1048
f 5156 10920 7584
f 11159 4240 10896
f 2564 11336 4242
f 4242 11336 3846
f 7534 4917 5550
f 657 11337 11461
f 11257 2814 4326
f 5897 451 6904
f 2642 6659 4415
f 5484 3759 5787
f 11335 6339 3818
f 11338 6248 3444
f 1289 4356 2711
f 2010 11339 9793
f 4246 10860 5874
f 5412 2581 10100
f 11340 5577 5579
f 3923 3840 10005
f 7534 5550 4382
f 4925 4271 9361
f 5036 6382 11337
f 544 8303 467
f 7119 6420 10881
f 866 4465 4092
f 3853 8573 5154
f 6894 11344 11335
f 11344 6894 5565
f 7082 3876 6196
f 436 6196 3876
f 6683 5484 5787
f 11347 5196 1780
f 7419 7618 3325
f 9287 8803 11348
f 7897 5156 7584
f 7766 5572 11433
f 11346 2016 2002
f 4721 5783 11405
f 7657 8105 8487
f 11408 9553 11433
f 7477 11509 2616
f 11349 7725 1794
f 11357 7726 11521
f 7919 6100 7608
f 3876 7082 3461
f 2673 11351 3856
f 3880 2908 10541
f 10670 8512 10489
f 7195 11352 3716
f 5757 6679 6086
f 11353 390 3299
f 11349 3318 7725
f 11405 5783 2529
f 6148 8284 6146
f 7330 6814 7673
f 8136 5347 8970
f 351 8178 11353
f 4221 10720 11418
f 5022 514 3065
f 6908 11358 5062
f 11405 7818 4721
f 4309 11411 11230
f 11356 10654 8498
f 1289 2711 4261
f 11358 4393 5062
f 7119 10881 11408
f 5292 11355 4196
f 8178 2415 11353
f 11378 300 6514
f 5345 11359 7337
f 11360 7422 3757
f 8376 9017 9481
f 11354 8413 5250
f 10687 11524 6507
f 5258 11348 9925
f 5856 11362 9693
f 9068 11362 7070
f 8937 7737 8935
f 10691 7342 8828
f 6965 5851 9411
f 11363 9458 8393
f 8687 1835 8436
f 9007 6501 8319
f 9264 8073 8594
f 11364 9761 9302
f 7673 6814 9190
f 11361 3381 9260
f 11362 9686 7070
f 11356 8358 10654
f 1729 1648 11006
f 11409 7295 7646
f 10661 11357 8361
f 11365 4550 5992
f 4744 11374 8728
f 5486 5350 5349
f 4819 4820 7759
f 5326 11367 8490
f 2258 1618 10999
f 10088 11345 4610
f 11345 7775 1245
f 10108 6554 8821
f 1798 1084 4709
f 9663 6753 6754
f 55 556 291
f 11247 2127 622
f 9404 1435 5086
f 11368 4881 600
f 11363 8776 9458
f 9368 11331 9834
f 10024 11344 5565
f 4019 6608 6736
f 10105 9563 10760
f 11368 5003 4881
f 11364 8803 9761
f 11348 8803 11364
f 11369 4645 2678
f 4641 11369 11334
f 11369 4641 3584
f 9193 11365 10094
f 3325 9165 3324
f 10176 11365 4966
f 9007 8319 9306
f 9186 10194 4681
f 10194 10902 4681
f 1786 7480 10238
f 1523 11371 3865
f 3325 3324 7419
f 6163 6977 4325
f 7561 5897 6904
f 11321 11434 10333
f 5617 11402 3511
f 4011 6041 748
f 1241 3492 2606
f 866 4092 5146
f 10682 5484 6683
f 4246 5874 6262
f 11358 9592 5916
f 5378 9772 4760
f 6653 6965 9411
f 11367 3371 8490
f 9184 1595 5739
f 9660 11374 9296
f 2297 1729 11006
f 5382 1048 415
f 2625 5971 11402
f 11159 10896 2560
f 11374 10967 9296
f 6306 2574 3856
f 11371 1523 5051
f 10383 2431 11254
f 11376 3455 3876
f 11347 1780 8038
f 11417 8989 7941
f 11402 2004 2625
f 9875 7720 9882
f 11377 5003 11368
f 5003 11377 4636
f 3721 11347 3287
f 6175 2088 1859
f 6394 5061 6393
f 11341 11163 6713
f 11275 11342 1115
f 10953 11069 8808
f 6824 10621 6820
f 11350 6979 5387
f 9264 8594 6786
f 6006 11377 8268
f 355 916 10767
f 6979 11350 1871
f 3362 5310 9410
f 11129 233 595
f 6824 6820 3382
f 5171 6464 2745
f 5530 11485 3414
f 11294 11375 10030
f 5171 2745 5467
f 1346 11378 2068
f 2068 11378 236
f 2371 11248 2369
f 11331 1889 3420
f 9800 5981 4262
f 5036 11337 6377
f 1287 544 467
f 11352 96 3716
f 5784 7820 3335
f 236 11378 8599
f 7422 8376 9481
f 3339 8937 8935
f 9476 9464 11355
f 3629 11373 625
f 11345 1241 2606
f 5156 9875 9882
f 5519 2824 4774
f 11398 11263 3005
f 11525 11475 9833
f 6084 11322 6484
f 962 2409 1031
f 10281 1594 361
f 2614 127 373
f 11381 2318 525
f 11381 521 866
f 11383 1289 11180
f 886 1488 11328
f 9559 11384 2258
f 2237 886 11328
f 648 11384 1832
f 11254 2431 11385
f 1027 2470 2162
f 11386 2482 2385
f 2496 11387 1749
f 2547 10339 3400
f 2547 3400 2497
f 1355 11388 3420
f 2944 11388 2943
f 3420 11388 1888
f 11385 1590 11254
f 3245 11385 2433
f 581 3039 4792
f 11391 4622 6597
f 3173 4964 6350
f 11389 830 3085
f 1027 2162 410
f 11379 7181 11392
f 11381 2319 2318
f 2258 11384 5027
f 11390 5027 11384
f 11385 2431 2434
f 3705 1015 407
f 11394 4850 5412
f 11180 11395 3526
f 2333 11414 10563
f 1908 5550 9765
f 11397 5590 1236
f 11406 1241 11345
f 9476 6946 7286
f 10303 11399 10492
f 1166 3498 2856
f 8000 1672 5181
f 5612 5611 11037
f 11394 5412 1307
f 3050 11380 9368
f 2813 11257 6294
f 7135 4607 2959
f 4347 3503 5543
f 11402 5971 3511
f 3173 6350 3884
f 11403 3995 3627
f 3995 11403 9869
f 6387 672 5054
f 5124 4010 4011
f 821 9673 6282
f 3775 11404 3369
f 6086 6679 4704
f 5784 11405 8981
f 6308 11406 7139
f 7139 11406 10088
f 11407 7881 8752
f 11383 1290 468
f 4028 4027 4029
f 10881 3044 10743
f 11449 11408 10743
f 9885 11410 5232
f 11421 5484 10682
f 5324 8814 6872
f 6598 473 9521
f 6945 9476 7286
f 11412 7871 11351
f 6086 4704 7480
f 11413 6492 8044
f 1084 6586 4709
f 11404 7952 8284
f 1332 7178 7568
f 6023 11393 698
f 5464 11414 10921
f 10323 11415 7199
f 4167 6088 7199
f 8050 10899 3732
f 11413 8952 6492
f 7492 11416 8901
f 4221 11418 10076
f 6008 2668 4799
f 8203 4270 6388
f 11419 7480 4704
f 10687 11420 5259
f 11424 6554 9034
f 9895 11421 8723
f 10942 8195 8618
f 11421 9895 3759
f 8677 9487 10689
f 6984 7871 11412
f 11423 9285 10204
f 6831 5865 6830
f 8145 9120 6824
f 11420 6507 9264
f 9204 4852 11394
f 10199 9185 7587
f 9099 1916 6446
f 9743 11422 5352
f 6008 4799 2667
f 11418 8229 10076
f 9323 8677 10689
f 11424 8715 5346
f 8715 11424 8127
f 5933 11396 3466
f 8790 6864 7217
f 6786 11420 9264
f 8032 3196 6753
f 5736 4469 1573
f 3344 9657 1807
f 9841 3705 407
f 10489 11414 10670
f 2021 6339 5516
f 11426 7676 5349
f 11427 11368 600
f 10817 11425 4611
f 10024 11398 11344
f 2714 4281 3166
f 11409 1610 10749
f 11428 6766 5759
f 11423 9004 9309
f 9004 11423 9090
f 11429 3039 11448
f 11429 4792 3039
f 11426 8716 9091
f 10781 11282 5054
f 5759 10031 11428
f 10289 6163 5510
f 9091 6822 9280
f 1594 10281 10260
f 587 11430 8307
f 11399 5511 10492
f 2537 3359 11230
f 2548 11382 11442
f 9995 2352 10226
f 921 4120 10389
f 3058 4933 748
f 11163 9928 10493
f 5438 11401 10481
f 11483 4908 11119
f 1824 11404 8284
f 6191 11157 4246
f 11417 7941 10673
f 6508 10750 5776
f 3299 7800 11353
f 11428 4173 6766
f 10921 11414 2333
f 5465 5685 11458
f 3557 11458 5685
f 10178 8790 7217
f 1536 4146 10415
f 10942 8618 10240
f 3058 748 6041
f 3603 11458 9404
f 4622 11044 7993
f 6509 4497 8376
f 11024 11400 4019
f 11333 3212 2704
f 11119 10505 11483
f 3721 2491 11523
f 8591 6509 8376
f 11430 3620 8307
f 11395 4623 4942
f 11383 3940 1290
f 544 8203 6388
f 8444 9977 10649
f 9922 3384 8231
f 3526 11395 4942
f 10328 11321 11139
f 2813 1225 2814
f 11479 306 752
f 7169 7168 5091
f 11426 9091 9337
f 10289 5510 7362
f 10051 11263 8160
f 1469 874 873
f 11275 11501 1116
f 11431 5448 11432
f 5056 11432 5448
f 6388 11432 5056
f 3965 4992 11485
f 11004 1469 873
f 10328 11139 2143
f 131 11245 11325
f 11433 5572 7119
f 11433 9553 6897
f 7119 11408 11433
f 11415 4167 7199
f 11411 9188 11230
f 10786 423 1076
f 5086 1435 10269
f 9323 9091 9280
f 11434 11321 694
f 11422 9922 8231
f 4774 4548 435
f 7766 11433 6897
f 8808 11526 7049
f 11475 11428 9833
f 4173 11475 11322
f 3726 11322 11525
f 251 3062 628
f 1980 11435 25
f 466 1183 2126
f 1394 11437 9835
f 1029 1731 1027
f 11436 1175 2125
f 11438 4111 1363
f 11319 633 11441
f 11440 11441 633
f 1286 11481 10781
f 2413 348 973
f 4057 987 8180
f 1029 1027 2469
f 1845 2548 11442
f 11442 2547 10081
f 11437 1394 11245
f 1116 11443 5650
f 9783 6008 4420
f 11444 2560 5948
f 6437 1934 3173
f 1954 2055 2189
f 2093 4057 11014
f 11454 5707 2210
f 6437 3173 9367
f 11445 2413 1659
f 11463 4165 6474
f 11454 2210 3076
f 1021 3161 2460
f 11447 6267 6437
f 11447 9117 6267
f 11448 6416 7157
f 6232 3436 2571
f 3123 11503 11449
f 3200 5463 722
f 11451 4767 1915
f 11443 6835 10286
f 4767 11451 6260
f 8506 11425 3925
f 4917 11452 10141
f 11453 3938 3058
f 9751 6282 9740
f 11453 4931 3938
f 11455 7149 9425
f 2018 3093 5679
f 6444 9835 11437
f 6444 11437 4102
f 131 4102 11437
f 2412 2416 1658
f 6086 4701 5757
f 7232 11465 8790
f 7421 11210 3340
f 11511 4930 5016
f 11456 7177 2714
f 4057 8180 11014
f 9687 11466 11361
f 2617 3932 1273
f 11520 1273 3932
f 8000 11457 3045
f 6229 7985 7535
f 10508 11456 4667
f 3780 3369 11404
f 11458 3603 10824
f 5415 11459 2582
f 8483 4306 5291
f 11462 7572 10578
f 11462 4987 7572
f 11464 1797 6493
f 5650 11443 10286
f 7535 11452 7534
f 435 5411 9649
f 2193 4445 91
f 4074 11456 2714
f 11463 2763 9164
f 8577 11463 9164
f 11464 6493 7028
f 4530 5359 5347
f 3853 11436 666
f 11435 8171 672
f 5794 8254 5481
f 11491 8244 2813
f 11455 7888 7149
f 11465 9165 10307
f 11361 11466 8665
f 4296 7414 4167
f 9165 11465 5239
f 8826 8729 6555
f 6651 11467 8849
f 7689 8849 11467
f 3075 5026 10875
f 11468 9619 7252
f 11198 11469 11215
f 4184 11471 9214
f 11210 7245 3340
f 7587 3194 10199
f 11504 4802 7883
f 11464 7028 9742
f 11521 5233 11357
f 8115 7676 9276
f 7363 8159 6972
f 11467 9225 9258
f 7673 11466 7864
f 11476 2614 2613
f 11503 9553 11449
f 1476 6907 2958
f 6754 3196 9730
f 508 2977 8299
f 9772 11470 8866
f 11455 9152 7888
f 11474 11422 9743
f 11435 276 25
f 9783 4253 6008
f 7397 2958 3516
f 9911 7397 3516
f 4661 5707 11453
f 11454 11453 5707
f 11475 4173 11428
f 457 11476 4814
f 2351 11477 3212
f 4239 4799 2952
f 11477 1596 9995
f 11452 7985 5543
f 2531 5794 5481
f 11441 1486 11319
f 6920 3194 11509
f 11478 7081 4404
f 10320 10492 3401
f 11400 7790 1927
f 9759 11286 6408
f 11444 4908 11483
f 1824 3780 11404
f 9646 8901 9657
f 11512 9657 8901
f 3731 11185 10609
f 8723 10682 9579
f 6509 5782 11479
f 6831 11472 5866
f 1476 2958 7397
f 7491 8901 9646
f 1536 11480 11142
f 11480 1536 1532
f 9759 6408 4783
f 821 6742 9673
f 4814 11476 456
f 10629 10102 6943
f 10999 1470 2257
f 10768 11439 921
f 10800 11477 9995
f 325 11481 2712
f 11481 7175 10781
f 10894 6708 11076
f 11234 11462 1332
f 11215 11469 5612
f 9928 4239 2952
f 1954 2189 3619
f 11482 4856 11350
f 11210 7421 8798
f 11460 3830 5527
f 2973 11483 10505
f 1532 1536 10376
f 11469 2985 5611
f 11159 2560 11444
f 4861 473 5993
f 10039 11484 3887
f 11484 11501 1115
f 11479 5782 6508
f 8796 7252 8323
f 9349 988 1748
f 1045 988 9349
f 11486 4025 140
f 11486 694 10328
f 696 11486 140
f 2710 2209 1474
f 11461 11337 6382
f 5997 7466 5998
f 5196 352 11352
f 9760 8483 5291
f 1780 5196 11352
f 11272 5997 5998
f 10953 8808 4505
f 5530 3414 4553
f 11355 9464 9251
f 2813 6294 11491
f 7535 7534 7983
f 7335 4530 5347
f 3853 666 15
f 6984 11412 10293
f 3932 7587 9185
f 9743 5352 6965
f 7673 7864 7330
f 988 11473 3209
f 11442 11382 10339
f 581 10894 11076
f 11484 11443 11501
f 8796 8323 7243
f 7169 5091 11300
f 10554 9126 11527
f 2710 667 6582
f 11489 10391 1633
f 1728 2400 1029
f 2255 355 744
f 1341 161 1954
f 2136 11489 1633
f 4148 2476 1065
f 3659 11490 1396
f 11008 11489 2136
f 11491 6171 426
f 2001 527 3933
f 1022 11489 2013
f 3106 10143 5090
f 2704 3212 11477
f 11487 2325 3659
f 11492 5463 3201
f 3200 11493 6459
f 11494 2413 973
f 590 1954 486
f 6243 2898 3815
f 2058 2057 4658
f 11495 5014 2667
f 5026 3068 4342
f 1476 7771 6907
f 1777 3282 286
f 4592 11497 4593
f 11498 11325 465
f 11511 4390 10931
f 3802 11499 5869
f 11257 6295 11499
f 11499 6294 11257
f 4571 3435 659
f 1307 5986 5987
f 11500 1967 7901
f 2452 11522 3705
f 11499 6171 6294
f 1116 11501 11443
f 11502 4802 11504
f 5536 11502 8457
f 2898 10003 3815
f 6923 6332 3859
f 4952 4768 2021
f 11495 3989 5014
f 3178 4089 2018
f 11498 6446 4103
f 131 11498 4103
f 4534 6650 7955
f 327 3943 6622
f 6839 11503 9536
f 4806 5592 2977
f 7006 5035 1387
f 4340 11502 11504
f 11502 4340 8457
f 6487 9213 7206
f 11505 4654 8869
f 3284 689 4165
f 5302 7646 7295
f 2973 2601 11159
f 4734 11506 5798
f 6527 11506 4734
f 5325 11507 10572
f 5119 11508 7397
f 11508 5122 1476
f 5114 2062 11503
f 9536 11503 2062
f 4534 7955 6699
f 1875 11497 4592
f 5596 7137 5896
f 6714 11510 1860
f 5543 7985 4815
f 9185 10199 6452
f 3198 1911 3667
f 11512 8276 7824
f 5282 5487 7934
f 11506 7829 5798
f 9263 11514 11513
f 11516 8197 8154
f 8160 1915 4924
f 2710 6582 196
f 11511 6372 4390
f 8425 5324 11514
f 11069 11526 8808
f 4320 8922 8159
f 1293 6622 3161
f 8969 11517 8729
f 4525 8658 6811
f 11504 2963 4340
f 2797 2798 3373
f 11518 5286 7831
f 11519 3377 3784
f 11496 8697 9933
f 6534 11513 5303
f 11514 5303 11513
f 7067 8542 6158
f 4320 8159 5859
f 11520 11019 3933
f 3933 531 11520
f 9391 5040 5598
f 11468 11524 10687
f 9190 7329 7673
f 9279 10734 8694
f 722 5463 11492
f 11492 4675 6034
f 10963 6777 11521
f 11521 7726 10963
f 9508 2416 11488
f 1555 864 2416
f 7632 8878 7269
f 1532 5143 3648
f 3648 11480 1532
f 5948 508 8299
f 6878 9686 8830
f 11497 6883 4593
f 9400 7128 599
f 11513 9531 8532
f 10447 9853 1543
f 967 11494 1658
f 10028 3746 4708
f 4535 7354 10162
f 5029 1153 4563
f 11519 7671 3377
f 5812 5289 8483
f 11522 10228 1015
f 11494 2412 1658
f 2257 1830 2258
f 11493 3605 6459
f 5091 5943 6471
f 9153 1450 2000
f 10469 2568 3503
f 10130 3735 9213
f 8587 10682 6683
f 10894 8242 9343
f 8242 7526 5885
f 877 9596 395
f 10800 2704 11477
f 11019 2001 3933
f 11037 5897 5612
f 4411 9239 7003
f 3761 11355 9251
f 3105 10845 4275
f 11347 11523 5196
f 1747 5196 11523
f 8134 7325 9340
f 6001 11276 6742
f 6754 7583 7793
f 11325 2897 466
f 11509 7587 2616
f 5292 4196 3355
f 11524 8795 6507
f 3761 4196 11355
f 1469 1348 2075
f 7871 4831 10220
f 11524 8796 8795
f 6306 7871 10220
f 11525 11322 11475
f 1045 1682 2493
f 5997 8001 2922
f 6232 4571 659
f 5997 2922 8551
f 3284 4165 8577
f 10881 10743 11408
f 11483 2973 11159
f 7397 11508 1476
f 3721 11523 11347
f 8618 11526 9253
f 3965 11485 5530
f 11325 466 465
f 11473 1045 2493
f 10786 1076 1014
f 4774 435 7866
f 11526 8618 7049
f 1022 2013 681
f 11450 5091 6471
f 2452 3705 273
f 2898 4952 2021
f 4930 1475 5016
f 7985 11452 7535
f 8425 11514 9263
f 8244 3406 2813
f 11319 1486 3143
f 10469 3503 5963
f 1470 915 2257
f 744 1469 2075
f 1164 3433 11527
f 5106 11527 3433
f 5457 9126 10554
f 926 7315 9606
f 44 6704 197
f 44 197 431
f 1818 926 9606
# 23050 faces, 0 coords texture

# End of File
