####
#
# OBJ File Generated by Meshlab
#
####
# Object cupNew_modelSurf.obj
#
# Vertices: 2347
# Faces: 4690
#
####
v -40.0002022 80.0004044 0.0000065
v -39.8863907 82.9803696 0.0000065
v -39.8561020 80.0004044 -3.3922474
v -39.8561020 80.0004044 3.3922615
v -39.8540039 76.5835800 0.0000065
v -39.7426987 82.9803696 -3.3825955
v -39.7426987 82.9803696 3.3826075
v -39.7104263 76.5835800 -3.3798494
v -39.7104263 76.5835800 3.3798616
v -39.5505524 85.9435349 0.0000065
v -39.4248352 80.0004044 -6.7600608
v -39.4248352 80.0004044 6.7600703
v -39.4164734 73.1917419 0.0000064
v -39.4080734 85.9435349 -3.3541157
v -39.4080734 85.9435349 3.3541284
v -39.3126602 82.9803696 -6.7408257
v -39.3126602 82.9803696 6.7408395
v -39.2807426 76.5835800 -6.7353535
v -39.2807426 76.5835800 6.7353663
v -39.2744751 73.1917419 -3.3427458
v -39.2744751 73.1917419 3.3427563
v -38.9945679 88.8733826 0.0000064
v -38.9816551 85.9435349 -6.6840715
v -38.9816551 85.9435349 6.6840816
v -38.8540916 88.8733826 -3.3069665
v -38.8540916 88.8733826 3.3069732
v -38.8495026 73.1917419 -6.6614099
v -38.8495026 73.1917419 6.6614223
v -38.7095108 80.0004044 -10.0791674
v -38.7095108 80.0004044 10.0791807
v -38.6908112 69.8496628 0.0000064
v -38.5993729 82.9803696 -10.0504885
v -38.5993729 82.9803696 10.0505037
v -38.5680313 76.5835800 -10.0423288
v -38.5680313 76.5835800 10.0423403
v -38.5514259 69.8496628 -3.2812047
v -38.5514259 69.8496628 3.2812173
v -38.4336700 88.8733826 -6.5901098
v -38.4336700 88.8733826 6.5901175
v -38.2743759 85.9435349 -9.9658651
v -38.2743759 85.9435349 9.9658785
v -38.2215347 91.7535858 0.0000063
v -38.1446152 73.1917419 -9.9320812
v -38.1446152 73.1917419 9.9320927
v -38.1342773 69.8496628 -6.5387735
v -38.1342773 69.8496628 6.5387874
v -38.0838432 91.7535858 -3.2414067
v -38.0838432 91.7535858 3.2414165
v -37.7363281 88.8733826 -9.8257704
v -37.7363281 88.8733826 9.8257799
v -37.7152863 80.0004044 -13.3256531
v -37.7152863 80.0004044 13.3256645
v -37.6823196 66.5817947 0.0000063
v -37.6717529 91.7535858 -6.4594655
v -37.6717529 91.7535858 6.4594765
v -37.6079788 82.9803696 -13.2877378
v -37.6079788 82.9803696 13.2877464
v -37.5774384 76.5835800 -13.2769499
v -37.5774384 76.5835800 13.2769585
v -37.5465660 66.5817947 -3.1956787
v -37.5465660 66.5817947 3.1956913
v -37.4423714 69.8496628 -9.7492294
v -37.4423714 69.8496628 9.7492409
v -37.2913246 85.9435349 -13.1758575
v -37.2913246 85.9435349 13.1758690
v -37.2357559 94.5680923 0.0000063
v -37.1649017 73.1917419 -13.1311893
v -37.1649017 73.1917419 13.1312008
v -37.1402893 66.5817947 -6.3683367
v -37.1402893 66.5817947 6.3683505
v -37.1016159 94.5680923 -3.1578088
v -37.1016159 94.5680923 3.1578183
v -36.9882393 91.7535858 -9.6309834
v -36.9882393 91.7535858 9.6309948
v -36.7671013 88.8733826 -12.9906387
v -36.7671013 88.8733826 12.9906473
v -36.7001572 94.5680923 -6.2928686
v -36.7001572 94.5680923 6.2928791
v -36.4806900 69.8496628 -12.8894434
v -36.4806900 69.8496628 12.8894548
v -36.4664192 66.5817947 -9.4951134
v -36.4664192 66.5817947 9.4951191
v -36.4493217 80.0004044 -16.4761276
v -36.4493217 80.0004044 16.4761391
v -36.3983727 63.4120102 0.0000062
v -36.3456154 82.9803696 -16.4292469
v -36.3456154 82.9803696 16.4292583
v -36.3161011 76.5835800 -16.4159069
v -36.3161011 76.5835800 16.4159184
v -36.2672462 63.4120102 -3.0867920
v -36.2672462 63.4120102 3.0868042
v -36.0427399 97.3011932 0.0000062
v -36.0395927 85.9435349 -16.2909164
v -36.0395927 85.9435349 16.2909279
v -36.0382233 91.7535858 -12.7331085
v -36.0382233 91.7535858 12.7331171
v -36.0342712 94.5680923 -9.3825893
v -36.0342712 94.5680923 9.3826008
v -35.9174118 73.1917419 -16.2356873
v -35.9174118 73.1917419 16.2357006
v -35.9128952 97.3011932 -3.0566318
v -35.9128952 97.3011932 3.0566411
v -35.8748131 63.4120102 -6.1513476
v -35.8748131 63.4120102 6.1513581
v -35.5329628 88.8733826 -16.0619049
v -35.5329628 88.8733826 16.0619164
v -35.5298080 66.5817947 -12.5534735
v -35.5298080 66.5817947 12.5534849
v -35.5242958 97.3011932 -6.0912457
v -35.5242958 97.3011932 6.0912595
v -35.2561684 69.8496628 -15.9367886
v -35.2561684 69.8496628 15.9367971
v -35.2239037 63.4120102 -9.1715870
v -35.2239037 63.4120102 9.1715965
v -35.1087570 94.5680923 -12.4047070
v -35.1087570 94.5680923 12.4047165
v -34.9207420 80.0004044 -19.5078888
v -34.9207420 80.0004044 19.5079041
v -34.8797417 97.3011932 -9.0819750
v -34.8797417 97.3011932 9.0819864
v -34.8483543 60.3634949 0.0000060
v -34.8285522 91.7535858 -15.7434921
v -34.8285522 91.7535858 15.7435036
v -34.8213806 82.9803696 -19.4523830
v -34.8213806 82.9803696 19.4523964
v -34.7931061 76.5835800 -19.4365883
v -34.7931061 76.5835800 19.4366035
v -34.7228127 60.3634949 -2.9553418
v -34.7228127 60.3634949 2.9553542
v -34.6491203 99.9376678 0.0000060
v -34.5281906 85.9435349 -19.2885971
v -34.5281906 85.9435349 19.2886124
v -34.5242996 99.9376678 -2.9384449
v -34.5242996 99.9376678 2.9384570
v -34.4111366 73.1917419 -19.2232075
v -34.4111366 73.1917419 19.2232189
v -34.3646507 99.9376678 -4.4308252
v -34.3646507 99.9376678 4.4308348
v -34.3470917 60.3634949 -5.8893952
v -34.3470917 60.3634949 5.8894048
v -34.3372040 66.5817947 -15.5213890
v -34.3372040 66.5817947 15.5214005
v -34.3192024 63.4120102 -12.1257420
v -34.3192024 63.4120102 12.1257486
v -34.1507225 99.9376678 -5.8557243
v -34.1507225 99.9376678 5.8557329
v -34.0428123 88.8733826 -19.0174484
v -34.0428123 88.8733826 19.0174637
v -33.9838867 97.3011932 -12.0072641
v -33.9838867 97.3011932 12.0072737
v -33.9302864 94.5680923 -15.3374510
v -33.9302864 94.5680923 15.3374596
v -33.7776222 69.8496628 -18.8693047
v -33.7776222 69.8496628 18.8693199
v -33.7239037 60.3634949 -8.7810163
v -33.7239037 60.3634949 8.7810249
v -33.5310974 99.9376678 -8.7308121
v -33.5310974 99.9376678 8.7308235
v -33.3679390 91.7535858 -18.6404419
v -33.3679390 91.7535858 18.6404572
v -33.1672363 63.4120102 -14.9925299
v -33.1672363 63.4120102 14.9925385
v -33.1405602 80.0004044 -22.3990974
v -33.1405449 80.0004044 22.3991127
v -33.0462646 82.9803696 -22.3353653
v -33.0462494 82.9803696 22.3353767
v -33.0435982 57.4585114 0.0000059
v -33.0194359 76.5835800 -22.3172283
v -33.0194206 76.5835800 22.3172436
v -32.9245567 57.4585114 -2.8022881
v -32.9245567 57.4585114 2.8022969
v -32.8971977 66.5817947 -18.3774700
v -32.8971977 66.5817947 18.3774815
v -32.8577309 60.3634949 -11.6093693
v -32.8577309 60.3634949 11.6093779
v -32.8431702 97.3011932 -14.8460445
v -32.8431702 97.3011932 14.8460531
v -32.7680244 85.9435349 -22.1473045
v -32.7680092 85.9435349 22.1473198
v -32.6698723 99.9376678 -11.5429955
v -32.6698723 99.9376678 11.5430069
v -32.6569366 73.1917419 -22.0722256
v -32.6569214 73.1917419 22.0722332
v -32.5682983 57.4585114 -5.5843902
v -32.5682983 57.4585114 5.5843997
v -32.5073433 94.5680923 -18.1596870
v -32.5073433 94.5680923 18.1596928
v -32.3073845 88.8733826 -21.8359718
v -32.3073692 88.8733826 21.8359795
v -32.1168518 99.9376678 -13.0026665
v -32.1168518 99.9376678 13.0026751
v -32.0557098 69.8496628 -21.6658726
v -32.0557098 69.8496628 21.6658802
v -31.9773788 57.4585114 -8.3262568
v -31.9773788 57.4585114 8.3262653
v -31.7762966 63.4120102 -17.7512989
v -31.7762890 63.4120102 17.7513046
v -31.7548180 60.3634949 -14.3540754
v -31.7548103 60.3634949 14.3540869
v -31.6669159 91.7535858 -21.4030933
v -31.6669083 91.7535858 21.4030972
v -31.5732708 99.9376678 -14.2720108
v -31.5732632 99.9376678 14.2720194
v -31.4658222 97.3011932 -17.5778580
v -31.4658146 97.3011932 17.5778618
v -31.2201672 66.5817947 -21.1011467
v -31.2201595 66.5817947 21.1011543
v -31.1560669 57.4585114 -11.0081320
v -31.1560593 57.4585114 11.0081434
v -31.1215935 80.0004044 -25.1289215
v -31.1215858 80.0004044 25.1289291
v -31.0330410 82.9803696 -25.0574245
v -31.0330334 82.9803696 25.0574322
v -31.0078430 76.5835800 -25.0370789
v -31.0078354 76.5835800 25.0370865
v -30.9972954 54.7183189 0.0000057
v -30.8856277 54.7183189 -2.6287484
v -30.8856277 54.7183189 2.6287596
v -30.8501911 94.5680923 -20.8510838
v -30.8501835 94.5680923 20.8510914
v -30.7717495 85.9435349 -24.8464451
v -30.7717419 85.9435349 24.8464527
v -30.6674309 73.1917419 -24.7622128
v -30.6674232 73.1917419 24.7622185
v -30.5514278 54.7183189 -5.2385640
v -30.5514278 54.7183189 5.2385731
v -30.4231071 60.3634949 -16.9953651
v -30.4230995 60.3634949 16.9953690
v -30.3391762 88.8733826 -24.4971638
v -30.3391685 88.8733826 24.4971714
v -30.2491779 99.9376678 -16.8981991
v -30.2491703 99.9376678 16.8982067
v -30.1904297 99.9376678 -17.0029278
v -30.1904221 99.9376678 17.0029335
v -30.1564064 63.4120102 -20.3821678
v -30.1563988 63.4120102 20.3821716
v -30.1102734 57.4585114 -13.6106939
v -30.1102657 57.4585114 13.6107063
v -30.1028366 69.8496628 -24.3063374
v -30.1028290 69.8496628 24.3063450
v -29.9971046 54.7183189 -7.8106346
v -29.9971046 54.7183189 7.8106413
v -29.9682846 81.3827972 0.0000056
v -29.9641228 78.5305252 0.0000056
v -29.8617592 97.3011932 -20.1830215
v -29.8617516 97.3011932 20.1830273
v -29.8239765 81.3827972 -2.9373994
v -29.8239765 81.3827972 2.9374087
v -29.8198376 78.5305252 -2.9369934
v -29.8198376 78.5305252 2.9370017
v -29.7377224 91.7535858 -24.0115280
v -29.7377148 91.7535858 24.0115337
v -29.7015553 84.2225800 0.0000056
v -29.6891022 75.6915359 0.0000056
v -29.5585346 84.2225800 -2.9112563
v -29.5585346 84.2225800 2.9112647
v -29.5461445 75.6915359 -2.9100354
v -29.5461445 75.6915359 2.9100447
v -29.3924541 81.3827972 -5.8465176
v -29.3924541 81.3827972 5.8465252
v -29.3883705 78.5305252 -5.8457046
v -29.3883705 78.5305252 5.8457112
v -29.3181953 66.5817947 -23.6727810
v -29.3181877 66.5817947 23.6727867
v -29.2266483 54.7183189 -10.3264265
v -29.2266483 54.7183189 10.3264380
v -29.1663399 87.0241928 0.0000055
v -29.1457157 72.8914948 0.0000055
v -29.1308479 84.2225800 -5.7944818
v -29.1308479 84.2225800 5.7944884
v -29.1186333 75.6915359 -5.7920527
v -29.1186333 75.6915359 5.7920613
v -29.0258980 87.0241928 -2.8587964
v -29.0258980 87.0241928 2.8588047
v -29.0053692 72.8914948 -2.8567753
v -29.0053692 72.8914948 2.8567867
v -28.9707565 94.5680923 -23.3922443
v -28.9707489 94.5680923 23.3922520
v -28.8783951 80.0004044 -27.6776924
v -28.8783875 80.0004044 27.6777000
v -28.8722038 60.3634949 -19.5141964
v -28.8721962 60.3634949 19.5142021
v -28.8475304 57.4585114 -16.1151924
v -28.8475227 57.4585114 16.1151981
v -28.7962246 82.9803696 -27.5989418
v -28.7962170 82.9803696 27.5989437
v -28.7728443 76.5835800 -27.5765305
v -28.7728367 76.5835800 27.5765381
v -28.7244034 52.1629333 0.0000055
v -28.7071342 99.9376678 -19.4026318
v -28.7071266 99.9376678 19.4026394
v -28.6778584 81.3827972 -8.6993284
v -28.6778584 81.3827972 8.6993399
v -28.6738758 78.5305252 -8.6981201
v -28.6738758 78.5305252 8.6981287
v -28.6209221 52.1629333 -2.4359946
v -28.6209221 52.1629333 2.4360034
v -28.6059189 87.0241928 -5.6900678
v -28.6059189 87.0241928 5.6900764
v -28.5856838 72.8914948 -5.6860447
v -28.5856838 72.8914948 5.6860476
v -28.5537663 85.9435349 -27.3665638
v -28.5537586 85.9435349 27.3665657
v -28.4569645 73.1917419 -27.2737846
v -28.4569569 73.1917419 27.2737923
v -28.4226151 84.2225800 -8.6219015
v -28.4226151 84.2225800 8.6219110
v -28.4107018 75.6915359 -8.6182861
v -28.4107018 75.6915359 8.6182947
v -28.3674831 89.7623138 0.0000045
v -28.3388672 70.1557159 0.0000045
v -28.3192387 63.4120102 -22.8661823
v -28.3192310 63.4120102 22.8661880
v -28.3112278 52.1629333 -4.8544426
v -28.3112278 52.1629333 4.8544493
v -28.2456245 54.7183189 -12.7678194
v -28.2456169 54.7183189 12.7678261
v -28.2308865 89.7623138 -2.7804966
v -28.2308865 89.7623138 2.7805054
v -28.2024078 70.1557159 -2.7776916
v -28.2024078 70.1557159 2.7776983
v -28.1523724 88.8733826 -26.9818554
v -28.1523647 88.8733826 26.9818592
v -28.0425415 97.3011932 -22.6427650
v -28.0425339 97.3011932 22.6427727
v -27.9330692 69.8496628 -26.7716713
v -27.9330616 69.8496628 26.7716789
v -27.9104500 87.0241928 -8.4665365
v -27.9104500 87.0241928 8.4665451
v -27.8907089 72.8914948 -8.4605494
v -27.8907089 72.8914948 8.4605589
v -27.8224106 89.7623138 -5.5342188
v -27.8224106 89.7623138 5.5342274
v -27.7975521 52.1629333 -7.2379165
v -27.7975521 52.1629333 7.2379203
v -27.7943439 70.1557159 -5.5286336
v -27.7943439 70.1557159 5.5286422
v -27.7682819 99.9376678 -20.7240009
v -27.7682743 99.9376678 20.7240047
v -27.6870880 81.3827972 -11.4683599
v -27.6870804 81.3827972 11.4683714
v -27.6832428 78.5305252 -11.4667673
v -27.6832352 78.5305252 11.4667788
v -27.5942745 91.7535858 -26.4469624
v -27.5942669 91.7535858 26.4469700
v -27.4406605 84.2225800 -11.3662882
v -27.4406528 84.2225800 11.3662996
v -27.4291573 75.6915359 -11.3615217
v -27.4291496 75.6915359 11.3615332
v -27.3769417 57.4585114 -18.5035782
v -27.3769341 57.4585114 18.5035858
v -27.3122044 92.4122009 0.0000044
v -27.2758541 67.5089340 0.0000044
v -27.2049847 66.5817947 -26.0738583
v -27.2049770 66.5817947 26.0738659
v -27.1806889 92.4122009 -2.6770587
v -27.1806889 92.4122009 2.6770663
v -27.1459904 89.7623138 -8.2346411
v -27.1459904 89.7623138 8.2346487
v -27.1445122 67.5089340 -2.6734967
v -27.1445122 67.5089340 2.6735053
v -27.1186066 70.1557159 -8.2263355
v -27.1186066 70.1557159 8.2263432
v -27.1132717 60.3634949 -21.8924294
v -27.1132641 60.3634949 21.8924332
v -27.0835915 52.1629333 -9.5692377
v -27.0835915 52.1629333 9.5692453
v -27.0610790 54.7183189 -15.1172218
v -27.0610714 54.7183189 15.1172266
v -26.9582596 99.9376678 -21.7672672
v -26.9582520 99.9376678 21.7672691
v -26.9461899 87.0241928 -11.1614723
v -26.9461823 87.0241928 11.1614780
v -26.9271317 72.8914948 -11.1535788
v -26.9271240 72.8914948 11.1535835
v -26.8825874 94.5680923 -25.7648659
v -26.8825798 94.5680923 25.7648735
v -26.7874069 92.4122009 -5.3283434
v -26.7874069 92.4122009 5.3283496
v -26.7517567 67.5089340 -5.3212504
v -26.7517567 67.5089340 5.3212605
v -26.4296722 81.3827972 -14.1269493
v -26.4296646 81.3827972 14.1269569
v -26.4271259 80.0004044 -30.0270405
v -26.4271183 80.0004044 30.0270462
v -26.4259987 78.5305252 -14.1249866
v -26.4259911 78.5305252 14.1249943
v -26.3519325 82.9803696 -29.9416046
v -26.3519249 82.9803696 29.9416122
v -26.3305359 76.5835800 -29.9172935
v -26.3305283 76.5835800 29.9172993
v -26.2780285 63.4120102 -25.1854458
v -26.2780209 63.4120102 25.1854534
v -26.2415371 49.8110313 0.0000043
v -26.2081394 89.7623138 -10.8557634
v -26.2081394 89.7623138 10.8557653
v -26.1944370 84.2225800 -14.0012112
v -26.1944294 84.2225800 14.0012188
v -26.1834545 75.6915359 -13.9953413
v -26.1834469 75.6915359 13.9953489
v -26.1816978 70.1557159 -10.8448105
v -26.1816978 70.1557159 10.8448153
v -26.1744976 52.1629333 -11.8316135
v -26.1744900 52.1629333 11.8316212
v -26.1470032 49.8110313 -2.2254345
v -26.1470032 49.8110313 2.2254415
v -26.1361485 92.4122009 -7.9283118
v -26.1361485 92.4122009 7.9283175
v -26.1300545 85.9435349 -29.6895027
v -26.1300468 85.9435349 29.6895103
v -26.1013641 67.5089340 -7.9177566
v -26.1013641 67.5089340 7.9177632
v -26.0414715 73.1917419 -29.5888500
v -26.0414639 73.1917419 29.5888577
v -26.0212784 97.3011932 -24.9393673
v -26.0212708 97.3011932 24.9393749
v -26.0100365 94.9498825 0.0000043
v -25.9662838 64.9750519 0.0000043
v -25.8847923 94.9498825 -2.5494268
v -25.8847923 94.9498825 2.5494320
v -25.8640785 49.8110313 -4.4348378
v -25.8640785 49.8110313 4.4348464
v -25.8412514 64.9750519 -2.5451369
v -25.8412514 64.9750519 2.5451450
v -25.7964954 94.9498825 -3.3260849
v -25.7964954 94.9498825 3.3260911
v -25.7627316 88.8733826 -29.2721386
v -25.7627239 88.8733826 29.2721443
v -25.7224236 87.0241928 -13.7489138
v -25.7224159 87.0241928 13.7489185
v -25.7091045 57.4585114 -20.7586460
v -25.7090969 57.4585114 20.7586536
v -25.7042274 72.8914948 -13.7391911
v -25.7042198 72.8914948 13.7391987
v -25.6815624 54.7183189 -17.3576984
v -25.6815548 54.7183189 17.3577061
v -25.5620441 69.8496628 -29.0441151
v -25.5620365 69.8496628 29.0441208
v -25.5102596 94.9498825 -5.0743027
v -25.5102596 94.9498825 5.0743103
v -25.4673519 64.9750519 -5.0657668
v -25.4673519 64.9750519 5.0657754
v -25.3947983 49.8110313 -6.6122866
v -25.3947983 49.8110313 6.6122966
v -25.2520084 91.7535858 -28.6918468
v -25.2520008 91.7535858 28.6918488
v -25.2331848 92.4122009 -10.4519243
v -25.2331848 92.4122009 10.4519300
v -25.1996059 67.5089340 -10.4380140
v -25.1996059 67.5089340 10.4380188
v -25.1593742 94.9498825 -6.5975604
v -25.1593742 94.9498825 6.5975666
v -25.1589851 60.3634949 -24.1129265
v -25.1589775 60.3634949 24.1129341
v -25.0768127 52.1629333 -14.0087414
v -25.0768051 52.1629333 14.0087461
v -25.0178909 89.7623138 -13.3723345
v -25.0178833 89.7623138 13.3723402
v -25.0151463 99.9376678 -23.9750729
v -25.0151386 99.9376678 23.9750748
v -24.9926529 70.1557159 -13.3588457
v -24.9926453 70.1557159 13.3588514
v -24.9177208 81.3827972 -16.6494846
v -24.9177132 81.3827972 16.6494923
v -24.9142609 78.5305252 -16.6471691
v -24.9142532 78.5305252 16.6471767
v -24.8957596 66.5817947 -28.2870693
v -24.8957520 66.5817947 28.2870731
v -24.8901787 99.9376678 -24.1047859
v -24.8901711 99.9376678 24.1047897
v -24.8900528 94.9498825 -7.5503106
v -24.8900528 94.9498825 7.5503201
v -24.8481827 64.9750519 -7.5376096
v -24.8481827 64.9750519 7.5376196
v -24.7425518 49.8110313 -8.7420959
v -24.7425518 49.8110313 8.7421036
v -24.6959438 84.2225800 -16.5012951
v -24.6959362 84.2225800 16.5013027
v -24.6855907 75.6915359 -16.4943771
v -24.6855831 75.6915359 16.4943848
v -24.6007290 94.5680923 -27.9518509
v -24.6007214 94.5680923 27.9518547
v -24.4219971 62.5769958 0.0000041
v -24.3043976 62.5769958 -2.3937709
v -24.3043976 62.5769958 2.3937771
v -24.2509289 87.0241928 -16.2039471
v -24.2509212 87.0241928 16.2039528
v -24.2337780 72.8914948 -16.1924877
v -24.2337704 72.8914948 16.1924934
v -24.1170082 54.7183189 -19.4731178
v -24.1170006 54.7183189 19.4731236
v -24.1091404 94.9498825 -9.7607059
v -24.1091404 94.9498825 9.7607136
v -24.0872173 92.4122009 -12.8748808
v -24.0872097 92.4122009 12.8748856
v -24.0551586 67.5089340 -12.8577452
v -24.0551510 67.5089340 12.8577499
v -24.0474892 63.4120102 -27.3232460
v -24.0474815 63.4120102 27.3232517
v -24.0301399 94.9498825 -9.9536076
v -24.0301399 94.9498825 9.9536114
v -23.9897194 64.9750519 -9.9368649
v -23.9897194 64.9750519 9.9368725
v -23.9527378 62.5769958 -4.7644930
v -23.9527378 62.5769958 4.7644987
v -23.9120369 49.8110313 -10.8089190
v -23.9120369 49.8110313 10.8089218
v -23.8560333 57.4585114 -22.8641453
v -23.8560257 57.4585114 22.8641529
v -23.8125324 97.3011932 -27.0562801
v -23.8125248 97.3011932 27.0562878
v -23.7984486 52.1629333 -16.0849380
v -23.7984409 52.1629333 16.0849438
v -23.7854519 80.0004044 -32.1600418
v -23.7854443 80.0004044 32.1600494
v -23.7177753 82.9803696 -32.0685349
v -23.7177677 82.9803696 32.0685501
v -23.6985188 76.5835800 -32.0424957
v -23.6985111 76.5835800 32.0425110
v -23.5867062 89.7623138 -15.7601261
v -23.5866985 89.7623138 15.7601337
v -23.5668449 47.6798248 0.0000041
v -23.5629101 70.1557159 -15.7442265
v -23.5629025 70.1557159 15.7442341
v -23.5180759 85.9435349 -31.7985287
v -23.5180683 85.9435349 31.7985344
v -23.4819450 47.6798248 -1.9986050
v -23.4819450 47.6798248 1.9986100
v -23.4383450 73.1917419 -31.6907272
v -23.4383373 73.1917419 31.6907310
v -23.3703976 62.5769958 -7.0893292
v -23.3703976 62.5769958 7.0893340
v -23.2278595 47.6798248 -3.9828119
v -23.2278595 47.6798248 3.9828181
v -23.1874676 88.8733826 -31.3515205
v -23.1874599 88.8733826 31.3515263
v -23.1658001 81.3827972 -19.0116749
v -23.1657925 81.3827972 19.0116806
v -23.1625824 78.5305252 -19.0090332
v -23.1625748 78.5305252 19.0090408
v -23.0234299 60.3634949 -26.1596909
v -23.0234222 60.3634949 26.1596966
v -23.0068436 69.8496628 -31.1072941
v -23.0068359 69.8496628 31.1073017
v -22.9596176 84.2225800 -18.8424644
v -22.9596100 84.2225800 18.8424702
v -22.9499893 75.6915359 -18.8345642
v -22.9499817 75.6915359 18.8345718
v -22.9388103 94.9498825 -12.2610445
v -22.9388027 94.9498825 12.2610474
v -22.9092350 49.8110313 -12.7978611
v -22.9092274 49.8110313 12.7978687
v -22.9002228 64.9750519 -12.2404194
v -22.9002151 64.9750519 12.2404270
v -22.8918018 99.9376678 -26.0101318
v -22.8917942 99.9376678 26.0101395
v -22.8064117 47.6798248 -5.9383240
v -22.8064117 47.6798248 5.9383321
v -22.7277966 91.7535858 -30.7300014
v -22.7277889 91.7535858 30.7300072
v -22.7092705 92.4122009 -15.1738443
v -22.7092628 92.4122009 15.1738472
v -22.6790485 67.5089340 -15.1536493
v -22.6790409 67.5089340 15.1536551
v -22.6630363 94.9498825 -12.7635794
v -22.6630287 94.9498825 12.7635822
v -22.6569538 60.3364334 0.0000040
v -22.5629845 62.5769958 -9.3458910
v -22.5629845 62.5769958 9.3458967
v -22.5478535 60.3364334 -2.2207670
v -22.5478535 60.3364334 2.2207718
v -22.5458908 87.0241928 -18.5029278
v -22.5458832 87.0241928 18.5029354
v -22.5299435 72.8914948 -18.4898396
v -22.5299358 72.8914948 18.4898472
v -22.4071598 66.5817947 -30.2964745
v -22.4071522 66.5817947 30.2964764
v -22.3786926 54.7183189 -21.4482288
v -22.3786850 54.7183189 21.4482365
v -22.3486176 52.1629333 -18.0452404
v -22.3486099 52.1629333 18.0452461
v -22.2216053 60.3364334 -4.4201493
v -22.2216053 60.3364334 4.4201570
v -22.2206478 47.6798248 -7.8510513
v -22.2206478 47.6798248 7.8510571
v -22.1416225 94.5680923 -29.9374390
v -22.1416149 94.5680923 29.9374466
v -21.9283676 89.7623138 -17.9961376
v -21.9283600 89.7623138 17.9961433
v -21.9062424 70.1557159 -17.9779816
v -21.9062347 70.1557159 17.9779892
v -21.8310719 57.4585114 -24.8049107
v -21.8310642 57.4585114 24.8049183
v -21.7413692 49.8110313 -14.6945944
v -21.7413616 49.8110313 14.6946020
v -21.6813526 60.3364334 -6.5769639
v -21.6813526 60.3364334 6.5769668
v -21.6436825 63.4120102 -29.2641811
v -21.6436749 63.4120102 29.2641888
v -21.6265564 94.9498825 -14.4503994
v -21.6265488 94.9498825 14.4504042
v -21.6033783 99.9376678 -27.0897675
v -21.6033707 99.9376678 27.0897751
v -21.5901794 64.9750519 -14.4260921
v -21.5901718 64.9750519 14.4260969
v -21.5382843 62.5769958 -11.5124464
v -21.5382767 62.5769958 11.5124521
v -21.4747810 47.6798248 -9.7072115
v -21.4747810 47.6798248 9.7072163
v -21.4322109 97.3011932 -28.9782562
v -21.4322033 97.3011932 28.9782581
v -21.1907825 81.3827972 -21.1907749
v -21.1907749 81.3827972 21.1907787
v -21.1878376 78.5305252 -21.1878300
v -21.1878300 78.5305252 21.1878338
v -21.1126213 92.4122009 -17.3266754
v -21.1126137 92.4122009 17.3266792
v -21.0845242 67.5089340 -17.3036137
v -21.0845165 67.5089340 17.3036194
v -21.0021744 84.2225800 -21.0021667
v -21.0021667 84.2225800 21.0021744
v -20.9933701 75.6915359 -20.9933624
v -20.9933624 75.6915359 20.9933701
v -20.9724064 80.0004044 -34.0613403
v -20.9723911 80.0004044 34.0613403
v -20.9322968 60.3364334 -8.6704369
v -20.9322968 60.3364334 8.6704426
v -20.9127331 82.9803696 -33.9644241
v -20.9127178 82.9803696 33.9644203
v -20.8957520 76.5835800 -33.9368439
v -20.8957367 76.5835800 33.9368401
v -20.8448029 94.9498825 -15.5568724
v -20.8447952 94.9498825 15.5568800
v -20.7377625 52.1629333 -19.8755264
v -20.7377548 52.1629333 19.8755302
v -20.7366524 85.9435349 -33.6784477
v -20.7366371 85.9435349 33.6784477
v -20.7219906 60.3634949 -28.0179749
v -20.7219830 60.3634949 28.0179825
v -20.7198830 45.7848740 0.0000038
v -20.6871052 58.2736282 0.0000038
v -20.6663513 73.1917419 -33.5642776
v -20.6663361 73.1917419 33.5642776
v -20.6237221 87.0241928 -20.6237144
v -20.6237144 87.0241928 20.6237183
v -20.6091347 72.8914948 -20.6091270
v -20.6091270 72.8914948 20.6091309
v -20.6035194 99.9376678 -27.8577919
v -20.6035118 99.9376678 27.8577957
v -20.5874901 58.2736282 -2.0276880
v -20.5874901 58.2736282 2.0276928
v -20.5744514 45.7848740 -2.4506030
v -20.5744514 45.7848740 2.4506080
v -20.5741940 47.6798248 -11.4934292
v -20.5741863 47.6798248 11.4934340
v -20.4791336 54.7183189 -23.2688046
v -20.4791260 54.7183189 23.2688122
v -20.4451466 88.8733826 -33.2050133
v -20.4451313 88.8733826 33.2050133
v -20.4168568 49.8110313 -16.4854546
v -20.4168491 49.8110313 16.4854584
v -20.3061543 62.5769958 -13.5681343
v -20.3061466 62.5769958 13.5681362
v -20.2896080 58.2736282 -4.0358520
v -20.2896080 58.2736282 4.0358567
v -20.2858810 69.8496628 -32.9463501
v -20.2858658 69.8496628 32.9463463
v -20.1402016 45.7848740 -4.8668079
v -20.1402016 45.7848740 4.8668141
v -20.1060352 94.9498825 -16.5005913
v -20.1060276 94.9498825 16.5005951
v -20.0722122 64.9750519 -16.4728317
v -20.0722046 64.9750519 16.4728394
v -20.0588455 89.7623138 -20.0588379
v -20.0588379 89.7623138 20.0588417
v -20.0398331 91.7535858 -32.5467529
v -20.0398254 91.7535858 32.5467491
v -20.0386086 70.1557159 -20.0386009
v -20.0386009 70.1557159 20.0386086
v -20.0001011 0.0000000 0.0000037
v -20.0001011 4.9520311 0.0000037
v -19.9816494 60.3364334 -10.6804113
v -19.9816494 60.3364334 10.6804161
v -19.9760399 5.2613382 0.0000037
v -19.9044323 5.5632019 0.0000037
v -19.8542786 4.9520311 -2.4107423
v -19.8542786 4.9520311 2.4107497
v -19.8303909 5.2613382 -2.4078434
v -19.8303909 5.2613382 2.4078476
v -19.7963238 58.2736282 -6.0051451
v -19.7963238 58.2736282 6.0051508
v -19.7869987 5.8503599 0.0000037
v -19.7593060 5.5632019 -2.3992114
v -19.7593060 5.5632019 2.3992167
v -19.7571182 66.5817947 -32.0875931
v -19.7571106 66.5817947 32.0875893
v -19.7124176 0.0000000 -3.3800304
v -19.7124176 0.0000000 3.3800356
v -19.7124176 4.9520311 -3.3800304
v -19.7124176 4.9520311 3.3800356
v -19.6488247 57.4585114 -26.5669537
v -19.6488171 57.4585114 26.5669613
v -19.6427307 5.8503599 -2.3850563
v -19.6427307 5.8503599 2.3850608
v -19.6265717 6.1159029 0.0000037
v -19.5253639 47.6798248 -13.1968346
v -19.5253563 47.6798248 13.1968422
v -19.5229836 94.5680923 -31.7073288
v -19.5229759 94.5680923 31.7073364
v -19.4834728 6.1159029 -2.3657184
v -19.4834728 6.1159029 2.3657258
v -19.4270077 6.3534412 0.0000037
v -19.4232254 45.7848740 -7.2146931
v -19.4232254 45.7848740 7.2147007
v -19.4189358 4.9520311 -4.7863331
v -19.4189358 4.9520311 4.7863388
v -19.3955708 5.2613382 -4.7805762
v -19.3955708 5.2613382 4.7805810
v -19.3260460 5.5632019 -4.7634373
v -19.3260460 5.5632019 4.7634449
v -19.3126488 92.4122009 -19.3126411
v -19.3126411 92.4122009 19.3126469
v -19.2869453 67.5089340 -19.2869377
v -19.2869377 67.5089340 19.2869415
v -19.2853642 6.3534412 -2.3416653
v -19.2853642 6.3534412 2.3416696
v -19.2120266 5.8503599 -4.7353363
v -19.2120266 5.8503599 4.7353439
v -19.2042637 44.7162933 0.0000037
v -19.1931095 6.5572572 0.0000037
v -19.1123924 58.2736282 -7.9166093
v -19.1123924 58.2736282 7.9166141
v -19.0839348 63.4120102 -30.9942703
v -19.0839272 63.4120102 30.9942760
v -19.0694714 44.7162933 -2.2713473
v -19.0694714 44.7162933 2.2713516
v -19.0562611 6.1159029 -4.6969438
v -19.0562611 6.1159029 4.6969476
v -19.0531693 6.5572572 -2.3134723
v -19.0531693 6.5572572 2.3134766
v -19.0116825 81.3827972 -23.1657925
v -19.0116749 81.3827972 23.1658001
v -19.0090408 78.5305252 -23.1625748
v -19.0090332 78.5305252 23.1625805
v -18.9774914 52.1629333 -21.5626106
v -18.9774837 52.1629333 21.5626183
v -18.9452419 49.8110313 -18.1575356
v -18.9452343 49.8110313 18.1575413
v -18.9305019 6.7224469 0.0000037
v -18.8974743 97.3011932 -30.6914368
v -18.8974667 97.3011932 30.6914425
v -18.8784657 62.5769958 -15.4931488
v -18.8784580 62.5769958 15.4931545
v -18.8624954 6.3534412 -4.6491857
v -18.8624954 6.3534412 4.6491904
v -18.8576431 0.0000000 -6.6628256
v -18.8576431 0.0000000 6.6628313
v -18.8576431 4.9520311 -6.6628256
v -18.8576431 4.9520311 6.6628313
v -18.8424721 84.2225800 -22.9596100
v -18.8424644 84.2225800 22.9596119
v -18.8385715 60.3364334 -12.5875254
v -18.8385639 60.3364334 12.5875301
v -18.8345718 75.6915359 -22.9499817
v -18.8345642 75.6915359 22.9499893
v -18.7924767 6.7224469 -2.2818174
v -18.7924767 6.7224469 2.2818217
v -18.7004204 4.9520311 -7.0921326
v -18.7004204 4.9520311 7.0921354
v -18.6842976 94.9498825 -18.0947247
v -18.6842899 94.9498825 18.0947304
v -18.6779213 5.2613382 -7.0835986
v -18.6779213 5.2613382 7.0836015
v -18.6669846 44.7162933 -4.5108118
v -18.6669846 44.7162933 4.5108132
v -18.6455097 6.8450379 0.0000036
v -18.6353912 6.5572572 -4.5932088
v -18.6353912 6.5572572 4.5932117
v -18.6109657 5.5632019 -7.0582066
v -18.6109657 5.5632019 7.0582094
v -18.5302582 56.4072151 0.0000036
v -18.5095615 6.8450379 -2.2474644
v -18.5095615 6.8450379 2.2474687
v -18.5029354 87.0241928 -22.5458832
v -18.5029278 87.0241928 22.5458889
v -18.5011673 5.8503599 -7.0165658
v -18.5011673 5.8503599 7.0165687
v -18.4898472 72.8914948 -22.5299358
v -18.4898396 72.8914948 22.5299435
v -18.4410286 56.4072151 -1.8162793
v -18.4410286 56.4072151 1.8162867
v -18.4335918 45.7848740 -9.4613018
v -18.4335918 45.7848740 9.4613094
v -18.4320240 54.7183189 -24.9217319
v -18.4320164 54.7183189 24.9217396
v -18.3918781 94.9498825 -18.3918705
v -18.3918705 94.9498825 18.3918762
v -18.3804150 6.7224469 -4.5303636
v -18.3804150 6.7224469 4.5303655
v -18.3609409 64.9750519 -18.3609333
v -18.3609333 64.9750519 18.3609352
v -18.3511639 6.1159029 -6.9596758
v -18.3511639 6.1159029 6.9596786
v -18.3358536 47.6798248 -14.8051605
v -18.3358459 47.6798248 14.8051682
v -18.2712517 60.3634949 -29.6743851
v -18.2712440 60.3634949 29.6743927
v -18.2443981 58.2736282 -9.7518311
v -18.2443981 58.2736282 9.7518387
v -18.1742039 56.4072151 -3.6150713
v -18.1742039 56.4072151 3.6150787
v -18.1667900 99.9376678 -29.5047321
v -18.1667824 99.9376678 29.5047398
v -18.1645679 6.3534412 -6.8889108
v -18.1645679 6.3534412 6.8889122
v -18.1419239 7.0645599 0.0000036
v -18.1037025 6.8450379 -4.4621606
v -18.1037025 6.8450379 4.4621634
v -18.0082493 80.0004044 -35.7172165
v -18.0082340 80.0004044 35.7172165
v -18.0044193 7.0645599 -2.2294264
v -18.0044193 7.0645599 2.2294338
v -18.0024567 44.7162933 -6.6869526
v -18.0024567 44.7162933 6.6869564
v -17.9961452 89.7623138 -21.9283600
v -17.9961376 89.7623138 21.9283619
v -17.9779892 70.1557159 -21.9062347
v -17.9779816 70.1557159 21.9062424
v -17.9618511 99.9376678 -29.6299419
v -17.9618435 99.9376678 29.6299438
v -17.9570103 82.9803696 -35.6155891
v -17.9569950 82.9803696 35.6155853
v -17.9458675 6.5572572 -6.8059688
v -17.9458675 6.5572572 6.8059707
v -17.9424305 76.5835800 -35.5866699
v -17.9424152 76.5835800 35.5866661
v -17.8515663 43.4477692 0.0000036
v -17.8058167 85.9435349 -35.3157120
v -17.8058014 85.9435349 35.3157082
v -17.7454510 73.1917419 -35.1959877
v -17.7454357 73.1917419 35.1959877
v -17.7323513 56.4072151 -5.3790464
v -17.7323513 56.4072151 5.3790526
v -17.7262669 43.4477692 -2.1113596
v -17.7262669 43.4477692 2.1113615
v -17.7092113 4.9520311 -9.2945070
v -17.7092113 4.9520311 9.2945147
v -17.7003269 6.7224469 -6.7128487
v -17.7003269 6.7224469 6.7128515
v -17.6879044 5.2613382 -9.2833252
v -17.6879044 5.2613382 9.2833300
v -17.6812363 7.3638129 0.0000035
v -17.6244984 5.5632019 -9.2500467
v -17.6244984 5.5632019 9.2500505
v -17.5939827 7.0645599 -4.4250636
v -17.5939827 7.0645599 4.4250646
v -17.5555115 88.8733826 -34.8192596
v -17.5554962 88.8733826 34.8192558
v -17.5472202 7.3638129 -2.1728146
v -17.5472202 7.3638129 2.1728194
v -17.5205193 5.8503599 -9.1954746
v -17.5205193 5.8503599 9.1954784
v -17.5140667 60.3364334 -14.3734159
v -17.5140591 60.3364334 14.3734236
v -17.4603691 0.0000000 -9.7539463
v -17.4603691 0.0000000 9.7539492
v -17.4603691 4.9520311 -9.7539463
v -17.4603691 4.9520311 9.7539492
v -17.4338551 6.8450379 -6.6117864
v -17.4338551 6.8450379 6.6117926
v -17.4187565 69.8496628 -34.5480270
v -17.4187412 69.8496628 34.5480270
v -17.3784676 6.1159029 -9.1209202
v -17.3784676 6.1159029 9.1209249
v -17.3521309 43.4477692 -4.1930838
v -17.3521309 43.4477692 4.1930823
v -17.3371239 49.8110313 -19.6987896
v -17.3371162 49.8110313 19.6987972
v -17.3266830 92.4122009 -21.1126137
v -17.3266754 92.4122009 21.1126175
v -17.3250046 57.4585114 -28.1375847
v -17.3249969 57.4585114 28.1375923
v -17.3036213 67.5089340 -21.0845165
v -17.3036137 67.5089340 21.0845222
v -17.2759514 7.7346668 0.0000035
v -17.2689667 62.5769958 -17.2689590
v -17.2689590 62.5769958 17.2689667
v -17.2074871 91.7535858 -34.1289978
v -17.2074718 91.7535858 34.1289978
v -17.2017612 6.3534412 -9.0281763
v -17.2017612 6.3534412 9.0281811
v -17.2007027 58.2736282 -11.4931364
v -17.2006950 58.2736282 11.4931393
v -17.1851921 45.7848740 -11.5750923
v -17.1851845 45.7848740 11.5750999
v -17.1472073 7.3638129 -4.3126945
v -17.1472073 7.3638129 4.3126974
v -17.1450100 7.7346668 -2.1230097
v -17.1450100 7.7346668 2.1230145
v -17.1197262 56.4072151 -7.0912185
v -17.1197262 56.4072151 7.0912242
v -17.0852089 44.7162933 -8.7692261
v -17.0852089 44.7162933 8.7692280
v -17.0804882 52.1629333 -23.0943336
v -17.0804806 52.1629333 23.0943375
v -17.0142326 47.6798248 -16.3068123
v -17.0142250 47.6798248 16.3068180
v -16.9946537 6.5572572 -8.9194794
v -16.9946537 6.5572572 8.9194870
v -16.9647274 66.5817947 -33.6475143
v -16.9647121 66.5817947 33.6475143
v -16.9370823 8.1670494 0.0000025
v -16.9168415 7.0645599 -6.5536156
v -16.9168415 7.0645599 6.5536194
v -16.8087082 8.1670494 -2.0813687
v -16.8087082 8.1670494 2.0813704
v -16.7636871 94.5680923 -33.2487717
v -16.7636719 94.5680923 33.2487679
v -16.7621269 6.7224469 -8.7974386
v -16.7621269 6.7224469 8.7974472
v -16.7541656 7.7346668 -4.2138395
v -16.7541656 7.7346668 4.2138453
v -16.7344093 43.4477692 -6.2159433
v -16.7344093 43.4477692 6.2159452
v -16.6879501 42.0038338 0.0000025
v -16.6738338 8.6492176 0.0000025
v -16.6494923 81.3827972 -24.9177132
v -16.6494846 81.3827972 24.9177208
v -16.6471767 78.5305252 -24.9142532
v -16.6471691 78.5305252 24.9142570
v -16.5708199 42.0038338 -1.9737346
v -16.5708199 42.0038338 1.9737394
v -16.5474548 8.6492176 -2.0490165
v -16.5474548 8.6492176 2.0490224
v -16.5097771 6.8450379 -8.6649971
v -16.5097771 6.8450379 8.6650000
v -16.5013027 84.2225800 -24.6959362
v -16.5012951 84.2225800 24.6959400
v -16.5005989 94.9498825 -20.1060276
v -16.5005913 94.9498825 20.1060314
v -16.4943848 75.6915359 -24.6855831
v -16.4943771 75.6915359 24.6855888
v -16.4933491 9.1680756 0.0000024
v -16.4872608 7.3638129 -6.3871956
v -16.4872608 7.3638129 6.3872013
v -16.4728394 64.9750519 -20.0722046
v -16.4728317 64.9750519 20.0722122
v -16.4597645 4.9520311 -11.3613482
v -16.4597569 4.9520311 11.3613539
v -16.4399624 5.2613382 -11.3476791
v -16.4399548 5.2613382 11.3476868
v -16.4255314 8.1670494 -4.1311846
v -16.4255314 8.1670494 4.1311884
v -16.4005394 9.7095299 0.0000024
v -16.3866882 63.4120102 -32.5010490
v -16.3866806 63.4120102 32.5010452
v -16.3810291 5.5632019 -11.3070011
v -16.3810215 5.5632019 11.3070068
v -16.3683414 9.1680756 -2.0268376
v -16.3683414 9.1680756 2.0268404
v -16.3422298 56.4072151 -8.7351007
v -16.3422298 56.4072151 8.7351027
v -16.2843857 5.8503599 -11.2402964
v -16.2843781 5.8503599 11.2402983
v -16.2762299 9.7095299 -2.0154316
v -16.2762299 9.7095299 2.0154364
v -16.2521133 54.7183189 -26.3950958
v -16.2521057 54.7183189 26.3950996
v -16.2265797 97.3011932 -32.1834908
v -16.2265720 97.3011932 32.1834908
v -16.2210693 42.0038338 -3.9197636
v -16.2210693 42.0038338 3.9197664
v -16.2169971 94.9498825 -20.3354626
v -16.2169895 94.9498825 20.3354683
v -16.2059078 54.7540665 0.0000024
v -16.2039547 87.0241928 -24.2509212
v -16.2039471 87.0241928 24.2509289
v -16.1924953 72.8914948 -24.2337704
v -16.1924877 72.8914948 24.2337780
v -16.1702328 8.6492176 -4.0669737
v -16.1702328 8.6492176 4.0669794
v -16.1523552 6.1159029 -11.1491632
v -16.1523476 6.1159029 11.1491623
v -16.1513767 9.7095299 -2.8479226
v -16.1513767 9.7095299 2.8479273
v -16.1278744 54.7540665 -1.5884556
v -16.1278744 54.7540665 1.5884575
v -16.1093445 7.7346668 -6.2407928
v -16.1093445 7.7346668 6.2407923
v -16.0208893 60.3364334 -16.0208817
v -16.0208817 60.3364334 16.0208874
v -15.9952002 9.1680756 -4.0229516
v -15.9952002 9.1680756 4.0229564
v -15.9913492 58.2736282 -13.1237593
v -15.9913454 58.2736282 13.1237612
v -15.9881172 6.3534412 -11.0357971
v -15.9881134 6.3534412 11.0357990
v -15.9832592 7.0645599 -8.5828257
v -15.9832554 7.0645599 8.5828304
v -15.9281263 44.7162933 -10.7283974
v -15.9281225 44.7162933 10.7283983
v -15.9051905 9.7095299 -4.0003157
v -15.9051905 9.7095299 4.0003195
v -15.8945169 54.7540665 -3.1616147
v -15.8945169 54.7540665 3.1616194
v -15.8817730 43.4477692 -8.1515465
v -15.8817692 43.4477692 8.1515465
v -15.7956209 6.5572572 -10.9029255
v -15.7956171 6.5572572 10.9029293
v -15.7933607 8.1670494 -6.1183786
v -15.7933569 8.1670494 6.1183815
v -15.7601337 89.7623138 -23.5866985
v -15.7601261 89.7623138 23.5867004
v -15.7442341 70.1557159 -23.5629025
v -15.7442265 70.1557159 23.5629082
v -15.7359314 40.4124146 0.0000024
v -15.6955462 45.7848740 -13.5263948
v -15.6955423 45.7848740 13.5263968
v -15.6888666 60.3634949 -31.1169949
v -15.6888552 60.3634949 31.1170025
v -15.6436148 42.0038338 -5.8107696
v -15.6436110 42.0038338 5.8107724
v -15.6254845 40.4124146 -1.8611367
v -15.6254845 40.4124146 1.8611393
v -15.6040916 49.8110313 -21.0981159
v -15.6040840 49.8110313 21.0981216
v -15.5991697 99.9376678 -30.9390907
v -15.5991583 99.9376678 30.9390984
v -15.5795002 6.7224469 -10.7537498
v -15.5794964 6.7224469 10.7537537
v -15.5773840 7.3638129 -8.3648777
v -15.5773802 7.3638129 8.3648767
v -15.5700235 47.6798248 -17.6909752
v -15.5700159 47.6798248 17.6909809
v -15.5607977 0.0000000 -12.5644608
v -15.5607939 0.0000000 12.5644627
v -15.5607977 4.9520311 -12.5644608
v -15.5607939 4.9520311 12.5644627
v -15.5478888 8.6492176 -6.0232816
v -15.5478849 8.6492176 6.0232835
v -15.5080891 54.7540665 -4.7043266
v -15.5080891 54.7540665 4.7043266
v -15.4931564 62.5769958 -18.8784580
v -15.4931488 62.5769958 18.8784618
v -15.4114666 9.7095299 -5.6093116
v -15.4114628 9.7095299 5.6093144
v -15.4073496 56.4072151 -10.2948570
v -15.4073458 56.4072151 10.2948589
v -15.3795938 9.1680756 -5.9580836
v -15.3795900 9.1680756 5.9580874
v -15.3449535 6.8450379 -10.5918560
v -15.3449497 6.8450379 10.5918570
v -15.2956858 40.4124146 -3.6961496
v -15.2956858 40.4124146 3.6961524
v -15.2930479 9.7095299 -5.9245543
v -15.2930441 9.7095299 5.9245572
v -15.2203274 7.7346668 -8.1731386
v -15.2203245 7.7346668 8.1731415
v -15.1738520 92.4122009 -22.7092628
v -15.1738443 92.4122009 22.7092705
v -15.1536570 67.5089340 -22.6790409
v -15.1536493 67.5089340 22.6790485
v -15.0604181 52.1629333 -24.4596615
v -15.0604105 52.1629333 24.4596653
v -15.0139227 38.7042999 0.0000023
v -14.9723091 54.7540665 -6.2017326
v -14.9723053 54.7540665 6.2017355
v -14.9702921 4.9520311 -13.2625189
v -14.9702883 4.9520311 13.2625198
v -14.9522820 5.2613382 -13.2465630
v -14.9522781 5.2613382 13.2465639
v -14.9217787 8.1670494 -8.0128222
v -14.9217749 8.1670494 8.0128241
v -14.9143419 80.0004044 -37.1157494
v -14.9143305 80.0004044 37.1157455
v -14.9085398 38.7042999 -1.7757437
v -14.9085398 38.7042999 1.7757453
v -14.8986826 5.5632019 -13.1990795
v -14.8986788 5.5632019 13.1990786
v -14.8763571 57.4585114 -29.5054798
v -14.8763447 57.4585114 29.5054874
v -14.8719053 82.9803696 -37.0101471
v -14.8718929 82.9803696 37.0101395
v -14.8598289 76.5835800 -36.9800911
v -14.8598175 76.5835800 36.9800911
v -14.8465557 42.0038338 -7.6202025
v -14.8465519 42.0038338 7.6202083
v -14.8107815 5.8503599 -13.1212063
v -14.8107786 5.8503599 13.1212072
v -14.8073845 7.0645599 -10.4819288
v -14.8073816 7.0645599 10.4819326
v -14.8061905 43.4477692 -9.9727173
v -14.8061867 43.4477692 9.9727182
v -14.7511749 40.4124146 -5.4792757
v -14.7511711 40.4124146 5.4792795
v -14.7466879 85.9435349 -36.6985245
v -14.7466764 85.9435349 36.6985245
v -14.6966953 73.1917419 -36.5741119
v -14.6966829 73.1917419 36.5741081
v -14.6907043 6.1159029 -13.0148239
v -14.6906996 6.1159029 13.0148230
v -14.6898518 8.6492176 -7.8882813
v -14.6898479 8.6492176 7.8882813
v -14.6279955 58.2736282 -14.6279917
v -14.6279917 58.2736282 14.6279898
v -14.5938768 38.7042999 -3.5265579
v -14.5938768 38.7042999 3.5265603
v -14.5474482 44.7162933 -12.5369673
v -14.5474443 44.7162933 12.5369711
v -14.5413284 6.3534412 -12.8824892
v -14.5413237 6.3534412 12.8824873
v -14.5393858 88.8733826 -36.1826324
v -14.5393744 88.8733826 36.1826324
v -14.5358906 36.9125252 0.0000023
v -14.5308447 9.1680756 -7.8028946
v -14.5308409 9.1680756 7.8028984
v -14.4504070 94.9498825 -21.6265488
v -14.4503994 94.9498825 21.6265564
v -14.4490747 9.7095299 -7.7589846
v -14.4490709 9.7095299 7.7589884
v -14.4338646 36.9125252 -1.7192037
v -14.4338646 36.9125252 1.7192063
v -14.4313717 7.3638129 -10.2157545
v -14.4313679 7.3638129 10.2157574
v -14.4261265 69.8496628 -35.9007759
v -14.4261150 69.8496628 35.9007759
v -14.4260998 64.9750519 -21.5901718
v -14.4260921 64.9750519 21.5901794
v -14.3734236 60.3364334 -17.5140591
v -14.3734159 60.3364334 17.5140648
v -14.3662500 6.5572572 -12.7273827
v -14.3662462 6.5572572 12.7273874
v -14.3438473 33.2176132 0.0000023
v -14.3240843 56.4072151 -11.7554693
v -14.3240805 56.4072151 11.7554731
v -14.3110847 35.0717621 0.0000023
v -14.2923384 54.7540665 -7.6394086
v -14.2923355 54.7540665 7.6394143
v -14.2511530 91.7535858 -35.4653435
v -14.2511415 91.7535858 35.4653435
v -14.2431698 33.2176132 -1.6964908
v -14.2431698 33.2176132 1.6964931
v -14.2106352 35.0717621 -1.6926159
v -14.2106352 35.0717621 1.6926172
v -14.2032852 9.7095299 -8.2002678
v -14.2032814 9.7095299 8.2002687
v -14.1696873 6.7224469 -12.5532436
v -14.1696835 6.7224469 12.5532465
v -14.1292191 36.9125252 -3.4142759
v -14.1292191 36.9125252 3.4142802
v -14.1269569 81.3827972 -26.4296646
v -14.1269493 81.3827972 26.4296722
v -14.1259336 33.2176132 -2.4907808
v -14.1259336 33.2176132 2.4907832
v -14.1249943 78.5305252 -26.4259911
v -14.1249866 78.5305252 26.4259987
v -14.1005802 7.7346668 -9.9815903
v -14.1005764 7.7346668 9.9815941
v -14.0743456 38.7042999 -5.2278695
v -14.0743456 38.7042999 5.2278724
v -14.0501032 66.5817947 -34.9650078
v -14.0500917 66.5817947 34.9650078
v -14.0253935 99.9376678 -31.6835899
v -14.0253820 99.9376678 31.6835938
v -14.0136318 47.6798248 -18.9476719
v -14.0136242 47.6798248 18.9476795
v -14.0012188 84.2225800 -26.1944294
v -14.0012112 84.2225800 26.1944370
v -13.9995842 40.4124146 -7.1854825
v -13.9995804 40.4124146 7.1854882
v -13.9953489 75.6915359 -26.1834469
v -13.9953413 75.6915359 26.1834488
v -13.9855719 45.7848740 -15.2878180
v -13.9855680 45.7848740 15.2878189
v -13.9563656 6.8450379 -12.3642569
v -13.9563618 6.8450379 12.3642607
v -13.9551058 54.7183189 -27.6782818
v -13.9550943 54.7183189 27.6782894
v -13.9425497 33.2176132 -3.3691678
v -13.9425497 33.2176132 3.3691702
v -13.9107018 35.0717621 -3.3614728
v -13.9107018 35.0717621 3.3614743
v -13.8836012 94.5680923 -34.5506516
v -13.8835897 94.5680923 34.5506516
v -13.8410826 42.0038338 -9.3226690
v -13.8410788 42.0038338 9.3226700
v -13.8239956 8.1670494 -9.7858009
v -13.8239918 8.1670494 9.7858028
v -13.7586336 49.8110313 -22.3454304
v -13.7586260 49.8110313 22.3454323
v -13.7489204 87.0241928 -25.7224159
v -13.7489138 87.0241928 25.7224178
v -13.7391987 72.8914948 -25.7042198
v -13.7391911 72.8914948 25.7042255
v -13.7350702 53.3291245 0.0000022
v -13.6689329 53.3291245 -1.3462698
v -13.6689329 53.3291245 1.3462741
v -13.6262312 36.9125252 -5.0614190
v -13.6262312 36.9125252 5.0614228
v -13.6091328 8.6492176 -9.6337032
v -13.6091290 8.6492176 9.6337023
v -13.5713730 63.4120102 -33.7736511
v -13.5713615 63.4120102 33.7736473
v -13.5681419 62.5769958 -20.3061466
v -13.5681343 62.5769958 20.3061523
v -13.5227623 43.4477692 -11.6538935
v -13.5227585 43.4477692 11.6538954
v -13.4834146 94.9498825 -22.2422924
v -13.4834070 94.9498825 22.2422981
v -13.4788074 33.2176132 -4.9058828
v -13.4788074 33.2176132 4.9058847
v -13.4747219 54.7540665 -9.0035200
v -13.4747181 54.7540665 9.0035210
v -13.4711552 53.3291245 -2.6795769
v -13.4711552 53.3291245 2.6795812
v -13.4618244 9.1680756 -9.5294247
v -13.4618196 9.1680756 9.5294285
v -13.4462042 33.2176132 -4.9945502
v -13.4462042 33.2176132 4.9945540
v -13.4387741 97.3011932 -33.4436607
v -13.4387627 97.3011932 33.4436607
v -13.4154911 35.0717621 -4.9831419
v -13.4154911 35.0717621 4.9831462
v -13.4070463 7.0645599 -12.2221336
v -13.4070425 7.0645599 12.2221346
v -13.3860712 9.7095299 -9.4758005
v -13.3860674 9.7095299 9.4758034
v -13.3723421 89.7623138 -25.0178833
v -13.3723345 89.7623138 25.0178909
v -13.3588533 70.1557159 -24.9926453
v -13.3588457 70.1557159 24.9926472
v -13.3572445 38.7042999 -6.8557940
v -13.3572407 38.7042999 6.8557949
v -13.2625227 4.9520311 -14.9702883
v -13.2625189 4.9520311 14.9702921
v -13.2465668 5.2613382 -14.9522781
v -13.2465630 5.2613382 14.9522820
v -13.2135639 0.0000000 -15.0135221
v -13.2135601 0.0000000 15.0135202
v -13.2135639 4.9520311 -15.0135221
v -13.2135601 4.9520311 15.0135202
v -13.1990824 5.5632019 -14.8986788
v -13.1990795 5.5632019 14.8986826
v -13.1436434 53.3291245 -3.9870789
v -13.1436434 53.3291245 3.9870832
v -13.1237631 58.2736282 -15.9913454
v -13.1237593 58.2736282 15.9913492
v -13.1212101 5.8503599 -14.8107786
v -13.1212063 5.8503599 14.8107815
v -13.1028738 56.4072151 -13.1028700
v -13.1028700 56.4072151 13.1028719
v -13.0665932 7.3638129 -11.9117680
v -13.0665894 7.3638129 11.9117699
v -13.0514717 40.4124146 -8.7908268
v -13.0514679 40.4124146 8.7908268
v -13.0148277 6.1159029 -14.6906996
v -13.0148239 6.1159029 14.6907043
v -12.9934416 60.3634949 -32.3354073
v -12.9934301 60.3634949 32.3354034
v -12.9625530 44.7162933 -14.1695433
v -12.9625492 44.7162933 14.1695471
v -12.9319620 36.9125252 -6.6375113
v -12.9319582 36.9125252 6.6375117
v -12.9318371 52.1629333 -25.6487560
v -12.9318295 52.1629333 25.6487637
v -12.9191561 99.9376678 -32.1505356
v -12.9191437 99.9376678 32.1505356
v -12.8824930 6.3534412 -14.5413237
v -12.8824892 6.3534412 14.5413246
v -12.8748894 92.4122009 -24.0872097
v -12.8748808 92.4122009 24.0872173
v -12.8577528 67.5089340 -24.0551510
v -12.8577452 67.5089340 24.0551586
v -12.7670851 7.7346668 -11.6387310
v -12.7670813 7.7346668 11.6387320
v -12.7611065 33.2176132 -6.5498180
v -12.7611036 33.2176132 6.5498199
v -12.7319593 35.0717621 -6.5348573
v -12.7319546 35.0717621 6.5348611
v -12.7273874 6.5572572 -14.3662462
v -12.7273827 6.5572572 14.3662500
v -12.6895504 53.3291245 -5.2561812
v -12.6895504 53.3291245 5.2561831
v -12.6413136 42.0038338 -10.8942614
v -12.6413097 42.0038338 10.8942623
v -12.5875330 60.3364334 -18.8385639
v -12.5875254 60.3364334 18.8385696
v -12.5635443 9.7095299 -10.5420609
v -12.5635405 9.7095299 10.5420628
v -12.5532465 6.7224469 -14.1696835
v -12.5532436 6.7224469 14.1696854
v -12.5273399 54.7540665 -10.2809181
v -12.5273361 54.7540665 10.2809219
v -12.5166559 8.1670494 -11.4104357
v -12.5166521 8.1670494 11.4104395
v -12.4526348 38.7042999 -8.3874788
v -12.4526310 38.7042999 8.3874798
v -12.4221382 33.2176132 -7.1719222
v -12.4221344 33.2176132 7.1719232
v -12.3642607 6.8450379 -13.9563618
v -12.3642569 6.8450379 13.9563656
v -12.3562746 47.6798248 -20.0678520
v -12.3562670 47.6798248 20.0678596
v -12.3221130 8.6492176 -11.2330856
v -12.3221092 8.6492176 11.2330856
v -12.3205252 57.4585114 -30.6607876
v -12.3205137 57.4585114 30.6607933
v -12.2610521 94.9498825 -22.9388027
v -12.2610445 94.9498825 22.9388103
v -12.2404270 64.9750519 -22.9002151
v -12.2404194 64.9750519 22.9002190
v -12.1887360 9.1680756 -11.1114969
v -12.1887321 9.1680756 11.1114979
v -12.1201468 9.7095299 -11.0489712
v -12.1201429 9.7095299 11.0489721
v -12.1132526 53.3291245 -6.4746661
v -12.1132488 53.3291245 6.4746699
v -12.0792704 45.7848740 -16.8346291
v -12.0792627 45.7848740 16.8346329
v -12.0561495 36.9125252 -8.1204281
v -12.0561466 36.9125252 8.1204300
v -12.0495062 43.4477692 -13.1714764
v -12.0495024 43.4477692 13.1714802
v -11.9201469 40.4124146 -10.2727623
v -11.9201431 40.4124146 10.2727642
v -11.8968687 33.2176132 -8.0131426
v -11.8968649 33.2176132 8.0131445
v -11.8696957 35.0717621 -7.9948382
v -11.8696918 35.0717621 7.9948392
v -11.8140430 49.8110313 -23.4317455
v -11.8140354 49.8110313 23.4317532
v -11.8034697 7.0645599 -13.7770653
v -11.8034658 7.0645599 13.7770691
v -11.7554731 56.4072151 -14.3240805
v -11.7554693 56.4072151 14.3240843
v -11.7129774 80.0004044 -38.2468605
v -11.7129622 80.0004044 38.2468605
v -11.6796474 82.9803696 -38.1380386
v -11.6796360 82.9803696 38.1380348
v -11.6701641 76.5835800 -38.1070709
v -11.6701527 76.5835800 38.1070709
v -11.5813093 85.9435349 -37.8169250
v -11.5812979 85.9435349 37.8169212
v -11.5575485 54.7183189 -28.7620449
v -11.5575371 54.7183189 28.7620506
v -11.5420485 73.1917419 -37.6887207
v -11.5420370 73.1917419 37.6887169
v -11.5124540 62.5769958 -21.5382767
v -11.5124464 62.5769958 21.5382805
v -11.5037365 7.3638129 -13.4272146
v -11.5037336 7.3638129 13.4272175
v -11.4931440 58.2736282 -17.2006950
v -11.4931364 58.2736282 17.2007027
v -11.4683714 81.3827972 -27.6870804
v -11.4683599 81.3827972 27.6870842
v -11.4667788 78.5305252 -27.6832352
v -11.4667673 78.5305252 27.6832428
v -11.4593115 54.7540665 -11.4593077
v -11.4593077 54.7540665 11.4593086
v -11.4202938 53.3291245 -7.6307940
v -11.4202900 53.3291245 7.6307979
v -11.4185047 88.8733826 -37.2853127
v -11.4184933 88.8733826 37.2853088
v -11.3732176 38.7042999 -9.8014183
v -11.3732138 38.7042999 9.8014221
v -11.3662996 84.2225800 -27.4406528
v -11.3662882 84.2225800 27.4406586
v -11.3615332 75.6915359 -27.4291496
v -11.3615217 75.6915359 27.4291534
v -11.3613558 4.9520311 -16.4597569
v -11.3613482 4.9520311 16.4597626
v -11.3476868 5.2613382 -16.4399548
v -11.3476791 5.2613382 16.4399624
v -11.3295565 69.8496628 -36.9948654
v -11.3295450 69.8496628 36.9948654
v -11.3070087 5.5632019 -16.3810215
v -11.3070011 5.5632019 16.3810272
v -11.2640867 42.0038338 -12.3129234
v -11.2640829 42.0038338 12.3129253
v -11.2403002 5.8503599 -16.2843781
v -11.2402964 5.8503599 16.2843819
v -11.2400513 7.7346668 -13.1194410
v -11.2400475 7.7346668 13.1194429
v -11.1956940 44.7162933 -15.6032104
v -11.1956902 44.7162933 15.6032143
v -11.1921425 91.7535858 -36.5461578
v -11.1921310 91.7535858 36.5461578
v -11.1614799 87.0241928 -26.9461823
v -11.1614723 87.0241928 26.9461899
v -11.1535854 72.8914948 -26.9271240
v -11.1535788 72.8914948 26.9271317
v -11.1491671 6.1159029 -16.1523476
v -11.1491632 6.1159029 16.1523533
v -11.1400728 52.1452827 0.0000020
v -11.0864334 52.1452827 -1.0919180
v -11.0864334 52.1452827 1.0919189
v -11.0358009 6.3534412 -15.9881134
v -11.0357971 6.3534412 15.9881144
v -11.0342474 66.5817947 -36.0305786
v -11.0342369 66.5817947 36.0305786
v -11.0195789 8.1670494 -12.8621035
v -11.0195751 8.1670494 12.8621073
v -11.0111046 36.9125252 -9.4893494
v -11.0111008 36.9125252 9.4893532
v -10.9880257 33.2176132 -9.2200460
v -10.9880219 33.2176132 9.2200499
v -10.9260216 52.1452827 -2.1733181
v -10.9260216 52.1452827 2.1733220
v -10.9034853 94.5680923 -35.6035919
v -10.9034739 94.5680923 35.6035919
v -10.9029293 6.5572572 -15.7956171
v -10.9029255 6.5572572 15.7956190
v -10.8656263 33.2176132 -9.3639803
v -10.8656225 33.2176132 9.3639812
v -10.8557711 89.7623138 -26.2081394
v -10.8557634 89.7623138 26.2081356
v -10.8483028 8.6492176 -12.6621895
v -10.8482990 8.6492176 12.6621895
v -10.8448181 70.1557159 -26.1816978
v -10.8448105 70.1557159 26.1816959
v -10.8408079 35.0717621 -9.3425894
v -10.8408041 35.0717621 9.3425932
v -10.7537537 6.7224469 -15.5794964
v -10.7537498 6.7224469 15.5794973
v -10.7308779 9.1680756 -12.5251284
v -10.7308741 9.1680756 12.5251303
v -10.7100849 52.1629333 -26.6530571
v -10.7100773 52.1629333 26.6530571
v -10.6804190 60.3364334 -19.9816494
v -10.6804113 60.3364334 19.9816475
v -10.6704912 9.7095299 -12.4546480
v -10.6704874 9.7095299 12.4546490
v -10.6603880 52.1452827 -3.2337921
v -10.6603880 52.1452827 3.2337930
v -10.6582775 63.4120102 -34.8029137
v -10.6582661 63.4120102 34.8029099
v -10.6214876 40.4124146 -11.6104918
v -10.6214838 40.4124146 11.6104937
v -10.6173525 53.3291245 -8.7134333
v -10.6173496 53.3291245 8.7134352
v -10.6098852 47.6798248 -21.0434475
v -10.6098766 47.6798248 21.0434456
v -10.5918598 6.8450379 -15.3449497
v -10.5918560 6.8450379 15.3449535
v -10.5541410 97.3011932 -34.4628677
v -10.5541296 97.3011932 34.4628677
v -10.5420647 9.7095299 -12.5635405
v -10.5420609 9.7095299 12.5635424
v -10.5284357 94.9498825 -23.7839069
v -10.5284281 94.9498825 23.7839031
v -10.4862041 0.0000000 -17.0306702
v -10.4861965 0.0000000 17.0306702
v -10.4862041 4.9520311 -17.0306702
v -10.4861965 4.9520311 17.0306702
v -10.4519320 92.4122009 -25.2331848
v -10.4519243 92.4122009 25.2331848
v -10.4380217 67.5089340 -25.1996059
v -10.4380140 67.5089340 25.1996002
v -10.4070978 43.4477692 -14.5041609
v -10.4070940 43.4477692 14.5041647
v -10.2948608 56.4072151 -15.4073458
v -10.2948570 56.4072151 15.4073467
v -10.2920876 52.1452827 -4.2631221
v -10.2920876 52.1452827 4.2631211
v -10.2809219 54.7540665 -12.5273361
v -10.2809181 54.7540665 12.5273371
v -10.2043982 60.3634949 -33.3208389
v -10.2043867 60.3634949 33.3208351
v -10.1460581 99.9376678 -33.1303368
v -10.1460457 99.9376678 33.1303329
v -10.1341448 38.7042999 -11.0777693
v -10.1341410 38.7042999 11.0777712
v -10.0209675 7.0645599 -15.1231489
v -10.0209637 7.0645599 15.1231508
v -10.0034008 45.7848740 -18.1451263
v -10.0033932 45.7848740 18.1451263
v -9.9536142 94.9498825 -24.0301399
v -9.9536076 94.9498825 24.0301399
v -9.9368725 64.9750519 -23.9897194
v -9.9368649 64.9750519 23.9897194
v -9.8586369 99.9376678 -33.2169991
v -9.8586254 99.9376678 33.2169952
v -9.8246698 52.1452827 -5.2513919
v -9.8246698 52.1452827 5.2513962
v -9.8114805 36.9125252 -10.7250605
v -9.8114767 36.9125252 10.7250624
v -9.7843323 49.8110313 -24.3492336
v -9.7843246 49.8110313 24.3492336
v -9.7664976 7.3638129 -14.7391167
v -9.7664938 7.3638129 14.7391205
v -9.7518387 58.2736282 -18.2443981
v -9.7518311 58.2736282 18.2443962
v -9.7287340 42.0038338 -13.5587387
v -9.7287302 42.0038338 13.5587406
v -9.7121630 53.3291245 -9.7121592
v -9.7121592 53.3291245 9.7121630
v -9.6818562 33.2176132 -10.5833673
v -9.6818523 33.2176132 10.5833673
v -9.6759243 57.4585114 -31.5951881
v -9.6759129 57.4585114 31.5951862
v -9.6597395 35.0717621 -10.5591917
v -9.6597366 35.0717621 10.5591927
v -9.5426321 7.7346668 -14.4012728
v -9.5426283 7.7346668 14.4012737
v -9.3554535 8.1670494 -14.1187906
v -9.3554506 8.1670494 14.1187916
v -9.3458986 62.5769958 -22.5629845
v -9.3458910 62.5769958 22.5629845
v -9.2945147 4.9520311 -17.7092113
v -9.2945070 4.9520311 17.7092113
v -9.2833328 5.2613382 -17.6879044
v -9.2833252 5.2613382 17.6879044
v -9.2716722 44.7162933 -16.8178463
v -9.2716646 44.7162933 16.8178444
v -9.2626343 52.1452827 -6.1890931
v -9.2626305 52.1452827 6.1890950
v -9.2500544 5.5632019 -17.6244984
v -9.2500467 5.5632019 17.6244984
v -9.2200499 33.2176132 -10.9880219
v -9.2200460 33.2176132 10.9880228
v -9.2100420 8.6492176 -13.8993444
v -9.2100382 8.6492176 13.8993483
v -9.1954823 5.8503599 -17.5205193
v -9.1954746 5.8503599 17.5205193
v -9.1737289 40.4124146 -12.7852364
v -9.1737251 40.4124146 12.7852383
v -9.1209278 6.1159029 -17.3784676
v -9.1209202 6.1159029 17.3784657
v -9.1103506 9.1680756 -13.7488947
v -9.1103468 9.1680756 13.7488966
v -9.0767193 54.7183189 -29.6385822
v -9.0767078 54.7183189 29.6385822
v -9.0590868 9.7095299 -13.6715250
v -9.0590830 9.7095299 13.6715288
v -9.0281839 6.3534412 -17.2017612
v -9.0281763 6.3534412 17.2017612
v -9.0035238 54.7540665 -13.4747181
v -9.0035200 54.7540665 13.4747200
v -8.9194870 6.5572572 -16.9946537
v -8.9194794 6.5572572 16.9946537
v -8.7974472 6.7224469 -16.7621269
v -8.7974386 6.7224469 16.7621231
v -8.7870560 47.6798248 -21.8674202
v -8.7870483 47.6798248 21.8674145
v -8.7528105 38.7042999 -12.1986141
v -8.7528067 38.7042999 12.1986160
v -8.7351046 56.4072151 -16.3422298
v -8.7351007 56.4072151 16.3422241
v -8.7134371 53.3291245 -10.6173496
v -8.7134333 53.3291245 10.6173525
v -8.6993399 81.3827972 -28.6778584
v -8.6993284 81.3827972 28.6778584
v -8.6981316 78.5305252 -28.6738758
v -8.6981201 78.5305252 28.6738758
v -8.6704445 60.3364334 -20.9322968
v -8.6704369 60.3364334 20.9322948
v -8.6650047 6.8450379 -16.5097771
v -8.6649971 6.8450379 16.5097771
v -8.6219130 84.2225800 -28.4226151
v -8.6219015 84.2225800 28.4226131
v -8.6185989 43.4477692 -15.6332378
v -8.6185951 43.4477692 15.6332388
v -8.6182976 75.6915359 -28.4107018
v -8.6182861 75.6915359 28.4106960
v -8.6113968 52.1452827 -7.0671883
v -8.6113930 52.1452827 7.0671921
v -8.4741278 36.9125252 -11.8102207
v -8.4741240 36.9125252 11.8102217
v -8.4665480 87.0241928 -27.9104500
v -8.4665365 87.0241928 27.9104443
v -8.4605608 72.8914948 -27.8907089
v -8.4605494 72.8914948 27.8907089
v -8.4443808 51.2132263 0.0000017
v -8.4272232 80.0004044 -39.1024094
v -8.4272079 80.0004044 39.1024055
v -8.4111662 52.1629333 -27.4653187
v -8.4111547 52.1629333 27.4653187
v -8.4037189 51.2132263 -0.8276923
v -8.4037189 51.2132263 0.8276957
v -8.4032431 82.9803696 -38.9911499
v -8.4032278 82.9803696 38.9911461
v -8.3964195 76.5835800 -38.9594879
v -8.3964043 76.5835800 38.9594841
v -8.3621702 33.2176132 -11.6541862
v -8.3621664 33.2176132 11.6541901
v -8.3430691 35.0717621 -11.6275644
v -8.3430653 35.0717621 11.6275682
v -8.3324900 85.9435349 -38.6628532
v -8.3324747 85.9435349 38.6628532
v -8.3042412 73.1917419 -38.5317802
v -8.3042259 73.1917419 38.5317802
v -8.2821236 51.2132263 -1.6474162
v -8.2821236 51.2132263 1.6474177
v -8.2346487 89.7623138 -27.1459904
v -8.2346411 89.7623138 27.1459904
v -8.2263432 70.1557159 -27.1186066
v -8.2263355 70.1557159 27.1186008
v -8.2153540 88.8733826 -38.1193466
v -8.2153425 88.8733826 38.1193466
v -8.2002716 9.7095299 -14.2032814
v -8.2002678 9.7095299 14.2032852
v -8.1513577 69.8496628 -37.8224030
v -8.1513462 69.8496628 37.8223991
v -8.0865545 7.0645599 -16.2399864
v -8.0865507 7.0645599 16.2399864
v -8.0807695 51.2132263 -2.4512744
v -8.0807695 51.2132263 2.4512746
v -8.0568151 42.0038338 -14.6142206
v -8.0568113 42.0038338 14.6142216
v -8.0524912 91.7535858 -37.3636589
v -8.0524797 91.7535858 37.3636589
v -7.9388924 66.5817947 -36.8365479
v -7.9388785 66.5817947 36.8365440
v -7.9283214 92.4122009 -26.1361485
v -7.9283118 92.4122009 26.1361485
v -7.9177666 67.5089340 -26.1013641
v -7.9177566 67.5089340 26.1013641
v -7.9166169 58.2736282 -19.1123924
v -7.9166093 58.2736282 19.1123905
v -7.8812075 7.3638129 -15.8275900
v -7.8812017 7.3638129 15.8275909
v -7.8772235 52.1452827 -7.8772216
v -7.8772216 52.1452827 7.8772235
v -7.8448105 94.5680923 -36.4000092
v -7.8447967 94.5680923 36.4000092
v -7.8015914 51.2132263 -3.2315233
v -7.8015895 51.2132263 3.2315247
v -7.7871099 45.7848740 -19.2009010
v -7.7871022 45.7848740 19.2008972
v -7.7005563 7.7346668 -15.4647951
v -7.7005506 7.7346668 15.4647961
v -7.6841264 49.8110313 -25.0912819
v -7.6841168 49.8110313 25.0912819
v -7.6683903 63.4120102 -35.5814209
v -7.6683779 63.4120102 35.5814171
v -7.6394143 54.7540665 -14.2923355
v -7.6394086 54.7540665 14.2923355
v -7.6307979 53.3291245 -11.4202900
v -7.6307940 53.3291245 11.4202919
v -7.5971894 40.4124146 -13.7805033
v -7.5971837 40.4124146 13.7805071
v -7.5934639 97.3011932 -35.2337685
v -7.5934520 97.3011932 35.2337646
v -7.5503201 94.9498825 -24.8900528
v -7.5503106 94.9498825 24.8900528
v -7.5495095 8.1670494 -15.1614542
v -7.5495038 8.1670494 15.1614552
v -7.5376196 64.9750519 -24.8481827
v -7.5376096 64.9750519 24.8481827
v -7.4571714 0.0000000 -18.5578766
v -7.4571657 0.0000000 18.5578728
v -7.4571714 4.9520311 -18.5578766
v -7.4571657 4.9520311 18.5578728
v -7.4472804 51.2132263 -3.9806523
v -7.4472785 51.2132263 3.9806528
v -7.4321694 8.6492176 -14.9258013
v -7.4321647 8.6492176 14.9258022
v -7.4005775 94.9498825 -24.9349861
v -7.4005675 94.9498825 24.9349861
v -7.3517213 9.1680756 -14.7642403
v -7.3517156 9.1680756 14.7642412
v -7.3418317 60.3634949 -34.0661926
v -7.3418202 60.3634949 34.0661926
v -7.3103523 9.7095299 -14.6811581
v -7.3103476 9.7095299 14.6811619
v -7.2998567 99.9376678 -33.8714294
v -7.2998452 99.9376678 33.8714256
v -7.2486072 38.7042999 -13.1482143
v -7.2486029 38.7042999 13.1482153
v -7.2174954 44.7162933 -17.7963924
v -7.2174897 44.7162933 17.7963905
v -7.1719260 33.2176132 -12.4221344
v -7.1719222 33.2176132 12.4221382
v -7.0921373 4.9520311 -18.7004204
v -7.0921326 4.9520311 18.7004166
v -7.0912242 56.4072151 -17.1197262
v -7.0912185 56.4072151 17.1197262
v -7.0893369 62.5769958 -23.3703976
v -7.0893292 62.5769958 23.3703976
v -7.0836034 5.2613382 -18.6779213
v -7.0835986 5.2613382 18.6779194
v -7.0671921 52.1452827 -8.6113930
v -7.0671883 52.1452827 8.6113939
v -7.0582123 5.5632019 -18.6109657
v -7.0582066 5.5632019 18.6109638
v -7.0212455 51.2132263 -4.6914477
v -7.0212445 51.2132263 4.6914454
v -7.0178161 36.9125252 -12.7295847
v -7.0178123 36.9125252 12.7295885
v -7.0165715 5.8503599 -18.5011673
v -7.0165658 5.8503599 18.5011673
v -6.9616089 57.4585114 -32.3019409
v -6.9615970 57.4585114 32.3019409
v -6.9596815 6.1159029 -18.3511639
v -6.9596758 6.1159029 18.3511620
v -6.9251008 33.2176132 -12.5614071
v -6.9250970 33.2176132 12.5614109
v -6.9092832 35.0717621 -12.5327129
v -6.9092789 35.0717621 12.5327139
v -6.9009147 47.6798248 -22.5338364
v -6.9009070 47.6798248 22.5338306
v -6.8889165 6.3534412 -18.1645679
v -6.8889108 6.3534412 18.1645660
v -6.8059745 6.5572572 -17.9458675
v -6.8059688 6.5572572 17.9458656
v -6.7128534 6.7224469 -17.7003269
v -6.7128487 6.7224469 17.7003250
v -6.7091155 43.4477692 -16.5428581
v -6.7091098 43.4477692 16.5428581
v -6.6117926 6.8450379 -17.4338551
v -6.6117864 6.8450379 17.4338551
v -6.5769720 60.3364334 -21.6813526
v -6.5769639 60.3364334 21.6813488
v -6.5304947 54.7183189 -30.3015671
v -6.5304832 54.7183189 30.3015652
v -6.5275965 51.2132263 -5.3570585
v -6.5275955 51.2132263 5.3570585
v -6.4746699 53.3291245 -12.1132488
v -6.4746661 53.3291245 12.1132526
v -6.2717953 42.0038338 -15.4645481
v -6.2717896 42.0038338 15.4645519
v -6.2017374 54.7540665 -14.9723053
v -6.2017326 54.7540665 14.9723063
v -6.1890969 52.1452827 -9.2626305
v -6.1890931 52.1452827 9.2626324
v -6.0516415 52.1629333 -28.0796909
v -6.0516315 52.1629333 28.0796852
v -6.0295587 7.0645599 -17.1106358
v -6.0295525 7.0645599 17.1106358
v -6.0051527 58.2736282 -19.7963238
v -6.0051451 58.2736282 19.7963238
v -5.9710784 51.2132263 -5.9710765
v -5.9710765 51.2132263 5.9710784
v -5.9140015 40.4124146 -14.5823212
v -5.9139957 40.4124146 14.5823250
v -5.8764453 7.3638129 -16.6761341
v -5.8764396 7.3638129 16.6761341
v -5.8465276 81.3827972 -29.3924541
v -5.8465176 81.3827972 29.3924522
v -5.8457146 78.5305252 -29.3883705
v -5.8457046 78.5305252 29.3883667
v -5.7944903 84.2225800 -29.1308479
v -5.7944818 84.2225800 29.1308441
v -5.7920613 75.6915359 -29.1186333
v -5.7920527 75.6915359 29.1186314
v -5.7417483 7.7346668 -16.2938900
v -5.7417436 7.7346668 16.2938900
v -5.6900764 87.0241928 -28.6059189
v -5.6900678 87.0241928 28.6059189
v -5.6860533 72.8914948 -28.5856838
v -5.6860447 72.8914948 28.5856838
v -5.6723571 50.5413857 0.0000005
v -5.6450410 50.5413857 -0.5559895
v -5.6450410 50.5413857 0.5559875
v -5.6426497 38.7042999 -13.9132452
v -5.6426435 38.7042999 13.9132442
v -5.6291265 8.1670494 -15.9742832
v -5.6291203 8.1670494 15.9742851
v -5.6093163 9.7095299 -15.4114628
v -5.6093116 9.7095299 15.4114666
v -5.5633621 50.5413857 -1.1066215
v -5.5633621 50.5413857 1.1066225
v -5.5416303 8.6492176 -15.7259960
v -5.5416245 8.6492176 15.7259979
v -5.5342274 89.7623138 -27.8224106
v -5.5342188 89.7623138 27.8224049
v -5.5300016 99.9376678 -34.2049789
v -5.5299902 99.9376678 34.2049789
v -5.5286422 70.1557159 -27.7943439
v -5.5286336 70.1557159 27.7943401
v -5.5285544 49.8110313 -25.6525497
v -5.5285444 49.8110313 25.6525497
v -5.4816484 9.1680756 -15.5557737
v -5.4816437 9.1680756 15.5557747
v -5.4629908 36.9125252 -13.4702578
v -5.4629869 36.9125252 13.4702587
v -5.4615011 45.7848740 -19.9871368
v -5.4614930 45.7848740 19.9871349
v -5.4508004 9.7095299 -15.4682407
v -5.4507957 9.7095299 15.4682379
v -5.4281049 50.5413857 -1.6465995
v -5.4281049 50.5413857 1.6465985
v -5.3908172 33.2176132 -13.2922955
v -5.3908129 33.2176132 13.2922935
v -5.3790526 56.4072151 -17.7323513
v -5.3790464 56.4072151 17.7323475
v -5.3785028 35.0717621 -13.2619333
v -5.3784990 35.0717621 13.2619276
v -5.3570604 51.2132263 -6.5275955
v -5.3570585 51.2132263 6.5275965
v -5.3283534 92.4122009 -26.7874069
v -5.3283434 92.4122009 26.7874069
v -5.3212605 67.5089340 -26.7517567
v -5.3212504 67.5089340 26.7517529
v -5.2561851 53.3291245 -12.6895504
v -5.2561812 53.3291245 12.6895475
v -5.2513962 52.1452827 -9.8246698
v -5.2513919 52.1452827 9.8246651
v -5.2405729 50.5413857 -2.1707156
v -5.2405729 50.5413857 2.1707175
v -5.0807452 80.0004044 -39.6762161
v -5.0807328 80.0004044 39.6762161
v -5.0743113 94.9498825 -25.5102596
v -5.0743027 94.9498825 25.5102596
v -5.0662913 82.9803696 -39.5633278
v -5.0662775 82.9803696 39.5633240
v -5.0657754 64.9750519 -25.4673519
v -5.0657668 64.9750519 25.4673481
v -5.0621762 76.5835800 -39.5312042
v -5.0621638 76.5835800 39.5312004
v -5.0620012 44.7162933 -18.5251179
v -5.0619955 44.7162933 18.5251179
v -5.0236316 85.9435349 -39.2302132
v -5.0236187 85.9435349 39.2302094
v -5.0066013 73.1917419 -39.0972176
v -5.0065875 73.1917419 39.0972137
v -5.0025711 50.5413857 -2.6739295
v -5.0025711 50.5413857 2.6739285
v -4.9650507 47.6798248 -23.0378914
v -4.9650431 47.6798248 23.0378914
v -4.9530115 88.8733826 -38.6787338
v -4.9529977 88.8733826 38.6787338
v -4.9144292 69.8496628 -38.3774300
v -4.9144168 69.8496628 38.3774261
v -4.9058871 33.2176132 -13.4788074
v -4.9058828 33.2176132 13.4788074
v -4.8548222 91.7535858 -37.9119568
v -4.8548098 91.7535858 37.9119530
v -4.7863407 4.9520311 -19.4189358
v -4.7863331 4.9520311 19.4189358
v -4.7863336 66.5817947 -37.3771057
v -4.7863207 66.5817947 37.3771057
v -4.7805839 5.2613382 -19.3955708
v -4.7805762 5.2613382 19.3955708
v -4.7645011 62.5769958 -23.9527378
v -4.7644930 62.5769958 23.9527378
v -4.7634449 5.5632019 -19.3260460
v -4.7634373 5.5632019 19.3260460
v -4.7353439 5.8503599 -19.2120266
v -4.7353363 5.8503599 19.2120266
v -4.7296124 94.5680923 -36.9341660
v -4.7295985 94.5680923 36.9341621
v -4.7163925 50.5413857 -3.1513906
v -4.7163906 50.5413857 3.1513884
v -4.7054472 43.4477692 -17.2202530
v -4.7054415 43.4477692 17.2202511
v -4.7043314 54.7540665 -15.5080891
v -4.7043266 54.7540665 15.5080891
v -4.6969495 6.1159029 -19.0562611
v -4.6969438 6.1159029 19.0562592
v -4.6914496 51.2132263 -7.0212445
v -4.6914477 51.2132263 7.0212455
v -4.6491904 6.3534412 -18.8624954
v -4.6491857 6.3534412 18.8624916
v -4.6232495 63.4120102 -36.1035614
v -4.6232367 63.4120102 36.1035614
v -4.5932145 6.5572572 -18.6353912
v -4.5932088 6.5572572 18.6353893
v -4.5780783 97.3011932 -35.7508049
v -4.5780659 97.3011932 35.7508049
v -4.5303693 6.7224469 -18.3804150
v -4.5303636 6.7224469 18.3804131
v -4.4621654 6.8450379 -18.1037025
v -4.4621606 6.8450379 18.1037025
v -4.4263687 60.3634949 -34.5660973
v -4.4263573 60.3634949 34.5660973
v -4.4201570 60.3364334 -22.2216053
v -4.4201493 60.3364334 22.2216034
v -4.4010620 99.9376678 -34.3684769
v -4.4010501 99.9376678 34.3684731
v -4.3987312 42.0038338 -16.0977917
v -4.3987255 42.0038338 16.0977879
v -4.3847904 50.5413857 -3.5985026
v -4.3847885 50.5413857 3.5985045
v -4.2631259 52.1452827 -10.2920876
v -4.2631221 52.1452827 10.2920847
v -4.2136130 0.0000000 -19.5512047
v -4.2136049 0.0000000 19.5512009
v -4.2136130 4.9520311 -19.5512047
v -4.2136049 4.9520311 19.5512009
v -4.1971316 57.4585114 -32.7759590
v -4.1971202 57.4585114 32.7759590
v -4.1512046 94.9498825 -25.6766376
v -4.1511946 94.9498825 25.6766319
v -4.1477914 40.4124146 -15.1794386
v -4.1477866 40.4124146 15.1794386
v -4.0358601 58.2736282 -20.2896080
v -4.0358520 58.2736282 20.2896080
v -4.0109625 50.5413857 -4.0109606
v -4.0109606 50.5413857 4.0109625
v -3.9870832 53.3291245 -13.1436434
v -3.9870789 53.3291245 13.1436415
v -3.9806557 51.2132263 -7.4472785
v -3.9806523 51.2132263 7.4472785
v -3.9574811 38.7042999 -14.4829655
v -3.9574769 38.7042999 14.4829626
v -3.9372156 54.7183189 -30.7462311
v -3.9372044 54.7183189 30.7462292
v -3.8811615 7.0645599 -17.7219086
v -3.8811567 7.0645599 17.7219067
v -3.8314781 36.9125252 -14.0218372
v -3.8314738 36.9125252 14.0218344
v -3.7826054 7.3638129 -17.2718849
v -3.7825997 7.3638129 17.2718811
v -3.7808561 33.2176132 -13.8365870
v -3.7808518 33.2176132 13.8365822
v -3.7722201 35.0717621 -13.8049812
v -3.7722158 35.0717621 13.8049812
v -3.6959004 7.7346668 -16.8759861
v -3.6958957 7.7346668 16.8759861
v -3.6485164 52.1629333 -28.4917488
v -3.6485076 52.1629333 28.4917469
v -3.6234064 8.1670494 -16.5449619
v -3.6234016 8.1670494 16.5449600
v -3.6150787 56.4072151 -18.1742039
v -3.6150713 56.4072151 18.1742039
v -3.5985045 50.5413857 -4.3847885
v -3.5985026 50.5413857 4.3847895
v -3.5670884 8.6492176 -16.2878036
v -3.5670836 8.6492176 16.2878017
v -3.5284755 9.1680756 -16.1115017
v -3.5284696 9.1680756 16.1115017
v -3.5086215 9.7095299 -16.0208378
v -3.5086155 9.7095299 16.0208378
v -3.3331485 49.8110313 -26.0289898
v -3.3331397 49.8110313 26.0289898
v -3.2337959 52.1452827 -10.6603880
v -3.2337921 52.1452827 10.6603880
v -3.2315266 51.2132263 -7.8015895
v -3.2315233 51.2132263 7.8015895
v -3.1616194 54.7540665 -15.8945169
v -3.1616147 54.7540665 15.8945150
v -3.1513925 50.5413857 -4.7163906
v -3.1513906 50.5413857 4.7163897
v -3.0592239 45.7848740 -20.4927959
v -3.0592160 45.7848740 20.4927940
v -2.9934151 47.6798248 -23.3759651
v -2.9934068 47.6798248 23.3759613
v -2.9374106 81.3827972 -29.8239765
v -2.9373994 81.3827972 29.8239765
v -2.9370046 78.5305252 -29.8198376
v -2.9369934 78.5305252 29.8198318
v -2.9112675 84.2225800 -29.5585346
v -2.9112563 84.2225800 29.5585289
v -2.9100466 75.6915359 -29.5461445
v -2.9100354 75.6915359 29.5461388
v -2.8588076 87.0241928 -29.0258980
v -2.8587964 87.0241928 29.0258980
v -2.8567867 72.8914948 -29.0053692
v -2.8567753 72.8914948 29.0053692
v -2.8490541 50.1358490 0.0000002
v -2.8479273 9.7095299 -16.1513767
v -2.8479226 9.7095299 16.1513767
v -2.8354497 44.7162933 -18.9937897
v -2.8354423 44.7162933 18.9937878
v -2.8353360 50.1358490 -0.2792568
v -2.8353360 50.1358490 0.2792552
v -2.7943101 50.1358490 -0.5558248
v -2.7943101 50.1358490 0.5558223
v -2.7805054 89.7623138 -28.2308865
v -2.7804966 89.7623138 28.2308865
v -2.7777004 70.1557159 -28.2024078
v -2.7776916 70.1557159 28.2024021
v -2.7263751 50.1358490 -0.8270378
v -2.7263751 50.1358490 0.8270352
v -2.6795812 53.3291245 -13.4711552
v -2.6795769 53.3291245 13.4711523
v -2.6770673 92.4122009 -27.1806889
v -2.6770587 92.4122009 27.1806831
v -2.6739314 50.5413857 -5.0025711
v -2.6739295 50.5413857 5.0025692
v -2.6735053 67.5089340 -27.1445122
v -2.6734967 67.5089340 27.1445103
v -2.6357265 43.4477692 -17.6559143
v -2.6357205 43.4477692 17.6559124
v -2.6321831 50.1358490 -1.0902867
v -2.6321831 50.1358490 1.0902842
v -2.5494351 94.9498825 -25.8847923
v -2.5494268 94.9498825 25.8847885
v -2.5451450 64.9750519 -25.8412514
v -2.5451369 64.9750519 25.8412514
v -2.5126419 50.1358490 -1.3430347
v -2.5126419 50.1358490 1.3430352
v -2.4907851 33.2176132 -14.1259336
v -2.4907808 33.2176132 14.1259308
v -2.4639235 42.0038338 -16.5050545
v -2.4639175 42.0038338 16.5050526
v -2.4512777 51.2132263 -8.0807695
v -2.4512744 51.2132263 8.0807648
v -2.4107497 4.9520311 -19.8542786
v -2.4107423 4.9520311 19.8542767
v -2.4078507 5.2613382 -19.8303909
v -2.4078434 5.2613382 19.8303909
v -2.3992186 5.5632019 -19.7593060
v -2.3992114 5.5632019 19.7593060
v -2.3937790 62.5769958 -24.3043976
v -2.3937709 62.5769958 24.3043976
v -2.3850636 5.8503599 -19.6427307
v -2.3850563 5.8503599 19.6427288
v -2.3689032 50.1358490 -1.5828508
v -2.3689027 50.1358490 1.5828482
v -2.3657258 6.1159029 -19.4834728
v -2.3657184 6.1159029 19.4834709
v -2.3416727 6.3534412 -19.2853642
v -2.3416653 6.3534412 19.2853603
v -2.3233604 40.4124146 -15.5634689
v -2.3233557 40.4124146 15.5634689
v -2.3134797 6.5572572 -19.0531693
v -2.3134723 6.5572572 19.0531654
v -2.2818246 6.7224469 -18.7924767
v -2.2818174 6.7224469 18.7924728
v -2.2474716 6.8450379 -18.5095615
v -2.2474644 6.8450379 18.5095596
v -2.2207749 60.3364334 -22.5478535
v -2.2207670 60.3364334 22.5478535
v -2.2167561 38.7042999 -14.8493738
v -2.2167518 38.7042999 14.8493738
v -2.2023501 50.1358490 -1.8074198
v -2.2023497 50.1358490 1.8074203
v -2.1733220 52.1452827 -10.9260216
v -2.1733181 52.1452827 10.9260197
v -2.1707175 50.5413857 -5.2405729
v -2.1707156 50.5413857 5.2405710
v -2.1461773 36.9125252 -14.3765802
v -2.1461728 36.9125252 14.3765783
v -2.1178231 33.2176132 -14.1866436
v -2.1178188 33.2176132 14.1866407
v -2.1129861 35.0717621 -14.1542358
v -2.1129818 35.0717621 14.1542358
v -2.0276959 58.2736282 -20.5874901
v -2.0276880 58.2736282 20.5874901
v -2.0145853 50.1358490 -2.0145848
v -2.0145848 50.1358490 2.0145853
v -1.8162867 56.4072151 -18.4410286
v -1.8162793 56.4072151 18.4410267
v -1.8074203 50.1358490 -2.2023497
v -1.8074198 50.1358490 2.2023482
v -1.6976645 80.0004044 -39.9641609
v -1.6976506 80.0004044 39.9641609
v -1.6928334 82.9803696 -39.8504524
v -1.6928205 82.9803696 39.8504524
v -1.6914594 76.5835800 -39.8180962
v -1.6914465 76.5835800 39.8180923
v -1.6785804 85.9435349 -39.5149193
v -1.6785675 85.9435349 39.5149155
v -1.6739296 7.0645599 -18.0645332
v -1.6739224 7.0645599 18.0645332
v -1.6728895 73.1917419 -39.3809547
v -1.6728766 73.1917419 39.3809547
v -1.6549824 88.8733826 -38.9594345
v -1.6549696 88.8733826 38.9594345
v -1.6474197 51.2132263 -8.2821236
v -1.6474162 51.2132263 8.2821207
v -1.6466005 50.5413857 -5.4281049
v -1.6465995 50.5413857 5.4281020
v -1.6420923 69.8496628 -38.6559486
v -1.6420797 69.8496628 38.6559448
v -1.6314236 7.3638129 -17.6058083
v -1.6314164 7.3638129 17.6058064
v -1.6221763 91.7535858 -38.1870956
v -1.6221637 91.7535858 38.1870918
v -1.5992904 66.5817947 -37.6483688
v -1.5992776 66.5817947 37.6483612
v -1.5940286 7.7346668 -17.2022552
v -1.5940214 7.7346668 17.2022552
v -1.5884604 54.7540665 -16.1278744
v -1.5884556 54.7540665 16.1278744
v -1.5828513 50.1358490 -2.3689027
v -1.5828508 50.1358490 2.3689013
v -1.5803362 94.5680923 -37.2022095
v -1.5803238 94.5680923 37.2022095
v -1.5627594 8.1670494 -16.8648338
v -1.5627545 8.1670494 16.8648319
v -1.5447992 63.4120102 -36.3655739
v -1.5447868 63.4120102 36.3655739
v -1.5384704 8.6492176 -16.6027050
v -1.5384656 8.6492176 16.6027050
v -1.5297050 97.3011932 -36.0102615
v -1.5296929 97.3011932 36.0102577
v -1.5218174 9.1680756 -16.4229927
v -1.5218126 9.1680756 16.4229908
v -1.5132544 9.7095299 -16.3305740
v -1.5132495 9.7095299 16.3305721
v -1.4790121 60.3634949 -34.8169556
v -1.4789999 60.3634949 34.8169518
v -1.4705560 99.9376678 -34.6179008
v -1.4705440 99.9376678 34.6178970
v -1.4024179 57.4585114 -33.0138283
v -1.4024061 57.4585114 33.0138245
v -1.3462741 53.3291245 -13.6689329
v -1.3462698 53.3291245 13.6689329
v -1.3430352 50.1358490 -2.5126419
v -1.3430347 50.1358490 2.5126390
v -1.3155687 54.7183189 -30.9693642
v -1.3155572 54.7183189 30.9693642
v -1.2191055 52.1629333 -28.6985188
v -1.2190945 52.1629333 28.6985188
v -1.1137283 49.8110313 -26.2178898
v -1.1137197 49.8110313 26.2178898
v -1.1105670 99.9376678 -34.6313171
v -1.1105551 99.9376678 34.6313171
v -1.1066225 50.5413857 -5.5633621
v -1.1066215 50.5413857 5.5633621
v -1.0919219 52.1452827 -11.0864334
v -1.0919180 52.1452827 11.0864305
v -1.0902872 50.1358490 -2.6321831
v -1.0902867 50.1358490 2.6321831
v -1.0002100 47.6798248 -23.5456104
v -1.0002019 47.6798248 23.5456104
v -0.8488337 0.0000000 -19.9820805
v -0.8488263 0.0000000 19.9820805
v -0.8488337 4.9520311 -19.9820805
v -0.8488263 4.9520311 19.9820805
v -0.8336673 94.9498825 -25.9966717
v -0.8336588 94.9498825 25.9966717
v -0.8276957 51.2132263 -8.4037189
v -0.8276923 51.2132263 8.4037189
v -0.8270382 50.1358490 -2.7263751
v -0.8270378 50.1358490 2.7263730
v -0.6140028 45.7848740 -20.7107830
v -0.6139952 45.7848740 20.7107830
v -0.5690907 44.7162933 -19.1958294
v -0.5690833 44.7162933 19.1958256
v -0.5559905 50.5413857 -5.6450410
v -0.5559895 50.5413857 5.6450381
v -0.5558252 50.1358490 -2.7943101
v -0.5558248 50.1358490 2.7943101
v -0.5290055 43.4477692 -17.8437252
v -0.5289984 43.4477692 17.8437233
v -0.4945225 42.0038338 -16.6806240
v -0.4945175 42.0038338 16.6806202
v -0.4663104 40.4124146 -15.7290192
v -0.4663056 40.4124146 15.7290173
v -0.4449153 38.7042999 -15.0073290
v -0.4449107 38.7042999 15.0073290
v -0.4307493 36.9125252 -14.5295076
v -0.4307447 36.9125252 14.5295076
v -0.4250582 33.2176132 -14.3375483
v -0.4250537 33.2176132 14.3375454
v -0.4240893 35.0717621 -14.3047981
v -0.4240848 35.0717621 14.3047953
v -0.2792572 50.1358490 -2.8353360
v -0.2792568 50.1358490 2.8353360
v -0.0000037 0.0000000 -19.9460220
v 0.0000000 0.0000000 0.0000000
v 0.0000037 0.0000000 19.9460220
v -0.0000037 1.2895640 -19.9487991
v 0.0000037 1.2895640 19.9487991
v -0.0000037 4.9520311 -20.0001011
v 0.0000037 4.9520311 20.0001011
v -0.0000037 5.2613382 -19.9760399
v 0.0000037 5.2613382 19.9760380
v -0.0000037 5.5632019 -19.9044323
v 0.0000037 5.5632019 19.9044285
v -0.0000037 5.8503599 -19.7869987
v 0.0000037 5.8503599 19.7870007
v -0.0000037 6.1159029 -19.6265717
v 0.0000037 6.1159029 19.6265736
v -0.0000037 6.3534412 -19.4270077
v 0.0000037 6.3534412 19.4270077
v -0.0000037 6.5572572 -19.1931095
v 0.0000037 6.5572572 19.1931057
v -0.0000037 6.7224469 -18.9305019
v 0.0000037 6.7224469 18.9305000
v -0.0000036 6.8450379 -18.6455097
v 0.0000036 6.8450379 18.6455059
v 0.0000036 7.0208549 18.2082272
v -0.0000036 7.0645599 -18.1161079
v 0.0000036 7.0645599 18.1161079
v -0.0000036 7.1408968 -17.9987564
v 0.0000036 7.2903628 17.7689857
v -0.0000035 7.3638129 -17.6560726
v 0.0000035 7.3638129 17.6560726
v -0.0000035 7.4582372 -17.5530300
v 0.0000035 7.6434698 17.3508873
v -0.0000035 7.7346668 -17.2513676
v 0.0000035 7.7346668 17.2513657
v -0.0000035 7.8444800 -17.1654282
v 0.0000025 8.0604506 16.9964027
v -0.0000025 8.1670494 -16.9129810
v 0.0000025 8.1670494 16.9129772
v -0.0000025 8.2891283 -16.8464241
v 0.0000025 8.5299730 16.7151146
v -0.0000025 8.6492176 -16.6501045
v 0.0000025 8.6492176 16.6501026
v -0.0000025 8.7801170 -16.6046371
v 0.0000024 9.0392952 16.5146103
v -0.0000024 9.1680756 -16.4698792
v 0.0000024 9.1680756 16.4698772
v -0.0000024 9.3041410 -16.4465885
v -0.0000024 9.7095299 -16.4005394
v 0.0000024 9.7095299 16.4005394
v -0.0000023 33.2176132 -14.3438473
v 0.0000023 33.2176132 14.3438473
v -0.0000022 35.0717621 -14.2922258
v 0.0000022 35.0717621 14.2922239
v 0.0000023 35.5269966 14.3477468
v -0.0000023 36.4465256 -14.4599009
v -0.0000023 36.9125252 -14.5167370
v 0.0000023 36.9125252 14.5167370
v 0.0000023 37.3500748 14.6333179
v -0.0000023 38.2449989 -14.8717623
v -0.0000023 38.7042999 -14.9941397
v 0.0000023 38.7042999 14.9941387
v 0.0000023 39.1168289 15.1682835
v -0.0000024 39.9697838 -15.5283451
v -0.0000024 40.4124146 -15.7151957
v 0.0000024 40.4124146 15.7151937
v 0.0000024 40.7933388 15.9427700
v -0.0000024 41.5878334 -16.4174309
v -0.0000025 42.0038338 -16.6659622
v 0.0000025 42.0038338 16.6659584
v 0.0000025 42.3471832 16.9422874
v -0.0000035 43.0679016 -17.5223255
v -0.0000036 43.4477692 -17.8280430
v 0.0000036 43.4477692 17.8280392
v 0.0000036 43.7481155 18.1478939
v -0.0000036 44.3811836 -18.8220844
v -0.0000037 44.7162933 -19.1789589
v 0.0000037 44.7162933 19.1789551
v 0.0000037 44.9687347 19.5365334
v -0.0000038 45.5019798 -20.2918644
v -0.0000038 45.7848740 -20.6925812
v 0.0000038 45.7848740 20.6925793
v 0.0000039 46.5056610 21.7890739
v -0.0000040 47.0124626 -22.5216236
v 0.0000040 47.5104027 23.2921543
v -0.0000041 47.6798248 -23.5456104
v 0.0000041 47.6798248 23.5456104
v 0.0000042 48.6882057 24.8099976
v -0.0000042 48.6882057 -24.8100014
v -0.0000043 49.8110313 -26.2178898
v 0.0000043 49.8110313 26.2178898
v 0.0000000 50.0002518 0.0000000
v -0.0000002 50.1358490 -2.8490541
v 0.0000002 50.1358490 2.8490541
v -0.0000005 50.5413857 -5.6723571
v 0.0000005 50.5413857 5.6723509
v 0.0000044 50.9338608 27.4021778
v -0.0000044 50.9338646 -27.4021797
v -0.0000017 51.2132263 -8.4443808
v 0.0000017 51.2132263 8.4443789
v -0.0000020 52.1452827 -11.1400728
v 0.0000020 52.1452827 11.1400709
v -0.0000055 52.1629333 -28.6985188
v 0.0000055 52.1629333 28.6985188
v -0.0000022 53.3291245 -13.7350702
v 0.0000022 53.3291245 13.7350702
v 0.0000056 53.3919983 29.7907295
v -0.0000056 53.3920021 -29.7907314
v -0.0000057 54.7183189 -30.9693642
v 0.0000057 54.7183189 30.9693642
v -0.0000024 54.7540665 -16.2059078
v 0.0000024 54.7540665 16.2059078
v 0.0000058 56.0446358 31.9589291
v -0.0000058 56.0446358 -31.9589329
v -0.0000036 56.4072151 -18.5302582
v 0.0000036 56.4072151 18.5302544
v 0.0000036 56.5965691 18.7490711
v -0.0000059 57.4585114 -33.0138283
v 0.0000059 57.4585114 33.0138245
v -0.0000038 58.2736282 -20.6871052
v 0.0000038 58.2736282 20.6871014
v 0.0000060 58.8723907 33.8914223
v -0.0000060 58.8723946 -33.8914261
v -0.0000040 60.3364334 -22.6569538
v 0.0000040 60.3364334 22.6569481
v -0.0000060 60.3634949 -34.8169556
v 0.0000060 60.3634949 34.8169518
v 0.0000061 61.8545914 35.5744171
v -0.0000061 61.8545914 -35.5744209
v -0.0000041 62.5769958 -24.4219971
v 0.0000041 62.5769958 24.4219971
v -0.0000062 63.4120102 -36.3655739
v 0.0000062 63.4120102 36.3655739
v 0.0000062 64.9694290 36.9958496
v -0.0000062 64.9694366 -36.9958572
v -0.0000043 64.9750519 -25.9662838
v 0.0000043 64.9750519 25.9662819
v -0.0000063 66.5817947 -37.6483688
v 0.0000063 66.5817947 37.6483612
v -0.0000044 67.5089340 -27.2758541
v 0.0000044 67.5089340 27.2758484
v 0.0000063 68.1941528 38.1455002
v -0.0000063 68.1941528 -38.1455078
v -0.0000064 69.8496628 -38.6559486
v 0.0000064 69.8496628 38.6559448
v -0.0000045 70.1557159 -28.3388672
v 0.0000045 70.1557159 28.3388615
v 0.0000064 71.5051727 39.0150833
v -0.0000064 71.5051804 -39.0150833
v -0.0000055 72.8914948 -29.1457157
v 0.0000055 72.8914948 29.1457100
v -0.0000064 73.1917419 -39.3809547
v 0.0000064 73.1917419 39.3809547
v 0.0000065 74.8782959 39.5983162
v -0.0000065 74.8783035 -39.5983200
v -0.0000056 75.6915359 -29.6891022
v 0.0000056 75.6915359 29.6890984
v -0.0000065 76.5835800 -39.8180962
v 0.0000065 76.5835800 39.8180923
v 0.0000065 78.2888641 39.8909912
v -0.0000065 78.2888641 -39.8909950
v -0.0000056 78.5305252 -29.9641228
v 0.0000056 78.5305252 29.9641190
v -0.0000065 80.0004044 -39.9641609
v 0.0000065 80.0004044 39.9641609
v -0.0000056 81.3827972 -29.9682846
v 0.0000056 81.3827972 29.9682808
v 0.0000065 81.4925079 39.9072266
v -0.0000065 81.4925079 -39.9072266
v -0.0000065 82.9803696 -39.8504524
v 0.0000065 82.9803696 39.8504524
v -0.0000056 84.2225800 -29.7015553
v 0.0000056 84.2225800 29.7015553
v 0.0000065 84.4682159 39.6819763
v -0.0000065 84.4682159 -39.6819763
v -0.0000065 85.9435349 -39.5149193
v 0.0000065 85.9435349 39.5149155
v -0.0000055 87.0241928 -29.1663399
v 0.0000055 87.0241928 29.1663399
v 0.0000064 87.4188309 39.2352104
v -0.0000064 87.4188309 -39.2352104
v -0.0000064 88.8733826 -38.9594345
v 0.0000064 88.8733826 38.9594345
v -0.0000045 89.7623138 -28.3674831
v 0.0000045 89.7623138 28.3674831
v 0.0000064 90.3279037 38.5693970
v -0.0000064 90.3279037 -38.5694008
v -0.0000063 91.7535858 -38.1870956
v 0.0000063 91.7535858 38.1870918
v -0.0000044 92.4122009 -27.3122044
v 0.0000044 92.4122009 27.3122005
v 0.0000063 93.1792221 37.6882172
v -0.0000063 93.1792221 -37.6882172
v -0.0000063 94.5680923 -37.2022095
v 0.0000063 94.5680923 37.2022095
v -0.0000043 94.9498825 -26.0100365
v 0.0000043 94.9498825 26.0100346
v 0.0000062 95.9568939 36.5965309
v -0.0000062 95.9568939 -36.5965309
v -0.0000061 97.3011932 -36.0102615
v 0.0000061 97.3011932 36.0102577
v 0.0000061 98.6454163 35.3003540
v -0.0000061 98.8286972 -35.2113380
v -0.0000060 99.9376678 -34.6255455
v 0.0000060 99.9376678 34.6255417
# 2347 vertices, 0 vertices normals

f 2 1 4
f 6 1 2
f 1 3 5
f 6 3 1
f 4 1 9
f 9 1 5
f 2 4 7
f 14 6 2
f 10 2 7
f 14 2 10
f 5 3 8
f 16 3 6
f 3 11 8
f 16 11 3
f 7 4 12
f 19 4 9
f 12 4 19
f 5 8 13
f 9 5 21
f 21 5 13
f 23 6 14
f 23 16 6
f 10 7 15
f 7 12 17
f 15 7 17
f 8 11 18
f 13 8 20
f 8 18 20
f 19 9 28
f 28 9 21
f 25 14 10
f 22 10 15
f 25 10 22
f 32 11 16
f 11 29 18
f 32 29 11
f 17 12 30
f 35 12 19
f 30 12 35
f 13 20 31
f 21 13 37
f 37 13 31
f 38 23 14
f 38 14 25
f 15 17 24
f 22 15 26
f 26 15 24
f 40 16 23
f 40 32 16
f 24 17 33
f 17 30 33
f 20 18 27
f 18 34 27
f 18 29 34
f 44 19 28
f 35 19 44
f 20 27 36
f 31 20 36
f 28 21 46
f 46 21 37
f 47 25 22
f 42 22 26
f 47 22 42
f 49 23 38
f 49 40 23
f 26 24 39
f 24 33 41
f 39 24 41
f 54 38 25
f 54 25 47
f 48 26 39
f 42 26 48
f 27 34 43
f 36 27 45
f 27 43 45
f 44 28 63
f 63 28 46
f 56 29 32
f 29 51 34
f 56 51 29
f 33 30 52
f 59 30 35
f 52 30 59
f 31 36 53
f 37 31 61
f 61 31 53
f 64 32 40
f 64 56 32
f 41 33 57
f 33 52 57
f 34 58 43
f 34 51 58
f 68 35 44
f 59 35 68
f 36 45 60
f 53 36 60
f 46 37 70
f 70 37 61
f 73 49 38
f 73 38 54
f 39 41 50
f 48 39 55
f 55 39 50
f 75 40 49
f 75 64 40
f 50 41 65
f 41 57 65
f 71 47 42
f 66 42 48
f 71 42 66
f 45 43 62
f 43 58 67
f 43 67 62
f 80 44 63
f 68 44 80
f 60 45 69
f 45 62 69
f 63 46 82
f 82 46 70
f 77 54 47
f 77 47 71
f 72 48 55
f 66 48 72
f 95 49 73
f 95 75 49
f 55 50 74
f 50 65 76
f 74 50 76
f 86 51 56
f 51 83 58
f 86 83 51
f 57 52 84
f 89 52 59
f 84 52 89
f 53 60 85
f 61 53 91
f 91 53 85
f 97 73 54
f 97 54 77
f 72 55 78
f 78 55 74
f 93 56 64
f 93 86 56
f 65 57 87
f 57 84 87
f 58 88 67
f 58 83 88
f 100 59 68
f 89 59 100
f 60 69 90
f 85 60 90
f 70 61 104
f 104 61 91
f 62 67 79
f 69 62 81
f 62 79 81
f 80 63 108
f 108 63 82
f 105 64 75
f 105 93 64
f 76 65 94
f 65 87 94
f 101 71 66
f 92 66 72
f 101 66 92
f 67 99 79
f 67 88 99
f 112 68 80
f 100 68 112
f 69 81 103
f 90 69 103
f 82 70 114
f 114 70 104
f 109 77 71
f 109 71 101
f 102 72 78
f 92 72 102
f 115 95 73
f 115 73 97
f 74 76 96
f 78 74 98
f 98 74 96
f 122 75 95
f 122 105 75
f 76 94 106
f 96 76 106
f 119 97 77
f 119 77 109
f 110 78 98
f 102 78 110
f 81 79 107
f 79 99 111
f 79 111 107
f 142 80 108
f 112 80 142
f 103 81 113
f 81 107 113
f 108 82 144
f 144 82 114
f 124 83 86
f 83 117 88
f 124 117 83
f 87 84 118
f 127 84 89
f 118 84 127
f 85 90 121
f 91 85 129
f 129 85 121
f 131 86 93
f 131 124 86
f 94 87 125
f 87 118 125
f 88 126 99
f 88 117 126
f 136 89 100
f 127 89 136
f 90 103 128
f 121 90 128
f 104 91 140
f 140 91 129
f 133 101 92
f 130 92 102
f 133 92 130
f 147 93 105
f 147 131 93
f 106 94 132
f 94 125 132
f 151 95 115
f 151 122 95
f 98 96 116
f 96 106 123
f 116 96 123
f 149 115 97
f 149 97 119
f 110 98 120
f 120 98 116
f 99 135 111
f 99 126 135
f 154 100 112
f 136 100 154
f 109 101 133
f 110 138 102
f 130 102 134
f 134 102 138
f 103 113 139
f 128 103 139
f 114 104 156
f 156 104 140
f 159 105 122
f 159 147 105
f 123 106 148
f 106 132 148
f 107 111 141
f 113 107 143
f 107 141 143
f 142 108 162
f 162 108 144
f 157 119 109
f 133 137 109
f 145 109 137
f 157 109 145
f 120 146 110
f 110 146 138
f 111 135 153
f 111 153 141
f 173 112 142
f 154 112 173
f 139 113 155
f 113 143 155
f 144 114 175
f 175 114 156
f 176 115 149
f 176 151 115
f 120 116 150
f 116 123 152
f 150 116 152
f 165 117 124
f 117 163 126
f 165 163 117
f 125 118 164
f 169 118 127
f 164 118 169
f 180 149 119
f 180 119 157
f 120 158 146
f 150 158 120
f 121 128 167
f 129 121 171
f 171 121 167
f 186 122 151
f 186 159 122
f 123 148 160
f 152 123 160
f 178 124 131
f 178 165 124
f 132 125 166
f 125 164 166
f 126 168 135
f 126 163 168
f 183 127 136
f 169 127 183
f 128 139 170
f 167 128 170
f 140 129 185
f 185 129 171
f 417 133 130
f 420 130 134
f 417 130 420
f 188 131 147
f 188 178 131
f 148 132 179
f 132 166 179
f 419 137 133
f 419 133 417
f 426 134 138
f 420 134 426
f 135 182 153
f 135 168 182
f 193 136 154
f 183 136 193
f 425 145 137
f 425 137 419
f 440 138 146
f 426 138 440
f 139 155 184
f 170 139 184
f 156 140 195
f 195 140 185
f 143 141 161
f 141 153 172
f 141 172 161
f 197 142 162
f 173 142 197
f 155 143 174
f 143 161 174
f 162 144 199
f 199 144 175
f 439 157 145
f 439 145 425
f 452 146 158
f 440 146 452
f 200 147 159
f 200 188 147
f 160 148 189
f 148 179 189
f 180 176 149
f 150 152 177
f 150 181 158
f 177 191 150
f 191 181 150
f 204 151 176
f 204 186 151
f 152 160 187
f 177 152 187
f 153 192 172
f 153 182 192
f 207 154 173
f 193 154 207
f 155 174 194
f 184 155 194
f 175 156 209
f 209 156 195
f 451 180 157
f 451 157 439
f 472 158 181
f 452 158 472
f 219 159 186
f 219 200 159
f 187 160 201
f 160 189 201
f 161 172 196
f 174 161 198
f 161 196 198
f 197 162 228
f 228 162 199
f 212 163 165
f 163 210 168
f 212 210 163
f 166 164 211
f 215 164 169
f 211 164 215
f 221 165 178
f 221 212 165
f 179 166 213
f 166 211 213
f 167 170 216
f 171 167 218
f 218 167 216
f 168 214 182
f 168 210 214
f 224 169 183
f 215 169 224
f 170 184 217
f 216 170 217
f 185 171 226
f 226 171 218
f 172 192 206
f 172 206 196
f 236 173 197
f 207 173 236
f 194 174 208
f 174 198 208
f 199 175 238
f 238 175 209
f 190 176 180
f 190 202 176
f 176 202 231
f 176 231 204
f 177 187 205
f 177 203 191
f 205 203 177
f 229 178 188
f 229 221 178
f 189 179 222
f 179 213 222
f 471 190 180
f 471 180 451
f 493 181 191
f 472 181 493
f 182 223 192
f 182 214 223
f 240 183 193
f 224 183 240
f 184 194 225
f 217 184 225
f 195 185 242
f 242 185 226
f 245 186 204
f 245 219 186
f 187 201 220
f 205 187 220
f 251 188 200
f 251 229 188
f 201 189 230
f 189 222 230
f 500 202 190
f 492 190 471
f 500 190 492
f 501 191 203
f 493 191 501
f 192 239 206
f 192 223 239
f 264 193 207
f 240 193 264
f 194 208 241
f 225 194 241
f 209 195 266
f 266 195 242
f 198 196 227
f 196 206 235
f 196 235 227
f 282 197 228
f 236 197 282
f 208 198 237
f 198 227 237
f 228 199 284
f 284 199 238
f 277 200 219
f 277 251 200
f 220 201 252
f 201 230 252
f 549 231 202
f 549 202 500
f 205 232 203
f 550 203 232
f 501 203 550
f 204 231 233
f 204 233 245
f 205 220 246
f 234 232 205
f 205 291 234
f 246 291 205
f 206 263 235
f 206 239 263
f 313 207 236
f 264 207 313
f 208 237 265
f 241 208 265
f 238 209 317
f 317 209 266
f 285 210 212
f 210 279 214
f 285 279 210
f 213 211 280
f 288 211 215
f 280 211 288
f 302 212 221
f 302 285 212
f 222 213 286
f 213 280 286
f 214 287 223
f 214 279 287
f 305 215 224
f 288 215 305
f 216 217 289
f 218 216 297
f 297 216 289
f 217 225 296
f 289 217 296
f 226 218 315
f 315 218 297
f 324 219 245
f 324 277 219
f 246 220 278
f 220 252 278
f 322 221 229
f 322 302 221
f 230 222 303
f 222 286 303
f 223 304 239
f 223 287 304
f 327 224 240
f 305 224 327
f 225 241 314
f 296 225 314
f 242 226 335
f 335 226 315
f 281 227 235
f 283 237 227
f 283 227 281
f 282 228 351
f 351 228 284
f 344 229 251
f 344 322 229
f 252 230 323
f 230 303 323
f 549 233 231
f 566 232 234
f 550 232 566
f 245 233 290
f 565 290 233
f 565 233 549
f 601 234 291
f 566 234 601
f 312 235 263
f 281 235 312
f 365 236 282
f 313 236 365
f 316 265 237
f 316 237 283
f 284 238 369
f 369 238 317
f 239 326 263
f 239 304 326
f 355 240 264
f 327 240 355
f 241 265 334
f 314 241 334
f 266 242 367
f 367 242 335
f 247 243 244
f 250 244 243
f 247 255 243
f 250 243 248
f 248 243 253
f 255 253 243
f 249 247 244
f 249 244 254
f 258 244 250
f 258 254 244
f 245 290 324
f 246 278 325
f 246 339 291
f 325 339 246
f 259 247 249
f 269 255 247
f 259 269 247
f 248 262 250
f 248 253 256
f 256 260 248
f 248 260 262
f 257 249 254
f 261 249 257
f 261 259 249
f 250 272 258
f 250 262 272
f 376 251 277
f 376 344 251
f 278 252 345
f 252 323 345
f 253 255 273
f 256 253 267
f 253 273 267
f 257 254 268
f 276 254 258
f 276 268 254
f 269 298 255
f 273 255 298
f 256 270 260
f 256 267 274
f 274 270 256
f 271 261 257
f 275 257 268
f 271 257 275
f 258 272 301
f 258 301 276
f 292 259 261
f 306 269 259
f 292 306 259
f 260 295 262
f 270 293 260
f 260 293 295
f 294 261 271
f 294 292 261
f 262 309 272
f 262 295 309
f 312 263 354
f 354 263 326
f 393 264 313
f 355 264 393
f 366 265 316
f 366 334 265
f 317 266 404
f 404 266 367
f 267 273 318
f 274 267 310
f 267 318 310
f 275 268 311
f 321 268 276
f 321 311 268
f 328 298 269
f 306 328 269
f 274 299 270
f 270 307 293
f 299 307 270
f 275 300 271
f 271 308 294
f 271 300 308
f 272 331 301
f 272 309 331
f 273 298 332
f 332 318 273
f 319 299 274
f 274 310 319
f 275 320 300
f 311 320 275
f 276 301 337
f 276 337 321
f 415 277 324
f 415 376 277
f 325 278 377
f 278 345 377
f 388 279 285
f 279 384 287
f 388 384 279
f 286 280 385
f 391 280 288
f 385 280 391
f 350 283 281
f 364 281 312
f 364 350 281
f 432 282 351
f 365 282 432
f 368 316 283
f 350 368 283
f 351 284 436
f 436 284 369
f 409 285 302
f 409 388 285
f 303 286 389
f 286 385 389
f 287 390 304
f 287 384 390
f 414 288 305
f 391 288 414
f 289 296 394
f 297 289 406
f 406 289 394
f 324 290 338
f 600 338 290
f 600 290 565
f 633 291 339
f 601 291 633
f 340 292 294
f 346 306 292
f 340 346 292
f 293 343 295
f 307 341 293
f 293 341 343
f 294 308 342
f 294 342 340
f 295 349 309
f 295 343 349
f 296 314 405
f 394 296 405
f 315 297 422
f 422 297 406
f 328 358 298
f 332 298 358
f 299 329 307
f 319 333 299
f 333 329 299
f 300 330 308
f 320 336 300
f 300 336 330
f 301 331 363
f 301 363 337
f 427 302 322
f 427 409 302
f 323 303 410
f 303 389 410
f 304 413 326
f 304 390 413
f 438 305 327
f 414 305 438
f 372 328 306
f 346 372 306
f 329 347 307
f 307 347 341
f 308 330 348
f 308 348 342
f 309 375 331
f 309 349 375
f 310 318 356
f 319 310 352
f 310 356 352
f 320 311 353
f 361 311 321
f 361 353 311
f 392 312 354
f 392 364 312
f 454 313 365
f 393 313 454
f 314 334 421
f 405 314 421
f 335 315 444
f 444 315 422
f 403 366 316
f 368 403 316
f 369 317 456
f 456 317 404
f 378 318 332
f 356 318 378
f 357 333 319
f 319 352 357
f 320 360 336
f 353 360 320
f 321 337 381
f 321 381 361
f 445 322 344
f 445 427 322
f 345 323 428
f 323 410 428
f 338 370 324
f 324 370 459
f 324 459 415
f 325 371 339
f 416 371 325
f 325 377 416
f 354 326 437
f 437 326 413
f 468 327 355
f 438 327 468
f 395 358 328
f 372 395 328
f 333 359 329
f 329 373 347
f 329 359 373
f 336 362 330
f 330 374 348
f 330 362 374
f 331 402 363
f 331 375 402
f 332 358 407
f 378 332 407
f 357 379 333
f 333 379 359
f 443 334 366
f 443 421 334
f 367 335 476
f 476 335 444
f 360 380 336
f 336 380 362
f 337 363 412
f 337 412 381
f 632 370 338
f 632 338 600
f 671 339 371
f 633 339 671
f 340 342 382
f 397 346 340
f 340 382 397
f 341 387 343
f 347 383 341
f 341 383 387
f 342 348 386
f 342 386 382
f 343 400 349
f 343 387 400
f 481 344 376
f 481 445 344
f 377 345 446
f 345 428 446
f 429 372 346
f 397 429 346
f 347 373 398
f 347 398 383
f 348 374 399
f 348 399 386
f 349 434 375
f 349 400 434
f 431 350 364
f 435 368 350
f 431 435 350
f 432 351 491
f 491 351 436
f 352 356 419
f 357 352 417
f 352 419 417
f 360 353 418
f 424 353 361
f 424 418 353
f 467 392 354
f 467 354 437
f 499 355 393
f 468 355 499
f 378 439 356
f 356 425 419
f 356 439 425
f 357 426 379
f 357 417 420
f 420 426 357
f 395 447 358
f 407 358 447
f 359 396 373
f 379 408 359
f 359 408 396
f 360 423 380
f 418 423 360
f 361 381 442
f 361 442 424
f 362 401 374
f 380 411 362
f 362 411 401
f 363 402 450
f 363 450 412
f 453 364 392
f 453 431 364
f 509 365 432
f 454 365 509
f 403 475 366
f 475 443 366
f 404 367 507
f 507 367 476
f 455 403 368
f 435 455 368
f 436 369 513
f 513 369 456
f 670 459 370
f 670 370 632
f 416 460 371
f 671 371 460
f 457 395 372
f 429 457 372
f 373 396 430
f 373 430 398
f 374 433 399
f 374 401 433
f 375 462 402
f 375 434 462
f 510 376 415
f 510 481 376
f 416 377 482
f 377 446 482
f 407 451 378
f 378 451 439
f 379 440 408
f 426 440 379
f 380 441 411
f 423 441 380
f 381 412 474
f 381 474 442
f 382 386 463
f 397 382 477
f 382 463 477
f 383 466 387
f 383 398 464
f 383 464 466
f 516 384 388
f 384 514 390
f 516 514 384
f 389 385 515
f 519 385 391
f 515 385 519
f 386 399 465
f 386 465 463
f 387 480 400
f 387 466 480
f 525 388 409
f 525 516 388
f 410 389 517
f 389 515 517
f 390 518 413
f 390 514 518
f 530 391 414
f 519 391 530
f 498 453 392
f 498 392 467
f 542 393 454
f 499 393 542
f 394 405 522
f 406 394 528
f 528 394 522
f 494 447 395
f 457 494 395
f 448 396 408
f 458 430 396
f 448 458 396
f 486 429 397
f 397 477 486
f 398 430 478
f 398 478 464
f 399 433 479
f 399 479 465
f 400 489 434
f 400 480 489
f 411 449 401
f 401 461 433
f 401 449 461
f 402 497 450
f 402 462 497
f 455 506 403
f 506 475 403
f 456 404 552
f 552 404 507
f 405 421 527
f 522 405 527
f 422 406 534
f 534 406 528
f 407 447 492
f 407 471 451
f 492 471 407
f 440 452 408
f 408 472 448
f 408 452 472
f 535 409 427
f 535 525 409
f 428 410 526
f 410 517 526
f 441 473 411
f 411 473 449
f 412 450 503
f 412 503 474
f 437 413 529
f 529 413 518
f 544 414 438
f 530 414 544
f 415 459 469
f 415 469 510
f 470 460 416
f 416 556 470
f 416 482 511
f 511 556 416
f 423 418 483
f 485 418 424
f 485 483 418
f 533 421 443
f 533 527 421
f 444 422 558
f 558 422 534
f 423 484 441
f 483 484 423
f 424 442 505
f 424 505 485
f 559 427 445
f 559 535 427
f 446 428 536
f 428 526 536
f 520 457 429
f 486 520 429
f 458 487 430
f 487 478 430
f 490 435 431
f 508 431 453
f 508 490 431
f 579 432 491
f 509 432 579
f 433 461 488
f 433 488 479
f 434 524 462
f 434 489 524
f 512 455 435
f 490 512 435
f 491 436 581
f 581 436 513
f 543 467 437
f 543 437 529
f 577 438 468
f 544 438 577
f 441 504 473
f 484 504 441
f 442 474 532
f 442 532 505
f 475 557 443
f 443 557 533
f 476 444 585
f 585 444 558
f 586 445 481
f 586 559 445
f 482 446 560
f 446 536 560
f 447 500 492
f 494 549 447
f 447 549 500
f 495 458 448
f 448 472 493
f 448 493 501
f 495 448 501
f 449 496 461
f 473 502 449
f 449 502 496
f 450 497 554
f 450 554 503
f 541 453 498
f 541 508 453
f 593 454 509
f 542 454 593
f 551 506 455
f 512 551 455
f 513 456 595
f 595 456 552
f 561 494 457
f 520 561 457
f 521 487 458
f 495 521 458
f 770 469 459
f 770 459 670
f 771 460 470
f 671 460 771
f 461 523 488
f 461 496 523
f 462 564 497
f 462 524 564
f 463 465 537
f 477 463 545
f 463 537 545
f 466 464 540
f 464 478 538
f 464 538 540
f 465 479 539
f 465 539 537
f 466 548 480
f 466 540 548
f 576 498 467
f 576 467 543
f 599 468 499
f 577 468 599
f 510 469 555
f 796 555 469
f 796 469 770
f 797 470 556
f 771 470 797
f 473 531 502
f 504 531 473
f 474 503 569
f 474 569 532
f 506 584 475
f 584 557 475
f 507 476 609
f 609 476 585
f 486 477 572
f 477 545 572
f 487 546 478
f 478 546 538
f 479 488 547
f 479 547 539
f 480 575 489
f 480 548 575
f 610 481 510
f 610 586 481
f 511 482 587
f 482 560 587
f 484 483 567
f 571 483 485
f 571 567 483
f 484 570 504
f 567 570 484
f 485 505 583
f 485 583 571
f 588 520 486
f 486 572 588
f 521 573 487
f 573 546 487
f 488 523 574
f 488 574 547
f 489 591 524
f 489 575 591
f 578 490 508
f 580 512 490
f 578 580 490
f 579 491 635
f 635 491 581
f 494 565 549
f 561 600 494
f 600 565 494
f 501 550 495
f 562 521 495
f 495 550 566
f 495 566 562
f 553 496 502
f 563 523 496
f 563 496 553
f 497 605 554
f 497 564 605
f 598 541 498
f 598 498 576
f 639 499 542
f 599 499 639
f 568 502 531
f 553 502 568
f 503 554 607
f 503 607 569
f 504 582 531
f 570 582 504
f 505 532 597
f 505 597 583
f 551 608 506
f 608 584 506
f 552 507 655
f 655 507 609
f 592 508 541
f 592 578 508
f 657 509 579
f 593 509 657
f 510 555 610
f 511 603 556
f 511 587 611
f 611 603 511
f 594 551 512
f 580 594 512
f 581 513 661
f 661 513 595
f 628 514 516
f 518 514 624
f 628 624 514
f 517 515 625
f 631 515 519
f 625 515 631
f 636 516 525
f 636 628 516
f 526 517 629
f 517 625 629
f 529 518 630
f 630 518 624
f 643 519 530
f 631 519 643
f 616 561 520
f 588 616 520
f 562 589 521
f 589 573 521
f 652 522 527
f 640 528 522
f 640 522 652
f 590 523 563
f 590 574 523
f 524 619 564
f 524 591 619
f 658 525 535
f 658 636 525
f 536 526 637
f 526 629 637
f 652 527 533
f 653 534 528
f 653 528 640
f 529 642 543
f 630 642 529
f 667 530 544
f 643 530 667
f 568 531 596
f 596 531 582
f 532 569 627
f 532 627 597
f 668 533 557
f 652 533 668
f 558 534 653
f 676 535 559
f 676 658 535
f 560 536 659
f 536 637 659
f 537 539 612
f 545 537 620
f 537 612 620
f 540 538 615
f 613 538 546
f 615 538 613
f 539 547 614
f 539 614 612
f 548 540 623
f 540 615 623
f 638 592 541
f 638 541 598
f 702 542 593
f 639 542 702
f 543 666 576
f 543 642 666
f 696 544 577
f 667 544 696
f 572 545 644
f 545 620 644
f 621 546 573
f 613 546 621
f 547 574 622
f 547 622 614
f 548 647 575
f 548 623 647
f 594 654 551
f 654 608 551
f 595 552 707
f 707 552 655
f 604 563 553
f 606 553 568
f 604 553 606
f 554 605 663
f 554 663 607
f 610 555 602
f 939 602 555
f 939 555 796
f 940 556 603
f 797 556 940
f 713 557 584
f 668 557 713
f 669 585 558
f 669 558 653
f 708 559 586
f 708 676 559
f 587 560 677
f 560 659 677
f 632 600 561
f 616 632 561
f 562 566 601
f 617 589 562
f 562 601 617
f 618 590 563
f 618 563 604
f 564 673 605
f 564 619 673
f 570 567 641
f 651 567 571
f 651 641 567
f 626 568 596
f 606 568 626
f 569 607 683
f 569 683 627
f 570 650 582
f 641 650 570
f 571 583 665
f 571 665 651
f 588 572 674
f 572 644 674
f 645 573 589
f 621 573 645
f 646 574 590
f 646 622 574
f 575 679 591
f 575 647 679
f 576 695 598
f 576 666 695
f 734 577 599
f 696 577 734
f 634 580 578
f 656 578 592
f 656 634 578
f 746 579 635
f 657 579 746
f 660 594 580
f 634 660 580
f 635 581 748
f 748 581 661
f 596 582 664
f 664 582 650
f 583 597 691
f 583 691 665
f 608 792 584
f 713 584 792
f 714 609 585
f 714 585 669
f 750 586 610
f 750 708 586
f 611 587 709
f 587 677 709
f 721 616 588
f 588 674 721
f 675 589 617
f 645 589 675
f 678 590 618
f 678 646 590
f 591 724 619
f 591 679 724
f 701 592 638
f 701 656 592
f 795 593 657
f 702 593 795
f 706 654 594
f 660 706 594
f 661 595 805
f 805 595 707
f 626 596 690
f 690 596 664
f 597 627 732
f 597 732 691
f 598 733 638
f 598 695 733
f 807 599 639
f 734 599 807
f 617 601 633
f 602 648 610
f 973 648 602
f 973 602 939
f 611 649 603
f 974 603 649
f 940 603 974
f 606 662 604
f 604 672 618
f 604 662 672
f 605 753 663
f 605 673 753
f 626 682 606
f 606 682 662
f 607 663 763
f 607 763 683
f 654 792 608
f 793 655 609
f 793 609 714
f 610 648 812
f 610 812 750
f 751 649 611
f 611 709 751
f 614 741 612
f 612 760 620
f 612 741 760
f 744 615 613
f 742 613 621
f 744 613 742
f 622 743 614
f 614 743 741
f 623 615 765
f 765 615 744
f 670 632 616
f 770 670 616
f 721 770 616
f 617 633 671
f 722 617 671
f 675 617 722
f 618 672 723
f 618 723 678
f 619 801 673
f 619 724 801
f 620 784 644
f 620 760 784
f 761 621 645
f 742 621 761
f 764 622 646
f 764 743 622
f 647 623 789
f 623 765 789
f 831 624 628
f 630 624 819
f 831 819 624
f 629 625 820
f 836 625 631
f 820 625 836
f 626 731 682
f 690 731 626
f 627 683 809
f 627 809 732
f 838 628 636
f 838 831 628
f 637 629 832
f 629 820 832
f 835 642 630
f 835 630 819
f 841 631 643
f 836 631 841
f 745 634 656
f 747 660 634
f 745 747 634
f 746 635 878
f 878 635 748
f 857 636 658
f 857 838 636
f 659 637 839
f 637 832 839
f 638 806 701
f 638 733 806
f 882 639 702
f 807 639 882
f 640 652 735
f 653 640 729
f 729 640 735
f 650 641 781
f 791 641 651
f 791 781 641
f 840 666 642
f 840 642 835
f 872 643 667
f 841 643 872
f 644 825 674
f 644 784 825
f 785 645 675
f 761 645 785
f 788 646 678
f 788 764 646
f 647 828 679
f 647 789 828
f 1117 812 648
f 1117 648 973
f 751 813 649
f 1118 649 813
f 974 649 1118
f 664 650 790
f 790 650 781
f 651 665 811
f 651 811 791
f 652 668 774
f 735 652 774
f 669 653 736
f 653 729 736
f 706 894 654
f 654 894 792
f 707 655 793
f 794 656 701
f 794 745 656
f 905 657 746
f 795 657 905
f 888 658 676
f 888 857 658
f 677 659 858
f 659 839 858
f 804 706 660
f 747 804 660
f 748 661 907
f 907 661 805
f 752 672 662
f 762 662 682
f 752 662 762
f 663 753 864
f 663 864 763
f 690 664 810
f 810 664 790
f 665 691 843
f 665 843 811
f 871 695 666
f 871 666 840
f 911 667 696
f 872 667 911
f 668 713 823
f 774 668 823
f 775 714 669
f 669 736 775
f 722 671 771
f 800 723 672
f 800 672 752
f 673 887 753
f 673 801 887
f 674 879 721
f 674 825 879
f 826 675 722
f 785 675 826
f 917 676 708
f 917 888 676
f 709 677 889
f 677 858 889
f 678 723 827
f 678 827 788
f 679 884 724
f 679 828 884
f 680 681 686
f 680 687 681
f 686 697 680
f 698 687 680
f 680 697 2145
f 2145 698 680
f 684 681 687
f 688 681 684
f 688 686 681
f 808 682 731
f 762 682 808
f 683 763 893
f 683 893 809
f 685 684 689
f 693 684 685
f 684 687 689
f 693 688 684
f 685 689 694
f 692 685 694
f 703 685 692
f 703 693 685
f 699 686 688
f 699 697 686
f 689 687 700
f 698 700 687
f 719 688 693
f 699 688 717
f 719 717 688
f 694 689 718
f 689 700 718
f 690 842 731
f 810 842 690
f 691 732 901
f 691 901 843
f 692 694 704
f 692 710 703
f 704 705 692
f 692 705 710
f 727 693 703
f 727 719 693
f 704 694 720
f 694 718 720
f 910 733 695
f 910 695 871
f 956 696 734
f 911 696 956
f 715 697 699
f 715 756 697
f 756 2145 697
f 716 700 698
f 757 716 698
f 2145 757 698
f 717 715 699
f 718 700 716
f 701 881 794
f 701 806 881
f 968 702 795
f 882 702 968
f 703 710 737
f 703 737 727
f 704 711 705
f 728 711 704
f 704 720 728
f 705 725 710
f 711 712 705
f 705 712 725
f 804 1017 706
f 706 1017 894
f 895 707 793
f 895 805 707
f 969 708 750
f 969 917 708
f 751 709 918
f 709 889 918
f 710 725 754
f 710 754 737
f 711 726 712
f 738 726 711
f 728 738 711
f 712 739 725
f 726 730 712
f 712 730 739
f 713 792 902
f 823 713 902
f 775 824 714
f 824 793 714
f 717 758 715
f 758 756 715
f 718 716 773
f 757 759 716
f 773 716 759
f 779 717 719
f 772 758 717
f 779 772 717
f 720 718 773
f 786 719 727
f 786 779 719
f 728 720 780
f 720 773 780
f 796 770 721
f 721 939 796
f 721 879 939
f 771 797 722
f 880 722 797
f 826 722 880
f 883 723 800
f 883 827 723
f 724 947 801
f 724 884 947
f 725 739 777
f 725 777 754
f 726 740 730
f 738 755 726
f 755 740 726
f 727 737 802
f 727 802 786
f 787 738 728
f 728 780 787
f 729 735 844
f 736 729 837
f 844 837 729
f 730 766 739
f 740 749 730
f 730 749 766
f 808 731 900
f 900 731 842
f 732 809 962
f 732 962 901
f 955 806 733
f 955 733 910
f 1020 734 807
f 956 734 1020
f 735 774 875
f 844 735 875
f 775 736 845
f 736 837 845
f 737 754 814
f 737 814 802
f 803 755 738
f 787 803 738
f 739 766 798
f 739 798 777
f 740 767 749
f 755 778 740
f 778 767 740
f 743 927 741
f 741 937 760
f 741 927 937
f 930 744 742
f 928 742 761
f 928 930 742
f 929 743 764
f 929 927 743
f 942 765 744
f 930 942 744
f 877 747 745
f 904 745 794
f 904 877 745
f 1026 746 878
f 905 746 1026
f 906 804 747
f 877 906 747
f 878 748 1034
f 1034 748 907
f 749 782 766
f 767 776 749
f 749 776 782
f 750 812 829
f 750 829 969
f 830 813 751
f 751 1028 830
f 751 918 970
f 970 1028 751
f 863 752 762
f 886 800 752
f 886 752 863
f 753 991 864
f 753 887 991
f 754 777 833
f 754 833 814
f 815 778 755
f 803 815 755
f 758 768 756
f 756 768 846
f 756 846 865
f 865 2145 756
f 769 759 757
f 769 757 847
f 847 757 866
f 2145 866 757
f 772 768 758
f 759 769 773
f 760 976 784
f 760 937 976
f 938 761 785
f 938 928 761
f 892 762 808
f 863 762 892
f 763 864 995
f 763 995 893
f 941 764 788
f 941 929 764
f 789 765 979
f 942 979 765
f 766 782 817
f 766 817 798
f 767 783 776
f 778 799 767
f 799 783 767
f 850 768 772
f 850 846 768
f 773 769 847
f 853 772 779
f 853 850 772
f 780 773 851
f 773 847 851
f 774 823 923
f 875 774 923
f 876 824 775
f 775 845 876
f 816 782 776
f 822 776 783
f 816 776 822
f 777 798 848
f 777 848 833
f 834 799 778
f 815 834 778
f 861 779 786
f 861 853 779
f 787 780 854
f 780 851 854
f 790 781 975
f 987 781 791
f 987 975 781
f 821 782 816
f 821 817 782
f 799 818 783
f 856 783 818
f 822 783 856
f 784 1012 825
f 784 976 1012
f 977 785 826
f 977 938 785
f 786 802 873
f 786 873 861
f 862 803 787
f 787 854 862
f 788 827 978
f 788 978 941
f 828 789 1015
f 789 979 1015
f 810 790 986
f 986 790 975
f 791 811 1005
f 791 1005 987
f 792 894 1000
f 902 792 1000
f 824 903 793
f 903 895 793
f 794 881 967
f 794 967 904
f 1064 795 905
f 968 795 1064
f 880 797 940
f 798 817 869
f 798 869 848
f 849 818 799
f 834 849 799
f 946 883 800
f 946 800 886
f 801 1044 887
f 801 947 1044
f 802 814 890
f 802 890 873
f 874 815 803
f 862 874 803
f 906 1017 804
f 1018 805 895
f 1018 907 805
f 1019 881 806
f 1019 806 955
f 1081 807 882
f 1020 807 1081
f 892 808 961
f 961 808 900
f 809 893 1048
f 809 1048 962
f 810 1004 842
f 986 1004 810
f 811 843 1042
f 811 1042 1005
f 1117 829 812
f 1209 813 830
f 1118 813 1209
f 814 833 908
f 814 908 890
f 891 834 815
f 874 891 815
f 816 852 821
f 822 860 816
f 816 860 852
f 855 817 821
f 855 869 817
f 849 870 818
f 856 818 914
f 914 818 870
f 1082 819 831
f 819 1074 835
f 1082 1074 819
f 832 820 1075
f 1085 820 836
f 1075 820 1085
f 821 852 859
f 821 859 855
f 856 897 822
f 822 897 860
f 823 902 1006
f 923 823 1006
f 876 924 824
f 924 903 824
f 825 1059 879
f 825 1012 1059
f 1013 826 880
f 1013 977 826
f 1014 827 883
f 1014 978 827
f 828 1062 884
f 828 1015 1062
f 969 829 1027
f 1208 1027 829
f 1208 829 1117
f 1309 830 1028
f 1209 830 1309
f 1096 831 838
f 1096 1082 831
f 839 832 1083
f 832 1075 1083
f 833 848 919
f 833 919 908
f 909 849 834
f 891 909 834
f 835 1084 840
f 835 1074 1084
f 1099 836 841
f 1085 836 1099
f 844 931 837
f 845 837 925
f 931 925 837
f 1112 838 857
f 1112 1096 838
f 858 839 1097
f 839 1083 1097
f 840 1098 871
f 840 1084 1098
f 1126 841 872
f 1099 841 1126
f 900 842 1041
f 1041 842 1004
f 843 901 1067
f 843 1067 1042
f 844 875 971
f 971 931 844
f 876 845 932
f 845 925 932
f 867 846 850
f 867 865 846
f 851 847 868
f 847 866 868
f 848 869 935
f 848 935 919
f 920 870 849
f 909 920 849
f 957 850 853
f 850 948 867
f 950 948 850
f 957 950 850
f 854 851 951
f 851 868 951
f 852 885 859
f 860 899 852
f 852 899 885
f 963 853 861
f 963 957 853
f 862 854 958
f 854 951 958
f 855 859 896
f 913 869 855
f 855 896 913
f 856 945 897
f 914 945 856
f 1139 857 888
f 1139 1112 857
f 889 858 1113
f 858 1097 1113
f 859 885 898
f 859 898 896
f 897 922 860
f 860 922 899
f 861 873 982
f 861 982 963
f 964 874 862
f 862 958 964
f 863 990 886
f 892 994 863
f 863 994 990
f 864 991 1105
f 864 1105 995
f 948 865 867
f 948 1035 865
f 2145 865 1035
f 868 866 949
f 1036 949 866
f 2145 1036 866
f 951 868 949
f 913 935 869
f 914 870 999
f 920 936 870
f 999 870 936
f 871 1125 910
f 871 1098 1125
f 1162 872 911
f 1126 872 1162
f 873 890 996
f 873 996 982
f 983 891 874
f 964 983 874
f 875 923 1021
f 971 875 1021
f 972 924 876
f 876 932 972
f 1025 877 904
f 1033 906 877
f 1025 1033 877
f 1026 878 1166
f 1166 878 1034
f 973 939 879
f 879 1117 973
f 879 1059 1117
f 940 974 880
f 880 974 1060
f 880 1060 1013
f 1080 967 881
f 1080 881 1019
f 1178 882 968
f 1081 882 1178
f 1061 883 946
f 1061 1014 883
f 884 1128 947
f 884 1062 1128
f 885 912 898
f 899 916 885
f 885 916 912
f 886 1043 946
f 886 990 1043
f 887 1130 991
f 887 1044 1130
f 1183 888 917
f 1183 1139 888
f 918 889 1140
f 889 1113 1140
f 890 908 1008
f 890 1008 996
f 997 909 891
f 983 997 891
f 961 1047 892
f 892 1047 994
f 893 995 1135
f 893 1135 1048
f 1000 894 1108
f 894 1017 1108
f 903 1001 895
f 1001 1018 895
f 896 898 921
f 913 896 944
f 896 921 944
f 897 989 922
f 945 989 897
f 898 912 915
f 898 915 921
f 899 953 916
f 922 953 899
f 961 900 1066
f 1066 900 1041
f 901 962 1138
f 901 1138 1067
f 902 1000 1092
f 1006 902 1092
f 924 1007 903
f 1007 1001 903
f 904 967 1063
f 904 1063 1025
f 1190 905 1026
f 1064 905 1190
f 1173 1017 906
f 1033 1173 906
f 1034 907 1018
f 908 919 1029
f 908 1029 1008
f 1009 920 909
f 997 1009 909
f 910 1161 955
f 910 1125 1161
f 1203 911 956
f 1162 911 1203
f 912 926 915
f 916 934 912
f 912 934 926
f 998 935 913
f 913 944 998
f 914 1032 945
f 999 1032 914
f 921 915 952
f 915 926 933
f 915 933 952
f 916 981 934
f 953 981 916
f 1220 917 969
f 1220 1183 917
f 970 918 1184
f 918 1140 1184
f 919 935 1051
f 919 1051 1029
f 1030 936 920
f 1009 1030 920
f 944 921 988
f 921 952 988
f 922 1011 953
f 989 1011 922
f 923 1006 1086
f 1021 923 1086
f 972 1022 924
f 1022 1007 924
f 925 931 1023
f 932 925 1016
f 925 1023 1016
f 926 943 933
f 934 960 926
f 926 960 943
f 1151 927 929
f 1167 937 927
f 1151 1167 927
f 1156 930 928
f 1152 928 938
f 1152 1156 928
f 1155 929 941
f 1155 1151 929
f 1172 942 930
f 1156 1172 930
f 971 1053 931
f 1023 931 1053
f 972 932 1024
f 932 1016 1024
f 933 943 959
f 952 933 980
f 933 959 980
f 934 993 960
f 981 993 934
f 998 1051 935
f 999 936 1091
f 1030 1052 936
f 1091 936 1052
f 976 937 1191
f 1191 937 1167
f 1168 938 977
f 1168 1152 938
f 941 978 1171
f 941 1171 1155
f 1194 979 942
f 1172 1194 942
f 943 954 959
f 943 966 954
f 960 966 943
f 944 988 1031
f 998 944 1031
f 945 1058 989
f 1032 1058 945
f 946 1043 1127
f 946 1127 1061
f 947 1205 1044
f 947 1128 1205
f 950 1037 948
f 1037 1035 948
f 951 949 1071
f 1036 1038 949
f 1071 949 1038
f 1078 950 957
f 1070 1037 950
f 1078 1070 950
f 958 951 1071
f 952 980 1010
f 988 952 1010
f 953 1040 981
f 1011 1040 953
f 959 954 965
f 954 1133 965
f 966 1142 954
f 954 1142 1133
f 955 1202 1019
f 955 1161 1202
f 1259 956 1020
f 1203 956 1259
f 1088 957 963
f 1088 1078 957
f 964 958 1079
f 958 1071 1079
f 959 965 984
f 980 959 992
f 959 984 992
f 960 985 966
f 1003 985 960
f 993 1003 960
f 961 1137 1047
f 1066 1137 961
f 962 1048 1213
f 962 1213 1138
f 963 982 1100
f 963 1100 1088
f 1089 983 964
f 964 1079 1089
f 965 1141 984
f 965 1133 1141
f 985 1154 966
f 966 1154 1142
f 1177 1063 967
f 1177 967 1080
f 1265 968 1064
f 1178 968 1265
f 969 1027 1220
f 970 1164 1028
f 1221 1164 970
f 970 1184 1221
f 971 1021 1094
f 1094 1053 971
f 1054 1022 972
f 972 1024 1054
f 974 1118 1060
f 986 975 1195
f 1197 975 987
f 1197 1195 975
f 1012 976 1228
f 1228 976 1191
f 1192 977 1013
f 1192 1168 977
f 1193 978 1014
f 1193 1171 978
f 1015 979 1231
f 1194 1231 979
f 980 992 1039
f 1010 980 1039
f 981 1050 993
f 1040 1050 981
f 982 996 1110
f 982 1110 1100
f 1101 997 983
f 1089 1101 983
f 992 984 1002
f 984 1153 1002
f 984 1141 1153
f 1003 1180 985
f 985 1180 1154
f 986 1196 1004
f 1195 1196 986
f 987 1005 1215
f 987 1215 1197
f 988 1010 1057
f 1031 988 1057
f 989 1073 1011
f 1058 1073 989
f 1104 990 994
f 1129 1043 990
f 1129 990 1104
f 991 1247 1105
f 991 1130 1247
f 992 1002 1049
f 1039 992 1049
f 993 1046 1003
f 1050 1046 993
f 1134 994 1047
f 1104 994 1134
f 995 1105 1251
f 995 1251 1135
f 996 1008 1131
f 996 1131 1110
f 1111 1009 997
f 1101 1111 997
f 998 1031 1090
f 1090 1051 998
f 999 1124 1032
f 1091 1124 999
f 1092 1000 1206
f 1000 1108 1206
f 1007 1093 1001
f 1001 1109 1018
f 1093 1109 1001
f 1002 1045 1049
f 1002 1179 1045
f 1002 1153 1179
f 1046 1211 1003
f 1003 1211 1180
f 1041 1004 1214
f 1214 1004 1196
f 1005 1042 1245
f 1005 1245 1215
f 1086 1006 1185
f 1006 1092 1185
f 1022 1087 1007
f 1087 1093 1007
f 1008 1029 1147
f 1008 1147 1131
f 1132 1030 1009
f 1111 1132 1009
f 1010 1039 1072
f 1057 1010 1072
f 1011 1103 1040
f 1073 1103 1011
f 1059 1012 1270
f 1270 1012 1228
f 1013 1060 1229
f 1013 1229 1192
f 1230 1014 1061
f 1230 1193 1014
f 1062 1015 1273
f 1015 1231 1273
f 1016 1023 1076
f 1024 1016 1065
f 1016 1076 1065
f 1108 1017 1260
f 1017 1173 1260
f 1174 1034 1018
f 1109 1174 1018
f 1019 1258 1080
f 1019 1202 1258
f 1307 1020 1081
f 1259 1020 1307
f 1021 1086 1169
f 1094 1021 1169
f 1054 1095 1022
f 1095 1087 1022
f 1023 1053 1106
f 1023 1106 1076
f 1054 1024 1077
f 1024 1065 1077
f 1165 1033 1025
f 1025 1063 1189
f 1025 1189 1165
f 1303 1026 1166
f 1190 1026 1303
f 1220 1027 1163
f 1308 1163 1027
f 1308 1027 1208
f 1450 1028 1164
f 1309 1028 1450
f 1029 1051 1175
f 1029 1175 1147
f 1148 1052 1030
f 1132 1148 1030
f 1031 1057 1123
f 1090 1031 1123
f 1032 1158 1058
f 1124 1158 1032
f 1165 1318 1033
f 1318 1173 1033
f 1174 1166 1034
f 1037 1068 1035
f 1035 1068 1234
f 1035 1234 1238
f 2145 1035 1238
f 1069 1038 1036
f 1069 1036 1235
f 1235 1036 1239
f 2145 1239 1036
f 1070 1068 1037
f 1038 1069 1071
f 1039 1049 1102
f 1072 1039 1102
f 1040 1116 1050
f 1103 1116 1040
f 1066 1041 1244
f 1244 1041 1214
f 1042 1067 1283
f 1042 1283 1245
f 1204 1127 1043
f 1204 1043 1129
f 1044 1287 1130
f 1044 1205 1287
f 1049 1045 1055
f 1045 1210 1055
f 1045 1179 1210
f 1050 1056 1046
f 1056 1219 1046
f 1046 1219 1211
f 1134 1047 1212
f 1212 1047 1137
f 1048 1135 1293
f 1048 1293 1213
f 1049 1055 1115
f 1102 1049 1115
f 1120 1056 1050
f 1116 1120 1050
f 1090 1175 1051
f 1091 1052 1225
f 1148 1176 1052
f 1225 1052 1176
f 1094 1159 1053
f 1106 1053 1159
f 1054 1077 1107
f 1107 1095 1054
f 1055 1119 1115
f 1055 1218 1119
f 1055 1210 1218
f 1120 1277 1056
f 1056 1277 1219
f 1057 1072 1157
f 1123 1057 1157
f 1058 1188 1073
f 1158 1188 1058
f 1059 1208 1117
f 1059 1308 1208
f 1270 1308 1059
f 1118 1209 1060
f 1060 1209 1271
f 1060 1271 1229
f 1061 1127 1272
f 1061 1272 1230
f 1062 1311 1128
f 1062 1273 1311
f 1264 1063 1177
f 1264 1189 1063
f 1331 1064 1190
f 1265 1064 1331
f 1065 1076 1121
f 1077 1065 1114
f 1065 1121 1114
f 1066 1282 1137
f 1244 1282 1066
f 1067 1138 1317
f 1067 1317 1283
f 1236 1068 1070
f 1236 1234 1068
f 1071 1069 1235
f 1242 1070 1078
f 1242 1236 1070
f 1079 1071 1237
f 1071 1235 1237
f 1072 1102 1187
f 1157 1072 1187
f 1073 1201 1103
f 1188 1201 1073
f 1338 1074 1082
f 1074 1336 1084
f 1338 1336 1074
f 1083 1075 1337
f 1341 1075 1085
f 1337 1075 1341
f 1076 1106 1149
f 1076 1149 1121
f 1107 1077 1122
f 1077 1114 1122
f 1248 1078 1088
f 1248 1242 1078
f 1089 1079 1243
f 1079 1237 1243
f 1080 1306 1177
f 1080 1258 1306
f 1345 1081 1178
f 1307 1081 1345
f 1342 1082 1096
f 1342 1338 1082
f 1097 1083 1339
f 1083 1337 1339
f 1084 1340 1098
f 1084 1336 1340
f 1347 1085 1099
f 1341 1085 1347
f 1169 1086 1254
f 1086 1185 1254
f 1087 1186 1093
f 1095 1170 1087
f 1170 1186 1087
f 1088 1100 1256
f 1088 1256 1248
f 1249 1101 1089
f 1089 1243 1249
f 1090 1123 1224
f 1224 1175 1090
f 1091 1253 1124
f 1225 1253 1091
f 1185 1092 1284
f 1092 1206 1284
f 1093 1207 1109
f 1186 1207 1093
f 1232 1159 1094
f 1094 1169 1232
f 1107 1160 1095
f 1160 1170 1095
f 1362 1096 1112
f 1362 1342 1096
f 1113 1097 1343
f 1097 1339 1343
f 1098 1346 1125
f 1098 1340 1346
f 1375 1099 1126
f 1347 1099 1375
f 1100 1110 1268
f 1100 1268 1256
f 1257 1111 1101
f 1249 1257 1101
f 1102 1115 1200
f 1187 1102 1200
f 1103 1217 1116
f 1201 1217 1103
f 1246 1129 1104
f 1250 1104 1134
f 1246 1104 1250
f 1105 1247 1335
f 1105 1335 1251
f 1198 1149 1106
f 1106 1159 1198
f 1107 1122 1150
f 1150 1160 1107
f 1206 1108 1322
f 1108 1260 1322
f 1109 1261 1174
f 1207 1261 1109
f 1110 1131 1280
f 1110 1280 1268
f 1269 1132 1111
f 1257 1269 1111
f 1386 1112 1139
f 1386 1362 1112
f 1140 1113 1363
f 1113 1343 1363
f 1114 1121 1143
f 1122 1114 1136
f 1114 1143 1136
f 1115 1119 1145
f 1115 1145 1216
f 1200 1115 1216
f 1116 1146 1120
f 1227 1146 1116
f 1217 1227 1116
f 1119 1276 1145
f 1119 1218 1276
f 1146 1299 1120
f 1120 1299 1277
f 1121 1181 1143
f 1121 1149 1181
f 1122 1136 1144
f 1150 1122 1144
f 1123 1157 1252
f 1224 1123 1252
f 1124 1275 1158
f 1253 1275 1124
f 1125 1374 1161
f 1125 1346 1374
f 1400 1126 1162
f 1375 1126 1400
f 1310 1127 1204
f 1310 1272 1127
f 1128 1349 1205
f 1128 1311 1349
f 1286 1204 1129
f 1286 1129 1246
f 1130 1353 1247
f 1130 1287 1353
f 1131 1147 1290
f 1131 1290 1280
f 1281 1148 1132
f 1269 1281 1132
f 1136 1141 1133
f 1144 1136 1133
f 1144 1133 1142
f 1292 1134 1212
f 1250 1134 1292
f 1135 1251 1359
f 1135 1359 1293
f 1136 1143 1141
f 1212 1137 1316
f 1316 1137 1282
f 1138 1213 1361
f 1138 1361 1317
f 1409 1139 1183
f 1409 1386 1139
f 1184 1140 1387
f 1140 1363 1387
f 1143 1153 1141
f 1144 1142 1154
f 1143 1181 1153
f 1150 1144 1182
f 1182 1144 1154
f 1216 1145 1226
f 1145 1298 1226
f 1145 1276 1298
f 1227 1327 1146
f 1146 1327 1299
f 1147 1175 1300
f 1147 1300 1290
f 1291 1176 1148
f 1281 1291 1148
f 1222 1181 1149
f 1198 1222 1149
f 1150 1199 1160
f 1182 1199 1150
f 1354 1151 1155
f 1366 1167 1151
f 1354 1366 1151
f 1357 1156 1152
f 1355 1152 1168
f 1355 1357 1152
f 1181 1179 1153
f 1182 1154 1180
f 1155 1171 1356
f 1155 1356 1354
f 1369 1172 1156
f 1357 1369 1156
f 1157 1187 1274
f 1252 1157 1274
f 1158 1295 1188
f 1275 1295 1158
f 1198 1159 1262
f 1232 1262 1159
f 1160 1233 1170
f 1199 1233 1160
f 1161 1399 1202
f 1161 1374 1399
f 1436 1162 1203
f 1400 1162 1436
f 1163 1266 1220
f 1449 1266 1163
f 1449 1163 1308
f 1221 1267 1164
f 1478 1164 1267
f 1450 1164 1478
f 1165 1189 1302
f 1165 1302 1475
f 1475 1318 1165
f 1319 1166 1174
f 1319 1303 1166
f 1191 1167 1388
f 1366 1388 1167
f 1367 1168 1192
f 1367 1355 1168
f 1232 1169 1296
f 1169 1254 1296
f 1170 1255 1186
f 1233 1255 1170
f 1368 1171 1193
f 1368 1356 1171
f 1391 1194 1172
f 1369 1391 1172
f 1260 1173 1384
f 1173 1318 1384
f 1174 1261 1319
f 1224 1300 1175
f 1225 1176 1333
f 1291 1301 1176
f 1333 1176 1301
f 1177 1344 1264
f 1177 1306 1344
f 1428 1178 1265
f 1345 1178 1428
f 1181 1210 1179
f 1180 1211 1182
f 1222 1210 1181
f 1182 1223 1199
f 1182 1211 1223
f 1445 1183 1220
f 1445 1409 1183
f 1221 1184 1410
f 1184 1387 1410
f 1254 1185 1324
f 1185 1284 1324
f 1186 1285 1207
f 1255 1285 1186
f 1187 1200 1294
f 1274 1187 1294
f 1188 1305 1201
f 1295 1305 1188
f 1330 1189 1264
f 1330 1302 1189
f 1442 1190 1303
f 1331 1190 1442
f 1228 1191 1415
f 1415 1191 1388
f 1192 1229 1389
f 1192 1389 1367
f 1390 1193 1230
f 1390 1368 1193
f 1420 1231 1194
f 1391 1420 1194
f 1196 1195 1394
f 1396 1195 1197
f 1396 1394 1195
f 1214 1196 1395
f 1395 1196 1394
f 1197 1215 1408
f 1197 1408 1396
f 1278 1222 1198
f 1198 1262 1278
f 1199 1223 1263
f 1199 1263 1233
f 1200 1216 1304
f 1294 1200 1304
f 1201 1313 1217
f 1305 1313 1201
f 1202 1435 1258
f 1202 1399 1435
f 1468 1203 1259
f 1436 1203 1468
f 1348 1204 1286
f 1348 1310 1204
f 1205 1430 1287
f 1205 1349 1430
f 1284 1206 1378
f 1206 1322 1378
f 1207 1323 1261
f 1285 1323 1207
f 1209 1309 1271
f 1222 1218 1210
f 1219 1223 1211
f 1292 1212 1360
f 1360 1212 1316
f 1213 1293 1440
f 1213 1440 1361
f 1244 1214 1407
f 1407 1214 1395
f 1215 1245 1434
f 1215 1434 1408
f 1216 1226 1312
f 1304 1216 1312
f 1217 1289 1227
f 1313 1289 1217
f 1276 1218 1222
f 1279 1223 1219
f 1219 1277 1279
f 1220 1266 1469
f 1220 1469 1445
f 1446 1267 1221
f 1221 1410 1446
f 1278 1276 1222
f 1279 1263 1223
f 1224 1252 1332
f 1332 1300 1224
f 1225 1351 1253
f 1333 1351 1225
f 1226 1288 1312
f 1226 1326 1288
f 1226 1298 1326
f 1289 1406 1227
f 1227 1406 1327
f 1270 1228 1455
f 1455 1228 1415
f 1229 1271 1416
f 1229 1416 1389
f 1230 1272 1419
f 1230 1419 1390
f 1273 1231 1458
f 1420 1458 1231
f 1320 1262 1232
f 1232 1296 1320
f 1233 1297 1255
f 1233 1263 1297
f 1240 1234 1236
f 1234 1240 1238
f 1237 1235 1241
f 1235 1239 1241
f 1372 1240 1236
f 1376 1236 1242
f 1376 1372 1236
f 1237 1241 1373
f 1243 1237 1373
f 1238 1240 1370
f 1238 1370 1451
f 2145 1238 1451
f 1241 1239 1371
f 1452 1371 1239
f 2145 1452 1239
f 1372 1370 1240
f 1241 1371 1373
f 1380 1242 1248
f 1380 1376 1242
f 1249 1243 1377
f 1243 1373 1377
f 1244 1433 1282
f 1407 1433 1244
f 1245 1283 1464
f 1245 1464 1434
f 1334 1246 1250
f 1352 1286 1246
f 1352 1246 1334
f 1247 1462 1335
f 1247 1353 1462
f 1248 1256 1392
f 1248 1392 1380
f 1381 1257 1249
f 1249 1377 1381
f 1358 1250 1292
f 1334 1250 1358
f 1251 1335 1466
f 1251 1466 1359
f 1252 1274 1350
f 1332 1252 1350
f 1253 1383 1275
f 1351 1383 1253
f 1296 1254 1364
f 1254 1324 1364
f 1255 1325 1285
f 1255 1297 1325
f 1256 1268 1397
f 1256 1397 1392
f 1393 1269 1257
f 1381 1393 1257
f 1258 1467 1306
f 1258 1435 1467
f 1500 1259 1307
f 1468 1259 1500
f 1322 1260 1459
f 1260 1384 1459
f 1319 1261 1385
f 1385 1261 1323
f 1278 1262 1328
f 1320 1328 1262
f 1321 1263 1279
f 1321 1297 1263
f 1264 1427 1330
f 1264 1344 1427
f 1488 1265 1331
f 1428 1265 1488
f 1477 1266 1449
f 1477 1469 1266
f 1446 1470 1267
f 1645 1267 1470
f 1478 1267 1645
f 1268 1280 1411
f 1268 1411 1397
f 1398 1281 1269
f 1393 1398 1269
f 1270 1449 1308
f 1455 1449 1270
f 1271 1309 1456
f 1271 1456 1416
f 1457 1272 1310
f 1457 1419 1272
f 1311 1273 1480
f 1273 1458 1480
f 1274 1294 1382
f 1350 1274 1382
f 1275 1402 1295
f 1383 1402 1275
f 1298 1276 1278
f 1279 1277 1299
f 1278 1328 1298
f 1279 1299 1329
f 1329 1321 1279
f 1280 1290 1423
f 1280 1423 1411
f 1412 1291 1281
f 1398 1412 1281
f 1316 1282 1463
f 1463 1282 1433
f 1283 1317 1484
f 1283 1484 1464
f 1324 1284 1437
f 1284 1378 1437
f 1285 1379 1323
f 1285 1325 1379
f 1429 1348 1286
f 1429 1286 1352
f 1287 1492 1353
f 1287 1430 1492
f 1312 1288 1314
f 1288 1413 1314
f 1288 1326 1405
f 1288 1405 1413
f 1313 1315 1289
f 1315 1414 1289
f 1289 1414 1406
f 1290 1300 1443
f 1290 1443 1423
f 1424 1301 1291
f 1412 1424 1291
f 1358 1292 1439
f 1439 1292 1360
f 1293 1359 1496
f 1293 1496 1440
f 1294 1304 1401
f 1382 1294 1401
f 1295 1418 1305
f 1402 1418 1295
f 1320 1296 1403
f 1296 1364 1403
f 1365 1297 1321
f 1365 1325 1297
f 1328 1326 1298
f 1329 1299 1327
f 1332 1443 1300
f 1333 1301 1474
f 1424 1444 1301
f 1474 1301 1444
f 1441 1302 1330
f 1475 1302 1441
f 1476 1303 1319
f 1476 1442 1303
f 1304 1312 1417
f 1401 1304 1417
f 1305 1426 1313
f 1418 1426 1305
f 1306 1499 1344
f 1306 1467 1499
f 1532 1307 1345
f 1500 1307 1532
f 1309 1450 1456
f 1479 1310 1348
f 1479 1457 1310
f 1311 1508 1349
f 1311 1480 1508
f 1312 1314 1425
f 1417 1312 1425
f 1432 1315 1313
f 1426 1432 1313
f 1314 1413 1497
f 1314 1431 1425
f 1497 1431 1314
f 1315 1498 1414
f 1432 1498 1315
f 1360 1316 1483
f 1483 1316 1463
f 1317 1361 1516
f 1317 1516 1484
f 1384 1318 1513
f 1318 1475 1513
f 1319 1385 1476
f 1421 1328 1320
f 1320 1403 1421
f 1404 1321 1329
f 1404 1365 1321
f 1378 1322 1493
f 1322 1459 1493
f 1323 1379 1460
f 1323 1460 1385
f 1364 1324 1471
f 1324 1437 1471
f 1438 1325 1365
f 1438 1379 1325
f 1328 1405 1326
f 1329 1327 1406
f 1421 1405 1328
f 1422 1404 1329
f 1422 1329 1406
f 1330 1427 1487
f 1330 1487 1441
f 1544 1331 1442
f 1488 1331 1544
f 1332 1350 1473
f 1473 1443 1332
f 1333 1490 1351
f 1474 1490 1333
f 1461 1352 1334
f 1465 1334 1358
f 1461 1334 1465
f 1335 1462 1538
f 1335 1538 1466
f 1580 1336 1338
f 1336 1574 1340
f 1580 1574 1336
f 1339 1337 1575
f 1583 1337 1341
f 1575 1337 1583
f 1588 1338 1342
f 1588 1580 1338
f 1343 1339 1581
f 1339 1575 1581
f 1340 1582 1346
f 1340 1574 1582
f 1591 1341 1347
f 1583 1341 1591
f 1598 1342 1362
f 1598 1588 1342
f 1363 1343 1589
f 1343 1581 1589
f 1344 1531 1427
f 1344 1499 1531
f 1577 1345 1428
f 1532 1345 1577
f 1346 1590 1374
f 1346 1582 1590
f 1603 1347 1375
f 1591 1347 1603
f 1507 1348 1429
f 1507 1479 1348
f 1349 1556 1430
f 1349 1508 1556
f 1350 1382 1489
f 1473 1350 1489
f 1351 1504 1383
f 1490 1504 1351
f 1491 1429 1352
f 1491 1352 1461
f 1353 1548 1462
f 1353 1492 1548
f 1354 1356 1551
f 1559 1366 1354
f 1354 1551 1559
f 1554 1357 1355
f 1552 1355 1367
f 1552 1554 1355
f 1553 1356 1368
f 1553 1551 1356
f 1564 1369 1357
f 1554 1564 1357
f 1495 1358 1439
f 1465 1358 1495
f 1359 1466 1550
f 1359 1550 1496
f 1439 1360 1515
f 1515 1360 1483
f 1361 1440 1566
f 1361 1566 1516
f 1610 1362 1386
f 1610 1598 1362
f 1387 1363 1599
f 1363 1589 1599
f 1403 1364 1485
f 1364 1471 1485
f 1472 1365 1404
f 1472 1438 1365
f 1569 1388 1366
f 1559 1569 1366
f 1367 1389 1560
f 1367 1560 1552
f 1563 1368 1390
f 1563 1553 1368
f 1572 1391 1369
f 1564 1572 1369
f 1453 1370 1372
f 1453 1451 1370
f 1373 1371 1454
f 1452 1454 1371
f 1517 1372 1376
f 1453 1372 1511
f 1511 1372 1517
f 1377 1373 1512
f 1373 1454 1512
f 1374 1602 1399
f 1374 1590 1602
f 1613 1375 1400
f 1603 1375 1613
f 1523 1376 1380
f 1523 1517 1376
f 1381 1377 1518
f 1377 1512 1518
f 1437 1378 1525
f 1378 1493 1525
f 1494 1379 1438
f 1494 1460 1379
f 1380 1392 1527
f 1380 1527 1523
f 1524 1393 1381
f 1381 1518 1524
f 1382 1401 1503
f 1489 1382 1503
f 1383 1506 1402
f 1504 1506 1383
f 1459 1384 1561
f 1384 1513 1561
f 1385 1460 1514
f 1385 1514 1476
f 1624 1386 1409
f 1624 1610 1386
f 1410 1387 1611
f 1387 1599 1611
f 1415 1388 1594
f 1569 1594 1388
f 1389 1416 1570
f 1389 1570 1560
f 1390 1419 1571
f 1390 1571 1563
f 1597 1420 1391
f 1572 1597 1391
f 1392 1397 1535
f 1392 1535 1527
f 1528 1398 1393
f 1524 1528 1393
f 1395 1394 1573
f 1579 1394 1396
f 1579 1573 1394
f 1407 1395 1578
f 1578 1395 1573
f 1396 1408 1593
f 1396 1593 1579
f 1397 1411 1539
f 1397 1539 1535
f 1536 1412 1398
f 1528 1536 1398
f 1399 1612 1435
f 1399 1602 1612
f 1635 1400 1436
f 1613 1400 1635
f 1401 1417 1505
f 1503 1401 1505
f 1402 1522 1418
f 1506 1522 1402
f 1421 1403 1501
f 1403 1485 1501
f 1486 1404 1422
f 1486 1472 1404
f 1421 1413 1405
f 1414 1422 1406
f 1407 1592 1433
f 1578 1592 1407
f 1408 1434 1607
f 1408 1607 1593
f 1642 1409 1445
f 1642 1624 1409
f 1446 1410 1625
f 1410 1611 1625
f 1411 1423 1541
f 1411 1541 1539
f 1540 1424 1412
f 1536 1540 1412
f 1497 1413 1421
f 1502 1422 1414
f 1414 1498 1502
f 1455 1415 1614
f 1614 1415 1594
f 1416 1456 1595
f 1416 1595 1570
f 1417 1425 1521
f 1505 1417 1521
f 1418 1530 1426
f 1522 1530 1418
f 1596 1419 1457
f 1596 1571 1419
f 1617 1458 1420
f 1597 1617 1420
f 1421 1501 1497
f 1502 1486 1422
f 1423 1443 1557
f 1423 1557 1541
f 1542 1444 1424
f 1540 1542 1424
f 1425 1431 1447
f 1425 1447 1529
f 1521 1425 1529
f 1426 1448 1432
f 1534 1448 1426
f 1530 1534 1426
f 1427 1576 1487
f 1427 1531 1576
f 1633 1428 1488
f 1577 1428 1633
f 1555 1429 1491
f 1555 1507 1429
f 1430 1619 1492
f 1430 1556 1619
f 1497 1447 1431
f 1448 1520 1432
f 1432 1520 1498
f 1463 1433 1606
f 1606 1433 1592
f 1434 1464 1627
f 1434 1627 1607
f 1435 1634 1467
f 1435 1612 1634
f 1663 1436 1468
f 1635 1436 1663
f 1471 1437 1545
f 1437 1525 1545
f 1526 1438 1472
f 1526 1494 1438
f 1495 1439 1565
f 1565 1439 1515
f 1440 1496 1623
f 1440 1623 1566
f 1475 1441 1628
f 1441 1487 1543
f 1628 1441 1543
f 1544 1442 1476
f 1473 1557 1443
f 1474 1444 1605
f 1542 1558 1444
f 1605 1444 1558
f 1445 1469 1481
f 1445 1481 1642
f 1482 1470 1446
f 1446 1667 1482
f 1446 1625 1643
f 1643 1667 1446
f 1519 1447 1497
f 1519 1533 1447
f 1533 1529 1447
f 1448 1585 1520
f 1534 1585 1448
f 1455 1477 1449
f 1456 1450 1478
f 1509 1451 1453
f 1509 1650 1451
f 2145 1451 1650
f 1510 1454 1452
f 1651 1510 1452
f 2145 1651 1452
f 1511 1509 1453
f 1512 1454 1510
f 1644 1477 1455
f 1455 1614 1644
f 1456 1478 1615
f 1456 1615 1595
f 1616 1457 1479
f 1616 1596 1457
f 1480 1458 1649
f 1617 1649 1458
f 1493 1459 1608
f 1459 1561 1608
f 1562 1460 1494
f 1562 1514 1460
f 1537 1461 1465
f 1547 1491 1461
f 1547 1461 1537
f 1462 1637 1538
f 1462 1548 1637
f 1483 1463 1626
f 1626 1463 1606
f 1464 1484 1655
f 1464 1655 1627
f 1549 1465 1495
f 1537 1465 1549
f 1466 1538 1639
f 1466 1639 1550
f 1467 1662 1499
f 1467 1634 1662
f 1693 1468 1500
f 1663 1468 1693
f 1644 1469 1477
f 1644 1481 1469
f 1659 1470 1482
f 1645 1470 1659
f 1485 1471 1567
f 1471 1545 1567
f 1546 1472 1486
f 1546 1526 1472
f 1473 1489 1604
f 1604 1557 1473
f 1474 1621 1490
f 1605 1621 1474
f 1513 1475 1670
f 1475 1628 1670
f 1476 1514 1629
f 1629 1544 1476
f 1615 1478 1645
f 1648 1479 1507
f 1648 1616 1479
f 1508 1480 1679
f 1480 1649 1679
f 1642 1481 1666
f 1658 1481 1644
f 1658 1666 1481
f 1659 1482 1804
f 1804 1482 1667
f 1515 1483 1654
f 1654 1483 1626
f 1484 1516 1687
f 1484 1687 1655
f 1501 1485 1586
f 1485 1567 1586
f 1568 1486 1502
f 1568 1546 1486
f 1487 1632 1543
f 1487 1576 1632
f 1701 1488 1544
f 1633 1488 1701
f 1489 1503 1620
f 1604 1489 1620
f 1490 1631 1504
f 1621 1631 1490
f 1618 1491 1547
f 1618 1555 1491
f 1492 1677 1548
f 1492 1619 1677
f 1525 1493 1640
f 1493 1608 1640
f 1609 1494 1526
f 1609 1562 1494
f 1549 1495 1622
f 1622 1495 1565
f 1496 1550 1683
f 1496 1683 1623
f 1497 1501 1519
f 1502 1498 1520
f 1499 1692 1531
f 1499 1662 1692
f 1715 1500 1532
f 1693 1500 1715
f 1501 1586 1519
f 1502 1520 1587
f 1587 1568 1502
f 1503 1505 1630
f 1620 1503 1630
f 1504 1647 1506
f 1631 1647 1504
f 1505 1521 1646
f 1630 1505 1646
f 1506 1657 1522
f 1647 1657 1506
f 1678 1507 1555
f 1678 1648 1507
f 1508 1713 1556
f 1508 1679 1713
f 1652 1509 1511
f 1652 1650 1509
f 1512 1510 1681
f 1651 1653 1510
f 1681 1510 1653
f 1511 1517 1684
f 1652 1511 1680
f 1680 1511 1684
f 1518 1512 1681
f 1561 1513 1708
f 1513 1670 1708
f 1671 1514 1562
f 1671 1629 1514
f 1565 1515 1686
f 1686 1515 1654
f 1516 1566 1717
f 1516 1717 1687
f 1690 1517 1523
f 1684 1517 1690
f 1524 1518 1685
f 1518 1681 1685
f 1584 1533 1519
f 1586 1584 1519
f 1587 1520 1585
f 1521 1529 1656
f 1646 1521 1656
f 1522 1661 1530
f 1657 1661 1522
f 1523 1527 1694
f 1523 1694 1690
f 1691 1528 1524
f 1524 1685 1691
f 1545 1525 1668
f 1525 1640 1668
f 1641 1526 1546
f 1641 1609 1526
f 1527 1535 1702
f 1527 1702 1694
f 1695 1536 1528
f 1691 1695 1528
f 1660 1529 1533
f 1660 1656 1529
f 1530 1601 1534
f 1661 1601 1530
f 1531 1714 1576
f 1531 1692 1714
f 1727 1532 1577
f 1715 1532 1727
f 1584 1600 1533
f 1533 1600 1660
f 1534 1673 1585
f 1601 1673 1534
f 1535 1539 1704
f 1535 1704 1702
f 1703 1540 1536
f 1695 1703 1536
f 1547 1537 1636
f 1537 1549 1638
f 1636 1537 1638
f 1538 1637 1719
f 1538 1719 1639
f 1539 1541 1706
f 1539 1706 1704
f 1705 1542 1540
f 1703 1705 1540
f 1541 1557 1710
f 1541 1710 1706
f 1707 1558 1542
f 1705 1707 1542
f 1628 1543 1777
f 1543 1632 1700
f 1543 1700 1777
f 1629 1701 1544
f 1567 1545 1688
f 1545 1668 1688
f 1669 1546 1568
f 1669 1641 1546
f 1618 1547 1676
f 1676 1547 1636
f 1548 1723 1637
f 1548 1677 1723
f 1549 1622 1682
f 1638 1549 1682
f 1550 1639 1725
f 1550 1725 1683
f 1738 1551 1553
f 1559 1551 1742
f 1738 1742 1551
f 1741 1554 1552
f 1552 1560 1739
f 1552 1739 1741
f 1740 1553 1563
f 1740 1738 1553
f 1745 1564 1554
f 1741 1745 1554
f 1712 1555 1618
f 1712 1678 1555
f 1556 1731 1619
f 1556 1713 1731
f 1604 1710 1557
f 1605 1558 1729
f 1707 1711 1558
f 1729 1558 1711
f 1748 1569 1559
f 1559 1742 1748
f 1560 1570 1743
f 1560 1743 1739
f 1608 1561 1720
f 1561 1708 1720
f 1709 1562 1609
f 1709 1671 1562
f 1563 1571 1744
f 1563 1744 1740
f 1751 1572 1564
f 1745 1751 1564
f 1622 1565 1716
f 1716 1565 1686
f 1566 1623 1733
f 1566 1733 1717
f 1586 1567 1698
f 1567 1688 1698
f 1689 1568 1587
f 1689 1669 1568
f 1765 1594 1569
f 1748 1765 1569
f 1570 1595 1749
f 1570 1749 1743
f 1750 1571 1596
f 1750 1744 1571
f 1770 1597 1572
f 1751 1770 1572
f 1578 1573 1752
f 1754 1573 1579
f 1754 1752 1573
f 1805 1574 1580
f 1574 1801 1582
f 1805 1801 1574
f 1581 1575 1802
f 1810 1575 1583
f 1802 1575 1810
f 1576 1726 1632
f 1576 1714 1726
f 1772 1577 1633
f 1727 1577 1772
f 1578 1753 1592
f 1752 1753 1578
f 1579 1593 1762
f 1579 1762 1754
f 1813 1580 1588
f 1813 1805 1580
f 1589 1581 1806
f 1581 1802 1806
f 1582 1809 1590
f 1582 1801 1809
f 1816 1583 1591
f 1810 1583 1816
f 1586 1672 1584
f 1672 1600 1584
f 1587 1585 1673
f 1698 1672 1586
f 1699 1587 1673
f 1699 1689 1587
f 1821 1588 1598
f 1821 1813 1588
f 1599 1589 1814
f 1589 1806 1814
f 1590 1815 1602
f 1590 1809 1815
f 1824 1591 1603
f 1816 1591 1824
f 1606 1592 1761
f 1761 1592 1753
f 1593 1607 1782
f 1593 1782 1762
f 1614 1594 1791
f 1765 1791 1594
f 1595 1615 1766
f 1595 1766 1749
f 1769 1596 1616
f 1769 1750 1596
f 1794 1617 1597
f 1770 1794 1597
f 1827 1598 1610
f 1827 1821 1598
f 1611 1599 1822
f 1599 1814 1822
f 1660 1600 1664
f 1696 1664 1600
f 1696 1600 1672
f 1661 1665 1601
f 1665 1697 1601
f 1601 1697 1673
f 1602 1823 1612
f 1602 1815 1823
f 1832 1603 1613
f 1824 1603 1832
f 1604 1620 1728
f 1728 1710 1604
f 1605 1737 1621
f 1729 1737 1605
f 1626 1606 1781
f 1781 1606 1761
f 1607 1627 1800
f 1607 1800 1782
f 1640 1608 1734
f 1608 1720 1734
f 1721 1609 1641
f 1721 1709 1609
f 1841 1610 1624
f 1841 1827 1610
f 1625 1611 1828
f 1611 1822 1828
f 1612 1831 1634
f 1612 1823 1831
f 1856 1613 1635
f 1832 1613 1856
f 1614 1658 1644
f 1614 1803 1658
f 1791 1803 1614
f 1615 1645 1659
f 1792 1615 1659
f 1792 1766 1615
f 1793 1616 1648
f 1793 1769 1616
f 1808 1649 1617
f 1794 1808 1617
f 1730 1618 1676
f 1712 1618 1730
f 1619 1786 1677
f 1619 1731 1786
f 1620 1630 1736
f 1728 1620 1736
f 1621 1747 1631
f 1737 1747 1621
f 1682 1622 1732
f 1622 1716 1732
f 1623 1683 1790
f 1623 1790 1733
f 1859 1624 1642
f 1859 1841 1624
f 1643 1625 1842
f 1625 1828 1842
f 1654 1626 1799
f 1799 1626 1781
f 1627 1655 1818
f 1627 1818 1800
f 1670 1628 1811
f 1628 1777 1811
f 1778 1629 1671
f 1778 1701 1629
f 1630 1646 1746
f 1736 1630 1746
f 1631 1758 1647
f 1747 1758 1631
f 1632 1771 1700
f 1632 1726 1771
f 1820 1633 1701
f 1772 1633 1820
f 1634 1855 1662
f 1634 1831 1855
f 1866 1635 1663
f 1856 1635 1866
f 1636 1638 1718
f 1676 1636 1722
f 1722 1636 1718
f 1637 1796 1719
f 1637 1723 1796
f 1638 1682 1724
f 1718 1638 1724
f 1639 1719 1798
f 1639 1798 1725
f 1668 1640 1755
f 1640 1734 1755
f 1735 1641 1669
f 1735 1721 1641
f 1642 1666 1859
f 1643 1768 1667
f 1860 1768 1643
f 1643 1842 1860
f 1646 1656 1757
f 1746 1646 1757
f 1647 1764 1657
f 1758 1764 1647
f 1807 1648 1678
f 1807 1793 1648
f 1679 1649 1836
f 1808 1836 1649
f 1652 1674 1650
f 1650 1674 1829
f 1650 1829 1877
f 2145 1650 1877
f 1675 1653 1651
f 1675 1651 1830
f 1830 1651 1878
f 2145 1878 1651
f 1680 1674 1652
f 1653 1675 1681
f 1686 1654 1817
f 1817 1654 1799
f 1655 1687 1844
f 1655 1844 1818
f 1763 1656 1660
f 1763 1757 1656
f 1657 1774 1661
f 1764 1774 1657
f 1803 1666 1658
f 1659 1804 1792
f 1660 1664 1773
f 1660 1773 1763
f 1760 1665 1661
f 1774 1760 1661
f 1662 1865 1692
f 1662 1855 1865
f 1882 1663 1693
f 1866 1663 1882
f 1783 1664 1696
f 1773 1664 1759
f 1783 1759 1664
f 1665 1784 1697
f 1760 1784 1665
f 1803 1767 1666
f 1859 1666 1767
f 1884 1667 1768
f 1804 1667 1884
f 1688 1668 1775
f 1668 1755 1775
f 1756 1669 1689
f 1756 1735 1669
f 1708 1670 1845
f 1670 1811 1845
f 1812 1671 1709
f 1812 1778 1671
f 1698 1696 1672
f 1697 1699 1673
f 1674 1680 1833
f 1833 1829 1674
f 1681 1675 1830
f 1785 1676 1722
f 1730 1676 1785
f 1677 1848 1723
f 1677 1786 1848
f 1835 1678 1712
f 1835 1807 1678
f 1713 1679 1868
f 1679 1836 1868
f 1680 1684 1837
f 1833 1680 1837
f 1685 1681 1834
f 1681 1830 1834
f 1724 1682 1789
f 1682 1732 1789
f 1683 1725 1852
f 1683 1852 1790
f 1684 1690 1839
f 1837 1684 1839
f 1691 1685 1838
f 1685 1834 1838
f 1716 1686 1843
f 1843 1686 1817
f 1687 1717 1874
f 1687 1874 1844
f 1698 1688 1787
f 1688 1775 1787
f 1776 1689 1699
f 1776 1756 1689
f 1690 1694 1849
f 1839 1690 1849
f 1840 1695 1691
f 1691 1838 1840
f 1692 1881 1714
f 1692 1865 1881
f 1898 1693 1715
f 1882 1693 1898
f 1694 1702 1853
f 1694 1853 1849
f 1850 1703 1695
f 1840 1850 1695
f 1783 1696 1698
f 1788 1699 1697
f 1697 1784 1788
f 1698 1787 1783
f 1788 1776 1699
f 1700 1771 1819
f 1777 1700 1819
f 1778 1820 1701
f 1702 1704 1857
f 1702 1857 1853
f 1854 1705 1703
f 1850 1854 1703
f 1704 1706 1861
f 1704 1861 1857
f 1858 1707 1705
f 1854 1858 1705
f 1706 1710 1863
f 1706 1863 1861
f 1862 1711 1707
f 1858 1862 1707
f 1720 1708 1871
f 1708 1845 1871
f 1846 1709 1721
f 1846 1812 1709
f 1728 1863 1710
f 1729 1711 1900
f 1862 1864 1711
f 1900 1711 1864
f 1867 1712 1730
f 1835 1712 1867
f 1713 1888 1731
f 1713 1868 1888
f 1714 1897 1726
f 1714 1881 1897
f 1912 1715 1727
f 1898 1715 1912
f 1732 1716 1873
f 1716 1843 1873
f 1717 1733 1890
f 1717 1890 1874
f 1722 1718 1795
f 1718 1724 1797
f 1795 1718 1797
f 1719 1796 1876
f 1719 1876 1798
f 1734 1720 1885
f 1720 1871 1885
f 1872 1721 1735
f 1872 1846 1721
f 1785 1722 1847
f 1847 1722 1795
f 1723 1892 1796
f 1723 1848 1892
f 1724 1789 1851
f 1797 1724 1851
f 1725 1798 1894
f 1725 1894 1852
f 1726 1911 1771
f 1726 1897 1911
f 1926 1727 1772
f 1912 1727 1926
f 1728 1736 1899
f 1899 1863 1728
f 1729 1904 1737
f 1900 1904 1729
f 1887 1730 1785
f 1867 1730 1887
f 1731 1916 1786
f 1731 1888 1916
f 1789 1732 1889
f 1732 1873 1889
f 1733 1790 1918
f 1733 1918 1890
f 1755 1734 1895
f 1734 1885 1895
f 1886 1735 1756
f 1886 1872 1735
f 1736 1746 1903
f 1899 1736 1903
f 1737 1910 1747
f 1904 1910 1737
f 1939 1738 1740
f 1943 1742 1738
f 1939 1943 1738
f 1741 1739 1942
f 1739 1743 1940
f 1739 1940 1942
f 1740 1744 1941
f 1740 1941 1939
f 1946 1745 1741
f 1741 1942 1946
f 1748 1742 1947
f 1943 1947 1742
f 1743 1749 1944
f 1743 1944 1940
f 1945 1744 1750
f 1945 1941 1744
f 1950 1751 1745
f 1946 1950 1745
f 1746 1757 1909
f 1903 1746 1909
f 1747 1914 1758
f 1910 1914 1747
f 1960 1765 1748
f 1748 1947 1960
f 1749 1766 1948
f 1749 1948 1944
f 1949 1750 1769
f 1949 1945 1750
f 1963 1770 1751
f 1950 1963 1751
f 1753 1752 1951
f 1957 1752 1754
f 1957 1951 1752
f 1761 1753 1956
f 1956 1753 1951
f 1754 1762 1959
f 1754 1959 1957
f 1775 1755 1901
f 1755 1895 1901
f 1896 1756 1776
f 1896 1886 1756
f 1913 1757 1763
f 1913 1909 1757
f 1758 1920 1764
f 1914 1920 1758
f 1773 1759 1779
f 1825 1779 1759
f 1825 1759 1783
f 1774 1780 1760
f 1780 1826 1760
f 1760 1826 1784
f 1781 1761 1958
f 1958 1761 1956
f 1762 1782 1965
f 1762 1965 1959
f 1919 1763 1773
f 1913 1763 1919
f 1764 1922 1774
f 1920 1922 1764
f 1968 1791 1765
f 1960 1968 1765
f 1961 1766 1792
f 1961 1948 1766
f 1883 1767 1803
f 1767 1869 1859
f 1883 1869 1767
f 1860 1870 1768
f 1979 1768 1870
f 1884 1768 1979
f 1962 1769 1793
f 1962 1949 1769
f 1973 1794 1770
f 1963 1973 1770
f 1771 1925 1819
f 1771 1911 1925
f 1938 1772 1820
f 1926 1772 1938
f 1921 1773 1779
f 1919 1773 1921
f 1924 1780 1774
f 1922 1924 1774
f 1787 1775 1907
f 1775 1901 1907
f 1902 1776 1788
f 1902 1896 1776
f 1811 1777 1954
f 1777 1819 1935
f 1777 1935 1954
f 1936 1778 1812
f 1938 1820 1778
f 1936 1938 1778
f 1905 1779 1825
f 1905 1923 1779
f 1921 1779 1923
f 1780 1906 1826
f 1924 1906 1780
f 1799 1781 1964
f 1964 1781 1958
f 1782 1800 1977
f 1782 1977 1965
f 1783 1787 1825
f 1788 1784 1826
f 1915 1785 1847
f 1887 1785 1915
f 1786 1932 1848
f 1786 1916 1932
f 1787 1907 1825
f 1788 1826 1908
f 1908 1902 1788
f 1851 1789 1917
f 1789 1889 1917
f 1790 1852 1934
f 1790 1934 1918
f 1791 1883 1803
f 1978 1883 1791
f 1968 1978 1791
f 1804 1884 1792
f 1792 1884 1969
f 1792 1969 1961
f 1972 1793 1807
f 1972 1962 1793
f 1981 1808 1794
f 1973 1981 1794
f 1795 1797 1875
f 1847 1795 1891
f 1891 1795 1875
f 1796 1928 1876
f 1796 1892 1928
f 1797 1851 1893
f 1875 1797 1893
f 1798 1876 1930
f 1798 1930 1894
f 1817 1799 1976
f 1976 1799 1964
f 1800 1818 1983
f 1800 1983 1977
f 2040 1801 1805
f 1801 2038 1809
f 2040 2038 1801
f 1806 1802 2039
f 2043 1802 1810
f 2039 1802 2043
f 2044 1805 1813
f 2044 2040 1805
f 1814 1806 2041
f 1806 2039 2041
f 1980 1807 1835
f 1980 1972 1807
f 1997 1836 1808
f 1981 1997 1808
f 1809 2042 1815
f 1809 2038 2042
f 2049 1810 1816
f 2043 1810 2049
f 1845 1811 1974
f 1811 1954 1974
f 1955 1812 1846
f 1955 1936 1812
f 2050 1813 1821
f 2050 2044 1813
f 1822 1814 2045
f 1814 2041 2045
f 1815 2048 1823
f 1815 2042 2048
f 2057 1816 1824
f 2049 1816 2057
f 1843 1817 1982
f 1982 1817 1976
f 1818 1844 2001
f 1818 2001 1983
f 1819 1925 1937
f 1935 1819 1937
f 2060 1821 1827
f 2060 2050 1821
f 1828 1822 2051
f 1822 2045 2051
f 1823 2056 1831
f 1823 2048 2056
f 2063 1824 1832
f 2057 1824 2063
f 1907 1905 1825
f 1908 1826 1906
f 2070 1827 1841
f 2070 2060 1827
f 1842 1828 2061
f 1828 2051 2061
f 1833 1879 1829
f 1879 1877 1829
f 1834 1830 1880
f 1830 1878 1880
f 1831 2062 1855
f 1831 2056 2062
f 2075 1832 1856
f 2063 1832 2075
f 1833 1837 1994
f 1990 1879 1833
f 1990 1833 1992
f 1992 1833 1994
f 1838 1834 1993
f 1834 1880 1993
f 1996 1835 1867
f 1980 1835 1996
f 1868 1836 2015
f 1997 2015 1836
f 1837 1839 1998
f 1994 1837 1998
f 1840 1838 1995
f 1838 1993 1995
f 1839 1849 2002
f 1998 1839 2002
f 1999 1850 1840
f 1840 1995 1999
f 2078 1841 1859
f 2078 2070 1841
f 1860 1842 2071
f 1842 2061 2071
f 1873 1843 2000
f 1982 2000 1843
f 1844 1874 2019
f 1844 2019 2001
f 1871 1845 1986
f 1845 1974 1986
f 1975 1846 1872
f 1975 1955 1846
f 1931 1847 1891
f 1915 1847 1931
f 1848 1967 1892
f 1848 1932 1967
f 1849 1853 2004
f 2002 1849 2004
f 2003 1854 1850
f 1999 2003 1850
f 1893 1851 1933
f 1851 1917 1933
f 1852 1894 1971
f 1852 1971 1934
f 1853 1857 2008
f 1853 2008 2004
f 2005 1858 1854
f 2003 2005 1854
f 1855 2074 1865
f 1855 2062 2074
f 2085 1856 1866
f 2075 1856 2085
f 1857 1861 2010
f 1857 2010 2008
f 2009 1862 1858
f 2005 2009 1858
f 1859 1869 2086
f 1859 2086 2078
f 2079 1870 1860
f 1860 2071 2079
f 1861 1863 2012
f 1861 2012 2010
f 2011 1864 1862
f 2009 2011 1862
f 1899 2012 1863
f 1900 1864 2047
f 2011 2013 1864
f 2047 1864 2013
f 1865 2084 1881
f 1865 2074 2084
f 2089 1866 1882
f 2085 1866 2089
f 2014 1867 1887
f 1996 1867 2014
f 1888 1868 2031
f 1868 2015 2031
f 1978 1869 1883
f 1978 2086 1869
f 1979 1870 2087
f 2079 2087 1870
f 1885 1871 2006
f 1871 1986 2006
f 1987 1872 1886
f 1987 1975 1872
f 1889 1873 2018
f 1873 2000 2018
f 1874 1890 2033
f 1874 2033 2019
f 1891 1875 1927
f 1875 1893 1929
f 1927 1875 1929
f 1876 1928 1989
f 1876 1989 1930
f 1990 1877 1879
f 1990 2110 1877
f 2145 1877 2110
f 1880 1878 1991
f 2111 1991 1878
f 2145 2111 1878
f 1993 1880 1991
f 1881 2088 1897
f 1881 2084 2088
f 2095 1882 1898
f 2089 1882 2095
f 1884 1979 1969
f 1895 1885 2016
f 1885 2006 2016
f 2007 1886 1896
f 2007 1987 1886
f 2030 1887 1915
f 2014 1887 2030
f 1888 2035 1916
f 1888 2031 2035
f 1917 1889 2032
f 1889 2018 2032
f 1890 1918 2037
f 1890 2037 2033
f 1966 1891 1927
f 1931 1891 1966
f 1892 2021 1928
f 1892 1967 2021
f 1929 1893 1970
f 1893 1933 1970
f 1894 1930 2023
f 1894 2023 1971
f 1901 1895 2024
f 1895 2016 2024
f 2017 1896 1902
f 2017 2007 1896
f 1897 2094 1911
f 1897 2088 2094
f 2097 1898 1912
f 2095 1898 2097
f 1899 1903 2046
f 2046 2012 1899
f 1900 2059 1904
f 2047 2059 1900
f 1907 1901 2028
f 1901 2024 2028
f 2025 1902 1908
f 2025 2017 1902
f 1903 1909 2058
f 2046 1903 2058
f 1904 2065 1910
f 2059 2065 1904
f 1907 1984 1905
f 1952 1923 1905
f 1905 1984 1952
f 1908 1906 1985
f 1924 1985 1906
f 2028 1984 1907
f 2029 1908 1985
f 2029 2025 1908
f 2064 1909 1913
f 2064 2058 1909
f 1910 2073 1914
f 2065 2073 1910
f 1911 2096 1925
f 1911 2094 2096
f 2099 1912 1926
f 2097 1912 2099
f 2072 1913 1919
f 2064 1913 2072
f 1914 2077 1920
f 2073 2077 1914
f 2034 1915 1931
f 2030 1915 2034
f 1916 2067 1932
f 1916 2035 2067
f 1933 1917 2036
f 1917 2032 2036
f 1918 1934 2069
f 1918 2069 2037
f 2076 1919 1921
f 2072 1919 2076
f 1920 2081 1922
f 2077 2081 1920
f 1921 1923 1952
f 2080 1921 1952
f 2076 1921 2080
f 1922 1953 1924
f 2083 1953 1922
f 2081 2083 1922
f 1953 1985 1924
f 1925 2098 1937
f 1925 2096 2098
f 2109 1926 1938
f 2099 1926 2109
f 1927 1929 1988
f 1966 1927 2020
f 2020 1927 1988
f 1928 2053 1989
f 1928 2021 2053
f 1929 1970 2022
f 1988 1929 2022
f 1930 1989 2055
f 1930 2055 2023
f 2066 1931 1966
f 2034 1931 2066
f 1932 2091 1967
f 1932 2067 2091
f 1970 1933 2068
f 1933 2036 2068
f 1934 1971 2093
f 1934 2093 2069
f 1935 1937 2120
f 1954 1935 2122
f 1935 2120 2122
f 1936 2109 1938
f 2121 1936 1955
f 2121 2109 1936
f 1937 2098 2108
f 2120 1937 2108
f 1939 1941 2308
f 2314 1943 1939
f 1939 2308 2314
f 1942 1940 2305
f 1940 1944 2309
f 1940 2309 2305
f 2304 1941 1945
f 2304 2308 1941
f 1946 1942 2299
f 1942 2305 2299
f 2320 1947 1943
f 2314 2320 1943
f 1944 1948 2315
f 1944 2315 2309
f 2298 1945 1949
f 2298 2304 1945
f 2293 1950 1946
f 1946 2299 2293
f 1960 1947 2326
f 2320 2326 1947
f 2321 1948 1961
f 2321 2315 1948
f 2292 1949 1962
f 2292 2298 1949
f 2289 1963 1950
f 2293 2289 1950
f 1956 1951 2234
f 2234 1951 1957
f 1952 1984 2026
f 1952 2026 2082
f 2080 1952 2082
f 1953 2027 1985
f 2083 2027 1953
f 1974 1954 2128
f 1954 2122 2128
f 2123 1955 1975
f 2123 2121 1955
f 1958 1956 2234
f 1957 1959 2234
f 1964 1958 2234
f 1959 1965 2234
f 2332 1968 1960
f 1960 2326 2332
f 1961 1969 2327
f 1961 2327 2321
f 2288 1962 1972
f 2288 2292 1962
f 2283 1973 1963
f 2289 2283 1963
f 1976 1964 2234
f 1965 1977 2234
f 2090 1966 2020
f 2066 1966 2090
f 1967 2105 2021
f 1967 2091 2105
f 2114 1978 1968
f 2332 2114 1968
f 1969 1979 2333
f 1969 2333 2327
f 2022 1970 2092
f 1970 2068 2092
f 1971 2023 2107
f 1971 2107 2093
f 2282 1972 1980
f 2282 2288 1972
f 2279 1981 1973
f 2283 2279 1973
f 1986 1974 2130
f 1974 2128 2130
f 2129 1975 1987
f 2129 2123 1975
f 1982 1976 2234
f 1977 1983 2234
f 2114 2086 1978
f 1979 2087 2115
f 1979 2115 2333
f 2278 1980 1996
f 2282 1980 2278
f 2273 1997 1981
f 2279 2273 1981
f 2000 1982 2234
f 1983 2001 2234
f 2028 2026 1984
f 2027 2029 1985
f 2006 1986 2132
f 1986 2130 2132
f 2131 1987 2007
f 2131 2129 1987
f 2020 1988 2052
f 1988 2022 2054
f 2052 1988 2054
f 1989 2053 2103
f 1989 2103 2055
f 2112 1990 1992
f 2112 2110 1990
f 1993 1991 2152
f 2111 2113 1991
f 2152 1991 2113
f 1992 1994 2153
f 2112 1992 2151
f 2151 1992 2153
f 1995 1993 2152
f 1994 1998 2155
f 2153 1994 2155
f 1999 1995 2154
f 1995 2152 2154
f 2272 1996 2014
f 2278 1996 2272
f 2267 2015 1997
f 2273 2267 1997
f 1998 2002 2157
f 2155 1998 2157
f 2156 2003 1999
f 1999 2154 2156
f 2018 2000 2234
f 2001 2019 2234
f 2002 2004 2159
f 2157 2002 2159
f 2158 2005 2003
f 2156 2158 2003
f 2004 2008 2161
f 2159 2004 2161
f 2160 2009 2005
f 2158 2160 2005
f 2016 2006 2134
f 2006 2132 2134
f 2133 2007 2017
f 2133 2131 2007
f 2008 2010 2163
f 2008 2163 2161
f 2162 2011 2009
f 2160 2162 2009
f 2010 2012 2165
f 2010 2165 2163
f 2164 2013 2011
f 2162 2164 2011
f 2046 2165 2012
f 2047 2013 2167
f 2164 2166 2013
f 2167 2013 2166
f 2266 2014 2030
f 2272 2014 2266
f 2031 2015 2263
f 2267 2263 2015
f 2024 2016 2136
f 2016 2134 2136
f 2135 2017 2025
f 2135 2133 2017
f 2032 2018 2234
f 2019 2033 2234
f 2104 2020 2052
f 2090 2020 2104
f 2021 2117 2053
f 2021 2105 2117
f 2054 2022 2106
f 2022 2092 2106
f 2023 2055 2119
f 2023 2119 2107
f 2028 2024 2140
f 2024 2136 2140
f 2137 2025 2029
f 2137 2135 2025
f 2138 2026 2028
f 2082 2026 2138
f 2141 2029 2027
f 2083 2139 2027
f 2027 2139 2141
f 2028 2140 2138
f 2141 2137 2029
f 2262 2030 2034
f 2266 2030 2262
f 2035 2031 2258
f 2031 2259 2258
f 2031 2263 2259
f 2036 2032 2234
f 2033 2037 2234
f 2257 2034 2066
f 2262 2034 2257
f 2035 2254 2067
f 2035 2258 2254
f 2068 2036 2234
f 2037 2069 2234
f 2311 2038 2040
f 2038 2303 2042
f 2038 2306 2303
f 2311 2306 2038
f 2041 2039 2310
f 2302 2039 2043
f 2307 2039 2302
f 2310 2039 2307
f 2317 2040 2044
f 2312 2311 2040
f 2317 2312 2040
f 2045 2041 2316
f 2041 2310 2313
f 2316 2041 2313
f 2042 2297 2048
f 2042 2300 2297
f 2042 2303 2300
f 2296 2043 2049
f 2301 2043 2296
f 2301 2302 2043
f 2323 2044 2050
f 2318 2317 2044
f 2323 2318 2044
f 2051 2045 2322
f 2045 2316 2319
f 2322 2045 2319
f 2046 2058 2170
f 2168 2165 2046
f 2168 2046 2170
f 2047 2171 2059
f 2169 2047 2167
f 2169 2171 2047
f 2048 2294 2056
f 2048 2297 2294
f 2290 2049 2057
f 2295 2049 2290
f 2295 2296 2049
f 2329 2050 2060
f 2324 2323 2050
f 2329 2324 2050
f 2061 2051 2325
f 2051 2322 2325
f 2052 2054 2102
f 2116 2052 2102
f 2104 2052 2116
f 2053 2125 2103
f 2053 2117 2125
f 2102 2054 2118
f 2054 2106 2118
f 2055 2103 2127
f 2055 2127 2119
f 2056 2286 2062
f 2056 2291 2286
f 2056 2294 2291
f 2284 2057 2063
f 2287 2057 2284
f 2287 2290 2057
f 2174 2058 2064
f 2172 2170 2058
f 2174 2172 2058
f 2059 2175 2065
f 2059 2171 2173
f 2173 2175 2059
f 2335 2060 2070
f 2330 2329 2060
f 2335 2330 2060
f 2071 2061 2331
f 2328 2061 2325
f 2061 2328 2331
f 2062 2280 2074
f 2062 2285 2280
f 2062 2286 2285
f 2276 2063 2075
f 2281 2063 2276
f 2281 2284 2063
f 2178 2064 2072
f 2174 2064 2176
f 2178 2176 2064
f 2065 2179 2073
f 2065 2175 2177
f 2177 2179 2065
f 2253 2066 2090
f 2257 2066 2253
f 2067 2248 2091
f 2067 2254 2248
f 2092 2068 2234
f 2069 2093 2234
f 2341 2070 2078
f 2336 2335 2070
f 2341 2336 2070
f 2079 2071 2337
f 2334 2071 2331
f 2071 2334 2337
f 2182 2072 2076
f 2178 2072 2180
f 2182 2180 2072
f 2073 2183 2077
f 2073 2179 2181
f 2181 2183 2073
f 2074 2274 2084
f 2074 2277 2274
f 2074 2280 2277
f 2270 2075 2085
f 2275 2075 2270
f 2275 2276 2075
f 2186 2076 2080
f 2182 2076 2184
f 2186 2184 2076
f 2077 2187 2081
f 2077 2183 2185
f 2185 2187 2077
f 2078 2086 2100
f 2078 2100 2342
f 2342 2341 2078
f 2101 2087 2079
f 2079 2344 2101
f 2340 2079 2337
f 2079 2340 2343
f 2343 2344 2079
f 2190 2080 2082
f 2186 2080 2188
f 2190 2188 2080
f 2081 2192 2083
f 2081 2187 2189
f 2189 2192 2081
f 2082 2138 2191
f 2190 2082 2191
f 2192 2139 2083
f 2084 2268 2088
f 2084 2271 2268
f 2084 2274 2271
f 2264 2085 2089
f 2269 2085 2264
f 2269 2270 2085
f 2114 2100 2086
f 2115 2087 2101
f 2088 2260 2094
f 2088 2265 2260
f 2088 2268 2265
f 2255 2089 2095
f 2261 2089 2255
f 2261 2264 2089
f 2247 2090 2104
f 2253 2090 2247
f 2091 2244 2105
f 2091 2248 2244
f 2106 2092 2234
f 2093 2107 2234
f 2094 2251 2096
f 2094 2256 2251
f 2094 2260 2256
f 2249 2095 2097
f 2252 2095 2249
f 2252 2255 2095
f 2096 2245 2098
f 2096 2250 2245
f 2096 2251 2250
f 2239 2097 2099
f 2246 2097 2239
f 2246 2249 2097
f 2098 2232 2108
f 2098 2240 2232
f 2098 2245 2240
f 2230 2099 2109
f 2233 2099 2230
f 2233 2239 2099
f 2338 2100 2114
f 2338 2346 2100
f 2342 2100 2345
f 2345 2100 2346
f 2115 2101 2339
f 2339 2101 2347
f 2101 2344 2347
f 2116 2102 2124
f 2102 2118 2126
f 2124 2102 2126
f 2103 2125 2143
f 2103 2143 2127
f 2243 2104 2116
f 2247 2104 2243
f 2105 2242 2117
f 2105 2244 2242
f 2118 2106 2234
f 2107 2119 2234
f 2120 2108 2226
f 2108 2228 2226
f 2108 2231 2228
f 2108 2232 2231
f 2121 2229 2109
f 2229 2230 2109
f 2112 2149 2110
f 2145 2110 2144
f 2110 2147 2144
f 2110 2149 2147
f 2150 2113 2111
f 2145 2146 2111
f 2148 2111 2146
f 2150 2111 2148
f 2151 2149 2112
f 2113 2150 2152
f 2338 2114 2332
f 2333 2115 2339
f 2241 2116 2124
f 2243 2116 2241
f 2117 2238 2125
f 2117 2242 2238
f 2126 2118 2234
f 2119 2127 2234
f 2122 2120 2222
f 2120 2223 2222
f 2223 2120 2226
f 2221 2121 2123
f 2221 2224 2121
f 2224 2225 2121
f 2121 2225 2227
f 2121 2227 2229
f 2128 2122 2218
f 2122 2219 2218
f 2219 2122 2222
f 2217 2123 2129
f 2217 2220 2123
f 2220 2221 2123
f 2124 2126 2142
f 2237 2124 2142
f 2241 2124 2237
f 2125 2236 2143
f 2125 2238 2236
f 2142 2126 2234
f 2127 2143 2234
f 2130 2128 2214
f 2128 2215 2214
f 2215 2128 2218
f 2213 2129 2131
f 2213 2216 2129
f 2216 2217 2129
f 2132 2130 2210
f 2130 2211 2210
f 2211 2130 2214
f 2209 2131 2133
f 2209 2212 2131
f 2212 2213 2131
f 2134 2132 2206
f 2132 2207 2206
f 2207 2132 2210
f 2205 2133 2135
f 2205 2208 2133
f 2208 2209 2133
f 2136 2134 2202
f 2134 2203 2202
f 2203 2134 2206
f 2201 2135 2137
f 2201 2204 2135
f 2204 2205 2135
f 2140 2136 2198
f 2136 2199 2198
f 2199 2136 2202
f 2197 2137 2141
f 2197 2200 2137
f 2200 2201 2137
f 2138 2140 2193
f 2191 2138 2193
f 2141 2139 2194
f 2192 2194 2139
f 2140 2195 2193
f 2195 2140 2198
f 2141 2194 2196
f 2196 2197 2141
f 2235 2142 2234
f 2237 2142 2235
f 2143 2236 2234
f 2145 2144 2147
f 2148 2146 2145
f 2148 2145 2147
f 2148 2147 2149
f 2150 2148 2149
f 2152 2150 2149
f 2149 2151 2152
f 2151 2154 2152
f 2151 2153 2154
f 2153 2155 2154
f 2155 2156 2154
f 2155 2158 2156
f 2157 2158 2155
f 2160 2158 2157
f 2157 2159 2160
f 2160 2159 2162
f 2161 2162 2159
f 2163 2162 2161
f 2164 2162 2163
f 2163 2166 2164
f 2163 2165 2166
f 2165 2167 2166
f 2165 2168 2167
f 2167 2168 2169
f 2169 2168 2170
f 2171 2169 2170
f 2171 2170 2172
f 2173 2171 2172
f 2174 2173 2172
f 2175 2173 2174
f 2176 2175 2174
f 2176 2177 2175
f 2178 2177 2176
f 2178 2179 2177
f 2178 2180 2179
f 2179 2180 2181
f 2180 2182 2181
f 2181 2182 2183
f 2183 2182 2184
f 2183 2184 2185
f 2185 2184 2186
f 2185 2186 2187
f 2187 2186 2188
f 2189 2187 2188
f 2189 2188 2190
f 2192 2189 2190
f 2192 2190 2191
f 2194 2192 2191
f 2194 2191 2193
f 2194 2193 2196
f 2193 2195 2196
f 2195 2197 2196
f 2198 2197 2195
f 2200 2197 2198
f 2200 2198 2199
f 2200 2199 2201
f 2199 2202 2201
f 2202 2204 2201
f 2203 2204 2202
f 2203 2205 2204
f 2203 2206 2205
f 2208 2205 2206
f 2208 2206 2207
f 2208 2207 2209
f 2209 2207 2210
f 2212 2209 2210
f 2212 2210 2211
f 2213 2212 2211
f 2213 2211 2214
f 2213 2214 2216
f 2216 2214 2215
f 2217 2216 2215
f 2217 2215 2218
f 2220 2217 2218
f 2218 2219 2220
f 2221 2220 2219
f 2221 2219 2222
f 2221 2222 2224
f 2224 2222 2223
f 2225 2224 2223
f 2223 2226 2225
f 2225 2226 2227
f 2226 2228 2227
f 2227 2228 2231
f 2229 2227 2259
f 2227 2231 2234
f 2227 2234 2236
f 2227 2236 2238
f 2227 2238 2242
f 2227 2242 2244
f 2227 2244 2248
f 2227 2248 2254
f 2227 2254 2258
f 2259 2227 2258
f 2229 2259 2230
f 2259 2233 2230
f 2232 2234 2231
f 2232 2235 2234
f 2235 2232 2237
f 2237 2232 2240
f 2239 2233 2259
f 2237 2240 2241
f 2246 2239 2259
f 2241 2240 2245
f 2243 2241 2245
f 2245 2247 2243
f 2247 2245 2250
f 2249 2246 2259
f 2250 2253 2247
f 2252 2249 2259
f 2251 2253 2250
f 2253 2251 2256
f 2255 2252 2259
f 2256 2257 2253
f 2261 2255 2259
f 2256 2260 2257
f 2257 2260 2262
f 2263 2261 2259
f 2260 2265 2262
f 2264 2261 2263
f 2262 2265 2266
f 2267 2264 2263
f 2269 2264 2267
f 2265 2268 2266
f 2268 2271 2266
f 2271 2272 2266
f 2269 2267 2270
f 2270 2267 2273
f 2273 2275 2270
f 2271 2274 2272
f 2272 2274 2278
f 2279 2275 2273
f 2277 2278 2274
f 2279 2276 2275
f 2279 2281 2276
f 2277 2280 2278
f 2278 2280 2282
f 2279 2283 2281
f 2280 2285 2282
f 2284 2281 2283
f 2285 2288 2282
f 2289 2284 2283
f 2284 2289 2287
f 2285 2286 2288
f 2286 2291 2288
f 2290 2287 2289
f 2288 2291 2292
f 2290 2289 2293
f 2295 2290 2293
f 2292 2291 2294
f 2292 2294 2297
f 2292 2297 2298
f 2295 2293 2296
f 2293 2299 2296
f 2296 2299 2301
f 2297 2300 2298
f 2298 2300 2304
f 2301 2299 2305
f 2300 2303 2304
f 2302 2301 2305
f 2307 2302 2305
f 2304 2303 2306
f 2304 2306 2308
f 2305 2309 2307
f 2308 2306 2311
f 2310 2307 2309
f 2308 2311 2312
f 2308 2312 2314
f 2313 2310 2309
f 2315 2313 2309
f 2317 2314 2312
f 2315 2316 2313
f 2318 2314 2317
f 2320 2314 2318
f 2315 2319 2316
f 2321 2319 2315
f 2323 2320 2318
f 2321 2322 2319
f 2324 2320 2323
f 2326 2320 2324
f 2325 2322 2321
f 2327 2325 2321
f 2329 2326 2324
f 2327 2328 2325
f 2330 2326 2329
f 2332 2326 2330
f 2327 2331 2328
f 2327 2333 2331
f 2335 2332 2330
f 2334 2331 2333
f 2338 2332 2335
f 2333 2339 2334
f 2337 2334 2339
f 2338 2335 2336
f 2338 2336 2341
f 2340 2337 2339
f 2338 2341 2342
f 2338 2342 2345
f 2338 2345 2346
f 2340 2339 2343
f 2343 2339 2344
f 2344 2339 2347
# 4690 faces, 0 coords texture

# End of File
