####
#
# OBJ File Generated by Meshlab
#
####
# Object ShapeA.obj
#
# Vertices: 5899
# Faces: 11794
#
####
v 7.0000000 24.5172501 -55.6730690
v 6.5628600 24.5190392 -52.1972885
v 6.1840429 32.5172501 -51.1155205
v 6.6951342 32.5172501 -52.7631493
v 6.8904781 32.5172501 -53.7162514
v 6.9875050 32.5172501 -55.0588913
v 7.0000000 24.5172501 -86.6252136
v 7.0000000 32.5172501 -86.6252136
v -7.0000000 24.5172501 -86.6252136
v -7.0000000 32.5172501 -86.6252136
v -6.7417040 24.5172501 -52.9903717
v -6.2646041 32.5172501 -51.3455086
v 0.4468610 24.5172501 -38.1537018
v 0.0000000 24.5172501 -38.0351982
v -0.4468600 24.5172501 -38.1537018
v -0.3447650 32.5172501 -38.0954590
v 0.2311530 32.5172501 -38.0653305
v 0.7344030 32.5172501 -38.4368210
v -15.0000000 32.5172501 -86.6252136
v -15.0000000 32.4947395 -35.9924011
v 15.0000000 32.5172501 -86.6252136
v -15.0000000 24.5172501 -86.6252136
v 15.0000000 24.5172501 -86.6252136
v -15.0000000 -0.0246760 64.1436005
v -15.0000000 7.9753242 64.1436005
v -15.0000000 8.0784893 12.0690298
v -15.0000000 8.6990728 8.5845432
v -15.0000000 11.9650297 1.5257070
v -15.0000000 13.4620705 -0.3949210
v -15.0000000 29.1988792 -21.1371498
v -15.0000000 29.9795208 -23.0066605
v -15.0000000 19.7962494 -20.4970798
v -15.0000000 18.8863106 -19.1456604
v -14.9999905 17.0908794 -16.8644505
v -15.0000000 4.4481559 -1.6159570
v -15.0000000 0.8950720 6.8138900
v -15.0000000 0.3256550 9.7185249
v 15.0000000 -0.0246760 64.1436005
v 15.0000000 7.9753242 64.1436005
v 15.0000000 7.9861822 13.8994799
v 15.0000000 8.0513039 12.4352198
v 15.0000000 8.5240355 9.3592014
v 15.0000000 8.8277349 8.1135530
v 15.0000000 9.4465284 6.2600389
v 15.0000000 10.0173101 4.9100318
v 15.0000000 11.1642399 2.7539010
v 15.0000000 23.5713406 -12.1528301
v 15.0000000 32.2436790 -32.2672882
v 15.0000000 24.4821491 -35.7372398
v 15.0000000 21.8322697 -24.2731304
v 15.0000000 21.0631599 -22.6716900
v 15.0000000 18.7208691 -18.8999500
v 15.0000000 4.0115552 -0.8419410
v 15.0000000 2.4473860 2.3439331
v 15.0000000 1.5754580 4.5450740
v 7.0000000 32.5172501 -71.1184998
v -7.0000000 24.5172501 -70.6894531
v -7.0000000 28.5172501 -86.6252136
v -7.0000000 32.5172005 -55.4422798
v -3.2263999 24.5172501 -44.1655693
v -0.8873750 25.3715801 -38.7388306
v 9.7958822 32.5172501 -45.1540184
v 8.0683508 32.5172501 -38.6296387
v 10.7500000 24.5172501 -86.6252136
v -15.0000000 4.2881422 10.0292501
v -15.0000000 1.3914610 5.1077318
v -15.0000000 3.7932539 -0.4549330
v -15.0000000 2.5979540 1.9258670
v -15.0000000 6.6472392 -4.6831312
v -15.0000000 12.5518198 0.7448790
v -15.0000000 18.1679001 -18.2042809
v -15.0000000 24.2972698 -13.0587196
v -15.0000000 23.4357491 -28.7255707
v -15.0000000 1.9768111 3.4306650
v -15.0000000 0.6397940 7.9702382
v -0.1171880 7.9753242 64.1436005
v 15.0000000 8.2246113 10.9796305
v 2.9166400 8.3373365 10.2232599
v 2.8971050 8.7593908 8.3584909
v 15.0000000 9.1269531 7.1830158
v 3.3246160 9.9866848 4.9824538
v 15.0000000 10.6864796 3.6058180
v 3.7518530 10.8056097 3.3818791
v 6.7062368 24.5172501 -37.5878181
v -0.3466230 24.5162907 -36.9052887
v 15.0000000 24.2485294 -32.7865791
v 2.7149899 24.2010994 -32.3884392
v 15.0000000 20.4810200 -21.6396694
v 15.0000000 19.5480900 -20.1285095
v 1.9701190 17.0222607 -16.7850609
v 15.0000000 11.7775402 -10.6966801
v 15.0000000 5.1926541 -2.7216671
v 15.0000000 1.1377060 5.9589930
v 15.0000000 0.0038420 13.4221296
v 15.0000000 -0.0246760 38.8506317
v 15.0000000 16.1402092 -8.2507544
v 15.0000000 21.8455791 -17.0328407
v 15.0000000 26.4506607 -25.8188992
v 6.2111979 25.6332092 -51.1969109
v -6.5398130 25.8231106 -52.1599312
v -6.6033311 27.4287891 -52.3339882
v -6.9639382 29.3708096 -54.7099304
v -6.9806361 26.0244598 -54.9697189
v -6.9722209 27.6470795 -54.8448410
v -3.3442509 26.0221291 -44.4410019
v 9.5345879 32.5172501 -48.0349998
v 6.2551770 32.5172501 -41.0884209
v 8.8153467 32.5172501 -40.9994202
v -11.0508099 32.5076790 -36.5040588
v -8.6932621 32.5172501 -41.1963310
v -12.0016804 30.9837894 -86.6252136
v -15.0000000 8.3626213 10.0735598
v -15.0000000 7.7494040 2.2535141
v -15.0000000 7.8960819 3.8291910
v -15.0000000 9.0147467 7.5319672
v -14.9998999 11.2313700 2.6509459
v -15.0000000 10.6825399 0.9057020
v -15.0000000 10.4315901 -2.5988300
v -15.0000000 13.0564699 -5.4394569
v -15.0000000 17.8596802 -11.9334898
v -15.0000000 25.2167797 -17.9584999
v -15.0000000 25.6199894 -24.1602707
v -15.0000000 31.5846100 -28.3362808
v -15.0000000 2.5033569 6.1760812
v -7.1020112 7.9789090 14.3834295
v 7.6482458 8.4926786 9.5006514
v -6.5681572 8.8251200 8.1583853
v 8.0110788 9.1673641 7.0582809
v -0.0834360 9.8106661 5.4001579
v -6.4532871 10.3495398 4.2464561
v -5.2343678 11.1281004 2.8207440
v 2.8351040 12.4358597 0.8952590
v 7.5116048 17.9798393 -5.6391778
v -0.4299110 32.1806107 -31.6781902
v 8.7073441 24.5172501 -49.4133492
v 9.6448307 24.5172501 -41.0594292
v -5.6014481 24.5172501 -42.0538216
v -7.0643129 24.5172501 -49.8756905
v 7.4744840 12.9677095 -12.0782404
v 0.8329060 14.0522604 -13.3371897
v -0.7580370 10.0453196 -8.6858997
v -8.0432196 12.5366697 -11.5778799
v -5.9956369 3.0927911 0.8680340
v -6.0417142 1.8884090 3.6688390
v 8.0547819 -0.0246760 26.7823505
v -7.0120430 -0.0246760 39.5889587
v 15.0000000 0.1068350 11.7044601
v 15.0000000 4.5431490 3.2644260
v 15.0000000 5.6214981 6.1690669
v 15.0000000 7.7362108 2.5346971
v 15.0000000 9.0768337 -0.6501940
v 15.0000000 10.5513496 0.3327270
v 15.0000000 13.5421400 -10.1558599
v 15.0000000 18.6294003 -10.2547998
v 15.0000000 17.2106991 -7.0665560
v 15.0000000 27.3382092 -21.4697208
v 6.9750109 24.5172501 -54.8737602
v 6.5599470 29.5350895 -52.2007103
v 6.8904772 24.5173798 -53.7162514
v 7.0000000 25.8716793 -63.4933815
v 7.0000000 32.5172501 -62.7215805
v -7.0000000 24.5172501 -78.9024963
v -6.2453861 24.5172501 -51.2906494
v -6.8021188 32.5172501 -53.2851410
v -6.9769988 24.5172501 -54.9032097
v -1.1052030 27.5687408 -39.2081604
v -4.8748841 24.5172501 -48.0182190
v -2.4021580 32.5172501 -42.2392502
v 15.0000000 32.5172501 -74.1252136
v 12.4991503 32.5172501 -41.8734894
v 15.0000000 32.5172501 -48.9299011
v 7.8641071 32.5172501 -47.3301811
v -9.1250000 24.5172501 -86.6252136
v 12.7500000 24.5172501 -86.6252136
v 15.0000000 26.7672501 -86.6252136
v -15.0000000 -0.0246760 51.4482918
v -15.0000000 -0.0246760 26.4482899
v -15.0000000 4.2253242 64.1436005
v -15.0000000 7.9753242 26.4482899
v -15.0000000 3.6678460 2.2855899
v -15.0000000 3.1591711 0.7167730
v -15.0000000 4.9444880 -2.3530960
v -15.0000000 5.8733091 -3.6906941
v -15.0000000 9.6606407 5.7536201
v -15.0000000 10.3421898 4.2530351
v -15.0000000 21.6008396 -13.6422195
v -15.0000000 20.7720909 -22.1556797
v -15.0000000 21.5828304 -23.7357597
v -15.0000000 22.0816994 -24.8105106
v -15.0000000 22.5157700 -25.9122791
v -15.0000000 23.5713406 -12.1528301
v -15.0000000 23.0719204 -27.4436703
v -15.0000000 23.7655792 -30.0161591
v -15.0000000 24.0853195 -31.6136894
v -15.0000000 24.3185806 -33.3748703
v -15.0000000 24.4645996 -35.2932587
v -15.0000000 26.2924805 -35.4249611
v -15.0000000 27.0068893 -74.8855362
v -15.0000000 0.0323590 12.7006502
v -7.1484380 -0.0246760 64.1436005
v 15.0000000 12.2122698 1.1764070
v 15.0000000 25.0135708 -13.9717903
v 8.7360773 24.9781895 -13.9212198
v 15.0000000 26.7108192 -16.4660606
v 15.0000000 28.2473106 -19.1717300
v 15.0000000 29.8640594 -22.7345200
v 15.0000000 30.4325905 -24.2784691
v 15.0000000 31.3958397 -27.5570297
v 15.0000000 31.9842701 -30.4079704
v 7.1268148 32.1634712 -31.5213108
v 9.3334026 24.5172501 -63.6936798
v 15.0000000 24.5172501 -49.3205299
v -7.8938360 24.5172501 -47.5448303
v -12.0753098 24.5172501 -41.8060913
v -9.3986788 24.4550591 -35.0558701
v 7.4022489 24.3073807 -33.2808113
v 15.0000000 24.3886299 -33.9631500
v -8.4634142 23.8429909 -30.4043007
v 15.0000000 24.0562496 -31.4684601
v 15.0000000 23.7365208 -29.8709297
v -8.6719646 23.1684399 -27.7987900
v 15.0000000 23.4357491 -28.7255707
v -8.5166054 22.6097298 -26.1653194
v 14.9999905 22.9280796 -27.0226192
v 15.0000000 22.4126492 -25.6345806
v -8.9215078 19.5158291 -20.0806198
v 15.0000000 18.1679001 -18.2042809
v 15.0000000 17.4306107 -17.2767296
v 15.0000000 14.2775402 -13.5986900
v 15.0000000 9.3556614 -7.8853459
v 15.0000000 6.3246760 -4.2773271
v 15.0000000 3.1591711 0.7167740
v 15.0000000 0.7674330 7.3920641
v 15.0000000 0.4072600 9.1320801
v 15.0000000 0.2060990 10.6731100
v 15.0000000 -0.0246760 51.3506317
v 15.0000000 1.1025780 13.2918501
v 15.0000000 6.4066272 9.5658236
v 15.0000000 4.7375641 1.5680510
v 15.0000000 6.5252962 -0.5059450
v 15.0000000 15.9572296 -13.0393400
v 15.0000000 18.7873898 -16.2878494
v 15.0000000 20.3802509 -19.1246700
v 15.0000000 23.2782803 -24.1907005
v 15.0000000 23.9559097 -25.8602791
v 15.0000000 25.6556396 -19.8099308
v 15.0000000 24.6337509 -28.3717194
v 15.0000000 28.1701298 -24.3429508
v 15.0000000 30.0195808 -27.8914795
v 6.9959531 29.9441891 -55.3366394
v -2.7398231 25.9233894 -43.0284004
v -4.7140322 30.9605999 -47.6422997
v 1.1319190 32.5169907 -37.0384789
v 12.6440697 29.8158092 -86.6252136
v -15.0000000 2.9851201 10.5294104
v -15.0000000 2.7635880 3.7951260
v -15.0000000 25.3256092 -29.6592503
v -15.0000000 29.9366398 -67.9782104
v -15.0000000 0.1374920 11.3728504
v 3.2274671 3.2457709 64.1436005
v 3.2893140 1.9490280 64.1436005
v -3.9789610 12.8080502 0.4192840
v -3.6002800 20.4268799 -8.4797144
v -3.4955540 23.4275303 -11.9750605
v -2.9149621 25.5324593 -14.7072096
v -3.2667949 31.3022804 -27.1889191
v 4.7363729 32.3294601 -33.0684814
v 9.7941723 24.5172501 -82.6831589
v 9.6927404 24.5172501 -54.5107117
v 6.4321551 24.5172501 -42.4657898
v -6.3404222 24.5172501 -41.0833397
v -4.2097878 9.9782696 -8.6080723
v 7.2692971 -0.0246760 32.7430801
v -3.2158170 -0.0246760 45.3883095
v 15.0000000 24.0098305 -22.4869404
v 5.0344129 26.5459709 -48.3910484
v 6.7113342 25.9960003 -52.8422394
v -7.0000000 30.5527802 -71.1377411
v -1.4796880 25.8451691 -40.0833702
v 11.3669796 32.5172501 -39.0678215
v -5.0391412 32.5172501 -39.5363808
v -13.6717396 32.5172501 -65.5980072
v -9.4944601 32.5172501 -71.7079468
v 8.0949974 25.5170593 -86.6252136
v 13.5050097 27.1081600 -86.6252136
v -15.0000000 2.6999249 46.8182983
v -15.0000000 6.4017820 31.7339306
v -15.0000000 6.7451940 2.9369540
v -15.0000000 6.6392350 -2.9656100
v -15.0000000 9.5663671 -3.8681700
v -15.0000000 25.0087605 -15.7478104
v -15.0000000 25.3577595 -20.4874001
v -15.0000000 28.0359306 -22.7023106
v -15.0000000 27.7325001 -31.2958107
v -15.0000000 28.8090591 -26.8351707
v -15.0000000 30.6407108 -34.7969093
v -15.0000000 32.0634193 -30.8654308
v -15.0000000 27.8523006 -80.9244766
v -15.0000000 30.9355793 -55.1782188
v 11.1122503 5.2645240 64.1436005
v -4.3200021 0.8847490 64.1436005
v -11.4079599 7.9765372 14.3748903
v 2.7302859 7.9753242 15.2271996
v -11.0714397 8.0322866 12.8638201
v -2.8986499 13.1895599 -0.0624560
v -3.4287789 15.2825003 -2.5080869
v -10.9845600 15.9035501 -3.2290070
v 3.5910220 20.7156906 -8.8149786
v 3.2987461 23.3270893 -11.8526802
v -7.1789498 24.6071491 -13.4454203
v -9.5917282 28.0691395 -18.8090591
v -4.7460871 27.7566204 -18.2285309
v -10.0129004 28.5729008 -19.8201904
v -9.6213236 31.7670803 -29.1991692
v -10.4615498 32.1568489 -31.4616909
v -1.9643199 32.3125496 -32.9105606
v 2.4821260 32.4331398 -34.2620583
v -9.9210663 24.5172501 -37.1571007
v -10.9326000 24.5172501 -40.7552605
v -11.8551502 24.5172501 -43.1335793
v -12.6248398 24.5172501 -79.0724335
v -13.6978903 24.5137005 -36.7444611
v 2.0548100 24.4915295 -35.9745407
v 11.1924801 24.4834499 -35.7699814
v 11.2881298 17.6364899 -17.5357399
v 11.3614998 14.8120403 -14.2191401
v 8.0167656 10.9974499 -9.7911491
v -4.0481648 15.0923700 -14.5445604
v -2.9334099 15.3075800 -14.7943697
v -11.3607302 15.1988001 -14.6681004
v -10.8694096 8.6820917 -7.1034598
v 10.6194201 0.3523720 9.4772749
v -11.4254599 0.0381170 12.5550098
v 12.0413103 -0.0246760 45.5490112
v 15.0000000 2.9566901 3.7061851
v 15.0000000 7.5730729 -1.6602100
v 15.0000000 11.8528404 -0.5559150
v 15.0000000 23.2780209 -16.3951492
v 15.0000000 26.1274300 -31.9686108
v 15.0000000 29.1176491 -27.0303993
v 15.0000000 31.4135799 -33.7766190
v 15.0000000 26.9731407 -78.8919830
v -7.0000000 29.9038200 -74.8058701
v -7.0000000 31.7672501 -86.6252136
v -6.4309640 30.2034492 -51.8298302
v -6.8432140 26.7045002 -53.5317688
v -7.0000000 26.9845409 -56.4093895
v -3.9296651 29.1695709 -45.8091698
v -3.4017091 30.2366295 -44.5752907
v -3.5026979 31.5977802 -44.8113098
v 0.9669940 27.2308292 -38.8872299
v 9.0000000 32.5172501 -86.6252136
v 12.6250000 32.5172501 -86.6252136
v 11.0519199 32.5172501 -48.3492393
v -8.3254204 32.5172501 -37.9955902
v -11.6175003 32.5172501 -50.8636703
v -10.6805601 32.5172501 -76.7031021
v 15.0000000 31.1422501 -86.6252136
v 13.8525600 29.0895100 -86.6252136
v -15.0000000 15.6755896 -8.0964355
v -15.0000000 20.3186398 -15.0910702
v -15.0000000 25.8604603 -15.1821003
v -15.0000000 26.1466408 -22.5579300
v -15.0000000 26.8825092 -16.7568607
v -15.0000000 27.8334408 -18.3763504
v -15.0000000 28.4704800 -19.6146107
v -15.0000000 29.6898594 -22.3041897
v -15.0000000 29.6108704 -26.4249191
v -15.0000000 29.2568302 -30.8221092
v -15.0000000 32.4182510 -34.3484001
v -15.0000000 28.4581604 -68.0874405
v -0.0441910 1.8024460 64.1436005
v -10.9533701 7.9753242 64.1436005
v -0.3053170 7.9753242 51.3934212
v -0.9116670 7.9753242 15.3630400
v 4.2581921 12.4452200 0.8833270
v 3.9905629 13.1148996 0.0320750
v 0.9058680 13.7028399 -0.6743830
v -3.6712010 18.0790596 -5.7543502
v 1.8630030 27.9717503 -18.6197109
v 1.7268651 30.2132301 -23.6214008
v -9.3629131 30.7887096 -25.3532906
v 1.2345020 30.9962006 -25.9964809
v -2.4257481 31.6020298 -28.3761292
v -2.8917301 32.4537582 -34.8402596
v -4.0920138 32.4874916 -35.7905388
v 10.8734798 24.5172501 -47.2615891
v 9.3140297 24.5172501 -42.8965416
v -7.6966691 24.5172501 -39.0056000
v -5.2875090 24.5172501 -45.0244789
v -9.6374140 24.5172501 -48.2990189
v 10.1762104 18.1454296 -18.1760292
v -1.3821959 8.3614683 -6.7312770
v -11.1059198 6.5857158 -4.6057301
v 15.0000000 2.9354460 40.4206581
v 15.0000000 2.2622640 21.9883308
v 15.0000000 6.8977180 3.6318929
v 15.0000000 10.3012896 -1.0294220
v 15.0000000 20.6854191 -14.6233902
v 15.0000000 26.4645691 -18.4392395
v 15.0000000 25.7582893 -21.9991493
v 15.0000000 27.4776402 -19.7914200
v 15.0000000 28.3704700 -28.2888603
v 15.0000000 28.1143799 -30.0148392
v 15.0000000 29.5705299 -25.4947109
v 15.0000000 32.3822899 -33.8434410
v 7.0000000 31.5855293 -55.8624306
v 6.9535742 25.8498993 -54.5568695
v 7.0000000 29.6422501 -86.6252136
v 7.0000000 31.1422501 -86.6252136
v -7.0000000 24.5172501 -67.0119781
v -7.0000000 32.5172501 -63.6409492
v -7.0000000 27.2047501 -86.6252136
v -5.4440918 28.4710293 -49.3484993
v -4.2154899 24.5172501 -46.4771614
v -3.1233699 32.5172501 -43.9247818
v 0.7512020 28.5275898 -38.4692192
v -1.2894310 24.5172501 -39.6387215
v 15.0000000 32.5172501 -54.8869286
v 15.0000000 32.5172501 -43.1193504
v -15.0000000 31.2672501 -86.6252136
v -15.0000000 27.8922501 -86.6252136
v -15.0000000 25.8297501 -86.6252136
v 15.0000000 28.1422501 -86.6252136
v -15.0000000 1.7253240 64.1436005
v -15.0000000 7.9753242 33.3818817
v -15.0000000 4.1618800 6.5749021
v -15.0000000 22.2387905 -12.2831402
v -15.0000000 20.6382904 -16.3892994
v -15.0000000 22.0072403 -15.3066797
v -15.0000000 24.5510101 -14.8547001
v -15.0000000 25.1310902 -19.2403698
v -15.0000000 25.4286308 -14.5568895
v -15.0000000 27.6958408 -20.0308609
v -15.0000000 29.4309807 -24.8766994
v -15.0000000 26.9173508 -36.8183098
v -15.0000000 30.3794708 -24.1181908
v -15.0000000 30.9115105 -25.7427292
v -15.0000000 29.5831299 -35.4331703
v -15.0000000 30.7805195 -30.4755497
v -15.0000000 31.2294693 -26.9024296
v -15.0000000 31.9096203 -29.9924908
v -15.0000000 32.2609215 -32.4563789
v 11.0156202 7.9753242 64.1436005
v 15.0000000 7.9753242 27.2783699
v 2.9601719 7.9753242 18.1876907
v 11.3761501 13.4621201 -0.3936400
v 15.0000000 14.7136097 -1.8477210
v 15.0000000 21.8620491 -10.1456804
v 15.0000000 24.2048798 -12.9434299
v 15.0000000 25.7884903 -15.0778999
v 15.0000000 27.2618904 -17.3905792
v 15.0000000 28.7340298 -20.1435909
v 15.0000000 29.1694298 -21.0578499
v 13.7608500 29.3872795 -21.5704403
v 13.5852900 30.0927296 -23.2929306
v 15.0000000 30.9493408 -25.8855000
v 15.0000000 31.7775097 -29.2657108
v 15.0000000 32.4722290 -35.3596001
v 13.7277002 24.5172501 -82.9124680
v 10.9082403 24.5172501 -67.0780334
v 15.0000000 24.5172501 -68.7052917
v 12.2511997 24.5172501 -42.2018394
v 2.1951711 24.5172501 -39.0918884
v -6.4337249 24.5172501 -38.5221596
v 15.0000000 15.5275402 -15.0496998
v 15.0000000 13.0275402 -12.1476898
v 15.0000000 8.5744114 -6.9784651
v -5.4726982 7.5034308 -5.7351851
v 15.0000000 -0.0246760 32.9912605
v -11.2620802 -0.0246760 20.0523891
v 15.0000000 4.3421369 4.8962488
v 15.0000000 5.9887638 2.7719171
v 15.0000000 7.1707630 4.9669032
v 15.0000000 23.6683998 -20.0602303
v 15.0000000 25.1764507 -31.1125298
v 15.0000000 30.0387592 -34.0984001
v 0.0274890 27.6788101 -38.0622406
v -15.0000000 2.5574911 34.5037384
v -15.0000000 28.9343109 -33.7981606
v -5.6596141 6.9436979 64.1436005
v -7.1989069 7.9753242 33.7298012
v -6.4465432 7.9753242 36.5244102
v -4.5100980 32.2076492 -31.9307899
v -10.4259300 24.5172501 -74.7358932
v -9.6903324 24.5172501 -77.7968521
v -6.9150052 6.9387541 -5.0495658
v 2.0227859 0.1765310 10.8719997
v -6.0008349 -0.0246760 45.3590088
v -4.2308831 -0.0246760 48.0666809
v 15.0000000 6.5692911 1.1618069
v 15.0000000 11.0317497 -2.1647091
v 7.0000000 25.8925495 -67.5154266
v -7.0000000 26.4124107 -61.4647484
v 5.4905472 30.3718109 -49.4570885
v 12.3064699 32.5172501 -74.3278427
v 6.7210798 32.5154610 -36.9921799
v -4.2591791 32.5172501 -44.4211006
v -15.0000000 1.0920860 44.3779907
v -15.0000000 1.2645020 47.9340096
v -15.0000000 5.0960979 23.8471699
v -15.0000000 6.5283651 12.6148500
v -15.0000000 3.2980750 54.5090408
v -15.0000000 4.0166049 59.2603493
v -15.0000000 10.3167601 2.3992040
v -15.0000000 13.1934099 -3.7836230
v -15.0000000 30.0686207 -46.2529984
v 10.6157103 1.9144330 64.1436005
v 9.2516508 0.8433220 64.1436005
v 10.0032797 5.2507362 64.1436005
v -10.3891802 7.9753242 54.4657402
v -9.4993525 21.5924492 -9.8327236
v -11.1046200 21.4794197 -9.7015181
v -9.5747099 23.3944492 -11.9354601
v 11.8881197 24.5172501 -80.1242218
v 11.7533302 24.5172501 -39.2151909
v -7.4546990 24.5172501 -51.3742485
v -1.4796931 24.4621601 -35.2314682
v 10.8576298 -0.0182140 14.2371502
v 8.9814892 -0.0246760 45.3745613
v 10.8613396 -0.0246760 48.0414696
v -3.0301499 -0.0246760 23.6704998
v -8.8257771 -0.0246760 32.5535011
v -8.9268208 -0.0246760 29.6788692
v 6.1846180 -0.0246760 57.4793282
v 6.5529041 -0.0246760 54.9825897
v -8.8274660 -0.0246760 57.4949608
v -8.4950056 -0.0246760 54.9033394
v 15.0000000 2.7433670 56.5298195
v 15.0000000 14.8218603 -12.3388300
v 15.0000000 29.1875401 -23.7783909
v 6.8317060 28.7673397 -53.4559097
v 7.0000000 25.7027397 -85.0368576
v 7.0000000 29.3979492 -70.0939178
v -7.0000000 26.9424191 -59.8532295
v -1.9709350 27.9539909 -41.2314491
v -5.2067490 31.1736107 -48.7938118
v -4.2035770 31.8136196 -46.4493217
v -0.2264890 25.1085300 -38.0652885
v 3.5915151 27.9878902 -45.0188789
v 8.9190559 32.5172501 -84.7436676
v 8.3037395 32.5172501 -57.5667191
v 10.0558596 32.5172501 -59.4268608
v 12.0399599 32.5172501 -64.3203278
v -7.4216380 32.5172501 -40.3217010
v -9.9364519 32.5172501 -51.0552216
v -11.1153402 32.5172501 -49.2402992
v -9.7343302 32.5172501 -76.0584335
v -9.6208210 32.5172501 -85.4003220
v -10.2716999 32.5172501 -83.7539291
v -11.4914103 27.5166397 -86.6252136
v -15.0000000 6.7050328 42.1017609
v -15.0000000 7.0668020 44.8108711
v -15.0000000 9.2363415 1.6519440
v -15.0000000 17.2654800 -9.4380970
v -15.0000000 21.0228806 -17.8880501
v -15.0000000 21.6813793 -20.8049393
v -15.0000000 26.0932693 -55.6208305
v 2.2875559 1.1189030 64.1436005
v -3.6399000 5.1024480 64.1436005
v -2.1035881 6.8736939 64.1436005
v -3.5752010 7.9753242 25.7112598
v -1.6772380 7.9852562 14.0785398
v 7.0637569 8.0638494 12.3867502
v 1.4222320 9.0867329 7.3081050
v -3.2290900 18.8085594 -6.6011639
v -2.3775690 21.2630501 -9.4503546
v 8.1663237 24.5172501 -85.1660538
v 7.6028318 24.5172501 -40.0877991
v -8.6004133 24.5172501 -37.5275803
v -7.6879778 24.5172501 -40.3935814
v -5.0426068 24.5172501 -43.2437592
v -9.7465744 24.5172501 -45.2697296
v -10.3806601 24.5172501 -81.0829010
v -12.3015699 24.4885998 -35.9002991
v -2.9533911 24.3876400 -33.9718590
v -0.9179360 23.8496609 -30.4447708
v 0.5645700 23.9461803 -30.9189301
v 1.2974941 22.8867092 -26.9412498
v 1.3447620 21.9971199 -24.6471500
v 0.7350360 20.3229008 -21.3672199
v 3.8861749 15.5290003 -15.0514002
v -3.1830299 11.7226496 -10.6329603
v -1.8324831 6.5696478 -4.5855141
v 0.6842350 5.9952579 -3.8523779
v 1.0919520 4.4380040 -1.5587341
v 0.8055960 3.6049840 -0.1198760
v 2.0093901 3.2647569 0.5220600
v 1.2594310 2.1322150 3.0377390
v 1.1439760 0.9384710 6.6667609
v -1.1474950 0.7266420 7.5435190
v 4.5741448 -0.0246400 14.4750900
v 1.4517061 -0.0246760 33.2369499
v -1.8066950 -0.0246760 45.6269112
v -1.0253330 -0.0246760 56.8633804
v -8.9900541 -0.0246760 44.8305511
v 15.0000000 4.5377889 49.6347198
v 15.0000000 4.0602651 36.6352692
v 15.0000000 4.3170109 10.7703600
v 15.0000000 17.8512592 -8.7279186
v 15.0000000 29.4518509 -35.4450684
v 15.0000000 30.4449692 -31.6341305
v 6.9999938 28.3637199 -56.0486794
v 6.9612498 28.4929295 -54.6721611
v 5.5179472 27.7266808 -49.5212898
v 7.0000000 29.5115204 -83.9009933
v 7.0000000 31.0248604 -83.2311478
v 7.0000000 26.9230003 -66.0096512
v 7.0000000 25.6101303 -57.7942505
v -7.0000000 27.1812191 -58.2029991
v -7.0000000 27.3900509 -74.8508224
v -7.0000000 29.8234806 -59.7268982
v -7.0000000 31.2351799 -78.4991302
v -7.0000000 27.3299999 -77.7680969
v -7.0000000 28.4623795 -75.5118408
v -5.9733858 29.0428391 -50.6120605
v -6.1916151 26.4269409 -51.1371384
v -6.9999881 28.7565403 -56.1449585
v -6.8658352 28.3643093 -53.6712494
v -4.0469670 26.1769009 -46.0833092
v -1.7754821 31.4006691 -40.7746582
v 0.9904240 31.5134506 -38.9399414
v -1.8111840 29.5564899 -40.8581009
v 5.2239218 31.4310093 -48.8339500
v 8.5529633 32.5172501 -69.6903534
v 13.3387604 32.5172501 -79.6293411
v 13.7648096 32.5172501 -72.0834274
v 13.7781601 32.5172501 -69.4356766
v 11.6774597 32.5172501 -55.2425117
v 10.5568304 32.5172501 -55.0184212
v 14.1152496 32.5172501 -57.0264587
v 12.1243601 32.5172501 -46.7110596
v 12.9303598 32.5172501 -44.9612083
v 10.9156799 32.5172501 -42.1659012
v 6.5461102 32.5172501 -48.7411804
v 5.1276288 32.5172501 -45.6550713
v 2.2250540 32.5172501 -39.5680389
v 7.7002692 32.5127296 -36.7321587
v -6.8163738 32.5172501 -38.9323311
v -12.5958204 32.5172501 -39.1108513
v -8.4469757 32.5172501 -48.6407890
v -10.2571096 32.5172501 -46.7925415
v 12.3749304 25.6113796 -86.6252136
v 12.3857603 28.2771301 -86.6252136
v 8.3561335 31.1986408 -86.6252136
v -15.0000000 2.5141599 45.2841797
v -15.0000000 4.6019640 31.8221397
v -15.0000000 1.9208580 9.3809290
v -15.0000000 8.1106119 -1.0978440
v -15.0000000 9.6462421 -0.1369370
v -15.0000000 9.6740084 -1.8066159
v -15.0000000 16.4203091 -14.6838999
v -15.0000000 14.6175604 -6.2093701
v -15.0000000 15.8241501 -7.0650401
v -15.0000000 20.4203396 -12.6652603
v -15.0000000 19.0723991 -8.8540020
v -15.0000000 22.7842808 -17.1062298
v -15.0000000 24.8371105 -28.4264297
v -15.0000000 26.7615891 -28.7175293
v -15.0000000 28.4195900 -29.4592209
v -15.0000000 30.6669903 -33.1794510
v -15.0000000 31.8713799 -83.0406494
v -15.0000000 30.5181408 -80.6254425
v -15.0000000 31.6504803 -67.7630386
v -15.0000000 27.9474602 -70.9876480
v -15.0000000 25.4331493 -64.0827026
v -15.0000000 27.0971394 -40.8660011
v -15.0000000 5.3709602 11.3011398
v -15.0000000 6.3128881 13.7521000
v 13.3476400 6.7133350 64.1436005
v -1.7881740 2.3150520 64.1436005
v -9.5299654 1.1056030 64.1436005
v 3.0304019 4.9342408 64.1436005
v 8.9993334 6.7707210 64.1436005
v 2.5492160 6.7673120 64.1436005
v -11.4434500 7.9753242 61.3852501
v -9.7657404 7.9753242 15.5396004
v -7.2751369 7.9753242 16.1376095
v -9.5793152 7.9904742 13.8747501
v 1.0228480 8.0032921 13.5147896
v -10.9949799 11.7229204 1.8972820
v -4.2685080 11.9096098 1.6140320
v -12.0964699 12.2700701 1.1072450
v -10.9944096 13.9575005 -0.9669320
v 11.2227497 16.8325596 -4.3074050
v -11.5350304 14.9717798 -2.1474030
v 9.5250893 22.5081100 -10.8956299
v 3.4868841 22.5535698 -10.9484100
v -5.4530621 21.7691803 -10.0378799
v -14.0164299 21.7504902 -10.0161800
v -4.9131098 23.2472801 -11.7569103
v 9.8070469 32.4790001 -35.5502090
v 14.0773697 24.5172501 -85.2461319
v 11.2103100 24.5172501 -68.2512665
v 12.5051699 24.5172501 -75.0679321
v 12.4693499 24.5172501 -51.3471603
v 8.3249512 24.5172501 -52.4078712
v 10.1175699 24.5172501 -43.9923782
v 9.6595526 24.5123997 -36.6843681
v -9.9624166 24.4883595 -35.8943901
v -2.7029381 24.5172501 -39.3889885
v -8.3279018 24.5172501 -83.9978638
v -2.0753350 24.5094700 -36.5171509
v -11.7374496 19.5161400 -20.0810699
v -2.0849929 17.9604797 -17.9433994
v -7.5634131 17.2813892 -17.0934906
v -1.0678459 16.9362106 -16.6856594
v 6.2050128 16.9789505 -16.7346191
v 11.2871504 13.7652397 -13.0040102
v 11.6024103 11.4230700 -10.2852201
v 10.7537699 8.7760048 -7.2124748
v -3.2911220 14.1618795 -13.4644403
v -12.6598997 13.9764299 -13.2491703
v -3.5401361 2.4485669 2.2541521
v -2.0705020 0.1418370 11.1633396
v -3.8723431 0.1650900 10.9686604
v -1.1045470 -0.0246760 15.1303196
v 13.3655195 -0.0246760 42.4637299
v 13.8160696 -0.0246760 56.9992905
v 15.0000000 5.7770329 18.4079208
v 15.0000000 2.1224260 46.4060593
v 15.0000000 2.6515930 42.6325493
v 15.0000000 2.6555080 44.1501999
v 15.0000000 0.9589670 42.3554611
v 15.0000000 0.9113050 30.4908905
v 15.0000000 3.1939001 7.7846899
v 15.0000000 1.5704660 11.6929302
v 15.0000000 3.8779421 12.5956697
v 15.0000000 1.4224401 9.9479456
v 15.0000000 4.7888980 7.7621722
v 15.0000000 5.8796329 -1.8027771
v 15.0000000 9.5536327 2.8339109
v 15.0000000 10.1491499 -5.4197841
v 15.0000000 10.4563799 -3.8379850
v 15.0000000 22.0441704 -15.2222099
v 15.0000000 22.9901695 -13.5090599
v 15.0000000 22.4284801 -12.4130402
v 15.0000000 23.8324108 -23.5349293
v 15.0000000 24.7872791 -18.6498795
v 15.0000000 24.2655602 -27.3634109
v 15.0000000 25.7805595 -27.9228306
v 15.0000000 28.3832893 -21.0474396
v 15.0000000 28.0301800 -25.8798199
v 15.0000000 25.9459305 -36.1069107
v 15.0000000 30.9379101 -28.6569901
v 15.0000000 27.3365498 -35.0379601
v 15.0000000 27.1327705 -63.8008003
v 15.0000000 29.3665199 -40.5491982
v 15.0000000 30.0983906 -53.5067406
v 15.0000000 31.5788803 -71.9477768
v 7.0000000 29.0270805 -64.0672913
v -7.0000000 27.0580101 -70.2753983
v -4.8499041 31.9376507 -47.9598389
v -0.6363490 29.1057796 -38.3565407
v 9.5548038 32.5172501 -79.5317993
v 11.3461599 32.5172501 -78.9899063
v 11.4488297 32.5172501 -85.1283875
v 8.9444828 32.5172501 -50.6268692
v -12.4395399 32.5110817 -36.5592918
v -9.0661440 32.5172501 -80.5648575
v -9.6573744 32.5172501 -79.4758224
v -15.0000000 12.8393002 -6.5594249
v -15.0000000 20.9483700 -19.4095306
v -15.0000000 26.4401093 -58.0435600
v 7.6245580 2.8270810 64.1436005
v -4.9251218 7.9753242 39.4005394
v -7.2909222 7.9753242 31.0097198
v 6.1223588 8.6491060 8.8090820
v 6.2274680 9.0915794 7.2930279
v 5.9063601 9.9938698 4.9721222
v 5.8195400 12.2441702 1.1427830
v -6.5548172 11.7482901 1.8592460
v 7.2694659 16.4743309 -3.8915720
v -6.1723800 23.9387493 -12.6113300
v -5.9349842 32.2325211 -32.1629982
v -12.4483805 24.5172005 -37.3397217
v -10.8772602 24.5172501 -59.9743690
v -6.2146940 24.4878197 -35.8824806
v 6.9491520 18.9364891 -19.2321796
v 7.2397542 14.0521097 -13.3370199
v -7.3248792 10.2706003 -8.9474115
v 5.5019679 4.2774501 -1.3076950
v 1.8429850 -0.0216750 14.1687698
v -0.9616680 -0.0246760 48.8959885
v 15.0000000 5.6290741 60.8682404
v 15.0000000 2.9735620 28.6011791
v 15.0000000 5.5795960 4.3024092
v 15.0000000 17.5969200 -11.1157999
v 15.0000000 25.1879005 -26.3537598
v 15.0000000 29.1301003 -71.5271530
v 6.8536491 27.2104301 -53.5658302
v 6.4553590 31.1699600 -51.8954582
v 6.5653229 27.5543194 -52.2362785
v 7.0000000 29.9048691 -80.6064835
v 7.0000000 31.5722694 -73.3294601
v 7.0000000 31.4797401 -63.4343109
v -7.0000000 29.0128193 -71.5621185
v -5.0491610 29.4392700 -48.4255219
v -6.9900899 30.4972305 -55.2458000
v -4.8110309 26.7219105 -47.8689919
v 4.8897829 30.1600704 -48.0530396
v 2.5729859 27.6170197 -42.6384888
v 11.1862898 32.5172501 -45.1558990
v 6.7816510 32.5172501 -44.8850594
v 9.0171776 32.5172501 -37.6927299
v -5.4169488 32.5172501 -37.9648018
v -4.3099418 32.5172501 -40.9060593
v -11.9855003 32.5172501 -40.2746201
v -10.9772997 32.5172501 -38.8647614
v -10.9045200 32.5172501 -62.8896713
v -15.0000000 1.4041131 42.8477592
v -15.0000000 0.9977610 24.6483402
v -15.0000000 5.3329020 7.1676240
v -15.0000000 4.3142600 3.9892249
v -15.0000000 5.5643811 3.9837451
v -15.0000000 7.9583998 -4.0742440
v -15.0000000 11.3537397 -7.3462391
v -15.0000000 16.1294899 -13.1631403
v -15.0000000 14.8826103 -3.2625511
v -15.0000000 18.9874592 -10.1598797
v -15.0000000 20.3654995 -9.6758099
v -15.0000000 19.8974800 -13.7552004
v -15.0000000 18.9226894 -16.3252792
v -15.0000000 30.8230801 -83.1555786
v -15.0000000 27.0160503 -73.5209198
v -15.0000000 29.7391796 -59.9199104
v -15.0000000 31.0503502 -58.3674583
v -15.0000000 29.7424202 -52.5846405
v -15.0000000 1.2885100 13.6849699
v 13.2737503 1.7943830 64.1436005
v -10.3444901 3.3400109 64.1436005
v 1.2990659 5.4907379 64.1436005
v -8.1309795 7.9753242 61.4336205
v -8.4522781 7.9753242 19.0913391
v 5.6813588 8.0598230 12.3713999
v -10.6820698 8.7963419 8.2352886
v -9.8188105 8.5484571 9.2511234
v 12.0426302 8.6786528 8.6772890
v -7.4591851 9.3064489 6.6694379
v -10.6164198 9.3172617 6.6140161
v -7.0195351 10.9100399 3.2035389
v -5.6597009 12.0960903 1.3409621
v 7.7455459 14.5080700 -1.6091210
v -9.2076473 15.7775202 -3.0827129
v 4.8773589 20.8898201 -9.0171061
v 5.0436311 22.4148407 -10.7873697
v 8.7393103 24.1581097 -12.8850698
v -3.1574330 32.2376518 -32.2108498
v 4.9327989 32.4908791 -35.8838997
v -13.4910002 32.5047798 -36.2871208
v 12.2541304 32.4925194 -35.9308205
v 10.2714005 24.5172501 -72.1783600
v 4.0146189 24.5172501 -37.6941986
v 5.3024812 24.5172501 -37.9338303
v -7.0076990 24.5172501 -44.8568687
v -8.1427288 24.5172501 -52.4691010
v -8.3139467 24.5172501 -78.3539810
v 4.2156281 24.2750092 -33.0089798
v 10.3762197 23.8749599 -30.5626602
v -10.3861504 23.1902599 -27.8620491
v 5.4585919 22.8101292 -26.7102795
v 10.8672705 22.4271507 -25.6736298
v -10.7510996 22.2488098 -25.2153397
v 10.5533895 21.4539394 -23.4583893
v -10.1008797 21.2624798 -23.0678291
v -5.7452450 20.2364807 -21.2092800
v 5.0011969 19.7367706 -20.4134598
v 9.1355581 18.9024506 -19.1753292
v 10.5911503 19.0760899 -19.4284191
v -4.3812399 16.9592609 -16.7116909
v 8.1592531 16.1121902 -15.7283697
v 8.0162373 10.2347298 -8.9057770
v -9.5324144 14.8393698 -14.2508698
v -13.9645796 14.2889404 -13.6119404
v 7.8288331 9.3568897 -7.8867722
v 4.9333959 9.6400404 -8.2154531
v 1.6832020 9.9658709 -8.5936785
v -9.0636578 10.0229502 -8.6599426
v 9.3005142 5.1052890 -2.5919111
v -11.1926098 4.5009551 -1.6753390
v 6.1869030 2.8844759 1.3090050
v 10.8669500 2.5337610 2.0642970
v -7.5571852 2.6152771 1.8890500
v 6.1874242 1.8130220 3.8717389
v -12.3062000 1.9358760 3.5409019
v 3.8154581 1.0413110 6.2986321
v -7.5192218 0.8679910 6.9692678
v 8.7985153 0.3323860 9.6065636
v -9.9638271 0.2393410 10.3454800
v 13.8550501 0.0932730 11.7648401
v 5.6511679 0.0366220 12.5928202
v -7.4654942 -0.0041450 13.7454796
v 13.7616501 -0.0246760 14.8315897
v 14.0488901 -0.0246760 26.2412701
v 13.9314604 -0.0246760 48.7240181
v 2.3311291 -0.0246760 51.8774910
v -12.8645296 -0.0246760 52.1816597
v 15.0000000 2.0800641 50.5155106
v 15.0000000 0.8929620 47.9832802
v 15.0000000 1.5244040 24.6158504
v 15.0000000 1.0208360 18.0241108
v 15.0000000 5.9304271 14.5486298
v 15.0000000 7.3213658 6.6346159
v 15.0000000 9.3896866 -2.2949791
v 15.0000000 14.1905804 -4.1366992
v 15.0000000 15.3478403 -4.5155621
v 15.0000000 30.5293407 -30.0346394
v 15.0000000 31.1231594 -35.6069183
v 15.0000000 26.7235298 -82.4813995
v 7.0000000 28.0485001 -86.6252136
v -7.0000000 30.3922501 -86.6252136
v -6.4870648 28.8560696 -52.0004692
v -1.5282069 27.6862793 -40.1967506
v -0.0344450 25.7610092 -38.0466118
v 0.1435230 31.8042603 -38.0563583
v 1.7453990 28.1341400 -40.7043495
v 3.4233310 31.6206093 -44.6258202
v 10.4047403 32.5172501 -37.6935692
v -8.5476999 32.5172501 -39.4934807
v -9.3672733 32.5172501 -45.4702682
v -8.7274828 32.5172501 -54.6746101
v -8.7500000 32.5172501 -86.6252136
v -10.5625000 32.5172501 -86.6252136
v -10.4178305 31.4429092 -86.6252136
v 8.3732615 26.8797092 -86.6252136
v 15.0000000 29.6422501 -86.6252136
v -15.0000000 3.9101820 11.5802097
v -15.0000000 7.4185910 9.4722261
v -15.0000000 14.5991802 -9.2267838
v -15.0000000 13.1493702 -10.5865097
v -15.0000000 17.0676003 -7.5263500
v -15.0000000 23.5152302 -15.6666002
v -15.0000000 25.9266491 -26.7912693
v -15.0000000 30.7977295 -61.0663300
v -12.7514601 7.9753242 64.1436005
v -2.9324970 7.9753242 16.4924793
v 13.6809597 8.1822529 11.2975302
v -4.9380450 8.0773087 12.1816702
v 12.0124197 8.2870321 10.5390997
v -5.4537239 8.4629011 9.6306686
v -5.4780560 9.2707920 6.7519889
v 0.6091410 15.4804296 -2.7378490
v -0.4927490 21.1995392 -9.3766336
v -0.9073460 22.7677708 -11.1970396
v -9.6691732 17.9946098 -5.6563230
v -2.3112559 24.2412395 -12.9888000
v 8.7500000 24.5172501 -86.6252136
v 7.2811661 24.5172501 -44.4751396
v -9.1429873 24.5172501 -41.1729698
v -4.1352611 24.5172501 -44.1276512
v -8.2340279 24.5172501 -49.1122513
v 8.0777864 24.4834805 -35.7709999
v -10.7509899 20.8664894 -22.3235207
v 0.4674820 12.7413797 -11.8155098
v -5.4363160 12.8450804 -11.9358797
v -9.5489950 12.5096397 -11.5465097
v -13.5559597 12.3206797 -11.3271599
v -13.6050901 6.9333162 -5.0422211
v -9.2753992 1.8810580 3.6885240
v 7.1596718 0.2984400 9.8491459
v -0.2510870 0.0513020 12.2214298
v 1.5573840 -0.0246760 15.5190496
v -9.3402224 -0.0246760 39.8730507
v -13.2377005 -0.0246760 39.8074608
v 15.0000000 4.0378242 64.1436005
v 15.0000000 5.6003242 64.1436005
v 15.0000000 8.2201633 1.3731140
v 15.0000000 9.5078831 1.0654620
v 15.0000000 15.1045904 -9.5049334
v 15.0000000 17.6369495 -12.3304996
v 15.0000000 21.8955002 -19.4974194
v 15.0000000 28.4137192 -22.8283501
v 15.0000000 29.2012100 -30.8507404
v 15.0000000 28.2323303 -82.2268677
v 7.0000000 26.7203407 -56.5078316
v 6.9882431 27.0219402 -55.1378403
v 6.0598478 30.0487995 -50.8060417
v 7.0000000 24.5172501 -67.5635986
v 7.0000000 32.5172501 -83.9283905
v 7.0000000 32.5172501 -80.0057526
v 7.0000000 32.5172501 -75.6387329
v 7.0000000 32.5172501 -60.2047997
v 7.0000000 32.5172501 -56.6537285
v -7.0000000 24.5172501 -56.8376007
v -7.0000000 25.4573002 -56.1061897
v -7.0000000 24.5172501 -69.0652390
v -7.0000000 24.5172501 -76.3282623
v -7.0000000 32.5172501 -59.5037804
v -7.0000000 32.5172501 -82.2735291
v -6.3046732 31.5684395 -51.4603500
v -3.7209449 24.5172501 -45.3213692
v -5.5342779 24.5172501 -49.5592690
v -1.6912481 32.5172501 -40.5778008
v 1.7015510 32.5172501 -40.6018791
v 1.6494650 25.4407406 -40.4801483
v 2.1754911 24.5172501 -41.7095108
v 5.5342770 32.5172501 -49.5592690
v 4.8748841 32.5172501 -48.0182190
v 4.2154899 32.5172501 -46.4771614
v 3.4942780 32.5172501 -44.7916298
v 9.8927774 32.5172501 -50.7305107
v 12.0354300 32.5172501 -43.4318810
v 3.5803540 32.5172501 -39.0991707
v -6.8800130 32.5172501 -49.3427391
v -7.0191622 32.5172501 -50.8421783
v -7.9283910 32.5172501 -53.3577919
v -13.9303198 32.5172501 -38.7481499
v -9.6998615 32.5172501 -61.6189308
v -12.9902802 32.5172501 -81.5936584
v -15.0000000 32.5172501 -83.6955338
v -13.1250000 32.5172501 -86.6252136
v -11.7500000 32.5172501 -86.6252136
v -15.0000000 29.5328808 -86.6252136
v -10.7500000 24.5172501 -86.6252136
v -12.2500000 24.5172501 -86.6252136
v -13.6250000 24.5172501 -86.6252136
v 15.0000000 25.6422501 -86.6252136
v -15.0000000 -0.0246760 36.2139091
v -15.0000000 -0.0246760 29.1338291
v -15.0000000 -0.0246760 23.2744598
v -15.0000000 3.6667969 12.8750801
v -15.0000000 3.2733531 7.4735818
v -15.0000000 1.9482000 7.7452641
v -15.0000000 3.2253239 64.1436005
v -15.0000000 7.9753242 35.9209404
v -15.0000000 7.9753242 23.4209404
v -15.0000000 6.9832158 -0.0003150
v -15.0000000 9.0761967 4.7565269
v -15.0000000 12.6199102 -0.8151390
v -15.0000000 23.1304798 -13.9958000
v -15.0000000 22.3576393 -18.3247108
v -15.0000000 22.9067593 -24.6779308
v -15.0000000 24.9236107 -21.5208893
v -15.0000000 28.4748402 -23.8131905
v -15.0000000 30.3088608 -37.0176697
v -15.0000000 26.5327492 -78.2074432
v -15.0000000 24.5172501 -83.9884872
v -15.0000000 24.5172501 -64.3595886
v -15.0000000 3.0108161 15.3939896
v 15.0000000 1.2253240 64.1436005
v 15.0000000 2.2253239 64.1436005
v -6.1501460 2.6278670 64.1436005
v 9.6093750 7.9753242 64.1436005
v 15.0000000 7.9753242 20.5889091
v 9.7572680 7.9753242 33.3257294
v 8.6055527 7.9753242 18.5330601
v 7.8056922 13.4841900 -0.4172770
v 15.0000000 15.6511097 -2.9359770
v 15.0000000 16.9011097 -4.3869882
v 15.0000000 18.1511097 -5.8379960
v 15.0000000 19.4011097 -7.2890062
v 15.0000000 20.5729904 -8.6493263
v 15.0000000 22.8386097 -11.2792797
v 10.4412203 22.9371605 -11.3943396
v 6.7683601 22.2705498 -10.6202097
v -10.0124397 32.2855682 -32.6584396
v 8.1350479 24.5172501 -69.3946991
v 7.8073058 24.5172501 -61.6226311
v 14.1330299 24.5172501 -75.4727936
v 15.0000000 24.5172501 -71.6838074
v 13.8710403 24.5172501 -40.4930611
v 11.7508497 24.5172501 -43.3548012
v -9.5548010 24.5172501 -49.5424500
v -14.1057796 24.5172501 -40.9181709
v -13.5909901 24.4719391 -35.4787598
v 0.8823610 24.4782791 -35.6393700
v -12.4471598 17.5472298 -17.4234505
v 7.6849861 17.1538506 -16.9388409
v 15.0000000 10.5275402 -9.2456675
v 15.0000000 7.4806609 -5.7088318
v -8.5563707 15.8192501 -15.3883200
v 11.1535101 7.9191809 -6.2142868
v 9.2447977 0.0627250 11.9717598
v -8.4584389 -0.0244730 14.9668703
v -5.4451690 -0.0246760 29.9438400
v 15.0000000 3.9274759 16.6493206
v 15.0000000 2.2707880 15.9964800
v 15.0000000 1.7230210 8.2557144
v 15.0000000 8.5224838 5.5636258
v 15.0000000 9.2353783 -4.2978120
v 15.0000000 8.1401815 -4.7984581
v 15.0000000 8.1777487 -0.1810070
v 15.0000000 10.7842703 1.8464640
v 15.0000000 7.6495991 -3.2020969
v 15.0000000 19.4186993 -14.5010500
v 15.0000000 19.9480095 -17.4188099
v 15.0000000 30.1605396 -46.0079002
v 13.8066101 32.5113297 -36.6095886
v -7.6685972 7.9753242 34.9539299
v -5.8294220 19.8659191 -7.8285580
v -11.2931995 24.5172501 -62.5104904
v -5.4616880 10.6746998 -9.4164944
v -7.0000000 26.8222904 -81.9779892
v 11.7323904 32.5172501 -40.4696808
v -10.1168299 32.5172501 -40.2477798
v -15.0000000 4.4211822 54.1000710
v -15.0000000 22.1750298 -22.3276501
v -10.8308001 7.9753242 25.3795300
v 9.7977543 19.8830509 -7.8484440
v 10.8948498 20.4756908 -8.5363817
v 8.4029694 32.4315796 -34.2650185
v -10.9807701 32.4558487 -34.8988991
v 4.9121990 24.5172501 -40.4291000
v -10.1836700 24.5172501 -57.0446091
v 9.7136364 10.6329899 -9.3680792
v 11.4758596 10.2407398 -8.9127579
v -5.1034298 15.8740396 -15.4519300
v 4.6218262 8.6249266 -7.0371032
v 5.6204219 -0.0246760 55.3426094
v -9.4144917 -0.0246760 55.3788300
v 15.0000000 5.5474820 13.4000797
v 7.0000000 31.3509102 -68.2738266
v -9.3817596 32.5103912 -36.4864998
v -8.6571503 32.5172501 -47.2485199
v 10.2977505 27.1860905 -86.6252136
v -15.0000000 6.8807750 10.9473000
v -15.0000000 28.6393108 -32.0018501
v -15.0000000 29.5405502 -78.5100479
v -4.3337588 7.9753242 27.0080509
v -0.6201150 8.4303274 9.7762766
v -0.4869850 10.5331097 3.8941309
v 10.0440502 17.4439106 -5.0170679
v 9.3036842 24.5172501 -51.0081902
v 9.0877934 24.5172501 -46.5205688
v -9.6103973 24.5172501 -46.7665710
v -11.6375103 24.5172501 -67.8735809
v 0.3258260 23.6517506 -29.5737801
v 10.0444403 13.1266298 -12.2627096
v -0.1215720 5.2317662 -2.7795260
v 1.7134330 -0.0246760 34.6624489
v -1.6443880 -0.0246760 43.0470314
v -1.8372999 -0.0246760 55.4143105
v 15.0000000 3.3683550 15.1029301
v 5.6802120 26.0284004 -49.9003906
v -5.9411821 30.6323109 -50.5132103
v -4.4477959 27.8841095 -47.0200806
v 10.6375198 32.5172501 -53.4456902
v -3.0902410 32.5172501 -41.5715904
v -9.7485886 32.5172501 -41.9267693
v -11.9888601 32.5172501 -37.9432106
v -9.8602009 32.5172501 -48.1047401
v -15.0000000 18.8477402 -13.1805897
v -15.0000000 25.4875603 -65.3709869
v 10.7093496 6.9364028 64.1436005
v -13.3839302 7.9753242 58.9726601
v -4.2930722 7.9753242 60.0832901
v -12.9516001 7.9753242 46.3374214
v 1.8778000 7.9753242 25.3600807
v -10.0747099 8.2549267 10.7598801
v -9.0793791 8.3946209 9.9655600
v 1.8703700 8.2087278 11.0983601
v 1.3566780 8.5556679 9.2192984
v 12.6577196 9.0970192 7.2762051
v 1.6026000 9.7530174 5.5351262
v 2.0448880 10.5697899 3.8252840
v 8.4226646 24.5172501 -58.1429596
v 8.0215549 24.5172501 -45.5018311
v -9.5579109 24.5172501 -38.4899597
v -6.5761838 24.5172501 -48.3057404
v -0.4429880 24.4611702 -35.2066994
v -9.0795908 24.3829899 -33.9785194
v 6.2090011 24.3556595 -33.6862907
v -2.5125170 24.0225906 -31.3003197
v 1.6097200 18.1040897 -18.1244602
v 12.2896700 16.3571091 -16.0126801
v 12.4192696 8.6600943 -7.0779262
v 1.1892860 10.8780298 -9.6525164
v 1.1466351 8.0663090 -6.3886561
v 13.3685398 1.3775680 5.1171360
v -2.7416351 0.3652860 9.4515209
v 1.2257200 0.3487960 9.4655209
v 13.4957800 0.2070200 10.6273603
v 13.1721697 -0.0246760 55.0715714
v -2.7862899 -0.0246760 30.5652409
v -13.0861597 -0.0246760 23.2133808
v 3.4030390 -0.0246760 60.0930405
v -4.0894542 -0.0246760 60.0796700
v -11.5508699 -0.0246760 60.1512108
v 15.0000000 3.7722890 48.4333801
v 15.0000000 2.0661881 14.5117903
v 15.0000000 22.7001495 -23.1074505
v -4.0116858 30.6809998 -46.0008507
v 10.6972399 32.5172501 -80.7534027
v 12.1700296 32.5172501 -79.6669235
v 12.2693005 32.5172501 -37.5832596
v -10.2019596 32.5172501 -53.8939095
v -10.9482298 7.9753242 37.5505486
v 6.4680452 17.2836208 -4.8309960
v 2.5799999 16.3031006 -3.6928060
v -6.7712469 32.4771194 -35.4970398
v 10.6912298 24.5172501 -53.6458702
v 5.6614580 20.4029102 -21.5018005
v -4.8349109 17.8627892 -17.8204498
v 6.3299260 13.2584105 -12.4156904
v 2.1735699 14.1513300 -13.4521999
v -6.5379362 11.2264099 -10.0569296
v 5.2946892 0.3345610 9.5601645
v -6.0166392 0.3306550 9.6281586
v -5.5352650 0.1789480 10.8518295
v -3.4107831 0.0550070 12.1276999
v 3.2562010 -0.0246760 14.6093798
v -1.7718720 -0.0246760 49.4486694
v -6.2739620 -0.0246760 43.9973793
v 6.9354081 31.2865791 -54.2872200
v 7.0000000 26.7449493 -69.8708572
v 7.0000000 27.7836208 -70.7395935
v 7.0000000 31.6591797 -61.7414093
v -7.0000000 28.0147095 -81.0301437
v -5.5898862 30.2331200 -49.6898613
v 1.2155490 28.8357906 -39.4660492
v 13.6996202 32.5172501 -73.7377930
v 11.3720398 32.5172501 -49.9928894
v 13.1577997 32.5172501 -50.0607185
v 6.0756021 32.5172501 -47.5085297
v 6.6786199 32.5172501 -46.2104683
v -8.4562740 32.5172501 -50.1049500
v -12.3913498 32.5172501 -71.0543213
v -13.2404699 32.5172501 -72.4634628
v -11.7547503 32.5172501 -80.5814896
v 11.1843100 26.1800098 -86.6252136
v -15.0000000 14.6646099 -13.0894203
v -15.0000000 16.8090305 -11.9750500
v -15.0000000 20.5623207 -11.1941700
v -15.0000000 29.8333702 -29.0858707
v -15.0000000 31.4696293 -49.9821510
v 7.7315578 1.5886350 64.1436005
v 12.0745296 6.0941429 64.1436005
v -8.7040472 7.9753242 59.8186684
v -9.4193525 7.9753242 52.5349083
v -11.9596596 7.9753242 53.8582001
v -13.0691500 7.9753242 52.4148407
v 5.5203962 7.9753242 25.4955902
v 5.9528079 7.9911141 14.0825300
v 10.6312103 8.1683578 11.4018297
v 10.4921799 8.0227203 13.0778904
v -8.7482443 8.1854553 11.2718697
v -11.5644398 10.1164799 4.7056408
v 9.6965923 15.7091599 -3.0033600
v 9.2627449 14.5681400 -1.6788510
v -6.6037192 26.4150391 -15.9923401
v 8.8659592 25.8160706 -15.1178303
v 7.6467161 26.0427704 -15.4460602
v 8.9991875 27.2640800 -17.3942909
v 7.6139469 27.4036903 -17.6307507
v -8.2500172 28.4431801 -19.5597992
v 9.0059137 28.5496998 -19.7736206
v 7.6646361 28.6969604 -20.0691891
v -8.3639889 29.5759506 -22.0279694
v -7.6730900 30.1302891 -23.3863506
v 9.0073147 29.6610909 -22.2344398
v 7.6498032 29.7863693 -22.5382500
v 8.9909754 30.5902405 -24.7541809
v 7.6103210 30.6672897 -24.9866905
v 6.8062978 31.0208893 -26.0957699
v -7.4491658 31.4847603 -27.9068699
v -8.0045195 31.8247890 -29.5203896
v 7.9261708 31.5884399 -28.3165798
v -8.7153215 32.1718292 -31.5972996
v 9.7967186 24.5172501 -73.2798996
v 11.6311398 24.5172501 -71.6922531
v 3.4892809 24.5172501 -40.8265495
v 2.5635631 24.5172501 -37.3810501
v -6.1428490 24.5172501 -46.4844398
v -9.4178514 24.5172501 -52.5484009
v -8.3366928 24.5172501 -55.3836708
v -12.5045500 24.5172501 -51.8624802
v 9.6174536 24.4695091 -35.4173203
v 10.1952000 24.4086800 -34.1940689
v -10.7999296 23.9896908 -31.1364994
v 7.0761070 23.8719406 -30.5478592
v 9.9284239 23.5421295 -29.1025791
v 6.1846008 23.2133808 -27.9452400
v 10.2391796 22.8613300 -26.8458691
v 9.9408388 22.0010605 -24.6382504
v 6.3634038 19.5829601 -20.1809597
v 5.5246000 18.8071194 -19.0400791
v 9.8009720 14.3157701 -13.6430798
v 5.6846008 8.0391626 -6.3571410
v -8.8191109 3.2230949 0.6072610
v 6.4242001 3.6522570 -0.2031850
v 9.9128828 2.2007051 2.8355310
v 4.9768748 1.4027830 5.0398321
v -8.9522963 0.9834920 6.5088391
v 12.5992298 -0.0246760 48.0050011
v 13.3251600 -0.0246760 49.3956604
v 8.7205238 -0.0246760 44.0288086
v -7.8453698 -0.0246760 58.7961311
v 15.0000000 5.4020109 12.1373100
v 15.0000000 20.5092907 -15.8861799
v 7.0000000 31.1901894 -69.7781830
v -7.0000000 28.0289097 -69.9969864
v 2.1868789 28.5229206 -41.7361298
v 12.3688297 32.5172501 -81.0652084
v 14.1843901 32.5172501 -85.4422836
v 8.6885872 32.5172501 -63.6441498
v 6.5163121 32.5172501 -43.4302101
v -12.0519400 32.5172501 -53.2809296
v -11.2828598 32.5172501 -55.8791809
v -9.3212509 32.5172501 -77.7493134
v -9.5341644 28.9616299 -86.6252136
v -10.6773100 28.1186790 -86.6252136
v -15.0000000 5.1244750 2.6556721
v -15.0000000 13.3895798 -9.1797409
v -15.0000000 12.4118004 -8.1310511
v -15.0000000 12.3323097 -9.8131580
v -15.0000000 28.3166599 -25.4626007
v -15.0000000 27.0997601 -30.1463203
v -15.0000000 28.4147491 -59.3772583
v -15.0000000 4.5194831 8.3162012
v 1.5104721 2.1991079 64.1436005
v 0.6429940 0.7574710 64.1436005
v -2.2998381 7.9753242 57.3410912
v -2.8429790 7.9753242 44.9433289
v -4.1700282 7.9753242 52.6971016
v -1.3675370 8.1624212 11.4432697
v 2.9766150 9.2701731 6.7485342
v -4.8398519 10.3898001 4.1635489
v -7.8951898 10.2848701 4.3750391
v 5.7425370 18.1216202 -5.8037620
v 1.8002300 14.4702902 -1.5652740
v -2.2534599 22.4805107 -10.8635902
v -0.9854360 31.9302692 -30.1074505
v -5.5313458 32.4429092 -34.5355492
v 6.0854912 32.4944191 -35.9835396
v 12.6958303 24.5172501 -56.0169983
v 12.6082201 24.5172501 -52.5799294
v 10.7568302 24.2317295 -32.6455498
v 3.6137309 23.5245991 -29.0490608
v 2.9493301 23.0377102 -27.3456707
v 3.1175411 21.3234806 -23.1798496
v -9.5963364 20.4794807 -21.6369495
v -10.7901897 17.5007191 -17.3649292
v 5.7064748 12.4402103 -11.4659100
v 2.0327380 15.0934200 -14.5457697
v 2.1865211 16.0909901 -15.7037601
v -3.1438351 8.0862379 -6.4117880
v 11.5059004 6.1313910 -4.0339818
v 3.2153599 1.5514261 4.5795298
v -10.5264397 1.0581390 6.2393408
v 9.4924145 1.0705580 6.1956592
v 3.8106029 0.6498420 7.9270620
v 9.3882837 0.5868900 8.2345657
v -0.1851800 0.4376630 8.9848194
v 13.3811102 -0.0246760 36.8372116
v 7.9836860 -0.0246760 35.8049393
v 0.7682210 -0.0246760 20.5530796
v 15.0000000 3.0033550 9.3940830
v 15.0000000 11.9843197 -5.0102201
v 15.0000000 14.2196503 -8.6235294
v 4.1033368 28.5610294 -46.2150383
v 7.0000000 29.2905903 -77.8619919
v 7.0000000 29.9340992 -76.2040024
v 7.0000000 30.0384598 -62.6263695
v 7.0000000 29.5205193 -57.9930000
v -7.0000000 25.5448608 -60.2550087
v -7.0000000 28.4717197 -68.6478271
v -7.0000000 28.6502705 -73.6024933
v -7.0000000 31.5959892 -73.8448563
v -7.0000000 30.7792206 -79.9476624
v -7.0000000 26.8729000 -85.9997864
v -4.4977908 29.2999592 -47.1369209
v -6.8167162 25.4669304 -53.3732605
v 1.2482190 32.5172501 -39.5424004
v 2.3403411 32.5172501 -42.0947800
v -1.8664000 24.5172501 -40.9871407
v 1.4643970 27.1020603 -40.0476303
v 5.3722219 29.1441498 -49.1805382
v 5.9154062 31.5724907 -50.4501114
v 4.4546080 29.9395599 -47.0360107
v 3.1608081 28.4933300 -44.0122795
v 1.6931980 31.4349709 -40.5823593
v 7.7180600 32.5172501 -75.9944077
v 14.2231102 32.5172501 -77.7007065
v 14.1625795 32.5172501 -61.5118484
v 8.0361910 32.5172501 -54.3663483
v 14.2289104 32.5172501 -58.7072601
v 10.2285805 32.5172501 -43.4784088
v 8.3181801 32.5172501 -43.8801498
v 5.1622620 32.5172501 -46.7269402
v 6.6028090 32.5172501 -38.6090202
v 7.0943799 32.4684906 -35.2544403
v -5.0701680 32.5172501 -41.7084618
v -7.3146658 32.5172501 -47.8506393
v -9.3059340 32.5172501 -43.6248512
v -12.8163204 32.5172501 -42.5591202
v -13.8107700 32.5172501 -40.1037216
v -7.9931760 32.5172501 -57.6542206
v -7.8741770 30.8342094 -86.6252136
v -8.7438984 25.8079109 -86.6252136
v -12.1563396 29.3201809 -86.6252136
v -13.5889902 30.1769104 -86.6252136
v -10.5389996 25.4691792 -86.6252136
v -15.0000000 2.2083280 16.5441093
v -15.0000000 1.3966260 10.9222603
v -15.0000000 6.7503471 24.8171501
v -15.0000000 6.4799142 8.1453600
v -15.0000000 8.4184818 6.4587970
v -15.0000000 11.4668303 -3.8493700
v -15.0000000 12.1019802 -2.1789720
v -15.0000000 17.5379906 -13.6407404
v -15.0000000 18.7504902 -14.5658798
v -15.0000000 19.6697006 -18.7571907
v -15.0000000 26.5519695 -19.3533096
v -15.0000000 25.2733803 -25.8200703
v -15.0000000 25.6800995 -34.0661011
v -15.0000000 31.2843895 -84.5845566
v -15.0000000 28.2308102 -84.6570816
v -15.0000000 26.8050098 -79.8309326
v -15.0000000 30.9724503 -59.6853409
v -15.0000000 31.2956905 -38.5528412
v -15.0000000 25.5100708 -37.8977509
v 13.4631300 3.5334880 64.1436005
v 10.7276802 3.6814570 64.1436005
v 14.2235098 6.0478148 64.1436005
v 6.2877750 3.8175809 64.1436005
v -0.8786290 0.7927740 64.1436005
v -0.7209980 3.4943669 64.1436005
v -7.5080109 1.9049439 64.1436005
v -14.2791500 2.6036611 64.1436005
v -5.7209339 3.9428451 64.1436005
v -12.3403597 4.7295051 64.1436005
v 14.0747805 7.9753242 48.8876305
v 3.2560451 7.9753242 61.4492111
v 0.2806990 7.9753242 57.1435394
v 5.0483871 7.9753242 42.1544304
v 0.1593440 7.9753242 34.6245003
v -13.6389399 7.9753242 16.2814407
v -12.9052896 7.9753242 14.9697399
v -3.7240710 7.9753242 17.2020893
v 4.5808411 7.9753242 17.0727901
v 0.2811780 7.9753251 15.3795004
v 12.6084700 7.9774871 14.5870705
v 1.7182580 8.0530825 12.4391804
v -4.3717160 8.2426834 10.8487501
v -4.1237311 8.5306511 9.3300591
v -5.7958570 9.8995628 5.1906891
v -3.7473290 10.6200800 3.7308490
v 7.1789861 12.4561796 0.8664580
v 2.9812651 14.4129105 -1.4986670
v 9.8043480 16.4331799 -3.8438089
v 9.4330912 18.9583893 -6.7750878
v 5.2904339 18.8750801 -6.6783810
v -12.5802298 13.9638300 -0.9762270
v -14.0809002 14.0059099 -1.0262090
v -9.9208364 15.0059099 -2.1870251
v -2.5561221 17.2181301 -4.7549849
v -6.3425069 17.3314896 -4.8865738
v -10.7158499 17.6294403 -5.2324328
v 2.1691020 19.1872101 -7.0406990
v 1.1485389 18.4898701 -6.2312250
v 4.8939209 20.0880394 -8.0863914
v 1.0655620 19.4622498 -7.3599710
v 12.1186104 22.3113308 -10.6672401
v -12.6298800 18.8670292 -6.6690440
v -11.5156898 19.6660004 -7.5964890
v -7.8579111 21.1464691 -9.3150234
v -3.7591670 22.1829491 -10.5181799
v -10.5353899 22.6001797 -11.0024996
v -13.1381302 22.4506702 -10.8289499
v -5.6305838 24.8590794 -13.7615004
v -5.7461319 25.9487495 -15.3099298
v -5.9697809 28.6264591 -19.9276791
v -4.6501160 28.9750710 -20.6274109
v -4.7384729 30.1637592 -23.4867706
v -4.7542028 31.5475006 -28.1537399
v 0.3179260 31.9617805 -30.2828102
v -12.4438601 32.2909203 -32.7210693
v 13.6333504 32.2636795 -32.4581490
v 13.7291298 32.4570312 -34.9322014
v 0.9753460 32.4795189 -35.5643692
v 13.1240101 24.5172501 -81.5560226
v 11.7404203 24.5172501 -78.3026581
v 9.6357536 24.5172501 -66.5749817
v 11.3078403 24.5172501 -70.0009537
v 13.3498297 24.5172501 -73.8980637
v 13.5766401 24.5172501 -43.2746086
v 5.3843389 24.5172501 -46.2272110
v 6.3027759 24.5172501 -45.2605896
v 11.0425901 24.5172501 -40.5656013
v 13.7128000 24.5172501 -38.9508705
v 13.9291000 24.5168495 -36.9440994
v 4.9355459 24.5172501 -41.7610512
v 3.5236640 24.5172501 -42.3694611
v 2.5696881 24.5172501 -40.8291092
v 3.2054210 24.5172501 -39.0361595
v -8.6702929 24.4913597 -35.9712715
v -5.2079010 24.5172501 -39.4281311
v -4.9522090 24.5172501 -41.0223083
v -11.1446199 24.5172501 -38.2819099
v -12.5309601 24.5172501 -39.0197411
v -13.6130304 24.5172501 -56.0974197
v -13.6505203 24.5172501 -53.0665398
v -11.9327803 24.5172501 -70.0872421
v -12.5684900 24.5172501 -71.7645035
v -14.0982199 24.5172501 -76.9438400
v -9.6856747 24.5172501 -58.8485603
v -10.4610500 24.5172501 -70.0917664
v -7.4941669 24.4544506 -35.0503197
v 1.6960860 23.4052696 -28.6185398
v -4.7464051 19.6706505 -20.3105392
v 2.4428110 19.8358593 -20.5628204
v -2.9359770 17.1625195 -16.9487591
v 9.1233521 11.6613302 -10.5617800
v 9.1188450 8.9519062 -7.4166632
v 5.2922211 11.6723299 -10.5745497
v -3.6059520 16.2243004 -15.8585196
v -8.2585135 14.9604197 -14.3913898
v -13.5209398 16.6998196 -16.4108906
v -10.1688499 15.4555302 -14.9661198
v -5.0447130 13.9044800 -13.1656504
v -6.5682240 13.2979202 -12.4615498
v -10.4555502 12.9222698 -12.0254898
v 2.2154839 11.3733797 -10.2275295
v 1.2859240 11.9690199 -10.9189501
v 4.8981390 10.5844498 -9.3117275
v -12.3286600 11.5781403 -10.4652100
v -11.4750004 10.8510199 -9.6211691
v -7.1817861 9.0435209 -7.5230112
v -9.6940279 8.0755949 -6.3994331
v -0.1312790 7.3512359 -5.5544419
v 7.0281720 7.7342372 -6.0004492
v -13.7831497 6.2482462 -4.1811752
v -5.7445269 5.2543278 -2.8132250
v 2.3837130 5.7299991 -3.5034440
v 13.9403095 7.5039191 -5.7350602
v 7.6068668 5.5007591 -3.1727481
v -6.2165709 1.4735230 4.8387022
v -4.9930220 2.1354971 3.0038879
v -4.5713968 1.5492750 4.5929050
v 11.2286100 0.9702410 6.5490909
v -7.3532610 0.3181640 9.7592850
v -12.8419600 0.2883220 9.9340935
v 4.9623561 0.1361950 11.2122803
v 3.2453539 0.0745870 11.8339300
v 9.5263348 -0.0222510 14.4761496
v 8.6292143 0.0169300 13.0950298
v 10.9045601 -0.0246760 41.9919090
v -12.9039297 -0.0246760 31.7763195
v 15.0000000 3.6900620 50.5519295
v 15.0000000 6.8323579 57.6582413
v 15.0000000 4.6486840 30.0561199
v 15.0000000 6.5479150 12.6951599
v 15.0000000 7.6476102 8.0425930
v 15.0000000 6.0487542 7.7694678
v 15.0000000 11.5821800 -3.3752551
v 15.0000000 13.6540203 -5.4024940
v 15.0000000 10.9361000 -8.2888412
v 15.0000000 16.0750408 -14.2803402
v 15.0000000 15.6431103 -7.2788620
v 15.0000000 16.5447998 -5.7964792
v 15.0000000 17.3747406 -15.3663502
v 15.0000000 18.4989605 -7.6293578
v 15.0000000 19.5587406 -9.0142345
v 15.0000000 20.2561398 -12.8989897
v 15.0000000 20.5992908 -10.4400797
v 15.0000000 21.1565208 -11.9140501
v 15.0000000 26.6849098 -40.5923996
v -7.0000000 25.9851093 -66.4858704
v 4.4233398 26.5448895 -46.9629288
v 11.4671898 32.5172501 -61.9201088
v -9.1151104 32.5172501 -53.0566597
v -9.6958513 32.5172501 -82.3757401
v -15.0000000 27.2586708 -53.8416100
v -8.3781977 7.9753242 33.3989906
v 4.6870770 17.2352505 -4.7748599
v -4.7816329 31.0844707 -26.3324203
v 7.9840441 24.5172501 -41.5489197
v 3.8222611 24.4818306 -35.7290611
v 4.6123428 13.3496399 -12.5215797
v 4.0962501 -0.0246760 27.9127998
v 4.5604839 -0.0246760 29.2033501
v -4.5116720 -0.0246760 44.3288612
v 15.0000000 29.0944691 -32.6210098
v -7.0000000 27.7377396 -79.3609009
v -5.5331082 27.0184593 -49.5565605
v 4.5847259 31.3929901 -47.3400917
v 12.4529495 32.5172501 -48.8070107
v -6.1495762 32.5172501 -46.7080994
v -12.7226000 32.5172501 -64.4840393
v -13.1540604 26.0742092 -86.6252136
v 10.1645498 31.1527996 -86.6252136
v -15.0000000 15.4258099 -12.0904303
v -15.0000000 14.7111101 -4.6165118
v -15.0000000 16.2412605 -5.4195209
v -15.0000000 26.3477993 -27.6699104
v -15.0000000 27.1068001 -34.1135483
v -15.0000000 31.1438999 -75.9923096
v -10.4025898 7.9753242 53.0562706
v -4.3731580 15.7653503 -3.0685830
v 11.9855299 25.8620796 -15.1844501
v -3.8541479 29.8337803 -22.6532307
v 10.5803204 31.3283691 -27.2915306
v -5.1896958 32.0822411 -30.9539204
v 8.5205269 24.5172501 -74.3116074
v 11.6861601 24.5172501 -64.7556381
v 7.3100209 24.5172501 -46.3944206
v -4.1290388 24.5172501 -39.4626617
v -8.7999239 24.5172501 -56.5568695
v -13.2804899 24.5172501 -50.6392097
v 11.1191101 15.8918600 -15.4726200
v -12.2851601 9.2592964 -7.7734809
v 11.1146402 0.0720490 11.7931404
v -4.6062431 -0.0148270 13.9587002
v 11.1509504 -0.0246760 44.4597893
v -8.7408743 -0.0246760 30.9989796
v 15.0000000 17.3401604 -13.8701296
v 7.0000000 29.9015503 -68.3504028
v -7.0000000 28.9041500 -85.2780838
v 3.9721060 27.1304493 -45.9083519
v 2.7624180 31.1160107 -43.0812111
v 12.8975000 32.5172501 -82.7732773
v 11.7319298 32.5172501 -65.8840790
v 11.8571501 32.5172501 -67.4479599
v 13.1258802 32.5172501 -64.9088821
v 5.3694320 32.5172501 -44.3638802
v -5.2372651 32.5172501 -43.8406105
v -10.1033297 32.5172501 -49.6473885
v -13.6026096 32.5172501 -57.3078194
v -8.1260881 29.0861492 -86.6252136
v 7.8976512 28.3367100 -86.6252136
v -15.0000000 16.1700897 -8.8409243
v -15.0000000 15.9488802 -10.2726297
v -15.0000000 19.1969395 -11.8124599
v -15.0000000 25.3539906 -30.9509296
v -15.0000000 28.7043495 -62.6658401
v -15.0000000 25.5888100 -59.1586800
v -3.1099379 7.9753242 47.6458588
v -5.9503441 7.9753242 51.3359718
v -10.1148596 7.9753242 43.8876190
v 0.4984470 8.1172037 11.8176098
v -2.9587419 8.7407341 8.4354334
v -1.6955630 10.1072197 4.7287450
v 0.9481660 10.9825401 3.0761991
v 0.9464090 12.0432396 1.4297791
v 3.4462690 17.4069500 -4.9741678
v 3.6038091 15.3520603 -2.5888350
v 1.3271420 32.3247604 -33.0245018
v 9.5472307 24.5172501 -56.8824806
v -8.3698521 24.5172501 -44.0530205
v -8.4449692 24.5172501 -42.9568405
v -10.2843103 24.5172501 -67.2388382
v -3.7784600 24.5083809 -36.5376396
v 4.9859800 24.3984795 -34.0805588
v -2.4368069 23.7072506 -29.7519703
v -0.7216900 21.5168800 -23.6012993
v -1.0843070 20.4437904 -21.5744705
v 0.6781110 19.4027195 -19.9129505
v 4.7072659 17.1917706 -16.9842606
v -0.3906770 4.3476949 -1.4159690
v -0.9476140 2.6932509 1.7209320
v -1.0491070 1.7296820 4.1000152
v -2.1728630 2.0826759 3.1458721
v 9.5168953 -0.0246760 32.5822182
v 11.1717100 -0.0246760 33.2397614
v -4.0392609 -0.0246760 52.8055191
v 15.0000000 11.3150797 -6.6078911
v 15.0000000 12.3556404 -9.4832439
v 7.0000000 25.7591209 -78.7157364
v 7.0000000 26.8446999 -72.2681580
v 7.0000000 29.3110905 -75.0791092
v 7.0000000 31.4791107 -66.7952194
v 7.0000000 31.4118404 -64.9735565
v 7.0000000 31.5901794 -59.3662109
v -7.0000000 31.3974094 -63.1374893
v -3.7986960 27.3310509 -45.5030785
v -1.4248821 30.6868706 -39.9552803
v 1.3279670 30.4218292 -39.7287788
v -1.2042520 29.2815895 -39.4396515
v 14.3237200 32.5172501 -80.5405426
v 12.7272196 32.5172501 -58.8961411
v 13.2113600 32.5172501 -57.8062515
v 11.7581501 32.5172501 -53.8844414
v 13.4502096 32.5172501 -40.4944115
v 12.6993599 32.5172501 -39.2019501
v 9.5221825 32.5172501 -39.2357483
v 7.9844680 32.5172501 -45.4933205
v 4.1073332 32.5172501 -42.0905304
v -1.2854760 32.5167007 -37.1933899
v -3.0212040 32.5172501 -40.1481400
v -4.0635109 32.5172501 -42.9355698
v -6.2245932 32.5172501 -45.2797012
v -6.0748200 32.5172501 -48.2202110
v -9.4425554 32.5172501 -38.8727989
v -11.5190001 32.5172501 -41.3460503
v -13.8567600 32.5172501 -60.8196106
v -8.7897882 32.5172501 -60.2202911
v -10.9552298 32.5172501 -68.4502106
v -9.2955303 32.5172501 -70.4354935
v -8.1493149 32.5172501 -78.8466721
v -8.1570158 32.5172501 -82.0355682
v -13.5858202 28.3440800 -86.6252136
v 13.7962904 25.5662994 -86.6252136
v 13.3268900 31.7994595 -86.6252136
v -15.0000000 4.5276728 14.3978395
v -15.0000000 5.9051299 9.5148687
v -15.0000000 6.3631549 -1.3146100
v -15.0000000 9.1247053 -5.5481148
v -15.0000000 14.0356302 -7.5433030
v -15.0000000 17.6321602 -10.8232498
v -15.0000000 23.6341496 -25.8249607
v -15.0000000 27.1241398 -26.6546803
v -15.0000000 31.1574097 -31.8296509
v -15.0000000 28.0089798 -35.5736389
v -15.0000000 28.8349209 -37.0041504
v -15.0000000 27.2824993 -62.4975700
v -15.0000000 3.3883910 8.9673948
v 11.9377403 0.8925390 64.1436005
v 13.5141497 5.1509662 64.1436005
v 12.0141802 4.4101572 64.1436005
v -10.4184399 2.0988081 64.1436005
v -11.5839901 5.7683401 64.1436005
v 10.4645500 7.9753242 53.6912498
v 8.5874615 7.9753242 27.9363899
v 0.4141880 7.9753242 24.6659698
v -5.7671132 7.9753242 15.3057098
v 2.7879541 7.9753242 16.6180706
v 11.0790005 7.9799032 14.5323496
v -12.2469301 9.4281368 6.3162670
v 2.5413561 11.4139299 2.3711810
v -2.5818300 13.8556604 -0.8517960
v 12.3962097 14.2373896 -1.2949150
v 4.1259952 18.2517109 -5.9547639
v -3.2754440 14.5003700 -1.6001821
v -0.8514710 13.7818203 -0.7660740
v -2.9746580 16.2196007 -3.5958769
v -14.1467304 19.1381397 -6.9837360
v 5.5174441 24.2857094 -13.0443001
v 13.6402998 25.5205402 -14.6899500
v 10.3079395 27.0090809 -16.9624004
v 1.9597950 27.1273994 -17.1627903
v 13.8238401 27.0534992 -17.0376205
v 12.5382605 27.3540401 -17.5466595
v 3.2282879 27.6600800 -18.0650806
v 10.3486004 28.3233395 -19.3192806
v 1.9747760 28.4667892 -19.6072102
v -12.8239899 29.1122093 -20.9246807
v 3.3229830 29.0372906 -20.7549191
v 10.3846302 29.4708405 -21.7730598
v 3.4128520 30.0860405 -23.2678108
v 10.3714800 30.4461498 -24.3194103
v 2.1188869 30.5409508 -24.6054802
v 12.3236704 30.7219906 -25.1517601
v -12.4124804 31.2017498 -26.7933807
v 2.9411399 30.9165993 -25.7455597
v 11.9339800 31.1243591 -26.4888897
v 4.6955762 31.7071705 -28.8731709
v 3.3663480 31.5934105 -28.3511200
v 13.3254299 31.6288300 -28.4918194
v -12.0086803 32.1463089 -31.3798008
v -12.2840796 32.4677505 -35.2336617
v -2.7924290 32.5084496 -36.4905815
v 8.9313736 24.5172501 -79.1442566
v 7.7381272 24.5172501 -78.9471893
v 8.0993099 24.5172501 -66.8645172
v 10.3134003 24.5172501 -59.8465195
v 12.2935200 24.5172501 -63.4000206
v 13.1121197 24.5172501 -78.9977875
v 11.2945004 24.5172501 -44.8436584
v 6.1396141 24.5172501 -47.6415291
v 10.5701704 24.5172501 -42.1710892
v 12.9108801 24.5172501 -37.9320183
v 9.3784657 24.5172501 -38.0333710
v -3.8631999 24.5172501 -42.6307297
v -13.9031496 24.5172501 -38.1945496
v -10.3668299 24.5172501 -42.2397499
v -8.0315599 24.5172501 -45.8676605
v -8.2293720 24.5172501 -53.9151993
v -10.9922895 24.5172501 -51.8022995
v -11.3287296 24.5172501 -58.4834099
v -12.8830404 24.5172501 -58.4279099
v -14.1480198 24.5172501 -81.4600601
v -4.5768080 24.4785004 -35.6448708
v 7.9069471 24.5163994 -37.1862297
v -7.1898541 24.3578396 -33.7489395
v 13.7589397 24.3262691 -33.4503403
v -3.9292631 23.0930901 -27.5289993
v 13.8814402 22.6694603 -26.3266907
v -3.8500450 21.3265991 -23.1871395
v 2.9636419 22.0368900 -24.7220306
v 4.9458642 21.5661602 -23.6998692
v -4.1323528 20.2308598 -21.1990509
v -4.3193421 18.7743702 -18.9858303
v -3.5243411 17.9121799 -17.8825798
v 5.2650552 16.2203197 -15.8539000
v 4.1046891 12.2981701 -11.3010302
v -3.9395289 13.2160597 -12.3665199
v 8.1961145 8.1577940 -6.4947090
v -14.0967503 11.4020100 -10.2607603
v -5.6787519 8.4950209 -6.8863068
v -9.6882372 6.0083370 -3.8726261
v 4.3416810 4.6664000 -1.9362561
v -12.2334204 3.3330309 0.3770710
v -2.9009919 3.7517600 -0.3811350
v 4.0061750 3.9971149 -0.8138960
v -4.6100569 2.7946351 1.5021390
v 3.0824020 3.0021060 1.0591030
v 4.5885859 2.8177431 1.4544590
v 2.9177170 2.0860400 3.1424320
v -13.6199598 0.4213440 9.0650969
v -3.7874360 0.4900390 8.7184782
v -2.5788479 0.6462650 7.9378982
v 10.0095701 0.2124370 10.5704403
v 2.8066299 0.0146720 13.1481800
v -4.8556619 0.0437780 12.4118004
v -10.0064096 -0.0188470 14.5569801
v 8.0758829 -0.0246760 20.1102009
v 11.0305099 -0.0246760 16.6183395
v 12.7925100 -0.0246760 27.5704403
v 13.6213198 -0.0246760 45.5320282
v 10.9653397 -0.0246760 40.3715897
v 10.9661798 -0.0246760 52.8114510
v 12.6948004 -0.0246760 53.2239494
v 6.6840110 -0.0246760 46.2076492
v 3.9008000 -0.0246760 40.5918083
v 5.5101399 -0.0246760 40.0766983
v -2.6975191 -0.0246760 22.0481606
v -0.3205610 -0.0246760 32.8869896
v 15.0000000 12.6976299 -2.0533240
v 15.0000000 12.7158203 -3.8638930
v 15.0000000 13.5865498 -11.2371197
v 15.0000000 14.9630899 -6.2932339
v 15.0000000 18.8858604 -13.2233896
v 15.0000000 21.9825001 -11.4189596
v 15.0000000 29.6653900 -38.0326614
v -0.3540630 31.6492500 -38.1176300
v 3.9530940 25.4674606 -45.8639183
v 4.5618792 25.1958103 -47.2867012
v 2.7468131 29.1741199 -43.0447388
v 2.2319691 30.5163498 -41.8415108
v 7.5638890 32.5172501 -42.1969795
v -6.8633881 32.5172501 -43.6485481
v -5.8221750 32.5172501 -42.5199203
v -8.8799200 27.9814796 -86.6252136
v 9.1220465 28.3423309 -86.6252136
v -15.0000000 28.2693596 -27.9736099
v -15.0000000 29.7882805 -31.9897003
v 8.1410446 9.8110056 5.3981161
v 5.0917678 10.9412003 3.1346149
v 5.2562280 11.6465702 2.0142970
v -7.1023650 12.5923100 0.6938670
v -7.6098619 18.9645805 -6.7822690
v 0.8669390 25.9090004 -15.2523899
v 0.7458400 27.3268108 -17.5005493
v 0.8092610 29.6534595 -22.2159405
v 0.7390550 30.5883198 -24.7484207
v 6.3075089 24.5172501 -44.0451698
v -7.5060358 24.5172501 -42.0937881
v -6.5831099 24.5172501 -43.4993401
v -8.4253607 24.5172501 -50.7880211
v 6.7178702 24.4979496 -36.1394196
v 4.9718971 23.5538101 -29.1528206
v -7.6996431 11.6344099 -10.5305300
v 6.9831452 -0.0013880 13.6460104
v 6.9650369 -0.0246760 31.0151291
v 15.0000000 12.7113400 -7.8793201
v 15.0000000 16.6755905 -10.0177803
v 15.0000000 22.8702393 -21.8202095
v 6.7562709 31.1363697 -53.0622101
v 7.0000000 25.9517708 -71.1256027
v 7.0000000 27.2054501 -67.2007828
v 7.0000000 31.2115898 -79.9638290
v 7.0000000 26.9001694 -57.8931808
v -7.0000000 31.0715103 -67.8992615
v -6.6761508 31.5967102 -52.6805992
v -4.4876661 25.4717102 -47.1132584
v -2.8509560 31.1473503 -43.2881317
v 3.9431250 31.0499992 -45.8406181
v 3.2985780 26.2553501 -44.3342590
v 3.0781901 27.3438797 -43.8191986
v 8.3730230 32.5172501 -77.7317734
v 11.3611498 32.5172501 -59.2400703
v 11.0826101 32.5172501 -51.7868996
v 12.8787699 32.5172501 -47.9224396
v 10.2236404 32.5172501 -40.6854095
v 5.1429548 32.5172501 -39.1130600
v -5.3628612 32.5098114 -36.5035591
v -5.0640941 32.5172501 -45.7352295
v -7.7393870 32.5172501 -44.6077194
v -10.9555597 32.5172501 -42.9938011
v -11.4260302 32.5172501 -72.1739120
v -7.9660711 32.5172501 -70.9117737
v -15.0000000 5.0850048 12.7734499
v -15.0000000 2.4484489 12.3686399
v -15.0000000 12.2377796 -4.7102299
v -15.0000000 13.8297501 -11.8113604
v -15.0000000 19.2400093 -17.5830097
v -15.0000000 23.2517796 -21.3966999
v -15.0000000 26.5596809 -25.6605492
v -15.0000000 26.7595291 -32.6787605
v -15.0000000 3.3571849 5.1005068
v -2.3642311 0.9798670 64.1436005
v -8.7343884 2.3978570 64.1436005
v -6.9833879 5.1516652 64.1436005
v -8.6579990 5.0248122 64.1436005
v -11.8990898 2.4863091 64.1436005
v -13.4568005 3.0890450 64.1436005
v 8.7947025 8.0346193 12.8103800
v 7.8374858 8.1786652 11.3221798
v 12.0769100 8.0882463 12.0272903
v 9.1062632 8.3165779 10.3600101
v -7.3420920 8.3983173 9.9559917
v 3.9613960 8.2718859 10.6272697
v 4.1415410 9.0140991 7.5376949
v 3.9875441 8.6376657 8.8563166
v 4.3640332 9.5871868 5.9342971
v -12.4987001 11.4181900 2.3644090
v 8.2200918 11.8075600 1.7718830
v 3.9568350 11.6368999 2.0289860
v -8.1543493 13.1370497 0.0016130
v 8.1786623 15.3624496 -2.6008940
v 7.5940380 20.2954197 -8.3271217
v 7.8878841 18.8390903 -6.6366072
v -6.8605690 14.7795601 -1.9242750
v -7.5975099 15.7855101 -3.0919831
v -7.2467942 16.8068199 -4.2775269
v -7.5211492 17.9996796 -5.6622119
v -14.0177298 15.8432503 -3.1590080
v 6.3790612 20.5802593 -8.6577682
v 7.2653050 21.3779602 -9.5837374
v 1.8373810 20.5625992 -8.6372604
v -8.7949562 22.3209209 -10.6783304
v -12.5114899 25.9051609 -15.2468204
v -8.0991583 27.6296291 -18.0134296
v -6.9596400 28.3868599 -19.4467602
v -9.0060720 28.9800701 -20.6378098
v -7.4156151 29.0613804 -20.8042393
v -8.7748470 31.4930000 -27.9393005
v 11.8021002 24.5172501 -45.9019699
v 13.7506905 24.5172501 -47.3535995
v 8.0136061 24.5172501 -47.6057281
v -4.6056991 24.5172501 -37.8520813
v -3.4414899 24.5172501 -40.9292183
v -10.7839699 24.5172501 -39.5537987
v -9.4456968 24.5172501 -39.8500900
v -12.6080799 24.5172501 -54.6281090
v -12.2962599 24.5172501 -48.3059692
v -12.7959099 24.5172501 -76.0580368
v -7.8623352 24.5172501 -64.6282272
v -10.0482101 24.2337494 -32.6624298
v -13.5333700 24.2224503 -32.5675507
v 11.8661499 24.3884792 -33.9900284
v -9.3573179 23.9689808 -31.0350208
v 6.6491570 24.1387806 -31.9857407
v 4.3744168 24.0971508 -31.6962509
v -13.9571896 23.9635601 -31.0053501
v 11.7769804 23.9683094 -31.0300503
v -7.0080819 23.7356205 -29.9090595
v 3.9295540 23.7892704 -30.1345100
v 8.3179045 23.5997696 -29.3323898
v 11.4727602 23.5314007 -29.0654202
v 4.3392191 23.0430698 -27.3676205
v 8.8668604 23.0934505 -27.5433598
v 9.2674112 22.5744801 -26.0704002
v -9.5396976 22.0204601 -24.6838608
v -6.8820310 22.1923103 -25.0994797
v 4.0362310 22.4788094 -25.8127708
v 8.1184807 22.5273304 -25.9441795
v 13.2739897 22.1499500 -24.9624195
v 11.6656904 22.0006809 -24.6381397
v -6.9232011 21.1513596 -22.8657207
v 6.0396490 21.0237103 -22.6144695
v 13.1221304 21.0381508 -22.6293793
v 11.6619596 20.9134998 -22.4077606
v 4.2063608 20.1500797 -21.0611897
v 4.0505052 19.3291702 -19.8034401
v 8.2163248 19.8655891 -20.6141491
v -9.2533474 17.7431107 -17.6698799
v 8.3476248 15.1880102 -14.6555796
v 9.0231857 17.1543598 -16.9411106
v -6.9418921 16.2198296 -15.8538198
v -7.6234159 13.5713396 -12.7789402
v -12.3891497 14.8772802 -14.2948799
v 6.4745169 9.9891634 -8.6207170
v -8.0915108 9.3007498 -7.8216038
v -8.2432041 8.2979870 -6.6575880
v -14.0788403 10.3019800 -8.9838409
v -9.5958471 7.2183008 -5.3977728
v 14.1049204 6.5423598 -4.5511870
v 6.6578331 5.6957030 -3.4457929
v 4.0254898 5.5480490 -3.2456059
v 7.8789978 4.0283661 -0.8694800
v 9.3356838 4.2412071 -1.2472080
v 3.6430449 3.4214909 0.2104710
v 9.7685204 2.8371840 1.4104900
v 13.0412502 3.1856470 0.6623620
v 11.2927504 3.2112730 0.6111290
v 3.7802160 2.4320810 2.2851329
v -13.8861399 1.6812730 4.2265358
v 8.5197153 2.2737269 2.6714900
v 6.6265488 1.3183620 5.3269649
v -6.4547620 1.0879370 6.1343789
v 8.3185110 1.2746360 5.4770060
v 12.7246799 0.9574480 6.5941119
v -7.0602031 0.5646730 8.3455734
v -10.0378304 0.4598320 8.8816528
v 5.3561769 -0.0071690 13.7658100
v 12.3271999 -0.0246760 46.7173882
v 8.8800163 -0.0246760 51.4184189
v 7.1413221 -0.0246760 40.4562111
v 9.2791433 -0.0246760 40.2481384
v -0.1165060 -0.0246760 26.5608997
v -1.4040951 -0.0246760 27.3837700
v -12.7360601 -0.0246760 27.4641304
v 15.0000000 4.9158568 15.5059204
v 15.0000000 5.9424300 11.2146502
v 15.0000000 8.4429884 4.0258231
v 15.0000000 9.8850603 -6.9328141
v 15.0000000 16.1498394 -11.6526899
v 15.0000000 18.3645096 -14.5568304
v 15.0000000 23.5961704 -14.7703199
v 7.0000000 27.8472996 -73.3567429
v -7.0000000 28.7435799 -67.0632172
v -5.8227620 32.5172501 -50.2334785
v -5.2045798 32.5172501 -48.7887383
v -4.5451870 32.5172501 -47.2476883
v -3.8857930 32.5172501 -45.7066307
v 3.8857930 24.5172501 -45.7066307
v 4.5451870 24.5172501 -47.2476883
v 5.4107108 24.5173492 -49.2704887
v 6.0251112 24.5176601 -50.7174416
v 1.7458590 29.5788193 -40.7054291
v 7.7469020 32.5172501 -83.8451767
v 9.8059177 32.5172501 -74.3125534
v 11.5923700 32.5172501 -72.0900269
v 13.7500000 32.5172501 -86.6252136
v 10.0167999 32.5172501 -64.4181137
v 9.7681751 32.5172501 -49.4916611
v 10.6475296 32.5172501 -46.6720581
v 9.4591427 32.5172501 -42.3498688
v 5.6294880 32.5172501 -42.2176514
v -10.6574898 32.5172501 -78.4810333
v -15.0000000 6.9581571 56.1862717
v -15.0000000 6.7636552 53.1343918
v -15.0000000 4.2271771 1.1712760
v -15.0000000 10.7786102 -5.1186600
v -15.0000000 11.6308498 -5.9431901
v -15.0000000 10.4259396 -6.6428542
v -15.0000000 11.3336496 -8.7463865
v -15.0000000 17.3851299 -6.3478699
v -15.0000000 22.7980595 -19.6504002
v -15.0000000 24.0802193 -16.9152603
v -15.0000000 24.3864307 -24.4246407
v -15.0000000 27.9421196 -41.8749084
v 9.2553129 2.4962950 64.1436005
v -5.2252159 5.4478898 64.1436005
v -0.5511710 7.9753242 52.7968102
v -6.1761470 7.9753242 52.9536781
v -2.3534911 7.9753242 18.1229897
v -0.6188020 8.0281429 12.9560003
v -14.0053701 7.9969072 13.6717701
v 13.5783396 8.0269651 12.9824400
v 0.0585760 8.8407841 8.1046104
v -2.9255681 9.7035646 5.6521149
v 0.8936450 10.3116102 4.3205099
v 4.1867661 14.7153597 -1.8497519
v -0.1394380 18.9967995 -6.8196721
v 0.0920160 20.4751492 -8.5357609
v -0.8254410 21.9822197 -10.2851696
v -12.1867304 18.0776997 -5.7527709
v 4.0888691 24.2237492 -12.9669800
v -10.0784702 27.3911400 -17.6095009
v -10.6148396 30.5137291 -24.5233002
v -9.4572382 32.4313011 -34.2709885
v 11.4826803 24.5172501 -52.2992706
v 8.4053507 24.5172501 -44.3035698
v 8.8613529 24.5172501 -39.7067795
v 4.8288908 24.5172501 -44.6754417
v 4.8278689 24.5172501 -43.2144814
v 11.2185602 24.5172501 -37.7424011
v -11.1174002 24.5153999 -36.9214401
v -14.0682201 24.5172501 -62.6095390
v -13.7116203 24.4071102 -34.1392899
v 7.0631199 24.4399395 -34.7291603
v 0.3296580 24.2672100 -32.9467888
v -3.0453939 24.2536793 -32.8301315
v -0.5840860 24.1431007 -32.0269203
v 1.4206010 24.0672092 -31.5765591
v -5.7391529 23.9557095 -30.9666195
v -4.1157031 23.5351696 -29.0772209
v -6.9274778 23.3736305 -28.5070992
v 13.4262800 23.1548805 -27.7363091
v -2.1768310 22.7253494 -26.4766903
v -4.4989600 22.8048191 -26.6906796
v -6.9849591 22.8290100 -26.7730408
v -5.2189221 22.0172405 -24.6765499
v -6.9159031 21.7320004 -24.0573502
v 13.6136999 21.5974007 -23.7671394
v -4.6636491 20.8944397 -22.3725891
v -1.2572850 19.0107403 -19.3344898
v 0.6529640 15.3090096 -14.7960396
v -0.1547960 11.6305304 -10.5260201
v 0.1094780 10.5621901 -9.2858877
v -1.6723779 7.5499878 -5.7891879
v -12.1185303 12.4906902 -11.5245104
v 13.6379204 3.8599250 -0.5730170
v -6.0240841 2.5037520 2.1303360
v 13.4005899 2.5146260 2.1053901
v -9.9881439 0.0250410 12.8858204
v 13.9730101 -0.0246760 39.7621803
v 15.0000000 14.1123896 -7.4248829
v 15.0000000 19.2867699 -11.7132101
v 15.0000000 28.5501003 -37.3319511
v 4.6303978 29.0197906 -47.4468307
v 4.8811388 28.0844994 -48.0328293
v 7.0000000 24.5172501 -76.8186035
v 7.0000000 24.5172501 -68.9732971
v 7.0000000 24.5172501 -57.4505196
v 7.0000000 32.5172501 -74.1217804
v 7.0000000 32.5172501 -66.2151871
v -6.9999008 31.7420292 -56.0619316
v -7.0000000 32.5172501 -61.9554405
v -7.0000000 31.5485191 -72.2745285
v -7.0000000 32.5172501 -80.7412415
v -7.0000000 31.7769394 -83.7061462
v -6.8233771 30.2858505 -53.4308395
v -5.7412438 25.6244392 -50.0429611
v -5.1612191 25.5903492 -48.6874008
v -3.4931910 28.4603291 -44.7890892
v -2.2851670 29.1535797 -41.9658394
v -1.1664850 31.7378101 -39.3516083
v -1.0009460 32.5172501 -38.9645004
v 2.8967030 32.5172501 -43.3950386
v 2.0334189 26.6084309 -41.3774796
v -2.4639771 24.5172501 -42.3837318
v 3.3912489 24.5172501 -44.5508308
v 2.8967030 24.5172501 -43.3950386
v 2.6452839 26.0076599 -42.8074608
v 1.6603400 24.5172501 -40.5055618
v 1.3512490 24.5172501 -39.7831917
v 1.1036080 25.6182003 -39.2044411
v 15.0000000 32.5172501 -81.7424011
v 15.0000000 32.5172501 -59.1838112
v 13.8711100 32.5172501 -51.6307297
v 15.0000000 32.5172501 -47.8556786
v 9.2806444 32.5172501 -46.4601593
v 13.8695602 32.5172501 -38.1324692
v 12.3545103 32.4454994 -34.6583786
v -1.6667989 32.4877892 -35.7972412
v -6.3495970 32.5172501 -40.8250504
v -13.7030401 32.5172501 -37.6790390
v -8.0091381 32.5172501 -51.7321281
v -15.0000000 32.5172501 -37.7482605
v -15.0000000 32.5172501 -45.0236511
v -15.0000000 32.5172501 -48.1486511
v -15.0000000 32.5172501 -59.3302917
v -10.4910297 32.5172501 -69.4350815
v -15.0000000 32.5172501 -69.1691589
v -15.0000000 32.5172501 -72.3918228
v -15.0000000 32.5172501 -75.2482605
v -8.0409184 32.5172501 -74.0614700
v -15.0000000 -0.0246760 54.4512215
v -15.0000000 3.7652349 40.9151917
v -15.0000000 -0.0246760 49.8125496
v -15.0000000 -0.0246760 40.5107918
v -15.0000000 -0.0246760 31.6240692
v -15.0000000 6.0378242 64.1436005
v -15.0000000 7.9753242 34.2607918
v -15.0000000 7.9753242 27.6201591
v -15.0000000 7.9753242 25.3252392
v -15.0000000 4.9287562 5.4997301
v -15.0000000 7.8203969 5.2838602
v -15.0000000 7.3136201 -5.4986839
v -15.0000000 8.5718956 -6.9677019
v -15.0000000 9.8967762 -8.5129166
v -15.0000000 11.1525402 -9.9711714
v -15.0000000 13.7418404 -2.1020689
v -15.0000000 14.4792404 -1.5756570
v -15.0000000 12.4025402 -11.4221802
v -15.0000000 13.6525402 -12.8731899
v -15.0000000 14.6278000 -10.6431398
v -15.0000000 14.9025402 -14.3241997
v -15.0000000 16.0451107 -15.6505098
v -15.0000000 15.3386097 -2.5732250
v -15.0000000 16.2761097 -3.6614830
v -15.0000000 17.5261097 -5.1124921
v -15.0000000 18.7761097 -6.5634999
v -15.0000000 19.7136097 -7.6517582
v -15.0000000 20.6511097 -8.7400150
v -15.0000000 21.9011097 -10.1910200
v -15.0000000 22.8386097 -11.2792797
v -15.0000000 25.5583706 -16.5861492
v -15.0000000 25.5223808 -32.8021011
v -15.0000000 24.5172501 -82.7677917
v -15.0000000 24.5172501 -72.3796082
v -15.0000000 24.5172501 -50.6877098
v -15.0000000 24.5172501 -46.8302917
v 7.7343750 -0.0246760 64.1436005
v -3.3039401 3.4629569 64.1436005
v -4.8271089 2.5546911 64.1436005
v -13.7695303 -0.0246760 64.1436005
v 12.1875000 7.9753242 64.1436005
v 8.3203115 7.9753242 64.1436005
v 2.5781250 7.9753242 64.1436005
v 1.5234380 7.9753242 64.1436005
v 12.1020098 7.9753242 22.3225098
v 1.8664401 7.9753242 60.9340591
v 13.7634802 7.9754100 14.7643604
v -0.9112340 7.9753242 18.2254601
v -14.2766800 7.9753242 15.1940603
v 13.7242603 8.7278814 8.4741306
v 13.4892397 9.8788738 5.2374620
v 13.5326996 11.1862001 2.7224970
v -0.0138420 12.9466200 0.2434420
v 14.9999905 13.5011301 -0.4402650
v 10.8024302 22.0454807 -10.3586197
v 11.4920902 23.3352394 -11.8663301
v -13.6812801 23.5691204 -12.1506500
v 9.1179075 31.7431107 -29.0662899
v 8.4643679 32.4770813 -35.4958305
v 11.4119701 24.5172501 -73.4218903
v 10.3026505 24.5172501 -62.5786285
v 11.4202604 24.5172501 -58.5127106
v 14.0693102 24.5172501 -71.4732208
v 15.0000000 24.5172501 -63.4806786
v 15.0000000 24.5172501 -52.8361511
v 15.0000000 24.5172501 -38.2609596
v 9.7718477 24.5172501 -48.3237114
v 7.5389791 24.5172501 -50.7610207
v 6.1111002 24.5172501 -39.3389015
v -7.6380501 24.4988308 -36.1663284
v -12.5957699 24.5172501 -40.3693390
v -11.0853996 24.5172501 -47.7202911
v -11.9947901 24.5172501 -53.0900307
v -11.5114098 24.5172501 -50.4926414
v -14.0935898 24.5172501 -57.6232109
v -13.8698397 24.5172501 -78.2000198
v -4.2608180 24.4312496 -34.5948181
v -11.0570698 16.1734600 -15.7998104
v 0.5126320 16.3959599 -16.0577793
v 15.0000000 16.5431595 -16.2286491
v 8.6534185 7.1348410 -5.2907119
v 2.7588530 8.3473988 -6.7149448
v -8.2423182 7.5366378 -5.7737460
v 14.0619602 5.6271238 -3.3633909
v 13.8133097 0.3937530 9.2054367
v 12.4163399 0.3591610 9.4126234
v -13.8946505 0.1519410 11.1601105
v 7.2959590 0.0555250 12.1552801
v 10.2469797 0.0268290 12.8405800
v -13.1141195 -0.0235280 14.5929203
v -11.5084801 -0.0102520 13.8641701
v -1.1241339 -0.0011910 13.6273403
v 15.0000000 -0.0246760 31.3799305
v 15.0000000 -0.0246760 34.2607918
v 15.0000000 -0.0246760 37.0317802
v 15.0000000 -0.0246760 40.6084404
v 15.0000000 -0.0246760 50.2519989
v 15.0000000 -0.0246760 61.9951591
v -8.5086946 -0.0246760 24.6583996
v 15.0000000 7.1279449 31.1857605
v 15.0000000 6.7354231 15.6212196
v 15.0000000 6.9976511 11.3221302
v 15.0000000 4.2692528 9.1119499
v 15.0000000 15.1547203 -10.8409100
v 15.0000000 25.8506203 -32.9701195
v 15.0000000 27.0151196 -28.7539101
v 15.0000000 27.8652992 -31.5379906
v -11.8767300 13.1834002 -0.0536410
v -5.5840969 -0.0246760 23.9188709
v 15.0000000 6.1515040 44.5869789
v 0.1273320 0.7701930 7.3699932
v -10.0378904 -0.0246760 43.8962784
v -10.2089005 32.5172501 -67.1189880
v -13.7178297 32.5172501 -73.8977814
v 12.7233000 7.9753242 57.6928711
v 2.4820840 7.9753242 49.4167709
v 1.4942840 7.9753242 23.7049904
v -12.7045202 7.9753242 31.1114407
v 13.3859196 8.3967533 9.9349642
v 7.9477048 24.5172501 -80.4264679
v -1.8645051 -0.0246760 19.3346596
v -2.3066800 -0.0246760 32.0317192
v 3.2541521 -0.0246760 47.6181602
v 9.2975922 -0.0246760 60.6961288
v 1.6968420 -0.0246760 60.5507011
v -11.6936598 -0.0246760 47.6050682
v -5.7732978 -0.0246760 60.5059891
v 2.9729879 -0.0246760 29.3782902
v 11.1490698 32.5172501 -56.6828499
v 8.3385525 7.9753242 56.9351501
v 1.9827350 7.9753242 36.9716110
v -9.3858433 7.9753242 26.4661198
v 4.7515802 8.0938072 11.9863997
v -7.4670162 11.7690201 1.8277130
v 5.6462989 21.4413204 -9.6572933
v 9.1386805 31.3490295 -27.3728294
v -10.4099197 19.0607395 -19.4068394
v -6.4718099 3.7621150 -0.3996620
v -6.1583552 -0.0246760 25.6708107
v 6.6271982 -0.0246760 59.8264503
v -8.5421152 -0.0246760 60.2188797
v 8.4698467 32.5172501 -85.8247833
v -13.9889297 32.5172501 -59.2558289
v -8.4000349 9.8795843 5.2357669
v -9.3376532 11.8091698 1.7647570
v -8.1561699 11.1204700 2.8457770
v 9.6925592 11.5430202 2.1729660
v -1.5595551 24.9398804 -13.8667603
v -1.4388150 26.7042198 -16.4460392
v -1.6426780 27.9876308 -18.6454697
v -1.5339980 30.2511005 -23.7308407
v -1.4702940 31.0466805 -26.1832695
v 5.9643979 32.2781982 -32.5896492
v 9.1423302 21.4663391 -23.4848499
v 9.7921610 3.3580551 0.3280220
v 8.7870474 1.7141150 4.1380920
v 9.7881813 -0.0246760 37.4944191
v -4.7598181 -0.0246760 41.0390091
v -0.8479850 -0.0246760 59.7643509
v -8.3705215 -0.0246760 40.6451111
v 7.0000000 26.6946602 -74.6671371
v -13.8685799 32.5172501 -44.2374496
v -10.4312897 32.5172501 -65.8672104
v -8.8366203 32.5172501 -66.2020264
v -8.2151623 32.5172501 -75.4886475
v -15.0000000 23.3776608 -23.3221493
v -2.3593540 4.1446509 64.1436005
v 13.5595102 7.9753242 22.0914097
v -1.8852410 7.9753242 61.7115517
v 5.4125409 7.9753242 43.6494217
v 3.7728369 7.9753242 21.1513691
v -1.0012380 7.9753242 21.0397701
v -12.9142303 7.9753242 34.9303589
v 0.1419750 7.9753242 16.9729404
v -8.2468882 15.1598396 -2.3657000
v -13.3219900 14.8848696 -2.0465140
v -2.3311710 17.9700508 -5.6278229
v -6.2600789 18.1017895 -5.7807369
v -13.7750902 16.7419205 -4.2021928
v 0.6102810 22.7822094 -11.2138100
v -7.2829752 21.8534508 -10.1357002
v 5.7781010 25.2254906 -14.2641602
v -6.7216878 32.3616409 -33.3752708
v 11.1557302 32.4504509 -34.7483406
v 9.8531761 24.5172501 -58.3070183
v 14.0680904 24.5172501 -51.7726288
v -10.2916498 24.5172501 -43.9152298
v 8.6958237 24.4012794 -34.1689110
v 11.6792803 18.4640198 -18.5776691
v 13.6692801 8.3348684 -6.7004032
v 9.8327551 9.6401091 -8.2155333
v -13.8898401 15.5002003 -15.0179701
v -2.6734281 12.5668497 -11.6129198
v -6.6482849 12.2870598 -11.2881298
v -11.0958204 7.7447801 -6.0153680
v -7.0281839 0.1357320 11.2167501
v 9.3169575 -0.0246760 22.1405907
v 5.8899088 -0.0246760 16.9860992
v 9.7826004 -0.0246760 41.7697411
v 2.2689631 -0.0246760 40.5625305
v -0.1765230 -0.0246760 17.8630505
v -0.2962920 -0.0246760 23.4103203
v -8.2504339 -0.0246760 22.4585495
v -13.4014196 -0.0246760 18.6346703
v -5.8080778 -0.0246760 31.5202503
v 1.9256690 -0.0246760 44.4140015
v 1.7462590 -0.0246760 50.5435791
v 9.4543362 -0.0246760 56.8593788
v 1.8572520 -0.0246760 56.9112892
v 5.2368460 -0.0246760 62.7789803
v -13.0191803 -0.0246760 50.6410789
v -5.5321898 -0.0246760 56.9414215
v -2.3396990 -0.0246760 62.6908798
v -13.0409803 -0.0246760 56.9071999
v 15.0000000 26.6709099 -30.5941296
v -7.0000000 30.6822300 -82.9165802
v 4.2490458 -0.0246760 30.0527706
v 7.0000000 27.5987396 -60.6590996
v 9.5327158 32.5172501 -56.3799896
v 7.2571368 32.5172501 -50.2329407
v -9.1109200 3.7148020 64.1436005
v 6.0236630 7.1253810 64.1436005
v 6.0355358 7.9753242 31.0935097
v 3.5258310 7.9753242 30.2096405
v -11.0567799 7.9753242 21.5888309
v 9.5871840 27.8063202 -18.3192692
v 9.5913944 29.0235004 -20.7319908
v 9.5929251 30.0659294 -23.2249203
v 9.5915937 30.9389095 -25.8214893
v 11.4407902 31.7045403 -28.8522091
v 9.4829378 15.1785803 -14.6446304
v 10.7480898 11.1133499 -9.9256773
v -10.7004204 9.6257610 -8.1988783
v 12.4559803 -0.0227980 14.5822401
v -4.4616442 -0.0246760 25.7526093
v -5.9967551 -0.0246760 22.6768303
v 15.0000000 27.3728199 -80.5621719
v -7.0000000 25.6588097 -67.8261414
v -7.0000000 26.7619991 -63.3308792
v -7.0000000 28.2720203 -60.4856606
v -7.0000000 29.3186893 -76.5863800
v -15.0000000 1.2503060 34.2586288
v -15.0000000 11.1270800 -0.0260030
v -15.0000000 30.8191204 -66.5501328
v -2.5615759 7.9753242 26.8083897
v -4.2237840 7.9753242 15.6209402
v -0.1198440 7.9818492 14.2174997
v 0.2006690 8.3076658 10.4517298
v 1.9610840 17.4132195 -4.9814448
v -10.9288502 18.6012802 -6.3605528
v 1.9152250 13.1057997 -12.2385302
v -3.2308190 9.2172394 -7.7246652
v -10.8632498 11.9347496 -10.8791599
v 2.6694231 0.7328040 7.5206981
v -8.6018724 0.1794140 10.8477697
v -2.9505270 -0.0246760 54.0764313
v 15.0000000 4.1261520 33.6107216
v 15.0000000 3.4155569 21.5351696
v 15.0000000 29.1624508 -68.5509262
v 15.0000000 28.7088795 -79.4856567
v -7.0000000 25.5858593 -58.8776093
v -7.0000000 31.4261208 -61.9759293
v 14.1791897 32.5172501 -67.9770203
v -13.2397900 32.5172501 -79.9134369
v 11.0519104 29.5268803 -86.6252136
v -15.0000000 7.1415610 17.8316708
v -15.0000000 4.4887648 17.2860394
v -15.0000000 6.4775271 62.8358612
v -15.0000000 5.7232728 59.3112106
v -15.0000000 5.3646960 33.1478195
v -15.0000000 31.6597004 -44.4652786
v -4.3876748 4.1773701 64.1436005
v 11.8997698 7.9753242 28.9259109
v 6.5891371 7.9753242 53.9271088
v 4.6570778 7.9753242 58.9717293
v 1.3878460 7.9753242 50.5004692
v 10.5902500 7.9753242 20.2438698
v -1.1544141 7.9753242 26.0961494
v -5.1086659 7.9753242 19.4760399
v 12.0932798 16.2023506 -3.5758600
v 12.0246897 18.4810200 -6.2209482
v 11.8770103 21.1771107 -9.3505974
v -1.5095220 14.5817099 -1.6946100
v -4.9973512 17.6583004 -5.2659378
v -13.7620497 17.9757595 -5.6344390
v 3.1849899 20.0019608 -7.9864712
v -12.1297102 20.4906902 -8.5537920
v -12.4775000 24.2703896 -13.0251799
v -11.0311298 24.8621407 -13.7672997
v 12.5694199 24.1254902 -12.8443604
v 10.2881899 24.7707405 -13.6503000
v -4.5185790 25.4025803 -14.5191698
v -13.0143805 26.7032909 -16.4471092
v -2.1956279 27.4424305 -17.6963692
v 11.7131004 26.8150692 -16.6337891
v 11.8369398 28.1685791 -19.0086594
v -10.9890804 29.9552498 -22.9487896
v 12.1956596 29.3894596 -21.5757008
v -2.2500250 30.7076397 -25.1084499
v -11.3681402 31.3356609 -27.3202095
v -10.5286303 31.9258709 -30.0829296
v 12.7687502 31.9072495 -29.9792709
v -2.1303549 32.1534309 -31.4454803
v 12.0375795 32.1921997 -31.7864704
v 7.7994218 24.5172501 -63.4410896
v 12.6429996 24.5172501 -61.8439903
v 13.5729599 24.5172501 -80.3743134
v 14.3180799 24.5172501 -79.9328995
v 13.1474800 24.5172501 -77.6038971
v 13.8290501 24.5172501 -56.0673409
v 14.1608200 24.5172501 -53.2397804
v 13.3576498 24.5172501 -41.9468002
v 9.1676102 24.5172501 -45.2919617
v 12.0332899 12.0289602 -10.9885302
v 11.8473196 9.4218454 -7.9621720
v -4.2544599 12.2745199 -11.2735796
v -13.9628496 13.1449900 -12.2840204
v 2.6352620 10.5113297 -9.2268496
v -12.5382700 9.9908104 -8.6226301
v -12.2237101 7.4459229 -5.6660342
v -12.3407402 6.6511989 -4.6881118
v 2.5397770 4.0066051 -0.8328340
v -14.1631899 2.5662000 1.9942760
v -2.5587261 -0.0212050 14.5312796
v 12.2437897 -0.0246760 29.1825008
v 4.1018448 -0.0246760 17.4648705
v 14.0340996 -0.0246760 43.9592285
v 11.8552103 -0.0246760 54.0086784
v -10.4192495 -0.0246760 17.5565109
v -4.9120240 -0.0246760 33.9200592
v -11.6757002 -0.0246760 37.9557610
v 3.2966001 -0.0246760 50.4957809
v -11.6374598 -0.0246760 50.3431816
v 15.0000000 4.0706248 31.6319294
v 15.0000000 27.0447807 -66.3346634
v 15.0000000 29.3568897 -39.3027306
v 15.0000000 29.8226891 -54.7564201
v 9.8238239 32.5172501 -62.7960014
v -10.4081898 32.5172501 -80.9298172
v -15.0000000 6.6665831 50.2500992
v -15.0000000 29.8488197 -65.6285934
v 6.1747961 2.1865561 64.1436005
v -3.7958541 7.9753242 35.0374985
v -8.0141010 7.9753242 29.6078205
v -11.3470402 7.9753242 34.8461990
v -4.8716602 12.6457701 0.6254870
v 4.1259561 16.2520695 -3.6335771
v 5.6026092 16.3145103 -3.7060580
v -6.4519758 19.0543003 -6.8864160
v -6.6197271 23.3830700 -11.9188499
v 6.0687861 31.9263000 -30.0853596
v 9.9129829 24.5172501 -84.5189438
v -10.7688704 24.5172501 -77.9532928
v 5.2525902 23.8223705 -30.3001194
v -6.5509539 17.9056702 -17.8743801
v 3.4719751 14.4536104 -13.8030796
v 5.0567069 14.4783897 -13.8318396
v -2.9108560 10.7897196 -9.5500088
v 5.1378188 6.2413011 -4.1722860
v 3.9663689 -0.0246760 32.4238892
v 15.0000000 5.6671128 54.0709686
v 15.0000000 28.5261593 -73.0840912
v 7.0000000 31.6667595 -78.5975418
v -7.0000000 26.1435699 -78.4820786
v -11.0823202 32.5172501 -64.5204468
v -9.8951359 27.0852299 -86.6252136
v -15.0000000 2.2449639 21.6260891
v -15.0000000 2.1259489 18.8699608
v -15.0000000 5.1162128 52.4233093
v -15.0000000 26.5774498 -82.0857162
v -15.0000000 28.3906307 -76.1700363
v 9.8833256 7.9753242 41.6442909
v -8.0391350 7.9753242 58.9851799
v 5.2391558 7.9753242 21.2462997
v -10.9348001 7.9753242 20.2903404
v 6.4399152 7.9753242 16.9662704
v 4.6241131 7.9939108 13.9617500
v -13.4050303 8.9338579 7.7835231
v 7.4945831 8.8216457 8.1740179
v 7.0274611 9.6636000 5.7469769
v 7.2022429 10.4712496 4.0106111
v 12.0711803 10.1711102 4.5808811
v 12.2074604 11.6408005 2.0230191
v 12.1675596 20.1876602 -8.2020330
v -2.1468890 15.3939896 -2.6375029
v -5.4422588 15.2331400 -2.4507849
v -13.7537098 20.6419201 -8.7293453
v 6.3273020 23.3163700 -11.8402395
v 12.0953903 24.9274006 -13.8512602
v -8.0245199 26.0556908 -15.4647703
v -13.4378996 28.3179302 -19.3084106
v -11.8157196 28.5723991 -19.8191795
v 12.7833405 28.7381001 -20.1517696
v -13.9255600 29.0308495 -20.7477093
v -8.0726767 32.5097809 -36.5158806
v 10.1995802 24.5172501 -74.4178314
v 10.7114801 24.5172501 -63.6947899
v 13.2220001 24.5172501 -69.9555893
v 12.8588600 24.5172501 -44.6953316
v -3.0613730 24.5172501 -38.0156708
v 3.6610639 24.3834801 -33.9309196
v -7.5603461 24.0198803 -31.3057709
v 8.8745461 23.8756294 -30.5660191
v 13.3811302 23.6008701 -29.3120403
v 7.4502101 23.2845097 -28.1927204
v 7.1921840 22.8410301 -26.8035507
v 8.4061794 21.9512596 -24.5300198
v 13.2020702 19.7494793 -20.4291191
v -12.5978498 18.6091805 -18.7651691
v -13.5315504 17.8725109 -17.8326607
v 12.0786200 10.7541199 -9.5086889
v -1.9590210 15.0053797 -14.4435797
v -11.5285101 13.4783602 -12.6710100
v 6.1104870 9.1279402 -7.6210041
v 7.4351521 8.6239738 -7.0359960
v 8.8264093 5.5771542 -3.2837880
v 12.4949999 4.6903601 -1.9755690
v -8.8421354 4.8813009 -2.2591980
v -12.4550600 4.1095901 -1.0157410
v -10.2969103 3.2482440 0.5485320
v -7.4109139 3.1893721 0.6842960
v 8.2337875 2.8627820 1.3553540
v -8.7353888 1.4346870 4.9664950
v 4.7668562 0.6696680 7.8311591
v -8.4078789 0.0482340 12.3012400
v -2.8351409 -0.0246760 26.5521107
v -3.8458221 -0.0246760 21.1502895
v 7.5619969 -0.0246760 52.2786102
v 7.6721978 -0.0246760 55.4114189
v 6.7959270 -0.0246760 62.1000290
v -7.3313131 -0.0246760 55.4221802
v -8.3096209 -0.0246760 61.6934509
v 15.0000000 6.5240970 49.8734894
v 15.0000000 6.1812682 46.2721291
v 15.0000000 6.7174768 43.3983307
v 15.0000000 5.9626470 25.7856407
v 15.0000000 1.5657730 26.2415199
v 15.0000000 26.2927399 -20.7587509
v 15.0000000 26.0397091 -72.4364471
v 15.0000000 28.0703201 -76.3584137
v 7.0000000 26.0145493 -77.3565369
v 7.0000000 28.4728794 -79.5225372
v 7.0000000 28.8250504 -85.3459930
v 7.0000000 29.2187500 -65.4062271
v 7.0000000 28.3618393 -63.0792885
v -7.0000000 25.5510998 -69.7105179
v -7.0000000 28.2287006 -57.5419006
v -7.0000000 28.3313103 -77.2624512
v 8.1497746 32.5172501 -82.3930435
v 10.0232201 32.5172501 -85.5186615
v 10.2109499 32.5172501 -77.0472717
v 12.2478600 32.5172501 -84.0365372
v 10.5310698 32.5172501 -68.3070679
v 11.9849997 32.5172501 -69.1392899
v 9.7103605 32.5172501 -66.5341873
v 12.4024601 32.5172501 -62.8926506
v -11.0510197 32.5172501 -75.0848312
v -11.7237301 32.5172501 -83.9079895
v -9.3622818 30.3815804 -86.6252136
v -10.6469498 30.0706291 -86.6252136
v -15.0000000 3.1433730 39.3079414
v -15.0000000 7.9753242 57.5029793
v -15.0000000 6.4376612 40.2432594
v -15.0000000 5.2122192 41.3411903
v -15.0000000 6.5940042 4.4458208
v -15.0000000 27.9880295 -32.8396301
v 1.7149860 3.8064649 64.1436005
v 4.8985190 1.4110970 64.1436005
v -1.6406250 7.9753242 64.1436005
v -3.6187761 7.9753242 56.5101089
v -1.8110960 7.9753242 52.1279488
v -1.6349440 7.9753242 34.5932693
v -4.2955642 7.9753242 44.0893784
v -6.5060730 7.9753242 40.3431396
v -9.0491800 7.9753242 40.2962494
v -7.4989171 8.1142778 11.8566399
v -12.5993099 8.1308317 11.6814203
v -2.5931039 9.2097111 6.9281478
v 12.4223900 17.3666401 -4.9273791
v -4.8520861 20.6973991 -8.7937374
v -6.4197040 20.7902203 -8.9014864
v -10.1830196 19.6850300 -7.6185842
v -2.0363431 23.3850307 -11.9263802
v -0.1931260 23.6379509 -12.2360897
v -8.0019941 23.8695393 -12.5249596
v -8.2111454 25.3524609 -14.4466105
v -11.1442404 25.5971298 -14.8008499
v -12.3004398 30.6588707 -24.9612808
v 12.0541201 32.3534889 -33.3308296
v 10.6748505 24.5172501 -81.2235794
v 10.4108400 24.5172501 -77.8600235
v 8.9832487 24.5172501 -77.7736969
v 11.5204897 24.5172501 -55.0023499
v 12.8475304 24.5172501 -48.8162804
v -9.6754103 24.5172501 -60.5373802
v -10.4546604 24.5172501 -65.2801132
v 0.8070570 24.4136391 -34.1972389
v 2.3325970 24.4423695 -34.7322693
v -1.7050010 24.3382397 -33.5400009
v 1.9961090 24.3038692 -33.2513199
v 12.2808599 23.7637691 -30.0101109
v 12.6238098 22.6197205 -26.1923599
v -10.9514198 21.6001205 -23.7729893
v -12.0387001 21.8903008 -24.3981495
v -11.3054399 20.4188709 -21.5294895
v -12.1460400 21.1255493 -22.7909908
v -13.5063601 19.4674892 -20.0088196
v -2.7596910 18.7104092 -18.9023800
v 12.8537102 13.1094799 -12.2427998
v -5.7364612 9.5165052 -8.0720530
v -10.2098598 10.8250103 -9.5909758
v -0.5575380 6.4638500 -4.4524179
v 12.8160295 5.9547639 -3.8107331
v -0.8363360 5.6598859 -3.3976150
v -12.5074596 5.0630870 -2.5292361
v 12.0337200 3.9289491 -0.6951980
v 13.9785299 0.9565270 6.5973558
v 8.6329937 -0.0246760 34.8918991
v 10.5585699 -0.0246760 31.5667496
v 5.3077049 -0.0246760 37.1187401
v 6.3662639 -0.0246760 26.1625996
v 4.4027791 -0.0246760 26.0301704
v 1.4580530 -0.0246760 26.4288006
v -0.0001710 -0.0246760 42.7563782
v -0.3904420 -0.0246760 55.4494896
v -0.1999220 -0.0246760 58.2264290
v -0.7358090 -0.0246760 62.0901604
v 15.0000000 4.4728489 59.5681114
v 15.0000000 5.0079732 62.5830612
v 15.0000000 2.4160900 31.3193607
v 15.0000000 21.9579105 -21.1412792
v 15.0000000 28.6427708 -53.5144081
v 15.0000000 29.7278595 -64.7193680
v 15.0000000 30.2081509 -63.0683517
v 7.0000000 25.6342907 -56.1824608
v 7.0000000 25.3279495 -66.1470795
v 7.0000000 26.9826698 -76.3070984
v 7.0000000 28.8750992 -74.0508728
v 7.0000000 30.3857002 -84.9864273
v 7.0000000 30.5490208 -72.4600677
v 7.0000000 32.5172501 -69.7087936
v 7.0000000 32.5172501 -68.1152191
v 7.0000000 32.5172501 -58.3545685
v 7.0000000 31.4148502 -57.7018013
v -7.0000000 24.5172501 -58.1247292
v -7.0000000 24.5172501 -60.8828392
v -7.0000000 24.5172501 -65.7248535
v -7.0000000 24.5172501 -73.7540283
v -7.0000000 26.3187408 -72.4114380
v -7.0000000 28.7080708 -59.0497818
v -7.0000000 31.4976807 -64.5525513
v -7.0000000 30.2799492 -72.9484100
v -7.0000000 30.1004791 -78.7648697
v -7.0000000 31.6252594 -77.1568832
v -7.0000000 31.5949097 -85.1654129
v -7.0000000 27.4188099 -76.0394211
v -7.0000000 28.8143196 -78.5147324
v -7.0000000 26.4244404 -83.8201523
v -7.0000000 27.3057308 -85.0764618
v -2.2985809 30.4189396 -41.9971809
v 9.6713591 32.5172501 -71.1724167
v 8.3964710 32.5172501 -61.8188705
v 10.3435802 32.5172501 -69.5905838
v 11.2493200 32.5172501 -70.9145432
v 12.9255505 32.5172501 -78.2357864
v 14.1699400 32.5172501 -76.0691833
v 12.5967102 32.5172501 -70.9070816
v 13.6134300 32.5172501 -66.4012299
v 14.1566696 32.5172501 -53.4132614
v -2.2836330 32.5172501 -38.8583794
v -13.5709896 32.5172501 -54.2810402
v -11.8131104 32.5172501 -69.2433014
v -13.8035698 32.5172501 -85.6056976
v -14.0430803 32.5172501 -84.0154266
v -13.3068705 32.5172501 -78.1423492
v -8.0804348 32.5172501 -69.2452927
v -15.0000000 -0.0246760 47.9326591
v -15.0000000 4.6276140 22.4922295
v -15.0000000 4.9400301 18.8043098
v -15.0000000 -0.0246760 34.8955498
v -15.0000000 1.2816460 32.6326790
v -15.0000000 3.1015301 13.8053198
v -15.0000000 4.9329400 62.4955711
v -15.0000000 7.9753242 30.8916492
v -15.0000000 7.9753242 21.9072704
v -15.0000000 32.5172501 -80.6681824
v -15.0000000 31.2960205 -81.5635376
v -15.0000000 32.5172501 -78.9653015
v -15.0000000 28.9780293 -80.8447037
v -15.0000000 32.5172501 -66.1174011
v -15.0000000 31.2912903 -65.0786133
v -15.0000000 29.4050102 -83.9907074
v -15.0000000 28.6484108 -74.4931564
v -15.0000000 27.3053799 -69.3037872
v -15.0000000 32.5172501 -46.5861511
v -15.0000000 32.5172501 -42.9728699
v -15.0000000 30.0618191 -44.7760010
v -15.0000000 29.5817909 -58.6967392
v -15.0000000 28.3370800 -60.8354912
v -15.0000000 28.4124508 -45.5326118
v -15.0000000 27.6506805 -63.9535103
v -15.0000000 26.5235901 -64.0752563
v -15.0000000 25.6170998 -77.0893173
v -15.0000000 24.5172501 -60.5021706
v -15.0000000 24.5172501 -52.7384911
v 11.8397503 2.6229510 64.1436005
v 6.2109380 -0.0246760 64.1436005
v 1.7578120 -0.0246760 64.1436005
v -3.9843750 -0.0246760 64.1436005
v -5.7421880 -0.0246760 64.1436005
v -8.6718750 -0.0246760 64.1436005
v -10.5468798 -0.0246760 64.1436005
v -14.0557699 1.3797780 64.1436005
v -8.3228016 6.4656310 64.1436005
v -11.2995300 6.8386278 64.1436005
v 6.9140620 7.9753242 64.1436005
v 5.7421880 7.9753242 64.1436005
v 6.9919109 7.9753242 49.0938187
v 6.4047489 7.9753242 42.7332687
v 6.9494748 7.9753242 44.1870995
v 2.2631950 7.9753242 55.8233795
v -8.7135134 7.9753242 51.0741310
v 2.5452800 7.9753242 54.0384293
v 3.7300789 7.9753242 41.5550499
v 2.4942429 7.9753242 42.5172882
v 9.6411333 7.9753242 17.6126900
v 7.0126801 7.9753242 18.3911896
v 4.3099542 7.9753242 24.8971405
v 4.7955942 7.9753242 19.8188305
v 3.1043019 7.9753242 19.7130909
v -0.6215020 7.9753242 24.9812908
v 1.0624770 7.9753242 20.1859703
v -0.5509290 7.9753242 19.6667995
v -14.0829697 7.9753242 34.1089096
v -12.5330200 7.9753242 22.6649704
v -13.7411098 7.9753242 21.4026604
v -8.9906206 7.9753242 16.5952892
v 3.3339100 8.0068798 13.4423599
v 13.7236004 9.4103451 6.3500690
v -4.2791572 9.8163729 5.3860278
v 10.8935099 11.0756798 2.9173560
v 3.8730690 13.9977198 -1.0167050
v 9.5605402 13.5780201 -0.5288630
v 6.1596799 13.2813902 -0.1762350
v 2.6854191 13.5168400 -0.4563560
v 13.3878098 22.3439598 -10.7050800
v 9.9516897 21.4937801 -9.7181845
v -4.5001378 13.7160101 -0.6896820
v -0.6435050 18.0774403 -5.7524819
v -9.5246840 13.7467499 -0.7253120
v 5.0614071 23.2775192 -11.7952700
v -13.3942003 19.7403202 -7.6827559
v -7.8557310 22.9511204 -11.4101105
v 1.0146400 24.2440796 -12.9923496
v 12.9576797 23.0885296 -11.5737305
v 4.8800240 25.9724903 -15.3443003
v 5.9413242 26.8489895 -16.6912708
v 5.0891628 27.9755192 -18.6315193
v -9.3220577 30.1430702 -23.4175491
v 5.2339740 30.2125607 -23.6268692
v 5.3827248 31.0308704 -26.1423206
v 4.9544458 31.4607506 -27.8123894
v 1.1492760 32.1554184 -31.4466496
v -13.8010302 32.4500694 -34.7483711
v 9.6869240 32.4401207 -34.4568481
v 3.8022809 32.4820518 -35.6443100
v 13.7747297 24.5172501 -84.1376572
v 8.6473989 24.5172501 -62.5223007
v 12.1184597 24.5172501 -66.0920029
v 14.3150396 24.5172501 -81.4857330
v 14.3219805 24.5172501 -76.9110565
v 14.2354002 24.5172501 -69.0829391
v 11.7908497 24.5172501 -50.5413208
v -14.0961905 24.5172501 -79.6010208
v -14.1313496 24.5172501 -75.2103119
v -11.0736198 24.5172501 -69.0340500
v -7.8245111 24.5172501 -66.3716812
v -7.8964949 24.5172501 -67.7705994
v -2.6569960 23.3092995 -28.2802792
v 10.8575296 23.1826000 -27.8344803
v -2.7160699 22.3150101 -25.3782406
v -2.2355461 21.5935192 -23.7589607
v 11.8242502 19.4986706 -20.0551300
v 6.6148248 17.9453201 -17.9242706
v 14.2647400 18.2053604 -18.2514095
v 13.7551498 17.0632095 -16.8345108
v -1.2486780 12.6616201 -11.7229204
v -5.9244561 14.3438597 -13.6756897
v 1.4067010 8.9725351 -7.4406090
v -12.9228201 10.9610100 -9.7488422
v 4.3881340 7.1170020 -5.2718492
v 10.7794600 4.6063752 -1.8484560
v 13.8261700 4.8089371 -2.1517799
v -2.2428701 2.6335030 1.8496250
v -1.9467850 1.5219290 4.6793160
v -3.4350970 1.3621430 5.1735859
v 1.0134211 0.0066650 13.3534803
v 11.6405497 -0.0246760 19.3697701
v 11.4343300 -0.0246760 15.4498596
v 9.5681744 -0.0246760 27.5110607
v 7.8308091 -0.0244650 14.6763000
v 7.0968828 -0.0246760 19.2842293
v 4.4664230 -0.0246760 16.1416206
v 3.9566751 -0.0246760 20.3822002
v 13.3929005 -0.0246760 58.6943092
v -1.1043561 -0.0246760 16.9316292
v 0.3296230 -0.0246760 21.8448200
v -2.9091220 -0.0246760 17.9622002
v 0.6538190 -0.0246760 27.7179298
v -0.0236910 -0.0246760 34.3331299
v -4.0944400 -0.0246760 31.2304592
v -10.3004198 -0.0246760 16.2112198
v -10.0309496 -0.0246760 22.0772400
v -10.3946505 -0.0246760 24.8781796
v -12.1682596 -0.0246760 24.8651295
v -6.5381808 -0.0246760 28.9165192
v -7.1581831 -0.0246760 30.4389191
v -1.9921660 -0.0246760 36.8879089
v -4.5649552 -0.0246760 37.3281898
v -8.4297705 -0.0246760 37.3442192
v -12.3343601 -0.0246760 36.9270706
v -13.3464003 -0.0246760 38.3909302
v 0.6793580 -0.0246760 40.6069794
v 2.6184449 -0.0246760 43.2409782
v 0.8779370 -0.0246760 43.5133286
v 0.5194960 -0.0246760 49.2597084
v 10.1327200 -0.0246760 55.7094193
v 11.4249096 -0.0246760 63.1665993
v 2.5731349 -0.0246760 55.7136917
v 0.8702980 -0.0246760 55.7642403
v 6.5717320 -0.0246760 63.3780212
v 4.0084820 -0.0246760 62.7767601
v -14.1168804 -0.0246760 43.6513596
v -4.8865471 -0.0246760 55.7658195
v -1.2307340 -0.0246760 63.3088303
v -3.4972260 -0.0246760 62.7753487
v -14.1398296 -0.0246760 55.9453087
v 15.0000000 0.6858190 62.2170906
v 15.0000000 5.7646980 32.5874100
v 15.0000000 6.1690650 20.1257801
v 15.0000000 3.4952850 29.9530602
v 15.0000000 2.1370749 41.3478394
v 15.0000000 -0.0246760 57.5517998
v 15.0000000 21.3547306 -18.2050705
v 15.0000000 22.9915695 -18.2989998
v 15.0000000 24.9058800 -15.8567801
v 15.0000000 26.4971600 -27.0462894
v 15.0000000 26.9075603 -23.0485401
v 15.0000000 27.7175293 -27.1896400
v 15.0000000 24.5172501 -44.4865417
v 15.0000000 25.7545509 -51.4961586
v 15.0000000 26.0408096 -54.3483887
v 15.0000000 28.3174000 -41.4860191
v 15.0000000 27.8508892 -39.9450111
v 15.0000000 24.5172501 -70.0236511
v 15.0000000 26.1884499 -70.8900299
v 15.0000000 24.5172501 -82.0841980
v 15.0000000 29.5216103 -44.2413406
v 15.0000000 32.5127487 -37.0357590
v 15.0000000 32.5172501 -53.3244286
v 15.0000000 32.5172501 -64.9211121
v 15.0000000 32.5172501 -84.5500183
v 7.0000000 26.9940300 -80.8689423
v 7.0000000 30.0330601 -64.3970032
v -7.0000000 26.4873409 -65.1033478
v 15.0000000 2.2332170 29.9469700
v 15.0000000 26.8858109 -53.2233009
v 7.0000000 26.2533607 -68.7391281
v 9.4917736 32.5172501 -65.4300308
v 11.7929497 31.0721798 -86.6252136
v -10.5618296 4.7783709 64.1436005
v 9.8996410 7.9753242 46.1753082
v 10.6535902 14.2710800 -1.3340271
v -9.9470549 16.8703499 -4.3512712
v 3.8816741 21.7210808 -9.9820452
v -0.5368090 32.3899307 -33.6399002
v 0.6896820 32.4197693 -34.0037498
v 12.8759499 24.4569607 -35.0999794
v -10.0418501 13.9983797 -13.2746496
v -4.7147021 -0.0246760 24.4496098
v -10.4980202 -0.0246760 30.3034306
v 15.0000000 3.3674610 55.3684502
v 15.0000000 5.4933910 22.7768307
v -11.0510902 32.5172501 -85.3564987
v -10.0010796 6.4202180 64.1436005
v -0.2492110 22.7376308 -26.5100098
v -0.0256420 21.8815193 -24.3804092
v -0.4359410 20.9932194 -22.5568199
v -0.5456280 17.9158096 -17.8871803
v 1.9396110 6.4508228 -4.4360271
v -0.2291790 2.1503429 2.9838080
v -0.5300400 1.1930170 5.7646270
v 9.6069708 -0.0246760 36.0897903
v 2.2794809 -0.0246760 36.2071495
v 1.6128941 -0.0246760 23.3453693
v 2.5119071 -0.0246760 24.9092903
v 4.0904412 -0.0246760 24.6538105
v -7.0000000 26.8748207 -73.6137466
v 11.5833797 32.5172501 -57.9902000
v -13.1866703 32.5172501 -50.2972488
v -13.7492905 32.5172501 -52.8817291
v -13.4229803 32.5172501 -67.0589828
v -9.5892124 32.5172501 -68.7230530
v -7.8936219 32.5172501 -80.4720688
v 9.8237667 25.5939693 -86.6252136
v -12.9409304 1.1809700 64.1436005
v -5.3687229 7.9753242 58.3964691
v 10.7747002 7.9753242 21.3213196
v 8.5724430 7.9753242 24.1115894
v 1.0945400 7.9753242 28.6375904
v -12.3416100 7.9753242 29.8010406
v 1.6104820 7.9753242 16.3329506
v 1.6183780 7.9756770 14.6183205
v 2.0366180 22.6108494 -11.0148897
v 12.6331701 24.5172501 -84.7962036
v 14.0595999 24.5172501 -67.9559937
v -13.6369200 24.5172501 -43.4588509
v -11.4646101 24.5172501 -76.2225800
v -2.4721410 13.3085604 -12.4738998
v 9.6740732 8.0360413 -6.3535209
v -12.3766203 8.3693647 -6.7384019
v 11.8933697 -0.0246760 42.8637314
v 4.9460330 -0.0246760 41.7926903
v -1.1563920 -0.0246760 21.8897209
v -9.9194794 -0.0246760 19.5889091
v -11.7280197 -0.0246760 35.4820404
v 2.3101101 -0.0246760 48.9485207
v 2.4283359 -0.0246760 46.1349907
v 9.9901676 -0.0246760 58.4783401
v 2.4667439 -0.0246760 58.6727295
v -12.6672297 -0.0246760 48.9751511
v -12.6441097 -0.0246760 46.2487106
v -5.0236230 -0.0246760 58.6618118
v -12.3964300 -0.0246760 58.2898712
v 15.0000000 5.6212859 36.2911415
v 15.0000000 4.7169442 18.3637009
v 15.0000000 2.4896600 20.0991707
v -7.0000000 26.8998795 -68.6568069
v 12.2884703 32.5172501 -60.5068016
v -6.6704469 6.3330660 64.1436005
v -3.4922271 7.9753242 36.2985001
v -4.0709858 7.9753242 37.9321709
v 7.2136741 24.3843708 -13.1674204
v -5.3957419 26.8492508 -16.6916904
v -5.3317742 29.6374397 -22.1770706
v -6.1464949 31.3587894 -27.4112301
v 7.2149410 32.2999001 -32.7923508
v -7.5560470 32.4358292 -34.3361092
v -10.7222605 24.5172501 -61.5636482
v -6.5420432 0.0418640 12.4619999
v 3.1745801 -0.0246760 31.0065002
v 6.1910801 -0.0246760 29.4484005
v -3.0526650 -0.0246760 48.9439201
v -6.2950411 -0.0246760 49.2213402
v -6.7249088 -0.0246760 42.8348083
v 15.0000000 5.0695372 55.6728706
v 15.0000000 26.6646805 -51.8320885
v 7.0000000 30.8828297 -77.4858093
v 7.0000000 30.9384499 -74.8235931
v 7.8600831 32.5172501 -51.7230110
v -12.6843500 32.5172501 -45.6077003
v -14.4028902 32.5172501 -47.2145309
v -9.0548744 32.5172501 -73.1551590
v -8.2618675 32.5172501 -77.0192871
v -15.0000000 5.8700528 25.6264992
v -15.0000000 6.8620458 35.3485909
v -15.0000000 8.9929266 3.2915990
v -15.0000000 25.8873291 -41.6182899
v -11.5107002 3.7760520 64.1436005
v 8.4551229 7.9753242 40.8807602
v 8.9883537 7.9753242 57.8660393
v 5.6796451 7.9753242 37.6558304
v 0.6289460 7.9753242 38.2630196
v -8.4161434 7.9753242 25.2136593
v -12.2421799 7.9753242 24.3957291
v -9.1765270 9.4112034 6.3768778
v -9.6744127 11.0248203 2.9999080
v 8.3488693 10.6229601 3.7252250
v -10.3195105 12.9290304 0.2655460
v -5.9255142 13.1255903 0.0171880
v -6.3387289 15.8659000 -3.1853039
v -12.5023203 21.5143204 -9.7420273
v -9.5264235 31.2744694 -27.0794792
v 13.5396900 24.5172501 -62.7544594
v 12.0465202 24.5172501 -47.5533791
v -13.1934204 24.5172501 -83.8492279
v -9.8701038 23.6156693 -29.3900509
v -8.5795336 21.4848099 -23.5255604
v 8.8426132 20.9230099 -22.4248905
v 9.5681658 19.6577702 -20.2916203
v 4.2676659 18.3394794 -18.4238796
v -5.6455860 16.9347706 -16.6835899
v 9.3778019 16.0511093 -15.6574697
v -6.8619800 15.4064798 -14.9091797
v 1.1120660 6.9419689 -5.0536890
v -12.2764101 6.0151610 -3.8858840
v 10.5155602 1.5612940 4.5543518
v 7.8678269 0.5795330 8.2714424
v 10.9615498 0.5497650 8.4200602
v -11.4434605 0.3133600 9.7512684
v 11.8907604 -0.0246760 49.0772896
v 9.0068045 -0.0246760 48.6807594
v 8.2964344 -0.0246760 42.8338699
v -6.9237652 -0.0246760 24.3142109
v -10.1595097 -0.0246760 33.3385201
v -12.0011196 -0.0246760 29.5601807
v 6.4423590 -0.0246760 53.8199615
v 2.8688231 -0.0246760 54.4217491
v -8.1326895 -0.0246760 53.2084007
v -12.0616598 -0.0246760 54.5007095
v 15.0000000 2.0661390 18.8945904
v 15.0000000 27.7406998 -83.2929230
v 15.0000000 30.7989197 -83.6860809
v 8.9496870 32.5172501 -81.1308517
v 11.6637402 32.5172501 -77.6045990
v 13.1083603 32.5172501 -81.4661484
v 13.7682199 32.5172501 -63.2781181
v -12.1862602 32.5172501 -57.2785110
v -15.0000000 2.5475979 30.2515297
v -15.0000000 3.2962041 24.6013908
v -15.0000000 1.5663340 31.3291092
v -15.0000000 28.5688801 -47.2187119
v -15.0000000 28.2584896 -40.3501396
v -4.3246622 7.9753242 33.8892708
v -6.2004800 7.9753242 29.4716301
v -5.1861382 7.9753242 41.4426117
v 12.1136999 8.0111923 13.3370895
v -2.2020640 8.0274096 12.9736204
v -6.2025852 8.2127438 11.0682201
v 10.8163300 8.4832802 9.5403976
v 11.1235399 8.9243822 7.8197932
v 10.7014799 9.7412081 5.5630722
v 10.8872204 10.3810396 4.1860662
v 9.8466368 10.6961098 3.5877290
v -1.5888690 11.1987495 2.7087030
v -0.9793950 12.0271196 1.4523830
v 8.9263725 18.0695400 -5.7433071
v 8.3176117 17.0334606 -4.5406098
v 0.9227140 16.3458500 -3.7424290
v -1.5118390 19.5222492 -7.4296231
v -1.7900090 20.4138107 -8.4645491
v 0.3754710 26.6189404 -16.3016205
v 0.2182570 28.0180702 -18.7065697
v -0.3688880 28.8067303 -20.2895203
v 0.1460110 30.1603699 -23.4591694
v -0.0621630 30.9477806 -25.8414898
v 0.3595910 31.7271404 -28.9768600
v -2.4182310 31.8530903 -29.6778908
v 4.4894581 31.9608593 -30.2776604
v 8.1985788 24.5172501 -81.7627335
v 11.4208298 24.5172501 -48.9253807
v -5.5252619 24.5170002 -37.1876984
v -9.6364479 24.5172501 -62.4832687
v -12.1844597 24.5172501 -65.1029587
v -9.3307304 24.5172501 -71.8190536
v -11.5469198 24.5172501 -79.9830933
v -10.5550804 24.5172501 -84.5509033
v -9.8218174 24.5172501 -80.2928238
v -1.4524230 24.1892700 -32.3073807
v 10.8814802 20.0237007 -20.8546391
v 8.8594379 12.5091696 -11.5459604
v 8.4192715 13.5583096 -12.7638102
v -1.4792420 10.9479799 -9.7337227
v -2.9720819 6.8497529 -4.9376211
v 11.4703398 -0.0246760 36.4129295
v 8.2808037 -0.0246760 36.9999809
v 10.4631300 -0.0246760 29.6128292
v 0.5815330 -0.0246760 35.9675484
v -1.9410930 -0.0246760 47.9124489
v -4.5462880 -0.0246760 54.4107513
v -7.3855810 -0.0246760 48.1996117
v -8.9648142 -0.0246760 48.3892212
v -11.9814901 -0.0246760 42.0773392
v 15.0000000 28.4100800 -43.3939590
v 7.0000000 25.1964703 -74.2037430
v 7.0000000 26.1762104 -59.4421005
v 7.0000000 31.6013794 -84.9687729
v 7.0000000 31.3454704 -81.4588318
v 7.0000000 26.3148308 -60.9497795
v -7.0000000 26.4338303 -80.3770905
v -7.0000000 29.1371307 -69.8929291
v -7.0000000 30.7272205 -76.3096924
v 10.3619299 32.5172501 -72.5710526
v 13.9197798 32.5172501 -84.1315536
v 14.1061001 32.5172501 -47.7915001
v -14.0676098 32.5172501 -42.6762505
v -14.1669998 32.5172501 -51.4835701
v -12.9895802 32.5172501 -55.7391090
v -12.5195303 32.5172501 -59.9969101
v -11.1965103 32.5172501 -61.9666290
v -10.8926601 32.5172501 -57.4967613
v -11.1721296 32.5172501 -59.2206993
v -9.4492569 32.5172501 -56.5392494
v -11.9895897 32.5172501 -66.0241165
v -14.0817299 32.5172501 -81.6412735
v -11.7660799 32.5172501 -79.0166168
v -12.5233698 32.5172501 -84.9106369
v -8.3064079 32.5172501 -67.5994492
v -7.7548141 32.5172501 -58.9184799
v 13.4654303 30.5473099 -86.6252136
v -15.0000000 2.5808830 40.6591606
v -15.0000000 4.0311108 34.5638390
v -15.0000000 4.6816850 28.0489902
v -15.0000000 3.5253160 23.1650906
v -15.0000000 5.6009622 56.6779099
v -15.0000000 5.5237241 37.3811111
v -15.0000000 24.5172501 -57.9142799
v -15.0000000 25.6667194 -44.6251106
v 13.8611097 7.9753242 63.0254707
v 13.3593798 7.9753242 64.1436005
v 10.1765299 7.9753242 58.3915405
v 6.3102832 7.9753242 61.4148788
v 5.2752571 7.9753242 46.9993515
v 0.8007590 7.9753242 62.3784485
v -15.0000000 7.9753242 49.3486786
v 0.5091610 7.9753242 53.1501083
v 1.1403930 7.9753242 41.7494202
v -0.2276740 7.9753242 32.3852310
v 5.3870320 7.9753242 22.7033691
v 0.2428410 7.9753242 22.3569298
v -1.2248470 7.9753242 22.6846104
v -13.8889799 7.9753242 35.8466415
v -13.7632999 7.9753242 29.9172306
v -3.5134251 7.9753242 20.1905594
v -8.9805660 7.9753242 17.9255905
v -14.0389004 7.9753242 23.1534691
v -10.9033098 7.9753242 18.4695396
v -3.0146041 8.3351240 10.2347698
v -3.3500221 10.0900297 4.7541509
v -3.2861691 11.3440504 2.4784291
v -13.3948002 13.0177097 0.1528750
v -1.5625629 13.0344896 0.1324970
v 13.8764200 12.7335300 0.5139430
v 14.0443802 13.4473801 -0.3764820
v 13.2869196 15.3208199 -2.5525701
v 10.8842697 16.0325699 -3.3787739
v 10.6035204 18.5025406 -6.2459340
v 13.3738403 20.6311207 -8.7168083
v 6.7111239 18.6054192 -6.3653641
v 6.6666331 19.6611404 -7.5908432
v 2.8867929 18.4370193 -6.1698751
v 0.1331450 14.7261896 -1.8623199
v -0.2989780 16.2089691 -3.5835450
v -0.8916440 17.2415104 -4.7821269
v -7.2972798 13.8132401 -0.8022180
v 8.5191412 22.1900196 -10.5263996
v 8.2924643 21.3095608 -9.5043497
v 0.9997240 21.6332703 -9.8801136
v -5.6574240 22.5888500 -10.9893599
v -13.8640604 24.6892109 -13.5478201
v 8.4518471 26.7759609 -16.5677605
v 4.7154179 27.4175491 -17.6542206
v 8.4560394 28.1223507 -18.9160900
v 4.7236280 28.7742100 -20.2242508
v 8.4394665 29.3000298 -21.3591003
v 4.7142000 29.8468609 -22.6849499
v 8.4438248 30.2915306 -23.8532104
v 4.6254668 30.7490406 -25.2333794
v 5.8078432 32.4256592 -34.1758995
v 13.3672800 32.3699684 -33.5589218
v 11.7244301 24.5172501 -81.7571182
v 8.3270531 24.5172501 -83.6236877
v 7.8115158 24.5172501 -77.1123199
v 7.7337070 24.5172501 -75.5395432
v 8.2889090 24.5172501 -70.8604965
v 9.4178610 24.5172501 -69.9275131
v 8.4961987 24.5172501 -59.7082787
v 13.4338102 24.5172501 -64.6851273
v 8.0830250 24.5172501 -53.8172913
v -6.1999049 24.5172501 -39.9295998
v -14.1180496 24.5172501 -51.9336510
v -13.7879200 24.5172501 -59.1533813
v -12.7431602 24.5172501 -68.8121185
v -13.9510098 24.5172501 -64.5789032
v -8.0601301 24.5172501 -59.6475105
v -9.4206209 24.5172501 -68.8227386
v -11.6040802 24.5172501 -81.3342438
v -12.0643301 24.5172501 -84.9821472
v -8.6869030 24.5172501 -76.7962265
v -3.9662249 23.8816605 -30.5971107
v -3.7460771 21.8916492 -24.4010696
v -3.6433699 19.4505196 -19.9836102
v 12.7957201 17.9948902 -17.9866295
v 13.7053299 13.6856699 -12.9116497
v 13.6054001 12.4124699 -11.4336996
v 10.5419903 12.0716496 -11.0380802
v 13.3341503 10.0351000 -8.6740398
v 7.1884561 11.8648996 -10.7980900
v 6.6484499 10.8791704 -9.6538439
v 2.8747420 12.1079502 -11.0802202
v -0.4643220 14.5050201 -13.8627596
v -0.6840740 13.4001398 -12.5802002
v -11.6381502 16.8285198 -16.5666103
v 12.5550003 7.6725378 -5.9282541
v -13.7510595 9.1315241 -7.6237960
v -13.7767696 7.8234839 -6.0996709
v -3.9912989 4.2420931 -1.2498380
v -3.4779351 3.0467651 0.9589960
v -3.5977330 1.0067550 6.4218979
v 8.7880707 0.8499450 7.0336270
v -3.9523530 -0.0246760 14.8547401
v 0.1620050 -0.0246760 16.0607300
v 13.0173702 -0.0246760 35.6275597
v 3.1388090 -0.0246760 18.9349995
v 13.8741198 -0.0246760 47.3116989
v 13.9636898 -0.0246760 54.0113907
v 13.6006804 -0.0246760 52.4048805
v 13.8559103 -0.0246760 60.2794113
v 6.0187812 -0.0246760 41.5565796
v 7.4467092 -0.0246760 48.8120995
v -1.1851610 -0.0246760 30.5061493
v -0.9584550 -0.0246760 35.8061905
v -9.4102898 -0.0246760 23.5020199
v -10.9506502 -0.0246760 23.5033798
v -3.6602719 -0.0246760 36.1255188
v -7.2142048 -0.0246760 36.2926483
v -13.2176504 -0.0246760 30.1304398
v -14.2830296 -0.0246760 29.3483601
v -10.8576498 -0.0246760 36.3362617
v 4.0135570 -0.0246760 48.8220291
v 7.2772889 -0.0246760 60.7504005
v 4.1832242 -0.0246760 61.1916695
v -0.1555300 -0.0246760 60.7680016
v -14.2235804 -0.0246760 42.3362007
v -10.9838200 -0.0246760 48.8175812
v -3.3227761 -0.0246760 61.1880493
v -7.3447061 -0.0246760 60.4768791
v -9.6306496 -0.0246760 62.7981300
v -11.0100403 -0.0246760 61.7288895
v 15.0000000 4.2562151 60.9354706
v 15.0000000 7.0506821 51.2534294
v 15.0000000 0.8275700 53.1700897
v 15.0000000 -0.0246760 54.2803192
v 15.0000000 -0.0246760 41.7803192
v 15.0000000 1.5456810 35.3865013
v 15.0000000 1.0435630 16.8113899
v 15.0000000 25.7791901 -34.6139908
v 15.0000000 29.8274803 -36.6982994
v 15.0000000 25.7654991 -65.7888565
v 15.0000000 26.0836506 -76.5279617
v 15.0000000 27.6769104 -70.5260620
v 15.0000000 31.2052307 -52.8397598
v 15.0000000 31.9403801 -60.0389519
v 11.3600903 32.5172501 -82.4055862
v -4.2979012 7.1898508 -5.3614779
v -4.2288470 0.3201270 9.6984558
v 4.6398392 -0.0246760 33.8037605
v -7.2852259 -0.0246760 46.2308807
v -4.3225560 -0.0246760 46.1297417
v 7.0000000 27.1901398 -62.6601601
v -7.0000000 31.0251007 -69.8092880
v 7.9939089 32.5172501 -66.5513229
v -13.9826498 32.5172501 -46.0770302
v -10.4194899 32.5172501 -73.3899231
v -9.5380039 32.5172501 -74.7878571
v -15.0000000 1.0387551 50.7994499
v 1.8883890 7.9753242 34.6882896
v 2.3481150 7.9753242 38.2199707
v -9.3703527 7.9753242 21.7332592
v 3.8874011 7.9753242 15.2405796
v 8.1311970 19.6792698 -7.6118932
v -8.7402992 16.3645306 -3.7641180
v -8.8073864 20.5202408 -8.5880938
v -10.6947203 20.7154808 -8.8147364
v -3.6353290 32.0197601 -30.6054993
v 8.7373772 24.5172501 -72.1668472
v -13.6322098 24.5172501 -49.0662498
v -9.1168661 24.5172501 -65.7329483
v -11.2105904 24.4628506 -35.2489204
v -2.7711191 24.4567299 -35.0944099
v -8.8173952 14.2449503 -13.5608597
v -10.9838305 14.4931498 -13.8489704
v -9.3388357 9.1156330 -7.6067200
v 7.8506241 -0.0246760 46.1744499
v 10.6980200 -0.0246760 46.0351105
v -5.2537098 -0.0246760 21.5615101
v 4.5385509 -0.0246760 57.9163704
v 4.5010309 -0.0246760 53.7464104
v -10.4581003 -0.0246760 58.0265007
v 7.0000000 28.5287800 -76.6055069
v 7.0000000 28.1866894 -83.6236191
v -7.0000000 28.2675800 -83.7577896
v 10.7081804 32.5172501 -75.4607315
v 12.8980799 32.5172501 -85.5110321
v 10.0484200 32.5172501 -58.0348587
v -15.0000000 3.2408881 36.1790390
v -15.0000000 2.2444561 33.5116997
v -15.0000000 1.0853570 38.3616905
v -15.0000000 29.5136909 -79.8603897
v -5.3801222 7.9753242 25.4987297
v -3.9362280 8.0304708 12.9108400
v -2.5916700 12.1168499 1.3174700
v 1.8889830 15.3264198 -2.5590739
v -1.6470350 18.6119804 -6.3729692
v -9.3832998 18.7945709 -6.5849261
v 2.5505130 24.4381695 -13.2345505
v 3.5984690 32.2934494 -32.7320404
v 10.7429705 32.3429489 -33.1947289
v -8.5379057 24.5172501 -61.4318810
v -10.1159401 24.5172501 -73.1899414
v -9.0926943 24.5172501 -73.9815521
v 3.1113050 17.6570702 -17.5618305
v -1.6295919 9.1034126 -7.5925322
v -9.0703545 11.7645998 -10.6816597
v 3.7829421 -0.0246760 36.9525490
v 3.0830009 -0.0246760 33.5550385
v 3.3342750 -0.0246760 21.9375191
v -3.3426340 -0.0246760 42.9638481
v -2.2281449 -0.0246760 40.9128685
v -10.4570103 -0.0246760 45.4683189
v 15.0000000 1.3102540 38.0429688
v 7.0000000 25.7079906 -62.0514984
v 7.0000000 25.7826691 -72.9073486
v 7.0000000 30.0238705 -74.0042114
v 7.0000000 27.5541306 -64.3816071
v -7.0000000 25.4469795 -81.5408478
v -7.0000000 29.4201698 -65.3325729
v -7.0000000 30.9591408 -57.6028290
v -7.0000000 31.5470905 -60.4000511
v 13.7880602 32.5172501 -43.3690681
v -9.9728813 32.5172501 -60.1360397
v -13.4409904 32.5172501 -68.4983063
v -13.3022203 32.5172501 -76.2883606
v -11.7640305 32.5172501 -76.2664032
v -9.3835869 32.5172501 -64.5001297
v -15.0000000 6.2505322 20.1855907
v -15.0000000 0.8286590 19.9586506
v -15.0000000 5.8239260 61.1309204
v -15.0000000 5.5174518 36.0571098
v -15.0000000 6.9762812 21.1171207
v -15.0000000 26.9764996 -42.1873589
v -7.3605552 3.6026249 64.1436005
v -12.9161100 6.8530760 64.1436005
v 13.3851404 7.9753242 50.4384308
v 4.3184118 7.9753242 48.2887115
v 1.6866480 7.9753242 53.3722115
v 1.1556580 7.9753242 43.2815895
v 0.7790530 7.9753242 51.6892891
v 1.9160520 7.9753242 19.2595692
v -12.6052399 7.9753242 33.6361008
v -5.0110440 7.9753242 22.7893391
v -7.6835480 7.9753242 22.3822803
v -11.9289503 7.9753242 17.0921097
v -5.4730191 7.9753242 16.7068291
v -3.3102520 8.1296024 11.6879501
v -13.7983999 8.2722712 10.6243095
v 13.5866899 16.5506802 -3.9802070
v 13.5208397 18.9690800 -6.7875028
v 13.5152702 21.4770107 -9.6987209
v -1.4645560 16.3384209 -3.7338090
v -8.3688974 14.3105497 -1.3798389
v -12.5262003 17.1853809 -4.7169709
v 1.4851730 23.4725609 -12.0324602
v -4.4638910 24.3542595 -13.1298399
v -13.9831495 25.9839001 -15.3608303
v -2.1157701 26.0757694 -15.4938498
v -4.1223569 26.2915707 -15.8063898
v -3.2207420 27.8938808 -18.4688091
v -11.0541601 28.1028996 -18.8768196
v -4.5651078 28.3571606 -19.3871708
v -1.9696000 29.0622196 -20.8122406
v -10.8928604 29.2476501 -21.2318096
v -3.7255390 29.2647400 -21.2732601
v -2.3336620 29.9863205 -23.0237808
v -3.0276680 30.9954605 -25.9939308
v 2.5190980 31.2386494 -26.9385204
v -1.6314451 31.3193207 -27.2559605
v 3.8928671 31.2221603 -26.8736496
v 11.8559599 31.3944607 -27.5515900
v -12.7683496 31.5748405 -28.2684307
v -3.7928579 31.7118893 -28.8968601
v -5.1436830 31.8430805 -29.6221409
v 13.8064098 32.0946884 -31.0324898
v 4.5126772 32.1970596 -31.8318996
v -3.9955461 32.4311600 -34.2073288
v -11.0670996 32.3551788 -33.3086510
v 9.1340971 24.5172501 -68.1130676
v 8.3139782 24.5172501 -65.2274017
v 12.5593500 24.5172501 -68.6148911
v 13.3645802 24.5172501 -76.1158295
v 14.1106195 24.5172501 -78.3004608
v 13.3829498 24.5172501 -66.4887466
v 12.1641998 24.5172501 -53.7314682
v 12.9614801 24.5172501 -54.5563393
v -14.0655899 24.5172501 -54.7512703
v -13.1297703 24.5172501 -80.5590515
v -13.9452200 24.5172501 -82.9680634
v -8.8655443 24.5172501 -67.2218933
v -10.8274298 24.5172501 -85.7562027
v 12.7037601 24.5081806 -36.4645615
v 12.1202202 17.0811405 -16.8552208
v 13.8388300 14.6817999 -14.0679703
v 13.3967304 11.1400700 -9.9566975
v 13.5913296 9.2248344 -7.7334809
v -0.9837000 15.6748800 -15.2207403
v -2.3742590 16.2168007 -15.8498096
v -1.5267370 14.1374102 -13.4360304
v -12.3977604 15.7922096 -15.3569403
v -12.7131205 13.2036695 -12.3521404
v -0.1373880 8.4427223 -6.8255978
v -6.8672762 7.9780202 -6.2861681
v -11.5569201 0.1463790 11.1319799
v 11.8648901 0.1693490 10.9414997
v 13.5600405 -0.0246760 30.3496609
v 13.5032196 -0.0246760 32.6469498
v 12.1630201 -0.0246760 32.6020012
v 6.4843040 -0.0246760 20.8283596
v 5.0937638 -0.0246760 21.4078197
v 12.3119001 -0.0246760 41.3376198
v 11.5340004 -0.0246760 58.3912888
v 6.8555088 -0.0246760 42.3942909
v 5.7184958 -0.0246760 45.3226585
v -3.3745229 -0.0246760 32.9350395
v -11.6169996 -0.0246760 22.1257992
v -13.8490801 -0.0246760 20.3221893
v -4.8530812 -0.0246760 32.4908905
v -11.3509998 -0.0246760 33.8792915
v -11.2924995 -0.0246760 32.5867882
v -13.4246197 -0.0246760 35.6917496
v 4.1282821 -0.0246760 45.9206696
v 1.3759310 -0.0246760 47.7615585
v 11.2099104 -0.0246760 60.6547203
v 3.8236461 -0.0246760 58.7799492
v -11.3819304 -0.0246760 46.1599617
v -13.6150198 -0.0246760 47.8313904
v -3.4451971 -0.0246760 58.4155388
v -11.3257999 -0.0246760 58.6900215
v -11.1578503 -0.0246760 63.2358093
v 15.0000000 -0.0246760 44.8076591
v 15.0000000 27.0712509 -42.4486618
v 15.0000000 30.7515507 -43.0890808
v 15.0000000 31.6811409 -46.3660698
v 15.0000000 31.1991806 -56.1742592
v 15.0000000 31.6357307 -58.2093201
v 7.0000000 27.2151299 -84.8601303
v 9.8935270 32.5172501 -82.2732620
v 10.4981499 32.5172501 -83.7506866
v 6.5466352 0.9541770 64.1436005
v -1.1571810 5.4203391 64.1436005
v -2.5366099 7.9753242 37.6023598
v 6.3389750 8.2731991 10.6435299
v -4.0045209 19.6627808 -7.5927429
v -5.0268092 18.7992897 -6.5904002
v -6.3698840 30.2580109 -23.7521801
v 10.2498703 24.5172501 -79.5074463
v 5.4420648 24.2200603 -32.5498810
v -5.2930341 11.7234697 -10.6339197
v 7.9468288 6.2992320 -4.2452221
v 8.4079037 -0.0246760 33.6443901
v 2.2206881 -0.0246760 27.8758297
v 5.5227389 -0.0246760 27.7803097
v -3.6872711 -0.0246760 51.5067291
v -6.8169789 -0.0246760 41.2341919
v 7.0000000 26.0421200 -64.7822723
v 7.0000000 27.5317593 -68.3646774
v 7.0000000 28.3938503 -68.8940125
v 7.0000000 30.4296207 -58.9708405
v -7.0000000 25.6167297 -63.0526390
v -7.0000000 30.8266697 -65.5464096
v -7.0000000 31.4453201 -66.6841125
v -7.0000000 29.8553009 -66.8277664
v 10.0920401 32.5172501 -78.2462769
v 11.9152603 32.5172501 -76.1924973
v 12.6627703 32.5172501 -54.5677605
v -8.0323410 32.5172501 -72.4903870
v 8.1729250 5.3088441 64.1436005
v 7.3730168 6.6037202 64.1436005
v 6.7971840 7.9753242 41.1805305
v 7.5854230 7.9753242 55.1784592
v -14.2777205 7.9753242 52.5468407
v -9.9666204 7.9753242 27.9134502
v -12.1139097 7.9753242 27.4305000
v -13.8384199 7.9753242 27.0048103
v -9.9573421 8.0690298 12.2880001
v 5.0882039 8.3817739 10.0136805
v -4.5418639 8.7890339 8.2628489
v 9.3023520 8.7192421 8.5173521
v -12.0699396 8.6864014 8.6412535
v 5.0068369 8.8226824 8.1519976
v 9.5519991 9.2881107 6.6915030
v 5.3651748 9.3786526 6.4458089
v -13.9331598 9.4034519 6.3798909
v 9.5382376 9.9833755 4.9932880
v 4.8579969 10.2288799 4.4800320
v 5.9131908 10.7981195 3.3972290
v 8.6500893 11.1930103 2.7167690
v 7.0629320 11.4306898 2.3464241
v 14.0240402 14.4712696 -1.5664090
v 12.0156002 15.1385298 -2.3409641
v 13.5444698 19.9267101 -7.8991189
v 10.8912497 19.5221691 -7.4295268
v -1.0024320 15.6028004 -2.8798931
v -4.5963669 14.5796700 -1.6922380
v -5.8386970 14.1373196 -1.1787510
v -12.4011898 16.0037003 -3.3452671
v 2.4503460 21.5970592 -9.8380775
v -11.7342501 22.2875805 -10.6396303
v 7.5364480 25.4040394 -14.5212898
v 14.2111197 26.2572594 -15.7566004
v -13.4194698 27.4708996 -17.7445793
v 7.3240590 26.7619705 -16.5438595
v 7.2663870 28.1637096 -18.9988708
v 7.7049341 31.8972206 -29.9235191
v 3.1461160 31.8205700 -29.4968891
v -9.1366091 31.9858494 -30.4168797
v -13.4269400 31.9851303 -30.4127808
v 7.5091209 32.3973885 -33.7303810
v -8.5232763 32.4684792 -35.2539406
v 9.1568289 24.5172501 -75.9392700
v 14.2914896 24.5172501 -48.4922714
v -12.1088400 24.5172501 -49.6346207
v -12.3340502 24.5172501 -77.4665909
v -9.1554556 24.5172501 -64.1025925
v -11.2225199 24.5172501 -79.0016174
v -9.0221252 24.5172501 -85.9824524
v -8.4104910 24.2128391 -32.5066299
v -11.7714996 24.2481709 -32.7835808
v -11.5572100 22.8947201 -26.9394093
v -13.4123402 22.3509903 -25.4692497
v 5.5029068 22.2379093 -25.1883106
v 6.5233908 21.7670193 -24.1326809
v 7.2231331 20.4371300 -21.5621109
v -7.9828200 20.0193405 -20.8670406
v -5.8732991 18.8741302 -19.1287708
v 13.8871803 15.7998800 -15.3658400
v 12.6359301 15.4405098 -14.9486799
v 10.7399902 16.6972103 -16.4075298
v -8.8970509 13.2272196 -12.3794804
v 0.1507160 9.4941158 -8.0460634
v 2.6306391 7.2804971 -5.4704509
v -4.1938248 6.0312591 -3.9059229
v -7.9654551 5.5923839 -3.2998011
v -13.6139498 5.3271379 -2.9213991
v 5.5665550 5.2201118 -2.7619240
v 8.0435610 4.8912172 -2.2725241
v -11.2943497 3.7734411 -0.4198080
v 5.3821650 3.4192200 0.2118210
v 5.6701198 2.3465290 2.4878459
v 12.2532701 1.4695200 4.8111420
v 7.4635811 0.9092970 6.7967262
v -5.1583529 0.5095360 8.6211367
v 8.2116928 0.1603960 11.0077496
v -8.9392929 0.0032780 13.4420404
v 15.0000000 -0.0246760 25.5327606
v -6.4617000 -0.0246760 27.4541302
v -7.7459030 -0.0246760 27.0341797
v -7.4707489 -0.0246760 32.0426598
v -9.5870943 -0.0246760 26.2447395
v -11.3470802 -0.0246760 26.4000893
v -7.0629129 -0.0246760 37.7718697
v -13.0218801 -0.0246760 26.3848801
v 7.2443681 -0.0246760 51.2191200
v 5.6353021 -0.0246760 51.1682701
v 7.6895862 -0.0246760 57.0391693
v 4.4767442 -0.0246760 50.5432014
v -9.2299089 -0.0246760 51.2427101
v -7.3247981 -0.0246760 57.0529709
v -10.4878597 -0.0246760 50.6318092
v -7.7089238 -0.0246760 63.2349510
v -14.2278299 -0.0246760 51.6275711
v 15.0000000 3.2019989 52.8152390
v 15.0000000 6.7687788 40.4527092
v 15.0000000 1.0685190 19.6844006
v 15.0000000 25.8570805 -43.5307388
v 15.0000000 27.1297493 -73.6929016
v 15.0000000 25.8834095 -67.4615479
v 15.0000000 26.2901592 -69.1953888
v 7.0000000 28.1217003 -75.0526428
v -2.0264630 26.3082409 -41.3612213
v 8.8422327 32.5172501 -83.5915375
v 11.3494196 32.5172501 -73.7397003
v 12.8501396 32.5172501 -67.9857864
v 4.0986400 32.5172501 -37.4869690
v -11.9072504 32.5172501 -54.6938210
v -10.7705603 32.5172501 -79.6469727
v -8.4127550 32.5172501 -83.9350891
v -15.0000000 4.6464109 39.8103790
v -15.0000000 29.6835899 -75.2468414
v 4.5029659 4.3600821 64.1436005
v -0.5493160 7.9753242 46.1411896
v -4.6242218 7.9753242 54.0326004
v -8.3023491 8.0190659 13.1686897
v 13.5906401 17.7933502 -5.4227009
v 11.5552702 17.6252899 -5.2276158
v 8.2253151 16.1036091 -3.4612379
v 7.0115089 15.6152296 -2.8943231
v 5.4519329 15.3804102 -2.6217461
v -8.8127117 19.7613201 -7.7071381
v 0.9920370 25.2127399 -14.2449303
v 0.7659550 28.7708092 -20.2174091
v 10.2826796 24.5172501 -76.6781769
v 14.0565596 24.5172501 -57.8419113
v -8.1100121 24.5172501 -63.0948906
v -10.8828201 24.5172501 -63.8473701
v -7.7814760 24.5172501 -71.0240631
v -5.4953070 24.3475094 -33.6338615
v -1.2034400 23.4856606 -28.9022598
v -1.1096300 23.0510197 -27.4190807
v -1.2470289 22.1777592 -25.0511894
v 8.2130890 18.1730709 -18.2111893
v 11.6330700 12.9617300 -12.0712996
v 8.2255783 14.4944201 -13.8504496
v 7.1552839 15.0256300 -14.4670897
v 5.6506338 15.2192497 -14.6918402
v -4.4403820 8.7518959 -7.1844902
v -8.7870407 10.7948999 -9.5560188
v -8.1400871 6.5707622 -4.5869188
v -9.8653584 1.3448030 5.2414250
v 1.5485450 0.0543850 12.1697197
v -10.1180496 0.0943750 11.6141596
v 6.0284052 -0.0246760 15.1292696
v 11.7646799 -0.0246760 39.0867195
v 9.9843941 -0.0246760 39.2615204
v 2.8617189 -0.0246760 39.4613914
v 0.1922120 -0.0246760 38.9724884
v 1.2335550 -0.0246760 16.9619408
v 2.4875810 -0.0246760 17.5672798
v 0.0024080 -0.0246760 41.6084404
v -1.8322560 -0.0246760 38.5188293
v 0.6556070 -0.0246760 45.3875694
v -0.3182360 -0.0246760 47.8778801
v -3.5262520 -0.0246760 38.5722694
v -5.3884439 -0.0246760 38.6389503
v 0.0703630 -0.0246760 54.2275200
v 0.3333630 -0.0246760 56.9994316
v 0.4474080 -0.0246760 63.2233200
v -8.2339420 -0.0246760 39.0921593
v -9.5449114 -0.0246760 38.5864906
v -10.5685501 -0.0246760 38.0735893
v 15.0000000 27.3577709 -60.5297089
v 15.0000000 28.2833996 -84.5406265
v 7.0000000 24.5172501 -82.5493393
v 7.0000000 29.7560005 -82.0619431
v 7.0000000 32.5172501 -85.0929337
v 7.0000000 32.5172501 -82.4574127
v 7.0000000 32.5172501 -78.9024963
v 7.0000000 28.5299892 -71.7219009
v 7.0000000 30.0852699 -71.2548065
v 7.0000000 28.1341896 -65.8760834
v -7.0000000 24.5172501 -59.9021797
v -7.0000000 24.5172501 -61.8634987
v -7.0000000 25.7195091 -57.3809891
v -7.0000000 25.5851898 -64.1784210
v -7.0000000 26.2568207 -75.3126526
v -7.0000000 32.5172501 -56.6537285
v -7.0000000 32.5172501 -60.7219505
v -7.0000000 32.5172501 -65.6061020
v -7.0000000 32.5172501 -72.4898911
v -7.0000000 31.6868496 -75.3517838
v 15.0000000 32.5172501 -70.7072372
v 15.0000000 32.5172501 -60.9416199
v -15.0000000 32.5172501 -53.0070496
v -9.7330256 32.5172501 -63.0930786
v -10.7604799 32.5172501 -70.6337585
v -15.0000000 32.5172501 -64.7502136
v -15.0000000 32.5172501 -67.2892838
v -15.0000000 32.5172501 -73.8322372
v -15.0000000 32.5172501 -77.2990417
v -15.0000000 -0.0246760 55.8428192
v -15.0000000 3.8085251 44.4855614
v -15.0000000 -0.0246760 43.3428192
v -15.0000000 0.8371750 27.5228195
v -15.0000000 1.0491340 16.4814892
v -15.0000000 -0.0246760 24.9346199
v -15.0000000 -0.0246760 18.1475105
v -15.0000000 -0.0246760 16.6826591
v -15.0000000 7.9753242 37.9229012
v -15.0000000 7.9753242 16.9756298
v -15.0000000 26.5575600 -21.0803394
v -15.0000000 29.4609108 -38.3032188
v -15.0000000 29.4063702 -56.0661392
v -15.0000000 27.2818508 -39.3396912
v -15.0000000 25.7989902 -38.8649101
v -15.0000000 24.5172501 -43.9982605
v -15.0000000 24.5172501 -37.6017799
v 14.4587402 1.5076890 64.1436005
v 12.4218798 -0.0246760 64.1436005
v 11.0156202 -0.0246760 64.1436005
v 9.2578115 -0.0246760 64.1436005
v 14.4298201 3.2626050 64.1436005
v 4.9218750 -0.0246760 64.1436005
v 3.5156250 -0.0246760 64.1436005
v 14.4312696 4.8149028 64.1436005
v 7.4340839 4.3337221 64.1436005
v -0.1757810 -0.0246760 64.1436005
v -2.1093750 -0.0246760 64.1436005
v 0.3801960 3.1837261 64.1436005
v -8.0472212 0.9654680 64.1436005
v -11.9531202 -0.0246760 64.1436005
v 6.3929772 5.5266519 64.1436005
v 0.7005600 6.9835281 64.1436005
v 3.9843750 7.9753242 64.1436005
v 15.0000000 7.9753242 40.6084404
v 15.0000000 7.9753242 19.4170399
v 5.6958861 7.9753242 18.5589294
v 4.1565971 7.9753242 18.4798603
v -11.7491798 7.9753242 15.6728096
v -12.6671801 8.0094337 13.3776798
v -11.2970896 8.1241093 11.7322102
v 14.3044004 9.1764545 7.0290771
v 5.0225801 14.0790596 -1.1111230
v 12.7552996 13.4181604 -0.3402150
v 3.6647210 19.2074795 -7.0642328
v -3.8184450 16.9122009 -4.3998580
v 10.1589098 23.7272701 -12.3489399
v -8.4657974 32.3324394 -33.0965881
v -3.4510720 32.3471107 -33.2387505
v -14.0670996 32.3448982 -33.3339310
v 10.0164099 24.5172501 -71.1210403
v 10.3011398 24.5172501 -68.7848282
v 10.6039600 24.5172501 -65.4470978
v 14.1481199 24.5172501 -45.5738411
v 12.6347103 24.5172501 -40.5242805
v -14.1423302 24.5172501 -39.5962105
v -13.4474096 24.5172501 -42.1156693
v 8.1071520 24.1374302 -31.9918003
v 14.0112400 20.3490009 -21.4056206
v 0.6296200 17.2665901 -17.0779896
v 11.6268797 7.1545529 -5.3183012
v 6.9092622 6.6692009 -4.7107611
v 6.0033689 7.1664391 -5.3322392
v 0.3314940 0.1865760 10.7876301
v 4.2802029 0.0228770 12.9405603
v 0.3616830 -0.0242960 14.3364000
v -11.6458902 -0.0246760 15.1881399
v -6.4870148 -0.0246760 15.6432104
v -4.9731302 -0.0246760 15.6161804
v -3.5319059 -0.0246760 16.1703396
v -2.3339119 -0.0246760 16.4545193
v 8.0614738 -0.0246760 21.2284908
v 15.0000000 -0.0246760 15.4619598
v 11.8723698 0.0237250 12.9194498
v 15.0000000 -0.0246760 26.8389091
v 15.0000000 -0.0246760 29.9639091
v 15.0000000 -0.0246760 46.2236786
v 15.0000000 -0.0246760 55.7451591
v 9.7501736 -0.0246760 53.9680290
v 15.0000000 3.4817071 51.8675919
v 15.0000000 4.4248981 28.4768105
v 15.0000000 4.5954399 14.1287899
v 15.0000000 28.0111599 -38.5207100
v 15.0000000 26.5167999 -39.0032005
v 15.0000000 30.8360691 -38.8412094
v 15.0000000 31.7507992 -70.2811127
v -10.1729698 7.9753242 22.9332504
v 13.4134903 -0.0246760 22.0796108
v -10.1127300 -0.0246760 31.6276302
v 5.0350199 -0.0246760 56.5261307
v -9.9664335 -0.0246760 56.5277901
v 0.5350540 22.4587002 -25.7598400
v 0.5726760 21.5561008 -23.6785202
v 0.5587210 2.7370980 1.6261300
v 0.3152510 1.6375670 4.3554058
v -2.7020090 -0.0246760 44.2425690
v -2.5349360 -0.0246760 56.6428986
v -15.0000000 10.8500795 -1.0392990
v 5.7171268 -0.0246760 18.2534695
v 12.7829304 -0.0246760 43.9921188
v 12.6767502 -0.0246760 57.0466499
v 4.9987659 -0.0246760 44.1530914
v -6.2658038 -0.0246760 50.6293411
v 8.5711594 -0.0246760 50.1129494
v -5.2924619 -0.0246760 19.9777393
v -6.9398532 31.7743301 -54.3527908
v -7.2488241 7.9753242 48.1072693
v 9.1926174 -0.0246760 30.7956505
v 1.2287940 -0.0246760 37.3784294
v 0.7238940 -0.0246760 31.9212704
v 15.0000000 30.7609806 -32.8339615
v -15.0000000 24.0338898 -20.3735600
v 6.3499250 26.0120907 -15.4016399
v 6.2409511 27.6770191 -18.0937099
v 6.2945619 28.8648491 -20.4061794
v 6.2349601 29.9319096 -22.8912106
v -5.7092052 30.6327400 -24.8824501
v 6.2034550 30.6539307 -24.9463692
v 8.3820457 -0.0246760 16.7007504
v -2.9765589 -0.0246760 37.4477692
v -5.8716369 -0.0246760 36.9587898
v -9.6201124 -0.0246760 37.1643791
v 5.4027991 -0.0246760 49.4860001
v 13.0048304 -0.0246760 61.4268303
v -9.6025085 -0.0246760 49.5169411
v 15.0000000 5.4086752 9.4743900
v 15.0000000 30.4151402 -26.6491394
v 15.0000000 31.0631104 -37.4721603
v -4.4702282 -0.0246760 49.7513199
v 9.0511885 32.5172501 -67.7646713
v -15.0000000 5.2866349 21.3152409
v 10.4096804 -0.0246760 49.7006187
v -3.0879121 -0.0246760 25.0388603
v -4.1910930 -0.0246760 22.6074104
v 15.0000000 4.8608308 0.0562360
v -15.0000000 3.9376490 21.4041195
v -15.0000000 5.6262541 1.6864090
v -15.0000000 27.9692802 -58.0095482
v -2.7597430 5.4968610 64.1436005
v 10.7176800 -0.0246760 37.8930397
v 10.0920696 -0.0246760 33.8947411
v 2.8379550 -0.0246760 37.9044304
v 3.3194740 -0.0246760 35.0255203
v 7.0000000 28.0091400 -57.0921211
v -15.0000000 6.7950330 16.4570503
v -15.0000000 5.5587850 34.4742203
v -15.0000000 24.6479206 -22.6526699
v -15.0000000 26.3319302 -18.0684509
v -15.0000000 27.0291805 -65.3706970
v 1.1201820 24.5172501 -37.4695206
v -9.7073898 24.5172501 -83.4371338
v -5.1656432 1.0877210 6.1356130
v 9.7497063 -0.0246760 19.3493805
v -3.5164189 -0.0246760 34.5778999
v 15.0000000 31.4838600 -54.6448593
v 15.0000000 25.6570396 -81.0877228
v 6.9141598 29.8958607 -53.9952087
v 8.4807272 32.5172501 -55.6798706
v 5.3934369 32.5172501 -37.6222610
v -7.7787542 7.9753242 56.5287590
v -11.9290199 7.9753242 55.4906006
v -13.9272900 11.9305601 1.5788640
v -11.8376598 30.2312202 -23.6777706
v 6.1472292 31.6639099 -28.6544704
v -11.6964397 23.7311401 -29.8514709
v -11.8365498 22.5173092 -25.9164505
v -4.7151289 3.6261230 -0.1574220
v -8.5875454 0.3695210 9.4220343
v 11.0058603 -0.0246760 25.4225693
v 3.8710899 -0.0246760 52.1651497
v -11.5696898 -0.0246760 51.8039589
v 15.0000000 1.8509820 52.0892487
v 15.0000000 1.1663409 49.7577705
v 15.0000000 25.3921795 -29.6305904
v -10.7807398 32.5172501 -44.4123383
v -15.0000000 7.9753242 60.5791512
v -15.0000000 7.9753242 54.0361786
v -15.0000000 7.9753242 42.6592293
v -8.7714443 7.9753242 47.1079292
v 2.2631121 32.2583694 -32.4044991
v -2.2810631 5.8288178 -3.6392670
v -9.1971235 2.5948870 1.9331800
v -2.3488879 -0.0246760 39.4813919
v -4.0497370 -0.0246760 39.7461815
v 4.5323081 27.6202602 -47.2175903
v 8.2006063 32.5172501 -53.2033195
v 8.5179453 32.5172501 -48.9678917
v -6.7826338 32.5170212 -37.2929802
v -15.0000000 -0.0246760 57.6494598
v -15.0000000 24.5446701 -27.0568104
v -15.0000000 32.5172501 -61.6740417
v -15.0000000 24.5172501 -77.2990417
v -15.0000000 24.5172501 -67.6799011
v -15.0000000 25.7297592 -53.1165810
v -15.0000000 24.5172501 -48.7834206
v -11.5323896 7.9753242 62.8261986
v -8.8909159 7.9753242 62.3927689
v -5.0848780 7.9753242 62.5029488
v -2.7209370 7.9753242 60.2366409
v -11.0977602 7.9753242 47.7536888
v -12.0321703 7.9753242 45.0366096
v -13.6370001 7.9753242 41.3938103
v -11.1472797 7.9753242 28.6653900
v -14.2051697 7.9753242 31.4895802
v 6.3620801 24.5172501 -40.8954201
v 10.5112104 0.7824300 7.2950220
v 9.8156404 -0.0246760 15.6617403
v 14.1369400 -0.0246760 27.9008408
v 13.4525404 -0.0246760 33.9608002
v 11.0664101 -0.0246760 28.1750507
v 6.3557782 -0.0246760 22.1307392
v 9.2008629 -0.0246760 52.6629715
v -0.1267830 -0.0246760 25.3557491
v -1.7044851 -0.0246760 22.8979206
v -14.2241602 -0.0246760 26.2268505
v -14.0226498 -0.0246760 27.9027004
v -14.1742001 -0.0246760 31.0861397
v -10.4560204 -0.0246760 34.9131813
v 7.9883752 -0.0246760 53.8487396
v 12.0703697 -0.0246760 59.9243088
v -14.2832203 -0.0246760 40.8483391
v -14.2017298 -0.0246760 46.8961906
v -6.9823971 -0.0246760 53.8447914
v -13.9284897 -0.0246760 53.0616684
v -13.5000801 -0.0246760 59.6548882
v 15.0000000 3.4966841 45.0140686
v 15.0000000 -0.0246760 43.3916512
v 15.0000000 -0.0246760 35.7622490
v 15.0000000 2.4330730 13.0761995
v 15.0000000 3.3637879 2.4166470
v 15.0000000 24.5601501 -17.5935802
v 15.0000000 27.1396294 -37.3877602
v 15.0000000 24.5172501 -54.7892799
v 15.0000000 31.2724094 -41.3651810
v 15.0000000 32.5172501 -50.2482605
v 15.0000000 32.5172501 -52.1525612
v 15.0000000 32.5172501 -56.2541199
v 15.0000000 32.5172501 -62.9191589
v 15.0000000 32.5172501 -69.1935730
v 15.0000000 32.5172501 -71.8302917
v 15.0000000 32.5172501 -77.2013931
v 15.0000000 31.1928005 -81.0063934
v 5.2266831 -0.0246760 30.5580006
v 13.4286699 32.5172501 -74.9854965
v 12.7246799 24.5172501 -71.1556931
v -13.0300999 24.5172501 -74.2507401
v 12.0977497 -0.0246760 22.7782898
v 7.0000000 27.9519291 -58.8478088
v 9.4175034 32.5172501 -52.4323082
v 7.0000000 25.8459492 -80.3005371
v 7.0000000 27.0753593 -79.2451172
v 13.0250597 32.5172501 -61.6148987
v -11.6571398 26.1763592 -86.6252136
v -8.5080824 7.9753242 32.0607414
v -15.0000000 31.1627197 -51.8587608
v -10.3334703 12.2475996 1.1419179
v 7.2468839 1.9137141 3.6020131
v 10.6258698 -0.0246760 23.7624397
v 14.0224705 -0.0246760 17.9376392
v 5.7552400 -0.0246760 58.6879005
v -9.1482801 -0.0246760 58.7242012
v 15.0000000 28.3812504 -34.4908104
v -8.4592724 32.5172501 -85.4707870
v -15.0000000 30.7855396 -69.3660736
v -6.2551851 7.9753242 48.7367592
v -0.2804000 11.4007902 2.3911099
v 9.2103605 24.5172501 -85.7204590
v -1.1049440 -0.0246760 41.5616493
v -1.1153409 -0.0246760 46.7008018
v 15.0000000 2.5091400 38.6762810
v 15.0000000 27.7843208 -47.4559097
v 15.0000000 29.0019493 -83.2417831
v 7.8392620 32.5172501 -64.9585724
v -13.2612400 5.3695779 64.1436005
v -13.9713402 7.9753242 63.3109207
v -13.4724598 7.9753242 56.6660805
v -3.3902211 7.9753242 62.9958496
v -3.0517609 7.9753242 61.4849701
v -13.9300699 7.9753242 42.5473213
v -7.7306800 26.9254303 -16.8206997
v 11.1085196 24.5172501 -83.9432373
v -9.4176826 24.5172501 -84.9737091
v 1.3113310 21.0645695 -22.7008896
v -5.4821692 4.3590569 -1.4429450
v 1.1846130 1.3727210 5.1741719
v 12.4462404 -0.0246760 16.1434593
v 13.8260698 -0.0246760 41.3603287
v 7.5114479 -0.0246760 47.6673889
v 0.2728430 -0.0246760 24.4764900
v 7.9828110 -0.0246760 61.5013695
v 0.4639660 -0.0246760 61.5636711
v -14.2472601 -0.0246760 49.7344208
v 15.0000000 1.8294120 62.9260292
v 15.0000000 7.0601039 36.2088890
v 15.0000000 4.9607782 38.0722313
v 15.0000000 3.8816459 43.3425217
v 15.0000000 -0.0246760 60.4326591
v 15.0000000 3.1883390 23.9412804
v 15.0000000 28.5942707 -58.3384209
v 15.0000000 26.8445301 -84.3574524
v 15.0000000 25.5554695 -83.9371338
v -7.5406971 7.9753242 37.2189598
v -11.8866396 24.5172501 -61.2187119
v 5.5744801 -0.0246760 32.2873802
v -15.0000000 4.1865878 55.6335793
v -9.6628323 7.9753242 58.2809792
v -10.5566702 7.9753242 57.1952782
v -12.7726097 24.5172501 -82.1527710
v -8.5058575 24.5172501 -81.3629303
v 11.8769302 -0.0246760 21.0790901
v 13.1679296 -0.0246760 20.6935406
v -10.3358297 -0.0246760 28.8020802
v -10.3339701 -0.0246760 53.9991493
v 15.0000000 5.2228298 44.2142601
v 8.9447193 32.5172501 -59.0040016
v -15.0000000 4.0670400 38.1879196
v -15.0000000 25.7941608 -56.9959183
v -0.4090260 6.6114278 64.1436005
v -2.3662729 7.9753242 49.6689186
v -5.9753380 7.9753242 49.8216095
v -5.7447200 7.9753242 43.3072014
v -9.2498074 7.9753242 41.6676407
v -9.0759268 7.9753242 43.5409508
v -12.6330700 24.5172501 -63.5981789
v -3.0038960 20.8106804 -22.2241001
v -2.1767471 3.2080021 0.6234480
v -2.8243210 -0.0246760 41.9178200
v -7.6574812 -0.0246760 45.1339417
v -9.2784615 -0.0246760 43.0636902
v -10.4685001 -0.0246760 41.1877785
v 15.0000000 3.4692080 35.1476898
v 15.0000000 26.1474705 -55.8738289
v 15.0000000 29.6263809 -65.8039398
v 14.1922503 32.5172501 -39.4318810
v -15.0000000 2.7446589 43.8242683
v -15.0000000 6.1562858 14.9866199
v -15.0000000 2.7666440 58.5291595
v -15.0000000 4.1759830 46.0760117
v -15.0000000 6.7428260 23.5242290
v -15.0000000 6.3503070 22.4740391
v -15.0000000 29.2384892 -42.5291481
v -15.0000000 25.5311604 -78.7399673
v -15.0000000 24.5172501 -42.3869286
v -11.9297705 7.9753242 59.8174591
v -12.4049101 7.9753242 58.3471107
v -12.5386600 7.9753242 48.2706108
v -11.7631798 7.9753242 46.5597382
v -13.4688997 7.9753242 45.4767418
v -13.5730600 7.9753242 32.6272392
v -12.6064596 7.9753242 17.8361797
v -1.7472700 8.4248772 9.8074760
v -1.2120039 8.8795614 7.9539890
v -9.7770004 26.0976791 -15.5255499
v 12.9623404 26.5218506 -16.1457996
v 3.2693141 26.9708195 -16.8975697
v 3.5430541 28.3509808 -19.3747406
v 3.8246861 29.4846497 -21.8065491
v 3.6712201 30.4566307 -24.3510303
v -13.7878599 30.8953991 -25.6784592
v 13.1548500 30.9061699 -25.7077293
v -13.8625097 31.3506107 -27.3790302
v -12.1112700 31.8319206 -29.5600395
v 11.0225496 24.5172501 -61.5933495
v -12.4660597 24.5172501 -46.5065308
v -13.3430700 24.5172501 -70.4401932
v -7.0000000 24.5172501 -83.8058167
v 5.3216710 24.5136108 -36.6078987
v -13.3975201 21.7356491 -24.0649891
v 9.6863537 -0.0246760 20.6995201
v 13.3040504 -0.0246760 31.3870792
v 5.6382060 -0.0246760 20.0465794
v 12.1151304 -0.0246760 52.1145210
v 7.3652439 -0.0246760 45.1852989
v 5.6914239 -0.0246760 43.2676086
v -1.2287060 -0.0246760 32.3312988
v -13.8160696 -0.0246760 22.1679306
v -6.6667571 -0.0246760 34.4080582
v -12.5475798 -0.0246760 33.4843407
v -13.9593096 -0.0246760 34.3652191
v -14.0487900 -0.0246760 32.8061104
v 0.6654100 -0.0246760 46.8228798
v 8.4342585 -0.0246760 59.4615288
v 0.7698640 -0.0246760 59.3876190
v -6.6309819 -0.0246760 59.3837204
v 15.0000000 6.5350618 52.8785400
v 15.0000000 7.0714788 29.4986706
v 15.0000000 4.0910921 20.1340504
v 15.0000000 -0.0246760 18.7822704
v 15.0000000 25.6410294 -42.0160408
v 15.0000000 29.1139793 -61.3694305
v 15.0000000 28.6635494 -55.0580482
v 15.0000000 27.5323696 -72.0756989
v -7.0000000 29.4205208 -80.3680878
v -15.0000000 26.0488491 -54.3725014
v -3.8958759 6.5734730 64.1436005
v -5.9797239 7.9753242 37.7830391
v -5.8000689 7.9753242 31.3498993
v -9.1440792 7.9753242 31.0947208
v -8.5235634 7.9753242 38.7440681
v -9.4208155 7.9753242 37.0860901
v -10.5835800 7.9753242 35.9521217
v -14.0858097 7.9753242 38.8260498
v -12.8946505 24.5172501 -62.4350891
v 6.3569002 0.1372450 11.2065401
v -1.8460090 -0.0246760 51.1697693
v -3.1020529 -0.0246760 50.2827492
v -5.1921949 -0.0246760 43.0732498
v 15.0000000 2.5838211 36.7681999
v 15.0000000 2.6921690 32.7332611
v 15.0000000 26.9412804 -50.2070198
v 7.0000000 30.2660103 -78.9047165
v -7.0000000 31.3816700 -59.0445595
v -4.9528542 27.9447498 -48.2004509
v 9.0737734 32.5172501 -68.8865280
v -15.0000000 2.4019120 51.2143784
v -15.0000000 1.6524910 23.1174393
v -15.0000000 5.5894942 30.5868797
v -15.0000000 25.8812504 -75.7475433
v -15.0000000 30.2108803 -47.9865189
v -15.0000000 25.4200993 -48.0167694
v -3.2503300 2.0856531 64.1436005
v -11.4053802 7.9753242 52.1427193
v -10.8425303 7.9753242 27.1205502
v -13.3843603 7.9753242 25.6093292
v 5.6842618 7.9753242 15.6475601
v -8.3416624 8.7006760 8.6095133
v 13.6788902 11.8550196 1.6944391
v -11.5266304 26.5235405 -16.1508598
v 13.4884701 27.9536896 -18.5880508
v -6.4442592 31.9793301 -30.3805008
v 8.5940561 32.1590691 -31.4902401
v -7.0000000 24.5172501 -80.3122101
v 13.3188000 23.9055595 -30.7157898
v -8.5569611 23.5063305 -28.9794102
v 12.3731003 23.3132992 -28.2941608
v -8.4790525 21.9698200 -24.5762596
v -8.6883163 20.8983707 -22.3815498
v 12.3695803 20.3067894 -21.3308506
v 12.3288403 2.6843500 1.7397341
v 12.0418997 2.0004320 3.3678989
v -7.7128391 1.2386550 5.6049280
v -13.9410400 0.0187290 13.0454903
v 13.7096004 -0.0246760 24.7360897
v 11.2570105 -0.0246760 26.8087902
v 13.3200397 -0.0246760 19.3371105
v 11.8362398 -0.0246760 50.4349213
v 9.9978800 -0.0246760 44.3831406
v 10.1251202 -0.0246760 43.1591682
v 8.1865683 -0.0246760 39.9822311
v -1.3581409 -0.0246760 25.7360992
v -4.7039032 -0.0246760 26.8862400
v -6.3265948 -0.0246760 20.8467903
v -11.8589897 -0.0246760 31.0280495
v 3.4366269 -0.0246760 57.0097504
v 0.8590410 -0.0246760 53.2395515
v -11.5575104 -0.0246760 56.9425392
v 15.0000000 6.4704738 48.0811081
v 15.0000000 5.7312078 40.9893608
v 15.0000000 4.6731510 24.5233593
v 15.0000000 5.2067199 19.8315697
v 15.0000000 30.7799397 -76.4613037
v 15.0000000 31.1506691 -75.1574631
v -15.0000000 2.8968210 31.9689503
v -15.0000000 7.9753242 46.2969208
v -15.0000000 7.9753242 39.3389091
v -15.0000000 28.7894402 -72.5390015
v -15.0000000 26.9720802 -48.2881508
v 4.7994761 2.7870810 64.1436005
v -2.3293469 7.9753242 46.1426086
v -2.2341599 7.9753242 55.5561981
v -2.3699789 7.9753242 53.1928406
v -3.1251800 7.9753242 51.3306999
v -2.3929009 7.9753242 35.7443390
v -4.4613628 7.9753242 31.9927597
v -5.6905031 7.9753242 28.0056190
v -8.5370092 7.9753242 48.6111717
v -3.7802441 7.9753242 40.5044403
v -6.7692699 7.9753242 42.2104416
v -13.3162498 8.5301247 9.3322515
v -15.0000000 24.5172501 -61.7228699
v -12.9907503 23.4576702 -28.8028107
v -13.3653803 22.8046207 -26.6901493
v -13.6350298 21.0336800 -22.6223392
v -0.8320600 19.8183498 -20.5341892
v -9.6960068 18.4914894 -18.6191902
v 1.0861900 5.4973211 -3.1614430
v -0.6361910 3.4401059 0.1955070
v -10.7371702 2.2380090 2.7471919
v -11.8491802 0.5629730 8.3540707
v 12.0345898 -0.0246760 37.9077415
v 12.0831003 -0.0246760 34.5320892
v 6.7743859 -0.0246760 38.0394707
v 6.5453019 -0.0246760 36.4006691
v 4.9158840 -0.0246760 35.3842506
v 1.6478330 -0.0246760 39.0595284
v 2.4041970 -0.0246760 32.2811813
v 1.5873450 -0.0246760 30.6646194
v 0.5559270 -0.0246760 29.6251202
v -4.0855312 -0.0246760 56.9770317
v -6.8398218 -0.0246760 52.1916199
v -8.0970793 -0.0246760 49.9103508
v -10.2240295 -0.0246760 46.8367882
v -11.5557098 -0.0246760 44.2982292
v 15.0000000 5.5028920 48.7947006
v 15.0000000 30.6105003 -70.8171234
v 7.0000000 29.3140202 -72.6002731
v 7.0000000 30.1939201 -56.8674583
v -7.0000000 27.7232895 -82.5326004
v 7.0000000 32.5172501 -80.9863968
v 7.0000000 32.5172501 -77.1863403
v 15.0000000 32.5172501 -80.5216980
v 15.0000000 32.5172501 -78.6174011
v 14.0026197 32.5172501 -60.0212593
v 12.5144501 32.5172501 -56.5760117
v -11.5434504 32.5172501 -47.9631996
v -15.0000000 -0.0246760 60.9209404
v -15.0000000 -0.0246760 42.0732918
v -15.0000000 -0.0246760 39.3389091
v -15.0000000 -0.0246760 33.2354012
v -15.0000000 -0.0246760 30.6475105
v -15.0000000 -0.0246760 27.3271904
v -15.0000000 6.9285479 59.8394012
v -15.0000000 6.0208902 53.8561516
v -15.0000000 5.3884368 50.8119087
v -15.0000000 4.6165800 48.5410805
v -15.0000000 6.8870001 33.6643906
v -15.0000000 7.9753242 20.4912605
v -15.0000000 7.9753242 15.8037596
v -15.0000000 29.8700104 -82.2246628
v -15.0000000 32.5172501 -70.6095886
v -15.0000000 31.3037300 -74.2959290
v -15.0000000 28.1218700 -82.8689804
v -15.0000000 27.1580601 -76.6766205
v -15.0000000 27.0285397 -72.3184128
v -15.0000000 29.6132793 -61.5367889
v -15.0000000 31.5224991 -48.3322105
v -15.0000000 28.6502705 -48.8039513
v -15.0000000 26.2044506 -47.1807899
v -15.0000000 27.1240692 -44.3808289
v -15.0000000 25.7561092 -49.7551308
v -15.0000000 24.5172501 -56.5959206
v -15.0000000 24.5172501 -40.6291199
v 12.6152000 7.9753242 62.3902588
v -7.5480852 7.9753242 63.1758804
v -3.8988600 7.9753242 57.7527008
v -0.5584850 7.9753242 62.0373611
v -0.6230730 7.9753242 49.0733910
v -1.1461730 7.9753242 42.8312111
v -6.2438040 7.9753242 26.7073097
v -13.6888504 7.9753242 24.2025604
v -13.6158400 7.9753242 19.6750393
v 1.4577650 12.7923098 0.4392390
v -11.9825697 23.2246208 -11.7311897
v -6.2555799 28.0416698 -18.7547703
v -6.2630401 29.0512505 -20.7878895
v -9.6846199 29.5388393 -21.9379807
v 5.9116201 32.1268883 -31.2479000
v -11.2428703 24.5172501 -46.1445694
v -10.4743996 24.5172501 -53.0760689
v -10.7482595 24.5172501 -49.5386810
v -12.3665400 24.5172501 -57.3752289
v -12.5136003 24.5172501 -59.7946587
v -13.5076504 24.5172501 -61.0357590
v -13.2443399 24.5172501 -72.8012772
v -4.1552930 24.1113892 -31.7795105
v -2.8991511 5.3019791 -2.8840301
v 11.3372002 -0.0246760 18.0146198
v 6.4274750 -0.0246760 23.5762806
v 4.5518870 -0.0246760 19.0287094
v 10.9250097 -0.0246760 56.9476318
v 6.7549591 -0.0246760 49.8292084
v 5.3033309 -0.0246760 46.6425591
v 3.4184029 -0.0246760 44.4561386
v -12.6626596 -0.0246760 20.1373291
v 13.0135403 -0.0246760 63.5090790
v 15.0000000 7.3381720 59.4286499
v 15.0000000 7.1500220 46.9981499
v 15.0000000 6.5746160 38.6040497
v 15.0000000 5.4812360 39.4098701
v 15.0000000 7.1614771 25.2045498
v 15.0000000 7.0539241 17.4327106
v 15.0000000 4.2011881 26.2187195
v 15.0000000 4.2943082 40.4443588
v 15.0000000 -0.0246760 28.2549305
v 15.0000000 0.7861420 15.7019901
v 15.0000000 -0.0246760 22.6641102
v 15.0000000 25.3931503 -40.9459114
v 15.0000000 24.5172501 -51.0295105
v 15.0000000 25.3530102 -49.8870888
v 15.0000000 24.5172501 -56.3517799
v 15.0000000 24.5172501 -59.3302917
v 15.0000000 27.4779491 -44.2647209
v 15.0000000 30.9573402 -73.6836777
v 15.0000000 32.5172501 -73.4416199
v 15.0000000 29.8977699 -78.4996872
v 15.0000000 29.3463898 -80.9129486
v 4.1142139 -0.0246760 55.4384308
v -10.8941898 -0.0246760 55.4381409
v -7.4887700 7.9753242 43.8312187
v -3.3830099 -0.0246760 55.4500008
v -15.0000000 4.0454960 47.5651894
v -5.2045388 7.9753242 20.4170208
v 8.7280846 12.5424995 0.7569310
v 10.1005898 -0.0246760 18.2270908
v 11.6039200 -0.0246760 55.4031296
v 4.2005978 -0.0246760 43.0317383
v 15.0000000 6.0200830 34.5156708
v -8.7749348 7.9753242 53.6973000
v -5.8926139 -0.0246760 17.8215294
v -11.5782700 -0.0246760 27.9845200
v -11.5913696 -0.0246760 53.0089111
v 15.0000000 4.1186619 54.2267303
v -1.5491480 7.9753242 44.5064507
v -3.2387550 7.9753242 32.6456490
v -2.6157100 7.9753242 21.6265202
v -11.0946503 7.9753242 41.7676086
v -0.6262790 25.8857708 -15.2187500
v -0.7779520 27.2087193 -17.3005295
v -1.2882580 28.3448009 -19.3623409
v -0.9239060 29.5639591 -21.9988594
v -0.8159880 30.5491409 -24.6301708
v -7.5094652 19.2349300 -19.6634502
v -0.7998120 -0.0246760 40.2646484
v -11.7191801 -0.0246760 40.4147186
v 11.6633797 32.5172501 -52.5787888
v -15.0000000 28.8160591 -39.1911697
v 13.4466400 7.9753242 61.1208191
v -13.0548897 7.9753242 62.3106003
v -14.2955999 7.9753242 55.2319489
v -6.4701090 7.9753242 62.2605095
v -6.4401398 7.9753242 55.4954605
v -9.8536673 7.9753242 29.7445507
v -6.6613450 31.0795898 -26.3160992
v -6.4616718 31.6828995 -28.7379093
v -0.8886780 -0.0246760 28.8867798
v -13.5616198 -0.0246760 24.6597004
v -13.5642405 -0.0246760 37.1720505
v -15.0000000 6.5050602 47.0518913
v -9.5392027 7.9753242 34.5696297
v -5.8216782 -0.0246760 47.0754890
v -15.0000000 4.4616332 20.3466091
v -15.0000000 3.9703519 57.0613213
v -15.0000000 30.8062897 -53.6788597
v -9.1287603 7.9753242 56.5869484
v 12.3422499 -0.0246760 24.2455997
v 9.1714869 -0.0246760 47.0516586
v 6.6508198 -0.0246760 56.2533493
v -8.3508978 -0.0246760 56.2571602
v 7.0000000 29.3308792 -59.8229485
v -15.0000000 7.1057682 43.4041100
v -4.4606791 7.9753242 47.8899612
v -4.1201930 7.9753242 24.3337097
v -7.8000760 7.9753242 41.4422607
v -0.7283720 -0.0246760 44.2090912
v -8.0236578 -0.0246760 43.9345016
v 15.0000000 2.6565020 34.3885384
v 15.0000000 26.4395599 -56.9859009
v -4.2058058 7.9753242 61.8547287
v -11.1385298 7.9753242 49.3480797
v -12.4999399 10.6929197 3.5939250
v 11.2767496 24.3045292 -13.0677795
v 11.2320204 27.5601807 -17.8958092
v 11.2898598 28.8203297 -20.3167896
v 11.3578596 29.9133091 -22.8461208
v -7.0000000 24.5172501 -75.4088898
v -12.9476900 20.3035603 -21.3258400
v 6.8109059 -0.0246760 44.0454597
v 2.9424181 -0.0246760 61.5449982
v -4.5764852 -0.0246760 61.5378990
v -12.2648401 -0.0246760 61.2957001
v 15.0000000 25.5585594 -37.8463211
v 15.0000000 29.8578091 -82.3478394
v -5.0765891 7.9753242 36.5766792
v -5.7683988 7.9753242 33.0446701
v -9.7182426 7.9753242 32.7954712
v -9.9285603 7.9753242 38.9070396
v -12.7634096 7.9753242 38.0026817
v 6.0326538 -0.0246760 34.0008507
v -0.2025300 -0.0246760 50.6020088
v 15.0000000 1.3110700 29.0433006
v 15.0000000 2.7138021 27.0357399
v -7.0000000 25.3420105 -79.8328934
v -7.0000000 29.5018406 -63.1407204
v -15.0000000 3.3099790 61.7953186
v -15.0000000 2.7162809 55.8028107
v -8.3089943 7.9753242 57.7862587
v -7.8728142 7.9753242 26.5870209
v -7.8922400 7.9753242 24.2692509
v -8.3318748 7.9753242 20.5617008
v -13.3270998 10.0418501 4.8578100
v 13.4964600 10.5754099 3.8146491
v -12.5751600 2.4516361 2.2476001
v 13.6068697 -0.0246760 50.9800606
v 15.0000000 2.6214070 61.3274994
v 15.0000000 4.0812268 41.6066399
v 15.0000000 29.1570396 -48.6626396
v 15.0000000 28.0313091 -74.5914536
v 15.0000000 31.7320404 -76.3572998
v -15.0000000 3.6412940 33.3740501
v -15.0000000 7.9753242 50.7158699
v -15.0000000 7.9753242 44.5635185
v -15.0000000 5.2856631 47.2230606
v -15.0000000 5.1513181 45.4844284
v -15.0000000 28.0726109 -52.8156013
v 0.6001260 7.9753242 54.5809097
v -0.4381590 7.9753242 55.4851913
v -1.4871800 7.9753242 54.2425919
v -1.9714450 7.9753242 58.8926582
v -1.5834270 7.9753242 47.1694908
v -2.6117520 7.9753242 41.7017403
v -3.6206820 7.9753242 54.9232712
v -1.5882699 7.9753242 30.0431004
v -3.0471480 7.9753242 30.7916203
v -2.6101799 7.9753242 24.9054394
v -2.1423459 7.9753242 19.6972809
v -3.0882690 7.9753242 23.0993805
v -3.1159310 7.9753242 27.9849892
v -5.8867230 7.9753242 46.8794289
v -2.7537179 7.9753242 40.3516884
v -11.2694397 7.9753242 44.0212402
v -10.5501804 7.9753242 42.7139511
v -10.3992100 7.9753242 40.3167992
v -13.5890799 7.9753242 40.0679207
v -11.6603804 8.9892530 7.6112618
v -6.8724980 9.7246485 5.6023178
v -2.9878769 28.4776192 -19.6289501
v -2.6488121 29.4926701 -21.8259907
v -2.8548560 30.3485794 -24.0251694
v 13.7765198 24.5172501 -61.0459290
v -10.2373199 24.5172501 -76.3362732
v -11.2610397 5.4712420 -3.1348200
v -11.4401798 1.2416450 5.5927730
v 8.4816256 -0.0246760 38.8446693
v 8.2824869 -0.0246760 31.8985500
v 9.3233452 -0.0246760 29.0110207
v 5.0492692 -0.0246760 38.5110588
v 3.2158639 -0.0246760 26.5263996
v 1.7426370 -0.0246760 21.6140404
v -4.4321170 -0.0246760 42.2709312
v -8.2536526 -0.0246760 42.3818512
v -8.8867693 -0.0246760 46.0089684
v 15.0000000 5.8808169 59.3899384
v 15.0000000 29.9941006 -67.2941437
v 15.0000000 31.2505798 -63.6775398
v 7.0000000 31.2970409 -76.2434692
v 7.0000000 28.9820595 -61.3713608
v -7.0000000 27.7123508 -71.8247986
v 8.0991001 32.5172501 -60.0356712
v -15.0000000 1.2154000 46.0103493
v -15.0000000 -0.0246760 38.0449715
v -15.0000000 2.1019440 62.8787498
v -15.0000000 3.6832449 63.0869789
v -15.0000000 2.9543140 60.3436089
v -15.0000000 32.5172501 -82.4748230
v -15.0000000 32.5172501 -57.4748192
v -15.0000000 24.5172501 -70.6584167
v -15.0000000 24.5172501 -65.9709167
v -15.0000000 26.4527397 -45.8300705
v -15.0000000 26.2177601 -43.1261787
v -14.2470798 6.3506479 64.1436005
v -10.2609901 7.9753242 62.6135902
v -4.8909221 7.9753242 57.2136116
v -13.8765602 7.9753242 47.0088501
v -14.2950201 7.9753242 44.3872604
v -8.8865280 7.9753242 28.1596107
v -14.2423897 7.9753242 28.1930809
v -14.1184702 7.9753242 18.1738701
v -10.9367304 24.5172501 -54.4668999
v 9.1295853 -0.0246760 23.6061096
v -0.1926370 -0.0246760 31.1289196
v -2.1903560 -0.0246760 28.1417294
v -0.5423580 -0.0246760 37.1893311
v -1.7729400 -0.0246760 33.9602203
v -3.6592591 -0.0246760 28.0660591
v -6.8933020 -0.0246760 22.3123894
v -6.5363002 -0.0246760 35.3897285
v 1.3660949 -0.0246760 41.9706306
v 4.6479230 -0.0246760 47.7369118
v 13.2009096 -0.0246760 62.6824684
v -10.2973604 -0.0246760 47.8713608
v -6.5326171 -0.0246760 63.3969002
v 15.0000000 3.2209880 59.4783516
v 15.0000000 1.3194890 58.4191895
v 15.0000000 3.5076621 46.9161797
v 15.0000000 3.9288919 39.1521988
v 15.0000000 1.6551480 39.9798813
v 15.0000000 1.0840780 23.1862907
v 15.0000000 24.5172501 -42.5822411
v 15.0000000 24.5172501 -57.9142799
v 15.0000000 24.5172501 -60.8927917
v 15.0000000 24.5172501 -66.9963074
v 15.0000000 24.5172501 -73.1486511
v 15.0000000 24.5172501 -76.2736511
v 15.0000000 28.5783691 -63.3820114
v 15.0000000 29.9862499 -41.4736786
v 15.0000000 30.5077496 -40.2187805
v 15.0000000 32.5172501 -40.3361511
v 15.0000000 32.5172501 -46.2443504
v 15.0000000 31.2511997 -79.1524429
v -9.1617260 7.9753242 35.7411690
v 13.0918798 32.5172501 -76.5216293
v -15.0000000 6.7532830 30.0265903
v -15.0000000 25.2618103 -45.9547501
v -9.8514137 24.5172501 -55.5485497
v 15.0000000 2.2527549 55.4282188
v 15.0000000 25.8709602 -46.9229507
v -15.0000000 27.3275299 -59.4826889
v -2.0145950 7.9753242 48.4025993
v -5.0372248 7.9753242 49.0077019
v -4.4592848 7.9753242 50.5048790
v -8.6505890 7.9753242 42.6140099
v -9.3362608 -0.0246760 41.7290192
v 15.0000000 28.7381401 -47.0465813
v -9.4408150 32.5172501 -58.5228386
v -15.0000000 0.9519470 18.1765709
v -15.0000000 4.6287150 35.6752205
v -11.8984404 7.9753242 32.1822815
v -6.1513391 7.9753242 22.0927792
v -11.7914801 7.9753242 19.2991409
v 13.8796902 24.5172501 -50.1436882
v -10.9216204 1.7140620 4.1382389
v 15.0000000 29.2457695 -69.9576187
v 15.0000000 31.5380001 -82.7466125
v -15.0000000 6.4585919 48.6027794
v -15.0000000 30.2747898 -71.3081207
v -7.1633148 7.9753242 32.5694084
v 6.6014652 -0.0246760 35.2104607
v 6.8824582 -0.0246760 27.7933197
v -5.5690012 -0.0246760 42.1522102
v -15.0000000 26.2464504 -83.2947922
v -6.2994900 0.9695100 64.1436005
v -7.0898118 7.9753242 53.7967300
v -13.5832300 7.9753242 54.0755196
v -12.2370596 7.9753242 26.2301407
v 8.2119484 31.1107006 -26.4351292
v -8.1909046 24.5172501 -79.8793106
v -6.8407221 24.1986408 -32.4278488
v 6.7127171 22.3659401 -25.5186100
v 7.4147830 21.2517796 -23.0576305
v 8.2056808 19.1698494 -19.5669193
v -11.3659000 18.4230099 -18.5257492
v 6.7990279 4.6163321 -1.8526260
v 7.2905612 3.3460569 0.3704390
v 7.1184440 2.5546839 2.0235810
v 7.2909331 1.5591260 4.5837202
v 6.4201679 0.6120410 8.1093578
v 12.4338799 -0.0246760 25.7883205
v 8.4442139 -0.0246760 41.3604202
v 15.0000000 2.2763970 53.7943993
v 15.0000000 5.6930418 42.7104607
v 15.0000000 6.3973250 24.0873909
v 15.0000000 31.2145100 -50.9840698
v 15.0000000 26.8432999 -75.3432388
v 7.0000000 27.6701698 -77.8056870
v -8.1674042 32.5172501 -56.1342201
v -15.0000000 1.8513030 25.7453899
v -15.0000000 1.1081790 29.8986492
v -15.0000000 31.3629303 -63.9506493
v -2.7148111 7.9753242 43.1928596
v -4.2326450 7.9753242 21.7358894
v -4.5418000 7.9753242 28.4676304
v -7.2076201 7.9753242 46.2299995
v -4.4677668 7.9753242 42.3514900
v 7.2306461 -0.0246760 24.9756794
v -1.1417360 -0.0246760 53.9745712
v 15.0000000 6.9807320 60.7353706
v 15.0000000 3.0122859 25.5399094
v 15.0000000 25.7890491 -59.9600296
v 15.0000000 25.7978001 -61.6152916
v 15.0000000 25.7280693 -53.1980705
v 15.0000000 26.8931293 -47.3701706
v 15.0000000 27.5913601 -48.6007614
v -7.0000000 30.0904503 -64.1979828
v -12.4546099 32.5172501 -51.7200089
v -12.0394897 32.5172501 -73.7256470
v -15.0000000 1.2822700 55.6088295
v -15.0000000 2.9755340 48.1661186
v -15.0000000 2.8207231 42.0269012
v -15.0000000 1.2480690 41.1030312
v -15.0000000 5.1519041 29.2021599
v -15.0000000 3.4193850 29.0688896
v -15.0000000 5.8003421 55.1193199
v -15.0000000 6.8345180 38.4008904
v -15.0000000 6.9138780 36.9294701
v -15.0000000 28.0450592 -78.0283508
v -15.0000000 25.3914299 -84.4235916
v -15.0000000 31.3843098 -46.4803886
v -15.0000000 29.3875809 -40.9000206
v 9.7691650 7.9753242 62.5830688
v -13.8626003 7.9753242 57.9229698
v -15.0000000 7.9753242 56.0625496
v -13.5581703 7.9753242 51.1546898
v -10.4432297 7.9753242 50.9961090
v -6.8546190 7.9753242 23.6322594
v -3.7590210 7.9753242 18.8622608
v -10.4506998 7.9753242 17.0293999
v -10.9939899 23.7815895 -12.4152098
v 11.0905304 24.5172501 -85.4450989
v -12.6069899 24.5172501 -44.8798294
v -9.1254997 24.5172501 -70.5597916
v -7.0000000 24.5172501 -77.4315109
v -7.0000000 24.5172501 -82.0896530
v -12.5137501 0.0093630 13.2824297
v 9.7065363 -0.0246760 17.2162895
v 7.0935941 -0.0246760 16.1449108
v -2.3766229 -0.0246760 29.4001007
v -2.2782421 -0.0246760 35.6536789
v -5.3556781 -0.0246760 28.2378502
v -7.7874908 -0.0246760 20.8980103
v -9.3938818 -0.0246760 35.9802399
v 9.1141653 -0.0246760 54.8965302
v 11.8466597 -0.0246760 61.7440681
v 9.8764191 -0.0246760 63.3217087
v 9.0440111 -0.0246760 62.3196411
v 1.3738290 -0.0246760 54.4427299
v 2.2687061 -0.0246760 63.1762619
v 1.5266910 -0.0246760 62.1397705
v -12.7778702 -0.0246760 42.9989891
v -5.8513379 -0.0246760 54.8054810
v -5.2197542 -0.0246760 63.1759605
v -6.5157218 -0.0246760 61.9190102
v -12.6145897 -0.0246760 55.5678902
v 15.0000000 1.0698190 54.8365402
v 15.0000000 2.5528049 17.3793106
v 15.0000000 28.5677109 -45.0666618
v 15.0000000 29.4319401 -51.9206696
v 15.0000000 31.1714802 -44.4844589
v 15.0000000 31.4057598 -48.0355415
v 15.0000000 29.4542103 -59.6235313
v 15.0000000 31.0881596 -59.6268311
v 15.0000000 26.2758007 -85.5428772
v 15.0000000 28.2731094 -77.7707367
v 15.0000000 29.5971909 -83.9921265
v -10.9112501 32.5172501 -52.5155907
v -15.0000000 6.0272689 45.6342506
v -15.0000000 7.2663999 45.9090195
v -5.8381219 7.9753242 34.7367096
v -6.8275328 7.9753242 38.7051888
v 15.0000000 5.0829191 58.3679085
v -7.0000000 26.0073700 -76.7341537
v 12.4091902 32.5172501 -51.0228195
v -15.0000000 28.0102005 -79.4019089
v -15.0000000 29.8271503 -43.4479294
v -8.9988661 7.9753242 23.3346004
v -9.7322617 7.9753242 24.5733395
v -11.1244898 7.9753242 23.5967293
v 15.0000000 1.3300170 56.7007103
v 15.0000000 5.0286679 45.7269707
v 15.0000000 31.6069202 -49.6887093
v -15.0000000 1.4106630 36.9235001
v -15.0000000 29.5582409 -77.0156784
v -15.0000000 29.0106697 -66.9626617
v -4.9612679 7.9753242 51.7960281
v -5.6675429 7.9753242 23.8597794
v -6.9039721 7.9753242 25.0872803
v -5.4666381 7.9753242 45.4129410
v -7.1763949 7.9753242 45.0723114
v -8.6004047 7.9753242 44.9115791
v -7.9880981 24.5172501 -72.3197327
v 15.0000000 3.6833260 58.2409706
v 15.0000000 5.0809422 47.3264999
v 15.0000000 1.0264730 36.5054588
v 15.0000000 29.3849907 -76.9401398
v -7.0000000 25.4258499 -73.8258133
v -15.0000000 1.0594749 57.1778908
v -15.0000000 -0.0246760 21.4983406
v -15.0000000 4.0035238 50.9625511
v -15.0000000 25.8493195 -80.5445404
v -15.0000000 28.9124203 -44.0334396
v -15.0000000 26.8321705 -67.9690628
v 10.7412796 7.9753242 59.9566498
v -15.0000000 7.9753242 58.9678192
v -6.2221179 7.9753242 59.4917412
v -7.0502129 7.9753242 58.1825981
v -12.0398302 7.9753242 51.2960892
v -12.2124796 7.9753242 50.3098183
v 10.6055403 7.9753242 22.4562092
v -5.3971319 7.9753242 17.8841400
v -6.9178538 7.9753242 20.7174892
v 13.9428301 24.4822693 -13.2895803
v -13.3976698 25.3635292 -14.4626398
v 2.5953219 25.5988007 -14.8032703
v -11.8456202 27.4784508 -17.7573795
v -10.9933500 31.0372391 -26.1460991
v 13.4729700 31.2328796 -26.9158592
v 14.1907101 19.0384293 -19.3715801
v -13.6831198 4.5675249 -1.7932050
v 8.7220964 -0.0246760 18.4762993
v -4.1918468 -0.0246760 29.5387192
v -8.5566330 -0.0246760 19.5514603
v 10.4453402 -0.0246760 62.0128212
v -12.3338099 -0.0246760 62.9035683
v -13.2878799 -0.0246760 60.7832718
v 15.0000000 3.3535430 62.6528015
v 15.0000000 6.6156378 27.9839592
v 15.0000000 -0.0246760 20.1982899
v 7.0000000 28.2221107 -81.3439713
v -15.0000000 2.2114060 26.9977093
v -15.0000000 1.9467950 28.5173492
v -15.0000000 30.0945606 -73.3930664
v -15.0000000 29.3339291 -70.6363068
v -15.0000000 26.9137497 -50.8334084
v -3.0868700 7.9753242 39.1547890
v -7.7045851 7.9753242 39.7826195
v -10.5117197 7.9753242 31.6393604
v -11.0077696 7.9753242 33.4842606
v -11.5860796 7.9753242 39.0495300
v -12.9115896 7.9753242 39.2521400
v -12.3008604 7.9753242 36.2796097
v -13.8368196 7.9753242 37.2659111
v -0.2871980 31.3970509 -27.5617599
v 8.2728071 -0.0246760 28.1428394
v 15.0000000 4.0471120 27.5600605
v 15.0000000 29.5387993 -73.9879684
v -7.0000000 29.6252193 -61.1286697
v 14.0496998 32.5172501 -49.1320992
v -15.0000000 31.2225704 -56.2285118
v -15.0000000 25.4633293 -74.1220474
v -10.9489002 7.9753242 58.5433197
v -13.1877003 7.9753242 55.2264709
v -9.7744436 7.9753242 18.7764606
v -12.3004999 7.9753242 20.8553600
v 11.1707001 9.2408848 6.8317742
v 11.9509401 10.8224201 3.3502879
v -8.6851559 24.4133396 -13.2035599
v -12.3396196 29.6180992 -22.1301594
v -13.1457796 30.2508698 -23.7338200
v -13.7374697 31.7402306 -29.0499401
v -8.0067034 32.0225906 -30.6212692
v 14.1491098 24.5172501 -73.1311569
v -7.9080281 18.4144402 -18.5197601
v -13.8435097 18.6328392 -18.7950401
v -7.2800241 4.6879082 -1.9657500
v -9.7332153 4.0897918 -0.9794730
v -10.3625097 0.7408610 7.4841838
v 13.6801996 0.6567140 7.8856950
v 9.4554024 -0.0246760 24.7149296
v 10.8368597 -0.0246760 22.2321491
v 10.7615805 -0.0246760 20.8043900
v 15.0000000 -0.0246760 17.2197704
v 13.8149900 -0.0246760 16.3206196
v -1.4163080 -0.0246760 24.2944698
v -7.0671558 -0.0246760 19.3320198
v -8.8828259 -0.0246760 34.2889214
v -12.9991302 -0.0246760 28.8999996
v 7.9412022 -0.0246760 63.2359886
v 4.8705049 -0.0246760 59.8778915
v -10.1205797 -0.0246760 59.6926193
v -12.9496403 -0.0246760 53.8611908
v 15.0000000 7.0232019 45.4677086
v 15.0000000 26.0451794 -48.6660194
v 15.0000000 30.7815895 -49.4397697
v -7.0000000 28.0496902 -64.0002518
v -15.0000000 1.5343550 39.4907303
v -15.0000000 7.9753242 40.9014091
v -15.0000000 27.8805199 -43.0990181
v -1.5903260 7.9753242 63.1692390
v -1.4519210 7.9753242 60.5283394
v -3.4917490 7.9753242 58.6621895
v -4.9431119 7.9753242 55.9294891
v -7.0954642 7.9753242 51.4002991
v -1.3133970 7.9753242 27.3809891
v -7.5997019 7.9753242 49.8648987
v -10.7188501 7.9753242 45.3773308
v -12.4121599 7.9753242 42.6251297
v 2.1283340 26.4214993 -16.0022793
v 14.1237297 28.6431503 -19.9611797
v -13.6770201 29.6221008 -22.1398907
v -2.3445630 19.8453102 -20.5702705
v -2.6402650 -0.0246760 59.7943993
v -13.0087004 -0.0246760 41.4389915
v 15.0000000 5.3710842 51.3550110
v 15.0000000 30.9989491 -61.7978210
v 7.0000000 24.5172501 -84.9090576
v 7.0000000 24.5172501 -81.0170593
v 7.0000000 24.5172501 -79.6993027
v 7.0000000 24.5172501 -77.9065170
v 7.0000000 24.5172501 -75.4088898
v 7.0000000 24.5172501 -73.9991913
v 7.0000000 24.5172501 -72.0225372
v 7.0000000 24.5172501 -70.5055771
v 7.0000000 24.5172501 -66.1539001
v 7.0000000 24.5172501 -64.6216125
v 7.0000000 24.5172501 -60.6989594
v 7.0000000 24.5172501 -58.7989311
v -7.0000000 28.9696407 -64.4327011
v -7.0000000 32.5172501 -57.7569695
v -7.0000000 32.5172501 -67.7934418
v -7.0000000 32.5172501 -83.5683136
v 8.1369839 32.5172501 -71.1323929
v 15.0000000 32.5172501 -75.1505966
v 15.0000000 32.5172501 -57.4259911
v 15.0000000 32.5172501 -44.7306786
v 15.0000000 32.5172501 -41.8009911
v 15.0000000 32.5172501 -38.7736511
v -15.0000000 32.5172501 -39.5060692
v -15.0000000 32.5172501 -41.3615417
v -15.0000000 32.5172501 -60.4533386
v -15.0000000 32.5172501 -85.2091980
v -15.0000000 -0.0246760 59.3096199
v -15.0000000 -0.0246760 52.6201591
v -15.0000000 -0.0246760 45.1494598
v -15.0000000 -0.0246760 46.7607918
v -15.0000000 3.8533189 16.2942410
v -15.0000000 0.8267150 21.5913906
v -15.0000000 -0.0202890 14.6185398
v -15.0000000 5.1400580 63.4713783
v -15.0000000 6.9834919 61.4923592
v -15.0000000 6.4946141 57.9495201
v -15.0000000 7.9753242 32.0146904
v -15.0000000 7.9753242 29.1826591
v -15.0000000 7.9753242 18.9043407
v -15.0000000 7.9932508 13.7405195
v -15.0000000 29.9059792 -50.8638992
v -15.0000000 28.6156597 -56.6542511
v -15.0000000 24.5172501 -80.9123230
v -15.0000000 24.5172501 -79.0080338
v -15.0000000 24.5172501 -75.5412292
v -15.0000000 25.6629391 -68.3958130
v -15.0000000 24.5172501 -68.9494324
v -15.0000000 24.5172501 -62.6017799
v -15.0000000 24.5172501 -55.4728699
v -15.0000000 24.5172501 -39.0177917
v -15.0000000 24.5172501 -36.8205299
v 0.2333240 4.6967869 64.1436005
v 15.0000000 7.9753242 61.9951591
v 15.0000000 7.9753242 56.8193817
v 15.0000000 7.9753242 53.6943817
v 15.0000000 7.9753242 46.4434090
v 15.0000000 7.9753242 42.4394989
v 15.0000000 7.9753242 28.7920399
v 15.0000000 7.9753242 25.7646904
v 15.0000000 7.9753242 24.4463291
v 15.0000000 7.9753242 15.7549295
v 15.0000000 24.5172501 -80.4728699
v 15.0000000 24.5172501 -79.0080338
v 15.0000000 24.5172501 -77.4455338
v 15.0000000 24.5172501 -74.8576431
v 15.0000000 24.5172501 -65.4338074
v 15.0000000 24.5172501 -62.5041199
v 15.0000000 24.5172501 -47.6115417
v 15.0000000 24.5172501 -46.1955299
v 15.0000000 24.5172501 -41.1174011
v 15.0000000 24.5172501 -39.9455299
v -11.7204704 24.5172501 -66.4209595
v 3.8047030 7.9236770 -6.2230859
v 15.0000000 -0.0246760 52.6689911
v -13.2156000 -0.0246760 17.3431396
v 15.0000000 7.0626020 54.4938202
v 15.0000000 6.9127808 26.6175594
v 15.0000000 7.1216350 23.3234501
v 15.0000000 5.4897041 27.3368492
v 15.0000000 4.5755949 34.9501114
v 15.0000000 5.5898528 16.9155502
v 15.0000000 3.9821630 22.9594994
v 15.0000000 3.6031339 18.5687294
v 15.0000000 31.7514801 -39.7201195
v 15.0000000 28.5185795 -66.7054062
v 3.4502130 6.4203930 -4.3977470
v 7.0000000 29.0802898 -56.6657600
v -15.0000000 1.1169389 12.1989698
v -6.7655139 25.5673294 -14.7577000
v -6.4756842 27.3464794 -17.5338497
v -0.3295720 32.4648285 -35.1516113
v 10.1652498 32.1971397 -31.8344803
v -5.6741071 -0.0156650 14.0963402
v -15.0000000 25.4034691 -36.2863808
v -11.1067200 31.6635609 -28.6230106
v 12.0917597 9.5492668 6.0185719
v 15.0000000 2.7549479 5.0204039
v -9.1053772 12.6028204 0.6800690
v 15.0000000 24.5660706 -21.0896492
v 15.0000000 26.6124096 -24.7182007
v -15.0000000 6.0940919 5.5912709
v 7.8296661 23.2989407 -11.8220596
v -1.3444030 0.3779540 9.3374434
v 15.0000000 21.7319794 -13.3647203
v 15.0000000 25.6362095 -17.5498505
v 15.0000000 29.5413799 -28.9828396
v 15.0000000 25.9285908 -74.0348969
v 12.8334703 24.5172501 -46.3867607
v 12.5822001 24.2040291 -32.4154587
v 13.1053400 18.9910603 -19.3012409
v -7.0000000 29.3740101 -82.2593231
v 10.9504004 32.5172501 -60.7878914
v -15.0000000 27.9738998 -21.6528606
v 3.2525549 8.0726995 12.1621199
v 9.9339828 24.5172501 -55.6954002
v -3.5779850 0.0119710 13.2274103
v -12.0438204 32.5172501 -67.7708664
v -0.0013160 7.9753242 27.9894009
v 10.8556004 26.2151299 -15.6955996
v -3.3961639 27.0298195 -16.9975109
v -3.9092331 30.5448399 -24.6172009
v 15.0000000 28.3006992 -36.1750603
v -7.3535161 7.9753242 64.1436005
v 15.0000000 30.0743103 -72.4592819
v -12.9093599 32.5172501 -47.4819794
v -7.2510772 32.1882515 -31.7496300
v -10.7555199 24.3956909 -34.0679512
v 5.9985361 24.0200901 -31.2960491
v 6.6909208 23.6071205 -29.3656998
v -2.8527379 4.4361382 -1.5788600
v -8.1416149 4.0036941 -0.8280060
v -4.3260322 0.7173460 7.5856948
v 8.1124811 29.4821396 -86.6252136
v 10.7585802 28.3036804 -86.6252136
v -15.0000000 5.5927620 38.7553711
v -11.1730700 10.8563004 3.2869360
v 7.7933331 24.5172501 -43.2487106
v -12.3760300 24.4116993 -34.2271500
v 0.0613400 23.2373199 -28.0298691
v 2.3589499 22.4902496 -25.8435707
v 2.3201890 21.6033993 -23.7800694
v 2.6770029 20.5409107 -21.7458496
v 2.3821430 2.6224480 1.8730969
v 2.2094860 1.7201470 4.1218481
v 2.4616361 1.2267630 5.6468172
v 7.0000000 32.5172501 -72.1278915
v 8.4766998 32.5172501 -79.0100708
v 14.2913103 32.5172501 -45.0016098
v -12.3147802 32.5172501 -58.4880791
v 11.7310600 27.1261997 -86.6252136
v -15.0000000 30.8129101 -41.8615112
v -15.0000000 7.0805988 14.8165798
v 0.4332610 7.9753242 18.5503292
v 1.7054729 7.9753242 17.8463898
v -8.2096138 12.0688200 1.3973420
v -9.0267916 26.7643299 -16.5478592
v 1.7518950 31.9054298 -29.9692001
v 0.0144020 32.2889099 -32.6896896
v -14.1285000 24.5172501 -69.4609070
v -8.5422029 -0.0246760 15.9500999
v 15.0000000 7.0950761 14.0300703
v 10.3003902 24.5172501 -50.1073189
v 13.1876297 7.9753242 29.5971107
v 6.5097699 7.9753242 36.1711311
v 10.4778404 6.9721661 -5.0902529
v -1.5093540 4.8701882 -2.2425151
v 4.2609611 32.4289398 -34.1990395
v 8.5936813 7.9753242 49.1790314
v 5.8174191 7.9753242 29.7541904
v -13.5135498 32.1948814 -31.8135109
v 15.0000000 29.6851101 -75.3818817
v 12.3690796 7.9753242 40.8241806
v 11.2756100 7.9753242 41.9108582
v 12.3948803 7.9753242 49.1166306
v 7.8577948 7.9753242 47.5757408
v 0.2690570 7.9753242 39.4673195
v -8.6620979 0.6549020 7.8986139
v 7.0000000 26.1952991 -83.5202332
v -13.9453096 7.9753242 64.1436005
v 2.6874261 4.8092809 -2.1519749
v 7.8253198 32.5172501 -79.9126587
v 8.9083157 32.5172501 -72.6862793
v -15.0000000 6.9115801 28.4617596
v 13.5792904 7.9753242 23.8794994
v 3.5463240 7.9753242 55.2504501
v -15.0000000 7.9753242 47.5786591
v 9.6022587 7.9753242 29.1842804
v 3.6611581 7.9753242 25.9563808
v 8.6175728 7.9753242 16.0047092
v 11.8999901 7.9753242 16.0157909
v 8.6239853 24.5172501 -55.1158409
v -13.7927799 24.5172501 -47.3339500
v 12.8418703 0.0593290 12.1824303
v -3.5904460 -0.0246760 19.7094002
v 15.0000000 -0.0246760 59.1631317
v -10.3404398 7.9753242 55.7171593
v 3.6965339 7.9753242 33.3915482
v 15.0000000 27.9257603 -57.4021606
v -15.0000000 31.5899906 -40.1035805
v 3.1883180 7.9753242 45.4491005
v 9.3495483 7.9753242 22.5081806
v 2.7897179 7.9753242 23.0341091
v -11.3703299 24.5172501 -83.1345901
v -11.3726702 23.3150997 -28.3005009
v -15.0000000 30.2149200 -64.6699905
v 9.0817080 24.2750893 -33.0097198
v 5.7026191 0.9105240 6.7636418
v 10.9228401 32.5172501 -63.3856697
v 10.2507896 12.4577398 0.8653410
v 2.3714349 -0.0246760 20.3547096
v -15.0000000 25.8322601 -70.2982788
v 14.1430502 7.9753242 45.6471291
v 14.1325397 7.9753242 32.6662216
v 13.5200300 7.9753242 33.7612686
v 10.6378098 7.9753242 34.0248909
v -13.7358198 7.9753242 49.4410896
v -0.2446800 7.9753242 44.4588394
v -11.1671600 7.9753242 30.4792099
v 9.0265112 23.3306007 -11.8622599
v -8.0478716 24.5172501 -69.6516190
v -9.8111324 16.6667404 -16.3722305
v -4.1797209 4.9568968 -2.3710859
v -4.4893608 -0.0246760 18.5939693
v 5.3920388 -0.0246760 61.1594391
v -2.1115699 -0.0246760 61.1555481
v -9.8976727 -0.0246760 61.1093712
v 15.0000000 25.4401093 -82.3043213
v 15.0000000 25.7863102 -78.0439987
v 15.0000000 29.1959400 -85.5947876
v -15.0000000 27.0618496 -52.1637688
v 15.0000000 1.4967430 33.6235008
v 10.0666304 7.9753242 48.6980591
v 10.3615999 7.9753242 51.0206108
v 7.0456328 7.9753242 28.7780991
v 5.6522050 7.9753242 28.0288906
v -15.0000000 2.5958891 37.8432083
v 10.3348103 25.4874401 -14.6420298
v -8.2320538 32.5172501 -63.3040504
v 3.8403640 5.6598091 64.1436005
v 11.1842604 7.9753242 52.2189789
v 12.2196102 7.9753242 55.6744499
v 13.0579700 7.9753242 26.7871399
v 4.6781120 7.9753242 55.9208717
v 10.2644501 7.9753242 23.8611393
v 1.6912040 7.9753242 27.2927094
v 10.9889498 31.9624004 -30.2862492
v 9.0207167 24.5172501 -80.8914108
v -5.1587982 24.2156200 -32.5175781
v -2.3690319 -0.0246760 20.8113003
v -9.0014467 -0.0246760 18.2466698
v 15.0000000 28.6100903 -49.8928490
v 12.9093599 7.9753242 39.2753296
v 10.6378899 7.9753242 40.4095001
v 8.4371548 7.9753242 63.1061287
v 4.2749529 7.9753242 38.5341797
v 9.7131071 -0.0246760 26.0047607
v 7.0000000 30.2339706 -67.1039734
v -15.0000000 6.8235369 51.7357712
v -7.1330128 7.9753242 28.1837692
v -10.8509903 24.5172501 -71.5781937
v 15.0000000 4.8644471 52.7759399
v 15.0000000 30.8208809 -60.6686401
v -7.0000000 25.7369194 -82.8381729
v -7.0000000 32.5172501 -74.4512177
v -15.0000000 26.1289806 -62.6859512
v 15.0000000 7.9753242 58.4307098
v 15.0000000 7.9753242 50.5205498
v 15.0000000 7.9753242 44.4170418
v 13.0874596 7.9753242 48.0372200
v 10.6830597 7.9753242 55.3518410
v 15.0000000 7.9753242 38.0205498
v 13.8764296 7.9753242 37.0777283
v 12.8079004 7.9753242 35.3800697
v 11.3785000 7.9753242 36.3148384
v 15.0000000 7.9753242 14.7295399
v 12.1244602 7.9753242 20.9816799
v 3.2592931 7.9753242 59.8480492
v -13.6118097 7.9753242 60.1968613
v 0.3993370 7.9753242 60.5911102
v 1.1873240 7.9753242 58.5979805
v 0.5536190 7.9753242 45.4751205
v 8.1132822 7.9753242 36.0295105
v 9.4512444 7.9753242 30.6027794
v 7.0028882 7.9753242 30.3903294
v 12.7838802 7.9753242 17.4944191
v 8.3577375 7.9753242 26.1273193
v 11.3158798 7.9753242 17.4666805
v -1.2758380 7.9753242 36.9587288
v 3.1833169 7.9753242 28.3600693
v -0.2653780 7.9753242 30.9304600
v -5.0141020 32.3311081 -33.0844116
v -9.4195976 24.5172501 -54.2563019
v -5.9353719 24.4458599 -34.8350182
v -0.6169420 24.3541203 -33.6739693
v -6.0301628 0.7861510 7.2930770
v 8.4594698 -0.0246760 15.5279999
v 15.0000000 5.8310580 30.7708302
v 12.0893002 7.9753242 57.1539307
v 0.9764560 7.9753242 48.6826897
v 9.1120462 7.9753242 42.7642097
v -8.6082258 -0.0246760 47.1015205
v 10.9111099 7.9753242 49.6109085
v 15.0000000 31.2669392 -65.8986664
v -15.0000000 5.3223858 16.0157108
v 10.9076099 7.9753242 61.3382683
v 15.0000000 27.6841393 -52.2025108
v 7.6694880 7.9753242 60.2238007
v -15.0000000 25.2297897 -61.4197083
v -0.4378420 7.9753242 47.6257706
v -0.0369370 7.9753242 42.2775993
v -0.5811030 7.9753242 35.8266602
v 2.8181341 7.9753242 24.5648403
v -1.5740650 7.9753242 24.1680698
v -15.0000000 31.0308208 -62.5042801
v -15.0000000 27.5967999 -46.7279587
v -15.0000000 29.0276794 -85.4665527
v -15.0000000 27.0807304 -84.5866470
v 4.2477512 7.9753242 44.8520813
v 8.2384224 7.9753242 29.8168507
v 12.2335901 7.9753242 19.2909698
v 8.3355885 7.9753242 21.4612103
v 1.0600270 7.9753242 33.4762611
v 15.0000000 27.1327591 -45.9381790
v 15.0000000 25.7530708 -64.6246490
v -15.0000000 4.9264369 26.8564301
v 11.0510998 7.9753242 43.2766113
v 9.1407509 7.9753242 47.4659996
v 11.4793301 7.9753242 47.8238792
v 5.0077000 7.9753242 34.0069695
v -1.6477590 7.9753242 50.6225891
v 5.8887262 7.9753242 55.4694901
v 2.7248290 7.9753242 44.0281105
v 1.1117480 7.9753242 47.0278015
v 9.7651186 7.9753242 26.5277805
v -0.7001240 -0.0246760 20.7406197
v -6.1397400 -0.0246760 33.1569405
v 8.7176638 -0.0246760 58.1078415
v 1.2153920 -0.0246760 58.1933517
v -6.3021002 -0.0246760 58.1259384
v -15.0000000 30.0392208 -63.2934189
v 12.1870203 7.9753242 50.9659309
v 9.5349360 7.9753242 44.4496994
v 8.9269619 7.9753242 59.4345589
v 7.1277499 7.9753242 34.5116310
v 6.4866118 7.9753242 33.3100395
v 6.8169990 7.9753242 32.2887383
v 2.8800139 7.9753242 35.9530792
v 1.1576680 7.9753242 36.1561089
v 1.2182230 -0.0246760 52.0456696
v -15.0000000 26.5251408 -60.9984589
v -15.0000000 28.7457695 -49.9050903
v -14.0601597 2.1574960 2.9440861
v -15.0000000 5.2208238 49.7175789
v -15.0000000 27.4802208 -38.1294403
v 13.4977903 7.9753242 56.1993103
v 11.4372301 7.9753242 62.4997711
v 8.0975857 7.9753242 61.8663597
v 11.3481398 7.9753242 34.6600494
v 10.5440102 7.9753242 31.1794109
v 10.3002300 7.9753242 27.9329109
v 8.8724880 7.9753242 34.9064102
v 7.2515121 7.9753242 37.8272018
v 5.6539559 7.9753242 63.0914001
v 4.7328792 7.9753242 60.5824890
v 7.7402868 7.9753242 50.4407310
v 4.9856911 7.9753242 49.7737198
v 4.0296130 7.9753242 50.2966690
v 3.3110840 7.9753242 56.7453690
v -0.0343940 7.9753242 63.4093895
v -11.5531502 7.9753242 56.9663391
v -5.5934882 7.9753242 60.8802986
v -0.1324590 7.9753242 59.3235512
v 0.8691930 7.9753242 40.6025887
v 8.6452112 7.9753242 31.8879910
v 6.9982500 7.9753242 23.3659706
v 6.7545080 7.9753242 21.4594307
v 2.2690699 7.9753242 29.1952496
v -0.3757280 7.9753242 29.3524609
v 2.7867639 7.9753242 26.8934994
v 4.0798559 7.9753242 23.5683594
v 2.5110080 7.9753242 21.0785007
v -4.5405531 7.9893632 -6.2993350
v 15.0000000 7.1785879 19.0671692
v 15.0000000 6.6491189 21.8514709
v 4.9459929 7.9753242 32.2984886
v -15.0000000 1.3970410 58.6200981
v 4.9337239 7.9753242 54.5847893
v 9.4694824 7.9753242 60.9172707
v 6.2064309 7.9753242 59.8869591
v 0.9791590 7.9753242 55.9797707
v 4.0893450 7.9753242 43.3768997
v 7.6984520 7.9753242 31.2382793
v 7.6987648 7.9753242 19.9647999
v -0.0158310 7.9753242 20.9713898
v -15.0000000 4.6111598 58.0984993
v -15.0000000 1.6608980 35.5559082
v 3.4053459 -0.0246760 23.4656296
v 2.7970700 7.9753242 50.9813499
v 10.2699604 7.9753242 19.1273308
v 9.7990437 7.9753242 21.3367500
v -9.6090574 24.5172501 -79.2475204
v 7.3433180 -0.0246760 34.3105202
v 15.0000000 28.2192001 -50.9530907
v -15.0000000 3.2129190 52.8325996
v 6.5128770 7.9753242 26.4749699
v 3.8566999 7.9753242 37.2272911
v -15.0000000 5.3629808 43.2229614
v -15.0000000 29.0110493 -69.4592514
v -1.0228120 7.9753242 56.3209000
v 15.0000000 6.4472542 62.4511108
v -15.0000000 1.6671810 20.6251698
v -15.0000000 2.2180591 57.2745705
v -15.0000000 24.5172501 -85.3556824
v -15.0000000 24.5172501 -53.9592018
v -15.0000000 24.5172501 -49.7111511
v -14.0932198 4.8952990 64.1436005
v 12.6037903 7.9753242 23.7021599
v -10.2210598 7.9753242 46.7008209
v 1.7382210 7.9753242 54.6878891
v 4.7199321 7.9753242 46.1307983
v 2.4668291 7.9753242 40.8600006
v -1.0104960 7.9753242 40.8627396
v 8.1466789 7.9753242 33.4314499
v 8.9950123 7.9753242 20.1172791
v 6.2327948 7.9753242 20.2382698
v -2.0327401 1.0642720 6.2186360
v -0.1879010 -0.0246760 19.5062695
v 15.0000000 4.0508800 56.9652405
v 15.0000000 5.5669732 28.9818401
v 0.3981770 7.9753242 26.4780006
v -12.4840002 -0.0246760 34.4947205
v 11.4534101 7.9753242 45.9455910
v 8.9595356 7.9753242 53.0407410
v 9.2059746 7.9753242 54.7150688
v 15.0000000 -0.0246760 24.2815399
v -9.0629663 -0.0246760 27.9329300
v 5.7727880 -0.0246760 52.4806900
v -9.0956049 -0.0246760 53.1478691
v 15.0000000 26.9241009 -77.3317871
v 13.5097799 7.9753242 59.2470894
v 5.6927719 7.9753242 48.5947418
v -9.3348274 7.9753242 49.5846901
v -12.9941196 7.9753242 43.8744011
v -11.6390600 -0.0246760 16.7052307
v 15.0000000 2.2790301 48.1731491
v 15.0000000 -0.0246760 47.5420418
v 15.0000000 0.8959480 46.6649017
v 15.0000000 26.0358391 -63.1752892
v 15.0000000 24.5172501 -83.4757996
v 15.0000000 27.9078293 -69.3259430
v -15.0000000 1.2909859 52.4369202
v -15.0000000 4.6942739 25.3723793
v 4.2298741 7.9753242 27.6545601
v -8.4012079 24.5172501 -82.5673065
v -10.2780199 -0.0246760 27.3570309
v -10.1140203 -0.0246760 52.3839302
v -3.4337730 -0.0246760 40.8646011
v -10.7631598 -0.0246760 39.6329689
v 15.0000000 7.9753242 52.3271904
v 3.0533280 7.9753242 52.4351006
v 3.1913600 7.9753242 39.7375107
v -1.4478379 7.9753242 28.4970093
v -10.6827698 26.8831100 -16.7490292
v 15.0000000 4.9254041 21.2460403
v 15.0000000 26.7397404 -64.8381119
v -6.1523442 7.9753242 64.1436005
v -15.0000000 30.0522804 -49.2750511
v -7.8454652 7.9753242 52.4678612
v 1.7891380 7.9753242 39.4946404
v 15.0000000 25.4651108 -74.9272003
v 15.0000000 30.7562599 -85.4796906
v -15.0000000 7.0728312 54.4559402
v -15.0000000 28.6955509 -65.7718735
v -7.0000000 32.5172501 -76.0217972
v -7.0000000 32.5172501 -78.1133728
v -7.0000000 32.5172501 -85.2423325
v 15.0000000 32.5172501 -82.7189636
v -15.0000000 30.6923103 -43.5081711
v 15.0000000 7.9753242 59.9443817
v 15.0000000 7.9753242 55.4521904
v 15.0000000 7.9753242 51.4482918
v 15.0000000 7.9753242 48.4697685
v 15.0000000 7.9753242 39.2412605
v 15.0000000 7.9753242 36.0674286
v 15.0000000 7.9753242 33.5771904
v 15.0000000 7.9753242 31.4287605
v 15.0000000 7.9753242 29.8174305
v 15.0000000 7.9753242 22.9326591
v 15.0000000 7.9753242 21.6142998
v 15.0000000 7.9753242 17.5127392
v 15.0000000 -0.0246760 49.3242607
v 15.0000000 6.9500241 33.2000008
v -15.0000000 8.0631828 -2.3135130
v -15.0000000 8.1042252 0.7618620
v -0.1826260 32.5167007 -36.7385788
v -11.6003799 32.5172501 -82.3842773
v -15.0000000 5.5531869 0.0880370
v -12.2539797 8.3321457 10.2534399
v 9.2806606 32.5172501 -54.1399307
v 12.0589705 12.4865398 0.8278420
v -7.2875528 24.5172501 -37.4071198
v 2.8365221 24.0255108 -31.3256702
v 15.0000000 2.2771599 6.5960331
v 9.5380173 29.6389904 -86.6252136
v -3.4893270 7.9871402 13.9960499
v -12.4048405 32.5172501 -61.5278893
v -7.7595372 24.5172501 -85.0054932
v 6.5449209 31.3339195 -27.3133907
v 7.0000000 25.3112793 -69.6616592
v -8.4198389 8.9875908 7.6164188
v 10.6657200 5.5372939 -3.2281461
v 2.4943819 32.5172501 -37.9818993
v -15.0000000 3.2951789 18.0811691
v -9.8871088 24.4780197 -13.2842798
v 9.5421839 26.4133301 -15.9884596
v 15.0000000 25.3270893 -39.3734207
v -1.8533469 20.8533001 -22.3001995
v -1.8479170 4.0306430 -0.8757770
v 4.5548100 26.6563091 -16.3678894
v -12.5580702 32.3913918 -33.7398605
v -15.0000000 27.3404903 -56.5688400
v 5.5447659 24.4609299 -35.2003517
v 3.8204851 29.2748699 -45.5540009
v -15.0000000 27.5831394 -55.2465897
v -13.7336197 8.0883217 12.0238199
v 11.3204403 24.5172501 -82.7558594
v -4.1462588 24.3174191 -33.3651199
v 10.4373102 20.8103409 -22.2239304
v 10.5604897 3.9043651 -0.6519120
v 7.0000000 25.5122299 -75.7642288
v 9.4355230 32.5172501 -60.8086395
v 14.0963602 32.5172501 -71.1719818
v -13.3159504 32.5172501 -82.9793777
v -10.1667004 31.4942093 -27.9448204
v -12.6613398 24.5172501 -67.1393814
v -15.0000000 5.7783341 17.6694794
v -9.1378450 24.5172501 -75.3548965
v 4.7490840 7.9753242 30.8247509
v 3.2452910 7.9753242 31.7930794
v 10.9625998 11.8177299 1.7519070
v 12.9253502 24.5172501 -72.4343567
v -13.5341396 2.9524009 1.1622400
v -13.3853798 0.6976630 7.6830029
v 10.1601896 7.9755678 16.1260605
v -14.0459003 24.5172501 -67.6231079
v -7.0000000 24.5172501 -72.1144791
v 15.0000000 1.4677500 43.8917084
v 4.4426041 -0.0246760 31.1324997
v 2.3277979 7.9753242 46.0630684
v 1.4895210 7.9753242 22.0430393
v 15.0000000 2.7914889 49.2125206
v -15.0000000 25.8670692 -40.1430397
v 2.4982760 7.9753242 33.4364395
v -4.5263672 7.9753242 64.1436005
v -9.0966797 7.9753242 64.1436005
v -13.6858702 32.5172501 -62.2866211
v -15.0000000 25.6161003 -51.6202507
v 7.4434662 7.9753242 58.5828094
v 3.1192551 7.9753242 58.4022903
v 1.9541399 7.9753242 57.4337616
v 15.0000000 28.2256298 -65.1255264
v 9.5256968 24.5172501 -53.4140511
v -7.0000000 32.5172501 -79.8716736
v -15.0000000 3.1093881 19.9905491
v 1.8263561 7.9753242 51.9871101
v 15.0000000 1.8486290 59.6889114
v 15.0000000 1.3017550 32.1763802
v 12.5392103 32.5172501 -72.5494080
v -7.0000000 32.5172501 -71.0035782
v -8.6156178 31.5215797 -86.6252136
v -10.9351902 8.3836365 9.9997149
v -13.6968498 10.8815603 3.2401459
v -6.7136140 29.7268391 -22.3938904
v -10.0594997 22.7703304 -26.6011505
v 9.6843748 6.2215528 -4.1475701
v -5.2187958 -0.0246760 16.7633209
v 15.0000000 29.8116894 -50.3099289
v 13.7900801 24.5172501 -59.5247803
v 7.0000000 24.5172501 -62.7369003
v -11.8456202 32.5172501 -77.4360428
v -7.7583671 32.5172501 -65.0852203
v -15.0000000 29.2141705 -54.2979012
v 13.7120705 7.9753242 40.4462395
v -1.0183350 7.9753242 38.4338112
v -1.6223410 7.9753242 16.6762791
v 4.0676088 25.0406609 -14.0054302
v -15.0000000 24.5172501 -58.8908386
v -5.4664388 23.1382694 -27.6849899
v -5.5323458 22.5806103 -26.0872097
v -7.7954292 -0.0246760 25.4901409
v 5.3890171 7.9753242 57.0848503
v -15.0000000 2.0193861 54.1138191
v 15.0000000 1.2891760 61.3020096
v 15.0000000 0.6292940 59.8784294
v -15.0000000 25.7080708 -72.2571030
v 15.0000000 3.5847270 37.7361412
v 12.3223495 7.9753242 59.5205002
v -13.7070503 24.5172501 -85.5258636
v 6.8987331 7.9753242 24.9836197
v -11.4624596 24.5172501 -44.8441811
v 13.6656303 -0.0246760 23.4084892
v 15.0000000 0.9579960 51.3439903
v -1.7596320 7.9753242 31.6104794
v -15.0000000 30.0204391 -85.3423691
v -15.0000000 27.5386295 -66.7782211
v 3.4756100 7.9753242 62.6097908
v -9.9779644 7.9753242 48.0915718
v 7.3824391 -0.0246760 17.6062107
v -6.9276500 -0.0246760 16.7902908
v -7.6374211 -0.0246760 28.7411499
v 15.0000000 27.3687592 -62.1540489
v 15.0000000 25.7051907 -79.7928467
v 13.9112396 32.5172501 -41.8390808
v 3.7597079 7.9753242 22.2853298
v 14.0013199 7.9753242 53.3856583
v 12.8602600 7.9753242 52.5584412
v 5.5243859 7.9753242 53.2982407
v 13.6802301 7.9753242 41.8668900
v 4.7316608 7.9753242 36.2802315
v 2.4681101 7.9753242 30.7302895
v -8.0385532 30.5548706 -24.6474609
v -12.4567404 24.0026207 -31.2005100
v 13.6152296 7.9753242 43.8657188
v 10.8679705 7.9753242 56.9632492
v 9.7878304 7.9753242 56.9711685
v 9.8652401 7.9753242 35.4800301
v 4.6835790 7.9753242 62.0625114
v -1.4602370 24.5172501 -38.1565590
v 15.0000000 29.7963409 -42.4950409
v 15.0000000 26.9709492 -58.6203918
v -15.0000000 1.7654400 49.3403702
v -8.1489840 31.1290302 -26.5074005
v -2.7562480 -0.0246760 46.9923897
v -2.2042379 -0.0246760 52.7555618
v -15.0000000 0.8045560 54.2160187
v -15.0000000 4.4539371 37.0285988
v 13.9689503 7.9753242 57.5987206
v 12.9145403 7.9753242 37.2097282
v 10.0795403 7.9753242 36.8038406
v 6.0968261 7.9753242 50.2280388
v 2.2823310 7.9753242 62.8276787
v 7.8953772 7.9753242 22.5105705
v -7.7468319 -0.0246760 23.5740509
v 10.5845804 7.9753242 47.0320702
v 11.2113705 30.8551197 -25.5534897
v 7.0562391 7.9753242 51.2682915
v 4.1858320 7.9753242 51.9566917
v 4.2276411 7.9753242 63.2566795
v 0.1116580 7.9753242 50.3326988
v 15.0000000 30.4042797 -57.9442902
v -15.0000000 3.2184291 27.4579792
v -15.0000000 3.3312471 26.0491791
v 9.4671555 7.9753242 39.7296600
v -8.4303446 7.9753242 55.0373001
v -15.0000000 7.9753242 52.1807098
v 7.3098931 7.9753242 27.4727993
v -12.8863401 23.0793209 -27.4878998
v -15.0000000 28.3118992 -51.3871384
v 13.7373304 30.5325794 -24.5802097
v 1.3620059 -0.0246760 18.7731209
v 15.0000000 1.5033350 27.5464897
v 15.0000000 32.5172501 -66.6972427
v -15.0000000 32.5172501 -63.6271706
v -15.0000000 5.8161912 27.7754402
v -6.9888949 7.9753242 60.3533783
v 12.5418100 -0.0246760 17.6768608
v -3.1347661 7.9753242 64.1436005
v 11.7227697 7.9753242 30.7175694
v 12.4895296 7.9753242 42.5898018
v 4.6349192 7.9753242 29.3176098
v 13.8137903 7.9753242 54.5706482
v 3.6119881 7.9753242 48.8761902
v 4.8247781 7.9753242 26.3971691
v 12.6890602 7.9753242 25.4139709
v 10.8160601 7.9753242 29.5431595
v 3.7288020 7.9753242 53.7832489
v 5.5046659 7.9753242 34.9687500
v 14.0278502 7.9753242 47.2520103
v 5.8707919 7.9753242 58.4114494
v 12.2061300 24.5172501 -60.0568695
v -4.0483780 -0.0246760 17.3290901
v 7.0595808 7.9753242 52.5913391
v 4.9537420 7.9753242 50.9682007
v 9.8747120 7.9753242 25.3231697
v 7.9041762 7.9753242 39.3274803
v 5.0820508 7.9753242 40.0538406
v -7.0000000 32.5172501 -66.7285004
v -7.0000000 32.5172501 -69.1035538
v 13.5277300 7.9753242 16.2636795
v 13.5810699 7.9753242 18.8378696
v 12.2682104 7.9753242 44.3469391
v 8.0854139 7.9753242 44.2818718
v 9.0096817 7.9753242 55.9332199
v 1.8293930 7.9753242 59.6657715
v 7.9146538 7.9753242 53.7829590
v -0.4426880 7.9753242 33.6851807
v -15.0000000 27.2527199 -85.7716370
v -15.0000000 26.0806198 -85.5299377
v 13.5132504 7.9753242 20.6242599
v 8.8479214 7.9753242 37.9539413
v 6.8620820 7.9753242 56.8004990
v 6.7282162 7.9753242 47.2594299
v 5.9510469 7.9753242 44.8824196
v -0.2711500 7.9753242 23.4298992
v 10.6686497 7.9753242 45.0046806
v 13.9833298 7.9753242 25.5205097
v 11.6476297 7.9753242 23.7023506
v 15.0000000 1.2254820 21.1077595
v 11.2936802 7.9753242 58.2252388
v 12.4633799 7.9753242 32.4687500
v 4.5120358 7.9753242 57.6750984
v 12.8122101 7.9753242 45.5093193
v 11.6833096 7.9753242 37.9197884
v 15.0000000 27.7293701 -85.7671814
v 8.5578051 7.9753242 51.8655510
v 9.7095709 7.9753242 52.0777817
v -15.0000000 25.7837906 -66.8264313
v 13.7240105 7.9753242 51.7569809
v 10.2385798 7.9753242 38.3562202
v 5.7308521 7.9753242 51.5115318
v 2.4092569 7.9753242 47.8571815
v 11.5109501 7.9753242 39.2178993
v 8.0854635 7.9753242 45.8646393
v 5.7347851 7.9753242 24.2988396
v -0.3987500 7.9753242 57.9882507
v -13.6965504 -0.0246760 62.2860794
v -0.8824330 26.4394302 -38.7042503
v 15.0000000 7.4922981 9.9700537
v -3.1189370 27.5306301 -43.9144211
v -10.1866903 32.5172501 -37.5846596
v 6.0767350 28.4623508 -50.8700409
v 6.2046518 26.9356194 -51.1743507
v 4.5517230 32.5172501 -43.4833412
v -9.9539242 24.5172501 -51.0952492
v 2.0552621 23.7276096 -29.8479404
v 15.0000000 21.0737591 -20.4713097
v 15.0000000 24.9825802 -24.8831806
v 0.6758930 30.0925694 -38.3764000
v 15.0000000 2.7269299 11.3147602
v -0.9229280 30.5954304 -38.7882690
v -5.8033252 20.8905602 -22.3687592
v -2.5540199 27.5905209 -42.5941696
v -3.6757770 32.5172501 -39.2575684
v -15.0000000 17.8073292 -8.1854191
v -5.9949188 27.6691303 -50.6565895
v -7.6746998 32.5172501 -46.1252213
v -15.0000000 6.6836090 1.3019201
v -15.0000000 23.8482609 -18.4830704
v -15.0000000 27.1349792 -24.2119694
v 3.0556641 32.5172501 -40.5804214
v 4.9806709 32.5172501 -40.4704094
v 9.1549063 32.5155487 -36.5866699
v -13.2446003 32.5172501 -41.3081398
v 9.0606098 20.5046291 -8.5699797
v 8.8729210 32.3217888 -32.9967918
v 8.1929779 24.5172501 -73.0444717
v 10.0874100 24.5172501 -39.3341713
v 8.7082310 3.5240180 0.0233950
v 15.0000000 8.8873501 -5.9257421
v 3.2656600 30.1970406 -44.2573318
v 6.3270388 32.5172501 -39.8771782
v 0.0091740 9.3354568 6.5841808
v 2.4021060 18.8359203 -19.0808392
v 3.1527350 13.3353901 -12.5050402
v -2.8946531 29.2111702 -43.3902512
v 2.7079389 32.5051003 -36.3386993
v -4.0384588 32.5172501 -37.5184288
v -10.9915400 32.5172501 -60.7790909
v 10.9843798 32.5172501 -86.6252136
v -15.0000000 17.5549698 -15.5007601
v -15.0000000 1.6731520 14.9538698
v -2.2670000 10.6849899 3.6087461
v -11.5516901 16.7888203 -4.2566390
v 7.7808442 24.5172501 -68.1558380
v 6.9971771 24.5172501 -49.1372108
v 7.6329522 24.5172501 -38.7182503
v 4.4216018 1.8998110 3.6398380
v 3.7266819 0.4416010 8.9631920
v 15.0000000 3.8010130 6.2199540
v 15.0000000 27.2520809 -33.2704697
v 14.9999905 24.5172501 -36.9990997
v 9.0351448 32.5172501 -76.1366882
v -10.1265497 24.5172501 -82.1515884
v 12.2331200 30.4030800 -24.1894207
v 12.3587103 0.6231130 8.0535793
v 15.0000000 25.2590809 -23.7815609
v -7.0000000 24.5172501 -63.9320908
v -7.0000000 30.4333801 -56.5327911
v 15.0000000 24.5172501 -85.3312683
v 4.4701672 20.8777008 -22.3481503
v -15.0000000 1.5883420 61.5266800
v -7.5140800 7.9753242 17.7961998
v -8.0689821 24.5172501 -75.3564072
v -3.4800711 1.8856111 3.6762869
v 3.6083031 0.2378280 10.3572197
v 7.0000000 26.0154991 -82.2630463
v -5.5097418 6.4469810 -4.4311848
v -12.2295303 32.5172501 -63.2606506
v -8.7726097 17.3578396 -4.9171610
v 14.1307602 32.5172501 -82.3873978
v -3.4449780 7.9753242 49.4811516
v -4.0743780 7.9753242 45.9737206
v -4.1289678 21.4000092 -9.6093349
v 2.5489800 0.3714950 9.3200150
v 7.0000000 32.5172501 -64.5143509
v 9.4295273 7.9787350 14.5885897
v 3.5341220 25.9740601 -15.3465700
v 10.1035004 31.6786900 -28.7124901
v 12.5030403 24.5172501 -67.4195328
v -8.4478569 24.5172501 -57.8200798
v -12.0065298 24.5172501 -74.9103088
v 12.5962696 14.1985703 -13.5070200
v 3.6683581 11.0500898 -9.8522511
v 13.7436399 1.9806870 3.4209731
v -5.1622782 7.9753242 35.4645691
v -2.4841471 7.9753242 15.3600798
v -7.2650928 20.0152302 -8.0018740
v 7.0000000 30.5972004 -60.9025192
v 12.8101797 32.5172501 -52.6938400
v -9.6584883 8.9727402 7.6634612
v -12.2825298 25.2278996 -14.2662601
v -11.1297503 32.2291298 -32.1314087
v -14.0302496 24.5172501 -73.7223434
v 9.4497862 24.1161499 -31.8115997
v 4.0413032 21.9341393 -24.4989891
v 2.9587760 9.2375317 -7.7482190
v -7.8270679 2.1806030 2.9075339
v 7.0000000 26.2438107 -86.6252136
v 7.0000000 28.7952499 -66.9630737
v 7.0000000 30.0226593 -65.9941635
v 7.0000000 31.4266396 -71.5335236
v -7.0000000 26.1706905 -71.3300018
v -7.0000000 28.3088398 -62.2049103
v -7.0000000 29.5379391 -83.8955383
v -8.4372702 32.5172501 -42.9015007
v 8.8513918 3.9119101 64.1436005
v -5.2381930 7.9891672 13.8550701
v -1.5352590 9.4947968 6.1536918
v -0.4347830 19.8393593 -7.7977200
v -2.6093190 19.4974594 -7.4008441
v 13.8043003 24.1446400 -31.9442406
v 5.4356780 17.7410908 -17.6673393
v -1.9228830 11.7149696 -10.6240501
v -2.5272341 10.0463896 -8.6871500
v -4.0884328 11.2514601 -10.0860100
v -10.1135502 5.0739350 -2.5453451
v -7.7431688 1.6822979 4.2251239
v 2.7827210 -0.0246760 16.4516506
v 8.1979761 -0.0246760 30.1354294
v -7.0000000 30.6550999 -81.4479523
v 8.0120220 32.5172501 -68.5005417
v 13.6649504 32.5172501 -46.4587402
v -7.0000000 25.8610001 -86.6252136
v 13.7109404 -0.0246760 64.1436005
v -11.3868599 1.1452620 64.1436005
v 4.3690228 6.8979759 64.1436005
v -9.7721729 7.9753242 61.4710999
v 6.4459591 14.4306498 -1.5192560
v 12.0940399 19.3268909 -7.2028489
v 0.4570480 17.3460007 -4.9034200
v -1.1890360 23.7885208 -12.4238501
v 6.0119262 28.2575207 -19.1871796
v 2.3594749 29.6822891 -22.2858505
v 6.9784460 29.3718700 -21.5330601
v 5.5164008 29.3752708 -21.5415592
v 1.7406150 31.5776005 -28.2824306
v 9.6203690 31.9451103 -30.1900597
v 11.7789497 24.5172501 -76.7541275
v 8.3823290 24.5172501 -56.5603104
v 9.4080667 24.5172501 -61.0595589
v 11.1316004 24.5172501 -56.9404984
v -13.2697697 24.5172501 -66.0808487
v -15.0000000 24.5172501 -74.2472763
v -11.5735502 24.5172501 -73.3992081
v -3.9310479 22.4190102 -25.6536293
v 6.8325028 16.1469097 -15.7686796
v 3.6855481 16.6960392 -16.4061108
v 3.6967490 9.9842453 -8.6150093
v 12.5516100 6.8110461 -4.8892069
v -0.8563340 0.2124290 10.5705099
v 13.7095203 0.0141830 13.1610403
v -1.1983989 31.6707993 -28.6635609
v 10.3145304 24.5172501 -45.5467911
v 0.1795950 18.6303196 -18.8159103
v 15.0000000 0.9917880 41.1846504
v 15.0000000 2.2378600 23.2029991
v 3.7498810 7.9753242 34.7545509
v 15.0000000 3.1596220 13.9766302
v -13.7167196 31.5754509 -86.6252136
v -12.8602600 7.9753242 61.1006088
v -7.1576262 20.6060505 -21.8613396
v -3.1411431 7.9753242 29.2636204
v 6.6160598 -0.0246760 39.2695198
v 4.0366721 -0.0246760 38.8264809
v 11.1834202 7.9753242 26.4955692
v 11.3761997 7.9753242 25.2317200
v -15.0000000 7.9753242 62.4590302
v -1.8691550 32.4209595 -34.0680389
v 15.0000000 7.9753242 63.0693817
v 15.0000000 0.7236900 14.4720097
v 15.0000000 4.6021042 -1.7818040
v 10.2532396 24.5172501 -51.7926102
v 10.1594296 -0.0246760 59.6272583
v -14.0182199 7.9753242 61.5120697
v 15.0000000 30.2656498 -79.9017029
v 1.7396590 29.0878906 -20.8694000
v 10.3528299 -0.0246760 35.0014305
v 15.0000000 27.7245407 -56.2697906
v 1.6619600 -0.0246760 29.1763096
v -7.0000000 30.0443192 -62.2368393
v -12.1759300 0.8996450 6.8013330
v -15.0000000 4.6569600 60.6462784
v -6.4080329 7.9753242 57.1269608
v -7.0872998 30.7112598 -25.1193905
v 11.8049803 -0.0246760 31.0057297
v -13.4379902 -0.0246760 15.9450102
v -14.0457802 -0.0246760 45.3275299
v 15.0000000 -0.0246760 21.4312000
v -9.2259550 7.9753242 20.1352406
v 10.3632402 -0.0246760 51.3125381
v -15.0000000 4.0089278 30.6259193
v -2.7330480 7.9753242 34.0226288
v 13.5959997 -0.0246760 38.4666595
v -5.3288670 -0.0246760 53.2508011
v 7.9839830 -0.0246760 22.6756897
v 12.6625996 -0.0246760 40.1423912
v -9.3008347 -0.0246760 21.1091099
v -13.7940197 -0.0246760 54.7422905
v 15.0000000 25.9845695 -45.1101990
v -1.8294760 -0.0246760 58.1326790
v 12.0422697 7.9753242 53.7325401
v -12.5109396 28.0247593 -18.7199898
v 13.9528904 31.8539009 -29.6823902
v 3.3598690 -0.0246760 41.9452782
v -15.0000000 5.6449399 44.1283302
v -15.0000000 27.6036491 -49.9163704
v 7.4252710 -0.0246760 29.4384193
v -13.5375795 23.6932507 -29.6730404
v -14.1416101 23.0685005 -27.4408894
v -14.0297699 20.2935600 -21.3073406
v -7.6858578 -0.0246760 33.7865410
v -7.9750328 -0.0246760 35.6112900
v 15.0000000 2.4916129 57.9329605
v -4.4422402 7.9753242 30.2593498
v -12.2834702 7.9753242 40.5065689
v 0.4522380 29.2268200 -21.1812992
v 5.4790940 -0.0246760 24.5458298
v -11.8788300 -0.0246760 39.2115898
v 15.0000000 27.4788399 -54.5997696
v -15.0000000 32.5172501 -51.3613892
v -15.0000000 0.8295970 63.2168007
v -15.0000000 -0.0246760 62.5322685
v -15.0000000 2.2425499 24.1819801
v -15.0000000 26.7509708 -71.1406479
v -14.0574102 7.9753242 48.2222099
v 8.3915977 -0.0246760 25.3566895
v 13.5067501 -0.0246760 29.0183792
v 8.0537167 -0.0246760 24.1047592
v 6.2086349 -0.0246760 47.9080391
v 1.2148030 -0.0246760 25.1671505
v 15.0000000 6.9443560 41.7644081
v 7.0000000 24.5172501 -83.7292023
v -3.9092400 9.1542130 7.0998559
v -15.0000000 1.5904970 59.7688789
v 11.9496298 7.9753242 60.9346886
v -3.2959230 22.7413197 -26.5196991
v -5.1375651 21.4985695 -23.5572701
v -13.9417000 32.5172501 -63.8700294
v 7.8374581 7.9753242 42.4010696
v -6.8778858 7.9753242 18.8734493
v 8.0346737 7.9753242 17.1449795
v -5.3621449 23.6566696 -29.5471191
v 0.0689690 7.9753242 37.2494011
v -15.0000000 30.4430904 -39.9622002
v 1.5231560 7.9753242 44.6343193
v 1.4138761 7.9753242 32.0354004
v 0.9256320 7.9753242 30.2687302
v 15.0000000 30.9427109 -77.6701965
v 9.4956198 7.9753242 50.3857689
v 12.6945105 24.5172501 -58.3778114
v 13.7266102 7.9753242 28.4788494
v 6.5635839 7.9753242 45.6311111
v 3.5076489 7.9753242 47.2318916
v 13.9546700 7.9753242 35.3824196
v 12.0513601 7.9753242 33.8259811
v 13.5898504 7.9753242 30.9804192
v -7.5308981 32.5172501 -41.9251289
v 10.9982204 32.5097084 -36.4498215
v -15.0000000 7.0556698 6.8696108
v -10.9616098 2.8197939 1.4479311
v -7.0000000 30.0602608 -77.5971375
v -5.7388959 31.6825199 -50.0374794
v 4.4984770 24.5172501 -39.3435402
v -15.0000000 7.7191720 8.0458593
v -15.0000000 29.7734509 -27.7772999
v 15.0000000 14.0458202 -2.9433451
v -11.0541897 32.5172501 -45.5866203
v -8.3610344 7.9756479 14.9551001
v 1.1552310 0.5740240 8.2988520
v 7.4969692 32.5172501 -40.4391098
v -11.8113899 32.5172501 -46.7584801
v -12.1313601 32.5172501 -44.1445389
v -15.0000000 30.9185390 -36.5115204
v 10.8993502 14.9293900 -2.0981891
v -7.5046730 14.3673697 -13.7029696
v 15.0000000 13.2601500 -6.3840661
v -10.2449198 32.5172501 -54.9733887
v 11.4771299 24.5172501 -62.7338486
v -7.9098272 7.9753242 36.2189484
v 5.4855199 5.4485178 64.1436005
v -9.3601561 25.1588306 -14.1698399
v -7.0000000 27.6226292 -65.7830124
v 8.2548180 32.5172501 -74.6298294
v -7.0000000 27.1739693 -67.2156830
v -15.0000000 -0.0246760 19.7176399
v -12.8754797 0.1042670 11.5918303
v -7.0000000 30.4748802 -84.5490417
v -6.6897740 8.0345135 12.8384399
v -7.0000000 29.8149300 -68.6405716
v -13.5686197 32.5172501 -69.9386292
v -12.9158697 3.7565279 64.1436005
v 7.0551949 7.9753842 15.4829397
v 7.8629198 7.9858332 14.2264299
v 9.3419094 8.1119089 11.8341103
v -10.2613602 10.4122801 4.1239619
v 12.3485603 24.5172501 -83.3430634
v 9.1599121 20.3493996 -21.4064102
v 7.0000000 27.1733398 -82.4128571
v -12.5184002 32.5172501 -49.4516487
v -3.4177711 24.4717999 -13.2765198
v 10.6969700 24.5172501 -75.2970963
v 12.9711399 24.5172501 -57.1076508
v -6.4401770 19.7244091 -20.3979397
v -1.9360090 0.0373020 12.5759096
v 7.0000000 28.5966301 -82.6419067
v 13.8880701 32.5172501 -55.3014107
v -8.4095507 32.5172501 -61.9072304
v -12.9704304 32.5172501 -75.0494995
v 15.0000000 6.7878242 64.1436005
v -5.7163172 16.5976295 -4.0346999
v 6.8254809 30.2757702 -23.8052692
v 2.6992769 32.1048012 -31.0837097
v -8.4327221 16.8959408 -16.6401405
v 15.0000000 1.3946379 45.4045181
v -6.8901920 5.7396908 -3.4980190
v -8.1835527 26.8380108 -86.6252136
v 12.3496304 7.9753242 46.6668510
v -13.9588404 24.5172501 -71.7885208
v 8.5395546 -0.0246760 56.5177689
v -6.4140272 -0.0246760 56.5014114
v -12.4923601 -0.0246760 21.2454605
v -1.6687990 7.9753242 39.1371994
v 12.2861004 21.6202793 -23.8164291
v -15.0000000 1.8954680 17.6507702
v -11.4536505 24.5172501 -56.5367889
v -14.0265598 -0.0246760 57.7342987
v 15.0000000 5.5693460 57.0010796
v -10.6824102 -0.0246760 42.6832886
v -7.0000000 29.4800396 -57.8000793
v -10.0573797 19.7259407 -20.3957005
v -1.6905479 7.9753242 33.0056190
v -0.3149170 24.8549900 -13.7557898
v 15.0000000 30.6744499 -69.4464798
v -15.0000000 3.3750470 49.6647797
v -13.0941000 7.9753242 28.2364407
v 15.0000000 28.2049694 -59.7406197
v 15.0000000 30.4550800 -47.4999809
v 10.8234997 32.5172501 -65.1599426
v -15.0000000 28.8505993 -64.2474365
v 4.7562790 -0.0246760 23.1203194
v -15.0000000 6.7553582 19.1938210
v -15.0000000 30.8869896 -72.2931671
v -15.0000000 31.7143898 -71.0193634
v -15.0000000 32.5172501 -55.7902489
v -13.8773003 3.5859411 -0.0874040
v -12.3051901 1.4471999 4.8942790
v -11.6062098 -0.0246760 18.5742798
v -5.1010828 -0.0246760 35.7397499
v -12.6352196 -0.0246760 44.8383408
v 15.0000000 6.4682150 37.4279404
v 15.0000000 29.3220806 -56.5413094
v 15.0000000 31.3279991 -67.3503876
v -5.0667520 -0.0246760 51.4239807
v -7.7963152 -0.0246760 51.5810509
v -15.0000000 31.2085800 -79.4366302
v -10.4249496 9.8575315 5.2879348
v -13.8783503 1.1650690 5.8625808
v 7.3691812 -0.0246760 58.7764206
v 2.7467470 -0.0246760 53.1368103
v -0.4269800 -0.0246760 45.7929611
v -5.5032258 -0.0246760 40.5945511
v -0.4482690 -0.0246760 52.6341515
v 15.0000000 30.7370701 -68.4995728
v -7.0000000 24.5172501 -85.2155228
v 15.0000000 32.5172501 -67.9453964
v -14.0415897 32.5172501 -48.9052200
v -15.0000000 31.3468304 -77.7453613
v -15.0000000 25.4623299 -82.2370071
v -15.0000000 30.7254200 -57.4028091
v -15.0000000 32.5172501 -54.1178894
v -15.0000000 32.5172501 -49.4807396
v -10.3506298 7.9753242 60.1081581
v 0.8198020 31.3500996 -27.3770409
v -7.5478959 -0.0246760 18.3318405
v 15.0000000 6.6429219 55.8221512
v 12.0797501 22.8911400 -26.9299107
v -13.7209702 32.5172501 -70.9340591
v 15.0000000 27.5668697 -68.0652313
v -15.0000000 4.1400819 42.5437508
v 12.0018301 7.9753242 27.7666302
v 11.1466503 7.9753242 32.3122597
v -8.8182573 -0.0246760 17.2894592
v 7.2130742 7.9753242 63.0166512
v 6.1570978 7.9753242 39.2408409
v -1.3613530 -0.0246760 18.3150902
v -15.0000000 6.4519181 26.8402004
v 13.6868200 7.9753242 38.4306602
v -15.0000000 24.5172501 -45.6828308
# 5899 vertices, 0 vertices normals

f 4000 2361 3610
f 3391 4526 4662
f 5076 4913 3591
f 4416 4766 5153
f 4808 4224 5745
f 4224 4808 3933
f 4509 3513 3952
f 4384 4108 1187
f 24 2763 425
f 24 425 5732
f 4953 4954 5450
f 2655 704 4374
f 2099 2246 3995
f 2199 1427 1428
f 1935 2223 1492
f 1915 3031 5821
f 1008 1686 5818
f 3001 2278 2367
f 737 4885 736
f 347 104 103
f 1078 729 234
f 2201 2532 4877
f 1977 394 2345
f 2152 4586 5890
f 1154 5543 565
f 2884 4308 4207
f 3599 5236 4318
f 3261 2272 1174
f 1072 4946 2970
f 5125 5142 5204
f 1255 1927 5413
f 1412 830 3730
f 662 824 2737
f 2413 628 3622
f 1154 2054 129
f 5805 1897 1235
f 5251 4846 4501
f 1059 4501 4846
f 4351 5881 299
f 4420 5159 5243
f 2424 5398 5168
f 1134 99 2020
f 1583 653 119
f 5347 5375 4491
f 185 3017 1028
f 4712 2624 4646
f 4519 4429 4031
f 1426 5477 2622
f 4771 4769 4028
f 3030 3544 3195
f 3389 5162 2780
f 5003 3247 3992
f 4239 3707 2149
f 2264 2149 3707
f 5041 3350 3105
f 2682 5730 4099
f 4462 5314 1010
f 662 4462 1010
f 1416 3735 1311
f 661 370 296
f 1715 5618 125
f 2261 1343 591
f 2334 5769 692
f 3385 5764 5453
f 2788 303 3310
f 5133 1988 74
f 2026 2488 4989
f 4475 4259 4527
f 142 3578 1971
f 1109 4305 3328
f 5866 5878 2738
f 3241 3447 2562
f 3438 1641 3226
f 2865 1175 3264
f 5854 3972 4238
f 4704 5489 5699
f 4019 4704 5699
f 3123 4038 5839
f 2302 4329 3096
f 4292 5442 4388
f 2134 3482 4636
f 2098 3593 1805
f 4097 4295 4851
f 1059 695 3430
f 3839 3376 4349
f 2634 2804 5843
f 2301 3095 4329
f 3531 1903 3529
f 1456 1921 512
f 3562 321 3564
f 3975 4606 2502
f 1541 5078 2484
f 1365 3619 279
f 2290 5005 4755
f 3940 746 744
f 585 2662 3045
f 144 5628 5608
f 5868 5692 5324
f 2009 1606 1551
f 5011 3902 5338
f 3883 1384 920
f 3121 3122 5082
f 1440 1122 3088
f 1183 3294 3486
f 2170 1582 1885
f 3114 1336 2093
f 3883 5778 5783
f 2139 1832 5768
f 528 1110 5219
f 1682 1578 2015
f 5633 4929 4506
f 5305 558 4102
f 3267 3056 4161
f 2600 3487 757
f 1536 2238 1073
f 585 3045 2940
f 3596 5371 2289
f 4917 1906 4368
f 590 2942 3993
f 4167 4290 4575
f 4976 4491 5375
f 535 1355 494
f 3 1368 997
f 2370 3 997
f 287 4234 426
f 3700 3948 5313
f 3700 750 3948
f 1830 108 2029
f 665 5189 4709
f 1907 3536 2297
f 1134 276 605
f 5853 5854 2148
f 175 424 5495
f 424 175 285
f 1868 2126 2127
f 1792 2570 5771
f 808 5534 1386
f 29 2167 2166
f 29 1444 2167
f 5734 812 4564
f 1055 1919 3196
f 4009 4008 909
f 3434 3941 2461
f 996 1484 2128
f 995 996 2128
f 5847 5411 3680
f 1975 2233 1519
f 1947 218 2552
f 1587 4239 2149
f 790 3291 4100
f 4097 3614 3480
f 824 662 1406
f 3574 1782 1193
f 3373 2725 3708
f 1841 5598 3638
f 3823 3204 5643
f 3066 626 1669
f 326 1600 3576
f 5522 1960 5748
f 112 27 928
f 112 4187 27
f 1745 1592 5426
f 2837 2969 3242
f 1330 4922 5606
f 682 3180 3342
f 943 2057 3198
f 1167 2468 877
f 5354 1249 1248
f 3994 2384 893
f 4425 4770 2395
f 2450 5315 4876
f 3880 898 3788
f 1410 1035 2142
f 1189 1636 2497
f 5318 5574 3351
f 2450 4692 3033
f 902 1111 4942
f 1303 2170 930
f 1365 1932 2124
f 3619 1365 2124
f 1541 3789 5210
f 4372 2378 1738
f 2290 4755 3968
f 539 914 13
f 3123 4779 4332
f 1703 1586 480
f 2725 2738 3708
f 5878 3708 2738
f 701 5409 2550
f 13 3858 14
f 539 13 14
f 657 556 429
f 1458 4261 3547
f 2464 3651 2659
f 2995 1463 3413
f 2768 5146 4949
f 2882 4376 3272
f 2130 995 2129
f 995 2128 2129
f 464 2129 2128
f 4806 934 1409
f 3275 2981 2276
f 4123 5232 5185
f 66 1988 5868
f 2935 2921 1894
f 85 5409 15
f 1365 279 418
f 701 1365 418
f 3063 5252 2912
f 996 2127 2126
f 1483 996 2126
f 5674 1999 1815
f 2403 2661 1517
f 3273 2275 3999
f 1501 1647 581
f 1088 2909 2136
f 4734 2447 3871
f 2498 3637 3636
f 2073 216 1162
f 2833 2558 4891
f 3656 781 878
f 1570 2672 3501
f 1211 169 3952
f 1843 380 3093
f 5029 4273 2078
f 3614 5710 4300
f 146 3673 5872
f 623 2710 621
f 19 2723 1011
f 19 1011 5670
f 3145 1009 5314
f 4802 3481 420
f 5394 4802 420
f 61 539 15
f 1451 1918 845
f 3747 4604 677
f 451 1728 202
f 451 202 2896
f 1055 846 2285
f 5291 4134 127
f 4527 4730 2525
f 3612 5742 4166
f 3902 1563 4102
f 79 1316 565
f 2847 2242 961
f 3448 1972 2342
f 5656 5747 2831
f 4538 4240 5098
f 2423 5456 5449
f 1484 1261 1485
f 5693 3378 2419
f 3449 2094 957
f 996 995 2123
f 161 796 1207
f 4678 5386 371
f 723 5328 722
f 2702 1358 2112
f 4598 1145 4053
f 1776 2829 5747
f 2393 3806 650
f 4103 481 2045
f 251 2124 60
f 1763 60 2124
f 509 2044 1226
f 4006 5667 4863
f 5382 4151 4353
f 5520 3937 727
f 3411 4327 3094
f 1035 439 5784
f 2466 5626 3497
f 5464 5421 5147
f 464 1484 1485
f 464 2128 1484
f 5662 3782 4974
f 2298 5843 4325
f 1100 5535 1099
f 1760 1479 136
f 3588 4552 3965
f 85 15 14
f 539 14 15
f 2999 3103 2645
f 3506 1607 534
f 1680 1616 1832
f 1914 3312 844
f 2889 4315 4861
f 1508 34 2560
f 4462 2737 2736
f 3145 4462 2736
f 4463 5855 1618
f 5855 4463 4725
f 1587 2149 3708
f 3373 3708 2149
f 421 5670 1391
f 5801 4238 2147
f 3972 2147 4238
f 5801 5888 4238
f 4807 421 1406
f 2264 5819 2149
f 1387 4563 3695
f 4462 662 2737
f 5801 2147 3372
f 1963 5309 864
f 1085 399 1554
f 934 3899 5095
f 4807 1406 1010
f 2724 4807 1010
f 3972 664 2147
f 1115 1220 2955
f 2075 3109 1163
f 111 1011 1012
f 3147 1012 1011
f 2723 4807 2724
f 3599 3598 5236
f 2440 4688 2539
f 5373 5416 4584
f 3451 469 487
f 4616 3595 4159
f 19 421 4807
f 19 4807 2723
f 780 1194 2507
f 2724 1010 5314
f 5097 5385 1013
f 4238 5888 2148
f 5854 4238 2148
f 936 2048 5366
f 2693 2694 983
f 542 2693 983
f 3373 2149 5819
f 2811 2812 3418
f 1227 670 2191
f 662 1010 1406
f 4500 4888 2589
f 525 4355 3604
f 2723 3147 1011
f 111 5670 1011
f 2745 3012 2144
f 4244 2745 2144
f 4462 3145 5314
f 421 5385 1406
f 521 3051 3840
f 2740 282 2952
f 4533 3972 5854
f 1746 2501 3099
f 1153 838 2200
f 5137 2191 4251
f 2216 1481 1761
f 1244 1243 3203
f 5878 1587 3708
f 663 5866 2736
f 1218 2148 5888
f 421 1391 1013
f 5385 421 1013
f 5717 4710 4248
f 2954 1689 5344
f 2903 3480 3124
f 4342 3422 4138
f 4991 1346 5441
f 2403 3354 2661
f 2938 3801 3991
f 5866 2738 2736
f 2414 2736 2738
f 2414 2738 2725
f 2445 1590 4062
f 2700 535 2390
f 2451 3555 315
f 5110 4978 5668
f 1336 2402 393
f 421 19 5670
f 1669 5581 3066
f 2191 3160 4251
f 3160 2191 670
f 5790 4108 4010
f 2424 5168 5112
f 2414 1009 3145
f 2100 5787 1855
f 283 3304 1880
f 2433 1723 1720
f 624 1368 495
f 5633 4506 3135
f 4476 4267 2223
f 2180 191 428
f 191 2180 2207
f 451 204 3549
f 204 451 2896
f 4755 1176 3473
f 2540 4937 4061
f 1917 2329 2174
f 2869 3829 5859
f 1212 2027 354
f 3099 4265 3424
f 1120 4059 1315
f 2833 4891 2339
f 1450 5641 2399
f 1008 5549 3371
f 1534 3773 1803
f 1211 496 5349
f 1950 2830 1271
f 1868 2125 2126
f 2068 2126 2125
f 5381 4266 573
f 4218 3686 2513
f 4218 1870 3686
f 3502 4113 5415
f 1730 4774 4063
f 2116 617 1575
f 2858 3779 2856
f 917 2122 1000
f 5514 1000 2122
f 2002 2001 2859
f 3842 2259 2386
f 2019 276 1134
f 4123 5412 3306
f 4262 312 3410
f 4123 5845 5412
f 3854 3379 3016
f 5850 2491 5254
f 1581 2415 5285
f 2079 2829 1776
f 1746 3872 2501
f 456 5565 4372
f 1221 1885 1582
f 2771 4966 2773
f 326 709 1277
f 1325 2460 3434
f 1357 797 4455
f 4803 2136 2909
f 3836 4803 2909
f 140 3241 2090
f 4994 4995 5266
f 3341 938 5618
f 3642 5761 5359
f 1322 3097 1466
f 4262 3410 1462
f 665 4242 5735
f 5758 5757 5401
f 2023 5563 5794
f 1735 380 4064
f 4346 4410 4532
f 5860 3474 2982
f 231 1070 1081
f 231 1978 1070
f 1087 4635 2908
f 5492 5372 5024
f 4648 2706 3694
f 2492 4176 2618
f 4847 5105 2214
f 3218 4847 2214
f 2563 1512 2094
f 1321 2058 944
f 1142 1623 655
f 5281 4990 5321
f 5898 5364 5264
f 5398 5428 5457
f 5289 3872 2812
f 3888 5823 3347
f 1474 3429 694
f 4309 4233 4410
f 494 2389 5614
f 1909 4879 4936
f 2606 544 4989
f 5406 3161 5405
f 3062 909 4008
f 4735 4734 3871
f 4776 4734 4735
f 4434 3408 2300
f 4479 2576 2002
f 3823 1247 5645
f 2025 358 1693
f 490 3299 5414
f 4860 4858 4703
f 526 3927 2579
f 3070 5233 501
f 2009 1551 242
f 5628 1527 4149
f 5282 570 389
f 4182 4322 4421
f 553 4358 5716
f 1230 1231 4541
f 1188 1565 2498
f 3931 4627 2581
f 5433 5432 5106
f 3393 3177 4604
f 3795 2375 4654
f 3462 1813 4280
f 1763 950 60
f 3989 4606 2965
f 1671 4222 631
f 1478 1477 1596
f 5522 2088 866
f 2907 4843 2820
f 2907 3864 4843
f 4483 5424 2353
f 3274 4626 2883
f 4192 581 1647
f 3044 5786 1507
f 706 1970 5824
f 4387 2357 5130
f 197 436 4875
f 5532 5531 1003
f 4375 4082 3461
f 717 2856 3779
f 3208 2811 3418
f 5800 1863 3511
f 5202 2774 5242
f 1179 4669 4212
f 3999 4625 3676
f 4709 4533 4174
f 806 3896 1876
f 3392 4652 4396
f 446 3389 2780
f 3434 2461 3433
f 691 3404 774
f 1250 2377 1738
f 5099 5201 5484
f 3290 4845 5009
f 4657 171 4636
f 322 776 575
f 1991 4149 1527
f 5080 5090 4255
f 3064 2599 4217
f 3701 4221 2132
f 3293 3701 2132
f 5607 5659 1108
f 618 5840 5569
f 4863 5667 396
f 633 803 1002
f 3987 3910 4763
f 5068 4971 5325
f 2625 4712 4107
f 501 5233 3015
f 2339 4891 3233
f 3680 4577 5392
f 5023 5455 5676
f 71 33 4740
f 71 1402 33
f 4289 5164 720
f 872 1973 3239
f 3054 5424 2386
f 727 235 729
f 93 5284 233
f 2667 93 233
f 2169 1885 1221
f 890 1172 235
f 3388 5430 374
f 2507 2506 582
f 1155 1719 1633
f 4098 3680 5392
f 3156 4591 4592
f 1346 5116 5208
f 327 3239 3238
f 4802 5394 4505
f 4802 4505 3942
f 1660 2688 3364
f 1452 1920 2057
f 5822 3207 1253
f 2750 3072 5096
f 3669 4331 3891
f 866 5814 5672
f 2409 4866 5889
f 4437 5461 2456
f 630 5280 1137
f 2411 2695 3690
f 3225 3690 2695
f 1852 142 2344
f 1060 2906 2905
f 1060 2905 2213
f 3673 3600 3829
f 3219 4972 269
f 2200 43 3750
f 1438 2794 771
f 2517 4813 4124
f 1537 1810 3459
f 460 2907 2820
f 3309 4397 5700
f 1203 489 4036
f 3010 3894 4
f 414 616 1209
f 132 377 2795
f 1850 952 2073
f 3167 5154 5091
f 3614 4300 3480
f 5016 4950 5015
f 4391 5691 5614
f 5797 2237 1532
f 2078 1947 2552
f 137 271 1847
f 5070 5158 2374
f 3467 3468 3055
f 3612 4286 5264
f 1077 4293 1180
f 4953 5503 5034
f 4595 2745 4244
f 177 3923 4229
f 177 4229 3712
f 3209 1381 1324
f 3564 5182 2503
f 2312 1385 5783
f 1520 2662 2093
f 2816 849 3623
f 342 5393 2387
f 4226 4762 3338
f 590 2261 2942
f 4133 1430 2526
f 2644 4528 3560
f 1655 5705 5864
f 4202 3851 3297
f 914 351 2130
f 4146 2833 3110
f 330 1509 3322
f 4547 3039 3572
f 2467 713 3449
f 5358 5184 4634
f 727 237 147
f 5603 1749 315
f 2469 2840 1517
f 4771 3973 3815
f 960 1197 4554
f 4113 5873 5415
f 5801 3372 2722
f 4429 4773 4428
f 3639 3346 4690
f 4111 1091 4011
f 2985 4002 5861
f 5633 1873 632
f 4112 1533 1197
f 4259 4730 4527
f 3004 3121 4348
f 4057 2268 3912
f 3451 1518 1789
f 1314 2047 3631
f 4364 3285 5012
f 336 904 151
f 1529 3860 1527
f 3262 4481 2860
f 4417 1627 4516
f 2447 3412 4264
f 1702 440 297
f 4905 4213 790
f 2814 370 3758
f 4176 3629 260
f 4699 2878 4621
f 2294 839 4433
f 5404 5472 5493
f 954 2091 2837
f 2746 4932 4805
f 3136 2746 4805
f 1721 3538 3539
f 20 5784 296
f 281 2139 545
f 284 925 2955
f 2588 402 246
f 1275 3572 1966
f 5877 2144 3012
f 4342 2996 1465
f 1651 1652 2941
f 1877 498 2016
f 2396 5597 5286
f 1348 734 733
f 5142 5407 4996
f 2747 5259 2421
f 2140 1007 2142
f 1928 387 3035
f 2142 1007 4804
f 1410 2142 4804
f 4742 5627 2568
f 381 1739 1741
f 4440 4529 3658
f 5187 3022 5400
f 2016 416 350
f 2016 498 416
f 5339 5124 3021
f 333 3660 2098
f 1614 544 2606
f 661 1702 443
f 1447 1915 5821
f 5139 5766 4996
f 3556 4951 297
f 4069 3420 4736
f 1450 2399 3191
f 1136 800 4121
f 3495 2640 515
f 20 2814 850
f 3762 2549 4889
f 3136 4805 5534
f 370 20 296
f 370 2814 20
f 4805 4804 1386
f 4805 4980 4804
f 3394 678 5573
f 3927 2578 3920
f 4742 4912 1279
f 5060 4766 4254
f 1367 495 977
f 4804 1007 1386
f 3961 1015 1580
f 4906 5877 3012
f 5404 5493 4993
f 1015 3228 1016
f 1015 1016 1580
f 2745 3303 3012
f 2746 5259 4932
f 2030 1677 5532
f 4805 1386 5534
f 3816 1653 4442
f 5065 5100 5015
f 1099 5535 3311
f 3326 3842 2386
f 1159 167 1263
f 2327 566 379
f 443 1702 297
f 443 297 4951
f 4211 3123 5839
f 1014 3961 1392
f 1850 1773 952
f 3758 443 4951
f 5125 5063 5142
f 4703 4858 445
f 4833 2617 832
f 11 163 517
f 163 11 100
f 2749 1625 1705
f 3296 1199 1198
f 370 661 443
f 3758 370 443
f 5494 5500 5503
f 4666 1629 4772
f 3170 5175 2322
f 4013 503 4393
f 5536 4873 3348
f 3069 5702 4589
f 1087 2908 4633
f 4380 4531 3950
f 1637 317 2927
f 1861 794 4119
f 2756 1412 1709
f 1130 2944 3118
f 4186 3076 2624
f 957 1788 2168
f 4980 1410 4804
f 5129 5092 5754
f 221 860 4142
f 4362 3670 5871
f 2484 4117 2680
f 2353 5708 4617
f 4203 2350 2873
f 976 791 604
f 3920 2578 1998
f 5528 5275 1027
f 3054 5371 2249
f 775 2333 4907
f 3421 3098 3315
f 1826 1868 1609
f 355 1113 2545
f 1424 4414 5190
f 2618 3731 3488
f 4621 3728 3729
f 509 3729 3728
f 2445 4900 1590
f 4808 5837 3933
f 3499 1653 3849
f 3887 3815 4570
f 4173 4591 2613
f 244 245 5518
f 4114 1202 4113
f 1802 3592 888
f 3309 3795 4652
f 1122 3087 3088
f 1503 3238 3111
f 5304 1350 540
f 5101 5066 5068
f 18 622 17
f 253 18 17
f 3164 4254 5150
f 1400 652 818
f 1401 5551 1400
f 3611 5042 4320
f 4010 4646 4104
f 5232 3306 176
f 1326 2064 3433
f 2437 3032 2537
f 3169 5157 2524
f 2068 1483 2126
f 1725 306 2535
f 559 1311 2758
f 3676 4624 2758
f 250 604 3865
f 1612 1614 2718
f 4163 5870 3058
f 5472 5107 5486
f 4664 2623 4029
f 2925 2285 846
f 1670 2989 1871
f 3732 2758 4624
f 3732 559 2758
f 3735 3676 2758
f 1311 3735 2758
f 3341 5618 5286
f 4625 4624 3676
f 3029 3964 4879
f 3606 5865 5219
f 5657 3653 3654
f 1501 4923 1964
f 5012 3285 2244
f 3436 3227 3106
f 2956 2763 2190
f 472 5560 4878
f 2137 851 2334
f 3116 2307 4441
f 470 3917 3455
f 282 1579 3144
f 2451 4876 314
f 1989 3965 4552
f 5278 1027 1696
f 126 3527 2529
f 3941 3434 2460
f 3070 5734 4564
f 4041 4451 5863
f 721 5228 5825
f 3852 3956 1862
f 3305 3013 2150
f 5408 1423 5387
f 527 3799 4356
f 3252 962 3666
f 97 735 1289
f 3106 3227 574
f 5858 2479 2975
f 2190 4700 3739
f 2956 2190 3739
f 2776 5752 1046
f 2605 3302 2919
f 2190 2763 24
f 142 1971 1511
f 2992 4711 3490
f 5031 4698 2975
f 1513 5594 2468
f 4000 176 2153
f 3306 2153 176
f 538 2015 2016
f 1877 2016 2015
f 2727 4000 2153
f 500 2727 2153
f 4422 2395 2428
f 5754 5069 5365
f 3741 76 4026
f 2547 5789 2211
f 2727 3930 3475
f 500 2153 5412
f 2727 3475 4000
f 4701 4224 3933
f 2260 4758 2584
f 5572 5732 4459
f 4808 5745 5167
f 4224 5507 5733
f 5572 4224 5733
f 1761 1481 3440
f 5732 5572 5733
f 3897 5837 4808
f 3897 4808 5167
f 4757 5709 3932
f 2887 2364 5837
f 5636 2956 3739
f 5176 4350 4045
f 3423 1468 2454
f 24 5732 5733
f 2190 24 5733
f 4584 3709 4673
f 3933 5837 2984
f 4817 3155 5176
f 2103 1350 1369
f 5232 4809 5416
f 4809 5232 176
f 4809 176 3610
f 2190 5507 4700
f 5729 5239 4332
f 1545 1819 1818
f 5732 425 4459
f 2763 1419 425
f 705 2939 707
f 2727 4811 3930
f 2727 500 4811
f 3897 4673 3709
f 2887 3897 3709
f 2603 4122 3838
f 4224 4701 5507
f 5709 2151 3932
f 2776 4970 5752
f 1534 1803 3659
f 2190 5733 5507
f 3897 2887 5837
f 4332 5239 4038
f 1024 4460 4459
f 5698 2982 3930
f 1896 1419 2763
f 1024 4459 425
f 1419 1024 425
f 1752 2270 5028
f 1024 1419 1896
f 3897 5167 4673
f 4753 4318 3056
f 1670 4221 2989
f 805 918 1675
f 4810 2883 5698
f 2570 3890 5771
f 4224 5572 5745
f 4809 3932 2151
f 5416 4809 2151
f 4809 3610 3932
f 1441 3541 1099
f 657 429 430
f 499 4810 4457
f 897 3932 3610
f 3060 4757 4319
f 1142 1400 120
f 1210 351 417
f 2754 1626 5089
f 4811 5698 3930
f 373 2765 2935
f 5373 5232 5416
f 1886 1402 71
f 5858 471 4282
f 2463 5664 698
f 484 3315 848
f 3274 4225 3929
f 4811 500 4457
f 835 2527 1233
f 2847 1803 783
f 4751 4160 4617
f 283 1881 3515
f 2424 5112 3519
f 2518 5192 5345
f 1383 641 1114
f 4000 3610 176
f 3306 5412 2153
f 5294 2417 4812
f 3573 4330 226
f 5391 5217 3596
f 5814 4330 3573
f 4708 4174 4533
f 307 3545 686
f 3962 767 4106
f 1330 4923 3991
f 1402 556 763
f 5250 5242 3308
f 305 2798 262
f 1804 4897 1603
f 61 418 279
f 2426 5430 3388
f 5655 485 3350
f 383 3416 5884
f 2381 326 1277
f 644 285 4931
f 32 557 187
f 5721 32 187
f 3649 3800 2937
f 5781 108 1830
f 2175 2435 2176
f 2039 2175 2176
f 3526 1631 5744
f 966 1414 3733
f 1564 482 4534
f 4672 3694 2948
f 2100 1821 5787
f 1681 5527 1878
f 3322 713 1972
f 282 3144 2952
f 4952 2590 4671
f 5294 2729 2417
f 85 14 3858
f 251 3619 2124
f 2081 222 224
f 740 224 222
f 81 83 1155
f 3669 3828 2868
f 5319 5451 2374
f 2160 815 814
f 3607 1287 527
f 2806 5367 2332
f 1139 1095 110
f 5247 481 5335
f 3906 5247 5335
f 2921 831 2371
f 2736 2414 3145
f 5633 632 633
f 3652 3653 1968
f 1692 643 285
f 4414 4415 4178
f 2183 4594 1037
f 3437 2183 1037
f 5139 4996 5407
f 4486 3831 3270
f 16 1825 2120
f 85 3858 1066
f 1365 701 1932
f 1870 3512 4928
f 2541 2542 1736
f 1275 1966 779
f 3606 3608 3833
f 4487 3832 2248
f 5111 4255 4027
f 4203 3665 3817
f 1537 2972 4156
f 2921 2371 1894
f 1228 833 5446
f 4689 3200 5602
f 701 418 5409
f 1584 653 1583
f 2976 3269 2871
f 98 2899 743
f 3279 4378 1178
f 2816 317 4948
f 1597 1488 1932
f 3119 3003 5414
f 4562 2592 3959
f 2189 1420 1042
f 1347 5520 729
f 5058 2196 1423
f 2773 5241 3386
f 15 5409 418
f 61 15 418
f 1089 1564 4347
f 4326 3092 1843
f 61 279 5508
f 4199 3456 3917
f 5022 5136 5452
f 628 2604 3622
f 884 1990 1282
f 3255 895 1284
f 1475 4738 5322
f 927 1883 1021
f 1513 1167 1514
f 1370 1869 802
f 4526 3392 4602
f 3018 5333 667
f 3407 4901 2994
f 4547 2304 3039
f 3478 3739 4700
f 4138 4907 4737
f 4952 4405 2590
f 1276 1275 779
f 4158 3841 4750
f 4264 1925 1248
f 705 707 1502
f 3285 4039 4116
f 3651 1128 709
f 4075 853 854
f 2249 5371 3598
f 3979 4521 5104
f 5544 3041 3352
f 4905 4722 4301
f 4070 4736 3420
f 755 4928 3512
f 2036 762 817
f 4544 3108 4017
f 2968 1937 3562
f 836 5352 837
f 572 390 950
f 1715 3394 2396
f 2494 767 3075
f 5099 5113 4981
f 140 1195 2401
f 4339 5694 4768
f 2611 3627 4024
f 4025 4249 558
f 1353 5599 1207
f 2454 3348 4873
f 1094 170 634
f 408 2685 1
f 681 683 1906
f 4905 750 4213
f 5071 5159 4420
f 5713 3550 4691
f 3774 962 3252
f 4260 378 2203
f 797 1291 4455
f 4072 4607 5899
f 3270 3605 2482
f 489 1572 3299
f 4123 4675 5845
f 3969 4756 3329
f 3467 2976 5212
f 2326 1444 1443
f 781 3656 1196
f 5416 2151 3709
f 2887 3709 2151
f 4381 2991 5596
f 3992 3875 2288
f 3845 2034 1302
f 559 1310 1311
f 1474 3953 2548
f 5566 1993 4744
f 3377 4523 5796
f 505 3017 185
f 1570 4445 2672
f 4456 5312 2712
f 907 973 602
f 5556 1759 2019
f 4243 5095 5121
f 5143 5466 5481
f 198 4241 4126
f 5289 2812 2811
f 2791 3084 3083
f 4590 3155 2032
f 3503 5872 4537
f 851 5769 2334
f 2599 3486 3620
f 740 741 789
f 584 3889 3114
f 575 776 2070
f 1909 1840 3195
f 1849 856 517
f 1243 3201 5296
f 513 2437 3314
f 109 5511 1140
f 4222 2949 2279
f 179 4132 2159
f 1395 179 2159
f 3657 3582 1790
f 3097 5647 4938
f 2973 5715 1814
f 566 3344 5621
f 3204 5646 4065
f 3763 1061 1480
f 4278 3809 3460
f 566 3492 3493
f 2012 5793 5795
f 3543 2798 1723
f 2021 1292 916
f 2851 5077 4613
f 3262 4480 2868
f 5620 3091 3090
f 2702 1357 343
f 2084 5369 5370
f 2337 573 1639
f 5277 5314 1009
f 3563 3644 2646
f 3629 5791 5020
f 1191 2643 3433
f 4141 1946 4890
f 37 75 1799
f 37 648 75
f 1991 887 4149
f 4707 4706 3712
f 1350 3893 1609
f 4848 5229 4577
f 5678 25 3983
f 25 5678 2418
f 3181 683 2258
f 973 1573 602
f 4090 2290 5869
f 5544 1965 3041
f 2445 1732 4370
f 1947 4142 218
f 509 508 2044
f 4489 200 3609
f 1856 788 154
f 3230 4273 1163
f 2707 1574 4101
f 2609 1388 1619
f 4010 4107 4646
f 3570 3571 1780
f 5304 1370 5541
f 4214 3364 2688
f 5523 536 3619
f 2063 2998 3558
f 4193 4739 1967
f 3927 3920 3787
f 2599 3064 3486
f 2985 4003 598
f 2321 2524 2779
f 3638 2632 3345
f 2960 5026 4899
f 3772 3659 961
f 3048 4554 3590
f 4719 5663 3417
f 5488 5198 2195
f 2987 396 5489
f 4627 5831 2581
f 1680 1382 1138
f 2111 2412 1664
f 4895 2283 1902
f 3775 1805 2862
f 5367 5588 4690
f 2522 3020 5081
f 2327 3194 2799
f 3974 3086 3085
f 3669 2868 4480
f 83 3534 1838
f 2838 328 1510
f 1621 5525 555
f 3942 4503 5410
f 4056 5224 4472
f 5406 2280 3021
f 1848 137 1847
f 301 4129 2189
f 5110 5166 4978
f 936 5366 5597
f 2079 1644 2829
f 1400 818 1222
f 483 5596 4645
f 1795 3248 714
f 150 397 473
f 4992 4827 2744
f 5462 5357 3778
f 3608 5237 3879
f 3834 1544 238
f 4380 4304 974
f 1693 3150 2920
f 3208 3418 1744
f 3844 2728 3839
f 951 1849 138
f 1453 2805 2206
f 122 1404 2042
f 751 3689 3365
f 1136 4121 1361
f 2965 2817 5807
f 5299 1793 4911
f 1251 1250 3207
f 2965 693 2817
f 1008 3371 1686
f 2337 1640 1765
f 1067 1332 3243
f 790 4530 3291
f 4961 1980 1791
f 754 5521 5519
f 844 3312 2924
f 870 3042 1193
f 432 3856 1403
f 2069 3440 324
f 1199 2346 1198
f 239 3938 232
f 1775 4890 1941
f 2683 4452 2684
f 3353 5625 141
f 5588 4774 4690
f 4337 4599 3984
f 4518 5582 4517
f 1274 2557 1953
f 2934 2608 550
f 1767 5073 1265
f 3351 3350 485
f 3600 3677 2870
f 2971 2470 3246
f 4777 5298 1646
f 3100 2270 4783
f 3294 1611 2602
f 3103 3643 3349
f 3776 892 4874
f 3864 909 2387
f 5742 4558 4166
f 3531 1905 1903
f 1305 1303 930
f 519 3915 1535
f 2781 5485 5094
f 3057 3328 5218
f 2761 3738 672
f 4366 3985 3986
f 215 4908 3319
f 1622 1222 1582
f 1872 1137 3957
f 1304 817 762
f 3910 4773 4324
f 5276 1470 253
f 2655 953 5841
f 1151 2398 1630
f 5577 2913 5809
f 5780 1343 2261
f 4383 4106 4713
f 2096 1528 144
f 2380 1592 3419
f 5514 1615 1000
f 1672 630 1137
f 5452 5396 5712
f 3146 2725 5361
f 3323 331 2383
f 3748 5306 2050
f 4713 4525 4714
f 4014 4727 5883
f 5592 3954 1937
f 675 3741 832
f 894 4151 3594
f 4034 4195 1650
f 1214 635 998
f 3151 2611 4762
f 3088 3087 133
f 4052 5883 4727
f 1909 2800 4879
f 3628 4239 1587
f 646 4043 499
f 1121 1632 129
f 5074 1774 1498
f 1763 1932 1488
f 710 2561 2382
f 1328 1851 1951
f 5692 1339 4743
f 4616 4159 4482
f 4580 4579 4759
f 5681 1180 4293
f 3220 389 571
f 2894 243 971
f 4876 5315 314
f 577 1644 1163
f 3652 780 3653
f 3030 1840 842
f 5390 5885 5893
f 3721 299 4725
f 1119 2395 562
f 2194 2193 5422
f 2194 675 2193
f 3483 3863 2487
f 4519 4031 4307
f 2666 1985 1986
f 1461 3407 2994
f 3663 3848 3662
f 5592 5655 3954
f 4629 3609 2582
f 5448 4765 3985
f 5448 561 2619
f 5448 2619 4765
f 2429 4603 4686
f 1519 2233 1977
f 2762 3478 3278
f 4860 4703 5210
f 153 2254 969
f 571 389 1934
f 4580 3979 4579
f 3216 3760 3427
f 3164 2194 5422
f 1376 631 4800
f 3446 1506 1502
f 1454 2802 1726
f 5068 2776 5180
f 4416 4767 3907
f 1029 3806 2393
f 1296 1378 804
f 1668 166 913
f 2618 4176 261
f 888 960 3048
f 4502 4098 5392
f 139 780 3112
f 79 565 1152
f 3407 3406 4901
f 1526 3498 2566
f 4246 5096 4175
f 2512 4100 3615
f 561 4026 2619
f 1493 5041 1497
f 932 2041 657
f 2265 5418 5136
f 5508 478 914
f 5432 5433 4706
f 3590 4554 4988
f 2056 2799 1450
f 2362 2983 5120
f 267 3347 3424
f 397 787 473
f 2510 3001 5329
f 5571 1961 1192
f 3716 5697 4856
f 3338 4762 2611
f 3514 1672 5600
f 5075 2076 3109
f 2697 411 1558
f 2697 2827 411
f 4571 2623 4567
f 2689 3127 410
f 5668 5334 3307
f 3021 5124 3161
f 4112 2238 891
f 832 3741 4026
f 5016 5015 5437
f 954 1514 2091
f 678 2787 5573
f 3388 374 2046
f 2583 4212 4165
f 5694 4682 2957
f 2783 2198 4423
f 1272 2556 861
f 3977 4089 3671
f 324 1267 699
f 3054 2289 5371
f 4234 2420 3854
f 5187 5036 3022
f 1123 697 5343
f 312 2994 4901
f 807 5524 1679
f 143 2571 2288
f 2675 2880 3675
f 3074 4645 5596
f 5830 2358 5118
f 2419 5176 504
f 3396 26 5306
f 5699 5489 4294
f 3796 5699 4294
f 5265 5266 5765
f 5266 5265 5273
f 413 5827 1833
f 2704 613 5256
f 419 2719 2910
f 419 2910 3863
f 4236 4933 3853
f 1133 1076 1077
f 1985 4147 1986
f 4602 3392 4396
f 5331 5175 3170
f 4602 4663 4662
f 3426 1102 5301
f 167 1159 992
f 167 992 2117
f 3878 5870 896
f 289 816 69
f 3987 4763 3886
f 552 3886 4763
f 358 5252 926
f 358 926 3150
f 4370 1734 2376
f 3148 2314 5468
f 3057 2578 3927
f 132 2795 4260
f 4260 2795 378
f 2302 2449 4329
f 4466 4246 4511
f 5568 3508 3691
f 3643 5568 3691
f 1673 5394 170
f 1941 1268 324
f 2714 2713 2604
f 2676 5711 595
f 2657 704 2559
f 278 3301 3131
f 447 2923 2793
f 4141 4890 5622
f 1441 3187 3541
f 2302 4719 3417
f 667 2043 3381
f 5205 5174 5102
f 1522 958 2471
f 5491 5449 5892
f 3277 2291 1287
f 3551 1242 3201
f 330 3322 1972
f 1923 4937 3988
f 5788 4563 3143
f 338 3939 2896
f 3601 3599 2003
f 1934 389 1158
f 2549 1062 1758
f 1595 2547 3761
f 5478 1407 5097
f 4087 5212 3469
f 3989 2502 4606
f 1635 3191 2399
f 1491 3435 4830
f 547 1617 356
f 2319 4254 4766
f 5559 1341 2574
f 1976 2469 3245
f 4718 3717 4110
f 2750 4247 4677
f 2050 2199 1428
f 4206 5690 4205
f 381 1845 3095
f 3523 4542 4132
f 990 1864 12
f 1166 711 2465
f 2892 5666 4494
f 3181 1444 29
f 3414 4328 2301
f 1471 2457 515
f 130 1317 131
f 4260 2203 1634
f 2762 672 5636
f 5878 4659 1587
f 90 1335 2229
f 4898 3372 2952
f 5243 4770 4425
f 27 5775 928
f 1941 1327 1268
f 372 3737 1417
f 2271 5208 5116
f 1569 1194 1333
f 3395 3078 1315
f 2467 957 2168
f 2344 955 3497
f 1841 2328 2499
f 1522 69 958
f 4501 2821 4845
f 3290 4501 4845
f 545 639 281
f 2966 3432 5590
f 271 571 1847
f 783 962 3774
f 3988 4937 2540
f 5658 3352 1648
f 381 3095 1844
f 2189 4129 2188
f 3958 1658 3959
f 4264 1248 2809
f 1837 3028 2531
f 5420 5481 5500
f 620 1665 105
f 2452 5714 3423
f 1126 1641 4853
f 2825 1495 1937
f 4674 4084 1020
f 4674 1020 4813
f 3531 769 2530
f 2296 841 2284
f 3404 264 5811
f 2682 5087 2917
f 3772 488 3659
f 4865 4504 3942
f 461 3761 1473
f 3543 1723 306
f 4496 3614 4097
f 4603 3174 4423
f 1326 3433 2461
f 3331 5816 606
f 5049 2260 2585
f 4828 4940 5326
f 670 1708 1414
f 2205 687 2797
f 1274 2304 2557
f 5475 5340 5061
f 4821 2199 2050
f 791 277 793
f 2903 748 2904
f 67 35 4695
f 35 67 5278
f 502 26 1116
f 5070 5160 5026
f 4085 2480 4484
f 5696 2475 3454
f 673 2617 260
f 2381 3652 1968
f 660 1224 369
f 1415 3740 5791
f 5895 3518 5466
f 1325 3434 2643
f 3049 3914 5566
f 5702 4588 4589
f 1982 5310 5539
f 5561 746 3970
f 5128 5129 2281
f 5131 4515 2749
f 2961 3911 3522
f 1357 4455 2948
f 2121 16 2120
f 16 2121 1678
f 2785 4654 2375
f 3074 5703 4322
f 1172 2235 235
f 3613 5489 4704
f 5382 5216 4151
f 893 3781 4749
f 4416 1312 4767
f 723 722 4004
f 198 2743 2521
f 639 545 919
f 5550 353 2920
f 353 5550 757
f 3539 5785 1721
f 3304 2607 4583
f 3148 2263 2314
f 5629 3666 962
f 2445 4062 1732
f 705 2089 2939
f 5809 4705 5816
f 4430 4715 5726
f 2999 4011 1091
f 3594 5216 900
f 5216 3594 4151
f 2103 3893 1350
f 3781 5681 4293
f 1304 2038 817
f 4293 3286 4748
f 232 2097 1985
f 1048 905 906
f 1388 5351 344
f 1031 2040 763
f 1529 2846 3860
f 2367 5329 3001
f 3647 1127 4920
f 1150 1236 1901
f 3286 901 4748
f 3967 4749 4748
f 3876 889 1995
f 857 3229 486
f 4019 4153 4704
f 5675 1814 3664
f 5082 4210 4449
f 1459 4261 2207
f 5325 5587 4970
f 235 234 729
f 235 2235 234
f 4945 5143 5063
f 3967 4096 4153
f 4096 4748 901
f 4096 3967 4748
f 4094 4703 4839
f 4495 4294 5489
f 4512 5073 4476
f 1122 3634 3187
f 1620 1834 925
f 3603 3878 3605
f 4185 4418 4427
f 3784 4388 725
f 2121 2720 1678
f 3672 3669 3891
f 1677 5514 2122
f 1959 1274 862
f 1265 5073 4512
f 4670 2245 3936
f 1344 3936 2245
f 1205 3506 1206
f 5661 5815 715
f 2697 2915 3693
f 1149 3749 3524
f 661 296 480
f 3172 2323 2784
f 3781 4293 4748
f 3781 4748 4749
f 3975 2502 568
f 5178 2946 2945
f 4339 4768 3631
f 1849 1063 5515
f 4704 4153 4096
f 3613 4704 4096
f 4603 1429 4686
f 3284 5666 724
f 372 1310 3737
f 3749 304 3524
f 2528 3528 4432
f 3613 4096 901
f 1813 3324 3996
f 3295 3114 3581
f 1801 3249 5207
f 1597 1931 1487
f 727 147 235
f 890 235 147
f 605 1367 5512
f 1515 5659 5594
f 1841 3638 3345
f 1909 4936 1840
f 3395 1315 3178
f 3854 4524 3379
f 523 3797 1605
f 4185 3076 4571
f 571 1934 949
f 3623 5293 5547
f 3837 3811 3004
f 2794 5639 3751
f 1471 460 2820
f 3143 3141 1298
f 233 234 4744
f 233 1078 234
f 4134 1901 127
f 5516 5283 1948
f 278 797 2702
f 4019 5699 3796
f 335 4878 55
f 4316 1588 511
f 3208 4066 2810
f 3795 4654 4653
f 3307 5129 5128
f 2096 1795 1528
f 2940 3580 4867
f 3837 5864 3811
f 2577 5030 1816
f 1123 135 2218
f 3602 5218 3603
f 5662 890 147
f 807 1138 1382
f 369 440 1836
f 3202 4063 5300
f 2675 1132 4573
f 5216 4495 900
f 2235 4744 234
f 5382 3796 4294
f 5382 4294 5216
f 4495 5216 4294
f 2577 1816 3842
f 5548 2720 5524
f 5341 2771 5171
f 54 55 5595
f 54 335 55
f 4632 1076 4864
f 5595 55 1169
f 3843 731 240
f 3816 4443 3117
f 5570 23 1017
f 23 5570 693
f 3425 3757 385
f 487 5578 5826
f 2667 233 4744
f 1078 233 5284
f 1078 5284 726
f 54 232 3938
f 232 54 2097
f 599 728 5520
f 4777 1646 4192
f 4546 1957 2557
f 93 2667 1169
f 93 1169 55
f 4878 93 55
f 93 4878 5284
f 2089 1647 5665
f 1852 2344 1196
f 1654 2669 3456
f 5082 4488 4210
f 2287 226 4193
f 910 5609 3485
f 910 925 5609
f 96 969 1856
f 1915 5580 3312
f 307 5554 3545
f 2404 1341 5559
f 94 893 5662
f 94 3781 893
f 3781 94 5681
f 2987 5489 3613
f 2752 666 5046
f 94 237 5681
f 94 5662 147
f 94 147 237
f 721 5825 723
f 5430 4255 5111
f 114 113 288
f 587 586 2472
f 391 213 1125
f 5772 2391 2598
f 4394 2523 4682
f 1549 96 155
f 575 2070 3319
f 1166 1072 711
f 5010 5495 424
f 4056 3909 5224
f 3380 4048 2735
f 3252 3666 2351
f 1206 1659 1859
f 606 3683 607
f 2402 272 5625
f 3292 749 3863
f 320 214 3765
f 1119 3340 4257
f 786 5442 4389
f 5106 5897 3015
f 882 1984 1986
f 5618 1715 5286
f 1052 3399 3188
f 1052 449 3399
f 1052 1555 449
f 1308 4515 3846
f 5858 2975 471
f 3429 2548 2822
f 2080 221 4142
f 5223 4601 2772
f 1281 1989 1984
f 298 4240 2520
f 3625 2031 761
f 3245 1601 2971
f 5437 1713 5067
f 5101 5471 5066
f 525 5869 3968
f 3843 240 491
f 5320 5757 5334
f 4685 2195 2958
f 3917 2244 3253
f 4968 5064 5456
f 5542 1380 63
f 3816 5630 4443
f 891 3773 1533
f 2547 1595 1756
f 1212 1577 1213
f 1322 5663 3097
f 5584 2630 263
f 180 68 256
f 5520 727 729
f 3399 449 2796
f 2059 2435 3402
f 320 2337 1765
f 2995 5354 4263
f 4171 3071 2731
f 3068 4930 1618
f 2372 5791 3740
f 1015 3961 1014
f 1015 1014 3439
f 4365 4979 5689
f 1100 2534 2432
f 1797 3587 881
f 300 1144 510
f 3638 3313 2632
f 2178 690 2179
f 821 2178 2179
f 1042 1418 4539
f 2676 5119 4091
f 1306 1034 435
f 53 232 2095
f 53 3843 232
f 1699 820 1623
f 3410 4434 1463
f 3834 730 1544
f 5249 2047 4769
f 5455 4965 5198
f 4481 3862 3463
f 1960 5672 4145
f 3579 3450 3353
f 4901 2444 3408
f 1515 1973 876
f 563 2049 3078
f 659 660 1307
f 5151 4727 4015
f 5488 2195 4685
f 5639 2055 3751
f 4052 4053 1145
f 1898 3491 564
f 940 1901 3079
f 606 2689 2593
f 1681 1877 1578
f 3770 3771 1521
f 4699 3472 4620
f 4580 4404 3979
f 1880 4583 1218
f 1136 348 1665
f 4186 4307 4029
f 5351 924 922
f 2756 830 1412
f 1874 634 2029
f 941 5744 2790
f 3625 1219 3146
f 5821 3031 1589
f 2222 1125 4266
f 1766 573 1125
f 5211 1148 1714
f 84 1773 1850
f 837 5352 1149
f 4095 4864 2986
f 1146 4366 3986
f 1067 1508 2560
f 1501 5544 1647
f 4958 1283 887
f 3649 2937 1645
f 3844 3154 2728
f 1630 1315 2049
f 1747 5647 3416
f 1440 1238 3186
f 611 2948 3694
f 5654 4826 2825
f 4826 5654 4126
f 4338 5152 5446
f 3044 1071 1970
f 5772 613 2704
f 4707 4565 3069
f 1562 1690 3626
f 1120 2398 2052
f 2267 4983 5331
f 599 2005 1288
f 2090 3445 2229
f 5587 5804 4970
f 5302 4025 558
f 3056 3267 4753
f 1226 3488 2187
f 3228 1015 3439
f 4618 4752 5723
f 1008 3140 5549
f 340 743 2899
f 3852 1354 3956
f 5893 2479 2862
f 1271 2553 859
f 2996 4341 1566
f 3590 4988 1990
f 2627 3749 5279
f 1553 1555 1052
f 1250 1738 2378
f 1379 636 1215
f 5105 747 5229
f 5749 5579 1579
f 4052 4727 4053
f 4697 4482 4614
f 568 2502 3212
f 3477 2984 4164
f 5516 2077 5283
f 2744 371 5189
f 5518 245 789
f 1478 1596 1157
f 1733 380 1730
f 1038 2071 4829
f 1038 4829 666
f 3602 2578 5218
f 5545 2506 1569
f 5545 1195 2506
f 5630 5718 4720
f 3329 3477 4164
f 5718 4536 4720
f 990 345 1864
f 4042 4505 1673
f 4203 2873 3665
f 3574 2505 4330
f 2949 3335 2279
f 1161 1774 3566
f 5684 3460 3928
f 546 4642 356
f 4187 5279 3528
f 4924 1796 1987
f 5333 3723 3722
f 4999 4713 4340
f 4203 3664 2350
f 1893 2045 2990
f 2670 4202 4201
f 4382 4645 3074
f 3027 1318 2296
f 313 311 1245
f 2834 779 3650
f 4643 4411 4410
f 1732 4062 1731
f 5467 5242 2774
f 5539 2572 4551
f 3300 3365 160
f 2735 4235 3380
f 2735 2786 4235
f 4820 4475 3718
f 2416 4820 3718
f 1668 1666 5521
f 3891 3892 3672
f 1643 5303 1162
f 1235 1897 5587
f 1887 2040 3820
f 1912 3311 3190
f 677 2787 5779
f 2075 2649 3109
f 2610 1301 1390
f 3713 5552 4814
f 2966 5590 3429
f 4820 5852 4235
f 4259 4820 4235
f 5895 3022 5036
f 3823 5643 3552
f 2490 4532 5134
f 2098 3660 2575
f 3913 1567 569
f 927 1021 1882
f 4536 2671 145
f 2421 507 2747
f 5473 5504 5123
f 668 502 1116
f 4674 3377 5796
f 4674 5796 3465
f 3574 5814 1500
f 5004 4317 5462
f 26 2050 5306
f 1791 1980 3584
f 1026 4258 3176
f 1353 796 2914
f 4841 4965 5487
f 3380 4235 3376
f 168 621 2710
f 4933 4821 669
f 4236 3853 3718
f 4236 3718 1427
f 4236 1427 2199
f 671 2188 4129
f 4933 4044 3853
f 5323 181 5856
f 5678 3884 4816
f 5678 5685 3884
f 2656 2655 4374
f 586 1649 1129
f 356 2950 5810
f 3016 4592 1025
f 5250 5154 5202
f 2021 1371 1829
f 648 1394 255
f 2519 4232 4675
f 1473 3427 3760
f 257 73 658
f 67 2034 5278
f 1275 1192 3572
f 4183 4257 5040
f 3131 1356 1291
f 1067 2559 4549
f 309 2801 2060
f 72 191 2207
f 72 1030 191
f 1472 515 1757
f 5740 1813 3996
f 2686 608 493
f 282 5749 1579
f 5154 5203 5091
f 3231 5656 2831
f 4820 2416 5852
f 2786 4259 4235
f 4821 2050 26
f 502 4821 26
f 5852 3376 4235
f 4821 502 669
f 1264 4267 5073
f 2768 5222 5421
f 4906 3303 3011
f 5358 4404 5032
f 4776 1736 4734
f 1139 1879 1684
f 5734 4124 812
f 982 4456 2712
f 2473 5133 68
f 1531 2405 3876
f 4821 4236 2199
f 4821 4933 4236
f 2152 3627 2611
f 4078 3455 3456
f 117 116 28
f 3870 28 116
f 879 2566 5292
f 1718 4398 3532
f 632 354 2028
f 493 608 1860
f 1175 4344 1020
f 2162 69 816
f 69 2162 958
f 5796 2354 3465
f 3762 2900 1476
f 4820 4259 4475
f 4949 5013 5108
f 124 66 36
f 5868 36 66
f 2922 5123 5504
f 3122 4209 3833
f 527 3969 3329
f 5450 4954 5107
f 2890 5165 5245
f 3795 4653 4652
f 2071 1038 3224
f 4725 4463 5880
f 4473 4395 2282
f 5856 67 4695
f 808 1386 640
f 5629 2853 2476
f 1837 2531 2530
f 2806 5588 5367
f 4130 1231 1230
f 3096 383 5884
f 4156 1286 3053
f 1571 1570 3501
f 3649 1645 2832
f 4175 5717 4248
f 3899 5444 5095
f 5444 3899 5337
f 5671 4052 5059
f 4431 4716 4110
f 5310 1982 2842
f 5101 5057 5480
f 1768 2224 1266
f 1935 1491 4269
f 3706 2952 3372
f 2493 4181 5703
f 5882 2144 5877
f 2144 5882 4244
f 2429 5751 4687
f 623 913 536
f 5882 1225 4244
f 4799 4170 4406
f 3702 3137 2951
f 2749 4243 1625
f 1225 5731 3963
f 4647 1540 4450
f 3537 1839 3535
f 2194 76 3741
f 76 2194 5150
f 5881 2721 5855
f 5881 5855 299
f 4383 3962 4106
f 4050 1036 1408
f 5855 3138 1618
f 2293 3139 1685
f 3706 3372 2147
f 3706 2147 664
f 4697 2861 1075
f 3705 5749 282
f 5595 3589 4148
f 2721 3138 5855
f 585 2664 2662
f 1160 1066 2647
f 4310 2429 4687
f 5117 2480 4085
f 3026 5867 840
f 2089 4192 1647
f 3706 2740 2952
f 2740 3706 2394
f 4020 5236 5217
f 3705 2741 4566
f 4526 4310 4687
f 3564 3108 5182
f 1838 1839 1908
f 4697 4614 1174
f 5881 2951 2721
f 4463 827 5880
f 5882 5877 2950
f 1146 4681 5152
f 1471 5807 460
f 3899 1685 5337
f 3149 4522 1387
f 2741 2740 2394
f 3702 3963 5731
f 3137 3702 5731
f 2740 3705 282
f 2740 2741 3705
f 563 375 2397
f 3580 2232 4854
f 2429 4686 5751
f 2145 1409 827
f 1797 881 3588
f 4723 2390 5614
f 3137 5882 2950
f 1225 5882 5731
f 3137 5731 5882
f 4806 2293 1685
f 2145 4806 1409
f 2145 2293 4806
f 4253 1312 2620
f 1306 435 368
f 2315 2150 5045
f 5692 4743 4197
f 3899 934 4806
f 3899 4806 1685
f 3140 5579 5287
f 4784 3958 4783
f 2270 4784 4783
f 3705 5444 5749
f 5444 3705 4566
f 5749 5444 5337
f 2269 2200 838
f 290 1697 816
f 2394 3706 664
f 2563 2094 3449
f 5444 4566 5095
f 3492 263 2630
f 2968 2503 4438
f 4305 3058 3328
f 4791 5360 160
f 4791 2455 5360
f 3702 4351 3963
f 5362 5019 412
f 3702 2951 5881
f 4351 3702 5881
f 5703 5842 4322
f 1501 581 4923
f 3779 3778 2474
f 975 609 2685
f 4936 2284 1840
f 3152 4407 479
f 4088 2155 3925
f 579 1329 4921
f 2642 3641 3559
f 2903 3124 5410
f 4173 4431 4110
f 1236 2626 1901
f 2157 2784 426
f 4234 2157 426
f 3717 4592 4591
f 2084 221 2080
f 900 2587 3594
f 531 248 405
f 2818 2211 5651
f 4818 3912 2734
f 287 4818 2734
f 1302 814 815
f 2063 1102 3426
f 2342 2171 2172
f 652 2172 2171
f 3709 4584 5416
f 4365 5689 4040
f 196 1065 2072
f 1460 310 774
f 4698 4617 5708
f 2936 4920 579
f 4523 2518 5835
f 3152 2420 4407
f 4173 3717 4591
f 3717 4173 4110
f 4718 3172 1025
f 552 4358 3886
f 4060 5619 2628
f 4718 4110 4385
f 1599 3221 1266
f 2674 4485 2875
f 3331 2593 3485
f 1565 1635 2497
f 552 4763 2613
f 4358 553 4409
f 4409 4472 3886
f 4358 4409 3886
f 2334 692 2815
f 2032 3155 4817
f 2959 5465 5025
f 3151 4762 4587
f 5592 485 5655
f 682 262 2496
f 3158 4511 5899
f 2760 4539 200
f 4489 2760 200
f 3717 1025 4592
f 3717 4718 1025
f 2154 3929 4225
f 4587 2154 4225
f 4490 5347 5724
f 2714 2717 2024
f 5318 485 4438
f 3987 3886 4472
f 2321 5395 2524
f 3803 3993 2942
f 2818 5651 1058
f 3987 4472 5224
f 2206 3755 1054
f 2762 5636 3739
f 3478 2762 3739
f 4658 4458 3338
f 2419 4230 4817
f 2734 4819 4510
f 2734 3173 4819
f 1792 2569 3586
f 5289 4543 1257
f 3551 3821 1242
f 2157 4234 3016
f 807 1679 1138
f 1092 5626 272
f 2252 238 5509
f 999 917 1000
f 636 999 1000
f 2158 4964 4819
f 2158 4819 4474
f 4431 4763 3910
f 3719 1033 292
f 615 611 2706
f 4076 4191 188
f 1767 856 1264
f 2389 2915 4761
f 4087 3469 2730
f 546 1216 2141
f 2295 4879 3964
f 4831 3764 1764
f 3071 2155 2731
f 4492 3934 4656
f 4668 4647 2678
f 4286 4287 4003
f 1504 711 2970
f 2357 2876 2977
f 3173 2734 3912
f 1064 3764 4250
f 5183 3499 2668
f 1268 4987 2338
f 4967 4346 4532
f 1831 5768 1832
f 4508 4109 4108
f 4173 4763 4431
f 4763 4173 2613
f 135 4943 2217
f 426 2784 4057
f 809 808 640
f 287 2734 4510
f 4593 2521 4659
f 1714 2781 5211
f 3443 2464 3235
f 2017 1477 2067
f 5188 5716 4358
f 281 5524 807
f 2634 5843 5642
f 1453 2796 2805
f 5408 5429 5144
f 3531 3529 769
f 3173 5846 4474
f 4964 4510 4819
f 3173 4474 4819
f 3277 4092 2277
f 3260 3812 4279
f 1552 600 1553
f 2665 3046 4439
f 943 3091 2057
f 2035 2036 2037
f 4907 1258 4737
f 5151 4015 4977
f 2157 3172 2784
f 2157 3016 1025
f 3172 2157 1025
f 4306 4630 3060
f 5352 3528 5279
f 3016 3379 4592
f 3295 469 5163
f 5135 436 1704
f 2043 4764 3381
f 4473 5040 4395
f 5287 1685 3139
f 2150 3515 3698
f 3997 2352 2945
f 3669 4480 3665
f 2282 3024 4653
f 3400 2535 3542
f 1606 1548 1551
f 4508 4347 4109
f 5394 1673 4505
f 3431 2459 1757
f 5 6 1204
f 5 1375 6
f 2067 2068 2125
f 5581 5258 3134
f 2323 2495 3390
f 269 4896 2643
f 5516 1948 1328
f 4363 596 4037
f 5517 89 88
f 3767 88 89
f 4666 4307 4031
f 1203 4363 3005
f 4426 3815 3973
f 3467 3055 3926
f 1074 4941 1805
f 5583 1627 4177
f 712 2969 1786
f 1074 1805 3593
f 2764 1894 1893
f 4208 5864 5705
f 4855 3282 3283
f 3256 4855 3283
f 5741 2946 4445
f 4345 2871 2481
f 1460 1461 4870
f 2365 476 339
f 2890 4168 720
f 2573 3658 959
f 635 997 998
f 624 998 997
f 1152 565 2052
f 449 1555 1823
f 2203 1724 3182
f 4999 2268 4525
f 482 4645 4382
f 3791 3940 3792
f 3647 2829 1644
f 1031 5529 2040
f 2080 1947 5753
f 1654 3456 4199
f 5438 4189 4985
f 5250 3023 4957
f 4178 1312 5190
f 2780 2321 2779
f 834 4729 5700
f 3476 5711 4778
f 5479 4594 5098
f 2252 1542 2005
f 5269 2318 4965
f 1415 3734 3740
f 4721 3789 786
f 2973 4314 5715
f 146 3600 3673
f 453 4775 205
f 453 205 402
f 4991 5441 3254
f 2231 3770 1521
f 547 5810 4223
f 207 405 457
f 5440 207 457
f 2901 2215 4578
f 5309 3110 5808
f 4723 2412 3369
f 915 622 5519
f 492 904 734
f 1356 2988 1291
f 2227 5308 3646
f 4887 404 973
f 5200 2771 2773
f 3204 2808 5643
f 3044 1107 2838
f 1687 2146 2722
f 4576 4498 4577
f 80 3750 43
f 1543 80 43
f 224 245 225
f 1777 224 225
f 2139 1382 1832
f 4246 4466 5096
f 1254 1253 4543
f 2322 2783 4423
f 5467 5036 5242
f 5684 2979 3460
f 1253 1252 4543
f 2417 2729 5317
f 2733 2418 3378
f 4593 4659 1118
f 532 791 793
f 1530 1993 5566
f 3931 3059 4208
f 2958 5181 4685
f 4376 2275 1176
f 1004 641 1383
f 3969 1287 2291
f 1446 379 3754
f 2782 2783 5175
f 3162 5408 5144
f 2769 2320 2770
f 2718 1614 2911
f 5894 5035 5138
f 5589 5027 5648
f 3642 2460 5813
f 1350 1609 540
f 551 1691 1390
f 5446 5152 4681
f 5799 938 3079
f 1270 1949 4910
f 1046 5205 5180
f 2264 4583 5819
f 624 801 1576
f 2189 2188 2422
f 2266 5453 5502
f 4418 5203 4427
f 5539 1981 1982
f 131 1317 1437
f 5458 5400 4945
f 2118 5546 5510
f 5404 4993 5049
f 1836 440 1702
f 3373 5361 2725
f 3025 2785 4258
f 2670 4201 4200
f 5622 1775 86
f 2851 3661 1853
f 5725 4105 4182
f 1322 1466 134
f 4370 2376 1729
f 574 5564 4017
f 1354 4868 4215
f 1149 5352 3749
f 1234 1899 939
f 5162 2321 2780
f 1067 2560 2559
f 311 3409 2061
f 5780 2261 590
f 3911 3521 4131
f 5610 5038 1607
f 1190 1876 3896
f 2404 590 4926
f 1703 480 439
f 1124 387 5664
f 5483 4956 5504
f 1330 3991 4922
f 5561 1573 2257
f 388 698 1760
f 3267 4161 1538
f 4369 2441 3755
f 1075 2861 2355
f 3994 4749 5447
f 4803 3836 3793
f 3112 1277 1128
f 2823 2644 3101
f 1152 2398 1151
f 1505 1515 5594
f 3734 765 5617
f 700 1486 215
f 2752 1143 666
f 2843 5682 2095
f 2982 3474 2276
f 3776 4874 3777
f 3608 3879 2483
f 4903 601 3970
f 5703 2622 5842
f 1496 5591 1104
f 146 3677 3600
f 617 101 5526
f 1441 3087 3187
f 1303 1698 929
f 4513 4631 4557
f 4115 3005 4537
f 5229 5392 4577
f 2448 456 4372
f 5110 5126 5166
f 1464 4436 4902
f 1463 4263 1462
f 1531 3876 1994
f 5686 4303 2410
f 1278 2565 1521
f 1337 5356 4946
f 3411 3413 4434
f 5445 5897 5106
f 1446 2327 379
f 3559 3641 5812
f 2042 1700 1032
f 1061 4852 1480
f 2402 5625 3353
f 386 5548 1876
f 2282 4131 3521
f 4520 4037 5839
f 5054 5055 5419
f 4717 4385 1187
f 5086 4679 5169
f 5434 5034 5500
f 2865 3264 2864
f 4991 3254 2854
f 3194 3193 5641
f 2219 84 854
f 5600 4333 4649
f 5050 5459 5828
f 1255 4341 2996
f 4794 4391 4761
f 1332 1967 5002
f 5790 483 4645
f 124 427 1890
f 5230 2817 693
f 2943 5688 3115
f 492 1545 1818
f 5057 2427 2958
f 3567 1269 5403
f 4077 2347 3780
f 1135 1209 616
f 2096 144 5608
f 976 604 603
f 703 2550 5409
f 1922 4689 5602
f 740 245 224
f 460 5807 2817
f 881 3587 1280
f 5870 3328 3058
f 1674 280 1185
f 21 358 2025
f 21 2025 1294
f 5491 5767 5449
f 1172 2236 2235
f 1678 5276 16
f 4802 3942 3481
f 1393 3713 5835
f 4478 4205 3818
f 4661 1314 4180
f 3148 2726 2953
f 3367 3509 4581
f 4192 1646 581
f 4557 3611 4320
f 3541 3187 5640
f 881 4551 4552
f 2679 3280 785
f 5801 1217 5888
f 4396 4652 3024
f 6 407 1204
f 2086 1955 2085
f 3772 5661 1343
f 1501 1965 5544
f 1407 4240 2742
f 645 5285 4914
f 5114 3630 5090
f 5230 4009 5008
f 4795 3368 4120
f 4995 4994 5491
f 3334 757 2602
f 838 3081 3080
f 23 1692 1017
f 2458 2457 2820
f 3047 1281 4148
f 4925 1798 1338
f 4483 2386 5424
f 5002 1071 1509
f 3231 2832 1778
f 4643 553 5716
f 3839 2728 4048
f 5592 2968 485
f 322 1764 776
f 5263 5459 1422
f 5833 3490 4711
f 4314 2874 5715
f 4475 4527 4058
f 2925 308 845
f 324 699 2069
f 4411 5716 3710
f 3342 3086 3182
f 3218 1595 2819
f 1565 2497 2498
f 1504 2970 1787
f 5826 4741 3582
f 582 1784 3654
f 599 1347 2253
f 3430 695 5649
f 4640 5220 342
f 5758 5401 5158
f 1129 4947 2664
f 3552 3203 1247
f 2066 1567 136
f 4502 747 5342
f 5600 2133 2719
f 4694 2558 89
f 142 956 3578
f 1448 3402 5554
f 5225 5858 4856
f 2079 5369 5753
f 945 2924 5580
f 3014 1299 548
f 4253 4470 2957
f 2562 3447 712
f 3011 3303 2312
f 4486 4280 5740
f 4895 1151 1433
f 1140 640 2140
f 3836 1824 3793
f 3441 3577 325
f 2420 4234 287
f 5193 4673 5167
f 5756 3387 4998
f 4278 4313 3809
f 1062 698 1758
f 1867 1576 1369
f 2103 801 1367
f 5741 2945 2946
f 1169 1993 3589
f 1142 655 822
f 4661 1628 2047
f 4608 3645 5001
f 3843 491 239
f 4618 3830 3269
f 2213 2548 3953
f 4862 2986 1076
f 3060 4630 5709
f 3763 1479 463
f 773 3636 3635
f 1524 2940 4867
f 2223 1266 1492
f 4530 5231 3291
f 383 1744 3416
f 3106 3108 3564
f 1622 2170 929
f 3704 1217 2722
f 3748 302 304
f 2404 886 1341
f 4418 4256 5203
f 1568 1643 2551
f 711 1072 2970
f 1992 3590 1990
f 1106 2465 2341
f 5661 715 4884
f 2847 783 3774
f 5109 4955 5050
f 735 4885 399
f 2922 5504 5108
f 1577 1873 4724
f 3018 3381 4467
f 5686 4507 4303
f 5482 5112 5372
f 4486 3470 4280
f 1300 1619 1833
f 1657 1547 1069
f 151 904 398
f 5611 5610 2594
f 5474 2280 5406
f 2913 4705 5809
f 121 5529 2041
f 3255 1997 1809
f 1227 1144 300
f 5559 1197 5576
f 1208 3130 1093
f 2879 4162 2359
f 3473 2980 4162
f 281 807 1382
f 3599 2865 2864
f 2079 3230 1644
f 5553 3180 1437
f 1411 436 5135
f 2085 1955 5370
f 2333 2998 3756
f 1453 2206 1054
f 5362 2314 3375
f 4953 5364 5033
f 5709 4630 2887
f 175 1692 285
f 2401 3240 1514
f 1090 3492 2630
f 2231 3498 3770
f 1680 1832 1382
f 790 4213 4530
f 4751 3813 4160
f 2482 896 2357
f 870 1783 1502
f 4055 3909 1147
f 3791 1824 2102
f 4223 4906 5782
f 143 2288 3875
f 4536 3501 2671
f 3026 840 5601
f 2931 1605 3797
f 696 2064 1326
f 1900 3080 3527
f 818 1221 1582
f 2467 2169 874
f 85 1160 703
f 1821 1550 906
f 4784 1658 3958
f 1352 3330 1660
f 65 668 1695
f 2342 1972 874
f 4128 4175 4248
f 2090 1335 1334
f 879 5292 2842
f 3840 3051 4154
f 4007 5431 5862
f 1513 1514 3240
f 2169 2168 1885
f 2169 2467 2168
f 3084 2297 3536
f 4985 3037 860
f 4558 4403 4166
f 1577 354 1873
f 1482 1261 1483
f 1717 1235 5587
f 5104 5710 4514
f 2959 5067 5465
f 2043 4049 4764
f 3903 3317 4973
f 1846 948 4918
f 4957 5365 5833
f 3341 3078 3395
f 3451 1789 469
f 360 929 1698
f 1239 2923 5785
f 3903 4248 5196
f 3317 3903 5196
f 2171 2342 874
f 2403 2094 1512
f 681 2295 3964
f 87 2551 858
f 1202 3119 784
f 2230 1551 1548
f 1322 134 2453
f 2750 4677 2747
f 5029 2078 4545
f 315 1258 1056
f 3776 1074 892
f 2171 2169 1221
f 2169 2171 874
f 818 2171 1221
f 1399 3806 1029
f 1553 154 1555
f 2583 597 4212
f 466 3442 3575
f 1141 4223 642
f 3738 200 4539
f 3058 4623 4163
f 1223 821 2179
f 1008 5818 3703
f 4183 1119 4257
f 1668 5521 754
f 2768 4956 5483
f 2009 1085 1822
f 3911 4340 3521
f 1096 5185 503
f 3004 4348 490
f 3787 2478 4313
f 1296 1615 5514
f 5712 5397 5021
f 2532 4399 4732
f 2658 1783 1782
f 5076 3591 1994
f 4916 4024 3627
f 4687 4397 3392
f 5100 1713 5015
f 5657 3654 1784
f 239 491 473
f 3960 1560 2989
f 1319 1722 1565
f 5657 1068 871
f 1797 3588 1987
f 2508 5624 3113
f 4181 2622 5703
f 710 3236 2464
f 604 532 3865
f 4207 4308 3805
f 5055 5407 5420
f 1819 5777 1818
f 4502 5392 747
f 5331 2782 5175
f 1398 1884 2035
f 3579 3353 141
f 5688 4199 3115
f 3539 3185 2430
f 2507 1194 1569
f 115 5775 27
f 2528 115 27
f 3414 4435 4328
f 4943 3101 2217
f 2752 5046 1705
f 4377 3276 2886
f 4196 5771 3890
f 3152 4524 3854
f 639 919 355
f 5725 4569 3075
f 5531 994 637
f 4340 4713 4106
f 4495 396 5667
f 4157 4441 2000
f 4375 1286 4081
f 2372 3740 3517
f 3236 3111 1128
f 5211 2781 2428
f 1834 4914 5285
f 3633 3398 2431
f 4395 5040 4257
f 675 2194 3741
f 1193 1782 1783
f 2981 2361 4000
f 5788 3143 1298
f 5690 2278 3001
f 2324 5366 2198
f 2749 826 4243
f 5014 5497 5021
f 1768 2223 4267
f 1256 4737 3555
f 2521 3628 4659
f 873 1509 1071
f 1909 3401 2800
f 4915 2415 644
f 1880 1218 1217
f 4380 3980 3063
f 3484 4638 3293
f 4903 3940 2102
f 2748 827 1409
f 4666 4665 4307
f 4702 3280 2679
f 3606 4209 5865
f 3810 4281 4314
f 585 2940 4194
f 2684 4781 4098
f 5390 4317 5885
f 3601 3923 4344
f 4386 273 5183
f 3534 1905 770
f 3067 1614 2606
f 2251 4842 4289
f 4650 3339 2739
f 2088 1781 866
f 5384 4322 5842
f 5060 4254 3164
f 2393 650 117
f 2073 952 2338
f 324 1268 1267
f 4133 2526 5803
f 1883 255 1394
f 3027 5806 1318
f 2001 3921 5741
f 4428 1629 4429
f 109 1140 759
f 4747 3861 2848
f 3825 5695 3494
f 3260 5740 3996
f 1541 2484 2891
f 3888 2813 5823
f 2481 3679 5729
f 4167 4006 4863
f 1456 3313 5598
f 1306 368 295
f 1004 1005 1216
f 1825 915 5519
f 5355 860 221
f 3045 2662 1520
f 3989 2965 5807
f 328 712 1510
f 1033 1887 3820
f 663 3339 5866
f 3120 2406 4308
f 1167 2092 2091
f 930 2168 1305
f 5713 4691 3409
f 1543 5509 238
f 1353 1207 796
f 3563 3103 3644
f 289 183 182
f 3583 182 183
f 4627 5705 3120
f 2497 1636 3637
f 3448 2342 1508
f 5751 834 4397
f 137 1763 1488
f 3649 2832 2831
f 1349 1657 153
f 139 1333 1194
f 1356 5795 2988
f 1901 2626 3079
f 4218 2513 3008
f 5483 5504 5763
f 5603 315 1056
f 2080 5753 5369
f 2085 5370 5656
f 4021 5237 5219
f 614 2706 4648
f 3501 2672 2671
f 3232 1500 1781
f 2374 5401 5320
f 2633 946 264
f 3926 3055 4752
f 4366 3906 3985
f 1258 3555 4737
f 607 3127 2689
f 4881 743 248
f 914 478 351
f 3984 4053 5151
f 134 1466 2813
f 1130 3356 3851
f 961 2242 5815
f 3243 3448 1508
f 4751 4698 5885
f 3621 5349 496
f 3216 3215 3759
f 4240 2739 4237
f 1139 110 5616
f 5806 5867 2294
f 569 1567 2066
f 1455 2802 1454
f 1858 3865 158
f 1112 1290 1607
f 5166 5320 4978
f 4515 5131 1626
f 963 4520 4038
f 381 5644 1739
f 1663 5599 3507
f 1123 2218 697
f 4159 2289 2385
f 2620 4419 4768
f 2446 1734 4370
f 251 5523 3619
f 2573 1283 3658
f 3573 1331 4145
f 3918 4152 1808
f 4086 4088 1538
f 5143 5481 5063
f 4329 3095 1845
f 5305 5363 3721
f 2748 1409 826
f 5542 63 5781
f 3094 3640 5727
f 1928 1758 5664
f 1874 108 1675
f 3223 1493 2826
f 5644 5687 1737
f 4111 4011 4271
f 2184 5376 4726
f 1133 1180 5669
f 3254 5441 3667
f 3054 2249 5424
f 3607 2581 5831
f 1524 4194 2940
f 3918 1808 2475
f 2838 1107 328
f 2683 5084 4452
f 5792 4061 2637
f 3940 4903 746
f 927 255 1883
f 1401 361 823
f 3300 3129 2368
f 3027 2295 681
f 2001 4158 3921
f 2579 4619 5830
f 4637 4638 5431
f 3478 3279 3278
f 5686 2410 4304
f 554 650 5275
f 3276 4778 5006
f 1916 945 5580
f 3998 4090 2274
f 917 1610 2122
f 2305 2572 5539
f 842 131 682
f 4661 4180 4518
f 5729 3679 5239
f 1666 623 621
f 5211 2428 4770
f 2962 1431 2324
f 5380 5505 1232
f 1988 5133 885
f 2922 5108 5425
f 2075 5308 576
f 4860 4290 2586
f 989 2366 2114
f 3441 1165 3577
f 1809 1997 334
f 3902 2755 5338
f 3 792 1368
f 1305 2165 2038
f 3149 1686 4522
f 1295 3981 5586
f 4189 3873 4985
f 4471 1147 4056
f 3133 2714 2024
f 676 4469 5638
f 3396 4187 112
f 1678 2138 5276
f 3144 4898 2952
f 1037 3036 3437
f 1514 1167 2091
f 2393 117 28
f 4057 3912 4818
f 3137 2950 4582
f 2175 2329 2435
f 2206 2805 2440
f 4664 4570 4426
f 617 163 100
f 29 2166 1029
f 1532 3050 3452
f 1983 3587 1797
f 4992 5376 4464
f 3895 172 106
f 3624 3138 2721
f 3658 4529 959
f 3223 1126 5316
f 2835 3233 4891
f 1974 1518 1975
f 2162 3246 958
f 1399 1029 2166
f 2650 2074 2647
f 1926 1925 1245
f 1389 173 1392
f 2847 3774 2242
f 3583 183 1522
f 885 4529 5857
f 183 69 1522
f 183 289 69
f 290 816 5274
f 4193 4330 4739
f 3111 3112 1128
f 3552 1244 3203
f 3300 4454 2595
f 2299 4901 3406
f 1697 2037 2163
f 2667 4744 1993
f 5800 3131 3301
f 4936 4879 2295
f 180 181 68
f 2473 68 181
f 35 1696 182
f 4695 35 182
f 35 5278 1696
f 3774 717 2242
f 4233 4585 5845
f 1457 1321 264
f 4564 4706 5433
f 1909 3195 3401
f 289 182 1696
f 3583 4695 182
f 268 3212 2502
f 5606 1780 1330
f 4852 2216 1480
f 4852 5297 2216
f 4210 2276 3474
f 3289 4499 3616
f 4437 2456 3034
f 627 4302 1211
f 3941 2902 4578
f 4547 3572 1961
f 1326 2461 2336
f 3365 3504 160
f 1755 2212 2335
f 3941 2215 2461
f 2215 3941 4578
f 5207 3249 2846
f 614 4648 2514
f 3007 2901 4578
f 1352 1351 3330
f 3977 3671 3119
f 4801 420 4635
f 420 4801 3370
f 1728 4062 1590
f 3216 1474 3760
f 2780 2779 3746
f 2906 3617 2905
f 1446 1725 3400
f 3802 4195 587
f 4754 3998 4622
f 1182 252 538
f 2160 427 813
f 5850 5121 4986
f 2463 698 2065
f 4298 3642 4497
f 4365 4298 4497
f 4848 3034 2214
f 5229 4848 2214
f 5394 420 3370
f 5100 4968 1713
f 1117 2616 294
f 3613 901 3061
f 1257 2286 2208
f 2656 953 2655
f 4013 4393 4350
f 1753 3213 4785
f 891 1853 1996
f 2461 2215 2336
f 4199 3917 3253
f 3059 5219 5865
f 3946 1374 3701
f 3946 3701 4781
f 98 743 4881
f 1272 4910 2555
f 3173 3912 2268
f 3642 4298 2460
f 2845 1651 2942
f 4296 2215 2901
f 2215 4296 2336
f 4298 3941 2460
f 3941 4298 4040
f 139 1194 780
f 4296 4528 2336
f 2805 47 2440
f 4298 4365 4040
f 4299 5359 4498
f 4299 4498 4576
f 1159 951 138
f 691 264 3404
f 2535 306 1723
f 4296 212 4528
f 4296 4297 212
f 3826 1253 1254
f 3990 5288 702
f 462 2822 2905
f 3617 462 2905
f 3888 317 1637
f 2916 2891 2680
f 1881 1688 2726
f 2807 3821 3551
f 3243 5002 2228
f 3163 5201 5764
f 5441 2351 3666
f 981 3009 2108
f 5794 981 2108
f 2748 5880 827
f 459 908 2909
f 459 2909 1088
f 4697 4616 4482
f 2063 3558 1102
f 5589 2208 2286
f 4803 4042 2136
f 4984 5564 3227
f 3100 5028 2270
f 4848 4437 3034
f 4848 4577 4498
f 4437 4848 4498
f 520 1286 4155
f 5562 4379 744
f 1892 1710 672
f 1681 1616 1877
f 4297 4296 2901
f 5673 5243 4425
f 4847 3289 5105
f 4847 3218 3432
f 4847 3432 4499
f 3289 4847 4499
f 1370 802 1828
f 2964 3198 3546
f 307 2924 5554
f 627 5313 3948
f 4006 4575 900
f 4973 3317 1936
f 1564 4383 4347
f 3259 1999 3461
f 4057 3390 4525
f 5140 5064 5155
f 2870 4618 5723
f 1210 1667 2021
f 2844 1650 1652
f 5359 4437 4498
f 5464 5501 5421
f 967 240 1082
f 2429 3174 4603
f 1697 2035 2037
f 3552 3822 1244
f 2216 1761 1480
f 4019 3796 4018
f 1252 3207 2378
f 4865 4803 3793
f 1354 3507 4357
f 4413 4415 4414
f 5060 3164 2196
f 758 3895 2027
f 1342 3250 3914
f 1449 1450 3191
f 3218 2214 3034
f 5105 5229 2214
f 2505 3042 706
f 4065 1739 5644
f 2225 4269 1491
f 3700 3947 3794
f 3700 628 3947
f 169 4170 4799
f 3952 169 4799
f 4023 4456 2693
f 1858 4 5
f 3894 5 4
f 750 4301 4302
f 358 3150 1693
f 1581 352 5550
f 2600 5550 352
f 2021 1829 1292
f 5413 3033 382
f 5547 253 1470
f 420 3481 4635
f 5763 5201 3163
f 2790 2053 3179
f 4402 3280 4702
f 406 1468 48
f 341 406 48
f 216 4987 3766
f 4746 3955 3966
f 2303 210 2997
f 2964 688 309
f 4159 2576 4482
f 171 2134 4636
f 2134 171 3135
f 269 2643 1191
f 908 3836 2909
f 3563 3643 3103
f 2884 4207 2362
f 5468 3697 3510
f 5468 5362 3697
f 589 3803 2941
f 3881 898 5383
f 4770 2428 2395
f 2788 4895 1433
f 1143 3857 5498
f 2943 2668 5688
f 302 679 304
f 3423 48 1468
f 4496 2900 3614
f 4496 1476 2900
f 805 5533 918
f 3713 1393 5552
f 2134 3135 4506
f 3482 2134 4506
f 5805 1235 1234
f 563 2397 2049
f 3135 171 4724
f 1810 5707 3459
f 3251 4897 2474
f 1661 2692 1112
f 2716 3952 4799
f 2330 3403 2634
f 1061 2462 4851
f 21 1294 2912
f 5252 21 2912
f 5047 4284 1540
f 585 1129 2664
f 4801 4635 3482
f 3292 4634 749
f 908 341 477
f 602 48 209
f 3423 209 48
f 439 296 5784
f 602 3819 48
f 3244 1166 2340
f 3922 1816 2974
f 2781 5094 2428
f 2206 4369 3755
f 1451 308 2436
f 4389 5442 2587
f 4865 4505 4803
f 4042 4803 4505
f 1253 3207 1252
f 5059 4052 1145
f 1921 2803 514
f 5007 3279 1178
f 313 1245 1925
f 2665 2569 4695
f 459 1469 406
f 341 459 406
f 3309 3392 4397
f 459 1088 1469
f 1555 2101 1556
f 4865 3942 4505
f 3819 341 48
f 1227 444 1144
f 1476 4496 2462
f 1861 4119 2513
f 1458 513 512
f 225 245 244
f 4929 633 3370
f 1112 2692 2691
f 5632 2691 2692
f 731 92 1084
f 4801 3482 4506
f 4929 4801 4506
f 2749 4515 1308
f 2792 377 3751
f 4801 4929 3370
f 2080 4142 1947
f 1913 3544 2536
f 5079 5022 5405
f 2546 5812 2210
f 2543 4775 455
f 5443 5863 5876
f 5443 5876 2413
f 1848 855 390
f 5704 5707 3662
f 2367 2278 1571
f 3637 2055 5639
f 2256 2365 404
f 459 341 908
f 3499 3849 2668
f 3210 406 1469
f 406 3210 1468
f 357 3374 2607
f 3874 3568 5355
f 2051 3077 1432
f 4009 909 5008
f 5443 5084 5863
f 5019 3703 5818
f 1688 2953 2726
f 884 3965 4553
f 2965 174 693
f 2051 41 937
f 1060 2213 4738
f 676 5638 5883
f 174 643 1692
f 5093 1148 4969
f 732 967 968
f 1570 2278 3500
f 3620 3486 3487
f 4567 4321 4256
f 3922 2974 2352
f 3808 2972 718
f 5488 5025 5677
f 903 474 1079
f 1921 2331 2803
f 2639 3348 2454
f 1063 4268 5515
f 210 2501 3553
f 4531 3063 2912
f 1457 567 1321
f 1004 1216 641
f 2548 2905 2822
f 1398 118 1399
f 462 2966 2822
f 2006 732 82
f 4140 4390 162
f 4544 4140 162
f 2331 3199 2803
f 1757 2457 2458
f 1316 1154 565
f 1617 641 1216
f 2748 4823 5880
f 3943 1213 4724
f 2360 5005 2580
f 3199 2500 2803
f 4494 95 3361
f 3374 3373 5819
f 1308 3846 2748
f 4835 5047 1540
f 5047 4835 5418
f 174 23 693
f 23 174 1692
f 676 5883 4052
f 462 3617 3616
f 462 3616 4499
f 2966 462 4499
f 4560 4657 4760
f 2367 1571 3951
f 4182 4105 4382
f 1060 4500 2589
f 4500 1060 4738
f 1103 5774 1261
f 2482 2357 2977
f 81 1154 1316
f 5251 4501 3290
f 3784 725 2243
f 3454 3784 2243
f 2458 4843 4844
f 5393 4844 4843
f 5570 4639 4009
f 5470 2197 1432
f 4639 175 5495
f 4351 828 3963
f 175 4639 1017
f 1692 175 1017
f 1471 2820 2457
f 2200 42 43
f 1543 43 42
f 2616 1117 480
f 2004 4862 1076
f 386 3425 385
f 2131 4219 3950
f 4219 2131 1669
f 4995 5054 5765
f 2907 5230 5008
f 2907 460 5230
f 2595 1353 751
f 3864 2907 5008
f 3761 2547 211
f 4738 2213 5322
f 1604 3808 334
f 5759 3949 4406
f 3430 2459 2821
f 2004 1133 3790
f 4593 4241 2521
f 5199 4666 4772
f 3284 724 3935
f 718 3284 3935
f 4632 3286 1077
f 2821 3431 4845
f 4785 1658 4784
f 1753 4785 4784
f 2213 2905 2548
f 2403 1512 956
f 4697 1174 2861
f 5256 613 5344
f 1689 5256 5344
f 588 1796 4924
f 4631 3283 3282
f 1086 2894 97
f 2271 5896 5208
f 4502 2683 2684
f 618 104 347
f 4130 1230 1588
f 5009 4845 4844
f 3431 4844 4845
f 2459 3431 2821
f 4088 3925 1538
f 5434 5481 5466
f 5393 5009 4844
f 3431 1757 2458
f 3431 2458 4844
f 3209 2303 2997
f 712 1786 1510
f 948 2065 4918
f 5393 342 5009
f 5004 5462 2858
f 2906 1060 2589
f 731 1084 336
f 761 2489 3625
f 4410 4233 4532
f 2995 4263 1463
f 5268 4094 4839
f 4944 5268 4839
f 2441 847 3755
f 1917 2173 2326
f 5358 4760 4404
f 5889 3617 5231
f 1519 2345 331
f 1270 2553 1949
f 2932 529 4513
f 2591 5311 2687
f 4007 4979 5411
f 2244 3936 3253
f 2244 3285 3936
f 3784 5738 4292
f 3784 4292 4388
f 3432 2966 4499
f 4481 2272 4083
f 3541 5640 2534
f 4722 4952 4170
f 5449 5456 5140
f 4535 1345 4201
f 5230 460 2817
f 1272 2555 2556
f 3931 5705 4627
f 5225 4856 5697
f 4501 1059 2821
f 3164 5422 2196
f 2358 4278 2979
f 4639 5570 1017
f 1654 3849 1653
f 1276 5623 3041
f 5107 5123 5486
f 3844 4349 5345
f 1004 2013 1005
f 806 5548 5524
f 2299 3092 4326
f 703 1160 518
f 5251 3290 4561
f 1338 1282 886
f 5615 2366 4892
f 1059 3430 2821
f 2030 1830 1296
f 3242 2969 3447
f 5545 2401 1195
f 3400 3542 3193
f 2099 3995 5707
f 3719 4894 363
f 4494 2246 95
f 2099 95 2246
f 4622 4621 3729
f 2601 3513 3065
f 5666 2246 4494
f 3719 434 4894
f 5760 5497 5014
f 4079 4277 3807
f 5248 4245 4127
f 4416 5506 1312
f 1412 3733 1708
f 3916 1808 894
f 3483 2487 5862
f 3284 3995 2246
f 5666 3284 2246
f 444 5137 4597
f 3644 4032 3104
f 3285 4670 3936
f 5738 3784 3454
f 470 5012 2244
f 470 2244 3917
f 2709 5875 1360
f 2504 1851 1948
f 3597 5722 523
f 293 363 4894
f 577 578 1127
f 4494 3361 3978
f 2227 5074 1772
f 5168 4966 5024
f 642 4223 5782
f 5411 4979 4365
f 4776 2544 1736
f 5146 5496 5760
f 544 1612 5849
f 5328 3935 724
f 3763 463 2462
f 393 2093 1336
f 4794 4581 4391
f 4597 5035 1043
f 646 4457 286
f 2477 718 3935
f 2541 1736 2544
f 2477 3935 3479
f 5328 3479 3935
f 5738 3916 4292
f 4549 704 2287
f 671 1416 372
f 825 4242 4174
f 5804 5803 4970
f 5475 5060 2196
f 2917 3007 4578
f 3496 1943 4909
f 842 1840 772
f 3284 718 3995
f 3455 4078 2243
f 5672 3573 4145
f 584 2093 2662
f 470 3455 2243
f 470 2243 5348
f 5674 4200 4441
f 5012 470 5348
f 1062 463 1760
f 5815 1200 715
f 4670 3361 2245
f 3783 4292 3916
f 4292 3783 5442
f 1344 3253 3936
f 1736 2542 3412
f 3783 894 3594
f 2587 3783 3594
f 5442 3783 2587
f 3783 3916 894
f 5348 2243 725
f 4078 3454 2243
f 4892 4101 1208
f 5666 2892 724
f 3361 95 2245
f 5704 2245 95
f 2099 5704 95
f 2152 3151 4586
f 3763 2462 1061
f 5704 1344 2245
f 3852 4868 1354
f 3989 5807 5307
f 5482 5339 2280
f 5328 5825 3479
f 2557 1957 1953
f 1242 1241 3201
f 737 1556 4885
f 5517 88 2681
f 1168 3450 2839
f 428 186 655
f 3136 5534 1385
f 5608 3890 883
f 3251 2474 3778
f 3792 4379 5297
f 3142 3141 4522
f 2543 2446 4137
f 4561 5220 2590
f 1809 334 3808
f 692 2209 2815
f 1503 1105 327
f 4759 212 4297
f 4527 2525 3177
f 5605 4987 1327
f 3529 3525 768
f 2809 5402 382
f 359 254 3150
f 4852 4851 4295
f 4852 1061 4851
f 4546 3570 861
f 1179 4212 597
f 1457 5584 567
f 4579 4514 4759
f 5000 1054 3755
f 4496 4097 4851
f 2462 4496 4851
f 5851 5728 2947
f 3868 4682 5694
f 3018 4467 4051
f 2476 3807 4277
f 3461 1999 4556
f 1062 1760 698
f 802 1869 2127
f 3412 313 1925
f 5573 2787 3175
f 588 3802 587
f 5759 4169 4671
f 5103 3307 5334
f 4849 212 4759
f 4849 3560 212
f 2075 576 2649
f 4849 4514 4850
f 4849 4850 1929
f 1139 5616 1384
f 837 4134 5601
f 1201 592 2853
f 397 474 787
f 2900 4850 5710
f 2900 3762 4850
f 2638 3871 2062
f 5477 5842 2622
f 52 243 1086
f 5473 5763 5504
f 1271 1952 1949
f 3868 4339 5435
f 3154 5734 3070
f 287 647 2420
f 5503 5500 5034
f 5297 4852 4295
f 3204 1737 4064
f 4035 3976 1131
f 5297 4295 1557
f 219 5622 86
f 219 86 476
f 1064 3765 214
f 4999 2961 2268
f 3580 4854 2841
f 216 1943 1162
f 3602 3812 1998
f 3663 1810 2000
f 1804 1200 4897
f 4761 2915 5793
f 1482 2068 270
f 5080 4255 5430
f 3560 4528 212
f 5726 4715 4716
f 3855 2316 1887
f 5581 1611 3066
f 4952 4671 4169
f 408 157 159
f 3219 159 157
f 3030 842 2496
f 4514 5710 4850
f 2076 578 577
f 3762 1929 4850
f 3762 4889 1929
f 3167 3387 2775
f 3332 4216 2708
f 3866 5280 2369
f 1857 1181 275
f 4849 4759 4514
f 3560 4849 1929
f 3070 4564 5433
f 257 659 1307
f 2053 2628 5619
f 2644 3560 1929
f 4641 3980 3681
f 3980 3062 3681
f 3278 2582 3609
f 502 668 1882
f 4799 4406 3949
f 2716 4799 3949
f 4109 2495 4717
f 3661 592 1996
f 4081 3324 1813
f 1223 820 821
f 3342 305 262
f 4033 1778 2832
f 3321 873 1507
f 371 258 5189
f 4243 826 934
f 3618 1660 3330
f 5668 3307 5128
f 2903 2904 1557
f 2205 1100 2432
f 3777 3778 5357
f 2344 3497 1196
f 1189 2399 3089
f 4465 5653 3224
f 4084 1175 1020
f 679 3524 304
f 541 2292 3684
f 4393 4584 5193
f 5420 5063 5481
f 2379 1740 5426
f 547 1141 1617
f 4070 3556 4736
f 4316 5249 1229
f 4549 4193 1332
f 2327 2799 3344
f 890 4974 1172
f 5717 4245 5132
f 3271 3998 2580
f 4013 4350 3155
f 1672 629 630
f 1667 622 1363
f 587 1649 586
f 3607 4356 2581
f 582 5658 1784
f 2678 785 3280
f 3791 2904 2486
f 528 3059 3931
f 4384 4107 4108
f 384 5663 3098
f 5028 268 2640
f 1449 1452 1450
f 4567 1313 4321
f 1276 2834 5623
f 2824 321 2226
f 4113 4387 5873
f 148 787 472
f 3342 3180 3085
f 2317 3489 3847
f 2903 1557 3480
f 1911 1918 3190
f 2863 5708 2353
f 2895 739 3939
f 3472 3928 3832
f 128 3527 3530
f 2517 5192 4813
f 2075 4273 5308
f 313 3409 311
f 4112 891 1533
f 3873 1269 3037
f 3531 770 1905
f 126 3491 1898
f 5441 5208 2351
f 5494 5420 5500
f 2933 4859 4559
f 5694 4470 4768
f 1661 1112 5038
f 3882 476 2365
f 3544 3543 2536
f 2576 3841 4158
f 5559 2574 1197
f 56 5612 1290
f 5513 605 5512
f 4714 3390 2495
f 2918 1860 3505
f 5007 3278 3279
f 1036 2753 4241
f 3888 1637 2813
f 2403 1516 2094
f 5110 5668 5458
f 5561 3287 746
f 3772 961 5661
f 1911 3190 3311
f 3887 5388 4184
f 3172 4717 2323
f 575 4919 1065
f 107 2030 5532
f 144 1528 1529
f 2152 5890 2614
f 1233 4133 5803
f 4691 2061 3409
f 4049 4651 4677
f 2225 3222 1770
f 4678 2744 4827
f 2808 3822 5643
f 3170 3171 5485
f 3653 780 3654
f 181 180 2034
f 1766 1125 213
f 3037 1269 1942
f 2219 3913 569
f 1112 1607 5038
f 4076 2656 4191
f 3220 271 1488
f 2445 4370 1729
f 1146 5152 4366
f 3073 3722 4334
f 1177 3276 4377
f 2684 4452 4781
f 4730 2375 2525
f 5117 3466 2480
f 4171 4407 647
f 1308 2748 826
f 2081 5887 4143
f 3266 3600 2870
f 5125 5458 4945
f 3305 3304 3013
f 1503 2382 1105
f 993 2120 621
f 3517 3740 3516
f 4783 3958 5577
f 5062 5114 5330
f 570 2220 1486
f 884 5558 3588
f 4562 1351 2592
f 3889 2664 4947
f 1373 2716 3949
f 5778 3011 5783
f 3295 1336 3114
f 4661 4518 1628
f 5643 3822 3552
f 1633 1121 2054
f 2993 2332 1727
f 3246 2470 958
f 1442 3189 3190
f 5606 4922 1779
f 3680 5411 4576
f 3365 608 3504
f 884 4553 1990
f 5887 862 1273
f 3156 4916 4591
f 4870 2540 2636
f 2596 5613 752
f 357 2607 548
f 4402 4490 3280
f 1148 5211 5026
f 2837 5624 2343
f 2123 1366 916
f 2011 3618 2311
f 627 3948 4302
f 750 4302 3948
f 794 3683 4705
f 5741 3997 2945
f 5719 3873 4189
f 3450 393 3353
f 5010 3681 5495
f 5258 4531 2912
f 5258 2912 3134
f 358 21 5252
f 1513 2468 1167
f 1940 3567 5403
f 4509 2716 1373
f 169 4302 4301
f 169 1211 4302
f 3696 2412 2111
f 5818 3696 2111
f 5440 4068 1742
f 628 3700 5313
f 890 5662 4974
f 3037 218 4142
f 5449 5140 5892
f 1858 5 1204
f 169 4301 4170
f 5193 4584 4673
f 4266 1125 573
f 628 2413 3947
f 1662 5586 2109
f 3981 2109 5586
f 1244 3201 1243
f 3438 2827 3318
f 4219 4220 4507
f 4220 4219 1669
f 2025 3334 1294
f 5858 2354 4856
f 2549 1758 1928
f 4217 3128 1861
f 359 424 285
f 3684 8 3127
f 3684 2292 8
f 2801 1727 2060
f 626 2715 1373
f 1439 2055 1636
f 1476 463 1062
f 4415 2046 4179
f 3019 5802 1895
f 5718 1854 3002
f 5274 289 1696
f 4170 4169 4406
f 607 3128 3685
f 2103 2104 3893
f 750 4905 4301
f 2489 761 760
f 2600 541 3487
f 5720 4189 5438
f 4217 3685 3128
f 4217 2599 3685
f 3495 1752 5028
f 5010 424 926
f 359 926 424
f 4220 5759 4507
f 769 768 2529
f 3529 1903 1904
f 1662 2109 1661
f 3339 1118 5866
f 5859 3862 3265
f 2605 3838 3302
f 3960 2989 4221
f 3334 353 757
f 134 2813 4939
f 544 5849 4989
f 670 1227 1708
f 1827 2017 1826
f 2549 1928 4889
f 627 1211 5349
f 4220 1373 3949
f 5759 4220 3949
f 2131 5581 1669
f 359 3150 926
f 2912 1294 3134
f 4213 750 3794
f 3520 4541 1231
f 1586 1405 1889
f 703 518 3320
f 1088 1185 851
f 3962 4534 767
f 1662 5611 2914
f 2131 3950 4531
f 5258 5581 2131
f 5258 2131 4531
f 4220 626 1373
f 4297 2901 4118
f 58 2709 1360
f 4977 5435 511
f 5876 5874 5844
f 4990 2297 5321
f 353 2025 1693
f 2025 353 3334
f 5252 5010 926
f 353 1693 2920
f 5632 625 2691
f 750 3700 3794
f 626 4220 1669
f 1259 852 3316
f 5800 2012 1356
f 3060 5709 4757
f 3172 4718 4717
f 2793 4311 4990
f 1189 3089 3343
f 809 1683 1095
f 3334 3134 1294
f 5327 4672 2699
f 4449 596 4036
f 5140 5456 5064
f 4780 4093 5042
f 5287 5579 5337
f 1055 3196 4883
f 3946 4452 2911
f 3067 3946 2911
f 1406 5385 824
f 5237 4319 3879
f 2225 1770 4269
f 3808 718 2477
f 4021 4319 5237
f 4362 5871 594
f 1205 1206 1859
f 5089 5046 4829
f 5799 3632 125
f 4102 558 4830
f 1188 3088 133
f 3894 1375 5
f 2225 5368 3222
f 2024 2717 5349
f 294 369 1117
f 1219 5277 1009
f 5695 5413 5402
f 3673 3672 3892
f 3819 602 1573
f 3275 2483 2981
f 4046 3710 646
f 1663 2693 982
f 4456 982 2693
f 1555 154 2101
f 5053 5765 5054
f 3565 3990 3439
f 3716 4856 3715
f 3716 3715 3713
f 3966 4353 3877
f 2911 5084 5443
f 2718 2911 5443
f 346 619 101
f 2383 1517 2661
f 3939 739 4886
f 1315 3078 2049
f 1178 4701 3933
f 5576 488 5585
f 3915 3827 5077
f 4544 4017 4140
f 3317 1599 3561
f 2437 2537 2802
f 2741 2491 4986
f 3586 4742 2570
f 408 277 791
f 2650 2647 2648
f 1924 1926 1245
f 2634 3403 2804
f 5652 2643 4896
f 1663 2694 2693
f 3438 2828 2827
f 591 5207 2942
f 388 1567 4918
f 4971 1717 5325
f 2827 2828 411
f 5642 5843 2298
f 2324 375 5366
f 3826 2810 5822
f 1492 2755 5195
f 3902 5195 2755
f 5195 4830 3435
f 5195 4102 4830
f 625 4798 2691
f 4563 921 59
f 4609 4648 987
f 3229 4609 987
f 4453 3009 981
f 3426 1056 2063
f 639 355 3896
f 391 1063 951
f 5830 4619 2358
f 2292 2600 352
f 2596 2388 986
f 163 138 517
f 2138 385 5679
f 3590 1992 3250
f 844 307 1445
f 3710 5188 5890
f 3581 3114 3889
f 1475 4846 4738
f 764 1626 3157
f 3710 5716 5188
f 3719 1403 434
f 309 3346 3403
f 4473 2282 3521
f 4648 3694 987
f 163 992 138
f 163 2116 992
f 2596 57 5613
f 3882 2365 2256
f 2794 377 376
f 1628 4769 2047
f 5843 3639 4325
f 1210 1366 351
f 696 1326 2336
f 4871 3988 1240
f 2847 961 3659
f 3747 302 1428
f 2880 2359 3675
f 2206 2440 4369
f 3174 4323 4423
f 4564 177 3712
f 2596 986 57
f 5001 57 986
f 1265 1598 984
f 4777 4033 5298
f 328 1107 1506
f 3496 1944 858
f 2423 5141 5456
f 4098 5847 3680
f 3506 3505 5610
f 1565 1722 1635
f 1362 103 346
f 3923 3924 4229
f 1689 760 761
f 5648 4873 4139
f 5610 3505 1860
f 2492 765 1415
f 5468 2314 5362
f 1492 3221 2755
f 2843 92 5682
f 731 5682 92
f 4204 3356 593
f 1598 1265 4512
f 270 1846 4918
f 2053 1632 3179
f 5124 5339 5088
f 1597 2550 1931
f 1458 1921 514
f 1926 4263 5354
f 3602 3603 4279
f 1553 600 154
f 360 1698 654
f 4665 4570 4664
f 912 619 2115
f 2141 1005 12
f 2396 936 5597
f 5713 2542 2541
f 5001 3645 57
f 5595 4148 2097
f 3605 3878 2482
f 4953 5033 5503
f 500 5412 4585
f 4538 5098 4594
f 5886 5838 3006
f 1974 1975 3323
f 5528 113 5275
f 1183 3064 755
f 558 4249 4830
f 1491 4830 4249
f 4326 1843 3093
f 2030 1296 5514
f 4822 5132 5248
f 834 3175 4729
f 1534 488 5576
f 5055 5139 5407
f 989 5631 2366
f 1828 802 1292
f 1630 2398 1315
f 4661 2047 1314
f 4012 5329 3951
f 942 3542 3192
f 1690 2954 2113
f 3369 4120 612
f 4871 4262 1923
f 384 3417 5663
f 4538 2520 4240
f 5773 990 2013
f 1389 5634 9
f 141 5625 3113
f 2143 2312 3303
f 5674 4441 4157
f 3540 2534 5640
f 2511 4320 5042
f 5011 5338 4710
f 5262 3281 5048
f 5262 5048 3384
f 269 4972 4896
f 3882 741 247
f 2430 3397 2629
f 3922 4750 522
f 1446 3754 1725
f 3628 1587 4659
f 3426 5603 1056
f 3649 2082 2936
f 1946 5605 1327
f 942 3193 3542
f 2493 5596 2991
f 2439 4605 5295
f 3629 5020 673
f 5440 5565 456
f 4741 3992 2288
f 165 985 103
f 687 5000 3196
f 4992 4828 4827
f 4527 3177 4058
f 461 694 5590
f 4677 4651 2747
f 3574 1500 1782
f 857 4609 3229
f 2116 163 617
f 2571 4912 2288
f 1492 5195 3435
f 5574 3229 987
f 3384 5122 5499
f 410 3127 8
f 125 3632 5779
f 4111 2071 4032
f 4660 2394 258
f 1911 5535 3197
f 924 111 1012
f 5568 2697 3693
f 5568 1938 2697
f 5244 4061 4937
f 645 410 8
f 1040 2888 4001
f 4109 4717 1187
f 3252 2351 2856
f 1835 1585 1701
f 4631 3282 4557
f 4473 3521 4340
f 739 400 4886
f 3241 2562 3445
f 5752 5803 2526
f 1912 133 3087
f 3710 4043 646
f 348 349 2118
f 1724 1720 3182
f 1314 3631 4179
f 5050 1422 5459
f 5660 3769 3244
f 5093 5161 4983
f 78 79 1152
f 4771 4028 3973
f 2391 343 615
f 4747 4018 4746
f 327 872 3239
f 1677 1364 5531
f 207 5440 456
f 3563 1938 3643
f 2532 3083 3082
f 3247 1793 3875
f 4621 2878 3728
f 444 4597 1043
f 1144 444 1043
f 2509 3584 1980
f 674 1144 1043
f 2916 725 4388
f 3839 3380 3376
f 2192 674 1043
f 2192 1043 5035
f 508 509 3728
f 3336 5417 4524
f 1144 674 510
f 1384 1878 920
f 1900 1234 3080
f 5294 4812 1393
f 5501 5427 5421
f 1896 2763 2956
f 4415 4179 4419
f 1185 5769 851
f 853 5774 854
f 5452 4836 5396
f 5513 1134 605
f 4970 5803 5752
f 2966 3429 2822
f 3719 292 1403
f 4379 3940 744
f 4490 5724 4668
f 3196 5000 4883
f 3467 3926 2976
f 538 2016 350
f 4287 4166 4291
f 2669 5696 3456
f 3331 3485 4959
f 5062 5330 5756
f 4128 4246 4175
f 328 329 712
f 5109 5828 5425
f 3096 1845 383
f 3977 5414 594
f 5073 4267 4476
f 1188 773 3088
f 464 3858 2129
f 5482 5460 5339
f 551 1390 1301
f 5702 4125 4588
f 1113 5511 109
f 3810 3470 4281
f 5886 4857 5261
f 1798 5558 1338
f 1190 3896 2545
f 4526 3391 4310
f 2072 3567 1940
f 1309 65 1695
f 5763 2770 5484
f 1337 4946 3769
f 227 242 228
f 2835 227 228
f 1085 242 1289
f 2583 4780 597
f 5131 1705 5046
f 2893 719 3786
f 2893 3786 4655
f 4746 3966 4477
f 2282 1098 4131
f 5799 5618 938
f 2416 5317 5852
f 3018 667 3381
f 5463 5496 5427
f 1620 4914 1834
f 2683 5342 4041
f 386 1751 5548
f 5399 4953 5450
f 587 4195 1649
f 3816 2669 1653
f 447 1721 2923
f 5163 3655 1336
f 2302 3415 2449
f 5812 695 2210
f 1325 5813 2460
f 5742 2585 4558
f 3562 3564 2503
f 3158 4247 4466
f 5286 1715 2396
f 347 985 3692
f 3911 4999 4340
f 2999 777 4011
f 3424 3347 5823
f 634 1377 2029
f 5868 5857 5692
f 4834 4574 5260
f 4834 5260 4335
f 2791 2297 3084
f 2547 1756 5789
f 1203 4036 4363
f 3540 3188 2534
f 5792 2439 5295
f 4983 5161 5395
f 3255 1809 3785
f 2581 4356 528
f 1164 5544 3352
f 1190 2545 3558
f 5304 540 1370
f 5080 2266 5502
f 5080 2426 2266
f 5142 5063 5407
f 5452 5136 5261
f 208 745 458
f 208 458 1748
f 1173 2478 1812
f 5714 209 3423
f 2558 3767 89
f 4071 5651 2211
f 4287 4493 4003
f 2539 1728 1590
f 1681 1878 1831
f 3966 3955 4353
f 4179 2046 2621
f 2823 696 2644
f 4919 3319 4908
f 4666 3887 4570
f 5399 3743 5364
f 2466 955 1786
f 846 2538 2801
f 3683 5816 4705
f 4443 5630 4720
f 509 2187 3729
f 4754 3729 2187
f 5319 4950 5451
f 3859 5235 5564
f 2260 4022 2585
f 589 4925 3803
f 1067 4549 1332
f 5439 4822 828
f 161 5586 796
f 161 1295 5586
f 2448 1738 4371
f 3170 2322 3171
f 1146 4767 2957
f 2477 1809 3808
f 3974 3085 1121
f 1475 2210 695
f 1067 3243 1508
f 90 2229 3768
f 1597 1487 1488
f 944 2634 5642
f 1089 4645 482
f 5007 1178 4756
f 1177 2983 3476
f 3523 4474 5846
f 4005 5375 5374
f 4417 4177 1627
f 1728 451 3549
f 532 158 3865
f 220 476 3882
f 3503 4537 3005
f 4282 471 5832
f 5278 2034 3845
f 3473 1176 2980
f 3287 2255 217
f 718 2972 3459
f 1499 1328 1329
f 5755 4334 3720
f 1768 4267 1264
f 222 2081 2554
f 3154 501 2728
f 5124 4679 3161
f 2682 749 4634
f 1323 5072 3425
f 2621 1314 4179
f 452 204 4886
f 452 1731 204
f 975 2685 976
f 4775 454 455
f 5661 4884 1343
f 205 400 402
f 1898 564 1897
f 4012 4386 3297
f 4715 1187 4385
f 5780 590 2404
f 505 117 554
f 204 2896 4886
f 4574 4284 5260
f 1923 311 2061
f 2659 3651 709
f 2516 5827 1389
f 4114 3003 1202
f 5081 5123 5107
f 1424 5190 5506
f 3531 2530 770
f 745 4887 907
f 210 3553 4139
f 2251 4862 2004
f 4746 4018 3955
f 139 3238 1333
f 3248 4034 2844
f 1731 4062 3549
f 4054 4055 1147
f 2567 1337 2663
f 204 1731 3549
f 86 217 2255
f 86 1775 217
f 5441 1346 5208
f 51 2681 88
f 3767 51 88
f 4882 815 2160
f 1638 1156 2335
f 2189 2422 1420
f 509 1226 2187
f 452 4886 400
f 5552 1393 1039
f 132 4260 1719
f 4287 4291 4493
f 971 243 5517
f 3066 1611 1293
f 4447 4035 3358
f 4171 3337 4407
f 4137 1732 1731
f 402 400 246
f 2837 2343 2969
f 3579 141 2092
f 452 400 205
f 4137 452 205
f 4137 1731 452
f 1047 2794 1438
f 295 368 5776
f 1030 186 428
f 3236 1128 3651
f 5191 5680 5820
f 4068 5440 457
f 513 3032 2437
f 2806 3821 2807
f 5053 5054 5419
f 3825 4902 1566
f 5070 5026 5158
f 2960 5158 5026
f 3245 2971 3246
f 716 715 1200
f 2641 5649 3641
f 2949 1871 3335
f 737 1053 1823
f 3875 1793 3248
f 5198 2318 2195
f 2751 2752 1705
f 2908 4635 3481
f 1329 1951 1956
f 5257 2705 344
f 535 610 2411
f 5262 5240 3281
f 5262 5499 5240
f 4824 4676 5879
f 5813 5652 2212
f 5706 4276 3919
f 4836 4093 5240
f 4836 5240 5396
f 2425 5460 5492
f 3248 1793 4034
f 4890 1327 1941
f 4616 2866 3595
f 4961 1794 2472
f 5738 1808 3916
f 3151 4587 4586
f 1359 2113 5344
f 2954 5344 2113
f 1031 763 556
f 3785 5228 5227
f 3255 3785 5227
f 453 402 742
f 5623 1648 3041
f 4046 4410 4411
f 588 587 2472
f 2591 2687 4562
f 4699 4620 2878
f 2274 5684 3472
f 520 4155 3325
f 5229 747 5392
f 917 5541 1610
f 2167 2173 819
f 2173 2167 2326
f 2962 303 2963
f 4836 4857 4093
f 5093 2778 5161
f 3142 4930 3141
f 3638 5598 3313
f 4055 5199 4772
f 4484 5723 4085
f 4723 5691 2412
f 1212 4649 1872
f 5492 5460 5372
f 824 4237 2737
f 2567 2843 2095
f 2505 1193 3042
f 3056 4318 4020
f 3878 3328 5870
f 763 557 32
f 4861 4315 2985
f 2337 1639 1640
f 4012 1854 273
f 2672 4445 2947
f 2608 5314 5277
f 3976 4331 3668
f 764 3846 4515
f 3106 574 3108
f 4395 4257 4663
f 1736 3412 4734
f 464 1485 1262
f 4071 2211 5789
f 2464 3236 3651
f 3517 3516 674
f 2766 5894 5144
f 1963 4146 3110
f 1189 1635 2399
f 3879 4319 897
f 1161 3566 1939
f 635 2370 997
f 310 4733 2635
f 2051 937 1899
f 618 347 2597
f 1209 537 798
f 2056 5620 3090
f 97 1289 1086
f 3274 4779 4626
f 4485 2350 5715
f 2751 1625 5850
f 4953 5034 4954
f 2328 2434 3493
f 943 567 3091
f 2680 4117 5348
f 3674 2675 4573
f 1363 637 994
f 1371 1363 994
f 2583 4165 5263
f 3104 5653 4853
f 3508 3693 2389
f 1361 252 1182
f 4349 2729 5294
f 4666 4570 4665
f 1415 5791 3629
f 4012 3297 2510
f 4361 4186 2624
f 5564 5235 4017
f 3048 3250 1342
f 2018 1759 1477
f 2036 119 762
f 2522 5081 5107
f 2792 3751 2055
f 4043 811 499
f 2933 4167 4863
f 4866 4041 5342
f 5737 4572 5739
f 3218 3034 1756
f 4699 4621 4622
f 1453 2432 3399
f 1785 1505 5594
f 1179 597 5332
f 1916 5580 1915
f 2519 4675 5185
f 3391 4662 4360
f 2380 5589 1592
f 1303 929 2170
f 5289 2811 1254
f 4339 3868 5694
f 81 1905 3534
f 4324 4773 4429
f 2166 2167 819
f 586 4194 4961
f 5305 1563 5363
f 620 1136 1665
f 5790 4010 483
f 2432 2534 3188
f 5003 3581 4274
f 2348 2476 2853
f 3894 3957 5280
f 5423 5102 5157
f 3231 1778 5748
f 4524 5417 3379
f 766 4646 2624
f 5418 4835 5136
f 4165 4285 5263
f 2863 471 5708
f 4550 3584 1979
f 5428 5179 5241
f 2687 2311 3618
f 1879 1385 1684
f 4991 4446 1346
f 2103 1367 2104
f 4351 5363 828
f 1992 1990 4553
f 3699 343 3132
f 3660 889 2405
f 5305 5302 558
f 1101 1381 3557
f 5886 4835 1540
f 208 457 3835
f 457 208 4693
f 1448 2924 945
f 1852 3656 3354
f 2138 1751 385
f 745 208 249
f 2870 3677 3678
f 4837 4993 5459
f 1708 3733 1414
f 4858 4288 4840
f 2895 475 739
f 3612 3743 5742
f 258 664 3972
f 3000 2346 1199
f 4758 4837 4285
f 149 903 1544
f 2687 5311 2311
f 2159 4258 1026
f 2159 1026 4047
f 4168 2986 720
f 3837 3502 5864
f 5553 1437 3179
f 4835 5886 5261
f 4835 5261 5136
f 2415 254 644
f 3911 2961 4999
f 3156 3379 5417
f 5003 1523 3581
f 3255 5227 895
f 4837 5459 5263
f 4285 4837 5263
f 966 5191 5820
f 966 5820 1414
f 1412 1708 1709
f 4836 5452 5261
f 4836 5261 4857
f 4335 5260 5221
f 4070 4876 2451
f 4745 3966 3877
f 4360 562 4422
f 1255 5413 4341
f 531 206 972
f 1534 5576 1533
f 1788 957 1516
f 1259 2546 2210
f 907 602 209
f 4093 3281 5240
f 4045 5745 4461
f 2881 2757 2360
f 4473 4340 2494
f 1505 3238 3239
f 2919 3981 1295
f 4019 2848 4153
f 5323 5856 1792
f 3523 5846 3522
f 5836 1935 4269
f 1413 2756 1709
f 792 158 977
f 5049 4993 4837
f 4758 5049 4837
f 330 2228 1509
f 1270 3766 2553
f 5812 5649 695
f 625 2711 4798
f 2700 612 5840
f 884 1282 5558
f 3044 1507 1071
f 4823 3721 5880
f 1670 2949 1671
f 2425 5170 5460
f 4834 5680 5191
f 4834 3159 5680
f 590 3993 4926
f 1687 2263 2953
f 5206 2779 2524
f 39 5820 5680
f 3159 39 5680
f 3159 4834 4335
f 2158 5897 4964
f 2515 3144 1579
f 3958 3959 2913
f 5148 2266 5179
f 4574 4834 5191
f 2389 4761 5614
f 3881 5272 899
f 2816 5547 317
f 3646 5308 5029
f 706 5824 1967
f 3547 3032 513
f 3731 2757 3488
f 2757 3731 2360
f 2481 3269 3679
f 5047 5221 5260
f 4284 5047 5260
f 4758 4285 2584
f 3384 5048 1422
f 966 2679 5191
f 2564 1278 1108
f 3810 4314 4082
f 1319 1442 1722
f 1603 3777 4874
f 670 1414 5820
f 1849 517 138
f 1761 2069 516
f 1758 698 5664
f 3160 670 5820
f 3160 39 3159
f 39 3160 5820
f 454 742 972
f 5499 5396 5240
f 5048 5263 1422
f 5048 2583 5263
f 3545 2329 1917
f 2326 1443 686
f 3496 4909 1944
f 2148 1218 2264
f 870 1107 3042
f 3210 2639 1468
f 5302 4823 3846
f 4477 5739 5706
f 3898 1585 658
f 4257 3340 4663
f 1687 2953 2146
f 1787 2231 1521
f 5520 728 3937
f 786 2916 4388
f 2588 4880 401
f 681 1906 4917
f 2452 2380 1748
f 4422 2428 5094
f 3262 4615 4481
f 1201 783 1803
f 3166 3388 2046
f 545 5768 110
f 4477 2347 4746
f 5184 3007 5087
f 975 1862 609
f 5583 4359 1627
f 5621 3091 263
f 1718 1237 4398
f 915 17 622
f 2364 2984 5837
f 4156 4155 1286
f 4101 1574 1208
f 1306 295 1701
f 3803 1651 2941
f 1556 1554 4885
f 3421 384 3098
f 3230 1163 1644
f 475 4880 246
f 3855 1887 1033
f 4639 4008 4009
f 4133 2527 3310
f 3458 4079 3457
f 1100 3541 2534
f 5469 1863 3301
f 4258 2785 3176
f 1492 1266 3221
f 1643 1162 3496
f 276 1827 1559
f 2306 3965 1989
f 5800 1356 3131
f 3852 1862 975
f 1212 354 1577
f 3971 549 3626
f 3769 4946 1072
f 432 3820 5529
f 2404 5559 5585
f 374 5111 2621
f 1472 1757 2459
f 661 1836 1702
f 2999 2645 777
f 513 3314 512
f 5200 5171 2771
f 5379 3228 3036
f 2305 1986 1984
f 570 318 1158
f 1539 597 4780
f 1698 762 653
f 4785 2105 2591
f 4785 3213 2105
f 5127 5204 5155
f 3256 1173 1812
f 2221 214 319
f 2356 2874 4281
f 4558 4022 4004
f 5693 4392 2733
f 1168 2839 2232
f 1087 4521 5848
f 1720 2798 305
f 4996 5892 1045
f 3171 4424 5094
f 740 247 741
f 5119 2980 4091
f 4467 4764 4247
f 1826 2125 1868
f 2017 2067 2125
f 1826 2017 2125
f 381 1844 5644
f 3390 4714 4525
f 703 5409 85
f 5457 2773 4966
f 2443 4691 3550
f 4325 1842 3092
f 359 285 644
f 1136 1361 348
f 3905 5638 4469
f 4927 2108 795
f 4927 4963 2108
f 4416 3907 4766
f 1347 729 1078
f 3684 3127 979
f 2022 3684 979
f 2689 410 409
f 4914 409 410
f 4447 4115 4537
f 3798 4162 4305
f 3483 419 3863
f 1016 423 1580
f 3566 1942 1939
f 3010 3 2370
f 2981 2483 2361
f 520 3325 4354
f 3699 5255 5045
f 2315 5045 5255
f 911 344 2705
f 911 1388 344
f 2943 3115 2307
f 56 1290 2691
f 4798 56 2691
f 3588 5558 1987
f 2456 1756 3034
f 4712 4361 2624
f 2599 3620 2022
f 56 4927 5612
f 56 4798 4927
f 3943 3944 2133
f 3943 4560 3944
f 4085 5723 5722
f 3615 4561 4405
f 596 2262 4037
f 3427 5555 1057
f 3125 2311 5311
f 542 4023 2693
f 4927 795 5612
f 3033 5413 1927
f 4517 4359 3973
f 3572 5808 1966
f 1203 1572 489
f 2599 2022 3685
f 5706 3780 2347
f 4408 2490 5039
f 355 5511 1113
f 946 5811 264
f 1571 2278 1570
f 2542 3409 313
f 3756 1056 1258
f 1848 390 572
f 5659 5607 2468
f 4217 1861 980
f 4962 4217 980
f 3535 1838 3534
f 564 3491 835
f 4747 2848 4018
f 4066 1741 1739
f 3391 4360 4424
f 3525 1904 1902
f 4948 3347 267
f 1183 1293 3294
f 412 2701 3697
f 5362 412 3697
f 1270 4909 1943
f 2982 3475 3930
f 2726 3148 4796
f 5109 5425 5013
f 522 4750 3841
f 1671 2949 4222
f 4315 4002 2985
f 2933 4863 2408
f 412 2111 1664
f 412 5019 2111
f 611 3694 2706
f 759 850 1750
f 3777 3251 3778
f 663 2737 4237
f 2083 5369 1776
f 3698 2112 1358
f 645 4914 410
f 4176 1415 3629
f 2279 3335 2369
f 3 4 792
f 3 3010 4
f 5104 4300 5710
f 2600 757 5550
f 2539 5018 2441
f 3921 4158 4750
f 98 4881 5518
f 4050 1408 4676
f 1807 4275 4612
f 1790 3582 5627
f 755 4962 4928
f 1292 802 2123
f 2935 1894 2764
f 1933 319 1934
f 4684 4054 4997
f 5786 1971 3321
f 3040 1966 5808
f 4463 2145 827
f 4463 1618 2145
f 1376 1670 1671
f 3848 3115 4198
f 2834 3650 1068
f 2292 352 8
f 645 8 352
f 1661 2109 2692
f 3302 2692 2109
f 708 2834 1068
f 2676 4091 2309
f 3977 3119 5414
f 4218 3008 4453
f 5537 3316 4788
f 5120 2983 4092
f 767 4105 3075
f 3368 2110 5569
f 607 3685 979
f 2022 979 3685
f 2019 2018 1827
f 2018 2019 1759
f 2872 2481 5729
f 4789 5290 1859
f 5355 221 223
f 2807 3822 3202
f 4547 1961 3571
f 3844 5345 2517
f 4942 1542 40
f 3943 4724 171
f 4657 3943 171
f 682 3342 262
f 1435 1434 3178
f 3411 4435 3413
f 534 3688 3687
f 1376 1671 631
f 3483 3484 4800
f 5425 5108 5013
f 2022 541 3684
f 795 2108 3009
f 2719 2133 3944
f 3882 2256 741
f 1857 475 2681
f 2689 409 2593
f 1831 5616 5768
f 140 3242 3241
f 4866 2485 5889
f 1278 2564 2565
f 5545 1569 1785
f 4218 4453 981
f 1372 4218 981
f 4371 1738 2377
f 4916 3627 2613
f 1319 1188 133
f 1613 3622 2604
f 3212 3100 3682
f 805 638 5533
f 1112 2691 1290
f 1581 5550 2920
f 3213 3214 2105
f 2227 1772 3320
f 4545 2552 3566
f 3698 5350 2112
f 3698 3515 5350
f 3259 1815 1999
f 4055 3908 5199
f 4963 5794 2108
f 1401 822 361
f 1455 1454 2400
f 3064 4217 4962
f 4598 4053 3984
f 321 3436 3106
f 1745 3419 1592
f 5826 3582 3657
f 5652 2335 2212
f 4634 5184 5087
f 2416 3718 3853
f 1290 5612 3688
f 1777 2652 2081
f 580 1779 4922
f 78 1902 1904
f 3140 5287 5549
f 5451 5234 5070
f 5878 1118 4659
f 1674 1185 2136
f 2004 1076 1133
f 360 654 931
f 1951 861 1956
f 4426 4359 5583
f 4798 4963 4927
f 3760 461 1473
f 5794 1372 981
f 1456 5598 2631
f 5830 5118 3604
f 3199 691 2500
f 4792 4793 3126
f 4792 3217 4793
f 5773 537 1209
f 3647 577 1127
f 1655 5864 3502
f 2508 272 5626
f 3261 4343 4206
f 5362 3375 5019
f 148 3938 239
f 899 5227 5228
f 1113 1102 3558
f 2425 5340 5058
f 1642 2550 703
f 5701 4080 1811
f 2327 3344 566
f 4005 3258 4976
f 4005 4976 5375
f 5272 1285 895
f 3843 239 232
f 83 1838 1908
f 528 4356 1110
f 2893 4491 4976
f 2855 2893 4976
f 5141 5115 1713
f 2271 4975 2858
f 689 2630 5584
f 3258 2855 4976
f 5796 3715 2354
f 5796 4523 3715
f 3389 4934 2782
f 5272 895 5227
f 899 5272 5227
f 719 3809 1173
f 879 1982 3585
f 76 2619 4026
f 76 5150 2619
f 2450 3420 1743
f 1561 921 1186
f 1455 3314 2437
f 3792 3940 4379
f 2943 1345 2668
f 965 3733 3730
f 1598 4512 1104
f 1113 109 1102
f 4754 4622 3729
f 1040 1041 3726
f 1040 4001 1041
f 717 3779 2474
f 1504 875 2341
f 3785 3479 5825
f 3785 1809 3479
f 1809 2477 3479
f 3760 1474 694
f 3880 3282 5383
f 3880 3788 3611
f 2372 2767 5637
f 3785 5825 5228
f 3275 2276 4488
f 4180 5111 4027
f 4259 2786 4730
f 4068 4693 1745
f 3727 3728 2878
f 3728 3727 1707
f 4305 2879 3058
f 4208 3059 5865
f 3259 4082 2973
f 5347 5374 5375
f 2893 2855 719
f 79 1903 1316
f 3418 3416 1744
f 4855 5383 3282
f 166 478 5508
f 236 3257 4401
f 965 2679 966
f 965 966 3733
f 236 5383 4855
f 3257 236 4855
f 3620 3487 541
f 3881 899 5226
f 5101 2427 5057
f 2010 338 2896
f 4095 5245 2408
f 2933 2408 5245
f 5519 622 1667
f 1203 4115 1572
f 2898 156 401
f 2893 4655 4491
f 965 1041 4702
f 1041 965 3730
f 3562 1495 2226
f 1133 1077 1180
f 2890 5245 4168
f 965 4702 2679
f 4097 3480 1557
f 2925 846 688
f 3256 3257 4855
f 5117 4085 5722
f 3277 2277 4629
f 2247 4401 1285
f 4890 1946 1327
f 1041 3730 3726
f 2000 2349 4556
f 971 5517 2681
f 1412 3730 3733
f 591 1343 4884
f 731 336 240
f 3481 3942 5410
f 830 3726 3730
f 1041 4001 4702
f 4068 1745 1742
f 5553 3179 1632
f 2922 5486 5123
f 508 3728 1707
f 2247 3881 5383
f 2247 5272 3881
f 5272 2247 1285
f 2247 236 4401
f 236 2247 5383
f 830 1707 3727
f 4283 5635 3727
f 830 3727 5635
f 4168 5245 4095
f 5172 2775 5113
f 5430 5111 374
f 2504 1948 1944
f 1198 1531 1994
f 529 4655 4513
f 2492 3488 1226
f 1173 3256 3786
f 4310 3391 4568
f 4631 3786 3283
f 3256 3283 3786
f 2855 3258 3928
f 4138 3422 1593
f 2675 3675 595
f 2463 2065 1157
f 4428 4773 5224
f 3868 5435 4352
f 3579 877 2839
f 3438 3318 1641
f 4887 403 404
f 4603 2048 1429
f 4684 4601 4367
f 3518 5750 3020
f 4103 5335 481
f 2572 4552 4551
f 5476 5215 5214
f 2959 5025 4982
f 759 2140 850
f 5177 2392 2730
f 3911 4131 3522
f 837 1149 1150
f 2761 2762 3278
f 2762 2761 672
f 4154 3051 1285
f 646 499 4457
f 3382 1042 1420
f 2584 4285 4165
f 1689 2954 760
f 1177 3476 4778
f 1055 2538 846
f 1418 3738 4539
f 2761 3278 3609
f 3711 2883 4810
f 3711 4810 499
f 3716 4814 5697
f 3716 3713 4814
f 181 67 5856
f 67 181 2034
f 3736 1416 1891
f 2367 3951 5329
f 4866 4451 4041
f 5250 4957 5154
f 2051 1899 3077
f 3273 5006 2309
f 4969 5454 2778
f 3514 5600 2719
f 301 2759 1891
f 1154 129 5543
f 4565 4228 3071
f 2804 3639 5843
f 5016 5454 5234
f 3982 1711 3383
f 283 1688 1881
f 5020 5637 675
f 3980 4641 3063
f 4756 3477 3329
f 5840 612 4120
f 2152 2614 3627
f 3072 4127 4245
f 1988 5857 5868
f 5187 5128 2281
f 5441 3666 3667
f 2355 2861 3466
f 770 2530 2531
f 5522 5748 2088
f 4026 561 3489
f 2764 4904 5336
f 4252 5336 4904
f 3640 3093 1735
f 5126 5204 5127
f 2452 3423 2454
f 4716 4385 4110
f 5177 1018 4658
f 4434 2300 4327
f 2155 4228 3925
f 4228 2155 3071
f 2752 3857 1143
f 1561 1186 4642
f 2201 4877 2789
f 879 3585 2566
f 1861 3128 794
f 691 774 2500
f 3299 274 5414
f 5067 1713 5115
f 5386 4660 371
f 4318 5236 4020
f 5685 4336 5671
f 346 103 104
f 3626 5257 3971
f 2577 3813 4975
f 3711 811 4225
f 3274 3711 4225
f 4252 3905 5336
f 3452 889 3660
f 3259 3461 4082
f 3421 1465 266
f 3592 4112 960
f 1440 685 1122
f 3951 3002 1854
f 2935 2764 5336
f 4111 4271 2071
f 3315 2453 848
f 3510 3697 3509
f 1198 2346 1531
f 5061 5506 5153
f 2786 2785 4730
f 2403 1517 1516
f 128 2529 3527
f 857 4544 162
f 1622 1582 2170
f 388 2065 698
f 504 4045 4461
f 4729 2525 5700
f 1328 1948 1851
f 2375 3309 5700
f 1626 5368 3157
f 2225 3157 5368
f 1038 4465 3224
f 1038 1143 4465
f 4609 2514 4648
f 2267 1714 1148
f 5593 3234 2659
f 5046 666 4829
f 3902 4102 5195
f 3529 1904 3525
f 764 3157 4025
f 2225 1491 4249
f 2411 3692 2695
f 2755 3221 2185
f 5338 2755 2185
f 3148 2953 2263
f 5568 3693 3508
f 1774 4545 3566
f 2062 382 4692
f 2567 5292 1337
f 414 798 4121
f 4683 4130 4601
f 5061 1424 5506
f 4610 4074 5044
f 4610 5235 4074
f 2836 1165 3441
f 1142 120 1623
f 4046 646 286
f 83 1908 1719
f 3901 4465 5498
f 4465 3901 5326
f 4017 5235 4610
f 494 3691 3508
f 5327 5613 57
f 3645 5327 57
f 3790 1133 5669
f 5327 2698 4672
f 5327 4667 2698
f 5328 723 5825
f 4140 4610 3366
f 4140 4017 4610
f 3457 4079 2852
f 5280 630 2369
f 924 1012 923
f 2934 923 1012
f 2394 664 258
f 2867 1605 524
f 3437 4016 1771
f 143 3875 1795
f 4043 3710 5890
f 2183 4824 5879
f 4824 2183 1771
f 4828 5326 3901
f 4827 4828 3901
f 4289 720 4862
f 5359 5461 4437
f 483 4381 5596
f 5493 5828 5459
f 4371 1734 2446
f 1229 4601 4130
f 1031 657 5529
f 273 4442 3499
f 2555 4910 1949
f 4025 3157 4249
f 2225 4249 3157
f 2864 3264 3263
f 5196 4248 2185
f 1599 5196 2185
f 1800 1801 1170
f 2383 878 3323
f 1064 214 2221
f 3927 4619 2579
f 5528 5278 3845
f 5316 5653 5326
f 444 1227 2191
f 5137 444 2191
f 2754 5089 4188
f 2754 4188 4271
f 2863 2353 3263
f 1143 1038 666
f 4465 1143 5498
f 2071 4271 4188
f 5089 4829 4188
f 2071 4188 4829
f 5131 2749 1705
f 4465 5326 5653
f 5869 3604 5118
f 1599 2185 3221
f 5338 2185 4248
f 3918 2475 3117
f 3100 3212 268
f 62 803 2028
f 4010 4104 483
f 1014 3565 3439
f 359 644 254
f 2610 111 924
f 1460 3404 2442
f 5482 5372 5460
f 5001 2828 3226
f 1355 2696 494
f 5142 4996 1045
f 4608 5001 3226
f 3643 1938 5568
f 2828 5001 986
f 1355 2411 3690
f 1360 5634 413
f 5827 413 5634
f 3351 5574 2698
f 2827 2697 1938
f 3428 1473 3761
f 2746 2421 5259
f 3065 4509 2715
f 4317 5390 5357
f 1457 3199 689
f 2441 5018 203
f 521 1284 3051
f 1940 194 195
f 2182 195 194
f 1431 2397 375
f 2078 5753 1947
f 4369 2539 2441
f 1795 3875 3248
f 210 4139 2997
f 3158 3724 4467
f 2519 4231 2033
f 4272 5829 5604
f 2697 1558 2915
f 1767 1265 165
f 1866 168 2710
f 3317 5196 1599
f 4833 3737 2617
f 2808 3202 3822
f 107 5542 5781
f 3867 1324 497
f 920 642 5778
f 5086 5169 4597
f 4467 3381 4764
f 1417 3489 2317
f 3318 2827 1938
f 2176 2177 5525
f 2176 1726 2177
f 2850 4720 145
f 433 431 72
f 433 72 3200
f 1584 654 653
f 3799 3329 4164
f 944 5642 2633
f 4046 4411 3710
f 148 239 473
f 426 4057 4818
f 287 426 4818
f 940 3079 1434
f 1106 3237 2465
f 1456 512 3313
f 3495 2641 1752
f 4349 5294 5345
f 2320 1425 5172
f 1257 4543 2286
f 1854 5630 4442
f 4554 2574 4988
f 281 806 5524
f 4543 2379 2286
f 1274 864 2304
f 1643 3496 858
f 3871 2447 2062
f 3883 920 5778
f 362 3405 364
f 2181 362 364
f 5129 5754 2281
f 2031 3146 5361
f 4338 3906 5152
f 293 4894 367
f 1355 3690 2696
f 3225 2696 3690
f 1290 3688 534
f 2275 4091 2980
f 707 3768 2229
f 4548 3040 868
f 856 11 517
f 3754 2434 5821
f 1097 2316 188
f 5120 1287 3607
f 1584 1583 2174
f 1325 5652 5813
f 3903 4128 4248
f 4182 4382 3074
f 3097 4938 1466
f 766 2992 4104
f 1413 1709 300
f 1036 4050 2753
f 4672 2698 4373
f 5574 4373 2698
f 3411 4434 4327
f 2302 3096 4719
f 651 5274 649
f 3322 2929 2563
f 2230 466 3575
f 466 2230 1548
f 2274 4622 3998
f 4672 4373 3694
f 11 1362 100
f 4615 3862 4481
f 3694 4373 987
f 5574 987 4373
f 3434 3433 2643
f 431 1030 72
f 5183 2668 1345
f 4888 5251 4561
f 3511 3510 3509
f 5772 2707 2703
f 599 3834 2005
f 1733 4064 380
f 5299 1649 4195
f 1290 534 1607
f 1047 4311 2793
f 5741 4445 2673
f 2851 1853 1536
f 1108 2232 5607
f 738 5518 5567
f 5080 5430 2426
f 3586 880 4742
f 1564 4534 3962
f 4495 5489 396
f 1122 3187 3087
f 5496 5214 5497
f 5022 5051 5405
f 5289 1257 3872
f 3545 1917 2326
f 4371 2377 1734
f 1114 641 1141
f 1238 1239 5785
f 5055 5420 5494
f 3394 4686 1429
f 446 1430 1716
f 3780 3919 3457
f 4561 3290 5220
f 4432 1718 2528
f 3898 192 1700
f 1532 1799 4197
f 5547 5293 253
f 1811 4080 1812
f 5556 1930 1759
f 1535 3915 5077
f 4477 5706 2347
f 1568 1262 853
f 1922 2637 4136
f 2541 2544 366
f 4012 2510 5329
f 5853 4533 5854
f 2646 3644 3104
f 5473 2770 5763
f 22 5379 5194
f 22 5194 5479
f 3802 1650 4195
f 4667 3351 2698
f 4826 2753 3900
f 1495 4826 3900
f 5572 4461 5745
f 4200 3116 4441
f 1643 858 2551
f 1746 3099 3554
f 5899 3724 3158
f 3724 5899 2967
f 4485 2873 2350
f 1445 2800 3401
f 4632 901 3286
f 3025 4132 4542
f 938 3395 1434
f 3601 3924 3923
f 1368 792 977
f 2946 2947 4445
f 2388 411 986
f 2828 986 411
f 4676 4824 4825
f 2824 4825 4824
f 1767 11 856
f 3544 2798 3543
f 5657 871 3653
f 626 1184 2715
f 1340 3250 1992
f 3355 3850 2944
f 480 1836 661
f 2441 203 847
f 1362 165 103
f 59 2110 3695
f 4563 59 3695
f 5478 5479 5098
f 4926 1338 886
f 832 4026 4833
f 5591 3225 2695
f 3565 173 9
f 1389 9 173
f 2695 3692 984
f 5591 2695 984
f 3349 3643 3691
f 3366 3130 4390
f 579 4921 3800
f 1383 5527 1578
f 1858 1204 3865
f 494 2696 3691
f 3349 3691 2696
f 1528 714 5575
f 274 3804 594
f 2355 3466 5117
f 2294 4433 1318
f 2466 3497 955
f 162 4390 2514
f 4103 560 3847
f 1887 557 2040
f 4609 162 2514
f 4609 857 162
f 4678 4827 5498
f 680 2049 2397
f 503 5185 5373
f 4610 5044 3366
f 3103 1091 3644
f 5120 4092 1287
f 2431 3398 5640
f 2921 3019 831
f 1449 1920 1452
f 521 1997 1284
f 791 532 604
f 3597 523 1605
f 4140 3366 4390
f 804 1378 1676
f 5655 4272 3954
f 2601 3333 3513
f 2056 1450 1452
f 4608 3105 3645
f 165 984 985
f 165 1265 984
f 5213 5486 2922
f 852 2210 1260
f 275 5567 401
f 1757 515 2457
f 4746 2347 4077
f 1474 1260 3953
f 1101 5536 2815
f 3989 5307 268
f 4049 4596 4932
f 62 2028 2135
f 1119 4569 4425
f 2448 4371 2543
f 1603 3251 3777
f 5022 5452 5712
f 3047 4148 3589
f 3776 5390 4941
f 4471 5736 4054
f 3037 1942 218
f 1691 1013 1391
f 2076 1163 3109
f 2751 1705 1625
f 3563 2646 3318
f 4079 3807 2852
f 5197 5802 3982
f 5577 5809 4959
f 197 196 1405
f 5003 4274 4911
f 3225 3349 2696
f 4175 3072 4245
f 1392 173 1014
f 3565 1014 173
f 5327 2699 5613
f 4667 5327 3645
f 3105 4667 3645
f 2764 2990 4904
f 11 165 1362
f 11 1767 165
f 4608 1497 5041
f 1598 5591 984
f 2143 2746 3136
f 2746 2143 2421
f 584 2664 3889
f 2301 2449 4436
f 5654 2825 5604
f 4123 3306 5232
f 4934 2324 2198
f 2714 2604 2717
f 87 2650 2551
f 2312 2143 3136
f 2448 4372 1738
f 1407 2742 5097
f 5358 5032 5184
f 232 1985 2095
f 4073 4940 4464
f 1476 2462 463
f 124 1022 427
f 4007 5411 5847
f 1562 550 5277
f 3814 799 2110
f 3824 1251 5822
f 2606 1560 3960
f 5299 4034 1793
f 5199 5388 3887
f 4915 5285 2415
f 290 2035 1697
f 3837 3003 4114
f 1755 5461 2212
f 2470 394 2471
f 5032 4118 5184
f 78 1904 79
f 1530 1340 3047
f 3382 1894 2371
f 4270 3222 4271
f 4428 5224 3909
f 1202 4387 4113
f 5693 2733 3378
f 5844 3794 3947
f 4712 4646 4107
f 3273 2309 4091
f 1323 2998 2333
f 1440 3088 3635
f 525 3798 4355
f 2678 4450 785
f 3044 2838 5786
f 1806 4077 3780
f 2518 5294 5835
f 2379 5426 1592
f 870 1193 1783
f 1202 784 4387
f 372 1416 1311
f 3736 3735 1416
f 3736 2885 3735
f 2509 2841 3771
f 5806 2294 1318
f 1546 5787 1821
f 684 686 1443
f 3735 2885 3676
f 2363 2885 3736
f 2274 4699 4622
f 4098 4637 5847
f 5004 4975 3813
f 1742 1745 5426
f 309 2060 3346
f 4214 2690 3364
f 1954 223 4144
f 1459 3032 3547
f 1423 5422 5387
f 201 2204 3183
f 2204 201 337
f 1770 1769 4269
f 3029 684 2258
f 1829 1610 1828
f 696 2823 2064
f 1389 1392 2516
f 4875 436 1411
f 754 478 166
f 4207 3805 3476
f 3545 3402 2329
f 2750 2747 507
f 5566 2235 2236
f 2027 106 354
f 676 4052 5671
f 589 2941 3802
f 73 193 5719
f 73 257 193
f 2380 3419 1748
f 5065 2373 5173
f 3110 869 3040
f 4670 3285 4116
f 2986 4864 1076
f 2011 3687 4214
f 5146 5760 4949
f 4316 4540 5249
f 329 1506 3446
f 5199 3887 4666
f 1447 2434 2328
f 2886 2363 3736
f 4984 3227 4016
f 5786 3321 1507
f 1662 2914 796
f 2051 2197 40
f 179 3015 5897
f 79 1904 1903
f 1177 4377 2277
f 3443 2561 710
f 2061 5244 4937
f 5887 2652 862
f 2500 2635 2803
f 1344 4198 3115
f 4201 1345 3116
f 200 2761 3609
f 2761 200 3738
f 2275 4625 3999
f 892 3593 2575
f 3601 2865 3599
f 684 1445 686
f 845 1918 2285
f 4143 2651 2554
f 4386 4202 3297
f 3918 4443 2850
f 4676 1408 2520
f 3514 5817 4222
f 2003 4318 4753
f 3391 4424 4568
f 706 1967 4739
f 4159 3595 2289
f 689 2331 2631
f 3826 1254 2811
f 4234 3854 3016
f 1188 2498 773
f 1272 861 1951
f 152 201 1083
f 82 732 46
f 2202 82 46
f 2020 2019 1134
f 2020 5556 2019
f 2656 4374 4191
f 5758 5071 5757
f 4608 3226 1497
f 1571 3002 3951
f 4788 1859 3363
f 135 1930 5556
f 1252 2378 1740
f 5178 2947 2946
f 5740 4280 1813
f 526 4355 1109
f 519 2849 3915
f 4556 2349 3053
f 4416 5153 5506
f 2993 1727 2538
f 4786 4787 3125
f 4786 3214 4787
f 1097 1887 2316
f 5606 1779 1956
f 2011 1659 3687
f 2239 1073 1602
f 1461 2994 1240
f 1723 2798 1720
f 721 5226 899
f 5439 4710 5717
f 3426 5301 1467
f 5515 4268 2224
f 4213 3794 5844
f 1179 5226 4492
f 3920 1998 5701
f 4536 3002 3501
f 5062 3630 5114
f 964 5729 4332
f 3309 4652 3392
f 4466 4511 3158
f 148 472 335
f 1923 2061 4937
f 645 352 1581
f 4606 174 2965
f 3089 3193 942
f 431 291 932
f 3097 5884 5647
f 4191 4374 5721
f 3754 1589 1725
f 575 3319 4919
f 757 3487 2602
f 1044 5164 3744
f 5480 1044 3744
f 1332 4193 1967
f 5105 3289 5246
f 4214 3688 2690
f 1601 331 2971
f 1497 3226 2826
f 4291 4403 395
f 3214 1594 4787
f 1306 1701 1888
f 2642 2641 3641
f 2898 972 156
f 1650 2941 1652
f 3268 3924 4753
f 964 4332 4779
f 1681 1578 5527
f 1621 931 5525
f 3100 268 5028
f 651 3806 118
f 1225 5248 4244
f 5471 5480 3744
f 3661 2853 592
f 4057 4525 2268
f 102 104 618
f 1555 1556 1823
f 3585 1982 1981
f 1031 556 657
f 1267 1268 2338
f 527 1287 3969
f 4454 4357 5599
f 2202 46 4135
f 2078 3230 5753
f 4519 4030 4429
f 1159 138 992
f 5343 5683 1123
f 1568 2648 323
f 2432 3188 3399
f 2363 5006 2677
f 4180 2621 5111
f 1478 2067 1477
f 5800 3301 1863
f 4696 2852 5389
f 1190 3558 2998
f 3920 5701 1811
f 4028 4769 1628
f 993 1679 2720
f 529 5724 4655
f 5270 5480 2318
f 2791 5321 2297
f 107 1830 2030
f 3265 3862 4615
f 3223 4940 4073
f 5660 1978 2663
f 836 837 5601
f 4688 2440 47
f 231 1081 1084
f 4586 811 4043
f 2119 623 536
f 1761 3440 2069
f 2515 3375 2313
f 2088 4033 1781
f 3216 3427 1057
f 2842 1982 879
f 4694 4891 2558
f 5106 3015 5233
f 5209 3006 5838
f 5176 4045 504
f 2507 3654 780
f 3883 5783 1879
f 3216 1057 3215
f 1320 1439 3343
f 5713 3409 2542
f 1765 949 319
f 5168 5398 5457
f 4561 2590 4405
f 3290 5009 5220
f 1714 5485 2781
f 1348 1819 1545
f 2588 401 156
f 5353 4368 1906
f 635 172 3895
f 91 3235 467
f 1820 91 467
f 4707 5432 4706
f 500 286 4457
f 3873 5403 1269
f 516 5538 1479
f 840 5867 1718
f 3262 3118 4480
f 153 1657 91
f 533 5743 4959
f 2009 242 1085
f 1867 5541 917
f 1456 2631 2331
f 2323 4717 2495
f 5118 2979 4090
f 885 4196 4529
f 1455 2400 2632
f 5271 5164 4289
f 5686 4304 3950
f 2670 4200 4444
f 3393 1427 4058
f 3354 956 142
f 3879 897 2361
f 910 2593 409
f 1620 910 409
f 2682 4634 5087
f 2877 4278 2358
f 1614 1612 544
f 1588 1229 4130
f 4067 2638 1743
f 1613 2603 2605
f 5895 5466 5143
f 1752 2641 2642
f 1596 1124 1157
f 1279 883 3890
f 5066 5471 5271
f 1562 760 1690
f 1206 3687 1659
f 1591 3413 4435
f 2808 4064 1733
f 5135 3722 3723
f 490 5414 3003
f 2672 5728 2671
f 554 117 650
f 2777 2526 3745
f 5273 4002 4315
f 2786 3176 2785
f 990 1135 345
f 524 4020 5217
f 1525 1978 5660
f 1168 3045 1520
f 4347 4714 2495
f 5294 1393 5835
f 1101 2815 2209
f 639 806 281
f 4380 3950 4304
f 5122 5021 5397
f 2806 5300 5588
f 2814 1750 850
f 688 2801 309
f 2450 1743 4692
f 4999 4525 4713
f 5423 4982 5102
f 1400 5551 652
f 1745 4693 3419
f 1323 1190 2998
f 2343 1786 2969
f 4549 2559 704
f 2344 1511 955
f 4745 4477 3966
f 5346 3388 3166
f 2603 2713 4122
f 5423 5157 5156
f 941 1436 4433
f 4707 3069 4589
f 3033 1927 5315
f 2305 5539 5310
f 4394 4014 2523
f 363 5530 122
f 3788 4780 5042
f 1123 5683 4943
f 2511 5042 4093
f 257 658 659
f 2562 3446 3445
f 927 1882 668
f 2601 1870 5563
f 121 2041 2181
f 518 2649 3320
f 5488 5677 5198
f 4902 2449 3415
f 3102 778 5282
f 1945 5403 5719
f 2964 309 3403
f 322 575 1065
f 4056 1147 3909
f 2586 4167 4559
f 5648 3553 2208
f 5346 5179 2426
f 4331 3665 2873
f 3596 3598 5371
f 5024 4966 5149
f 2194 3164 5150
f 1101 2209 1381
f 3048 960 4554
f 3331 5809 5816
f 3826 5822 1253
f 3102 5282 465
f 2540 4061 2636
f 521 3052 4354
f 2806 2807 5300
f 4546 2557 3571
f 4871 2994 312
f 3941 4040 2902
f 1273 862 1953
f 4440 5692 5857
f 2867 5391 2866
f 3876 1995 4958
f 4957 5833 5203
f 1686 3371 4522
f 340 2899 403
f 2702 343 1358
f 1460 774 3404
f 3266 3829 3600
f 2816 3623 5547
f 4407 2420 647
f 554 113 3017
f 1395 4047 501
f 5223 2772 4771
f 1530 3914 1340
f 5099 5484 2320
f 5415 5873 4573
f 3083 3084 3533
f 5113 2775 3387
f 4048 2728 501
f 3057 5218 2578
f 765 1226 2044
f 4094 5268 2250
f 938 1434 3079
f 4094 2250 5078
f 5162 5331 4983
f 4400 5771 4196
f 614 2598 2706
f 3895 106 2027
f 2373 5166 5127
f 2608 3147 2724
f 3421 266 384
f 2938 1645 3801
f 4473 2494 5040
f 875 2564 1973
f 2425 5492 5340
f 3567 1939 1269
f 5356 5292 2566
f 472 4878 335
f 1600 3577 1165
f 2751 3857 2752
f 1192 1961 3572
f 653 762 119
f 1857 275 4880
f 2493 3074 5596
f 2440 2539 4369
f 3970 477 1573
f 4760 4636 5848
f 1542 4942 1111
f 185 184 4398
f 184 185 1028
f 5578 469 3295
f 5873 5130 4163
f 4547 2557 2304
f 4183 3075 4569
f 1438 771 3537
f 290 1398 2035
f 3101 3035 387
f 3703 2515 810
f 2556 2555 1952
f 5538 2069 1762
f 1975 1518 3451
f 1213 1577 4724
f 2275 2980 1176
f 1310 260 2617
f 671 4129 1891
f 3276 5006 2363
f 2083 1776 5747
f 4794 4761 5793
f 2305 1984 2572
f 4492 4656 4669
f 1240 3988 2540
f 1511 2838 1510
f 4400 4196 885
f 1337 5292 5356
f 2319 3986 3985
f 2618 261 3732
f 2512 3615 4405
f 1703 439 1704
f 5134 4233 5845
f 2913 2592 4705
f 4081 520 3324
f 414 1209 798
f 5376 4242 825
f 5110 5458 5126
f 1779 4921 1956
f 4980 4932 5755
f 2239 1535 1536
f 1465 1566 266
f 2850 4443 4720
f 2898 248 972
f 547 4223 1141
f 5131 5046 5089
f 3493 2434 379
f 3623 1003 5293
f 1581 2920 2415
f 3747 677 302
f 2577 3842 3326
f 4546 861 2556
f 5862 2487 4099
f 4075 854 84
f 5274 1696 649
f 1415 765 3734
f 3826 2811 3208
f 4977 4015 4352
f 710 2382 3236
f 2715 4509 1373
f 5015 1713 5437
f 4324 4429 4030
f 551 3961 1580
f 134 316 2453
f 4858 2586 4288
f 2011 2688 3618
f 2010 735 338
f 3843 5682 731
f 4967 4532 3165
f 4967 3165 5736
f 2809 382 2062
f 168 1680 1138
f 1537 2349 1810
f 610 347 3692
f 5439 828 4412
f 1889 1624 1307
f 4776 30 2544
f 1570 3500 4445
f 220 3882 247
f 4707 4589 5432
f 1679 993 1138
f 5432 3153 5106
f 5546 5523 5510
f 1835 660 659
f 2657 4374 704
f 2078 2552 4545
f 4480 3118 3817
f 5118 2358 2979
f 1467 3758 4951
f 5002 1509 2228
f 1763 2124 1932
f 2455 211 2818
f 1890 814 256
f 2259 2930 2289
f 1629 4031 4429
f 5286 5597 563
f 4562 3959 1658
f 2877 3787 4313
f 665 4174 4242
f 5612 2690 3688
f 1206 3506 534
f 963 3678 3677
f 2053 2790 5744
f 2839 5607 2232
f 1218 5888 1217
f 505 116 117
f 4072 2222 4266
f 799 618 5569
f 4538 5879 2520
f 584 2662 2664
f 5134 4675 4232
f 2646 4853 1641
f 1274 1953 862
f 882 4148 1281
f 3070 5433 5233
f 589 4924 1798
f 3333 5563 2023
f 5043 4637 4098
f 1735 4064 1737
f 3959 2592 2913
f 3102 1772 778
f 1926 1248 1925
f 4523 3377 2518
f 554 5275 113
f 2252 2005 238
f 4136 2637 4061
f 5439 5717 5132
f 2939 5665 1164
f 3626 549 550
f 4007 5847 4637
f 1753 1752 2642
f 733 734 1080
f 316 4939 2926
f 111 1391 5670
f 2507 1569 2506
f 490 4348 3299
f 2880 4623 2879
f 1309 1695 1396
f 2603 2604 2713
f 4312 4612 4275
f 3143 4522 3141
f 5693 2419 504
f 5202 2775 2774
f 1198 1994 3591
f 1511 1971 2838
f 3757 5679 385
f 4059 4060 1631
f 1746 1747 2812
f 1841 3345 1916
f 3905 4252 833
f 4982 5025 4685
f 5677 5025 5465
f 1656 733 2007
f 709 1128 1277
f 3791 2486 1824
f 1212 1213 4649
f 5891 5676 5141
f 5023 5487 5455
f 2398 1152 2052
f 1597 1932 701
f 321 3106 3564
f 1866 416 168
f 1680 168 416
f 1344 3115 3253
f 2701 4581 3509
f 4342 4138 1256
f 1328 1951 1329
f 2814 5301 1750
f 2633 5642 946
f 3873 3037 4985
f 2213 3953 5322
f 2806 2332 3821
f 2987 3613 3061
f 146 2310 3677
f 4645 1089 5790
f 1678 1751 2138
f 599 5520 1347
f 5223 5388 4367
f 3503 4448 2310
f 1183 3486 3064
f 5075 3109 2649
f 5140 5155 1045
f 1159 213 951
f 3994 893 4749
f 3140 810 5579
f 5200 3386 4413
f 931 2176 5525
f 1092 272 2660
f 3478 4700 3279
f 2117 2116 1575
f 1818 5777 448
f 1423 2196 5422
f 3977 5871 4089
f 5487 4965 5455
f 1126 2826 1641
f 5578 3295 3581
f 2772 4769 4771
f 1212 1872 1001
f 4156 2972 1604
f 1698 653 654
f 1183 756 1184
f 1490 1489 776
f 5223 4367 4601
f 3748 2050 1428
f 1401 823 5551
f 2120 1666 621
f 1075 2867 2866
f 738 5567 275
f 1919 2285 1918
f 4778 5711 2309
f 1890 427 2160
f 1348 5787 1546
f 45 2006 82
f 45 82 4399
f 3154 3070 501
f 137 1488 271
f 4913 3249 1801
f 723 4004 3934
f 3869 1230 4728
f 1504 1787 2565
f 5455 5198 5677
f 2584 4165 4669
f 1106 2382 2561
f 1449 3753 2436
f 699 952 1773
f 228 242 1551
f 86 339 476
f 86 2255 339
f 5694 2957 4470
f 3208 1744 4066
f 4204 593 3818
f 50 244 1181
f 1777 2081 224
f 3335 543 4023
f 1090 3493 3492
f 3117 2475 5696
f 4497 4299 4576
f 4299 4497 3642
f 2298 4325 3406
f 3027 4917 5806
f 777 4270 4011
f 1310 261 260
f 696 2336 4528
f 3210 2137 2639
f 5475 5058 5340
f 50 2087 1958
f 3260 3996 3052
f 3305 2607 3304
f 294 2616 1889
f 2081 2652 5887
f 2373 5127 5173
f 5517 243 89
f 1124 2463 1157
f 3633 1050 3398
f 3162 5088 5170
f 47 2805 1053
f 737 47 1053
f 5266 5273 5267
f 4994 5266 5267
f 4312 4275 2848
f 2771 5149 4966
f 293 1034 5530
f 2870 3678 3830
f 5565 1740 4372
f 5889 2485 3616
f 4544 857 5182
f 2836 2835 228
f 1445 307 686
f 591 4884 1801
f 114 288 2615
f 220 222 2554
f 222 220 247
f 3517 674 2192
f 5198 4965 2318
f 3342 3182 305
f 1962 2087 51
f 3579 2092 877
f 737 736 47
f 3117 5696 2669
f 2861 1174 2272
f 3969 2291 4756
f 1052 3540 1051
f 1553 1052 1051
f 5790 4508 4108
f 2628 5744 1631
f 689 3199 2331
f 52 4694 89
f 52 89 243
f 50 1958 225
f 50 225 244
f 52 1086 227
f 2835 52 227
f 4732 2791 3083
f 5870 5130 896
f 842 772 131
f 227 1086 242
f 2835 4694 52
f 551 1580 1691
f 4913 1801 1800
f 47 450 4688
f 47 736 450
f 5420 5407 5063
f 1958 1777 225
f 4141 5622 219
f 5184 4118 3007
f 1834 5285 4915
f 876 1973 2564
f 5563 1870 1372
f 5516 578 2077
f 2230 228 1551
f 2230 2836 228
f 5604 3954 4272
f 2944 3850 3817
f 1983 1797 1796
f 4722 4405 4952
f 5166 5126 5127
f 1696 1027 649
f 2091 3113 5624
f 1787 2970 2231
f 718 3459 3995
f 1962 51 3767
f 3325 334 1997
f 3234 467 3235
f 3382 1418 1042
f 50 1181 51
f 2087 50 51
f 2271 5116 5030
f 865 3038 4145
f 1202 3003 3119
f 740 222 247
f 4503 3942 4504
f 2804 3403 3346
f 4086 3468 3467
f 551 2516 3961
f 1210 417 5519
f 2465 711 2341
f 1835 1224 660
f 51 1181 1857
f 51 1857 2681
f 5528 1027 5278
f 2348 3807 2476
f 219 476 220
f 4141 219 220
f 1617 1141 641
f 4196 959 4529
f 81 3534 83
f 4141 220 2554
f 1238 1910 1239
f 4723 5614 5691
f 758 2370 3895
f 414 4121 1575
f 5510 105 1665
f 4086 5212 4087
f 736 2010 450
f 4881 2898 5567
f 4071 1755 5651
f 450 202 4688
f 450 2010 202
f 2010 2896 202
f 4688 202 1728
f 4608 5041 3105
f 3671 3471 2876
f 4719 3097 5663
f 1470 2927 317
f 4303 4671 4640
f 3464 5832 471
f 3860 2846 3249
f 342 5220 5009
f 5101 5180 2427
f 524 2931 4020
f 764 4515 1626
f 4745 5739 4477
f 2118 349 5546
f 5298 4033 2832
f 3601 2003 3924
f 3575 2836 2230
f 2086 3038 4144
f 1223 2179 428
f 3331 4959 5809
f 1055 2285 1919
f 5712 5396 5397
f 1883 829 2732
f 4119 3008 2513
f 5031 5885 4698
f 4516 4027 4255
f 2418 4816 3378
f 2796 1053 2805
f 3633 2629 3397
f 1051 3398 1050
f 1552 1051 1050
f 4333 1137 1872
f 2282 4653 1098
f 852 1260 3759
f 5378 4679 5746
f 4840 4288 4841
f 5487 4840 4841
f 4708 3628 2743
f 4005 5374 2888
f 1348 1545 734
f 2616 480 1586
f 2248 3258 4005
f 2888 2248 4005
f 1594 5537 4787
f 5757 5071 3168
f 2816 4948 849
f 2084 5370 1955
f 4251 3160 3159
f 2627 3748 304
f 4593 1036 4241
f 4131 1098 4542
f 5467 1425 3518
f 3209 4948 267
f 2450 4876 3420
f 840 1718 4432
f 5792 5295 4733
f 2424 5463 5398
f 4176 260 261
f 2804 3346 3639
f 892 1074 3593
f 3803 2942 1651
f 2261 591 2942
f 1720 305 3182
f 2299 4326 2444
f 201 152 337
f 2264 1218 4583
f 229 3234 3442
f 229 241 530
f 241 229 1548
f 2857 1346 4446
f 2824 3436 321
f 3495 515 1472
f 3572 3039 5808
f 3094 3093 3640
f 4069 1743 3420
f 229 3442 466
f 229 466 1548
f 229 530 467
f 3234 229 467
f 2639 2334 3348
f 5474 5051 5215
f 354 106 2028
f 1935 3435 1491
f 149 474 903
f 2673 3500 2859
f 2303 267 3424
f 2079 1776 5369
f 2615 815 4882
f 4792 3126 3129
f 2673 4445 3500
f 4544 5182 3108
f 1278 3771 2841
f 3155 4350 5176
f 4351 299 5363
f 5109 5083 4955
f 1149 1236 1150
f 3044 1970 1107
f 4190 3569 190
f 4070 3420 4876
f 2410 4303 4640
f 4035 1131 3358
f 5207 2846 2845
f 1654 1653 2669
f 2362 4207 2983
f 527 3329 3799
f 3353 393 2402
f 5462 3778 3779
f 4081 1286 520
f 615 2706 2598
f 5826 1523 4741
f 1130 593 3356
f 5829 2184 5604
f 572 950 1763
f 5657 1784 708
f 133 1912 3189
f 1092 3497 5626
f 3043 3577 1600
f 1447 2328 1916
f 1835 5776 1224
f 5105 5246 747
f 1035 1704 439
f 2484 2680 2891
f 5561 339 2255
f 320 3765 2967
f 3898 658 192
f 5076 887 1991
f 4649 4333 1872
f 4420 5243 5673
f 506 1884 1398
f 5887 1273 2830
f 2623 1313 4567
f 4423 2198 2048
f 461 2819 3761
f 4554 1197 2574
f 150 967 732
f 833 4338 5446
f 4439 5627 880
f 4893 5312 543
f 1395 501 3015
f 4944 2423 5449
f 1089 482 1564
f 2621 4180 1314
f 1530 3047 3589
f 5137 5086 4597
f 3305 548 2607
f 523 3055 3797
f 4642 1297 4582
f 1710 1895 5636
f 1479 5538 136
f 431 932 1030
f 2182 1405 195
f 4347 4383 4714
f 5581 3134 1611
f 3049 5566 2236
f 1907 4311 1438
f 4643 4644 553
f 4012 3951 1854
f 314 5315 1927
f 855 1639 1766
f 2396 1429 936
f 2118 5510 1665
f 1247 1246 3205
f 1431 375 2324
f 4740 33 2657
f 1549 1550 1821
f 5291 5601 4134
f 2138 4872 5276
f 652 5551 2172
f 2017 1827 2018
f 1477 2017 2018
f 2879 4623 3058
f 1008 3703 810
f 158 5512 977
f 3903 4973 2186
f 4128 3903 2186
f 606 607 2689
f 4185 4571 4418
f 3043 1969 3577
f 4745 3877 5037
f 876 1108 5659
f 4549 2287 4193
f 109 759 1750
f 4182 3074 4322
f 2273 2977 3471
f 5099 2320 5172
f 1837 128 3530
f 5085 5317 3853
f 4486 2273 3470
f 5080 5502 5114
f 3917 3456 3455
f 4479 2002 4343
f 4161 3797 3468
f 677 4604 2787
f 5074 778 1772
f 5445 4964 5897
f 900 4575 2587
f 2072 1940 195
f 1090 5598 2499
f 4722 2512 4405
f 3464 471 2863
f 721 4492 5226
f 849 3867 3623
f 4366 5152 3906
f 4304 2387 974
f 1735 1737 5687
f 1984 1989 2572
f 5213 2922 5425
f 3366 1093 3130
f 3125 4788 3363
f 1247 3203 1246
f 1498 215 1486
f 166 279 913
f 109 1750 1102
f 3394 1429 2396
f 3395 3178 1434
f 2119 536 5523
f 2855 3928 3460
f 531 972 248
f 4324 4030 4430
f 288 1302 815
f 586 4961 2472
f 846 2801 688
f 1066 2648 2647
f 3162 5145 5408
f 1102 1750 5301
f 5470 1432 4971
f 4936 2295 2296
f 5848 4521 4404
f 1440 3186 685
f 1848 572 137
f 1920 308 3546
f 3098 2453 3315
f 3538 3752 3184
f 1153 4731 3081
f 2084 2080 5369
f 4571 4029 2623
f 1171 3772 1343
f 4534 482 4382
f 5199 3908 5388
f 4346 4644 4643
f 4666 4031 1629
f 627 5349 2717
f 3131 1291 797
f 502 1882 669
f 442 4736 3556
f 629 2279 630
f 2601 5563 3333
f 4380 974 3980
f 292 3820 432
f 2158 4474 3523
f 5863 5874 5876
f 2266 2426 5179
f 4035 3359 3976
f 408 791 976
f 3704 2146 1688
f 4427 5203 5833
f 365 434 1403
f 974 909 3062
f 2673 2001 5741
f 395 4494 3978
f 2086 5748 1960
f 4060 2628 1631
f 4328 1844 3095
f 3655 1789 2660
f 663 4237 2739
f 993 621 168
f 993 168 1138
f 3340 4662 4663
f 479 3337 2392
f 2299 3406 4325
f 652 2171 818
f 3043 871 1969
f 1935 1492 3435
f 5778 5782 3011
f 3869 4728 3984
f 3689 1860 608
f 4291 395 4493
f 2470 2471 958
f 4760 5848 4404
f 1161 1939 4908
f 437 438 435
f 438 437 4067
f 3089 942 3343
f 4600 1231 4683
f 4486 5740 3831
f 2993 3548 2332
f 1096 4590 4231
f 1529 1528 5575
f 1802 1073 3592
f 5759 4406 4169
f 1371 994 1829
f 1364 994 5531
f 994 1364 1829
f 2300 3408 2444
f 3321 1971 3578
f 132 1719 1908
f 5343 3219 269
f 508 2756 1413
f 2833 2339 869
f 5410 2908 3481
f 5801 2722 1217
f 4776 367 30
f 4894 30 367
f 5869 5118 4090
f 4995 5765 5266
f 566 5621 3492
f 4081 1813 3462
f 5093 4969 2778
f 3073 2043 667
f 3989 268 2502
f 3885 4337 4541
f 1322 3098 5663
f 3355 5675 3850
f 2202 2533 4732
f 5606 1956 3570
f 3152 3336 4524
f 2510 3297 3356
f 81 1155 1154
f 2492 1226 765
f 2680 5348 725
f 4995 5766 5054
f 2938 581 1646
f 5560 726 5284
f 5099 4981 5201
f 2012 5795 1356
f 2934 3147 2608
f 197 1405 1586
f 442 3556 297
f 440 442 297
f 3121 4209 3122
f 665 5735 2744
f 2177 2802 2537
f 3879 2361 2483
f 3026 839 2294
f 34 1508 2172
f 5551 34 2172
f 1032 1700 190
f 4628 2759 2760
f 301 2760 2759
f 2627 5306 3748
f 4400 5323 5771
f 365 3550 2541
f 1402 763 32
f 3656 2661 3354
f 1064 4051 3765
f 2657 33 32
f 1402 32 33
f 3834 238 2005
f 179 3523 4132
f 3773 1996 592
f 3202 1733 4063
f 1032 189 188
f 4076 188 189
f 326 3576 5593
f 4684 4367 4054
f 191 1030 428
f 2342 2172 1508
f 974 2387 909
f 3669 3665 4331
f 4208 3811 5864
f 291 2181 2041
f 1239 1047 2793
f 1030 430 186
f 4128 2186 4246
f 492 734 1545
f 4363 4036 596
f 3880 5383 898
f 3803 4925 3993
f 4375 3053 1286
f 365 2541 366
f 434 365 366
f 4938 2813 1466
f 3543 1589 2536
f 1035 3720 1704
f 1383 1114 5527
f 355 919 1683
f 4546 2556 1957
f 1239 1910 843
f 4740 2560 71
f 3543 306 1589
f 196 197 4875
f 1032 188 2316
f 5069 3490 5365
f 1119 562 3340
f 2844 4034 1650
f 150 732 2006
f 2148 2264 3707
f 5853 2148 3707
f 3050 4197 1995
f 190 3569 189
f 1032 190 189
f 4447 4537 2308
f 4191 5721 187
f 2381 1277 3652
f 2287 5841 226
f 5721 2657 32
f 5720 4190 190
f 5135 3720 4334
f 2851 4613 3661
f 1700 192 190
f 5720 190 192
f 4014 4015 4727
f 1097 187 557
f 3309 2375 3795
f 1519 1977 2345
f 330 3448 2228
f 772 1840 2284
f 2862 1805 4941
f 3595 5391 3596
f 5181 4982 4685
f 1263 1766 213
f 2273 3471 2978
f 4044 669 1694
f 2997 5536 3557
f 4415 3166 2046
f 603 604 250
f 1246 2376 1734
f 1064 4250 4051
f 3018 4051 4250
f 5333 3018 4250
f 4191 187 188
f 1097 188 187
f 1454 2059 2400
f 1201 1803 592
f 4568 4323 3174
f 3262 2860 3118
f 240 336 1082
f 2964 3403 2330
f 1777 1958 2652
f 873 1071 1507
f 528 3931 2581
f 3725 4831 1764
f 4831 3725 1411
f 2509 3771 3770
f 1703 1704 436
f 2924 3312 5580
f 1096 503 4013
f 1998 3840 5701
f 4719 3096 5884
f 3141 4930 3068
f 3887 4184 3815
f 4076 189 3569
f 939 3080 1234
f 408 976 2685
f 1458 3547 513
f 1228 5638 833
f 3484 5431 4638
f 1769 5836 4269
f 250 1204 407
f 1694 669 1882
f 4872 2927 1470
f 934 826 1409
f 1349 969 96
f 4455 5613 2699
f 3437 3036 4016
f 2219 1103 3913
f 1337 3769 5660
f 2219 5557 84
f 5032 4580 4118
f 2409 5889 5231
f 4455 752 5613
f 3082 3533 3530
f 4660 5254 2491
f 3976 2674 1131
f 5566 4744 2235
f 2932 3006 5209
f 1317 3179 1437
f 1590 4900 5018
f 773 3635 3088
f 580 4921 1779
f 5658 90 3352
f 251 60 105
f 1806 3780 3457
f 3570 1956 861
f 2867 3597 1605
f 5838 4647 4668
f 1680 498 1616
f 1912 3190 3189
f 498 1877 1616
f 831 3019 1895
f 2241 2240 4611
f 836 4432 3528
f 2906 4100 3291
f 660 369 294
f 4415 4419 4178
f 2993 4883 847
f 1149 3524 1236
f 639 3896 806
f 3452 3050 889
f 1666 2120 5521
f 2785 2375 4730
f 5895 5036 5467
f 948 1157 2065
f 999 1867 917
f 5090 4516 4255
f 1153 4877 4731
f 1085 1289 399
f 2251 902 4942
f 5761 5461 5359
f 1448 2059 3402
f 5049 4758 2260
f 2778 5505 5161
f 4741 1523 3992
f 5121 5095 4566
f 2586 4559 4288
f 4381 2992 2991
f 5296 5018 4900
f 3953 1260 5322
f 648 255 1706
f 2895 971 475
f 2132 3484 3293
f 3747 1427 3393
f 151 398 152
f 3056 4020 2931
f 1075 2355 2867
f 1065 4919 2072
f 498 1680 416
f 4742 1279 2570
f 4341 5695 3825
f 2932 4557 4320
f 5552 1039 2732
f 953 1331 5841
f 3492 5621 263
f 2694 407 983
f 5307 5807 3211
f 5629 3667 3666
f 2410 2387 4304
f 5223 4184 5388
f 4862 720 2986
f 3257 4080 4401
f 3450 1520 393
f 2384 5662 893
f 3124 4300 4633
f 108 63 1675
f 5366 375 5597
f 4590 4013 3155
f 566 3493 379
f 146 3503 2310
f 381 1741 1845
f 340 403 249
f 4627 2884 5831
f 1599 2224 3561
f 17 5276 253
f 16 17 915
f 16 5276 17
f 16 915 1825
f 4053 4727 5151
f 5338 4248 4710
f 4939 2813 1637
f 3389 2782 5162
f 5445 3153 4588
f 126 1900 3527
f 1526 4550 1979
f 4362 594 3804
f 4154 4401 4080
f 5713 2541 3550
f 1532 4197 3050
f 5428 5241 5457
f 4066 3206 2810
f 5693 504 4461
f 993 2720 2121
f 993 2121 2120
f 1848 1640 1639
f 605 2104 1367
f 5183 273 3499
f 3774 3252 717
f 3352 3041 1648
f 2384 3782 5662
f 1837 2530 128
f 4898 2313 2263
f 3209 2997 3557
f 150 2006 397
f 4680 5059 1145
f 4687 5751 4397
f 2570 1279 3890
f 1670 1871 2949
f 2925 845 2285
f 5620 1452 2057
f 3769 1072 3244
f 3227 3436 4016
f 1866 349 350
f 5538 2066 136
f 2456 5789 1756
f 1182 538 350
f 1100 1099 3541
f 1114 1141 642
f 5472 5213 5493
f 529 5209 4668
f 2627 5279 3396
f 4895 78 1151
f 3747 3393 4604
f 2083 5747 5656
f 129 1632 5619
f 336 151 1082
f 2703 4101 1359
f 1929 4889 3035
f 1654 5688 3849
f 2677 3999 3676
f 1596 1930 1124
f 5631 1359 4101
f 5298 2832 1645
f 4384 1187 4715
f 1457 264 691
f 2052 4060 1120
f 2084 1955 223
f 537 753 252
f 257 1307 1624
f 5138 5169 5088
f 3872 3553 2501
f 1866 350 416
f 4084 3464 1175
f 4573 5873 3674
f 753 2014 2015
f 1682 2015 2014
f 537 2014 753
f 3421 3315 3422
f 5648 5027 4873
f 4865 3793 4504
f 4055 4772 3909
f 2850 145 5037
f 3689 5610 1860
f 1008 810 3140
f 5483 5763 3163
f 4902 4436 2449
f 5725 4182 4421
f 1457 691 3199
f 5810 5877 4906
f 4569 5673 4425
f 4086 1538 3468
f 3294 2602 3487
f 415 390 1263
f 4338 5247 3906
f 5559 5576 5585
f 5889 3616 3617
f 954 2837 3242
f 795 3364 2690
f 2701 1664 4581
f 5874 2409 5844
f 4530 5844 2409
f 5082 3122 4488
f 1900 5805 1234
f 5472 5450 5107
f 5608 959 3890
f 4722 4170 4301
f 3017 114 1028
f 4451 2409 5874
f 4451 5874 5863
f 5367 1727 2332
f 298 2739 4240
f 1501 1964 1965
f 5605 2553 3766
f 465 5282 389
f 4860 5210 3789
f 4860 3789 4721
f 2445 1729 4900
f 3054 2259 2289
f 5011 4412 1563
f 1490 1764 3764
f 4898 2263 1687
f 3837 490 3003
f 5057 2195 2318
f 4391 5614 4761
f 1950 1271 859
f 871 1068 1969
f 5645 3205 1251
f 2788 1433 680
f 5720 73 4189
f 4075 1568 853
f 618 2597 5840
f 732 1083 46
f 446 4935 3389
f 3102 465 1931
f 881 4552 3588
f 3192 2433 1724
f 795 2690 5612
f 1475 5322 2210
f 1183 755 756
f 5114 5502 5330
f 4449 3360 596
f 3419 4693 1748
f 316 848 2453
f 3939 4886 2896
f 546 356 1617
f 2894 971 2895
f 3961 2516 1392
f 3469 5212 2976
f 97 2895 338
f 3237 1069 230
f 1547 230 1069
f 277 159 2
f 697 2 159
f 1499 4920 1127
f 1730 3092 4774
f 3428 3761 211
f 1276 867 1275
f 4526 4602 4662
f 852 3759 3316
f 4185 766 3076
f 1150 1901 4134
f 4252 4338 833
f 4984 3228 3107
f 1503 3111 3236
f 4447 3358 4115
f 4984 4016 3036
f 591 1801 5207
f 5378 5746 4335
f 547 356 5810
f 4786 5311 2105
f 3214 4786 2105
f 125 5779 678
f 1331 865 4145
f 5162 4983 5395
f 3059 528 5219
f 3583 2665 4695
f 4161 3468 1538
f 5280 3957 1137
f 2269 939 937
f 5493 5459 4993
f 3077 1899 1235
f 4381 483 4104
f 1478 1157 948
f 3043 2381 1968
f 1910 3635 3636
f 3644 1091 4032
f 5543 4060 2052
f 1068 3650 1969
f 1848 1639 855
f 5222 5147 5421
f 525 3604 5869
f 3859 3990 702
f 1455 2437 2802
f 3757 848 316
f 2741 2394 2491
f 5555 1754 978
f 3612 4287 4286
f 2676 595 3675
f 781 1196 1092
f 697 2218 2
f 3776 5357 5390
f 625 5632 4122
f 3173 2268 2961
f 5543 5619 4060
f 2703 2707 4101
f 2319 3985 4765
f 4600 4683 4684
f 4663 4396 3024
f 3204 4064 2808
f 2486 4504 3793
f 2686 3504 608
f 5071 4420 5384
f 3565 5288 3990
f 5719 5403 3873
f 906 1550 1049
f 4877 3082 4731
f 5688 2668 3849
f 2241 3775 2240
f 2768 4949 4956
f 2404 4926 886
f 3992 3247 3875
f 5125 5126 5458
f 2219 854 5774
f 1552 1553 1051
f 2894 1086 243
f 5271 4289 4842
f 5470 5271 4842
f 290 651 118
f 3443 91 1069
f 1657 1069 91
f 521 4354 3325
f 1004 1383 1682
f 5376 825 4726
f 1728 3549 4062
f 2539 4688 1728
f 3704 2722 2146
f 3080 3081 3527
f 2030 5514 1677
f 4022 4656 3934
f 3671 784 3119
f 3169 2524 5395
f 2323 3390 2784
f 4045 4350 5193
f 2571 883 1279
f 2892 4494 395
f 1681 1831 1616
f 5109 5050 5828
f 4998 4321 3630
f 1352 3008 1351
f 1662 796 5586
f 161 1207 982
f 2712 161 982
f 1668 913 623
f 2712 1295 161
f 3025 4258 4132
f 1585 659 658
f 5632 3302 3838
f 278 2702 2112
f 3220 571 271
f 5645 1247 3205
f 3754 379 2434
f 788 2008 970
f 607 979 3127
f 3981 3302 2109
f 4579 3979 5104
f 2222 4268 391
f 1374 3946 3067
f 1614 3067 2911
f 1858 792 4
f 1788 1516 2840
f 1867 999 1576
f 3000 892 2575
f 983 407 6
f 3866 983 6
f 3866 6 1375
f 4159 2385 2576
f 1962 3767 4146
f 740 789 245
f 1285 3051 1284
f 3302 5632 2692
f 3905 833 5638
f 1870 4928 3686
f 3686 4962 980
f 3686 980 2513
f 1662 1661 5611
f 54 5595 2097
f 2919 3302 3981
f 1870 4218 1372
f 5718 5630 1854
f 2388 5795 1558
f 2963 2788 680
f 98 5518 789
f 4760 4657 4636
f 3703 3375 2515
f 4558 4004 4403
f 1596 1477 1759
f 1568 2551 2648
f 1656 1547 1855
f 902 3790 1111
f 1560 2488 4893
f 2020 99 2
f 2218 2020 2
f 925 1834 1115
f 2845 1652 1651
f 5788 921 4563
f 4657 4560 3943
f 4065 5644 1737
f 3451 487 2233
f 1656 1855 5787
f 4213 5844 4530
f 1203 3005 4115
f 4071 5789 2456
f 627 2717 5313
f 4792 3129 3362
f 1654 4199 5688
f 4519 4186 4361
f 4487 38 4283
f 4328 3094 5727
f 3946 4781 4452
f 4431 5726 4716
f 1770 3222 4270
f 1348 733 1656
f 270 4918 1567
f 4418 4567 4256
f 4086 3467 5212
f 3130 2514 4390
f 5840 4120 3368
f 276 1559 3893
f 1526 3585 4550
f 2911 4452 5084
f 3535 770 2531
f 886 1282 4988
f 2797 1100 2205
f 2414 2725 3146
f 449 1053 2796
f 1053 449 1823
f 3636 5639 1910
f 628 5313 2717
f 4743 4958 1995
f 1049 3633 3397
f 2794 3751 377
f 1051 3540 3398
f 2880 3674 4623
f 4595 4244 4127
f 2863 3263 3264
f 1113 3558 2545
f 1552 1050 155
f 4709 5189 3972
f 2881 2360 2580
f 1272 1951 1851
f 5270 5165 1044
f 5480 5270 1044
f 4383 4713 4714
f 1926 5354 1248
f 2364 4164 2984
f 5727 5687 1844
f 4324 4430 5726
f 5595 1169 3589
f 675 832 673
f 4956 4949 5108
f 3571 1961 1780
f 5351 1388 2609
f 4343 2859 4206
f 5017 4024 5417
f 5287 5337 1685
f 3043 1968 871
f 3162 5144 5894
f 735 399 1289
f 2884 3120 4308
f 5318 3229 5574
f 4589 4588 3153
f 1320 942 3192
f 5367 3346 2060
f 5071 5384 3168
f 4888 4561 3615
f 4913 3860 3249
f 3272 4755 5005
f 3679 3830 3678
f 3757 316 5679
f 1106 2561 3237
f 1668 623 1666
f 3385 5147 5222
f 523 4752 3055
f 1382 2139 281
f 1323 386 1876
f 4715 4385 4716
f 5463 5214 5496
f 2627 304 3749
f 3030 3195 1840
f 2895 3939 338
f 3444 3237 230
f 2356 4281 2978
f 2770 2320 5484
f 1052 3188 3540
f 3407 2442 265
f 1086 1289 242
f 2510 3356 4204
f 254 2920 3150
f 5427 5146 5421
f 2299 4325 3092
f 3296 1800 1170
f 5332 1539 898
f 1441 1099 3311
f 1684 1385 5534
f 1600 326 2381
f 684 2800 1445
f 2736 2737 663
f 5332 597 1539
f 1706 65 1309
f 5268 5767 5267
f 5268 5267 2250
f 1305 1304 1303
f 946 5642 2298
f 2388 1558 411
f 3615 4100 2589
f 3384 1422 4955
f 4629 4489 3609
f 3776 3777 5357
f 4131 4542 3522
f 4555 4353 4151
f 4007 5862 4979
f 148 335 3938
f 3342 3085 3086
f 1806 3861 4077
f 1963 864 5834
f 2306 1992 4553
f 1706 1309 1022
f 2120 1825 5521
f 5845 4585 5412
f 3094 4327 3093
f 5602 2439 2637
f 448 1048 3185
f 448 5777 1048
f 468 230 2007
f 468 3444 230
f 3761 2819 1595
f 1562 3626 550
f 4168 4095 2986
f 4485 3668 2873
f 3252 2856 717
f 1177 2277 2983
f 2137 2334 2639
f 2242 717 2474
f 4969 5234 5454
f 2056 1452 5620
f 1224 442 440
f 4222 2279 629
f 4486 3270 2273
f 3265 4615 2868
f 1352 4453 3008
f 1238 3635 1910
f 2351 5896 2856
f 853 1262 1485
f 2011 4214 2688
f 4103 2045 560
f 5683 2823 4943
f 287 4510 4125
f 2872 5729 964
f 1494 5041 1493
f 5081 3020 5750
f 2968 3562 2503
f 1924 1245 1923
f 2889 2407 2484
f 2241 4611 333
f 2533 5321 2791
f 5177 4658 3336
f 2085 5656 3231
f 3819 1573 477
f 1962 5834 2087
f 5826 5578 1523
f 2398 1120 1315
f 3254 2476 4277
f 1048 5777 905
f 1489 318 2070
f 3234 3235 2659
f 4893 2488 5312
f 3298 4449 4036
f 3143 1387 4522
f 3913 270 1567
f 1073 2238 3592
f 1721 5785 2923
f 2092 141 3113
f 2400 3345 2632
f 4042 1674 2136
f 2099 5707 5704
f 315 3555 1258
f 4743 1283 4958
f 4560 4634 3292
f 944 2330 2634
f 2511 4093 4857
f 5295 4605 514
f 2889 2484 5078
f 1050 3633 1049
f 1550 1050 1049
f 1050 1550 155
f 3192 1724 378
f 2203 3182 3086
f 1498 1161 215
f 1631 1435 3178
f 2583 3281 4780
f 4054 3908 4055
f 1910 5639 843
f 4833 4026 3489
f 4863 396 2408
f 1498 1774 1161
f 5432 4589 3153
f 145 5737 5037
f 2987 2408 396
f 5655 5041 1494
f 1250 2378 3207
f 5302 3846 764
f 3077 1717 1432
f 274 594 5414
f 4196 3890 959
f 1688 2146 2953
f 5532 1677 5531
f 198 4726 825
f 85 1066 1160
f 4446 3357 5178
f 3405 433 4689
f 2851 1535 5077
f 2117 992 2116
f 800 1865 2117
f 640 1386 1007
f 3274 3929 4779
f 60 991 105
f 60 950 991
f 290 118 1398
f 4696 5389 3827
f 3022 5143 4945
f 4347 2495 4109
f 5605 3766 4987
f 4664 5583 2623
f 2424 3519 5476
f 3952 3513 496
f 863 1954 2653
f 1785 5594 3240
f 3494 5695 1249
f 5345 5294 2518
f 3169 5505 5156
f 5213 5828 5493
f 5319 2374 5320
f 2075 1163 4273
f 1175 3464 3264
f 2932 4320 3006
f 716 1804 1199
f 415 1263 167
f 1865 415 167
f 946 265 5811
f 5752 2526 2777
f 1441 1912 3087
f 3261 4083 2272
f 3163 5764 3385
f 2939 1164 3768
f 3469 2871 4345
f 1879 5783 1385
f 1865 167 2117
f 3633 2431 2629
f 4518 4517 4028
f 294 1889 1307
f 1241 5018 5296
f 1440 3635 1238
f 1367 977 5512
f 4122 5632 3838
f 5725 3075 4105
f 2097 4148 4147
f 5298 2938 1646
f 5346 3386 5241
f 149 5560 472
f 2959 5380 5067
f 5542 5532 1875
f 1806 3457 2852
f 2086 1960 3038
f 3133 2023 4963
f 4854 2232 1108
f 2355 3597 2867
f 4141 2651 1946
f 668 1116 1695
f 2301 4328 3095
f 1919 3197 3196
f 3333 496 3513
f 705 1502 1783
f 4360 4422 4424
f 2260 4656 4022
f 853 1485 5774
f 2466 583 5626
f 151 152 968
f 950 390 991
f 737 1823 1556
f 2311 3363 1659
f 5099 5172 5113
f 628 2717 2604
f 1223 1623 820
f 4843 2458 2820
f 4483 4617 4160
f 3137 4582 2951
f 1171 488 3772
f 320 1765 214
f 3503 3005 4448
f 3341 5286 3078
f 4475 4058 1427
f 4681 2957 4682
f 121 2181 3856
f 1807 4612 3915
f 413 1833 1619
f 2158 179 5897
f 432 5529 121
f 4001 2888 5374
f 1449 3191 3753
f 5341 5340 5149
f 4141 2554 2651
f 3562 2226 321
f 620 415 1865
f 390 415 991
f 620 991 415
f 4721 786 4389
f 620 105 991
f 1667 1371 2021
f 4640 2590 5220
f 3575 1165 2836
f 694 461 3760
f 2510 4204 3001
f 5381 2337 320
f 1962 4146 1963
f 3411 3094 4328
f 1678 2720 1751
f 914 539 5508
f 4050 4676 4825
f 5142 1045 5204
f 2867 524 5391
f 5309 2304 864
f 4827 3901 5498
f 422 1691 1580
f 422 5097 1013
f 1691 422 1013
f 4240 4237 2742
f 1546 1821 906
f 2076 2074 578
f 1246 3203 2376
f 1599 1266 2224
f 298 4650 2739
f 5465 5115 5676
f 4934 2783 2782
f 5296 4900 1729
f 2290 3968 5869
f 3241 3242 3447
f 1792 5856 2569
f 3043 1600 2381
f 2443 4136 4691
f 2424 5476 5463
f 1682 1383 1578
f 1281 2306 1989
f 4826 4126 2753
f 3017 113 114
f 809 640 1140
f 3270 3831 3605
f 2824 2226 4825
f 809 1095 808
f 2528 1718 3532
f 5478 423 5479
f 2605 2603 3838
f 4073 4464 5829
f 4828 4464 4940
f 4828 4992 4464
f 3586 2570 1792
f 3163 3385 5222
f 4701 4378 5507
f 1208 1093 4216
f 2687 3618 3330
f 667 5333 3722
f 3920 1811 3787
f 382 3033 4692
f 5282 2220 570
f 4165 4212 4669
f 2348 5389 3807
f 1716 3310 303
f 778 2220 5282
f 2226 1495 3900
f 3223 5326 4940
f 323 3858 1262
f 2638 2062 4692
f 422 5478 5097
f 1320 2795 1439
f 4825 2226 3900
f 4050 4825 3900
f 3476 3805 5711
f 2788 2527 2283
f 2086 4144 1955
f 2709 2708 5875
f 1889 2182 1624
f 1532 2237 1799
f 170 1002 634
f 3661 4613 2348
f 5484 5201 5763
f 2825 4826 1495
f 423 5478 422
f 423 422 1580
f 83 1719 1155
f 37 259 1394
f 37 2237 259
f 5599 1663 1207
f 5011 4710 5439
f 4871 1923 3988
f 2184 5654 5604
f 5654 2184 4726
f 1341 886 2574
f 3123 4332 4038
f 2231 2970 4946
f 4050 3900 2753
f 4084 5832 3464
f 1663 982 1207
f 1349 1855 1657
f 3118 2944 3817
f 2542 313 3412
f 2184 5829 4464
f 5376 2184 4464
f 4485 5715 2874
f 1835 295 5776
f 2523 4014 1228
f 4532 2490 3165
f 3697 2701 3509
f 1001 758 2027
f 2005 1542 1288
f 1807 5447 4275
f 4183 5040 3075
f 4479 4482 2576
f 2898 401 5567
f 5604 2825 3954
f 3387 5091 4998
f 2183 3437 1771
f 2824 1771 3436
f 5799 125 5618
f 1976 2840 2469
f 3268 4229 3924
f 4306 3060 4021
f 2379 1592 2286
f 3273 2677 5006
f 3216 3759 1474
f 626 1293 1184
f 5194 4594 5479
f 4990 4311 2297
f 574 4017 3108
f 822 655 186
f 2081 4143 2554
f 412 1664 2701
f 3805 1132 595
f 1021 1694 1882
f 2119 2710 623
f 4426 3973 4359
f 1471 3211 5807
f 2824 4824 1771
f 5103 1426 3307
f 5483 3163 5222
f 1433 1151 1630
f 2788 3310 2527
f 855 1766 1263
f 2532 4732 3083
f 5380 5156 5505
f 4683 1231 4130
f 2466 1786 2343
f 1267 952 699
f 2155 4088 4227
f 2155 4227 2731
f 2154 4226 3929
f 4226 2154 4762
f 4565 1019 4228
f 3268 4228 1019
f 2751 5254 3857
f 679 5779 3632
f 2883 5860 5698
f 5408 5387 5429
f 4458 4226 3338
f 4226 4458 2872
f 3162 5138 5088
f 512 3314 3313
f 1907 1438 3537
f 5346 3166 3386
f 1018 2730 3469
f 1018 5177 2730
f 2154 4587 4762
f 739 246 400
f 3268 3267 3925
f 3144 2313 4898
f 3788 898 1539
f 4458 4345 2872
f 2705 4797 2114
f 5083 5013 5760
f 1146 3986 3907
f 1883 4869 829
f 1499 579 4920
f 1018 3469 4345
f 1424 5171 4414
f 1585 933 1701
f 2450 3033 5315
f 4227 2392 2731
f 3599 4318 2003
f 3711 3274 2883
f 3562 1937 1495
f 3152 479 3336
f 4227 2730 2392
f 4227 4087 2730
f 3535 1839 1838
f 5655 1494 4272
f 4362 2674 2875
f 790 4100 2512
f 5181 5102 4982
f 4810 5698 4811
f 4810 4811 4457
f 2427 5205 5181
f 270 2068 1846
f 2085 3231 5748
f 2860 1817 593
f 357 2031 5361
f 4206 2859 5690
f 3711 499 811
f 4087 4227 4088
f 4402 5374 5347
f 1814 2350 3664
f 4872 2926 2927
f 4226 964 3929
f 5017 5417 3336
f 4587 4225 811
f 964 4226 2872
f 4228 3268 3925
f 5788 1298 3624
f 2959 5423 5156
f 5036 3308 5242
f 1478 1846 2067
f 2375 5700 2525
f 80 1079 44
f 3750 80 44
f 753 538 252
f 5725 4421 5673
f 4458 4658 1018
f 4458 1018 4345
f 1047 5639 2794
f 4651 4932 5259
f 3603 3605 3831
f 678 5779 2787
f 1914 3031 1915
f 2845 5575 1652
f 5320 5401 5757
f 2729 4349 3376
f 2858 2856 5896
f 3520 3885 4541
f 2119 5546 2710
f 5186 5380 1232
f 5103 5334 5757
f 1711 2921 2935
f 5749 5337 5579
f 2204 3184 3183
f 2239 1602 3782
f 3098 1322 2453
f 1547 2007 230
f 3538 448 3185
f 4516 1627 5582
f 49 2928 3440
f 1657 1855 1547
f 1458 512 1921
f 1153 2200 3750
f 80 903 1079
f 3185 1048 3397
f 2006 45 1079
f 3321 3578 2929
f 1689 761 1299
f 2903 4503 748
f 231 1084 92
f 2234 231 92
f 1451 845 308
f 3618 2688 1660
f 5470 4842 2197
f 382 5402 5413
f 4181 5069 5092
f 1088 2136 1185
f 1633 1719 1634
f 2204 337 1818
f 3573 226 1331
f 4155 1604 3325
f 5109 5013 5083
f 1331 226 5841
f 3297 3851 3356
f 1272 1851 4910
f 1820 467 530
f 1898 1897 5805
f 1259 2210 852
f 5066 5271 5470
f 2202 4135 2533
f 5147 5453 5148
f 1048 906 1049
f 1048 1049 3397
f 5860 2982 5698
f 891 1996 3773
f 241 2008 530
f 1293 1611 3294
f 5017 4658 3338
f 3355 2944 3851
f 3042 1970 706
f 5589 5648 2208
f 445 5023 5762
f 3341 3395 938
f 2278 5690 3500
f 1081 1080 1084
f 4593 4650 1036
f 1079 45 44
f 2201 44 45
f 5530 1034 1306
f 2883 4626 5860
f 3443 3235 91
f 492 398 904
f 201 4135 46
f 1083 201 46
f 333 3452 3660
f 5269 4859 5165
f 4502 5342 2683
f 1524 1980 4961
f 3237 3443 1069
f 4328 5727 1844
f 4190 3874 3569
f 1215 172 1214
f 3639 4690 1842
f 405 248 743
f 5648 4139 3553
f 1978 1525 1070
f 3721 4823 5305
f 2906 2589 4100
f 3232 1782 1500
f 3038 1954 4144
f 1252 2379 4543
f 4518 4180 5582
f 2489 1219 3625
f 5141 5676 5115
f 153 91 1820
f 5573 3175 834
f 3975 64 4606
f 2580 3998 4754
f 2201 2789 44
f 1467 5301 3758
f 332 2236 3453
f 5509 1543 42
f 5281 2533 4135
f 5557 1762 1773
f 82 2202 4399
f 3750 44 2789
f 3275 3833 3608
f 3472 5684 3928
f 4678 5498 5386
f 4745 5737 5739
f 5056 2197 4842
f 2251 5056 4842
f 2058 3198 2330
f 4392 4461 5572
f 5513 793 277
f 1785 1333 1505
f 4860 2586 4858
f 152 398 337
f 2658 1782 3232
f 3539 3538 3185
f 201 3183 4135
f 1983 588 2472
f 2772 4601 1229
f 784 2876 4387
f 4420 4421 5384
f 1775 1941 2928
f 4325 3639 1842
f 2573 4149 1283
f 302 677 679
f 1456 2331 1921
f 3133 4963 2711
f 842 682 2496
f 1928 5664 387
f 2967 3765 4051
f 1115 1834 4915
f 1499 5516 1328
f 2670 4444 3355
f 2254 1820 530
f 3649 2831 2082
f 486 3229 4438
f 2359 4162 2980
f 1642 1931 2550
f 4185 4427 4711
f 1638 5652 4896
f 4069 4067 1743
f 3673 3829 2869
f 5091 4256 4998
f 2252 41 1542
f 5434 2522 5034
f 2002 2859 4343
f 2098 2575 3593
f 5576 1197 1533
f 4171 3069 3071
f 2151 5709 2887
f 5269 4841 4859
f 4841 5269 4965
f 2749 1308 826
f 1975 3451 2233
f 2012 3511 3367
f 4352 4015 4014
f 3819 477 341
f 1283 4149 887
f 5101 5480 5471
f 3323 1519 331
f 102 618 799
f 1047 1438 4311
f 881 1280 4551
f 2073 2338 216
f 2769 3518 1425
f 2385 2289 2930
f 468 2007 5540
f 2340 3444 468
f 5281 3183 3752
f 1166 2465 3444
f 3898 933 1585
f 3334 2602 3134
f 5822 1251 3207
f 2102 1824 3288
f 4786 3125 5311
f 5134 4232 2490
f 277 2 99
f 3245 2469 1601
f 3918 3117 4443
f 3215 4788 3316
f 4793 609 3126
f 2212 5761 5813
f 582 1335 5658
f 5858 4282 2354
f 5557 2066 1762
f 5759 4303 4507
f 3181 2258 1443
f 2312 5783 3011
f 3314 2632 3313
f 2974 5030 5116
f 3421 3422 1465
f 1205 5290 2918
f 5112 5024 5372
f 5339 3021 2280
f 5898 5419 5494
f 3374 5361 3373
f 2770 5473 5750
f 4791 160 3504
f 2948 4455 2699
f 4384 2625 4107
f 5786 2838 1971
f 5606 3570 1780
f 5359 4299 3642
f 5704 3662 4198
f 690 2537 3032
f 144 1527 5628
f 2002 4158 2001
f 5358 4560 4760
f 1541 5210 5078
f 2274 3472 4699
f 1156 5650 2107
f 2903 5410 4503
f 4229 1019 3712
f 1019 4229 3268
f 4513 4655 4631
f 3704 1688 283
f 1304 1698 1303
f 5762 5891 2423
f 3267 1538 3925
f 5281 4135 3183
f 3363 1859 1659
f 1178 4378 4701
f 4872 5679 2926
f 5885 4317 4751
f 1153 3750 2789
f 5561 2255 3287
f 1205 1859 5290
f 5764 5502 5453
f 4905 790 2512
f 5631 4101 4892
f 4391 4581 1664
f 5084 4041 5863
f 4114 4113 3502
f 1454 1726 2435
f 1505 3239 1515
f 2818 211 2211
f 1663 3507 2694
f 2283 3525 1902
f 1754 5555 3427
f 3583 3046 2665
f 5250 3308 3023
f 1482 1483 2068
f 5358 4634 4560
f 3133 2024 3621
f 4417 3630 4177
f 2567 2663 2843
f 2106 2918 5290
f 5017 3338 2611
f 4412 828 5363
f 5039 2490 4232
f 2716 4509 3952
f 5055 5494 5419
f 5079 5490 2265
f 2391 615 2598
f 5600 4649 2133
f 813 427 1309
f 3993 4925 4926
f 3466 2861 3463
f 2300 2444 4326
f 1642 3320 1772
f 5650 4972 1
f 4780 3281 4093
f 882 1281 1984
f 1380 5542 1875
f 1243 2376 3203
f 4729 3177 2525
f 4200 5674 4444
f 1085 1554 1822
f 1795 714 1528
f 4402 4001 5374
f 961 5815 5661
f 5205 5102 5181
f 2934 550 549
f 1212 1001 2027
f 3026 5291 839
f 5054 5139 5055
f 855 1263 390
f 5076 1994 887
f 5778 642 5782
f 654 2039 931
f 3438 3226 2828
f 5644 1844 5687
f 2019 1827 276
f 3267 3268 4753
f 5439 5132 4822
f 673 832 2617
f 1441 3311 1912
f 2303 3424 4265
f 5140 1045 5892
f 5548 1751 2720
f 2508 3113 5625
f 4526 4687 3392
f 3477 1178 2984
f 2274 4090 5684
f 1920 3546 3198
f 4954 5034 2522
f 755 3512 756
f 1837 3530 3533
f 4741 4912 2568
f 2880 2879 2359
f 3217 1156 4793
f 1089 4508 5790
f 1115 4931 1220
f 3538 1721 3752
f 5056 4942 40
f 2197 5056 40
f 5603 1467 1749
f 5578 487 469
f 2985 5861 4003
f 288 3845 1302
f 7 4782 533
f 7 568 4782
f 2674 3668 4485
f 3837 4114 3502
f 1798 1987 5558
f 3256 1812 3257
f 4590 5253 4231
f 2106 493 2918
f 2704 5256 5255
f 3014 5255 5256
f 2787 4604 3175
f 3699 3132 2704
f 3102 1931 1642
f 5201 4981 5764
f 3217 4792 1058
f 776 1489 2070
f 4427 5833 4711
f 699 1762 2069
f 5186 5437 5067
f 4905 2512 4722
f 1296 804 1615
f 3081 3530 3527
f 2665 880 2569
f 1357 611 615
f 2877 4313 4278
f 2595 4454 1353
f 1168 1520 3450
f 2872 4345 2481
f 1552 155 600
f 5824 1970 1071
f 946 2298 265
f 1753 2270 1752
f 3124 2908 5410
f 4580 4759 4118
f 2492 1415 4176
f 1490 776 1764
f 4588 4125 4510
f 5571 1330 1780
f 5522 5672 1960
f 1659 2011 2311
f 3752 3183 3184
f 2506 1195 1334
f 2857 2974 5116
f 910 3485 2593
f 3154 4124 5734
f 2137 1469 851
f 2332 3548 3821
f 1636 2055 3637
f 1620 925 910
f 1674 1094 280
f 2045 2422 560
f 568 3212 4782
f 1339 3658 1283
f 2768 5483 5222
f 4596 4334 5755
f 492 1818 337
f 492 337 398
f 633 1002 3370
f 903 80 1543
f 808 1684 5534
f 77 42 2269
f 77 5509 42
f 506 819 1583
f 5693 4461 4392
f 1571 3501 3002
f 2933 5245 5165
f 5867 1237 1718
f 122 5530 1888
f 2869 5859 3265
f 1936 2222 4072
f 3444 2465 3237
f 2595 751 3365
f 4723 612 2390
f 4790 2686 978
f 1754 4790 978
f 150 473 491
f 4203 3850 3664
f 5089 1626 5131
f 2269 42 2200
f 196 4875 4832
f 1065 196 4832
f 1376 2132 4221
f 329 3446 2562
f 2794 376 771
f 77 2269 937
f 4871 312 4262
f 1246 1734 2377
f 41 77 937
f 41 2252 77
f 1710 1892 2371
f 1869 540 1868
f 5621 3090 3091
f 1679 5524 2720
f 2251 4289 4862
f 84 5557 1773
f 2063 3756 2998
f 680 1630 2049
f 2090 2229 1335
f 5341 5061 5340
f 4207 3476 2983
f 1802 332 3453
f 5346 5241 5179
f 1044 2890 5164
f 5739 4572 4276
f 984 3692 985
f 4671 2590 4640
f 5056 2251 4942
f 2843 2234 92
f 3743 4838 5742
f 3743 5399 4838
f 3298 4348 3121
f 1978 231 2234
f 1978 2234 2663
f 588 4924 3802
f 4870 2636 310
f 2890 1044 5165
f 2586 4290 4167
f 4926 4925 1338
f 1914 1915 3312
f 1807 3994 5447
f 3994 2849 2384
f 2769 1425 2320
f 1088 851 1469
f 98 2897 2899
f 1121 5553 1632
f 2267 5093 4983
f 5878 5866 1118
f 1841 1916 2328
f 5271 5471 3744
f 5271 3744 5164
f 5270 2318 5269
f 5270 5269 5165
f 223 221 2084
f 2682 4099 2487
f 2256 2897 741
f 2988 5795 2388
f 2899 2897 2256
f 5464 5147 5148
f 336 1084 904
f 128 2530 769
f 2221 319 1933
f 766 4711 2992
f 2539 1590 5018
f 2859 3500 5690
f 5163 1789 3655
f 2252 5509 77
f 5772 3132 2391
f 4898 2722 3372
f 1404 1700 2042
f 135 2217 1930
f 2543 4137 4775
f 3603 5218 3878
f 5117 5722 3597
f 2809 1248 1249
f 1515 876 5659
f 4417 4516 5090
f 3031 1913 2536
f 4502 2684 4098
f 1634 3086 3974
f 3270 2977 2273
f 2993 2538 4883
f 809 1140 5511
f 3823 3552 1247
f 4985 3568 5438
f 2407 4364 4117
f 1293 626 3066
f 5657 708 1068
f 2179 690 2180
f 2179 2180 428
f 2467 874 713
f 1321 944 2633
f 5023 5676 5891
f 2835 4891 4694
f 4468 3982 3383
f 3495 1472 2641
f 5043 4098 4781
f 2339 392 869
f 3266 4484 3829
f 2227 3320 576
f 821 820 656
f 3296 1170 716
f 2173 1917 2174
f 2173 2174 819
f 875 1973 872
f 2442 5811 265
f 4356 3799 1110
f 5659 2468 5594
f 142 1511 2344
f 754 5519 417
f 2443 1922 4136
f 3872 1257 3553
f 1376 4221 1670
f 1236 3632 2626
f 5104 4521 4633
f 1002 1377 634
f 2227 3646 5074
f 5776 368 441
f 2917 2902 5730
f 3540 5640 3398
f 414 1575 5526
f 4075 5303 1568
f 3269 3830 3679
f 2177 2178 656
f 2178 2177 2537
f 4253 2957 4767
f 1504 2565 875
f 1576 801 1369
f 5701 4154 4080
f 1094 634 1874
f 5513 277 99
f 1222 818 1582
f 404 2365 2257
f 5174 5157 5102
f 5141 1713 4968
f 925 1115 2955
f 2082 5747 2829
f 1788 1976 2165
f 4071 5461 1755
f 3470 2273 2978
f 1985 2097 4147
f 4897 1200 5815
f 1460 4870 310
f 3166 4413 3386
f 5068 5066 4971
f 5740 4279 3831
f 489 4348 3298
f 1323 1876 1190
f 4075 1850 5303
f 3824 2810 3206
f 2996 1566 1465
f 4157 2000 4556
f 1977 2233 3657
f 2393 70 1029
f 836 5601 840
f 146 5872 3503
f 1201 2853 5629
f 4072 5899 4973
f 2283 835 3525
f 2861 2272 3463
f 1936 3561 4268
f 1761 516 1480
f 5400 5668 5128
f 5521 1825 5519
f 2936 579 3800
f 4655 5724 4491
f 5541 1828 1610
f 383 1741 1744
f 1633 3974 1121
f 5276 4872 1470
f 1340 3914 3250
f 2178 821 656
f 3441 325 3233
f 4540 3631 2047
f 2359 2980 5119
f 1710 5636 672
f 1317 1436 2790
f 4156 1604 4155
f 2640 3211 515
f 690 1459 2180
f 2180 1459 2207
f 830 2756 1707
f 564 835 1233
f 2968 4438 485
f 1788 2165 2168
f 1305 2168 2165
f 5589 2286 1592
f 4487 4620 3832
f 2601 3065 3512
f 2406 5415 4573
f 5367 4690 3346
f 238 1544 1543
f 2178 2537 690
f 2973 4082 4314
f 2889 5078 2250
f 3260 4279 5740
f 2576 4158 2002
f 2452 5027 2380
f 112 1116 26
f 3396 112 26
f 4341 3825 1566
f 1397 5775 115
f 1560 4989 2488
f 4153 2848 4275
f 3142 3371 5549
f 1320 3192 378
f 5062 4998 3630
f 1397 1028 2161
f 10 922 3971
f 922 10 5351
f 5113 5756 4981
f 3223 4073 1493
f 3389 4935 4934
f 2004 3790 902
f 3277 1287 4092
f 124 1023 1022
f 3049 332 1342
f 5219 1110 4021
f 2606 3960 3067
f 1715 678 3394
f 1516 957 2094
f 2610 1390 111
f 1531 2346 2405
f 4917 4368 1237
f 4487 4283 4620
f 5553 3085 3180
f 704 5841 2287
f 5120 3607 5831
f 576 3320 2649
f 5600 1672 4333
f 2808 1733 3202
f 5054 5766 5139
f 1726 2176 2435
f 931 2039 2176
f 2177 1726 2802
f 2177 656 5525
f 1348 1546 1819
f 551 1301 2516
f 2679 785 5191
f 1869 1868 2127
f 617 100 101
f 766 4104 4646
f 3612 4166 4287
f 5309 5808 3039
f 3263 5424 2249
f 912 101 619
f 1281 3047 2306
f 1155 1633 2054
f 5506 5190 1312
f 3634 2431 3187
f 648 1706 1023
f 5797 4611 4150
f 4402 5347 4490
f 4614 4482 4479
f 1426 2622 5092
f 2240 3775 5697
f 4866 2409 4451
f 2778 1232 5505
f 288 815 2615
f 5776 441 123
f 4069 123 441
f 1035 5784 2142
f 3335 542 2369
f 4736 442 123
f 1224 123 442
f 5000 3755 847
f 3166 4415 4413
f 3200 72 2207
f 1059 1475 695
f 584 3114 2093
f 524 5217 5391
f 3538 3184 448
f 5499 5122 5397
f 1208 1574 3130
f 5706 3919 3780
f 4067 4069 441
f 4069 4736 123
f 291 362 2181
f 365 1403 3856
f 4362 3804 1131
f 1224 5776 123
f 438 368 435
f 3028 3084 3536
f 1347 1078 726
f 438 4067 441
f 438 441 368
f 1268 1327 4987
f 1618 4930 2293
f 4362 1131 2674
f 3663 2307 3848
f 4731 3530 3081
f 4731 3082 3530
f 2219 5774 1103
f 1837 3533 3028
f 150 491 967
f 1464 1591 4436
f 4059 3178 1315
f 838 3080 939
f 3927 3787 4619
f 1399 118 3806
f 738 244 5518
f 2640 5307 3211
f 866 1781 1500
f 5746 4251 4335
f 31 4776 4735
f 31 1034 367
f 4776 31 367
f 2410 342 2387
f 5174 2777 5206
f 4626 4211 5860
f 2535 1723 2433
f 3542 2535 2433
f 4740 2657 2559
f 340 3835 405
f 1598 1104 5591
f 5840 3368 5569
f 3027 681 4917
f 5872 2308 4537
f 3243 1332 5002
f 3754 5821 1589
f 1609 1868 540
f 3647 4920 3648
f 1474 2548 3429
f 857 486 5182
f 4214 3687 3688
f 3266 5723 4484
f 2383 1601 2469
f 5647 5884 3416
f 4108 4109 1187
f 2389 3693 2915
f 3893 1559 1609
f 2638 4735 3871
f 3829 4484 5859
f 5633 3135 1873
f 645 1581 5285
f 1530 5566 3914
f 1353 2914 751
f 5390 5893 4941
f 5138 4597 5169
f 5488 4685 5025
f 5162 5395 2321
f 632 2028 803
f 340 405 743
f 552 5188 4358
f 2416 3853 5317
f 2360 3272 5005
f 3625 3146 2031
f 3466 3463 2480
f 603 250 4868
f 3649 2936 3800
f 2419 3378 4230
f 1004 1682 2013
f 4895 1902 78
f 3461 4556 3053
f 733 5540 2007
f 1541 2891 3789
f 1524 4961 4194
f 1109 3328 3057
f 5474 5406 5051
f 355 1683 5511
f 4384 4430 2625
f 5113 3387 5756
f 314 1256 3555
f 4070 1749 3556
f 624 997 1368
f 2024 5349 3621
f 506 2166 819
f 3073 4596 2043
f 312 3408 3410
f 1690 760 2954
f 4764 4049 4677
f 3026 2294 5867
f 506 1399 2166
f 4822 1225 3963
f 1526 1979 3498
f 4907 3756 1258
f 1055 4883 2538
f 3514 4222 629
f 3218 1756 1595
f 1807 3915 2849
f 2773 3386 5200
f 801 495 1367
f 4728 1230 4541
f 1613 2605 1612
f 130 4433 1436
f 3980 974 3062
f 3955 5382 4353
f 5623 708 1648
f 2769 2770 5750
f 5083 5760 5014
f 3468 3797 3055
f 5011 1563 3902
f 3602 1998 2578
f 1604 2972 3808
f 5464 5428 5501
f 1433 1630 680
f 1251 3205 1250
f 3244 1072 1166
f 3791 2102 3940
f 5076 1991 3860
f 526 3057 3927
f 5406 5405 5051
f 4708 2743 4174
f 4892 4216 3332
f 2958 2427 5181
f 4882 2160 813
f 3931 4208 5705
f 480 296 439
f 648 37 1394
f 1591 3414 4436
f 3275 4488 3833
f 529 4668 5724
f 1420 2045 1893
f 1871 543 3335
f 1977 3657 1790
f 1096 4231 2519
f 5318 3351 485
f 1928 3035 4889
f 3472 3832 4620
f 2054 1121 129
f 1584 2175 2039
f 4440 5857 4529
f 5856 4695 2569
f 5075 1160 2647
f 1090 2499 3493
f 2237 37 1799
f 1275 867 1192
f 5399 5364 4953
f 66 124 1890
f 1020 812 4124
f 941 4433 839
f 3924 2003 4753
f 1792 5771 5323
f 74 256 68
f 5133 74 68
f 74 66 256
f 74 1988 66
f 126 2529 768
f 1959 2652 1958
f 3532 184 115
f 1397 115 184
f 5895 5143 3022
f 3894 3010 3957
f 4449 4210 3360
f 3647 3648 2829
f 3000 2575 2346
f 1827 1826 1559
f 4618 3926 4752
f 3027 2296 2295
f 1999 4157 4556
f 4954 2522 5107
f 523 5722 4752
f 5674 1815 4444
f 2714 2711 2713
f 4564 3712 4706
f 2473 181 5323
f 5310 2666 1986
f 3414 2301 4436
f 3673 2869 3672
f 4084 4674 3465
f 1634 2203 3086
f 3824 5822 2810
f 1899 937 939
f 3422 3315 1593
f 5440 1742 5565
f 5623 2834 708
f 1511 1510 955
f 4199 3253 3115
f 36 75 1023
f 36 5324 75
f 1490 3764 2221
f 4171 2731 3337
f 5283 1944 1948
f 1319 133 3189
f 5192 3377 4813
f 683 3964 2258
f 2904 748 2486
f 1615 804 636
f 2943 2307 3116
f 177 4564 812
f 3714 4344 3923
f 1317 2790 3179
f 414 5526 616
f 3537 3535 2531
f 3714 812 1020
f 4344 3714 1020
f 4869 1394 259
f 3491 3525 835
f 794 2592 4119
f 5043 4638 4637
f 199 2237 4150
f 2575 3660 2405
f 1459 690 3032
f 5305 4102 1563
f 844 1445 2325
f 519 2384 2849
f 5324 1799 75
f 5654 4726 4126
f 4516 5582 4027
f 4448 4037 4520
f 4985 860 3568
f 1460 2442 1461
f 5002 1967 5824
f 392 3650 868
f 2644 3035 3101
f 3870 683 3181
f 1811 1812 2478
f 2646 3104 4853
f 2317 3847 560
f 3823 5645 5646
f 5758 5159 5071
f 5482 2280 3519
f 4812 5085 1694
f 2237 5797 4150
f 1522 2471 3046
f 177 3714 3923
f 3714 177 812
f 4211 5839 2262
f 4211 4626 3123
f 199 829 4869
f 199 4814 829
f 4814 199 4150
f 648 1023 75
f 3915 4612 3827
f 199 4869 259
f 2237 199 259
f 2414 3146 1219
f 5893 5031 2479
f 5674 4157 1999
f 4344 1175 2865
f 1020 4124 4813
f 3377 4674 4813
f 3156 4024 4916
f 5187 3308 5036
f 2943 3116 1345
f 5075 2647 2074
f 5797 1532 3452
f 2240 4814 4150
f 5304 1867 1369
f 671 1891 1416
f 5552 829 4814
f 2240 5697 4814
f 3759 1260 1474
f 5319 5320 5166
f 1842 4690 4774
f 2254 530 2008
f 2917 4578 2902
f 2373 4950 5319
f 5475 5153 5060
f 519 2239 3782
f 5868 5324 36
f 124 36 1023
f 391 4268 1063
f 3748 1428 302
f 2407 2889 4861
f 197 1586 1703
f 5186 5016 5437
f 3956 4357 2368
f 5490 5405 3161
f 3663 2000 4441
f 4906 3011 5782
f 3816 4442 5630
f 1890 256 66
f 1408 298 2520
f 565 5543 2052
f 5065 5173 5100
f 940 1435 3526
f 3263 2353 5424
f 404 2257 973
f 571 949 1847
f 4364 5012 4117
f 2751 5850 5254
f 4906 3012 3303
f 5065 4950 2373
f 4274 4947 4911
f 4772 4428 3909
f 1963 3110 5309
f 3655 2660 272
f 5658 1335 90
f 1898 5805 1900
f 3978 5377 4493
f 1799 5324 4197
f 507 4127 3072
f 1130 3851 2944
f 3568 860 5355
f 2451 314 3555
f 3523 3522 4542
f 3556 1749 4951
f 1863 3510 3511
f 5528 3845 288
f 2359 5119 3675
f 1717 5587 5325
f 1205 2918 3505
f 4392 4459 4460
f 5754 5092 5069
f 325 3577 1969
f 3382 1893 1894
f 275 401 4880
f 1205 3505 3506
f 3458 2854 4079
f 1379 1214 998
f 322 3725 1764
f 581 3991 4923
f 1746 2812 3872
f 3068 1618 3138
f 5571 1780 1961
f 2319 4766 3907
f 624 1576 998
f 2971 2345 2470
f 5356 3498 2231
f 4484 2480 5859
f 5079 5136 5022
f 4860 4721 4290
f 5557 569 2066
f 2807 3551 3822
f 2455 3428 211
f 2012 3367 5793
f 126 1898 1900
f 888 1342 332
f 3790 5669 728
f 1687 2722 4898
f 5859 2480 3862
f 1364 1610 1829
f 1936 4268 2222
f 1039 1393 4812
f 1364 2122 1610
f 1364 1677 2122
f 1914 1913 3031
f 585 4194 1129
f 3045 3580 2940
f 1807 2849 3994
f 4471 4054 1147
f 4045 5167 5745
f 2111 5019 5818
f 3296 3591 1800
f 4933 669 4044
f 1977 1790 394
f 3826 3208 2810
f 1129 1649 4947
f 3624 2721 1297
f 1028 114 2161
f 841 131 772
f 2414 1219 1009
f 5480 5057 2318
f 5057 2958 2195
f 5746 5086 5137
f 397 2006 474
f 2056 3344 2799
f 2766 3517 2192
f 2766 2192 5894
f 1148 5026 5160
f 3791 3792 2904
f 1883 1394 4869
f 4751 4317 5004
f 1047 843 5639
f 2425 5145 5170
f 310 2635 774
f 266 1566 3415
f 1146 3907 4767
f 2971 331 2345
f 4446 5178 2945
f 1379 1215 1214
f 1576 999 998
f 1379 998 999
f 2857 2945 2352
f 4205 3001 4204
f 4003 4493 5377
f 2892 395 4403
f 1808 4152 4555
f 5091 5203 4256
f 2712 2488 1295
f 1775 5622 4890
f 5637 5020 5791
f 5032 4404 4580
f 1349 96 1549
f 1167 877 2092
f 508 1413 2044
f 2355 5117 3597
f 4691 5244 2061
f 2914 2594 751
f 2683 4041 5084
f 5665 1647 5544
f 2937 3800 580
f 1455 2632 3314
f 4022 3934 4004
f 5817 631 4222
f 1856 154 600
f 4103 561 5448
f 5104 4633 4300
f 5708 471 2975
f 2654 3569 3874
f 4878 5560 5284
f 4902 3415 1566
f 2549 1476 1062
f 3617 3291 5231
f 3025 1098 4654
f 3979 4404 4521
f 291 2041 932
f 4384 4715 4430
f 4121 800 1575
f 461 5590 2819
f 3671 2876 784
f 3896 355 2545
f 1874 2029 108
f 4059 1631 3178
f 1568 323 1262
f 5876 3947 2413
f 5876 5844 3947
f 4866 5342 2485
f 2675 3674 2880
f 2892 4403 722
f 4342 1465 3422
f 5318 4438 3229
f 1673 170 1094
f 3581 3889 4274
f 4560 3292 3944
f 4759 4297 4118
f 4221 1374 3960
f 2795 377 2792
f 2814 3758 5301
f 2351 5208 5896
f 3586 2569 880
f 153 1820 2254
f 1100 2797 5535
f 5681 237 1180
f 4708 4239 3628
f 562 2395 4422
f 4628 4377 2886
f 2533 2791 4732
f 1835 659 1585
f 1850 2073 5303
f 363 3855 1033
f 2241 333 2098
f 5467 2774 1425
f 3507 5599 4357
f 5074 3646 1774
f 1420 2422 2045
f 1243 5296 1729
f 4336 5685 3983
f 2997 4139 5536
f 1153 3081 838
f 210 4265 2501
f 216 2338 4987
f 1629 4428 4772
f 4649 1213 2133
f 3906 5335 3985
f 2515 2313 3144
f 2422 2188 560
f 2372 5637 5791
f 2240 4150 4611
f 1292 2123 916
f 671 372 1417
f 386 385 1751
f 1739 4065 3206
f 2089 5665 2939
f 3156 5417 4024
f 5746 5137 4251
f 1730 380 1843
f 5074 1498 778
f 5669 3937 728
f 3167 5202 5154
f 2446 4370 1732
f 2764 1893 2990
f 1866 5546 349
f 5458 5668 5400
f 2976 3926 3269
f 3905 4469 5336
f 4354 3052 3996
f 3122 3833 4488
f 5148 5453 2266
f 489 3299 4348
f 3443 3237 2561
f 1353 4454 5599
f 3112 780 3652
f 2759 2886 3736
f 2759 3736 1891
f 5335 5448 3985
f 5335 4103 5448
f 1178 3933 2984
f 4734 3412 2447
f 705 1783 2658
f 3752 1721 447
f 3028 3536 3537
f 5683 2064 2823
f 4534 4105 767
f 1830 2029 1378
f 713 874 1972
f 4596 5755 4932
f 5522 866 5672
f 2464 2659 3235
f 3495 5028 2640
f 1282 1990 4988
f 2494 4106 767
f 3874 5355 863
f 266 3415 3417
f 4980 5755 1410
f 3333 2023 3621
f 276 3893 2104
f 4570 3815 4426
f 2650 2648 2551
f 5125 4945 5063
f 1796 1797 1987
f 1613 1612 2718
f 3596 5217 3598
f 1530 3589 1993
f 2302 3417 3415
f 1337 5660 2663
f 598 5377 4116
f 5206 2777 3745
f 4097 1557 4295
f 794 3128 3683
f 903 1543 1544
f 1396 1695 928
f 5002 5824 1071
f 3029 2800 684
f 844 2924 307
f 786 4388 5442
f 5225 2479 5858
f 4006 900 5667
f 1472 2459 5649
f 5722 5723 4752
f 4641 5252 3063
f 3000 4874 892
f 97 338 735
f 2676 2309 5711
f 5817 3945 631
f 4783 5577 3682
f 3100 4783 3682
f 5891 5141 2423
f 2673 2859 2001
f 2115 799 3814
f 3816 3117 2669
f 3701 1374 4221
f 3322 2563 713
f 4607 4072 4266
f 3484 2132 4800
f 1376 4800 2132
f 4638 5043 3293
f 192 73 5720
f 73 192 658
f 1691 1391 1390
f 1124 1930 2217
f 5817 2719 419
f 3484 3483 5431
f 5817 419 3945
f 3483 3945 419
f 3866 2369 542
f 4800 631 3945
f 3483 4800 3945
f 2718 2413 3622
f 5826 3657 487
f 2718 5443 2413
f 5275 649 1027
f 3563 3318 1938
f 2354 3715 4856
f 5320 5334 4978
f 4086 4087 4088
f 2051 40 41
f 1542 41 40
f 3943 2133 1213
f 4785 2591 1658
f 5004 3813 4751
f 4928 4962 3686
f 2517 4124 3154
f 5451 4950 5016
f 2719 3944 2910
f 3292 2910 3944
f 2521 2743 3628
f 4782 5743 533
f 4782 3212 5743
f 3292 3863 2910
f 1496 1104 1769
f 1238 5785 3186
f 4076 2654 2656
f 347 103 985
f 2750 5096 4466
f 3063 4531 4380
f 1558 5795 5793
f 4010 4108 4107
f 2419 4817 5176
f 3384 4955 5122
f 196 2072 195
f 1405 196 195
f 2666 2095 1985
f 3293 5043 3701
f 5043 4781 3701
f 5478 5098 1407
f 5788 1186 921
f 102 799 2115
f 1168 2232 3580
f 3881 5226 5332
f 1123 4943 135
f 4475 1427 3718
f 1114 642 920
f 5799 3079 2626
f 1615 636 1000
f 2519 5039 4232
f 1945 193 194
f 1624 194 193
f 2254 1856 969
f 3134 2602 1611
f 2306 4553 3965
f 4439 394 1790
f 2532 3082 4877
f 511 5435 4316
f 4375 3462 3810
f 2577 3326 3813
f 1236 3524 3632
f 4512 5836 1104
f 2362 5120 5831
f 5472 5486 5213
f 3360 4210 3474
f 928 1695 1116
f 2141 1216 1005
f 5101 5068 5180
f 1448 2400 2059
f 806 1876 5548
f 1940 1945 194
f 1064 2221 3764
f 1709 1708 1227
f 4831 5333 4250
f 4831 4250 3764
f 1624 2182 194
f 4831 1411 3723
f 2601 3512 1870
f 1304 762 1698
f 1119 4425 2395
f 2508 5625 272
f 689 2631 2630
f 364 3550 365
f 364 365 3856
f 1242 3548 1241
f 58 1608 2709
f 1848 1847 1640
f 2090 3241 3445
f 4146 2558 2833
f 5333 4831 3723
f 2575 2405 2346
f 1596 1759 1930
f 489 3298 4036
f 1397 2161 5770
f 1907 2297 4311
f 2403 956 3354
f 2254 2008 1856
f 3275 3608 2483
f 1380 497 63
f 1270 2504 4909
f 2298 3406 265
f 2855 3460 3809
f 1446 3194 2327
f 1109 4355 3798
f 2038 2165 2164
f 1976 2164 2165
f 841 772 2284
f 2505 3574 1193
f 3724 2967 4051
f 3724 4051 4467
f 5100 5173 5064
f 5875 9 5634
f 9 5875 5288
f 1447 5821 2434
f 3152 3854 2420
f 2519 2033 5039
f 4393 503 5373
f 2523 4681 4682
f 920 1878 5527
f 5669 1180 3937
f 2368 4357 4454
f 5387 5422 2193
f 4189 73 5719
f 3937 1180 237
f 149 730 5560
f 3836 3288 1824
f 625 2713 2711
f 4057 2784 3390
f 1490 2221 1933
f 5798 911 2705
f 1572 3358 3804
f 5773 1209 1135
f 3696 3369 2412
f 3883 1879 1384
f 4175 5096 3072
f 2489 5277 1219
f 4178 4419 2620
f 5764 5330 5502
f 5798 2705 2114
f 2995 3494 5354
f 5593 2659 709
f 3506 5610 1607
f 1613 2718 3622
f 1094 1874 280
f 4535 4201 4202
f 4742 880 5627
f 4717 4718 4385
f 2486 748 4504
f 4971 1432 1717
f 506 1583 119
f 4540 4339 3631
f 2567 2095 2666
f 3077 1235 1717
f 3579 2839 3450
f 3699 2704 5255
f 5702 647 4125
f 2322 5175 2783
f 3834 2253 730
f 4178 2620 1312
f 1005 2013 12
f 990 12 2013
f 3200 2438 5602
f 1542 1111 1288
f 5187 5400 5128
f 519 1535 2239
f 4741 2568 3582
f 4183 4569 1119
f 4394 3868 4352
f 5492 5024 5149
f 1923 1245 311
f 2845 2846 5575
f 3787 1811 2478
f 2035 1884 2036
f 3025 4542 1098
f 4708 3707 4239
f 1223 428 655
f 134 4939 316
f 2504 4910 1851
f 1323 3425 386
f 4643 5716 4411
f 2417 5317 5085
f 2448 455 456
f 1864 2115 3814
f 2857 5116 1346
f 567 5584 263
f 1594 3559 2546
f 2568 5627 3582
f 360 931 1621
f 3147 2934 1012
f 1183 1184 1293
f 1333 3238 1505
f 2486 3793 1824
f 2847 3659 1803
f 1380 1875 3867
f 4386 4535 4202
f 4142 860 3037
f 1270 4910 2504
f 1907 3537 3536
f 59 3814 2110
f 4697 1075 4616
f 5304 1369 1350
f 1318 130 841
f 107 5532 5542
f 5302 764 4025
f 2934 549 923
f 617 5526 1575
f 1864 164 12
f 2141 12 164
f 4795 3695 3368
f 4795 1387 3695
f 399 4885 1554
f 4670 4116 3361
f 58 911 1608
f 58 1619 911
f 990 5773 1135
f 5381 4607 4266
f 3102 1642 1772
f 4075 84 1850
f 3823 5646 3204
f 4892 1208 4216
f 1564 3962 4383
f 5810 4906 4223
f 1572 3804 274
f 5007 2582 3278
f 1619 1388 911
f 1439 1636 3343
f 497 1381 638
f 1324 1381 497
f 923 549 922
f 924 923 922
f 2546 3559 5812
f 687 1054 5000
f 4629 4377 4628
f 4061 5792 2636
f 2183 5879 4594
f 3447 2969 712
f 3393 4058 3177
f 4185 4711 766
f 5060 5153 4766
f 2928 324 3440
f 2348 4613 5389
f 2868 4615 3262
f 5798 1608 911
f 1673 1094 1674
f 3575 3576 1165
f 4253 4767 1312
f 3149 1387 4795
f 3699 1358 343
f 988 4120 3369
f 988 4795 4120
f 988 3149 4795
f 140 1334 1195
f 5469 4796 1863
f 5469 2726 4796
f 4154 1285 4401
f 2959 5156 5380
f 2916 2680 725
f 3602 4279 3812
f 312 4901 3408
f 3248 2844 714
f 2334 2815 3348
f 1633 1634 3974
f 2227 576 5308
f 3162 5170 5145
f 989 2114 4797
f 1690 989 4797
f 2283 2527 835
f 3792 1557 2904
f 5682 53 2095
f 4340 4106 2494
f 484 1593 3315
f 1022 1309 427
f 685 2629 3634
f 5017 3336 4658
f 3908 4367 5388
f 3323 1975 1519
f 5186 5067 5380
f 663 2739 3339
f 3382 1420 1893
f 3494 1249 5354
f 526 2579 4355
f 2742 4237 824
f 1210 5519 1667
f 3545 5554 3402
f 1562 2489 760
f 3014 2315 5255
f 707 3446 1502
f 5088 5169 5124
f 4618 3269 3926
f 5818 1686 3696
f 2040 5529 3820
f 5475 2196 5058
f 2518 3377 5192
f 3551 3201 1244
f 2452 1748 5714
f 4883 5000 847
f 2625 4030 4361
f 3129 3126 2368
f 3486 3294 3487
f 3295 5163 1336
f 2899 2256 403
f 5399 5450 5404
f 4574 5191 785
f 5862 5689 4979
f 1323 2333 5072
f 3545 2326 686
f 692 5533 2209
f 2858 5462 3779
f 3804 3358 1131
f 943 3198 2058
f 2296 1318 841
f 1668 754 166
f 4887 973 907
f 2365 339 2257
f 2917 5087 3007
f 5571 1964 4923
f 395 3978 4493
f 5675 3664 3850
f 775 4907 4138
f 1192 867 1964
f 721 3934 4492
f 3000 1804 4874
f 2665 4439 880
f 1318 4433 130
f 2766 2767 2372
f 2767 2766 5144
f 2766 2372 3517
f 1242 3821 3548
f 1077 3286 4293
f 3825 3494 1464
f 78 1152 1151
f 3742 5429 2193
f 3742 2193 675
f 2999 1091 3103
f 5797 3452 333
f 2712 5312 2488
f 4070 2451 1749
f 323 1066 3858
f 3062 4008 3681
f 2051 1432 2197
f 559 3732 261
f 5451 5016 5234
f 3133 2711 2714
f 1220 4931 643
f 4215 2694 3507
f 5434 5500 5481
f 4641 5010 5252
f 5792 2637 2439
f 1269 1939 1942
f 392 868 869
f 3522 5846 2961
f 944 2058 2330
f 5894 2192 5035
f 4490 2678 3280
f 1711 1421 2921
f 2123 2127 996
f 5849 2026 4989
f 2801 2538 1727
f 1211 3952 496
f 4115 3358 1572
f 4532 4233 5134
f 5200 4413 5171
f 2319 3907 3986
f 5031 2975 2479
f 4546 3571 3570
f 1955 4144 223
f 945 1916 3345
f 1295 2488 2026
f 3287 744 746
f 1451 2436 3753
f 2241 1805 3775
f 4309 286 4585
f 5341 5149 2771
f 3606 5237 3608
f 5155 5064 5173
f 2993 847 203
f 3880 3611 4557
f 3054 2386 2259
f 3426 1467 5603
f 2995 1591 1464
f 682 131 3180
f 5655 3350 5041
f 3173 2961 5846
f 3488 2757 2187
f 2881 2187 2757
f 4588 4510 4964
f 3073 667 3722
f 676 5671 3904
f 1791 3584 782
f 5634 1360 5875
f 1442 1451 3753
f 5460 5170 5339
f 5852 5317 2729
f 5538 1762 2066
f 5720 5438 4190
f 3001 4205 5690
f 4448 4520 2310
f 5138 5035 4597
f 2319 4765 4254
f 4470 2620 4768
f 525 3327 3798
f 135 5556 2218
f 2851 1536 1535
f 4867 2841 2509
f 1873 3135 4724
f 5068 5325 2776
f 4478 1817 4083
f 4742 2568 4912
f 1895 5802 1896
f 1126 4853 5316
f 3842 1816 522
f 2406 4573 1132
f 4794 5793 3367
f 570 1486 318
f 749 2487 3863
f 3763 1480 516
f 5122 5083 5014
f 3852 603 4868
f 4916 2613 4591
f 1349 153 969
f 3805 595 5711
f 733 1080 5540
f 2767 5429 3742
f 5637 2767 3742
f 2767 5144 5429
f 5408 5145 1423
f 5545 1785 3240
f 721 899 5228
f 5299 4947 1649
f 2257 1573 973
f 2305 5310 1986
f 3300 2595 3365
f 5464 5148 5428
f 1583 819 2174
f 5075 2649 518
f 4309 4585 4233
f 5273 4315 2889
f 112 928 1116
f 930 1885 2168
f 2877 4619 3787
f 1965 1964 867
f 3321 2929 873
f 865 953 2653
f 927 668 65
f 1706 1022 1023
f 1139 1384 1879
f 2037 817 2164
f 1320 378 2795
f 1444 2326 2167
f 4133 1233 2527
f 2174 2329 2175
f 1584 2174 2175
f 781 2660 1518
f 2504 1944 4909
f 1791 782 1794
f 5353 185 4398
f 4084 3465 5832
f 1087 3482 4635
f 5353 116 185
f 505 185 116
f 1976 3245 2164
f 2778 5454 1232
f 3260 3052 3812
f 2682 2917 5730
f 2656 2654 2653
f 3601 4344 2865
f 5804 564 1233
f 1697 2162 816
f 3747 1428 1427
f 912 2115 345
f 700 3319 2070
f 1002 803 1377
f 700 215 3319
f 1046 5174 5205
f 781 1092 2660
f 2733 4392 4460
f 2038 2164 817
f 4664 4426 5583
f 5895 5467 3518
f 2202 4732 4399
f 5455 5677 5676
f 2627 3396 5306
f 5225 2862 2479
f 5353 3870 116
f 809 5511 1683
f 2430 685 3186
f 2667 1993 1169
f 943 2058 567
f 1549 1821 2100
f 2860 4481 1817
f 2840 1516 1517
f 654 1584 2039
f 2528 27 4187
f 2329 3402 2435
f 3583 1522 3046
f 4309 4410 4046
f 1300 1833 1301
f 5652 1325 2643
f 3257 1812 4080
f 1304 1305 2038
f 3227 5564 574
f 1458 514 4605
f 1397 184 1028
f 505 554 3017
f 607 3683 3128
f 3411 4328 4435
f 3762 1476 2549
f 3614 2900 5710
f 184 3532 4398
f 29 1029 70
f 3181 29 70
f 4316 1229 1588
f 3245 3246 2163
f 5592 1937 2968
f 4282 5832 3465
f 2063 1056 3756
f 3870 3181 70
f 2528 3532 115
f 2393 28 70
f 3870 70 28
f 1338 5558 1282
f 3870 5353 1906
f 2962 2963 1431
f 2163 3246 2162
f 1697 2163 2162
f 3366 5044 1093
f 4076 3569 2654
f 3646 5029 4545
f 241 970 2008
f 3502 5415 1655
f 2473 4400 5133
f 3162 5894 5138
f 1300 2609 1619
f 1976 1788 2840
f 1846 2068 2067
f 2037 2164 2163
f 3245 2163 2164
f 5675 4444 1815
f 5766 5892 4996
f 3554 5823 4938
f 5668 4978 5334
f 2919 2026 5849
f 506 1398 1399
f 357 1299 2031
f 5170 5088 5339
f 2819 5590 3432
f 3648 2936 2082
f 388 136 1567
f 3634 2629 2431
f 455 206 456
f 545 110 919
f 831 1895 1710
f 4743 1339 1283
f 5022 5712 5051
f 2009 1822 1606
f 4751 4617 4698
f 5225 3775 2862
f 5012 5348 4117
f 5712 1712 5051
f 1111 728 1288
f 1421 5802 3019
f 207 206 531
f 206 207 456
f 1833 2516 1301
f 4143 1950 2651
f 4874 1804 1603
f 486 2503 5182
f 446 3746 1430
f 3606 5219 5237
f 5870 4163 5130
f 340 249 3835
f 4867 3580 2841
f 357 548 1299
f 249 208 3835
f 3197 2797 3196
f 742 156 972
f 4887 745 249
f 208 1748 4693
f 453 454 4775
f 454 453 742
f 1810 3662 5707
f 2265 5221 5418
f 1858 158 792
f 3305 2150 2315
f 5707 3995 3459
f 206 455 454
f 206 454 972
f 4775 4137 205
f 207 531 405
f 742 402 156
f 446 2780 3746
f 4171 647 5702
f 1722 3753 3191
f 2547 2211 211
f 4833 3489 1417
f 4394 4682 3868
f 250 4215 4868
f 4068 457 4693
f 457 405 3835
f 907 209 458
f 5714 458 209
f 3595 2866 5391
f 975 976 603
f 372 1311 1310
f 2473 5323 4400
f 5135 4334 3722
f 3792 5297 1557
f 5394 3370 170
f 3400 3193 3194
f 2466 2343 583
f 4375 3810 4082
f 1857 4880 475
f 5714 1748 458
f 745 907 458
f 4887 249 403
f 2053 5619 1632
f 650 649 5275
f 2975 4698 5708
f 5561 2257 339
f 3576 1600 1165
f 1257 2208 3553
f 1924 4263 1926
f 3864 2387 5393
f 1168 3580 3045
f 1899 1234 1235
f 1340 1992 2306
f 5516 1127 578
f 1806 4696 3861
f 144 1529 1527
f 798 252 1361
f 3864 5008 909
f 5780 1171 1343
f 4994 5767 5491
f 4478 3818 1817
f 432 121 3856
f 1396 928 5775
f 5381 573 2337
f 4660 2491 2394
f 1775 2928 217
f 913 279 3619
f 4894 434 30
f 1711 2765 3383
f 4476 5836 4512
f 5800 3511 2012
f 3679 3678 5239
f 3663 4441 2307
f 5103 5757 3168
f 620 800 1136
f 5678 4816 2418
f 3375 2314 2313
f 1817 3818 593
f 30 366 2544
f 30 434 366
f 257 1624 193
f 25 2418 2156
f 4468 25 2156
f 1945 5719 193
f 3892 2308 5872
f 5677 5465 5676
f 705 2658 2089
f 2301 4329 2449
f 5346 2426 3388
f 2523 5446 4681
f 4628 2760 4489
f 777 1769 4270
f 2293 4930 3139
f 178 1024 1896
f 1024 178 4460
f 681 3964 683
f 2641 1472 5649
f 2418 4815 2156
f 5433 5106 5233
f 508 1707 2756
f 4992 2744 5735
f 2443 364 3405
f 2656 2653 953
f 364 2443 3550
f 2181 364 3856
f 2655 5841 704
f 325 1969 392
f 2606 4989 1560
f 5342 5246 2485
f 5587 1897 5804
f 2415 2920 254
f 2497 3637 2498
f 1563 4412 5363
f 293 367 1034
f 775 5072 2333
f 5300 4063 5588
f 3190 1451 1442
f 145 4572 5737
f 1439 2795 2792
f 2864 2249 3598
f 1413 300 510
f 4668 5209 5838
f 4413 4414 5171
f 433 3200 4689
f 241 1548 1606
f 3442 3576 3575
f 5482 3519 5112
f 143 1795 2096
f 1768 5515 2224
f 4175 4245 5717
f 2809 1249 5402
f 4431 3910 5726
f 524 1605 2931
f 3976 3668 2674
f 836 840 4432
f 2919 1295 2026
f 1478 948 1846
f 2517 5345 5192
f 1936 3317 3561
f 3642 5813 5761
f 4935 2324 4934
f 1201 5629 962
f 1742 5426 5565
f 2588 246 4880
f 2885 2677 3676
f 3462 4280 3470
f 2078 4273 3230
f 2528 4187 3528
f 1467 4951 1749
f 2573 5628 4149
f 1622 555 1699
f 1458 4605 4261
f 5154 4957 5203
f 4376 4625 2275
f 882 1986 4147
f 5007 4756 2291
f 4882 813 5770
f 516 2069 5538
f 779 4548 3650
f 4054 4367 3908
f 3298 5082 4449
f 3840 3812 3052
f 2812 1747 3418
f 3026 5601 5291
f 4974 3453 1172
f 3029 2258 3964
f 5850 4986 2491
f 5248 4127 4244
f 5462 4317 5357
f 5352 5279 3749
f 5445 5106 3153
f 2263 2313 2314
f 4944 5762 2423
f 5343 1191 5683
f 5003 3992 1523
f 1448 945 2400
f 3960 1374 3067
f 1206 534 3687
f 5356 2566 3498
f 580 3800 4921
f 1329 1956 4921
f 287 4125 647
f 4023 543 5312
f 3259 2973 1815
f 2937 3801 1645
f 755 3064 4962
f 3333 3621 496
f 5304 5541 1867
f 721 723 3934
f 388 1760 136
f 3837 3004 490
f 1351 3008 4119
f 180 814 1302
f 4969 1148 5160
f 1413 5617 2044
f 643 4931 285
f 4483 2353 4617
f 96 600 155
f 519 3782 2384
f 665 4709 4174
f 2448 2543 455
f 1411 5135 3723
f 1361 1182 348
f 3023 5365 4957
f 2609 2610 924
f 1518 2660 1789
f 2959 4982 5423
f 4389 2587 4575
f 2870 3830 4618
f 3603 3831 4279
f 4161 3056 2931
f 3987 5224 4773
f 506 119 1884
f 4870 1240 2540
f 1223 655 1623
f 241 1606 970
f 2433 1720 1724
f 1826 1609 1559
f 1959 5834 864
f 3869 5151 4977
f 5852 2729 3376
f 2926 4939 2927
f 4392 5572 4459
f 5536 4139 4873
f 87 2077 2650
f 1109 3798 4305
f 3110 3040 5808
f 329 2562 712
f 1895 1896 2956
f 3811 5865 4209
f 2676 3675 5119
f 507 4595 4127
f 2833 869 3110
f 1839 376 1908
f 2885 2363 2677
f 2222 391 1125
f 1230 511 1588
f 1421 3019 2921
f 732 968 1083
f 4747 4077 3861
f 599 1288 728
f 3681 4008 5495
f 1351 4119 2592
f 1661 5038 5611
f 5833 5365 3490
f 2138 5679 4872
f 3340 562 4360
f 5704 4198 1344
f 5186 1232 5454
f 3192 3542 2433
f 1622 929 1621
f 1087 5848 3482
f 3848 4198 3662
f 561 3847 3489
f 2563 2929 1512
f 5206 3745 2779
f 465 3220 1487
f 4205 4204 3818
f 1771 4016 3436
f 3878 896 2482
f 2839 877 5607
f 2750 4466 4247
f 4439 1790 5627
f 391 951 213
f 5556 2020 2218
f 2048 2198 5366
f 5761 2212 5461
f 2267 1148 5093
f 3955 3796 5382
f 4364 4039 3285
f 3355 4444 5675
f 3922 2352 4750
f 5593 3442 3234
f 1864 345 2115
f 4980 4805 4932
f 3300 3362 3129
f 283 3013 3304
f 3367 3511 3509
f 5532 1003 1875
f 1122 685 3634
f 3680 4576 4577
f 87 858 5283
f 5274 816 289
f 4870 1461 1240
f 1944 5283 858
f 1241 203 5018
f 1529 5575 2846
f 2576 2385 3841
f 5781 63 108
f 4709 3972 4533
f 1080 904 1084
f 2139 5768 545
f 1513 3240 5594
f 4202 3355 3851
f 3673 3892 5872
f 1255 2996 4342
f 1087 4633 4521
f 4519 4307 4186
f 5675 1815 1814
f 5571 4923 1330
f 4067 437 2638
f 1746 3554 1747
f 5249 4769 2772
f 3028 3537 2531
f 1108 876 2564
f 1270 1943 3766
f 4262 1462 1924
f 5861 4286 4003
f 1239 843 1047
f 3670 2978 4089
f 4550 782 3584
f 4739 4330 2505
f 5343 697 3219
f 4395 4663 3024
f 3261 4478 4083
f 4103 3847 561
f 1496 777 2645
f 3514 2719 5817
f 5281 5321 2533
f 2312 3136 1385
f 1890 2160 814
f 170 3370 1002
f 2973 1814 1815
f 1239 2793 2923
f 3699 5045 1358
f 5806 1237 5867
f 3298 3121 5082
f 3977 594 5871
f 1379 999 636
f 4796 5468 3510
f 4796 3148 5468
f 378 1724 2203
f 1030 932 430
f 3698 1358 5045
f 2150 3698 5045
f 1215 636 804
f 4306 4021 1110
f 989 2113 5631
f 989 1690 2113
f 2788 2283 4895
f 1690 4797 3626
f 1974 781 1518
f 301 4539 2760
f 1525 3244 2340
f 4177 4321 1313
f 3776 4941 1074
f 1359 5344 613
f 4143 2830 1950
f 4386 5183 4535
f 143 883 2571
f 3255 1284 1997
f 888 3592 960
f 520 4354 3324
f 1536 1853 2238
f 3046 2471 394
f 5536 3348 2815
f 5620 2057 3091
f 1683 919 1095
f 1802 1602 1073
f 2509 1979 3584
f 526 1109 3057
f 4310 3174 2429
f 2932 4513 4557
f 2963 303 2788
f 2555 1949 1952
f 392 1969 3650
f 465 1487 1931
f 3695 2110 3368
f 3790 728 1111
f 3258 3832 3928
f 258 3972 5189
f 1378 2029 1377
f 5850 1625 5121
f 5341 1424 5061
f 4011 4270 4271
f 5561 3970 1573
f 4071 2456 5461
f 5706 5739 4276
f 1089 4347 4508
f 919 110 1095
f 5768 5616 110
f 1493 1497 2826
f 1524 4867 1980
f 3365 3689 608
f 2279 2369 630
f 665 2744 5189
f 700 318 1486
f 5207 2845 2942
f 1922 5602 2637
f 5342 747 5246
f 4719 5884 3097
f 1375 5280 3866
f 793 5512 158
f 3655 2402 1336
f 2644 1929 3035
f 3271 2290 4090
f 4741 2288 4912
f 5406 3021 3161
f 5873 4163 3674
f 4517 5582 4359
f 1191 3433 2064
f 2687 3330 4562
f 5427 5496 5146
f 5080 5114 5090
f 5741 3921 3997
f 4500 4738 4846
f 5251 4500 4846
f 2506 1334 582
f 4400 885 5133
f 4534 4382 4105
f 1331 953 865
f 2260 2584 4656
f 4456 4023 5312
f 775 4138 1593
f 3672 3828 3669
f 5172 2774 2775
f 4696 4612 4312
f 5356 2231 4946
f 5351 2609 924
f 3126 1862 3956
f 4696 3827 4612
f 2307 3115 3848
f 1711 2935 2765
f 1349 2100 1855
f 3982 5802 1421
f 5262 3384 5499
f 599 2253 3834
f 2210 5322 1260
f 3344 3090 5621
f 2041 5529 657
f 1155 2054 1154
f 5631 2113 1359
f 5725 5673 4569
f 4078 5696 3454
f 1430 3746 3745
f 226 4330 4193
f 1142 1401 1400
f 2672 2947 5728
f 278 2112 5350
f 2484 2407 4117
f 4375 3461 3053
f 4603 4423 2048
f 1686 3149 988
f 5615 4892 3332
f 5541 1370 1828
f 4696 4312 3861
f 283 3515 3013
f 5631 4892 2366
f 4547 3571 2557
f 1940 5403 1945
f 2583 5048 3281
f 3971 922 549
f 4409 4644 4172
f 4409 4172 4472
f 2430 3185 3397
f 3407 265 3406
f 553 4644 4409
f 589 3802 4924
f 2981 3475 2276
f 1959 1958 5834
f 2356 2978 3670
f 4278 3460 2979
f 5017 2611 4024
f 5469 3301 5350
f 1881 5469 5350
f 3515 1881 5350
f 988 3369 3696
f 1686 988 3696
f 4961 1791 1794
f 278 5350 3301
f 1787 1521 2565
f 3214 3559 1594
f 5007 2291 2582
f 1881 2726 5469
f 4391 1664 5691
f 2938 3991 581
f 3013 3515 2150
f 1586 1889 2616
f 4796 3510 1863
f 4602 4396 4663
f 3273 4091 2275
f 5445 4588 4964
f 4939 1637 2927
f 1689 3014 5256
f 1006 59 921
f 59 164 3814
f 59 1006 164
f 2383 2661 878
f 1864 3814 164
f 2299 2444 4901
f 1634 1719 4260
f 888 3048 1342
f 4420 5673 4421
f 180 256 814
f 5381 320 4607
f 3827 5389 4613
f 369 1836 1117
f 2769 5750 3518
f 734 904 1080
f 1006 2141 164
f 1453 1054 2205
f 4867 2509 1980
f 4407 3337 479
f 912 345 616
f 1747 3554 5647
f 292 1033 3820
f 1613 2604 2603
f 1046 2777 5174
f 1267 2338 952
f 2890 720 5164
f 2135 106 172
f 2088 1778 4033
f 343 1357 615
f 3870 1906 683
f 758 3010 2370
f 3247 4911 1793
f 5501 5428 5398
f 316 2926 5679
f 3599 2864 3598
f 3982 1421 1711
f 393 1520 2093
f 872 1105 2341
f 5565 5426 1740
f 1612 2605 5849
f 3385 5453 5147
f 4231 5253 2033
f 5871 3670 4089
f 1042 4539 301
f 3000 1199 1804
f 1246 2377 3205
f 3520 4600 5436
f 1201 962 783
f 3859 3107 3990
f 4253 2620 4470
f 2654 863 2653
f 2990 2045 481
f 886 4988 2574
f 3099 5823 3554
f 5671 4336 3904
f 5751 5573 834
f 894 4555 4151
f 5798 2366 5615
f 1802 3453 1602
f 5174 5206 5157
f 2644 696 4528
f 3885 3520 5436
f 3885 5436 2033
f 2340 1166 3444
f 4336 3983 935
f 417 351 478
f 4180 4027 5582
f 1866 2710 5546
f 2989 4893 1871
f 1457 689 5584
f 4262 1924 1923
f 1400 1222 120
f 4938 5823 2813
f 3322 873 2929
f 1410 5755 3720
f 2650 2077 2074
f 3326 4483 4160
f 3810 3462 3470
f 132 376 377
f 1215 804 1676
f 4968 5100 5064
f 3631 4768 4419
f 356 4582 2950
f 4190 3568 3874
f 1784 5658 1648
f 5498 3857 5386
f 2357 896 5130
f 1482 1103 1261
f 1983 1796 588
f 4166 4403 4291
f 139 3111 3238
f 775 484 5072
f 4960 4468 3383
f 5225 5697 3775
f 2092 3113 2091
f 2333 3756 4907
f 2493 5703 3074
f 4439 3046 394
f 4480 3817 3665
f 2241 2098 1805
f 963 4038 5239
f 5386 3857 5254
f 2383 2469 1517
f 3825 1464 4902
f 5772 2598 2707
f 1210 916 1366
f 3130 1574 2514
f 2825 1937 3954
f 3159 4335 4251
f 3430 5649 2459
f 4952 4169 4170
f 2615 4882 2161
f 3529 768 769
f 1911 1919 1918
f 2079 5753 3230
f 5021 5497 1712
f 388 4918 2065
f 2089 4777 4192
f 215 1161 4908
f 1224 440 369
f 131 1437 3180
f 716 1200 1804
f 1499 1127 5516
f 559 261 1310
f 1656 2007 1547
f 2894 2895 97
f 5302 5305 4823
f 4822 3963 828
f 1743 2638 4692
f 2995 3413 1591
f 5491 5766 4995
f 2494 3075 5040
f 2290 3271 5005
f 2962 2324 4935
f 624 495 801
f 4184 4771 3815
f 323 2648 1066
f 4314 4281 2874
f 2982 2276 3475
f 1104 5836 1769
f 3884 4230 4816
f 4642 4582 356
f 4408 4997 3165
f 4408 3165 2490
f 1594 2546 1259
f 3299 1572 274
f 4571 4567 4418
f 5029 5308 4273
f 373 2935 5336
f 4469 373 5336
f 2591 4562 1658
f 3648 2082 2829
f 2901 3007 4118
f 2836 3441 3233
f 4967 4471 4172
f 4967 4172 4346
f 4319 4757 897
f 5331 5162 2782
f 3065 3513 4509
f 1852 1196 3656
f 5492 5149 5340
f 5373 5185 5232
f 5735 4242 5376
f 1096 4013 4590
f 2418 2733 4815
f 4955 5083 5122
f 5013 4949 5760
f 3261 1174 4614
f 4471 4056 4172
f 5223 4771 4184
f 5602 2438 2439
f 4190 5438 3568
f 754 417 478
f 2238 1853 891
f 1498 1486 2220
f 580 4922 3801
f 3443 710 2464
f 1808 4555 894
f 1525 468 1070
f 5540 1070 468
f 5230 5570 4009
f 5570 5230 693
f 1525 2340 468
f 2201 45 4399
f 3881 5332 898
f 3987 4773 3910
f 5465 5067 5115
f 4627 3120 2884
f 1959 862 2652
f 4044 5085 3853
f 3040 869 868
f 3788 5042 3611
f 2256 404 403
f 3824 5645 1251
f 3273 3999 2677
f 4040 5730 2902
f 4629 4628 4489
f 487 3657 2233
f 5578 3581 1523
f 1146 2957 4681
f 1349 1549 2100
f 3842 2930 2259
f 298 1408 4650
f 716 1170 715
f 596 3360 2262
f 3663 3662 1810
f 5177 479 2392
f 357 5361 3374
f 2993 203 3548
f 1404 3898 1700
f 4421 4322 5384
f 3215 3316 3759
f 433 3405 362
f 433 362 431
f 1426 5092 5129
f 493 1860 2918
f 2410 4640 342
f 1558 5793 2915
f 2438 4605 2439
f 719 1173 3786
f 1883 2732 1021
f 2271 5030 4975
f 4756 1178 3477
f 4355 2579 3604
f 1189 2497 1635
f 5434 3020 2522
f 5343 269 1191
f 2325 3401 1913
f 3307 1426 5129
f 3620 541 2022
f 1482 270 3913
f 1179 5332 5226
f 849 4948 3209
f 5629 2476 3667
f 5531 637 1003
f 38 5635 4283
f 5635 38 1040
f 1370 540 1869
f 5428 5148 5179
f 1785 1569 1333
f 5353 4398 4368
f 1816 5030 2974
f 5247 4338 4252
f 463 1479 1760
f 2596 2988 2388
f 4723 3369 612
f 995 1366 2123
f 4956 5108 5504
f 494 3508 2389
f 3802 2941 1650
f 447 2793 4990
f 2567 2842 5292
f 3922 522 1816
f 4929 5633 633
f 4247 4764 4677
f 1276 3041 1965
f 1413 510 5617
f 1120 4060 4059
f 2271 2858 5896
f 3326 4160 3813
f 676 3904 4469
f 3231 2831 2832
f 5552 2732 829
f 4329 1845 3096
f 4977 4352 5435
f 5236 3598 5217
f 5004 2858 4975
f 5003 4911 3247
f 3978 4116 5377
f 2251 2004 902
f 5121 4566 4986
f 4628 2886 2759
f 5898 5033 5364
f 301 1891 4129
f 3276 2363 2886
f 4440 1339 5692
f 1319 1565 1188
f 1911 3311 5535
f 268 5307 2640
f 5893 2862 4941
f 445 5762 4839
f 4703 445 4839
f 5052 4002 5265
f 5053 5052 5265
f 2933 5165 4859
f 130 1436 1317
f 3704 1880 1217
f 2646 1641 3318
f 5451 5070 2374
f 2343 5624 583
f 2741 4986 4566
f 4042 1673 1674
f 5049 2585 4838
f 5404 5049 4838
f 932 657 430
f 4046 286 4309
f 3888 3347 317
f 788 2101 154
f 3844 3839 4349
f 875 2565 2564
f 635 3895 2370
f 4497 4576 5411
f 5052 5861 4002
f 2753 4126 4241
f 5583 4177 1313
f 1182 350 349
f 3976 3359 4331
f 5742 4838 2585
f 445 4858 4840
f 5487 445 4840
f 5251 4888 4500
f 2844 1652 714
f 2855 3809 719
f 4897 5815 2474
f 878 781 1974
f 3828 3265 2868
f 4703 4094 5210
f 775 1593 484
f 2511 4857 5886
f 2776 1046 5180
f 5052 5898 5264
f 5052 5264 4286
f 1124 5664 2463
f 3126 3956 2368
f 1173 4313 2478
f 5898 5494 5033
f 5665 5544 1164
f 1075 2866 4616
f 5206 2524 5157
f 1768 1264 5515
f 714 1652 5575
f 4678 371 2744
f 5812 3641 5649
f 586 1129 4194
f 3300 160 3362
f 4934 2198 2783
f 3418 1747 3416
f 5806 4917 1237
f 4700 5507 4378
f 2711 4963 4798
f 1463 4434 3413
f 4048 501 4047
f 3846 4823 2748
f 3844 2517 3154
f 360 1621 929
f 2391 3132 343
f 4631 4655 3786
f 5540 1080 1081
f 4565 3071 3069
f 4888 3615 2589
f 4095 2408 2987
f 5399 5404 4838
f 3464 2863 3264
f 1924 1462 4263
f 5127 5155 5173
f 1856 2008 788
f 5341 5171 1424
f 5765 5053 5265
f 445 5487 5023
f 5052 5053 5898
f 707 2939 3768
f 5052 4286 5861
f 3880 4557 3282
f 5065 5015 4950
f 1228 5883 5638
f 5169 4679 5124
f 3910 4324 5726
f 3340 4360 4662
f 1914 2325 1913
f 2250 5267 5273
f 5767 4994 5267
f 1357 2948 611
f 3743 5264 5364
f 3743 3612 5264
f 2889 2250 5273
f 3661 2348 2853
f 1142 822 1401
f 1285 1284 895
f 2869 3828 3672
f 5577 4959 3682
f 3682 4959 5743
f 3212 3682 5743
f 5281 447 4990
f 3219 697 159
f 2373 5319 5166
f 2383 331 1601
f 4789 2106 5290
f 4789 1057 2106
f 2505 706 4739
f 5760 5496 5497
f 1057 5555 2106
f 2107 1 2685
f 2107 5650 1
f 2914 5611 2594
f 486 4438 2503
f 3005 4363 4448
f 3337 2731 2392
f 408 1 157
f 4972 157 1
f 4201 3116 4200
f 2106 978 493
f 2106 5555 978
f 3308 2281 3023
f 5324 5692 4197
f 1754 3428 4790
f 5571 1192 1964
f 3218 2819 3432
f 4792 3362 5360
f 1058 4792 5360
f 3204 4065 1737
f 4652 4653 3024
f 1082 968 967
f 3860 1991 1527
f 5799 2626 3632
f 2451 315 1749
f 2406 1132 4308
f 1638 5650 1156
f 1918 1451 3190
f 2470 2345 394
f 3578 956 1512
f 2107 2685 609
f 4777 3232 1781
f 3073 4334 4596
f 2300 3093 4327
f 3261 4614 4343
f 5298 1645 2938
f 4548 779 1966
f 4822 5248 1225
f 849 1324 3867
f 4641 3681 5010
f 408 159 277
f 5577 3958 2913
f 748 4503 4504
f 4197 4743 1995
f 3277 4629 2582
f 4788 4789 1859
f 4788 3215 4789
f 3279 4700 4378
f 3483 5862 5431
f 2188 2317 560
f 3428 2455 4791
f 5886 1540 5838
f 3840 1998 3812
f 3289 2485 5246
f 3215 1057 4789
f 1735 3093 380
f 2239 1536 1073
f 2552 218 1942
f 679 677 5779
f 2152 2611 3151
f 4562 3330 1351
f 802 2127 2123
f 3104 4032 3224
f 1320 3343 942
f 3485 5609 533
f 2101 1822 1554
f 650 651 649
f 3126 609 1862
f 5281 3752 447
f 3539 3186 5785
f 4791 3504 2686
f 4790 4791 2686
f 4790 3428 4791
f 3429 5590 694
f 4261 2438 2207
f 1515 3239 1973
f 64 2955 1220
f 1770 4270 1769
f 2205 1054 687
f 3217 1058 5651
f 4620 4283 2878
f 2515 1579 5579
f 278 3131 797
f 2591 2105 5311
f 374 2621 2046
f 4787 4788 3125
f 4788 4787 5537
f 4565 3712 1019
f 1252 1740 2379
f 1459 3547 4261
f 2077 578 2074
f 3734 3516 3740
f 1784 1648 708
f 4914 1620 409
f 638 2209 5533
f 751 2594 3689
f 2130 351 1366
f 64 643 174
f 4606 64 174
f 64 1220 643
f 1319 3189 1442
f 5727 3640 5687
f 5011 5439 4412
f 2103 1369 801
f 7 533 5609
f 284 7 5609
f 4793 2107 609
f 4793 1156 2107
f 980 1861 2513
f 5593 3576 3442
f 3646 4545 1774
f 5249 2772 1229
f 1271 1949 2553
f 4733 514 2635
f 925 284 5609
f 4488 2276 4210
f 4903 3970 746
f 2682 2487 749
f 2427 5180 5205
f 4393 5193 4350
f 1454 2435 2059
f 2670 3355 4202
f 2446 1732 4137
f 3788 1539 4780
f 2219 569 5557
f 589 1798 4925
f 936 1429 2048
f 5218 3328 3878
f 4972 3219 157
f 4639 5495 4008
f 3213 2642 3559
f 2686 493 978
f 3133 3621 2023
f 5447 4749 3967
f 2933 4559 4167
f 3214 3213 3559
f 5415 2406 1655
f 3223 2826 1126
f 3904 4336 935
f 3213 1753 2642
f 859 5605 1946
f 1753 4784 2270
f 947 3975 568
f 947 568 7
f 284 947 7
f 947 64 3975
f 64 947 2955
f 947 284 2955
f 1534 3659 488
f 3836 908 3288
f 5132 4245 5248
f 3410 1463 1462
f 2584 4669 4656
f 1177 4778 3276
f 3289 3616 2485
f 5457 5241 2773
f 1210 2021 916
f 912 616 5526
f 2857 4446 2945
f 4230 4680 4817
f 166 5508 279
f 3124 3480 4300
f 1261 1484 1483
f 4600 3520 1231
f 1549 155 1550
f 5075 518 1160
f 3689 2594 5610
f 4261 4605 2438
f 5759 4671 4303
f 1642 703 3320
f 5893 5885 5031
f 5197 178 1896
f 5685 5671 5059
f 149 787 474
f 1706 255 65
f 3272 1176 4755
f 4757 3932 897
f 102 2115 619
f 292 432 1403
f 2253 1347 726
f 4471 4967 5736
f 4422 5094 4424
f 2887 4630 2364
f 4955 1422 5050
f 5253 3885 2033
f 3304 4583 1880
f 180 1302 2034
f 4177 3630 4321
f 18 1363 622
f 18 637 1363
f 3458 3457 3919
f 4997 5736 3165
f 5367 2060 1727
f 3143 4563 1387
f 4346 4172 4644
f 736 4885 735
f 114 2615 2161
f 4871 1240 2994
f 5474 3519 2280
f 4337 3984 4728
f 3884 5059 4680
f 3884 4680 4230
f 5039 2033 5436
f 3526 1435 1631
f 841 130 131
f 610 2597 347
f 4408 5039 5436
f 4600 4408 5436
f 5772 2703 613
f 550 2608 5277
f 1179 4492 4669
f 5075 2074 2076
f 4599 5253 2032
f 4362 2875 3670
f 4599 4337 3885
f 4599 3885 5253
f 5549 5287 3139
f 707 2229 3445
f 788 970 2101
f 5588 4063 4774
f 5404 5450 5472
f 3383 2765 935
f 552 2613 2614
f 1525 5660 3244
f 2765 373 935
f 3904 935 373
f 3904 373 4469
f 5197 4468 2156
f 3627 2614 2613
f 3737 1310 2617
f 2776 5325 4970
f 4136 4061 5244
f 4619 2877 2358
f 4960 3383 935
f 4960 935 3983
f 5385 2742 824
f 2733 4460 4815
f 1561 546 2141
f 5611 5038 5610
f 3827 4613 5077
f 4815 4460 178
f 2480 3463 3862
f 4815 178 2156
f 5197 2156 178
f 2715 1184 756
f 4468 5197 3982
f 5802 5197 1896
f 2612 2032 4817
f 2612 4599 2032
f 4599 2612 3984
f 2612 4817 4680
f 4598 2612 4680
f 2577 4975 5030
f 2612 4598 3984
f 3112 3652 1277
f 25 4468 4960
f 25 4960 3983
f 1806 2852 4696
f 3378 4816 4230
f 5798 5615 1608
f 4337 4728 4541
f 4590 2032 5253
f 4598 4680 1145
f 4600 4997 4408
f 1186 3624 1297
f 5685 5678 3983
f 3997 4750 2352
f 1404 933 3898
f 2043 4596 4049
f 598 4116 4039
f 5685 5059 3884
f 13 2130 2129
f 3858 13 2129
f 3171 5094 5485
f 5754 5365 3023
f 2036 817 2037
f 1829 1828 1292
f 1484 996 1483
f 4535 5183 1345
f 1716 1430 3310
f 1561 4642 546
f 2962 1716 303
f 3859 702 5235
f 1321 567 2058
f 836 3528 5352
f 5830 3604 2579
f 2086 2085 5748
f 3471 4089 2978
f 3498 1979 3770
f 625 4122 2713
f 4854 1108 1278
f 866 1500 5814
f 1709 1227 300
f 330 1972 3448
f 1672 1137 4333
f 1153 2789 4877
f 5122 5014 5021
f 2618 3732 3731
f 2882 3731 3732
f 2843 2663 2234
f 4733 5295 514
f 3647 1644 577
f 1172 3453 2236
f 2860 593 1130
f 4018 3796 3955
f 2750 507 3072
f 4376 2882 4624
f 3719 363 1033
f 1173 3809 4313
f 3169 5395 5161
f 1920 2436 308
f 3124 4633 2908
f 4729 4604 3177
f 3653 871 1968
f 361 186 430
f 2678 4647 4450
f 4078 3456 5696
f 4924 1987 1798
f 5738 3454 2475
f 4651 5259 2747
f 3439 3990 3107
f 4881 248 2898
f 2356 3670 2875
f 3394 5573 4686
f 3731 2882 2360
f 3305 2315 548
f 2452 2454 5027
f 1446 3400 3194
f 4915 644 4931
f 3789 2891 786
f 4571 3076 4029
f 4440 3658 1339
f 5135 1704 3720
f 1273 1953 1952
f 5573 5751 4686
f 4417 5090 3630
f 5535 2797 3197
f 13 914 2130
f 2881 2580 4754
f 4049 4932 4651
f 2869 3265 3828
f 3158 4467 4247
f 4243 5121 1625
f 834 5700 4397
f 3326 2386 4483
f 4014 5883 1228
f 606 5816 3683
f 1291 752 4455
f 293 5530 363
f 197 1703 436
f 1638 2335 5652
f 3956 1354 4357
f 1006 921 1561
f 4146 3767 2558
f 1710 2371 831
f 2523 1228 5446
f 753 2015 538
f 2882 3272 2360
f 546 1617 1216
f 4387 2876 2357
f 423 22 5479
f 5746 4679 5086
f 3031 2536 1589
f 4346 4643 4410
f 2882 3732 4624
f 882 4147 4148
f 1941 324 2928
f 4984 3107 3859
f 650 3806 651
f 469 1789 5163
f 2884 2362 5831
f 4629 2277 4377
f 5389 2852 3807
f 1237 4368 4398
f 3049 1342 3914
f 198 2521 4241
f 107 5781 1830
f 3228 5379 1016
f 5177 3336 479
f 679 3632 3524
f 290 5274 651
f 3014 548 2315
f 54 3938 335
f 3412 1925 4264
f 5145 5058 1423
f 3661 1996 1853
f 5853 3707 4708
f 1249 5695 5402
f 1604 334 3325
f 1568 5303 1643
f 865 1954 3038
f 3220 465 389
f 3331 606 2593
f 4495 5667 900
f 1191 2064 5683
f 971 2681 475
f 3842 522 2930
f 5194 5379 3036
f 2119 5523 5546
f 4203 3817 3850
f 5810 2950 5877
f 446 1716 4935
f 22 1016 5379
f 1016 22 423
f 4944 4839 5762
f 4754 2187 2881
f 4936 2296 2284
f 3169 5156 5157
f 1059 4846 1475
f 4172 4056 4472
f 1911 3197 1919
f 541 2600 2292
f 5293 637 18
f 3720 1035 1410
f 3099 3424 5823
f 3894 5280 1375
f 3869 4977 511
f 1871 4893 543
f 5125 5204 5126
f 3015 179 1395
f 5508 539 61
f 148 473 787
f 598 4003 5377
f 4208 5865 3811
f 90 1164 3352
f 5639 3636 3637
f 4186 4029 3076
f 4735 2638 437
f 3655 272 2402
f 3595 3596 2289
f 1042 301 2189
f 475 246 739
f 4904 5247 4252
f 4904 481 5247
f 1273 1952 2830
f 3712 4565 4707
f 1839 771 376
f 4797 2705 5257
f 3626 4797 5257
f 90 3768 1164
f 346 104 619
f 4156 3053 2349
f 2454 4873 5027
f 4600 4684 4997
f 34 823 1886
f 2442 3404 5811
f 5273 5265 4002
f 1988 885 5857
f 2543 4371 2446
f 4163 4623 3674
f 34 1886 71
f 2560 34 71
f 5112 5168 5024
f 3485 533 4959
f 5215 1712 5214
f 3578 1512 2929
f 1526 2566 3585
f 4372 1740 2378
f 5079 2265 5136
f 849 3209 1324
f 1835 1701 295
f 1449 2436 1920
f 361 430 429
f 1046 5752 2777
f 1635 1722 3191
f 3824 3206 5646
f 2492 2618 3488
f 3181 1443 1444
f 1139 1684 1095
f 4264 2809 2447
f 2960 5758 5158
f 5879 4538 4594
f 2605 2919 5849
f 4548 1966 3040
f 684 1443 2258
f 3266 2870 5723
f 3537 771 1839
f 4778 2309 5006
f 5187 2281 3308
f 3869 3984 5151
f 610 3692 2411
f 2036 1884 119
f 1667 1363 1371
f 878 1974 3323
f 1959 864 1274
f 5286 563 3078
f 5289 1254 4543
f 5435 4339 4540
f 1037 5194 3036
f 5194 1037 4594
f 3167 2775 5202
f 2937 580 3801
f 2960 5159 5758
f 4312 2848 3861
f 4948 317 3347
f 4660 258 371
f 5393 4843 3864
f 583 2508 5626
f 2888 1040 38
f 5299 4911 4947
f 830 5635 3726
f 3726 5635 1040
f 2588 156 402
f 2380 5027 5589
f 4944 5449 5767
f 4393 5373 4584
f 1852 3354 142
f 1499 1329 579
f 18 253 5293
f 5150 4254 4765
f 38 4487 2248
f 38 2248 2888
f 474 2006 1079
f 5150 4765 2619
f 5168 5457 4966
f 3220 1488 1487
f 1140 2140 759
f 3226 1641 2826
f 1034 31 435
f 640 1007 2140
f 4341 5413 5695
f 2563 3449 713
f 5316 4853 5653
f 4614 4479 4343
f 2242 2474 5815
f 4632 1077 1076
f 3251 1603 4897
f 1461 2442 3407
f 2515 5579 810
f 577 1163 2076
f 798 537 252
f 1348 1656 5787
f 2142 5784 20
f 2140 2142 20
f 2431 5640 3187
f 2140 20 850
f 3607 527 4356
f 970 1606 1822
f 3798 3327 4162
f 1095 1684 808
f 2082 2831 5747
f 5762 5023 5891
f 955 1510 1786
f 507 2421 4595
f 2143 4595 2421
f 3869 511 1230
f 2143 2745 4595
f 2745 2143 3303
f 4881 5567 5518
f 1204 250 3865
f 4268 3561 2224
f 5491 5892 5766
f 4944 5767 5268
f 2354 4282 3465
f 960 4112 1197
f 1842 4774 3092
f 1655 3120 5705
f 102 619 104
f 837 1150 4134
f 345 1135 616
f 1321 2633 264
f 4984 3036 3228
f 3176 2735 1026
f 4047 1026 2735
f 346 101 100
f 31 4735 437
f 31 437 435
f 927 65 255
f 2707 2598 614
f 2322 4423 4323
f 3254 3667 2476
f 3147 2723 2724
f 49 3440 1481
f 1715 125 678
f 2608 2724 5314
f 4559 4859 4288
f 4859 4841 4288
f 1065 4832 322
f 2864 3263 2249
f 2732 1694 1021
f 1471 515 3211
f 4081 3462 4375
f 4007 4637 5431
f 362 291 431
f 3512 3065 756
f 941 3526 5744
f 2735 4048 4047
f 2786 2735 3176
f 328 1506 329
f 3065 2715 756
f 951 1063 1849
f 2204 1818 448
f 3184 2204 448
f 3640 1735 5687
f 2707 614 1574
f 5848 4636 3482
f 3514 629 1672
f 5773 2013 2014
f 1682 2014 2013
f 2014 537 5773
f 2101 1554 1556
f 4973 1936 4072
f 1739 3206 4066
f 3270 2482 2977
f 2703 1359 613
f 2455 2818 1058
f 327 1105 872
f 1952 1953 1957
f 5862 4099 5689
f 160 5360 3362
f 5360 2455 1058
f 4045 5193 5167
f 4283 3727 2878
f 4579 5104 4514
f 5689 5730 4040
f 786 2891 2916
f 1562 5277 2489
f 963 5239 3678
f 1494 5829 4272
f 3004 3811 4209
f 3725 322 4832
f 4875 3725 4832
f 1922 3405 4689
f 940 1434 1435
f 1453 2205 2432
f 4181 5092 2622
f 4568 3174 4310
f 1081 1070 5540
f 4099 5730 5689
f 5605 859 2553
f 766 2624 3076
f 567 263 3091
f 5076 3860 4913
f 5756 5330 4981
f 5647 3554 4938
f 638 1381 2209
f 4274 3889 4947
f 913 3619 536
f 4740 2559 2560
f 5764 4981 5330
f 4642 1186 1297
f 3656 878 2661
f 149 472 787
f 4997 4054 5736
f 1425 2774 5172
f 5385 5097 2742
f 5879 4676 2520
f 34 5551 823
f 5712 5021 1712
f 1006 1561 2141
f 214 1765 319
f 964 4779 3929
f 912 5526 101
f 3361 4116 3978
f 1299 761 2031
f 3332 2708 2709
f 3228 3439 3107
f 3801 4922 3991
f 4586 4587 811
f 4777 1781 4033
f 5754 3023 2281
f 1411 3725 4875
f 4143 5887 2830
f 1489 1158 318
f 5545 3240 2401
f 4476 1935 5836
f 1914 844 2325
f 49 3287 217
f 2928 49 217
f 63 638 805
f 5798 2114 2366
f 3852 975 603
f 4379 2216 5297
f 5401 2374 5158
f 1243 1729 2376
f 3048 3590 3250
f 1097 557 1887
f 4133 3310 1430
f 5250 5202 5242
f 320 2967 4607
f 2300 4326 3093
f 2836 3233 2835
f 5020 675 673
f 813 1309 1396
f 2073 1162 5303
f 4481 3463 2272
f 2401 1514 954
f 2481 2871 3269
f 4074 5235 702
f 5875 2708 4074
f 5875 4074 5288
f 5044 4074 2708
f 5288 4074 702
f 5827 5634 1389
f 3843 53 5682
f 4478 4206 4205
f 3763 516 1479
f 5637 3742 675
f 3565 9 5288
f 1616 1831 1832
f 4136 5244 4691
f 58 413 1619
f 58 1360 413
f 5066 5470 4971
f 941 2790 1436
f 1405 2182 1889
f 5368 2754 3222
f 5368 1626 2754
f 3222 2754 4271
f 152 1083 968
f 825 4174 2743
f 1124 2217 387
f 1895 2956 5636
f 2269 838 939
f 2430 2629 685
f 1182 349 348
f 5213 5425 5828
f 361 822 186
f 552 2614 5188
f 5188 2614 5890
f 4708 4533 5853
f 1092 1196 3497
f 3004 4209 3121
f 5347 4491 5724
f 3629 673 260
f 945 3345 2400
f 1618 2293 2145
f 2158 3523 179
f 4414 4178 5190
f 4394 4352 4014
f 5774 1485 1261
f 1503 3236 2382
f 1833 5827 2516
f 1655 2406 3120
f 521 3325 1997
f 700 2070 318
f 1725 1589 306
f 5738 2475 1808
f 4243 934 5095
f 773 2498 3636
f 2768 5421 5146
f 10 3971 5257
f 10 5257 344
f 10 344 5351
f 497 638 63
f 5686 4219 4507
f 5899 4607 2967
f 4490 4668 2678
f 5899 2186 4973
f 2186 5899 4511
f 2216 4379 5562
f 2216 5562 1481
f 4530 2409 5231
f 5701 3840 4154
f 1362 346 100
f 4219 5686 3950
f 3261 4206 4478
f 3028 3533 3084
f 1241 3548 203
f 4246 2186 4511
f 1814 5715 2350
f 1276 1965 867
f 2089 2658 4777
f 4777 2658 3232
f 4476 2223 1935
f 3648 4920 2936
f 4126 4726 198
f 4497 5411 4365
f 49 5562 744
f 5562 49 1481
f 2159 4132 4258
f 4215 407 2694
f 2989 1560 4893
f 1395 2159 4047
f 3287 49 744
f 2443 3405 1922
f 5515 856 1849
f 5515 1264 856
f 1768 1266 2223
f 2135 2028 106
f 2110 799 5569
f 614 2514 1574
f 3535 3534 770
f 2625 4430 4030
f 4402 4702 4001
f 4558 2585 4022
f 4485 2874 2875
f 3099 2501 4265
f 4904 2990 481
f 5098 4240 1407
f 4812 2417 5085
f 111 1390 1391
f 4582 1297 2951
f 1271 2830 1952
f 4523 3713 3715
f 5835 3713 4523
f 1950 859 2651
f 1877 2015 1578
f 5053 5419 5898
f 3049 2236 332
f 87 5283 2077
f 4316 5435 4540
f 3631 4419 4179
f 940 127 1901
f 2248 3832 3258
f 2571 1279 4912
f 1453 3399 2796
f 3499 4442 1653
f 514 2803 2635
f 5299 4195 4034
f 1482 3913 1103
f 2193 5429 5387
f 4043 5890 4586
f 151 968 1082
f 3469 2976 2871
f 5547 1470 317
f 4021 3060 4319
f 4536 145 4720
f 2071 3224 4032
f 3473 4162 3327
f 3968 3473 3327
f 1886 429 556
f 1886 556 1402
f 525 3968 3327
f 1602 3453 4974
f 1602 4974 3782
f 1960 4145 3038
f 2963 2397 1431
f 2963 680 2397
f 2056 3090 3344
f 5839 4037 2262
f 5463 5427 5501
f 1699 1623 120
f 3125 3363 2311
f 1594 1259 5537
f 3316 5537 1259
f 563 5597 375
f 1170 4884 715
f 4044 1694 5085
f 1039 4812 1694
f 1039 1694 2732
f 2088 5748 1778
f 3876 2405 889
f 4684 4683 4601
f 3050 1995 889
f 1801 4884 1170
f 1276 779 2834
f 4447 5238 4035
f 4548 868 3650
f 4035 5238 3359
f 3892 5238 2308
f 4447 2308 5238
f 2010 736 735
f 3891 4331 3359
f 4331 2873 3668
f 5684 4090 2979
f 3271 2580 5005
f 348 2118 1665
f 620 1865 800
f 4121 798 1361
f 1766 1639 573
f 863 223 1954
f 1886 823 429
f 865 2653 1954
f 361 429 823
f 3243 2228 3448
f 3209 3557 1381
f 1101 3557 5536
f 3209 267 2303
f 2303 4265 210
f 3029 4879 2800
f 4138 4737 1256
f 1255 4342 1256
f 4381 4104 2992
f 2625 4361 4712
f 4604 4729 3175
f 1448 5554 2924
f 521 3840 3052
f 4354 3996 3324
f 722 4403 4004
f 5328 724 722
f 2892 722 724
f 1115 4915 4931
f 3277 2582 2291
f 1892 3738 1418
f 3382 1892 1418
f 1754 1473 3428
f 1892 672 3738
f 3382 2371 1892
f 1754 3427 1473
f 3025 4654 2785
f 3839 4048 3380
f 3519 5474 5215
f 1712 5497 5214
f 5051 1712 5215
f 5476 3519 5215
f 4094 5078 5210
f 1291 2988 752
f 2596 752 2988
f 2493 2991 4181
f 1591 4435 3414
f 3042 1107 1970
f 1255 1256 1927
f 314 1927 1256
f 3617 2906 3291
f 2023 5794 4963
f 5563 1372 5794
f 1352 3009 4453
f 795 3009 3364
f 1660 3364 3009
f 1352 1660 3009
f 870 1506 1107
f 870 1502 1506
f 2631 5598 1090
f 1090 2630 2631
f 4211 3360 3474
f 4211 2262 3360
f 5860 4211 3474
f 3773 592 1803
f 500 4585 286
f 2399 5641 3089
f 1439 2792 2055
f 1189 3343 1636
f 5539 4551 1981
f 1981 4551 1280
f 3585 1981 4550
f 1981 1280 4550
f 1280 782 4550
f 1340 2306 3047
f 1989 4552 2572
f 884 3588 3965
f 3082 3083 3533
f 1504 2341 711
f 875 872 2341
f 3606 3833 4209
f 4123 5185 4675
f 5134 5845 4675
f 1096 2519 5185
f 1106 2341 1105
f 1106 1105 2382
f 5788 3624 1186
f 3141 3068 1298
f 149 1544 730
f 3400 1725 2535
f 4517 3973 4028
f 4359 5582 1627
f 4518 4028 1628
f 5249 4540 2047
f 1214 172 635
f 1215 1676 172
f 2995 1464 3494
f 1368 977 495
f 2042 1032 2316
f 3855 2042 2316
f 62 2135 1676
f 1676 2135 172
f 363 122 3855
f 310 2636 4733
f 81 1316 1905
f 4284 4450 1540
f 5047 5418 5221
f 2265 5378 5221
f 5079 5405 5490
f 4647 5838 1540
f 3525 3491 768
f 126 768 3491
f 128 769 2529
f 2000 1810 2349
f 3168 5384 5842
f 5477 3168 5842
f 5103 3168 5477
f 5103 5477 1426
f 1384 5616 1878
f 5607 877 2468
f 2339 325 392
f 2339 3233 325
f 127 839 5291
f 1114 920 5527
f 800 2117 1575
f 1744 1741 4066
f 383 1845 1741
f 5855 4725 299
f 2721 2951 1297
f 2700 2597 610
f 2700 610 535
f 2700 5840 2597
f 730 726 5560
f 730 2253 726
f 494 5614 2390
f 2700 2390 612
f 949 1640 1847
f 3142 3139 4930
f 3142 4522 3371
f 1765 1640 949
f 4593 1118 4650
f 1934 319 949
f 1490 1933 1489
f 1933 1934 1158
f 1933 1158 1489
f 3566 2552 1942
f 2356 2875 2874
f 5243 5159 4899
f 5243 4899 4770
f 5211 4770 4899
f 5211 4899 5026
f 2960 4899 5159
f 2267 3170 5485
f 2267 5485 1714
f 765 2044 5617
f 5617 510 3516
f 3734 5617 3516
f 674 3516 510
f 4305 4162 2879
f 1162 1943 3496
f 216 3766 1943
f 941 127 3526
f 122 2042 3855
f 940 3526 127
f 941 839 127
f 198 825 2743
f 4903 3288 601
f 2675 595 1132
f 4308 1132 3805
f 2277 4092 2983
f 280 1874 1675
f 280 1675 918
f 1185 280 918
f 1185 918 5769
f 5533 5769 918
f 63 805 1675
f 692 5769 5533
f 2607 5819 4583
f 2607 3374 5819
f 5473 5123 5081
f 2850 5037 4152
f 3918 2850 4152
f 4290 4389 4575
f 4721 4389 4290
f 4167 4575 4006
f 3101 387 2217
f 4943 2823 3101
f 5513 99 1134
f 605 276 2104
f 3022 4945 5400
f 699 1773 1762
f 3592 2238 4112
f 1802 888 332
f 1699 555 820
f 2467 3449 957
f 930 2170 1885
f 1873 354 632
f 2925 3546 308
f 2925 688 3546
f 1920 3198 2057
f 2964 2330 3198
f 2964 3546 688
f 2083 5370 5369
f 2083 5656 5370
f 1537 3459 2972
f 1537 4156 2349
f 4992 5735 5376
f 4073 5829 1494
f 1503 327 3238
f 139 3112 3111
f 4019 4018 2848
f 4275 5447 4153
f 2987 3061 4864
f 4153 5447 3967
f 4095 2987 4864
f 4632 4864 3061
f 3061 901 4632
f 3206 4065 5646
f 3824 5646 5645
f 570 1158 389
f 5386 5254 4660
f 5178 5851 2947
f 2267 5331 3170
f 3470 2978 4281
f 3169 5161 5505
f 2425 5058 5145
f 5851 4276 5728
f 3357 2854 3458
f 4991 2854 3357
f 4747 4746 4077
f 2702 797 1357
f 2948 2699 4672
f 3350 3351 4667
f 3105 3350 4667
f 5155 5204 1045
f 4012 273 4386
f 1854 4442 273
f 2809 2062 2447
f 1546 906 905
f 1546 905 1819
f 3539 2430 3186
f 5777 1819 905
f 96 1856 600
f 4161 2931 3797
f 3997 3921 4750
f 1468 2639 2454
f 3210 1469 2137
f 1380 3867 497
f 2040 557 763
f 727 3937 237
f 2556 1952 1957
f 3425 5072 3757
f 5378 4335 5221
f 4574 785 4450
f 5499 5397 5396
f 5378 5490 4679
f 1001 3957 758
f 1897 564 5804
f 5490 3161 4679
f 758 3957 3010
f 2265 5490 5378
f 3217 2335 1156
f 3217 5651 1755
f 3217 1755 2335
f 967 491 240
f 793 158 532
f 5513 5512 793
f 250 407 4215
f 3866 542 983
f 4215 3507 1354
f 542 3335 4023
f 5650 4896 4972
f 1638 4896 5650
f 132 1908 376
f 251 5510 5523
f 251 105 5510
f 137 572 1763
f 3704 283 1880
f 4984 3859 5564
f 4216 1093 5044
f 5044 2708 4216
f 5772 2704 3132
f 3014 1689 1299
f 4626 4779 3123
f 480 1117 1836
f 3156 4592 3379
f 5608 5628 959
f 2573 959 5628
f 62 1377 803
f 632 803 633
f 4833 1417 3737
f 671 1417 2317
f 671 2317 2188
f 2328 3493 2499
f 1447 1916 1915
f 1841 2499 5598
f 3567 4908 1939
f 4919 4908 3567
f 4919 3567 2072
f 660 294 1307
f 5797 333 4611
f 4794 3367 4581
f 5691 1664 2412
f 3703 5019 3375
f 4395 3024 2282
f 1994 4958 887
f 1994 3876 4958
f 5473 5081 5750
f 1946 2651 859
f 1430 3745 2526
f 2779 3745 3746
f 4171 5702 3069
f 1121 3085 5553
f 5475 5061 5153
f 794 4705 2592
f 2842 2666 5310
f 2666 2842 2567
f 98 789 2897
f 741 2897 789
f 1250 3205 2377
f 2837 2091 5624
f 4854 1278 2841
f 5309 3039 2304
f 2807 3202 5300
f 1244 3822 3551
f 484 3757 5072
f 484 848 3757
f 1278 1521 3771
f 2509 3770 1979
f 707 3445 3446
f 5528 288 113
f 3518 3020 5466
f 5434 5466 3020
f 1794 782 3587
f 1983 1794 3587
f 1983 2472 1794
f 1280 3587 782
f 2201 4399 2532
f 5792 4733 2636
f 2500 774 2635
f 1300 2610 2609
f 1300 1301 2610
f 2932 5209 529
f 2511 3006 4320
f 2511 5886 3006
f 3030 2496 2798
f 2496 262 2798
f 3030 2798 3544
f 4861 4039 2407
f 4861 598 4039
f 4861 2985 598
f 2407 4039 4364
f 266 3417 384
f 5615 3332 1608
f 1608 3332 2709
f 2962 4935 1716
f 3167 5091 3387
f 5062 5756 4998
f 4998 4256 4321
f 1442 3753 1722
f 3200 2207 2438
f 2857 2352 2974
f 2876 3471 2977
f 3671 4089 3471
f 145 2671 4572
f 5873 4387 5130
f 4745 5037 5737
f 4111 4032 1091
f 3104 3224 5653
f 5814 3573 5672
f 3574 4330 5814
f 3410 3408 4434
f 1733 1730 4063
f 1730 1843 3092
f 4363 4037 4448
f 5463 5476 5214
f 3103 3349 2645
f 1171 5585 488
f 5780 2404 5585
f 5780 5585 1171
f 5530 1306 1888
f 1534 1533 3773
f 3142 5549 3139
f 1767 1264 5073
f 1822 2101 970
f 687 3196 2797
f 963 2310 4520
f 5543 129 5619
f 963 3677 2310
f 2860 1130 3118
f 3296 1198 3591
f 1241 5296 3201
f 2053 5744 2628
f 1875 1003 3623
f 3867 1875 3623
f 5186 5454 5016
f 4969 5160 5234
f 5234 5160 5070
f 326 5593 709
f 4306 4164 4630
f 4306 3799 4164
f 4306 1110 3799
f 2364 4630 4164
f 5718 3002 4536
f 4481 4083 1817
f 3171 2322 4323
f 4568 4424 4323
f 3171 4323 4424
f 5494 5503 5033
f 3272 4376 1176
f 4376 4624 4625
f 3968 4755 3473
f 2657 5721 4374
f 3892 3891 5238
f 5238 3891 3359
f 3271 4090 3998
f 3401 3195 1913
f 3841 2385 2930
f 1445 3401 2325
f 1913 3195 3544
f 5583 1313 2623
f 4665 4664 4029
f 4307 4665 4029
f 4519 4361 4030
f 3300 2368 4454
f 1098 4653 4654
f 5141 4968 5456
f 2992 3490 2991
f 2991 3490 5069
f 2991 5069 4181
f 897 3610 2361
f 2981 4000 3475
f 2799 5641 1450
f 3194 5641 2799
f 5641 3193 3089
f 62 1378 1377
f 62 1676 1378
f 1296 1830 1378
f 1496 1769 777
f 5804 1233 5803
f 5463 5501 5398
f 1831 1878 5616
f 3721 4725 5880
f 3721 5363 299
f 3068 3138 1298
f 3624 1298 3138
f 1408 1036 4650
f 4650 1118 3339
f 140 954 3242
f 140 2401 954
f 3970 601 477
f 908 477 601
f 908 601 3288
f 4903 2102 3288
f 5037 3877 4152
f 3877 4353 4555
f 3877 4555 4152
f 820 555 656
f 1699 120 1222
f 656 555 5525
f 1622 1621 555
f 1622 1699 1222
f 140 2090 1334
f 4073 1494 1493
f 2507 582 3654
f 582 1334 1335
f 1498 2220 778
f 3223 5316 5326
f 3254 4277 2854
f 4991 3357 4446
f 5851 3919 4276
f 3357 5851 5178
f 5851 3458 3919
f 3357 3458 5851
f 1397 5770 5775
f 4284 4574 4450
f 1001 1872 3957
f 3296 716 1199
f 4913 1800 3591
f 1962 1963 5834
f 2087 5834 1958
f 738 1181 244
f 738 275 1181
f 583 5624 2508
f 3858 464 1262
f 2130 1366 995
f 1316 1903 1905
f 2671 5728 4572
f 5728 4276 4572
f 4520 5839 4038
f 5293 1003 637
f 143 2096 883
f 2096 5608 883
f 2930 522 3841
f 223 863 5355
f 2654 3874 863
f 3322 1509 873
f 3349 3225 2645
f 1496 2645 3225
f 535 2411 1355
f 933 1888 1701
f 122 1888 1404
f 1404 1888 933
f 1496 3225 5591
f 213 1159 1263
f 1597 701 2550
f 4079 2854 4277
f 4882 5770 2161
f 5770 1396 5775
f 3396 5279 4187
f 813 1396 5770
f 535 494 2390
# 11794 faces, 0 coords texture

# End of File
