8462  3  0  0
   0    7.00000000000000000  24.51725006103515625  -55.67306900024414063
   1    6.56286001205444336  24.51903915405273438  -52.19728851318359375
   2    6.18404293060302734  32.51725006103515625  -51.11552047729492188
   3    6.69513416290283203  32.51725006103515625  -52.76314926147460938
   4    6.89047813415527344  32.51725006103515625  -53.71625137329101563
   5    6.98750495910644531  32.51725006103515625  -55.05889129638671875
   6    7.00000000000000000  24.51725006103515625  -86.62521362304687500
   7    7.00000000000000000  32.51725006103515625  -86.62521362304687500
   8    -7.00000000000000000  24.51725006103515625  -86.62521362304687500
   9    -7.00000000000000000  32.51725006103515625  -86.62521362304687500
  10    -6.74170398712158203  24.51725006103515625  -52.99037170410156250
  11    -6.26460409164428711  32.51725006103515625  -51.34550857543945313
  12    0.44686099886894226  24.51725006103515625  -38.15370178222656250
  13    0.00000000000000000  24.51725006103515625  -38.03519821166992188
  14    -0.44685998558998108  24.51725006103515625  -38.15370178222656250
  15    -0.34476500749588013  32.51725006103515625  -38.09545898437500000
  16    0.23115299642086029  32.51725006103515625  -38.06533050537109375
  17    0.73440301418304443  32.51725006103515625  -38.43682098388671875
  18    -15.00000000000000000  32.51725006103515625  -86.62521362304687500
  19    -15.00000000000000000  32.49473953247070313  -35.99240112304687500
  20    15.00000000000000000  32.51725006103515625  -86.62521362304687500
  21    -15.00000000000000000  24.51725006103515625  -86.62521362304687500
  22    15.00000000000000000  24.51725006103515625  -86.62521362304687500
  23    -15.00000000000000000  -0.02467600069940090  64.14360046386718750
  24    -15.00000000000000000  7.97532415390014648  64.14360046386718750
  25    -15.00000000000000000  8.07848930358886719  12.06902980804443359
  26    -15.00000000000000000  8.69907283782958984  8.58454322814941406
  27    -15.00000000000000000  11.96502971649169922  1.52570700645446777
  28    -15.00000000000000000  13.46207046508789063  -0.39492100477218628
  29    -15.00000000000000000  29.19887924194335938  -21.13714981079101563
  30    -15.00000000000000000  29.97952079772949219  -23.00666046142578125
  31    -15.00000000000000000  19.79624938964843750  -20.49707984924316406
  32    -15.00000000000000000  18.88631057739257813  -19.14566040039062500
  33    -14.99999046325683594  17.09087944030761719  -16.86445045471191406
  34    -15.00000000000000000  4.44815587997436523  -1.61595702171325684
  35    -15.00000000000000000  0.89507198333740234  6.81388998031616211
  36    -15.00000000000000000  0.32565501332283020  9.71852493286132813
  37    15.00000000000000000  -0.02467600069940090  64.14360046386718750
  38    15.00000000000000000  7.97532415390014648  64.14360046386718750
  39    15.00000000000000000  7.98618221282958984  13.89947986602783203
  40    15.00000000000000000  8.05130386352539063  12.43521976470947266
  41    15.00000000000000000  8.52403545379638672  9.35920143127441406
  42    15.00000000000000000  8.82773494720458984  8.11355304718017578
  43    15.00000000000000000  9.44652843475341797  6.26003885269165039
  44    15.00000000000000000  10.01731014251708984  4.91003179550170898
  45    15.00000000000000000  11.16423988342285156  2.75390100479125977
  46    15.00000000000000000  23.57134056091308594  -12.15283012390136719
  47    15.00000000000000000  32.24367904663085938  -32.26728820800781250
  48    15.00000000000000000  24.48214912414550781  -35.73723983764648438
  49    15.00000000000000000  21.83226966857910156  -24.27313041687011719
  50    15.00000000000000000  21.06315994262695313  -22.67168998718261719
  51    15.00000000000000000  18.72086906433105469  -18.89995002746582031
  52    15.00000000000000000  4.01155519485473633  -0.84194099903106689
  53    15.00000000000000000  2.44738602638244629  2.34393310546875000
  54    15.00000000000000000  1.57545804977416992  4.54507398605346680
  55    7.00000000000000000  32.51725006103515625  -71.11849975585937500
  56    -7.00000000000000000  24.51725006103515625  -70.68945312500000000
  57    -7.00000000000000000  28.51725006103515625  -86.62521362304687500
  58    -7.00000000000000000  32.51720046997070313  -55.44227981567382813
  59    -3.22639989852905273  24.51725006103515625  -44.16556930541992188
  60    -0.88737499713897705  25.37158012390136719  -38.73883056640625000
  61    9.79588222503662109  32.51725006103515625  -45.15401840209960938
  62    8.06835079193115234  32.51725006103515625  -38.62963867187500000
  63    10.75000000000000000  24.51725006103515625  -86.62521362304687500
  64    -15.00000000000000000  4.28814220428466797  10.02925014495849609
  65    -15.00000000000000000  1.39146101474761963  5.10773181915283203
  66    -15.00000000000000000  3.79325389862060547  -0.45493298768997192
  67    -15.00000000000000000  2.59795403480529785  1.92586696147918701
  68    -15.00000000000000000  6.64723920822143555  -4.68313121795654297
  69    -15.00000000000000000  12.55181980133056641  0.74487900733947754
  70    -15.00000000000000000  18.16790008544921875  -18.20428085327148438
  71    -15.00000000000000000  24.29726982116699219  -13.05871963500976563
  72    -15.00000000000000000  23.43574905395507813  -28.72557067871093750
  73    -15.00000000000000000  1.97681105136871338  3.43066501617431641
  74    -15.00000000000000000  0.63979399204254150  7.97023820877075195
  75    -0.11718799918889999  7.97532415390014648  64.14360046386718750
  76    15.00000000000000000  8.22461128234863281  10.97963047027587891
  77    2.91664004325866699  8.33733654022216797  10.22325992584228516
  78    2.89710497856140137  8.75939083099365234  8.35849094390869141
  79    15.00000000000000000  9.12695312500000000  7.18301582336425781
  80    3.32461595535278320  9.98668479919433594  4.98245382308959961
  81    15.00000000000000000  10.68647956848144531  3.60581803321838379
  82    3.75185298919677734  10.80560970306396484  3.38187909126281738
  83    6.70623683929443359  24.51725006103515625  -37.58781814575195313
  84    -0.34662300348281860  24.51629066467285156  -36.90528869628906250
  85    15.00000000000000000  24.24852943420410156  -32.78657913208007813
  86    2.71498990058898926  24.20109939575195313  -32.38843917846679688
  87    15.00000000000000000  20.48101997375488281  -21.63966941833496094
  88    15.00000000000000000  19.54808998107910156  -20.12850952148437500
  89    1.97011899948120117  17.02226066589355469  -16.78506088256835938
  90    15.00000000000000000  11.77754020690917969  -10.69668006896972656
  91    15.00000000000000000  5.19265413284301758  -2.72166705131530762
  92    15.00000000000000000  1.13770604133605957  5.95899295806884766
  93    15.00000000000000000  0.00384199991822243  13.42212963104248047
  94    15.00000000000000000  -0.02467600069940090  38.85063171386718750
  95    15.00000000000000000  16.14020919799804688  -8.25075435638427734
  96    15.00000000000000000  21.84557914733886719  -17.03284072875976563
  97    15.00000000000000000  26.45066070556640625  -25.81889915466308594
  98    6.21119785308837891  25.63320922851562500  -51.19691085815429688
  99    -6.53981304168701172  25.82311058044433594  -52.15993118286132813
 100    -6.60333108901977539  27.42878913879394531  -52.33398818969726563
 101    -6.96393823623657227  29.37080955505371094  -54.70993041992187500
 102    -6.98063611984252930  26.02445983886718750  -54.96971893310546875
 103    -6.97222089767456055  27.64707946777343750  -54.84484100341796875
 104    -3.34425091743469238  26.02212905883789063  -44.44100189208984375
 105    9.53458786010742188  32.51725006103515625  -48.03499984741210938
 106    6.25517702102661133  32.51725006103515625  -41.08842086791992188
 107    8.81534671783447266  32.51725006103515625  -40.99942016601562500
 108    -11.05080986022949219  32.50767898559570313  -36.50405883789062500
 109    -8.69326210021972656  32.51725006103515625  -41.19633102416992188
 110    -12.00168037414550781  30.98378944396972656  -86.62521362304687500
 111    -15.00000000000000000  8.36262130737304688  10.07355976104736328
 112    -15.00000000000000000  7.74940395355224609  2.25351405143737793
 113    -15.00000000000000000  7.89608192443847656  3.82919096946716309
 114    -15.00000000000000000  9.01474666595458984  7.53196716308593750
 115    -14.99989986419677734  11.23136997222900391  2.65094590187072754
 116    -15.00000000000000000  10.68253993988037109  0.90570199489593506
 117    -15.00000000000000000  10.43159008026123047  -2.59882998466491699
 118    -15.00000000000000000  13.05646991729736328  -5.43945693969726563
 119    -15.00000000000000000  17.85968017578125000  -11.93348979949951172
 120    -15.00000000000000000  25.21677970886230469  -17.95849990844726563
 121    -15.00000000000000000  25.61998939514160156  -24.16027069091796875
 122    -15.00000000000000000  31.58460998535156250  -28.33628082275390625
 123    -15.00000000000000000  2.50335693359375000  6.17608118057250977
 124    -7.10201120376586914  7.97890901565551758  14.38342952728271484
 125    7.64824581146240234  8.49267864227294922  9.50065135955810547
 126    -6.56815719604492188  8.82511997222900391  8.15838527679443359
 127    8.01107883453369141  9.16736412048339844  7.05828094482421875
 128    -0.08343599736690521  9.81066608428955078  5.40015792846679688
 129    -6.45328712463378906  10.34953975677490234  4.24645614624023438
 130    -5.23436784744262695  11.12810039520263672  2.82074403762817383
 131    2.83510398864746094  12.43585968017578125  0.89525902271270752
 132    7.51160478591918945  17.97983932495117188  -5.63917779922485352
 133    -0.42991098761558533  32.18061065673828125  -31.67819023132324219
 134    8.70734405517578125  24.51725006103515625  -49.41334915161132813
 135    9.64483070373535156  24.51725006103515625  -41.05942916870117188
 136    -5.60144805908203125  24.51725006103515625  -42.05382156372070313
 137    -7.06431293487548828  24.51725006103515625  -49.87569046020507813
 138    7.47448396682739258  12.96770954132080078  -12.07824039459228516
 139    0.83290600776672363  14.05226039886474609  -13.33718967437744141
 140    -0.75803697109222412  10.04531955718994141  -8.68589973449707031
 141    -8.04321956634521484  12.53666973114013672  -11.57787990570068359
 142    -5.99563694000244141  3.09279108047485352  0.86803400516510010
 143    -6.04171419143676758  1.88840901851654053  3.66883897781372070
 144    8.05478191375732422  -0.02467600069940090  26.78235054016113281
 145    -7.01204299926757813  -0.02467600069940090  39.58895874023437500
 146    15.00000000000000000  0.10683500021696091  11.70446014404296875
 147    15.00000000000000000  4.54314899444580078  3.26442599296569824
 148    15.00000000000000000  5.62149810791015625  6.16906690597534180
 149    15.00000000000000000  7.73621082305908203  2.53469705581665039
 150    15.00000000000000000  9.07683372497558594  -0.65019398927688599
 151    15.00000000000000000  10.55134963989257813  0.33272698521614075
 152    15.00000000000000000  13.54214000701904297  -10.15585994720458984
 153    15.00000000000000000  18.62940025329589844  -10.25479984283447266
 154    15.00000000000000000  17.21069908142089844  -7.06655597686767578
 155    15.00000000000000000  27.33820915222167969  -21.46972084045410156
 156    6.97501087188720703  24.51725006103515625  -54.87376022338867188
 157    6.55994701385498047  29.53508949279785156  -52.20071029663085938
 158    6.89047718048095703  24.51737976074218750  -53.71625137329101563
 159    7.00000000000000000  25.87167930603027344  -63.49338150024414063
 160    7.00000000000000000  32.51725006103515625  -62.72158050537109375
 161    -7.00000000000000000  24.51725006103515625  -78.90249633789062500
 162    -6.24538612365722656  24.51725006103515625  -51.29064941406250000
 163    -6.80211877822875977  32.51725006103515625  -53.28514099121093750
 164    -6.97699880599975586  24.51725006103515625  -54.90320968627929688
 165    -1.10520303249359131  27.56874084472656250  -39.20816040039062500
 166    -4.87488412857055664  24.51725006103515625  -48.01821899414062500
 167    -2.40215802192687988  32.51725006103515625  -42.23925018310546875
 168    15.00000000000000000  32.51725006103515625  -74.12521362304687500
 169    12.49915027618408203  32.51725006103515625  -41.87348937988281250
 170    15.00000000000000000  32.51725006103515625  -48.92990112304687500
 171    7.86410713195800781  32.51725006103515625  -47.33018112182617188
 172    -9.12500000000000000  24.51725006103515625  -86.62521362304687500
 173    12.75000000000000000  24.51725006103515625  -86.62521362304687500
 174    15.00000000000000000  26.76725006103515625  -86.62521362304687500
 175    -15.00000000000000000  -0.02467600069940090  51.44829177856445313
 176    -15.00000000000000000  -0.02467600069940090  26.44828987121582031
 177    -15.00000000000000000  4.22532415390014648  64.14360046386718750
 178    -15.00000000000000000  7.97532415390014648  26.44828987121582031
 179    -15.00000000000000000  3.66784596443176270  2.28558993339538574
 180    -15.00000000000000000  3.15917110443115234  0.71677297353744507
 181    -15.00000000000000000  4.94448804855346680  -2.35309600830078125
 182    -15.00000000000000000  5.87330913543701172  -3.69069409370422363
 183    -15.00000000000000000  9.66064071655273438  5.75362014770507813
 184    -15.00000000000000000  10.34218978881835938  4.25303506851196289
 185    -15.00000000000000000  21.60083961486816406  -13.64221954345703125
 186    -15.00000000000000000  20.77209091186523438  -22.15567970275878906
 187    -15.00000000000000000  21.58283042907714844  -23.73575973510742188
 188    -15.00000000000000000  22.08169937133789063  -24.81051063537597656
 189    -15.00000000000000000  22.51576995849609375  -25.91227912902832031
 190    -15.00000000000000000  23.57134056091308594  -12.15283012390136719
 191    -15.00000000000000000  23.07192039489746094  -27.44367027282714844
 192    -15.00000000000000000  23.76557922363281250  -30.01615905761718750
 193    -15.00000000000000000  24.08531951904296875  -31.61368942260742188
 194    -15.00000000000000000  24.31858062744140625  -33.37487030029296875
 195    -15.00000000000000000  24.46459960937500000  -35.29325866699218750
 196    -15.00000000000000000  26.29248046875000000  -35.42496109008789063
 197    -15.00000000000000000  27.00688934326171875  -74.88553619384765625
 198    -15.00000000000000000  0.03235900029540062  12.70065021514892578
 199    -7.14843797683715820  -0.02467600069940090  64.14360046386718750
 200    15.00000000000000000  12.21226978302001953  1.17640697956085205
 201    15.00000000000000000  25.01357078552246094  -13.97179031372070313
 202    8.73607730865478516  24.97818946838378906  -13.92121982574462891
 203    15.00000000000000000  26.71081924438476563  -16.46606063842773438
 204    15.00000000000000000  28.24731063842773438  -19.17173004150390625
 205    15.00000000000000000  29.86405944824218750  -22.73451995849609375
 206    15.00000000000000000  30.43259048461914063  -24.27846908569335938
 207    15.00000000000000000  31.39583969116210938  -27.55702972412109375
 208    15.00000000000000000  31.98427009582519531  -30.40797042846679688
 209    7.12681484222412109  32.16347122192382813  -31.52131080627441406
 210    9.33340263366699219  24.51725006103515625  -63.69367980957031250
 211    15.00000000000000000  24.51725006103515625  -49.32052993774414063
 212    -7.89383602142333984  24.51725006103515625  -47.54483032226562500
 213    -12.07530975341796875  24.51725006103515625  -41.80609130859375000
 214    -9.39867877960205078  24.45505905151367188  -35.05587005615234375
 215    7.40224885940551758  24.30738067626953125  -33.28081130981445313
 216    15.00000000000000000  24.38862991333007813  -33.96315002441406250
 217    -8.46341419219970703  23.84299087524414063  -30.40430068969726563
 218    15.00000000000000000  24.05624961853027344  -31.46846008300781250
 219    15.00000000000000000  23.73652076721191406  -29.87092971801757813
 220    -8.67196464538574219  23.16843986511230469  -27.79878997802734375
 221    15.00000000000000000  23.43574905395507813  -28.72557067871093750
 222    -8.51660537719726563  22.60972976684570313  -26.16531944274902344
 223    14.99999046325683594  22.92807960510253906  -27.02261924743652344
 224    15.00000000000000000  22.41264915466308594  -25.63458061218261719
 225    -8.92150783538818359  19.51582908630371094  -20.08061981201171875
 226    15.00000000000000000  18.16790008544921875  -18.20428085327148438
 227    15.00000000000000000  17.43061065673828125  -17.27672958374023438
 228    15.00000000000000000  14.27754020690917969  -13.59869003295898438
 229    15.00000000000000000  9.35566139221191406  -7.88534593582153320
 230    15.00000000000000000  6.32467603683471680  -4.27732706069946289
 231    15.00000000000000000  3.15917110443115234  0.71677398681640625
 232    15.00000000000000000  0.76743298768997192  7.39206409454345703
 233    15.00000000000000000  0.40726000070571899  9.13208007812500000
 234    15.00000000000000000  0.20609900355339050  10.67311000823974609
 235    15.00000000000000000  -0.02467600069940090  51.35063171386718750
 236    15.00000000000000000  1.10257804393768311  13.29185009002685547
 237    15.00000000000000000  6.40662717819213867  9.56582355499267578
 238    15.00000000000000000  4.73756408691406250  1.56805098056793213
 239    15.00000000000000000  6.52529621124267578  -0.50594502687454224
 240    15.00000000000000000  15.95722961425781250  -13.03934001922607422
 241    15.00000000000000000  18.78738975524902344  -16.28784942626953125
 242    15.00000000000000000  20.38025093078613281  -19.12467002868652344
 243    15.00000000000000000  23.27828025817871094  -24.19070053100585938
 244    15.00000000000000000  23.95590972900390625  -25.86027908325195313
 245    15.00000000000000000  25.65563964843750000  -19.80993080139160156
 246    15.00000000000000000  24.63375091552734375  -28.37171936035156250
 247    15.00000000000000000  28.17012977600097656  -24.34295082092285156
 248    15.00000000000000000  30.01958084106445313  -27.89147949218750000
 249    6.99595308303833008  29.94418907165527344  -55.33663940429687500
 250    -2.73982310295104980  25.92338943481445313  -43.02840042114257813
 251    -4.71403217315673828  30.96059989929199219  -47.64229965209960938
 252    1.13191902637481689  32.51699066162109375  -37.03847885131835938
 253    12.64406967163085938  29.81580924987792969  -86.62521362304687500
 254    -15.00000000000000000  2.98512005805969238  10.52941036224365234
 255    -15.00000000000000000  2.76358795166015625  3.79512596130371094
 256    -15.00000000000000000  25.32560920715332031  -29.65925025939941406
 257    -15.00000000000000000  29.93663978576660156  -67.97821044921875000
 258    -15.00000000000000000  0.13749200105667114  11.37285041809082031
 259    3.22746706008911133  3.24577093124389648  64.14360046386718750
 260    3.28931403160095215  1.94902801513671875  64.14360046386718750
 261    -3.97896099090576172  12.80805015563964844  0.41928398609161377
 262    -3.60028004646301270  20.42687988281250000  -8.47971439361572266
 263    -3.49555397033691406  23.42753028869628906  -11.97506046295166016
 264    -2.91496205329895020  25.53245925903320313  -14.70720958709716797
 265    -3.26679491996765137  31.30228042602539063  -27.18891906738281250
 266    4.73637294769287109  32.32946014404296875  -33.06848144531250000
 267    9.79417228698730469  24.51725006103515625  -82.68315887451171875
 268    9.69274044036865234  24.51725006103515625  -54.51071166992187500
 269    6.43215513229370117  24.51725006103515625  -42.46578979492187500
 270    -6.34042215347290039  24.51725006103515625  -41.08333969116210938
 271    -4.20978784561157227  9.97826957702636719  -8.60807228088378906
 272    7.26929712295532227  -0.02467600069940090  32.74308013916015625
 273    -3.21581697463989258  -0.02467600069940090  45.38830947875976563
 274    15.00000000000000000  24.00983047485351563  -22.48694038391113281
 275    5.03441286087036133  26.54597091674804688  -48.39104843139648438
 276    6.71133422851562500  25.99600028991699219  -52.84223937988281250
 277    -7.00000000000000000  30.55278015136718750  -71.13774108886718750
 278    -1.47968804836273193  25.84516906738281250  -40.08337020874023438
 279    11.36697959899902344  32.51725006103515625  -39.06782150268554688
 280    -5.03914117813110352  32.51725006103515625  -39.53638076782226563
 281    -13.67173957824707031  32.51725006103515625  -65.59800720214843750
 282    -9.49446010589599609  32.51725006103515625  -71.70794677734375000
 283    8.09499740600585938  25.51705932617187500  -86.62521362304687500
 284    13.50500965118408203  27.10816001892089844  -86.62521362304687500
 285    -15.00000000000000000  2.69992494583129883  46.81829833984375000
 286    -15.00000000000000000  6.40178203582763672  31.73393058776855469
 287    -15.00000000000000000  6.74519395828247070  2.93695402145385742
 288    -15.00000000000000000  6.63923501968383789  -2.96561002731323242
 289    -15.00000000000000000  9.56636714935302734  -3.86817002296447754
 290    -15.00000000000000000  25.00876045227050781  -15.74781036376953125
 291    -15.00000000000000000  25.35775947570800781  -20.48740005493164063
 292    -15.00000000000000000  28.03593063354492188  -22.70231056213378906
 293    -15.00000000000000000  27.73250007629394531  -31.29581069946289063
 294    -15.00000000000000000  28.80905914306640625  -26.83517074584960938
 295    -15.00000000000000000  30.64071083068847656  -34.79690933227539063
 296    -15.00000000000000000  32.06341934204101563  -30.86543083190917969
 297    -15.00000000000000000  27.85230064392089844  -80.92447662353515625
 298    -15.00000000000000000  30.93557929992675781  -55.17821884155273438
 299    11.11225032806396484  5.26452398300170898  64.14360046386718750
 300    -4.32000207901000977  0.88474899530410767  64.14360046386718750
 301    -11.40795993804931641  7.97653722763061523  14.37489032745361328
 302    2.73028588294982910  7.97532415390014648  15.22719955444335938
 303    -11.07143974304199219  8.03228664398193359  12.86382007598876953
 304    -2.89864993095397949  13.18955993652343750  -0.06245600059628487
 305    -3.42877888679504395  15.28250026702880859  -2.50808691978454590
 306    -10.98456001281738281  15.90355014801025391  -3.22900700569152832
 307    3.59102201461791992  20.71569061279296875  -8.81497859954833984
 308    3.29874610900878906  23.32708930969238281  -11.85268020629882813
 309    -7.17894983291625977  24.60714912414550781  -13.44542026519775391
 310    -9.59172821044921875  28.06913948059082031  -18.80905914306640625
 311    -4.74608707427978516  27.75662040710449219  -18.22853088378906250
 312    -10.01290035247802734  28.57290077209472656  -19.82019042968750000
 313    -9.62132358551025391  31.76708030700683594  -29.19916915893554688
 314    -10.46154975891113281  32.15684890747070313  -31.46169090270996094
 315    -1.96431994438171387  32.31254959106445313  -32.91056060791015625
 316    2.48212599754333496  32.43313980102539063  -34.26205825805664063
 317    -9.92106628417968750  24.51725006103515625  -37.15710067749023438
 318    -10.93260002136230469  24.51725006103515625  -40.75526046752929688
 319    -11.85515022277832031  24.51725006103515625  -43.13357925415039063
 320    -12.62483978271484375  24.51725006103515625  -79.07243347167968750
 321    -13.69789028167724609  24.51370048522949219  -36.74446105957031250
 322    2.05481004714965820  24.49152946472167969  -35.97454071044921875
 323    11.19248008728027344  24.48344993591308594  -35.76998138427734375
 324    11.28812980651855469  17.63648986816406250  -17.53573989868164063
 325    11.36149978637695313  14.81204032897949219  -14.21914005279541016
 326    8.01676559448242188  10.99744987487792969  -9.79114913940429688
 327    -4.04816484451293945  15.09237003326416016  -14.54456043243408203
 328    -2.93340992927551270  15.30757999420166016  -14.79436969757080078
 329    -11.36073017120361328  15.19880008697509766  -14.66810035705566406
 330    -10.86940956115722656  8.68209171295166016  -7.10345983505249023
 331    10.61942005157470703  0.35237199068069458  9.47727489471435547
 332    -11.42545986175537109  0.03811699897050858  12.55500984191894531
 333    12.04131031036376953  -0.02467600069940090  45.54901123046875000
 334    15.00000000000000000  2.95669007301330566  3.70618510246276855
 335    15.00000000000000000  7.57307291030883789  -1.66021001338958740
 336    15.00000000000000000  11.85284042358398438  -0.55591499805450439
 337    15.00000000000000000  23.27802085876464844  -16.39514923095703125
 338    15.00000000000000000  26.12742996215820313  -31.96861076354980469
 339    15.00000000000000000  29.11764907836914063  -27.03039932250976563
 340    15.00000000000000000  31.41357994079589844  -33.77661895751953125
 341    15.00000000000000000  26.97314071655273438  -78.89198303222656250
 342    -7.00000000000000000  29.90382003784179688  -74.80587005615234375
 343    -7.00000000000000000  31.76725006103515625  -86.62521362304687500
 344    -6.43096399307250977  30.20344924926757813  -51.82983016967773438
 345    -6.84321403503417969  26.70450019836425781  -53.53176879882812500
 346    -7.00000000000000000  26.98454093933105469  -56.40938949584960938
 347    -3.92966508865356445  29.16957092285156250  -45.80916976928710938
 348    -3.40170907974243164  30.23662948608398438  -44.57529067993164063
 349    -3.50269794464111328  31.59778022766113281  -44.81130981445312500
 350    0.96699398756027222  27.23082923889160156  -38.88722991943359375
 351    9.00000000000000000  32.51725006103515625  -86.62521362304687500
 352    12.62500000000000000  32.51725006103515625  -86.62521362304687500
 353    11.05191993713378906  32.51725006103515625  -48.34923934936523438
 354    -8.32542037963867188  32.51725006103515625  -37.99559020996093750
 355    -11.61750030517578125  32.51725006103515625  -50.86367034912109375
 356    -10.68056011199951172  32.51725006103515625  -76.70310211181640625
 357    15.00000000000000000  31.14225006103515625  -86.62521362304687500
 358    13.85256004333496094  29.08950996398925781  -86.62521362304687500
 359    -15.00000000000000000  15.67558956146240234  -8.09643554687500000
 360    -15.00000000000000000  20.31863975524902344  -15.09107017517089844
 361    -15.00000000000000000  25.86046028137207031  -15.18210029602050781
 362    -15.00000000000000000  26.14664077758789063  -22.55792999267578125
 363    -15.00000000000000000  26.88250923156738281  -16.75686073303222656
 364    -15.00000000000000000  27.83344078063964844  -18.37635040283203125
 365    -15.00000000000000000  28.47047996520996094  -19.61461067199707031
 366    -15.00000000000000000  29.68985939025878906  -22.30418968200683594
 367    -15.00000000000000000  29.61087036132812500  -26.42491912841796875
 368    -15.00000000000000000  29.25683021545410156  -30.82210922241210938
 369    -15.00000000000000000  32.41825103759765625  -34.34840011596679688
 370    -15.00000000000000000  28.45816040039062500  -68.08744049072265625
 371    -0.04419099912047386  1.80244600772857666  64.14360046386718750
 372    -10.95337009429931641  7.97532415390014648  64.14360046386718750
 373    -0.30531701445579529  7.97532415390014648  51.39342117309570313
 374    -0.91166698932647705  7.97532415390014648  15.36303997039794922
 375    4.25819206237792969  12.44521999359130859  0.88332700729370117
 376    3.99056291580200195  13.11489963531494141  0.03207499906420708
 377    0.90586799383163452  13.70283985137939453  -0.67438298463821411
 378    -3.67120099067687988  18.07905960083007813  -5.75435018539428711
 379    1.86300301551818848  27.97175025939941406  -18.61971092224121094
 380    1.72686505317687988  30.21323013305664063  -23.62140083312988281
 381    -9.36291313171386719  30.78870964050292969  -25.35329055786132813
 382    1.23450195789337158  30.99620056152343750  -25.99648094177246094
 383    -2.42574810981750488  31.60202980041503906  -28.37612915039062500
 384    -2.89173007011413574  32.45375823974609375  -34.84025955200195313
 385    -4.09201383590698242  32.48749160766601563  -35.79053878784179688
 386    10.87347984313964844  24.51725006103515625  -47.26158905029296875
 387    9.31402969360351563  24.51725006103515625  -42.89654159545898438
 388    -7.69666910171508789  24.51725006103515625  -39.00559997558593750
 389    -5.28750896453857422  24.51725006103515625  -45.02447891235351563
 390    -9.63741397857666016  24.51725006103515625  -48.29901885986328125
 391    10.17621040344238281  18.14542961120605469  -18.17602920532226563
 392    -1.38219594955444336  8.36146831512451172  -6.73127698898315430
 393    -11.10591983795166016  6.58571577072143555  -4.60573005676269531
 394    15.00000000000000000  2.93544602394104004  40.42065811157226563
 395    15.00000000000000000  2.26226401329040527  21.98833084106445313
 396    15.00000000000000000  6.89771795272827148  3.63189291954040527
 397    15.00000000000000000  10.30128955841064453  -1.02942204475402832
 398    15.00000000000000000  20.68541908264160156  -14.62339019775390625
 399    15.00000000000000000  26.46456909179687500  -18.43923950195312500
 400    15.00000000000000000  25.75828933715820313  -21.99914932250976563
 401    15.00000000000000000  27.47764015197753906  -19.79141998291015625
 402    15.00000000000000000  28.37047004699707031  -28.28886032104492188
 403    15.00000000000000000  28.11437988281250000  -30.01483917236328125
 404    15.00000000000000000  29.57052993774414063  -25.49471092224121094
 405    15.00000000000000000  32.38228988647460938  -33.84344100952148438
 406    7.00000000000000000  31.58552932739257813  -55.86243057250976563
 407    6.95357418060302734  25.84989929199218750  -54.55686950683593750
 408    7.00000000000000000  29.64225006103515625  -86.62521362304687500
 409    7.00000000000000000  31.14225006103515625  -86.62521362304687500
 410    -7.00000000000000000  24.51725006103515625  -67.01197814941406250
 411    -7.00000000000000000  32.51725006103515625  -63.64094924926757813
 412    -7.00000000000000000  27.20475006103515625  -86.62521362304687500
 413    -5.44409179687500000  28.47102928161621094  -49.34849929809570313
 414    -4.21548986434936523  24.51725006103515625  -46.47716140747070313
 415    -3.12336993217468262  32.51725006103515625  -43.92478179931640625
 416    0.75120198726654053  28.52758979797363281  -38.46921920776367188
 417    -1.28943097591400146  24.51725006103515625  -39.63872146606445313
 418    15.00000000000000000  32.51725006103515625  -54.88692855834960938
 419    15.00000000000000000  32.51725006103515625  -43.11935043334960938
 420    -15.00000000000000000  31.26725006103515625  -86.62521362304687500
 421    -15.00000000000000000  27.89225006103515625  -86.62521362304687500
 422    -15.00000000000000000  25.82975006103515625  -86.62521362304687500
 423    15.00000000000000000  28.14225006103515625  -86.62521362304687500
 424    -15.00000000000000000  1.72532403469085693  64.14360046386718750
 425    -15.00000000000000000  7.97532415390014648  33.38188171386718750
 426    -15.00000000000000000  4.16188001632690430  6.57490205764770508
 427    -15.00000000000000000  22.23879051208496094  -12.28314018249511719
 428    -15.00000000000000000  20.63829040527343750  -16.38929939270019531
 429    -15.00000000000000000  22.00724029541015625  -15.30667972564697266
 430    -15.00000000000000000  24.55101013183593750  -14.85470008850097656
 431    -15.00000000000000000  25.13109016418457031  -19.24036979675292969
 432    -15.00000000000000000  25.42863082885742188  -14.55688953399658203
 433    -15.00000000000000000  27.69584083557128906  -20.03086090087890625
 434    -15.00000000000000000  29.43098068237304688  -24.87669944763183594
 435    -15.00000000000000000  26.91735076904296875  -36.81830978393554688
 436    -15.00000000000000000  30.37947082519531250  -24.11819076538085938
 437    -15.00000000000000000  30.91151046752929688  -25.74272918701171875
 438    -15.00000000000000000  29.58312988281250000  -35.43317031860351563
 439    -15.00000000000000000  30.78051948547363281  -30.47554969787597656
 440    -15.00000000000000000  31.22946929931640625  -26.90242958068847656
 441    -15.00000000000000000  31.90962028503417969  -29.99249076843261719
 442    -15.00000000000000000  32.26092147827148438  -32.45637893676757813
 443    11.01562023162841797  7.97532415390014648  64.14360046386718750
 444    15.00000000000000000  7.97532415390014648  27.27836990356445313
 445    2.96017193794250488  7.97532415390014648  18.18769073486328125
 446    11.37615013122558594  13.46212005615234375  -0.39364001154899597
 447    15.00000000000000000  14.71360969543457031  -1.84772098064422607
 448    15.00000000000000000  21.86204910278320313  -10.14568042755126953
 449    15.00000000000000000  24.20487976074218750  -12.94342994689941406
 450    15.00000000000000000  25.78849029541015625  -15.07789993286132813
 451    15.00000000000000000  27.26189041137695313  -17.39057922363281250
 452    15.00000000000000000  28.73402976989746094  -20.14359092712402344
 453    15.00000000000000000  29.16942977905273438  -21.05784988403320313
 454    13.76084995269775391  29.38727951049804688  -21.57044029235839844
 455    13.58528995513916016  30.09272956848144531  -23.29293060302734375
 456    15.00000000000000000  30.94934082031250000  -25.88549995422363281
 457    15.00000000000000000  31.77750968933105469  -29.26571083068847656
 458    15.00000000000000000  32.47222900390625000  -35.35960006713867188
 459    13.72770023345947266  24.51725006103515625  -82.91246795654296875
 460    10.90824031829833984  24.51725006103515625  -67.07803344726562500
 461    15.00000000000000000  24.51725006103515625  -68.70529174804687500
 462    12.25119972229003906  24.51725006103515625  -42.20183944702148438
 463    2.19517111778259277  24.51725006103515625  -39.09188842773437500
 464    -6.43372488021850586  24.51725006103515625  -38.52215957641601563
 465    15.00000000000000000  15.52754020690917969  -15.04969978332519531
 466    15.00000000000000000  13.02754020690917969  -12.14768981933593750
 467    15.00000000000000000  8.57441139221191406  -6.97846508026123047
 468    -5.47269821166992188  7.50343084335327148  -5.73518514633178711
 469    15.00000000000000000  -0.02467600069940090  32.99126052856445313
 470    -11.26208019256591797  -0.02467600069940090  20.05238914489746094
 471    15.00000000000000000  4.34213685989379883  4.89624881744384766
 472    15.00000000000000000  5.98876380920410156  2.77191710472106934
 473    15.00000000000000000  7.17076301574707031  4.96690320968627930
 474    15.00000000000000000  23.66839981079101563  -20.06023025512695313
 475    15.00000000000000000  25.17645072937011719  -31.11252975463867188
 476    15.00000000000000000  30.03875923156738281  -34.09840011596679688
 477    0.02748899906873703  27.67881011962890625  -38.06224060058593750
 478    -15.00000000000000000  2.55749106407165527  34.50373840332031250
 479    -15.00000000000000000  28.93431091308593750  -33.79816055297851563
 480    -5.65961408615112305  6.94369792938232422  64.14360046386718750
 481    -7.19890689849853516  7.97532415390014648  33.72980117797851563
 482    -6.44654321670532227  7.97532415390014648  36.52441024780273438
 483    -4.51009798049926758  32.20764923095703125  -31.93078994750976563
 484    -10.42593002319335938  24.51725006103515625  -74.73589324951171875
 485    -9.69033241271972656  24.51725006103515625  -77.79685211181640625
 486    -6.91500520706176758  6.93875408172607422  -5.04956579208374023
 487    2.02278590202331543  0.17653100192546844  10.87199974060058594
 488    -6.00083494186401367  -0.02467600069940090  45.35900878906250000
 489    -4.23088312149047852  -0.02467600069940090  48.06668090820312500
 490    15.00000000000000000  6.56929111480712891  1.16180694103240967
 491    15.00000000000000000  11.03174972534179688  -2.16470909118652344
 492    7.00000000000000000  25.89254951477050781  -67.51542663574218750
 493    -7.00000000000000000  26.41241073608398438  -61.46474838256835938
 494    5.49054718017578125  30.37181091308593750  -49.45708847045898438
 495    12.30646991729736328  32.51725006103515625  -74.32784271240234375
 496    6.72107982635498047  32.51546096801757813  -36.99217987060546875
 497    -4.25917911529541016  32.51725006103515625  -44.42110061645507813
 498    -15.00000000000000000  1.09208595752716064  44.37799072265625000
 499    -15.00000000000000000  1.26450204849243164  47.93400955200195313
 500    -15.00000000000000000  5.09609794616699219  23.84716987609863281
 501    -15.00000000000000000  6.52836513519287109  12.61485004425048828
 502    -15.00000000000000000  3.29807496070861816  54.50904083251953125
 503    -15.00000000000000000  4.01660490036010742  59.26034927368164063
 504    -15.00000000000000000  10.31676006317138672  2.39920401573181152
 505    -15.00000000000000000  13.19340991973876953  -3.78362298011779785
 506    -15.00000000000000000  30.06862068176269531  -46.25299835205078125
 507    10.61571025848388672  1.91443300247192383  64.14360046386718750
 508    9.25165081024169922  0.84332197904586792  64.14360046386718750
 509    10.00327968597412109  5.25073623657226563  64.14360046386718750
 510    -10.38918018341064453  7.97532415390014648  54.46574020385742188
 511    -9.49935245513916016  21.59244918823242188  -9.83272361755371094
 512    -11.10461997985839844  21.47941970825195313  -9.70151805877685547
 513    -9.57470989227294922  23.39444923400878906  -11.93546009063720703
 514    11.88811969757080078  24.51725006103515625  -80.12422180175781250
 515    11.75333023071289063  24.51725006103515625  -39.21519088745117188
 516    -7.45469903945922852  24.51725006103515625  -51.37424850463867188
 517    -1.47969305515289307  24.46216011047363281  -35.23146820068359375
 518    10.85762977600097656  -0.01821400038897991  14.23715019226074219
 519    8.98148918151855469  -0.02467600069940090  45.37456130981445313
 520    10.86133956909179688  -0.02467600069940090  48.04146957397460938
 521    -3.03014993667602539  -0.02467600069940090  23.67049980163574219
 522    -8.82577705383300781  -0.02467600069940090  32.55350112915039063
 523    -8.92682075500488281  -0.02467600069940090  29.67886924743652344
 524    6.18461799621582031  -0.02467600069940090  57.47932815551757813
 525    6.55290412902832031  -0.02467600069940090  54.98258972167968750
 526    -8.82746601104736328  -0.02467600069940090  57.49496078491210938
 527    -8.49500560760498047  -0.02467600069940090  54.90333938598632813
 528    15.00000000000000000  2.74336695671081543  56.52981948852539063
 529    15.00000000000000000  14.82186031341552734  -12.33882999420166016
 530    15.00000000000000000  29.18754005432128906  -23.77839088439941406
 531    6.83170604705810547  28.76733970642089844  -53.45590972900390625
 532    7.00000000000000000  25.70273971557617188  -85.03685760498046875
 533    7.00000000000000000  29.39794921875000000  -70.09391784667968750
 534    -7.00000000000000000  26.94241905212402344  -59.85322952270507813
 535    -1.97093498706817627  27.95399093627929688  -41.23144912719726563
 536    -5.20674896240234375  31.17361068725585938  -48.79381179809570313
 537    -4.20357704162597656  31.81361961364746094  -46.44932174682617188
 538    -0.22648899257183075  25.10853004455566406  -38.06528854370117188
 539    3.59151506423950195  27.98789024353027344  -45.01887893676757813
 540    8.91905593872070313  32.51725006103515625  -84.74366760253906250
 541    8.30373954772949219  32.51725006103515625  -57.56671905517578125
 542    10.05585956573486328  32.51725006103515625  -59.42686080932617188
 543    12.03995990753173828  32.51725006103515625  -64.32032775878906250
 544    -7.42163801193237305  32.51725006103515625  -40.32170104980468750
 545    -9.93645191192626953  32.51725006103515625  -51.05522155761718750
 546    -11.11534023284912109  32.51725006103515625  -49.24029922485351563
 547    -9.73433017730712891  32.51725006103515625  -76.05843353271484375
 548    -9.62082099914550781  32.51725006103515625  -85.40032196044921875
 549    -10.27169990539550781  32.51725006103515625  -83.75392913818359375
 550    -11.49141025543212891  27.51663970947265625  -86.62521362304687500
 551    -15.00000000000000000  6.70503282546997070  42.10176086425781250
 552    -15.00000000000000000  7.06680202484130859  44.81087112426757813
 553    -15.00000000000000000  9.23634147644042969  1.65194404125213623
 554    -15.00000000000000000  17.26548004150390625  -9.43809700012207031
 555    -15.00000000000000000  21.02288055419921875  -17.88805007934570313
 556    -15.00000000000000000  21.68137931823730469  -20.80493927001953125
 557    -15.00000000000000000  26.09326934814453125  -55.62083053588867188
 558    2.28755593299865723  1.11890304088592529  64.14360046386718750
 559    -3.63989996910095215  5.10244798660278320  64.14360046386718750
 560    -2.10358810424804688  6.87369394302368164  64.14360046386718750
 561    -3.57520103454589844  7.97532415390014648  25.71125984191894531
 562    -1.67723798751831055  7.98525619506835938  14.07853984832763672
 563    7.06375694274902344  8.06384944915771484  12.38675022125244141
 564    1.42223203182220459  9.08673286437988281  7.30810499191284180
 565    -3.22908997535705566  18.80855941772460938  -6.60116386413574219
 566    -2.37756896018981934  21.26305007934570313  -9.45035457611083984
 567    8.16632366180419922  24.51725006103515625  -85.16605377197265625
 568    7.60283184051513672  24.51725006103515625  -40.08779907226562500
 569    -8.60041332244873047  24.51725006103515625  -37.52758026123046875
 570    -7.68797779083251953  24.51725006103515625  -40.39358139038085938
 571    -5.04260683059692383  24.51725006103515625  -43.24375915527343750
 572    -9.74657440185546875  24.51725006103515625  -45.26972961425781250
 573    -10.38066005706787109  24.51725006103515625  -81.08290100097656250
 574    -12.30156993865966797  24.48859977722167969  -35.90029907226562500
 575    -2.95339107513427734  24.38763999938964844  -33.97185897827148438
 576    -0.91793602705001831  23.84966087341308594  -30.44477081298828125
 577    0.56457000970840454  23.94618034362792969  -30.91893005371093750
 578    1.29749405384063721  22.88670921325683594  -26.94124984741210938
 579    1.34476196765899658  21.99711990356445313  -24.64715003967285156
 580    0.73503601551055908  20.32290077209472656  -21.36721992492675781
 581    3.88617491722106934  15.52900028228759766  -15.05140018463134766
 582    -3.18302989006042480  11.72264957427978516  -10.63296031951904297
 583    -1.83248305320739746  6.56964778900146484  -4.58551406860351563
 584    0.68423497676849365  5.99525785446166992  -3.85237789154052734
 585    1.09195196628570557  4.43800401687622070  -1.55873405933380127
 586    0.80559599399566650  3.60498404502868652  -0.11987599730491638
 587    2.00939011573791504  3.26475691795349121  0.52205997705459595
 588    1.25943100452423096  2.13221502304077148  3.03773903846740723
 589    1.14397597312927246  0.93847101926803589  6.66676092147827148
 590    -1.14749503135681152  0.72664201259613037  7.54351902008056641
 591    4.57414484024047852  -0.02463999949395657  14.47509002685546875
 592    1.45170605182647705  -0.02467600069940090  33.23694992065429688
 593    -1.80669498443603516  -0.02467600069940090  45.62691116333007813
 594    -1.02533304691314697  -0.02467600069940090  56.86338043212890625
 595    -8.99005413055419922  -0.02467600069940090  44.83055114746093750
 596    15.00000000000000000  4.53778886795043945  49.63471984863281250
 597    15.00000000000000000  4.06026506423950195  36.63526916503906250
 598    15.00000000000000000  4.31701087951660156  10.77035999298095703
 599    15.00000000000000000  17.85125923156738281  -8.72791862487792969
 600    15.00000000000000000  29.45185089111328125  -35.44506835937500000
 601    15.00000000000000000  30.44496917724609375  -31.63413047790527344
 602    6.99999380111694336  28.36371994018554688  -56.04867935180664063
 603    6.96124982833862305  28.49292945861816406  -54.67216110229492188
 604    5.51794719696044922  27.72668075561523438  -49.52128982543945313
 605    7.00000000000000000  29.51152038574218750  -83.90099334716796875
 606    7.00000000000000000  31.02486038208007813  -83.23114776611328125
 607    7.00000000000000000  26.92300033569335938  -66.00965118408203125
 608    7.00000000000000000  25.61013031005859375  -57.79425048828125000
 609    -7.00000000000000000  27.18121910095214844  -58.20299911499023438
 610    -7.00000000000000000  27.39005088806152344  -74.85082244873046875
 611    -7.00000000000000000  29.82348060607910156  -59.72689819335937500
 612    -7.00000000000000000  31.23517990112304688  -78.49913024902343750
 613    -7.00000000000000000  27.32999992370605469  -77.76809692382812500
 614    -7.00000000000000000  28.46237945556640625  -75.51184082031250000
 615    -5.97338581085205078  29.04283905029296875  -50.61206054687500000
 616    -6.19161510467529297  26.42694091796875000  -51.13713836669921875
 617    -6.99998807907104492  28.75654029846191406  -56.14495849609375000
 618    -6.86583518981933594  28.36430931091308594  -53.67124938964843750
 619    -4.04696702957153320  26.17690086364746094  -46.08330917358398438
 620    -1.77548205852508545  31.40066909790039063  -40.77465820312500000
 621    0.99042397737503052  31.51345062255859375  -38.93994140625000000
 622    -1.81118404865264893  29.55648994445800781  -40.85810089111328125
 623    5.22392177581787109  31.43100929260253906  -48.83395004272460938
 624    8.55296325683593750  32.51725006103515625  -69.69035339355468750
 625    13.33876037597656250  32.51725006103515625  -79.62934112548828125
 626    13.76480960845947266  32.51725006103515625  -72.08342742919921875
 627    13.77816009521484375  32.51725006103515625  -69.43567657470703125
 628    11.67745971679687500  32.51725006103515625  -55.24251174926757813
 629    10.55683040618896484  32.51725006103515625  -55.01842117309570313
 630    14.11524963378906250  32.51725006103515625  -57.02645874023437500
 631    12.12436008453369141  32.51725006103515625  -46.71105957031250000
 632    12.93035984039306641  32.51725006103515625  -44.96120834350585938
 633    10.91567993164062500  32.51725006103515625  -42.16590118408203125
 634    6.54611015319824219  32.51725006103515625  -48.74118041992187500
 635    5.12762880325317383  32.51725006103515625  -45.65507125854492188
 636    2.22505402565002441  32.51725006103515625  -39.56803894042968750
 637    7.70026922225952148  32.51272964477539063  -36.73215866088867188
 638    -6.81637382507324219  32.51725006103515625  -38.93233108520507813
 639    -12.59582042694091797  32.51725006103515625  -39.11085128784179688
 640    -8.44697570800781250  32.51725006103515625  -48.64078903198242188
 641    -10.25710964202880859  32.51725006103515625  -46.79254150390625000
 642    12.37493038177490234  25.61137962341308594  -86.62521362304687500
 643    12.38576030731201172  28.27713012695312500  -86.62521362304687500
 644    8.35613346099853516  31.19864082336425781  -86.62521362304687500
 645    -15.00000000000000000  2.51415991783142090  45.28417968750000000
 646    -15.00000000000000000  4.60196399688720703  31.82213973999023438
 647    -15.00000000000000000  1.92085802555084229  9.38092899322509766
 648    -15.00000000000000000  8.11061191558837891  -1.09784400463104248
 649    -15.00000000000000000  9.64624214172363281  -0.13693700730800629
 650    -15.00000000000000000  9.67400836944580078  -1.80661594867706299
 651    -15.00000000000000000  16.42030906677246094  -14.68389987945556641
 652    -15.00000000000000000  14.61756038665771484  -6.20937013626098633
 653    -15.00000000000000000  15.82415008544921875  -7.06504011154174805
 654    -15.00000000000000000  20.42033958435058594  -12.66526031494140625
 655    -15.00000000000000000  19.07239913940429688  -8.85400199890136719
 656    -15.00000000000000000  22.78428077697753906  -17.10622978210449219
 657    -15.00000000000000000  24.83711051940917969  -28.42642974853515625
 658    -15.00000000000000000  26.76158905029296875  -28.71752929687500000
 659    -15.00000000000000000  28.41958999633789063  -29.45922088623046875
 660    -15.00000000000000000  30.66699028015136719  -33.17945098876953125
 661    -15.00000000000000000  31.87137985229492188  -83.04064941406250000
 662    -15.00000000000000000  30.51814079284667969  -80.62544250488281250
 663    -15.00000000000000000  31.65048027038574219  -67.76303863525390625
 664    -15.00000000000000000  27.94746017456054688  -70.98764801025390625
 665    -15.00000000000000000  25.43314933776855469  -64.08270263671875000
 666    -15.00000000000000000  27.09713935852050781  -40.86600112915039063
 667    -15.00000000000000000  5.37096023559570313  11.30113983154296875
 668    -15.00000000000000000  6.31288814544677734  13.75209999084472656
 669    13.34764003753662109  6.71333503723144531  64.14360046386718750
 670    -1.78817403316497803  2.31505203247070313  64.14360046386718750
 671    -9.52996540069580078  1.10560297966003418  64.14360046386718750
 672    3.03040194511413574  4.93424081802368164  64.14360046386718750
 673    8.99933338165283203  6.77072095870971680  64.14360046386718750
 674    2.54921603202819824  6.76731204986572266  64.14360046386718750
 675    -11.44344997406005859  7.97532415390014648  61.38525009155273438
 676    -9.76574039459228516  7.97532415390014648  15.53960037231445313
 677    -7.27513694763183594  7.97532415390014648  16.13760948181152344
 678    -9.57931518554687500  7.99047422409057617  13.87475013732910156
 679    1.02284801006317139  8.00329208374023438  13.51478958129882813
 680    -10.99497985839843750  11.72292041778564453  1.89728200435638428
 681    -4.26850795745849609  11.90960979461669922  1.61403203010559082
 682    -12.09646987915039063  12.27007007598876953  1.10724496841430664
 683    -10.99440956115722656  13.95750045776367188  -0.96693199872970581
 684    11.22274971008300781  16.83255958557128906  -4.30740499496459961
 685    -11.53503036499023438  14.97177982330322266  -2.14740300178527832
 686    9.52508926391601563  22.50811004638671875  -10.89562988281250000
 687    3.48688411712646484  22.55356979370117188  -10.94841003417968750
 688    -5.45306205749511719  21.76918029785156250  -10.03787994384765625
 689    -14.01642990112304688  21.75049018859863281  -10.01618003845214844
 690    -4.91310977935791016  23.24728012084960938  -11.75691032409667969
 691    9.80704689025878906  32.47900009155273438  -35.55020904541015625
 692    14.07736968994140625  24.51725006103515625  -85.24613189697265625
 693    11.21030998229980469  24.51725006103515625  -68.25126647949218750
 694    12.50516986846923828  24.51725006103515625  -75.06793212890625000
 695    12.46934986114501953  24.51725006103515625  -51.34716033935546875
 696    8.32495117187500000  24.51725006103515625  -52.40787124633789063
 697    10.11756992340087891  24.51725006103515625  -43.99237823486328125
 698    9.65955257415771484  24.51239967346191406  -36.68436813354492188
 699    -9.96241664886474609  24.48835945129394531  -35.89439010620117188
 700    -2.70293807983398438  24.51725006103515625  -39.38898849487304688
 701    -8.32790184020996094  24.51725006103515625  -83.99786376953125000
 702    -2.07533502578735352  24.50946998596191406  -36.51715087890625000
 703    -11.73744964599609375  19.51613998413085938  -20.08106994628906250
 704    -2.08499288558959961  17.96047973632812500  -17.94339942932128906
 705    -7.56341314315795898  17.28138923645019531  -17.09349060058593750
 706    -1.06784594058990479  16.93621063232421875  -16.68565940856933594
 707    6.20501279830932617  16.97895050048828125  -16.73461914062500000
 708    11.28715038299560547  13.76523971557617188  -13.00401020050048828
 709    11.60241031646728516  11.42306995391845703  -10.28522014617919922
 710    10.75376987457275391  8.77600479125976563  -7.21247482299804688
 711    -3.29112195968627930  14.16187953948974609  -13.46444034576416016
 712    -12.65989971160888672  13.97642993927001953  -13.24917030334472656
 713    -3.54013609886169434  2.44856691360473633  2.25415205955505371
 714    -2.07050204277038574  0.14183700084686279  11.16333961486816406
 715    -3.87234306335449219  0.16508999466896057  10.96866035461425781
 716    -1.10454702377319336  -0.02467600069940090  15.13031959533691406
 717    13.36551952362060547  -0.02467600069940090  42.46372985839843750
 718    13.81606960296630859  -0.02467600069940090  56.99929046630859375
 719    15.00000000000000000  5.77703285217285156  18.40792083740234375
 720    15.00000000000000000  2.12242603302001953  46.40605926513671875
 721    15.00000000000000000  2.65159296989440918  42.63254928588867188
 722    15.00000000000000000  2.65550804138183594  44.15019989013671875
 723    15.00000000000000000  0.95896697044372559  42.35546112060546875
 724    15.00000000000000000  0.91130501031875610  30.49089050292968750
 725    15.00000000000000000  3.19390010833740234  7.78468990325927734
 726    15.00000000000000000  1.57046604156494141  11.69293022155761719
 727    15.00000000000000000  3.87794208526611328  12.59566974639892578
 728    15.00000000000000000  1.42244005203247070  9.94794559478759766
 729    15.00000000000000000  4.78889799118041992  7.76217222213745117
 730    15.00000000000000000  5.87963294982910156  -1.80277705192565918
 731    15.00000000000000000  9.55363273620605469  2.83391094207763672
 732    15.00000000000000000  10.14914989471435547  -5.41978406906127930
 733    15.00000000000000000  10.45637989044189453  -3.83798503875732422
 734    15.00000000000000000  22.04417037963867188  -15.22220993041992188
 735    15.00000000000000000  22.99016952514648438  -13.50905990600585938
 736    15.00000000000000000  22.42848014831542969  -12.41304016113281250
 737    15.00000000000000000  23.83241081237792969  -23.53492927551269531
 738    15.00000000000000000  24.78727912902832031  -18.64987945556640625
 739    15.00000000000000000  24.26556015014648438  -27.36341094970703125
 740    15.00000000000000000  25.78055953979492188  -27.92283058166503906
 741    15.00000000000000000  28.38328933715820313  -21.04743957519531250
 742    15.00000000000000000  28.03017997741699219  -25.87981986999511719
 743    15.00000000000000000  25.94593048095703125  -36.10691070556640625
 744    15.00000000000000000  30.93791007995605469  -28.65699005126953125
 745    15.00000000000000000  27.33654975891113281  -35.03796005249023438
 746    15.00000000000000000  27.13277053833007813  -63.80080032348632813
 747    15.00000000000000000  29.36651992797851563  -40.54919815063476563
 748    15.00000000000000000  30.09839057922363281  -53.50674057006835938
 749    15.00000000000000000  31.57888031005859375  -71.94777679443359375
 750    7.00000000000000000  29.02708053588867188  -64.06729125976562500
 751    -7.00000000000000000  27.05801010131835938  -70.27539825439453125
 752    -4.84990406036376953  31.93765068054199219  -47.95983886718750000
 753    -0.63634902238845825  29.10577964782714844  -38.35654067993164063
 754    9.55480384826660156  32.51725006103515625  -79.53179931640625000
 755    11.34615993499755859  32.51725006103515625  -78.98990631103515625
 756    11.44882965087890625  32.51725006103515625  -85.12838745117187500
 757    8.94448280334472656  32.51725006103515625  -50.62686920166015625
 758    -12.43953990936279297  32.51108169555664063  -36.55929183959960938
 759    -9.06614398956298828  32.51725006103515625  -80.56485748291015625
 760    -9.65737438201904297  32.51725006103515625  -79.47582244873046875
 761    -15.00000000000000000  12.83930015563964844  -6.55942487716674805
 762    -15.00000000000000000  20.94836997985839844  -19.40953063964843750
 763    -15.00000000000000000  26.44010925292968750  -58.04356002807617188
 764    7.62455797195434570  2.82708096504211426  64.14360046386718750
 765    -4.92512178421020508  7.97532415390014648  39.40053939819335938
 766    -7.29092216491699219  7.97532415390014648  31.00971984863281250
 767    6.12235879898071289  8.64910602569580078  8.80908203125000000
 768    6.22746801376342773  9.09157943725585938  7.29302787780761719
 769    5.90636014938354492  9.99386978149414063  4.97212219238281250
 770    5.81954002380371094  12.24417018890380859  1.14278304576873779
 771    -6.55481719970703125  11.74829006195068359  1.85924601554870605
 772    7.26946592330932617  16.47433090209960938  -3.89157199859619141
 773    -6.17237997055053711  23.93874931335449219  -12.61133003234863281
 774    -5.93498420715332031  32.23252105712890625  -32.16299819946289063
 775    -12.44838047027587891  24.51720046997070313  -37.33972167968750000
 776    -10.87726020812988281  24.51725006103515625  -59.97436904907226563
 777    -6.21469402313232422  24.48781967163085938  -35.88248062133789063
 778    6.94915199279785156  18.93648910522460938  -19.23217964172363281
 779    7.23975419998168945  14.05210971832275391  -13.33701992034912109
 780    -7.32487916946411133  10.27060031890869141  -8.94741153717041016
 781    5.50196790695190430  4.27745008468627930  -1.30769503116607666
 782    1.84298503398895264  -0.02167499996721745  14.16876983642578125
 783    -0.96166801452636719  -0.02467600069940090  48.89598846435546875
 784    15.00000000000000000  5.62907409667968750  60.86824035644531250
 785    15.00000000000000000  2.97356200218200684  28.60117912292480469
 786    15.00000000000000000  5.57959604263305664  4.30240917205810547
 787    15.00000000000000000  17.59692001342773438  -11.11579990386962891
 788    15.00000000000000000  25.18790054321289063  -26.35375976562500000
 789    15.00000000000000000  29.13010025024414063  -71.52715301513671875
 790    6.85364913940429688  27.21043014526367188  -53.56583023071289063
 791    6.45535898208618164  31.16996002197265625  -51.89545822143554688
 792    6.56532287597656250  27.55431938171386719  -52.23627853393554688
 793    7.00000000000000000  29.90486907958984375  -80.60648345947265625
 794    7.00000000000000000  31.57226943969726563  -73.32946014404296875
 795    7.00000000000000000  31.47974014282226563  -63.43431091308593750
 796    -7.00000000000000000  29.01281929016113281  -71.56211853027343750
 797    -5.04916095733642578  29.43927001953125000  -48.42552185058593750
 798    -6.99008989334106445  30.49723052978515625  -55.24580001831054688
 799    -4.81103086471557617  26.72191047668457031  -47.86899185180664063
 800    4.88978290557861328  30.16007041931152344  -48.05303955078125000
 801    2.57298588752746582  27.61701965332031250  -42.63848876953125000
 802    11.18628978729248047  32.51725006103515625  -45.15589904785156250
 803    6.78165102005004883  32.51725006103515625  -44.88505935668945313
 804    9.01717758178710938  32.51725006103515625  -37.69272994995117188
 805    -5.41694879531860352  32.51725006103515625  -37.96480178833007813
 806    -4.30994176864624023  32.51725006103515625  -40.90605926513671875
 807    -11.98550033569335938  32.51725006103515625  -40.27462005615234375
 808    -10.97729969024658203  32.51725006103515625  -38.86476135253906250
 809    -10.90452003479003906  32.51725006103515625  -62.88967132568359375
 810    -15.00000000000000000  1.40411305427551270  42.84775924682617188
 811    -15.00000000000000000  0.99776101112365723  24.64834022521972656
 812    -15.00000000000000000  5.33290195465087891  7.16762399673461914
 813    -15.00000000000000000  4.31426000595092773  3.98922491073608398
 814    -15.00000000000000000  5.56438112258911133  3.98374509811401367
 815    -15.00000000000000000  7.95839977264404297  -4.07424402236938477
 816    -15.00000000000000000  11.35373973846435547  -7.34623908996582031
 817    -15.00000000000000000  16.12948989868164063  -13.16314029693603516
 818    -15.00000000000000000  14.88261032104492188  -3.26255106925964355
 819    -15.00000000000000000  18.98745918273925781  -10.15987968444824219
 820    -15.00000000000000000  20.36549949645996094  -9.67580986022949219
 821    -15.00000000000000000  19.89748001098632813  -13.75520038604736328
 822    -15.00000000000000000  18.92268943786621094  -16.32527923583984375
 823    -15.00000000000000000  30.82308006286621094  -83.15557861328125000
 824    -15.00000000000000000  27.01605033874511719  -73.52091979980468750
 825    -15.00000000000000000  29.73917961120605469  -59.91991043090820313
 826    -15.00000000000000000  31.05035018920898438  -58.36745834350585938
 827    -15.00000000000000000  29.74242019653320313  -52.58464050292968750
 828    -15.00000000000000000  1.28850996494293213  13.68496990203857422
 829    13.27375030517578125  1.79438304901123047  64.14360046386718750
 830    -10.34449005126953125  3.34001088142395020  64.14360046386718750
 831    1.29906594753265381  5.49073791503906250  64.14360046386718750
 832    -8.13097953796386719  7.97532415390014648  61.43362045288085938
 833    -8.45227813720703125  7.97532415390014648  19.09133911132812500
 834    5.68135881423950195  8.05982303619384766  12.37139987945556641
 835    -10.68206977844238281  8.79634189605712891  8.23528861999511719
 836    -9.81881046295166016  8.54845714569091797  9.25112342834472656
 837    12.04263019561767578  8.67865276336669922  8.67728900909423828
 838    -7.45918512344360352  9.30644893646240234  6.66943788528442383
 839    -10.61641979217529297  9.31726169586181641  6.61401605606079102
 840    -7.01953506469726563  10.91003990173339844  3.20353889465332031
 841    -5.65970087051391602  12.09609031677246094  1.34096205234527588
 842    7.74554586410522461  14.50806999206542969  -1.60912096500396729
 843    -9.20764732360839844  15.77752017974853516  -3.08271288871765137
 844    4.87735891342163086  20.88982009887695313  -9.01710605621337891
 845    5.04363107681274414  22.41484069824218750  -10.78736972808837891
 846    8.73931026458740234  24.15810966491699219  -12.88506984710693359
 847    -3.15743303298950195  32.23765182495117188  -32.21084976196289063
 848    4.93279886245727539  32.49087905883789063  -35.88389968872070313
 849    -13.49100017547607422  32.50477981567382813  -36.28712081909179688
 850    12.25413036346435547  32.49251937866210938  -35.93082046508789063
 851    10.27140045166015625  24.51725006103515625  -72.17835998535156250
 852    4.01461887359619141  24.51725006103515625  -37.69419860839843750
 853    5.30248117446899414  24.51725006103515625  -37.93383026123046875
 854    -7.00769901275634766  24.51725006103515625  -44.85686874389648438
 855    -8.14272880554199219  24.51725006103515625  -52.46910095214843750
 856    -8.31394672393798828  24.51725006103515625  -78.35398101806640625
 857    4.21562814712524414  24.27500915527343750  -33.00897979736328125
 858    10.37621974945068359  23.87495994567871094  -30.56266021728515625
 859    -10.38615036010742188  23.19025993347167969  -27.86204910278320313
 860    5.45859193801879883  22.81012916564941406  -26.71027946472167969
 861    10.86727046966552734  22.42715072631835938  -25.67362976074218750
 862    -10.75109958648681641  22.24880981445312500  -25.21533966064453125
 863    10.55338954925537109  21.45393943786621094  -23.45838928222656250
 864    -10.10087966918945313  21.26247978210449219  -23.06782913208007813
 865    -5.74524497985839844  20.23648071289062500  -21.20928001403808594
 866    5.00119686126708984  19.73677062988281250  -20.41345977783203125
 867    9.13555812835693359  18.90245056152343750  -19.17532920837402344
 868    10.59115028381347656  19.07608985900878906  -19.42841911315917969
 869    -4.38123989105224609  16.95926094055175781  -16.71169090270996094
 870    8.15925312042236328  16.11219024658203125  -15.72836971282958984
 871    8.01623725891113281  10.23472976684570313  -8.90577697753906250
 872    -9.53241443634033203  14.83936977386474609  -14.25086975097656250
 873    -13.96457958221435547  14.28894042968750000  -13.61194038391113281
 874    7.82883310317993164  9.35688972473144531  -7.88677215576171875
 875    4.93339586257934570  9.64004039764404297  -8.21545314788818359
 876    1.68320202827453613  9.96587085723876953  -8.59367847442626953
 877    -9.06365776062011719  10.02295017242431641  -8.65994262695312500
 878    9.30051422119140625  5.10528898239135742  -2.59191107749938965
 879    -11.19260978698730469  4.50095510482788086  -1.67533898353576660
 880    6.18690299987792969  2.88447594642639160  1.30900502204895020
 881    10.86695003509521484  2.53376102447509766  2.06429696083068848
 882    -7.55718517303466797  2.61527705192565918  1.88905000686645508
 883    6.18742418289184570  1.81302201747894287  3.87173891067504883
 884    -12.30620002746582031  1.93587601184844971  3.54090189933776855
 885    3.81545805931091309  1.04131102561950684  6.29863214492797852
 886    -7.51922178268432617  0.86799097061157227  6.96926784515380859
 887    8.79851531982421875  0.33238598704338074  9.60656356811523438
 888    -9.96382713317871094  0.23934100568294525  10.34547996520996094
 889    13.85505008697509766  0.09327299892902374  11.76484012603759766
 890    5.65116786956787109  0.03662199899554253  12.59282016754150391
 891    -7.46549415588378906  -0.00414500012993813  13.74547958374023438
 892    13.76165008544921875  -0.02467600069940090  14.83158969879150391
 893    14.04889011383056641  -0.02467600069940090  26.24127006530761719
 894    13.93146038055419922  -0.02467600069940090  48.72401809692382813
 895    2.33112907409667969  -0.02467600069940090  51.87749099731445313
 896    -12.86452960968017578  -0.02467600069940090  52.18165969848632813
 897    15.00000000000000000  2.08006405830383301  50.51551055908203125
 898    15.00000000000000000  0.89296197891235352  47.98328018188476563
 899    15.00000000000000000  1.52440404891967773  24.61585044860839844
 900    15.00000000000000000  1.02083599567413330  18.02411079406738281
 901    15.00000000000000000  5.93042707443237305  14.54862976074218750
 902    15.00000000000000000  7.32136583328247070  6.63461589813232422
 903    15.00000000000000000  9.38968658447265625  -2.29497909545898438
 904    15.00000000000000000  14.19058036804199219  -4.13669919967651367
 905    15.00000000000000000  15.34784030914306641  -4.51556205749511719
 906    15.00000000000000000  30.52934074401855469  -30.03463935852050781
 907    15.00000000000000000  31.12315940856933594  -35.60691833496093750
 908    15.00000000000000000  26.72352981567382813  -82.48139953613281250
 909    7.00000000000000000  28.04850006103515625  -86.62521362304687500
 910    -7.00000000000000000  30.39225006103515625  -86.62521362304687500
 911    -6.48706483840942383  28.85606956481933594  -52.00046920776367188
 912    -1.52820694446563721  27.68627929687500000  -40.19675064086914063
 913    -0.03444499894976616  25.76100921630859375  -38.04661178588867188
 914    0.14352299273014069  31.80426025390625000  -38.05635833740234375
 915    1.74539899826049805  28.13414001464843750  -40.70434951782226563
 916    3.42333102226257324  31.62060928344726563  -44.62582015991210938
 917    10.40474033355712891  32.51725006103515625  -37.69356918334960938
 918    -8.54769992828369141  32.51725006103515625  -39.49348068237304688
 919    -9.36727333068847656  32.51725006103515625  -45.47026824951171875
 920    -8.72748279571533203  32.51725006103515625  -54.67461013793945313
 921    -8.75000000000000000  32.51725006103515625  -86.62521362304687500
 922    -10.56250000000000000  32.51725006103515625  -86.62521362304687500
 923    -10.41783046722412109  31.44290924072265625  -86.62521362304687500
 924    8.37326145172119141  26.87970924377441406  -86.62521362304687500
 925    15.00000000000000000  29.64225006103515625  -86.62521362304687500
 926    -15.00000000000000000  3.91018199920654297  11.58020973205566406
 927    -15.00000000000000000  7.41859102249145508  9.47222614288330078
 928    -15.00000000000000000  14.59918022155761719  -9.22678375244140625
 929    -15.00000000000000000  13.14937019348144531  -10.58650970458984375
 930    -15.00000000000000000  17.06760025024414063  -7.52635002136230469
 931    -15.00000000000000000  23.51523017883300781  -15.66660022735595703
 932    -15.00000000000000000  25.92664909362792969  -26.79126930236816406
 933    -15.00000000000000000  30.79772949218750000  -61.06632995605468750
 934    -12.75146007537841797  7.97532415390014648  64.14360046386718750
 935    -2.93249702453613281  7.97532415390014648  16.49247932434082031
 936    13.68095970153808594  8.18225288391113281  11.29753017425537109
 937    -4.93804502487182617  8.07730865478515625  12.18167018890380859
 938    12.01241970062255859  8.28703212738037109  10.53909969329833984
 939    -5.45372390747070313  8.46290111541748047  9.63066864013671875
 940    -5.47805595397949219  9.27079200744628906  6.75198888778686523
 941    0.60914099216461182  15.48042964935302734  -2.73784899711608887
 942    -0.49274900555610657  21.19953918457031250  -9.37663364410400391
 943    -0.90734601020812988  22.76777076721191406  -11.19703960418701172
 944    -9.66917324066162109  17.99460983276367188  -5.65632295608520508
 945    -2.31125593185424805  24.24123954772949219  -12.98880004882812500
 946    8.75000000000000000  24.51725006103515625  -86.62521362304687500
 947    7.28116607666015625  24.51725006103515625  -44.47513961791992188
 948    -9.14298725128173828  24.51725006103515625  -41.17296981811523438
 949    -4.13526105880737305  24.51725006103515625  -44.12765121459960938
 950    -8.23402786254882813  24.51725006103515625  -49.11225128173828125
 951    8.07778644561767578  24.48348045349121094  -35.77099990844726563
 952    -10.75098991394042969  20.86648941040039063  -22.32352066040039063
 953    0.46748200058937073  12.74137973785400391  -11.81550979614257813
 954    -5.43631601333618164  12.84508037567138672  -11.93587970733642578
 955    -9.54899501800537109  12.50963973999023438  -11.54650974273681641
 956    -13.55595970153808594  12.32067966461181641  -11.32715988159179688
 957    -13.60509014129638672  6.93331623077392578  -5.04222106933593750
 958    -9.27539920806884766  1.88105797767639160  3.68852400779724121
 959    7.15967178344726563  0.29844000935554504  9.84914588928222656
 960    -0.25108700990676880  0.05130200088024139  12.22142982482910156
 961    1.55738401412963867  -0.02467600069940090  15.51904964447021484
 962    -9.34022235870361328  -0.02467600069940090  39.87305068969726563
 963    -13.23770046234130859  -0.02467600069940090  39.80746078491210938
 964    15.00000000000000000  4.03782415390014648  64.14360046386718750
 965    15.00000000000000000  5.60032415390014648  64.14360046386718750
 966    15.00000000000000000  8.22016334533691406  1.37311398983001709
 967    15.00000000000000000  9.50788307189941406  1.06546199321746826
 968    15.00000000000000000  15.10459041595458984  -9.50493335723876953
 969    15.00000000000000000  17.63694953918457031  -12.33049964904785156
 970    15.00000000000000000  21.89550018310546875  -19.49741935729980469
 971    15.00000000000000000  28.41371917724609375  -22.82835006713867188
 972    15.00000000000000000  29.20121002197265625  -30.85074043273925781
 973    15.00000000000000000  28.23233032226562500  -82.22686767578125000
 974    7.00000000000000000  26.72034072875976563  -56.50783157348632813
 975    6.98824310302734375  27.02194023132324219  -55.13784027099609375
 976    6.05984783172607422  30.04879951477050781  -50.80604171752929688
 977    7.00000000000000000  24.51725006103515625  -67.56359863281250000
 978    7.00000000000000000  32.51725006103515625  -83.92839050292968750
 979    7.00000000000000000  32.51725006103515625  -80.00575256347656250
 980    7.00000000000000000  32.51725006103515625  -75.63873291015625000
 981    7.00000000000000000  32.51725006103515625  -60.20479965209960938
 982    7.00000000000000000  32.51725006103515625  -56.65372848510742188
 983    -7.00000000000000000  24.51725006103515625  -56.83760070800781250
 984    -7.00000000000000000  25.45730018615722656  -56.10618972778320313
 985    -7.00000000000000000  24.51725006103515625  -69.06523895263671875
 986    -7.00000000000000000  24.51725006103515625  -76.32826232910156250
 987    -7.00000000000000000  32.51725006103515625  -59.50378036499023438
 988    -7.00000000000000000  32.51725006103515625  -82.27352905273437500
 989    -6.30467319488525391  31.56843948364257813  -51.46035003662109375
 990    -3.72094488143920898  24.51725006103515625  -45.32136917114257813
 991    -5.53427791595458984  24.51725006103515625  -49.55926895141601563
 992    -1.69124805927276611  32.51725006103515625  -40.57780075073242188
 993    1.70155096054077148  32.51725006103515625  -40.60187911987304688
 994    1.64946496486663818  25.44074058532714844  -40.48014831542968750
 995    2.17549109458923340  24.51725006103515625  -41.70951080322265625
 996    5.53427696228027344  32.51725006103515625  -49.55926895141601563
 997    4.87488412857055664  32.51725006103515625  -48.01821899414062500
 998    4.21548986434936523  32.51725006103515625  -46.47716140747070313
 999    3.49427795410156250  32.51725006103515625  -44.79162979125976563
1000    9.89277744293212891  32.51725006103515625  -50.73051071166992188
1001    12.03542995452880859  32.51725006103515625  -43.43188095092773438
1002    3.58035397529602051  32.51725006103515625  -39.09917068481445313
1003    -6.88001298904418945  32.51725006103515625  -49.34273910522460938
1004    -7.01916217803955078  32.51725006103515625  -50.84217834472656250
1005    -7.92839097976684570  32.51725006103515625  -53.35779190063476563
1006    -13.93031978607177734  32.51725006103515625  -38.74814987182617188
1007    -9.69986152648925781  32.51725006103515625  -61.61893081665039063
1008    -12.99028015136718750  32.51725006103515625  -81.59365844726562500
1009    -15.00000000000000000  32.51725006103515625  -83.69553375244140625
1010    -13.12500000000000000  32.51725006103515625  -86.62521362304687500
1011    -11.75000000000000000  32.51725006103515625  -86.62521362304687500
1012    -15.00000000000000000  29.53288078308105469  -86.62521362304687500
1013    -10.75000000000000000  24.51725006103515625  -86.62521362304687500
1014    -12.25000000000000000  24.51725006103515625  -86.62521362304687500
1015    -13.62500000000000000  24.51725006103515625  -86.62521362304687500
1016    15.00000000000000000  25.64225006103515625  -86.62521362304687500
1017    -15.00000000000000000  -0.02467600069940090  36.21390914916992188
1018    -15.00000000000000000  -0.02467600069940090  29.13382911682128906
1019    -15.00000000000000000  -0.02467600069940090  23.27445983886718750
1020    -15.00000000000000000  3.66679692268371582  12.87508010864257813
1021    -15.00000000000000000  3.27335309982299805  7.47358179092407227
1022    -15.00000000000000000  1.94819998741149902  7.74526405334472656
1023    -15.00000000000000000  3.22532391548156738  64.14360046386718750
1024    -15.00000000000000000  7.97532415390014648  35.92094039916992188
1025    -15.00000000000000000  7.97532415390014648  23.42094039916992188
1026    -15.00000000000000000  6.98321580886840820  -0.00031500001205131
1027    -15.00000000000000000  9.07619667053222656  4.75652694702148438
1028    -15.00000000000000000  12.61991024017333984  -0.81513899564743042
1029    -15.00000000000000000  23.13047981262207031  -13.99580001831054688
1030    -15.00000000000000000  22.35763931274414063  -18.32471084594726563
1031    -15.00000000000000000  22.90675926208496094  -24.67793083190917969
1032    -15.00000000000000000  24.92361068725585938  -21.52088928222656250
1033    -15.00000000000000000  28.47484016418457031  -23.81319046020507813
1034    -15.00000000000000000  30.30886077880859375  -37.01766967773437500
1035    -15.00000000000000000  26.53274917602539063  -78.20744323730468750
1036    -15.00000000000000000  24.51725006103515625  -83.98848724365234375
1037    -15.00000000000000000  24.51725006103515625  -64.35958862304687500
1038    -15.00000000000000000  3.01081609725952148  15.39398956298828125
1039    15.00000000000000000  1.22532403469085693  64.14360046386718750
1040    15.00000000000000000  2.22532391548156738  64.14360046386718750
1041    -6.15014600753784180  2.62786698341369629  64.14360046386718750
1042    9.60937500000000000  7.97532415390014648  64.14360046386718750
1043    15.00000000000000000  7.97532415390014648  20.58890914916992188
1044    9.75726795196533203  7.97532415390014648  33.32572937011718750
1045    8.60555267333984375  7.97532415390014648  18.53306007385253906
1046    7.80569219589233398  13.48418998718261719  -0.41727700829505920
1047    15.00000000000000000  15.65110969543457031  -2.93597698211669922
1048    15.00000000000000000  16.90110969543457031  -4.38698816299438477
1049    15.00000000000000000  18.15110969543457031  -5.83799600601196289
1050    15.00000000000000000  19.40110969543457031  -7.28900623321533203
1051    15.00000000000000000  20.57299041748046875  -8.64932632446289063
1052    15.00000000000000000  22.83860969543457031  -11.27927970886230469
1053    10.44122028350830078  22.93716049194335938  -11.39433956146240234
1054    6.76836013793945313  22.27054977416992188  -10.62020969390869141
1055    -10.01243972778320313  32.28556823730468750  -32.65843963623046875
1056    8.13504791259765625  24.51725006103515625  -69.39469909667968750
1057    7.80730581283569336  24.51725006103515625  -61.62263107299804688
1058    14.13302993774414063  24.51725006103515625  -75.47279357910156250
1059    15.00000000000000000  24.51725006103515625  -71.68380737304687500
1060    13.87104034423828125  24.51725006103515625  -40.49306106567382813
1061    11.75084972381591797  24.51725006103515625  -43.35480117797851563
1062    -9.55480098724365234  24.51725006103515625  -49.54244995117187500
1063    -14.10577964782714844  24.51725006103515625  -40.91817092895507813
1064    -13.59099006652832031  24.47193908691406250  -35.47875976562500000
1065    0.88236099481582642  24.47827911376953125  -35.63936996459960938
1066    -12.44715976715087891  17.54722976684570313  -17.42345046997070313
1067    7.68498611450195313  17.15385055541992188  -16.93884086608886719
1068    15.00000000000000000  10.52754020690917969  -9.24566745758056641
1069    15.00000000000000000  7.48066091537475586  -5.70883178710937500
1070    -8.55637073516845703  15.81925010681152344  -15.38831996917724609
1071    11.15351009368896484  7.91918087005615234  -6.21428680419921875
1072    9.24479770660400391  0.06272500008344650  11.97175979614257813
1073    -8.45843887329101563  -0.02447300031781197  14.96687030792236328
1074    -5.44516897201538086  -0.02467600069940090  29.94384002685546875
1075    15.00000000000000000  3.92747592926025391  16.64932060241699219
1076    15.00000000000000000  2.27078795433044434  15.99647998809814453
1077    15.00000000000000000  1.72302103042602539  8.25571441650390625
1078    15.00000000000000000  8.52248382568359375  5.56362581253051758
1079    15.00000000000000000  9.23537826538085938  -4.29781198501586914
1080    15.00000000000000000  8.14018154144287109  -4.79845809936523438
1081    15.00000000000000000  8.17774868011474609  -0.18100699782371521
1082    15.00000000000000000  10.78427028656005859  1.84646403789520264
1083    15.00000000000000000  7.64959907531738281  -3.20209693908691406
1084    15.00000000000000000  19.41869926452636719  -14.50104999542236328
1085    15.00000000000000000  19.94800949096679688  -17.41880989074707031
1086    15.00000000000000000  30.16053962707519531  -46.00790023803710938
1087    13.80661010742187500  32.51132965087890625  -36.60958862304687500
1088    -7.66859722137451172  7.97532415390014648  34.95392990112304688
1089    -5.82942199707031250  19.86591911315917969  -7.82855796813964844
1090    -11.29319953918457031  24.51725006103515625  -62.51049041748046875
1091    -5.46168804168701172  10.67469978332519531  -9.41649436950683594
1092    -7.00000000000000000  26.82229042053222656  -81.97798919677734375
1093    11.73239040374755859  32.51725006103515625  -40.46968078613281250
1094    -10.11682987213134766  32.51725006103515625  -40.24777984619140625
1095    -15.00000000000000000  4.42118215560913086  54.10007095336914063
1096    -15.00000000000000000  22.17502975463867188  -22.32765007019042969
1097    -10.83080005645751953  7.97532415390014648  25.37952995300292969
1098    9.79775428771972656  19.88305091857910156  -7.84844398498535156
1099    10.89484977722167969  20.47569084167480469  -8.53638172149658203
1100    8.40296936035156250  32.43157958984375000  -34.26501846313476563
1101    -10.98077011108398438  32.45584869384765625  -34.89889907836914063
1102    4.91219902038574219  24.51725006103515625  -40.42910003662109375
1103    -10.18367004394531250  24.51725006103515625  -57.04460906982421875
1104    9.71363639831542969  10.63298988342285156  -9.36807918548583984
1105    11.47585964202880859  10.24073982238769531  -8.91275787353515625
1106    -5.10342979431152344  15.87403964996337891  -15.45193004608154297
1107    4.62182617187500000  8.62492656707763672  -7.03710317611694336
1108    5.62042188644409180  -0.02467600069940090  55.34260940551757813
1109    -9.41449165344238281  -0.02467600069940090  55.37882995605468750
1110    15.00000000000000000  5.54748201370239258  13.40007972717285156
1111    7.00000000000000000  31.35091018676757813  -68.27382659912109375
1112    -9.38175964355468750  32.51039123535156250  -36.48649978637695313
1113    -8.65715026855468750  32.51725006103515625  -47.24851989746093750
1114    10.29775047302246094  27.18609046936035156  -86.62521362304687500
1115    -15.00000000000000000  6.88077497482299805  10.94729995727539063
1116    -15.00000000000000000  28.63931083679199219  -32.00185012817382813
1117    -15.00000000000000000  29.54055023193359375  -78.51004791259765625
1118    -4.33375883102416992  7.97532415390014648  27.00805091857910156
1119    -0.62011498212814331  8.43032741546630859  9.77627658843994141
1120    -0.48698499798774719  10.53310966491699219  3.89413094520568848
1121    10.04405021667480469  17.44391059875488281  -5.01706790924072266
1122    9.30368423461914063  24.51725006103515625  -51.00819015502929688
1123    9.08779335021972656  24.51725006103515625  -46.52056884765625000
1124    -9.61039733886718750  24.51725006103515625  -46.76657104492187500
1125    -11.63751029968261719  24.51725006103515625  -67.87358093261718750
1126    0.32582598924636841  23.65175056457519531  -29.57378005981445313
1127    10.04444026947021484  13.12662982940673828  -12.26270961761474609
1128    -0.12157200276851654  5.23176622390747070  -2.77952599525451660
1129    1.71343302726745605  -0.02467600069940090  34.66244888305664063
1130    -1.64438796043395996  -0.02467600069940090  43.04703140258789063
1131    -1.83729994297027588  -0.02467600069940090  55.41431045532226563
1132    15.00000000000000000  3.36835503578186035  15.10293006896972656
1133    5.68021202087402344  26.02840042114257813  -49.90039062500000000
1134    -5.94118213653564453  30.63231086730957031  -50.51321029663085938
1135    -4.44779586791992188  27.88410949707031250  -47.02008056640625000
1136    10.63751983642578125  32.51725006103515625  -53.44569015502929688
1137    -3.09024095535278320  32.51725006103515625  -41.57159042358398438
1138    -9.74858856201171875  32.51725006103515625  -41.92676925659179688
1139    -11.98886013031005859  32.51725006103515625  -37.94321060180664063
1140    -9.86020088195800781  32.51725006103515625  -48.10474014282226563
1141    -15.00000000000000000  18.84774017333984375  -13.18058967590332031
1142    -15.00000000000000000  25.48756027221679688  -65.37098693847656250
1143    10.70934963226318359  6.93640279769897461  64.14360046386718750
1144    -13.38393020629882813  7.97532415390014648  58.97266006469726563
1145    -4.29307222366333008  7.97532415390014648  60.08329010009765625
1146    -12.95160007476806641  7.97532415390014648  46.33742141723632813
1147    1.87779998779296875  7.97532415390014648  25.36008071899414063
1148    -10.07470989227294922  8.25492668151855469  10.75988006591796875
1149    -9.07937908172607422  8.39462089538574219  9.96555995941162109
1150    1.87037003040313721  8.20872783660888672  11.09836006164550781
1151    1.35667800903320313  8.55566787719726563  9.21929836273193359
1152    12.65771961212158203  9.09701919555664063  7.27620506286621094
1153    1.60259997844696045  9.75301742553710938  5.53512620925903320
1154    2.04488801956176758  10.56978988647460938  3.82528400421142578
1155    8.42266464233398438  24.51725006103515625  -58.14295959472656250
1156    8.02155494689941406  24.51725006103515625  -45.50183105468750000
1157    -9.55791091918945313  24.51725006103515625  -38.48995971679687500
1158    -6.57618379592895508  24.51725006103515625  -48.30574035644531250
1159    -0.44298800826072693  24.46117019653320313  -35.20669937133789063
1160    -9.07959079742431641  24.38298988342285156  -33.97851943969726563
1161    6.20900106430053711  24.35565948486328125  -33.68629074096679688
1162    -2.51251697540283203  24.02259063720703125  -31.30031967163085938
1163    1.60971999168395996  18.10408973693847656  -18.12446022033691406
1164    12.28966999053955078  16.35710906982421875  -16.01268005371093750
1165    12.41926956176757813  8.66009426116943359  -7.07792615890502930
1166    1.18928599357604980  10.87802982330322266  -9.65251636505126953
1167    1.14663505554199219  8.06630897521972656  -6.38865613937377930
1168    13.36853981018066406  1.37756800651550293  5.11713600158691406
1169    -2.74163508415222168  0.36528599262237549  9.45152091979980469
1170    1.22572004795074463  0.34879601001739502  9.46552085876464844
1171    13.49577999114990234  0.20701999962329865  10.62736034393310547
1172    13.17216968536376953  -0.02467600069940090  55.07157135009765625
1173    -2.78628993034362793  -0.02467600069940090  30.56524085998535156
1174    -13.08615970611572266  -0.02467600069940090  23.21338081359863281
1175    3.40303897857666016  -0.02467600069940090  60.09304046630859375
1176    -4.08945417404174805  -0.02467600069940090  60.07966995239257813
1177    -11.55086994171142578  -0.02467600069940090  60.15121078491210938
1178    15.00000000000000000  3.77228903770446777  48.43338012695312500
1179    15.00000000000000000  2.06618809700012207  14.51179027557373047
1180    15.00000000000000000  22.70014953613281250  -23.10745048522949219
1181    -4.01168584823608398  30.68099975585937500  -46.00085067749023438
1182    10.69723987579345703  32.51725006103515625  -80.75340270996093750
1183    12.17002964019775391  32.51725006103515625  -79.66692352294921875
1184    12.26930046081542969  32.51725006103515625  -37.58325958251953125
1185    -10.20195960998535156  32.51725006103515625  -53.89390945434570313
1186    -10.94822978973388672  7.97532415390014648  37.55054855346679688
1187    6.46804523468017578  17.28362083435058594  -4.83099603652954102
1188    2.57999992370605469  16.30310058593750000  -3.69280600547790527
1189    -6.77124691009521484  32.47711944580078125  -35.49703979492187500
1190    10.69122982025146484  24.51725006103515625  -53.64587020874023438
1191    5.66145801544189453  20.40291023254394531  -21.50180053710937500
1192    -4.83491086959838867  17.86278915405273438  -17.82044982910156250
1193    6.32992601394653320  13.25841045379638672  -12.41569042205810547
1194    2.17356991767883301  14.15132999420166016  -13.45219993591308594
1195    -6.53793621063232422  11.22640991210937500  -10.05692958831787109
1196    5.29468917846679688  0.33456099033355713  9.56016445159912109
1197    -6.01663923263549805  0.33065500855445862  9.62815856933593750
1198    -5.53526496887207031  0.17894800007343292  10.85182952880859375
1199    -3.41078305244445801  0.05500699952244759  12.12769985198974609
1200    3.25620102882385254  -0.02467600069940090  14.60937976837158203
1201    -1.77187204360961914  -0.02467600069940090  49.44866943359375000
1202    -6.27396202087402344  -0.02467600069940090  43.99737930297851563
1203    6.93540811538696289  31.28657913208007813  -54.28722000122070313
1204    7.00000000000000000  26.74494934082031250  -69.87085723876953125
1205    7.00000000000000000  27.78362083435058594  -70.73959350585937500
1206    7.00000000000000000  31.65917968750000000  -61.74140930175781250
1207    -7.00000000000000000  28.01470947265625000  -81.03014373779296875
1208    -5.58988618850708008  30.23311996459960938  -49.68986129760742188
1209    1.21554899215698242  28.83579063415527344  -39.46604919433593750
1210    13.69962024688720703  32.51725006103515625  -73.73779296875000000
1211    11.37203979492187500  32.51725006103515625  -49.99288940429687500
1212    13.15779972076416016  32.51725006103515625  -50.06071853637695313
1213    6.07560205459594727  32.51725006103515625  -47.50852966308593750
1214    6.67861986160278320  32.51725006103515625  -46.21046829223632813
1215    -8.45627403259277344  32.51725006103515625  -50.10494995117187500
1216    -12.39134979248046875  32.51725006103515625  -71.05432128906250000
1217    -13.24046993255615234  32.51725006103515625  -72.46346282958984375
1218    -11.75475025177001953  32.51725006103515625  -80.58148956298828125
1219    11.18430995941162109  26.18000984191894531  -86.62521362304687500
1220    -15.00000000000000000  14.66460990905761719  -13.08942031860351563
1221    -15.00000000000000000  16.80903053283691406  -11.97504997253417969
1222    -15.00000000000000000  20.56232070922851563  -11.19416999816894531
1223    -15.00000000000000000  29.83337020874023438  -29.08587074279785156
1224    -15.00000000000000000  31.46962928771972656  -49.98215103149414063
1225    7.73155784606933594  1.58863496780395508  64.14360046386718750
1226    12.07452964782714844  6.09414291381835938  64.14360046386718750
1227    -8.70404720306396484  7.97532415390014648  59.81866836547851563
1228    -9.41935253143310547  7.97532415390014648  52.53490829467773438
1229    -11.95965957641601563  7.97532415390014648  53.85820007324218750
1230    -13.06914997100830078  7.97532415390014648  52.41484069824218750
1231    5.52039623260498047  7.97532415390014648  25.49559020996093750
1232    5.95280790328979492  7.99111413955688477  14.08253002166748047
1233    10.63121032714843750  8.16835784912109375  11.40182971954345703
1234    10.49217987060546875  8.02272033691406250  13.07789039611816406
1235    -8.74824428558349609  8.18545532226562500  11.27186965942382813
1236    -11.56443977355957031  10.11647987365722656  4.70564079284667969
1237    9.69659233093261719  15.70915985107421875  -3.00336003303527832
1238    9.26274490356445313  14.56814002990722656  -1.67885100841522217
1239    -6.60371923446655273  26.41503906250000000  -15.99234008789062500
1240    8.86595916748046875  25.81607055664062500  -15.11783027648925781
1241    7.64671611785888672  26.04277038574218750  -15.44606018066406250
1242    8.99918746948242188  27.26408004760742188  -17.39429092407226563
1243    7.61394691467285156  27.40369033813476563  -17.63075065612792969
1244    -8.25001716613769531  28.44318008422851563  -19.55979919433593750
1245    9.00591373443603516  28.54969978332519531  -19.77362060546875000
1246    7.66463613510131836  28.69696044921875000  -20.06918907165527344
1247    -8.36398887634277344  29.57595062255859375  -22.02796936035156250
1248    -7.67308998107910156  30.13028907775878906  -23.38635063171386719
1249    9.00731468200683594  29.66109085083007813  -22.23443984985351563
1250    7.64980316162109375  29.78636932373046875  -22.53824996948242188
1251    8.99097537994384766  30.59024047851562500  -24.75418090820312500
1252    7.61032104492187500  30.66728973388671875  -24.98669052124023438
1253    6.80629777908325195  31.02088928222656250  -26.09576988220214844
1254    -7.44916582107543945  31.48476028442382813  -27.90686988830566406
1255    -8.00451946258544922  31.82478904724121094  -29.52038955688476563
1256    7.92617082595825195  31.58843994140625000  -28.31657981872558594
1257    -8.71532154083251953  32.17182922363281250  -31.59729957580566406
1258    9.79671859741210938  24.51725006103515625  -73.27989959716796875
1259    11.63113975524902344  24.51725006103515625  -71.69225311279296875
1260    3.48928093910217285  24.51725006103515625  -40.82654953002929688
1261    2.56356310844421387  24.51725006103515625  -37.38105010986328125
1262    -6.14284896850585938  24.51725006103515625  -46.48443984985351563
1263    -9.41785144805908203  24.51725006103515625  -52.54840087890625000
1264    -8.33669281005859375  24.51725006103515625  -55.38367080688476563
1265    -12.50454998016357422  24.51725006103515625  -51.86248016357421875
1266    9.61745357513427734  24.46950912475585938  -35.41732025146484375
1267    10.19519996643066406  24.40867996215820313  -34.19406890869140625
1268    -10.79992961883544922  23.98969078063964844  -31.13649940490722656
1269    7.07610702514648438  23.87194061279296875  -30.54785919189453125
1270    9.92842388153076172  23.54212951660156250  -29.10257911682128906
1271    6.18460083007812500  23.21338081359863281  -27.94524002075195313
1272    10.23917961120605469  22.86133003234863281  -26.84586906433105469
1273    9.94083881378173828  22.00106048583984375  -24.63825035095214844
1274    6.36340379714965820  19.58296012878417969  -20.18095970153808594
1275    5.52460002899169922  18.80711936950683594  -19.04007911682128906
1276    9.80097198486328125  14.31577014923095703  -13.64307975769042969
1277    5.68460083007812500  8.03916263580322266  -6.35714101791381836
1278    -8.81911087036132813  3.22309494018554688  0.60726100206375122
1279    6.42420005798339844  3.65225696563720703  -0.20318500697612762
1280    9.91288280487060547  2.20070505142211914  2.83553099632263184
1281    4.97687482833862305  1.40278303623199463  5.03983211517333984
1282    -8.95229625701904297  0.98349201679229736  6.50883913040161133
1283    12.59922981262207031  -0.02467600069940090  48.00500106811523438
1284    13.32516002655029297  -0.02467600069940090  49.39566040039062500
1285    8.72052383422851563  -0.02467600069940090  44.02880859375000000
1286    -7.84536981582641602  -0.02467600069940090  58.79613113403320313
1287    15.00000000000000000  5.40201091766357422  12.13731002807617188
1288    15.00000000000000000  20.50929069519042969  -15.88617992401123047
1289    7.00000000000000000  31.19018936157226563  -69.77818298339843750
1290    -7.00000000000000000  28.02890968322753906  -69.99698638916015625
1291    2.18687891960144043  28.52292060852050781  -41.73612976074218750
1292    12.36882972717285156  32.51725006103515625  -81.06520843505859375
1293    14.18439006805419922  32.51725006103515625  -85.44228363037109375
1294    8.68858718872070313  32.51725006103515625  -63.64414978027343750
1295    6.51631212234497070  32.51725006103515625  -43.43021011352539063
1296    -12.05193996429443359  32.51725006103515625  -53.28092956542968750
1297    -11.28285980224609375  32.51725006103515625  -55.87918090820312500
1298    -9.32125091552734375  32.51725006103515625  -77.74931335449218750
1299    -9.53416442871093750  28.96162986755371094  -86.62521362304687500
1300    -10.67730998992919922  28.11867904663085938  -86.62521362304687500
1301    -15.00000000000000000  5.12447500228881836  2.65567207336425781
1302    -15.00000000000000000  13.38957977294921875  -9.17974090576171875
1303    -15.00000000000000000  12.41180038452148438  -8.13105106353759766
1304    -15.00000000000000000  12.33230972290039063  -9.81315803527832031
1305    -15.00000000000000000  28.31665992736816406  -25.46260070800781250
1306    -15.00000000000000000  27.09976005554199219  -30.14632034301757813
1307    -15.00000000000000000  28.41474914550781250  -59.37725830078125000
1308    -15.00000000000000000  4.51948308944702148  8.31620121002197266
1309    1.51047205924987793  2.19910788536071777  64.14360046386718750
1310    0.64299398660659790  0.75747102499008179  64.14360046386718750
1311    -2.29983806610107422  7.97532415390014648  57.34109115600585938
1312    -2.84297895431518555  7.97532415390014648  44.94332885742187500
1313    -4.17002820968627930  7.97532415390014648  52.69710159301757813
1314    -1.36753702163696289  8.16242122650146484  11.44326972961425781
1315    2.97661495208740234  9.27017307281494141  6.74853420257568359
1316    -4.83985185623168945  10.38980007171630859  4.16354894638061523
1317    -7.89518976211547852  10.28487014770507813  4.37503910064697266
1318    5.74253702163696289  18.12162017822265625  -5.80376195907592773
1319    1.80023002624511719  14.47029018402099609  -1.56527400016784668
1320    -2.25345993041992188  22.48051071166992188  -10.86359024047851563
1321    -0.98543602228164673  31.93026924133300781  -30.10745048522949219
1322    -5.53134584426879883  32.44290924072265625  -34.53554916381835938
1323    6.08549118041992188  32.49441909790039063  -35.98353958129882813
1324    12.69583034515380859  24.51725006103515625  -56.01699829101562500
1325    12.60822010040283203  24.51725006103515625  -52.57992935180664063
1326    10.75683021545410156  24.23172950744628906  -32.64554977416992188
1327    3.61373090744018555  23.52459907531738281  -29.04906082153320313
1328    2.94933009147644043  23.03771018981933594  -27.34567070007324219
1329    3.11754107475280762  21.32348060607910156  -23.17984962463378906
1330    -9.59633636474609375  20.47948074340820313  -21.63694953918457031
1331    -10.79018974304199219  17.50071907043457031  -17.36492919921875000
1332    5.70647478103637695  12.44021034240722656  -11.46590995788574219
1333    2.03273797035217285  15.09342002868652344  -14.54576969146728516
1334    2.18652105331420898  16.09099006652832031  -15.70376014709472656
1335    -3.14383506774902344  8.08623790740966797  -6.41178798675537109
1336    11.50590038299560547  6.13139104843139648  -4.03398180007934570
1337    3.21535992622375488  1.55142605304718018  4.57952976226806641
1338    -10.52643966674804688  1.05813896656036377  6.23934078216552734
1339    9.49241447448730469  1.07055795192718506  6.19565916061401367
1340    3.81060290336608887  0.64984202384948730  7.92706203460693359
1341    9.38828372955322266  0.58688998222351074  8.23456573486328125
1342    -0.18517999351024628  0.43766298890113831  8.98481941223144531
1343    13.38111019134521484  -0.02467600069940090  36.83721160888671875
1344    7.98368597030639648  -0.02467600069940090  35.80493927001953125
1345    0.76822102069854736  -0.02467600069940090  20.55307960510253906
1346    15.00000000000000000  3.00335502624511719  9.39408302307128906
1347    15.00000000000000000  11.98431968688964844  -5.01022005081176758
1348    15.00000000000000000  14.21965026855468750  -8.62352943420410156
1349    4.10333681106567383  28.56102943420410156  -46.21503829956054688
1350    7.00000000000000000  29.29059028625488281  -77.86199188232421875
1351    7.00000000000000000  29.93409919738769531  -76.20400238037109375
1352    7.00000000000000000  30.03845977783203125  -62.62636947631835938
1353    7.00000000000000000  29.52051925659179688  -57.99300003051757813
1354    -7.00000000000000000  25.54486083984375000  -60.25500869750976563
1355    -7.00000000000000000  28.47171974182128906  -68.64782714843750000
1356    -7.00000000000000000  28.65027046203613281  -73.60249328613281250
1357    -7.00000000000000000  31.59598922729492188  -73.84485626220703125
1358    -7.00000000000000000  30.77922058105468750  -79.94766235351562500
1359    -7.00000000000000000  26.87290000915527344  -85.99978637695312500
1360    -4.49779081344604492  29.29995918273925781  -47.13692092895507813
1361    -6.81671619415283203  25.46693038940429688  -53.37326049804687500
1362    1.24821901321411133  32.51725006103515625  -39.54240036010742188
1363    2.34034109115600586  32.51725006103515625  -42.09477996826171875
1364    -1.86640000343322754  24.51725006103515625  -40.98714065551757813
1365    1.46439695358276367  27.10206031799316406  -40.04763031005859375
1366    5.37222194671630859  29.14414978027343750  -49.18053817749023438
1367    5.91540622711181641  31.57249069213867188  -50.45011138916015625
1368    4.45460796356201172  29.93955993652343750  -47.03601074218750000
1369    3.16080808639526367  28.49333000183105469  -44.01227951049804688
1370    1.69319796562194824  31.43497085571289063  -40.58235931396484375
1371    7.71806001663208008  32.51725006103515625  -75.99440765380859375
1372    14.22311019897460938  32.51725006103515625  -77.70070648193359375
1373    14.16257953643798828  32.51725006103515625  -61.51184844970703125
1374    8.03619098663330078  32.51725006103515625  -54.36634826660156250
1375    14.22891044616699219  32.51725006103515625  -58.70726013183593750
1376    10.22858047485351563  32.51725006103515625  -43.47840881347656250
1377    8.31818008422851563  32.51725006103515625  -43.88014984130859375
1378    5.16226196289062500  32.51725006103515625  -46.72694015502929688
1379    6.60280895233154297  32.51725006103515625  -38.60902023315429688
1380    7.09437990188598633  32.46849060058593750  -35.25444030761718750
1381    -5.07016801834106445  32.51725006103515625  -41.70846176147460938
1382    -7.31466579437255859  32.51725006103515625  -47.85063934326171875
1383    -9.30593395233154297  32.51725006103515625  -43.62485122680664063
1384    -12.81632041931152344  32.51725006103515625  -42.55912017822265625
1385    -13.81077003479003906  32.51725006103515625  -40.10372161865234375
1386    -7.99317598342895508  32.51725006103515625  -57.65422058105468750
1387    -7.87417697906494141  30.83420944213867188  -86.62521362304687500
1388    -8.74389839172363281  25.80791091918945313  -86.62521362304687500
1389    -12.15633964538574219  29.32018089294433594  -86.62521362304687500
1390    -13.58899021148681641  30.17691040039062500  -86.62521362304687500
1391    -10.53899955749511719  25.46917915344238281  -86.62521362304687500
1392    -15.00000000000000000  2.20832800865173340  16.54410934448242188
1393    -15.00000000000000000  1.39662599563598633  10.92226028442382813
1394    -15.00000000000000000  6.75034713745117188  24.81715011596679688
1395    -15.00000000000000000  6.47991418838500977  8.14535999298095703
1396    -15.00000000000000000  8.41848182678222656  6.45879697799682617
1397    -15.00000000000000000  11.46683025360107422  -3.84937000274658203
1398    -15.00000000000000000  12.10198020935058594  -2.17897200584411621
1399    -15.00000000000000000  17.53799057006835938  -13.64074039459228516
1400    -15.00000000000000000  18.75049018859863281  -14.56587982177734375
1401    -15.00000000000000000  19.66970062255859375  -18.75719070434570313
1402    -15.00000000000000000  26.55196952819824219  -19.35330963134765625
1403    -15.00000000000000000  25.27338027954101563  -25.82007026672363281
1404    -15.00000000000000000  25.68009948730468750  -34.06610107421875000
1405    -15.00000000000000000  31.28438949584960938  -84.58455657958984375
1406    -15.00000000000000000  28.23081016540527344  -84.65708160400390625
1407    -15.00000000000000000  26.80500984191894531  -79.83093261718750000
1408    -15.00000000000000000  30.97245025634765625  -59.68534088134765625
1409    -15.00000000000000000  31.29569053649902344  -38.55284118652343750
1410    -15.00000000000000000  25.51007080078125000  -37.89775085449218750
1411    13.46312999725341797  3.53348803520202637  64.14360046386718750
1412    10.72768020629882813  3.68145704269409180  64.14360046386718750
1413    14.22350978851318359  6.04781484603881836  64.14360046386718750
1414    6.28777503967285156  3.81758093833923340  64.14360046386718750
1415    -0.87862902879714966  0.79277402162551880  64.14360046386718750
1416    -0.72099798917770386  3.49436688423156738  64.14360046386718750
1417    -7.50801086425781250  1.90494394302368164  64.14360046386718750
1418    -14.27915000915527344  2.60366106033325195  64.14360046386718750
1419    -5.72093391418457031  3.94284510612487793  64.14360046386718750
1420    -12.34035968780517578  4.72950506210327148  64.14360046386718750
1421    14.07478046417236328  7.97532415390014648  48.88763046264648438
1422    3.25604510307312012  7.97532415390014648  61.44921112060546875
1423    0.28069901466369629  7.97532415390014648  57.14353942871093750
1424    5.04838705062866211  7.97532415390014648  42.15443038940429688
1425    0.15934400260448456  7.97532415390014648  34.62450027465820313
1426    -13.63893985748291016  7.97532415390014648  16.28144073486328125
1427    -12.90528964996337891  7.97532415390014648  14.96973991394042969
1428    -3.72407102584838867  7.97532415390014648  17.20208930969238281
1429    4.58084106445312500  7.97532415390014648  17.07279014587402344
1430    0.28117799758911133  7.97532510757446289  15.37950038909912109
1431    12.60846996307373047  7.97748708724975586  14.58707046508789063
1432    1.71825802326202393  8.05308246612548828  12.43918037414550781
1433    -4.37171602249145508  8.24268341064453125  10.84875011444091797
1434    -4.12373113632202148  8.53065109252929688  9.33005905151367188
1435    -5.79585695266723633  9.89956283569335938  5.19068908691406250
1436    -3.74732899665832520  10.62007999420166016  3.73084902763366699
1437    7.17898607254028320  12.45617961883544922  0.86645799875259399
1438    2.98126506805419922  14.41291046142578125  -1.49866700172424316
1439    9.80434799194335938  16.43317985534667969  -3.84380888938903809
1440    9.43309116363525391  18.95838928222656250  -6.77508783340454102
1441    5.29043388366699219  18.87508010864257813  -6.67838096618652344
1442    -12.58022975921630859  13.96382999420166016  -0.97622698545455933
1443    -14.08090019226074219  14.00590991973876953  -1.02620899677276611
1444    -9.92083644866943359  15.00590991973876953  -2.18702507019042969
1445    -2.55612206459045410  17.21813011169433594  -4.75498485565185547
1446    -6.34250688552856445  17.33148956298828125  -4.88657379150390625
1447    -10.71584987640380859  17.62944030761718750  -5.23243284225463867
1448    2.16910195350646973  19.18721008300781250  -7.04069900512695313
1449    1.14853894710540771  18.48987007141113281  -6.23122501373291016
1450    4.89392089843750000  20.08803939819335938  -8.08639144897460938
1451    1.06556200981140137  19.46224975585937500  -7.35997104644775391
1452    12.11861038208007813  22.31133079528808594  -10.66724014282226563
1453    -12.62987995147705078  18.86702919006347656  -6.66904401779174805
1454    -11.51568984985351563  19.66600036621093750  -7.59648895263671875
1455    -7.85791110992431641  21.14646911621093750  -9.31502342224121094
1456    -3.75916695594787598  22.18294906616210938  -10.51817989349365234
1457    -10.53538990020751953  22.60017967224121094  -11.00249958038330078
1458    -13.13813018798828125  22.45067024230957031  -10.82894992828369141
1459    -5.63058376312255859  24.85907936096191406  -13.76150035858154297
1460    -5.74613189697265625  25.94874954223632813  -15.30992984771728516
1461    -5.96978092193603516  28.62645912170410156  -19.92767906188964844
1462    -4.65011596679687500  28.97507095336914063  -20.62741088867187500
1463    -4.73847293853759766  30.16375923156738281  -23.48677062988281250
1464    -4.75420284271240234  31.54750061035156250  -28.15373992919921875
1465    0.31792598962783813  31.96178054809570313  -30.28281021118164063
1466    -12.44386005401611328  32.29092025756835938  -32.72106933593750000
1467    13.63335037231445313  32.26367950439453125  -32.45814895629882813
1468    13.72912979125976563  32.45703125000000000  -34.93220138549804688
1469    0.97534602880477905  32.47951889038085938  -35.56436920166015625
1470    13.12401008605957031  24.51725006103515625  -81.55602264404296875
1471    11.74042034149169922  24.51725006103515625  -78.30265808105468750
1472    9.63575363159179688  24.51725006103515625  -66.57498168945312500
1473    11.30784034729003906  24.51725006103515625  -70.00095367431640625
1474    13.34982967376708984  24.51725006103515625  -73.89806365966796875
1475    13.57664012908935547  24.51725006103515625  -43.27460861206054688
1476    5.38433885574340820  24.51725006103515625  -46.22721099853515625
1477    6.30277585983276367  24.51725006103515625  -45.26058959960937500
1478    11.04259014129638672  24.51725006103515625  -40.56560134887695313
1479    13.71280002593994141  24.51725006103515625  -38.95087051391601563
1480    13.92910003662109375  24.51684951782226563  -36.94409942626953125
1481    4.93554592132568359  24.51725006103515625  -41.76105117797851563
1482    3.52366399765014648  24.51725006103515625  -42.36946105957031250
1483    2.56968808174133301  24.51725006103515625  -40.82910919189453125
1484    3.20542097091674805  24.51725006103515625  -39.03615951538085938
1485    -8.67029285430908203  24.49135971069335938  -35.97127151489257813
1486    -5.20790100097656250  24.51725006103515625  -39.42813110351562500
1487    -4.95220899581909180  24.51725006103515625  -41.02230834960937500
1488    -11.14461994171142578  24.51725006103515625  -38.28190994262695313
1489    -12.53096008300781250  24.51725006103515625  -39.01974105834960938
1490    -13.61303043365478516  24.51725006103515625  -56.09741973876953125
1491    -13.65052032470703125  24.51725006103515625  -53.06653976440429688
1492    -11.93278026580810547  24.51725006103515625  -70.08724212646484375
1493    -12.56849002838134766  24.51725006103515625  -71.76450347900390625
1494    -14.09821987152099609  24.51725006103515625  -76.94384002685546875
1495    -9.68567466735839844  24.51725006103515625  -58.84856033325195313
1496    -10.46105003356933594  24.51725006103515625  -70.09176635742187500
1497    -7.49416685104370117  24.45445060729980469  -35.05031967163085938
1498    1.69608604907989502  23.40526962280273438  -28.61853981018066406
1499    -4.74640512466430664  19.67065048217773438  -20.31053924560546875
1500    2.44281101226806641  19.83585929870605469  -20.56282043457031250
1501    -2.93597698211669922  17.16251945495605469  -16.94875907897949219
1502    9.12335205078125000  11.66133022308349609  -10.56177997589111328
1503    9.11884498596191406  8.95190620422363281  -7.41666316986083984
1504    5.29222106933593750  11.67232990264892578  -10.57454967498779297
1505    -3.60595202445983887  16.22430038452148438  -15.85851955413818359
1506    -8.25851345062255859  14.96041965484619141  -14.39138984680175781
1507    -13.52093982696533203  16.69981956481933594  -16.41089057922363281
1508    -10.16884994506835938  15.45553016662597656  -14.96611976623535156
1509    -5.04471302032470703  13.90447998046875000  -13.16565036773681641
1510    -6.56822395324707031  13.29792022705078125  -12.46154975891113281
1511    -10.45555019378662109  12.92226982116699219  -12.02548980712890625
1512    2.21548390388488770  11.37337970733642578  -10.22752952575683594
1513    1.28592395782470703  11.96901988983154297  -10.91895008087158203
1514    4.89813899993896484  10.58444976806640625  -9.31172752380371094
1515    -12.32866001129150391  11.57814025878906250  -10.46520996093750000
1516    -11.47500038146972656  10.85101985931396484  -9.62116909027099609
1517    -7.18178606033325195  9.04352092742919922  -7.52301120758056641
1518    -9.69402790069580078  8.07559490203857422  -6.39943313598632813
1519    -0.13127900660037994  7.35123586654663086  -5.55444192886352539
1520    7.02817201614379883  7.73423719406127930  -6.00044918060302734
1521    -13.78314971923828125  6.24824619293212891  -4.18117523193359375
1522    -5.74452686309814453  5.25432777404785156  -2.81322503089904785
1523    2.38371300697326660  5.72999906539916992  -3.50344395637512207
1524    13.94030952453613281  7.50391912460327148  -5.73506021499633789
1525    7.60686683654785156  5.50075912475585938  -3.17274808883666992
1526    -6.21657085418701172  1.47352302074432373  4.83870220184326172
1527    -4.99302196502685547  2.13549709320068359  3.00388789176940918
1528    -4.57139682769775391  1.54927504062652588  4.59290504455566406
1529    11.22861003875732422  0.97024101018905640  6.54909086227416992
1530    -7.35326099395751953  0.31816399097442627  9.75928497314453125
1531    -12.84195995330810547  0.28832200169563293  9.93409347534179688
1532    4.96235609054565430  0.13619500398635864  11.21228027343750000
1533    3.24535393714904785  0.07458700239658356  11.83393001556396484
1534    9.52633476257324219  -0.02225100062787533  14.47614955902099609
1535    8.62921428680419922  0.01693000085651875  13.09502983093261719
1536    10.90456008911132813  -0.02467600069940090  41.99190902709960938
1537    -12.90392971038818359  -0.02467600069940090  31.77631950378417969
1538    15.00000000000000000  3.69006204605102539  50.55192947387695313
1539    15.00000000000000000  6.83235788345336914  57.65824127197265625
1540    15.00000000000000000  4.64868402481079102  30.05611991882324219
1541    15.00000000000000000  6.54791498184204102  12.69515991210937500
1542    15.00000000000000000  7.64761018753051758  8.04259300231933594
1543    15.00000000000000000  6.04875421524047852  7.76946783065795898
1544    15.00000000000000000  11.58218002319335938  -3.37525510787963867
1545    15.00000000000000000  13.65402030944824219  -5.40249395370483398
1546    15.00000000000000000  10.93610000610351563  -8.28884124755859375
1547    15.00000000000000000  16.07504081726074219  -14.28034019470214844
1548    15.00000000000000000  15.64311027526855469  -7.27886199951171875
1549    15.00000000000000000  16.54479980468750000  -5.79647922515869141
1550    15.00000000000000000  17.37474060058593750  -15.36635017395019531
1551    15.00000000000000000  18.49896049499511719  -7.62935781478881836
1552    15.00000000000000000  19.55874061584472656  -9.01423454284667969
1553    15.00000000000000000  20.25613975524902344  -12.89898967742919922
1554    15.00000000000000000  20.59929084777832031  -10.44007968902587891
1555    15.00000000000000000  21.15652084350585938  -11.91405010223388672
1556    15.00000000000000000  26.68490982055664063  -40.59239959716796875
1557    -7.00000000000000000  25.98510932922363281  -66.48587036132812500
1558    4.42333984375000000  26.54488945007324219  -46.96292877197265625
1559    11.46718978881835938  32.51725006103515625  -61.92010879516601563
1560    -9.11511039733886719  32.51725006103515625  -53.05665969848632813
1561    -9.69585132598876953  32.51725006103515625  -82.37574005126953125
1562    -15.00000000000000000  27.25867080688476563  -53.84160995483398438
1563    -8.37819766998291016  7.97532415390014648  33.39899063110351563
1564    4.68707704544067383  17.23525047302246094  -4.77485990524291992
1565    -4.78163290023803711  31.08447074890136719  -26.33242034912109375
1566    7.98404407501220703  24.51725006103515625  -41.54891967773437500
1567    3.82226109504699707  24.48183059692382813  -35.72906112670898438
1568    4.61234283447265625  13.34963989257812500  -12.52157974243164063
1569    4.09625005722045898  -0.02467600069940090  27.91279983520507813
1570    4.56048393249511719  -0.02467600069940090  29.20335006713867188
1571    -4.51167201995849609  -0.02467600069940090  44.32886123657226563
1572    15.00000000000000000  29.09446907043457031  -32.62100982666015625
1573    -7.00000000000000000  27.73773956298828125  -79.36090087890625000
1574    -5.53310823440551758  27.01845932006835938  -49.55656051635742188
1575    4.58472585678100586  31.39299011230468750  -47.34009170532226563
1576    12.45294952392578125  32.51725006103515625  -48.80701065063476563
1577    -6.14957618713378906  32.51725006103515625  -46.70809936523437500
1578    -12.72259998321533203  32.51725006103515625  -64.48403930664062500
1579    -13.15406036376953125  26.07420921325683594  -86.62521362304687500
1580    10.16454982757568359  31.15279960632324219  -86.62521362304687500
1581    -15.00000000000000000  15.42580986022949219  -12.09043025970458984
1582    -15.00000000000000000  14.71111011505126953  -4.61651182174682617
1583    -15.00000000000000000  16.24126052856445313  -5.41952085494995117
1584    -15.00000000000000000  26.34779930114746094  -27.66991043090820313
1585    -15.00000000000000000  27.10680007934570313  -34.11354827880859375
1586    -15.00000000000000000  31.14389991760253906  -75.99230957031250000
1587    -10.40258979797363281  7.97532415390014648  53.05627059936523438
1588    -4.37315797805786133  15.76535034179687500  -3.06858301162719727
1589    11.98552989959716797  25.86207962036132813  -15.18445014953613281
1590    -3.85414791107177734  29.83378028869628906  -22.65323066711425781
1591    10.58032035827636719  31.32836914062500000  -27.29153060913085938
1592    -5.18969583511352539  32.08224105834960938  -30.95392036437988281
1593    8.52052688598632813  24.51725006103515625  -74.31160736083984375
1594    11.68616008758544922  24.51725006103515625  -64.75563812255859375
1595    7.31002092361450195  24.51725006103515625  -46.39442062377929688
1596    -4.12903881072998047  24.51725006103515625  -39.46266174316406250
1597    -8.79992389678955078  24.51725006103515625  -56.55686950683593750
1598    -13.28048992156982422  24.51725006103515625  -50.63920974731445313
1599    11.11911010742187500  15.89186000823974609  -15.47262001037597656
1600    -12.28516006469726563  9.25929641723632813  -7.77348089218139648
1601    11.11464023590087891  0.07204899936914444  11.79314041137695313
1602    -4.60624313354492188  -0.01482699997723103  13.95870018005371094
1603    11.15095043182373047  -0.02467600069940090  44.45978927612304688
1604    -8.74087429046630859  -0.02467600069940090  30.99897956848144531
1605    15.00000000000000000  17.34016036987304688  -13.87012958526611328
1606    7.00000000000000000  29.90155029296875000  -68.35040283203125000
1607    -7.00000000000000000  28.90415000915527344  -85.27808380126953125
1608    3.97210597991943359  27.13044929504394531  -45.90835189819335938
1609    2.76241803169250488  31.11601066589355469  -43.08121109008789063
1610    12.89750003814697266  32.51725006103515625  -82.77327728271484375
1611    11.73192977905273438  32.51725006103515625  -65.88407897949218750
1612    11.85715007781982422  32.51725006103515625  -67.44795989990234375
1613    13.12588024139404297  32.51725006103515625  -64.90888214111328125
1614    5.36943197250366211  32.51725006103515625  -44.36388015747070313
1615    -5.23726511001586914  32.51725006103515625  -43.84061050415039063
1616    -10.10332965850830078  32.51725006103515625  -49.64738845825195313
1617    -13.60260963439941406  32.51725006103515625  -57.30781936645507813
1618    -8.12608814239501953  29.08614921569824219  -86.62521362304687500
1619    7.89765119552612305  28.33670997619628906  -86.62521362304687500
1620    -15.00000000000000000  16.17008972167968750  -8.84092426300048828
1621    -15.00000000000000000  15.94888019561767578  -10.27262973785400391
1622    -15.00000000000000000  19.19693946838378906  -11.81245994567871094
1623    -15.00000000000000000  25.35399055480957031  -30.95092964172363281
1624    -15.00000000000000000  28.70434951782226563  -62.66584014892578125
1625    -15.00000000000000000  25.58880996704101563  -59.15867996215820313
1626    -3.10993790626525879  7.97532415390014648  47.64585876464843750
1627    -5.95034408569335938  7.97532415390014648  51.33597183227539063
1628    -10.11485958099365234  7.97532415390014648  43.88761901855468750
1629    0.49844700098037720  8.11720371246337891  11.81760978698730469
1630    -2.95874190330505371  8.74073410034179688  8.43543338775634766
1631    -1.69556295871734619  10.10721969604492188  4.72874498367309570
1632    0.94816601276397705  10.98254013061523438  3.07619905471801758
1633    0.94640898704528809  12.04323959350585938  1.42977905273437500
1634    3.44626903533935547  17.40694999694824219  -4.97416782379150391
1635    3.60380911827087402  15.35206031799316406  -2.58883500099182129
1636    1.32714200019836426  32.32476043701171875  -33.02450180053710938
1637    9.54723072052001953  24.51725006103515625  -56.88248062133789063
1638    -8.36985206604003906  24.51725006103515625  -44.05302047729492188
1639    -8.44496917724609375  24.51725006103515625  -42.95684051513671875
1640    -10.28431034088134766  24.51725006103515625  -67.23883819580078125
1641    -3.77846002578735352  24.50838088989257813  -36.53763961791992188
1642    4.98598003387451172  24.39847946166992188  -34.08055877685546875
1643    -2.43680691719055176  23.70725059509277344  -29.75197029113769531
1644    -0.72168999910354614  21.51688003540039063  -23.60129928588867188
1645    -1.08430695533752441  20.44379043579101563  -21.57447052001953125
1646    0.67811101675033569  19.40271949768066406  -19.91295051574707031
1647    4.70726585388183594  17.19177055358886719  -16.98426055908203125
1648    -0.39067700505256653  4.34769487380981445  -1.41596901416778564
1649    -0.94761401414871216  2.69325089454650879  1.72093200683593750
1650    -1.04910695552825928  1.72968196868896484  4.10001516342163086
1651    -2.17286300659179688  2.08267593383789063  3.14587211608886719
1652    9.51689529418945313  -0.02467600069940090  32.58221817016601563
1653    11.17171001434326172  -0.02467600069940090  33.23976135253906250
1654    -4.03926086425781250  -0.02467600069940090  52.80551910400390625
1655    15.00000000000000000  11.31507968902587891  -6.60789108276367188
1656    15.00000000000000000  12.35564041137695313  -9.48324394226074219
1657    7.00000000000000000  25.75912094116210938  -78.71573638916015625
1658    7.00000000000000000  26.84469985961914063  -72.26815795898437500
1659    7.00000000000000000  29.31109046936035156  -75.07910919189453125
1660    7.00000000000000000  31.47911071777343750  -66.79521942138671875
1661    7.00000000000000000  31.41184043884277344  -64.97355651855468750
1662    7.00000000000000000  31.59017944335937500  -59.36621093750000000
1663    -7.00000000000000000  31.39740943908691406  -63.13748931884765625
1664    -3.79869604110717773  27.33105087280273438  -45.50307846069335938
1665    -1.42488205432891846  30.68687057495117188  -39.95528030395507813
1666    1.32796704769134521  30.42182922363281250  -39.72877883911132813
1667    -1.20425200462341309  29.28158950805664063  -39.43965148925781250
1668    14.32371997833251953  32.51725006103515625  -80.54054260253906250
1669    12.72721958160400391  32.51725006103515625  -58.89614105224609375
1670    13.21135997772216797  32.51725006103515625  -57.80625152587890625
1671    11.75815010070800781  32.51725006103515625  -53.88444137573242188
1672    13.45020961761474609  32.51725006103515625  -40.49441146850585938
1673    12.69935989379882813  32.51725006103515625  -39.20195007324218750
1674    9.52218246459960938  32.51725006103515625  -39.23574829101562500
1675    7.98446798324584961  32.51725006103515625  -45.49332046508789063
1676    4.10733318328857422  32.51725006103515625  -42.09053039550781250
1677    -1.28547596931457520  32.51670074462890625  -37.19338989257812500
1678    -3.02120399475097656  32.51725006103515625  -40.14813995361328125
1679    -4.06351089477539063  32.51725006103515625  -42.93556976318359375
1680    -6.22459316253662109  32.51725006103515625  -45.27970123291015625
1681    -6.07482004165649414  32.51725006103515625  -48.22021102905273438
1682    -9.44255542755126953  32.51725006103515625  -38.87279891967773438
1683    -11.51900005340576172  32.51725006103515625  -41.34605026245117188
1684    -13.85676002502441406  32.51725006103515625  -60.81961059570312500
1685    -8.78978824615478516  32.51725006103515625  -60.22029113769531250
1686    -10.95522975921630859  32.51725006103515625  -68.45021057128906250
1687    -9.29553031921386719  32.51725006103515625  -70.43549346923828125
1688    -8.14931488037109375  32.51725006103515625  -78.84667205810546875
1689    -8.15701580047607422  32.51725006103515625  -82.03556823730468750
1690    -13.58582019805908203  28.34407997131347656  -86.62521362304687500
1691    13.79629039764404297  25.56629943847656250  -86.62521362304687500
1692    13.32688999176025391  31.79945945739746094  -86.62521362304687500
1693    -15.00000000000000000  4.52767276763916016  14.39783954620361328
1694    -15.00000000000000000  5.90512990951538086  9.51486873626708984
1695    -15.00000000000000000  6.36315488815307617  -1.31461000442504883
1696    -15.00000000000000000  9.12470531463623047  -5.54811477661132813
1697    -15.00000000000000000  14.03563022613525391  -7.54330301284790039
1698    -15.00000000000000000  17.63216018676757813  -10.82324981689453125
1699    -15.00000000000000000  23.63414955139160156  -25.82496070861816406
1700    -15.00000000000000000  27.12413978576660156  -26.65468025207519531
1701    -15.00000000000000000  31.15740966796875000  -31.82965087890625000
1702    -15.00000000000000000  28.00897979736328125  -35.57363891601562500
1703    -15.00000000000000000  28.83492088317871094  -37.00415039062500000
1704    -15.00000000000000000  27.28249931335449219  -62.49757003784179688
1705    -15.00000000000000000  3.38839101791381836  8.96739482879638672
1706    11.93774032592773438  0.89253902435302734  64.14360046386718750
1707    13.51414966583251953  5.15096616744995117  64.14360046386718750
1708    12.01418018341064453  4.41015720367431641  64.14360046386718750
1709    -10.41843986511230469  2.09880805015563965  64.14360046386718750
1710    -11.58399009704589844  5.76834011077880859  64.14360046386718750
1711    10.46455001831054688  7.97532415390014648  53.69124984741210938
1712    8.58746147155761719  7.97532415390014648  27.93638992309570313
1713    0.41418799757957458  7.97532415390014648  24.66596984863281250
1714    -5.76711320877075195  7.97532415390014648  15.30570983886718750
1715    2.78795409202575684  7.97532415390014648  16.61807060241699219
1716    11.07900047302246094  7.97990322113037109  14.53234958648681641
1717    -12.24693012237548828  9.42813682556152344  6.31626701354980469
1718    2.54135608673095703  11.41392993927001953  2.37118101119995117
1719    -2.58183002471923828  13.85566043853759766  -0.85179597139358521
1720    12.39620971679687500  14.23738956451416016  -1.29491496086120605
1721    4.12599515914916992  18.25171089172363281  -5.95476388931274414
1722    -3.27544403076171875  14.50037002563476563  -1.60018205642700195
1723    -0.85147100687026978  13.78182029724121094  -0.76607400178909302
1724    -2.97465801239013672  16.21960067749023438  -3.59587693214416504
1725    -14.14673042297363281  19.13813972473144531  -6.98373603820800781
1726    5.51744413375854492  24.28570938110351563  -13.04430007934570313
1727    13.64029979705810547  25.52054023742675781  -14.68994998931884766
1728    10.30793952941894531  27.00908088684082031  -16.96240043640136719
1729    1.95979499816894531  27.12739944458007813  -17.16279029846191406
1730    13.82384014129638672  27.05349922180175781  -17.03762054443359375
1731    12.53826045989990234  27.35404014587402344  -17.54665946960449219
1732    3.22828793525695801  27.66007995605468750  -18.06508064270019531
1733    10.34860038757324219  28.32333946228027344  -19.31928062438964844
1734    1.97477602958679199  28.46678924560546875  -19.60721015930175781
1735    -12.82398986816406250  29.11220932006835938  -20.92468070983886719
1736    3.32298302650451660  29.03729057312011719  -20.75491905212402344
1737    10.38463020324707031  29.47084045410156250  -21.77305984497070313
1738    3.41285204887390137  30.08604049682617188  -23.26781082153320313
1739    10.37147998809814453  30.44614982604980469  -24.31941032409667969
1740    2.11888694763183594  30.54095077514648438  -24.60548019409179688
1741    12.32367038726806641  30.72199058532714844  -25.15176010131835938
1742    -12.41248035430908203  31.20174980163574219  -26.79338073730468750
1743    2.94113993644714355  30.91659927368164063  -25.74555969238281250
1744    11.93397998809814453  31.12435913085937500  -26.48888969421386719
1745    4.69557619094848633  31.70717048645019531  -28.87317085266113281
1746    3.36634802818298340  31.59341049194335938  -28.35111999511718750
1747    13.32542991638183594  31.62882995605468750  -28.49181938171386719
1748    -12.00868034362792969  32.14630889892578125  -31.37980079650878906
1749    -12.28407955169677734  32.46775054931640625  -35.23366165161132813
1750    -2.79242897033691406  32.50844955444335938  -36.49058151245117188
1751    8.93137359619140625  24.51725006103515625  -79.14425659179687500
1752    7.73812723159790039  24.51725006103515625  -78.94718933105468750
1753    8.09930992126464844  24.51725006103515625  -66.86451721191406250
1754    10.31340026855468750  24.51725006103515625  -59.84651947021484375
1755    12.29351997375488281  24.51725006103515625  -63.40002059936523438
1756    13.11211967468261719  24.51725006103515625  -78.99778747558593750
1757    11.29450035095214844  24.51725006103515625  -44.84365844726562500
1758    6.13961410522460938  24.51725006103515625  -47.64152908325195313
1759    10.57017040252685547  24.51725006103515625  -42.17108917236328125
1760    12.91088008880615234  24.51725006103515625  -37.93201828002929688
1761    9.37846565246582031  24.51725006103515625  -38.03337097167968750
1762    -3.86319994926452637  24.51725006103515625  -42.63072967529296875
1763    -13.90314960479736328  24.51725006103515625  -38.19454956054687500
1764    -10.36682987213134766  24.51725006103515625  -42.23974990844726563
1765    -8.03155994415283203  24.51725006103515625  -45.86766052246093750
1766    -8.22937202453613281  24.51725006103515625  -53.91519927978515625
1767    -10.99228954315185547  24.51725006103515625  -51.80229949951171875
1768    -11.32872962951660156  24.51725006103515625  -58.48340988159179688
1769    -12.88304042816162109  24.51725006103515625  -58.42790985107421875
1770    -14.14801979064941406  24.51725006103515625  -81.46006011962890625
1771    -4.57680797576904297  24.47850036621093750  -35.64487075805664063
1772    7.90694713592529297  24.51639938354492188  -37.18622970581054688
1773    -7.18985414505004883  24.35783958435058594  -33.74893951416015625
1774    13.75893974304199219  24.32626914978027344  -33.45034027099609375
1775    -3.92926311492919922  23.09309005737304688  -27.52899932861328125
1776    13.88144016265869141  22.66946029663085938  -26.32669067382812500
1777    -3.85004496574401855  21.32659912109375000  -23.18713951110839844
1778    2.96364188194274902  22.03689002990722656  -24.72203063964843750
1779    4.94586420059204102  21.56616020202636719  -23.69986915588378906
1780    -4.13235282897949219  20.23085975646972656  -21.19905090332031250
1781    -4.31934213638305664  18.77437019348144531  -18.98583030700683594
1782    -3.52434110641479492  17.91217994689941406  -17.88257980346679688
1783    5.26505517959594727  16.22031974792480469  -15.85389995574951172
1784    4.10468912124633789  12.29817008972167969  -11.30103015899658203
1785    -3.93952894210815430  13.21605968475341797  -12.36651992797851563
1786    8.19611454010009766  8.15779399871826172  -6.49470901489257813
1787    -14.09675025939941406  11.40200996398925781  -10.26076030731201172
1788    -5.67875194549560547  8.49502086639404297  -6.88630676269531250
1789    -9.68823719024658203  6.00833702087402344  -3.87262606620788574
1790    4.34168100357055664  4.66639995574951172  -1.93625605106353760
1791    -12.23342037200927734  3.33303093910217285  0.37707099318504333
1792    -2.90099191665649414  3.75176000595092773  -0.38113498687744141
1793    4.00617504119873047  3.99711489677429199  -0.81389600038528442
1794    -4.61005687713623047  2.79463505744934082  1.50213897228240967
1795    3.08240199089050293  3.00210595130920410  1.05910301208496094
1796    4.58858585357666016  2.81774306297302246  1.45445895195007324
1797    2.91771697998046875  2.08604001998901367  3.14243197441101074
1798    -13.61995983123779297  0.42134401202201843  9.06509685516357422
1799    -3.78743600845336914  0.49003899097442627  8.71847820281982422
1800    -2.57884788513183594  0.64626497030258179  7.93789815902709961
1801    10.00957012176513672  0.21243700385093689  10.57044029235839844
1802    2.80662989616394043  0.01467199996113777  13.14818000793457031
1803    -4.85566186904907227  0.04377799853682518  12.41180038452148438
1804    -10.00640964508056641  -0.01884699985384941  14.55698013305664063
1805    8.07588291168212891  -0.02467600069940090  20.11020088195800781
1806    11.03050994873046875  -0.02467600069940090  16.61833953857421875
1807    12.79251003265380859  -0.02467600069940090  27.57044029235839844
1808    13.62131977081298828  -0.02467600069940090  45.53202819824218750
1809    10.96533966064453125  -0.02467600069940090  40.37158966064453125
1810    10.96617984771728516  -0.02467600069940090  52.81145095825195313
1811    12.69480037689208984  -0.02467600069940090  53.22394943237304688
1812    6.68401098251342773  -0.02467600069940090  46.20764923095703125
1813    3.90079998970031738  -0.02467600069940090  40.59180831909179688
1814    5.51013994216918945  -0.02467600069940090  40.07669830322265625
1815    -2.69751906394958496  -0.02467600069940090  22.04816055297851563
1816    -0.32056099176406860  -0.02467600069940090  32.88698959350585938
1817    15.00000000000000000  12.69762992858886719  -2.05332398414611816
1818    15.00000000000000000  12.71582031250000000  -3.86389303207397461
1819    15.00000000000000000  13.58654975891113281  -11.23711967468261719
1820    15.00000000000000000  14.96308994293212891  -6.29323387145996094
1821    15.00000000000000000  18.88586044311523438  -13.22338962554931641
1822    15.00000000000000000  21.98250007629394531  -11.41895961761474609
1823    15.00000000000000000  29.66539001464843750  -38.03266143798828125
1824    -0.35406300425529480  31.64925003051757813  -38.11763000488281250
1825    3.95309400558471680  25.46746063232421875  -45.86391830444335938
1826    4.56187915802001953  25.19581031799316406  -47.28670120239257813
1827    2.74681305885314941  29.17411994934082031  -43.04473876953125000
1828    2.23196911811828613  30.51634979248046875  -41.84151077270507813
1829    7.56388902664184570  32.51725006103515625  -42.19697952270507813
1830    -6.86338806152343750  32.51725006103515625  -43.64854812622070313
1831    -5.82217502593994141  32.51725006103515625  -42.51992034912109375
1832    -8.87992000579833984  27.98147964477539063  -86.62521362304687500
1833    9.12204647064208984  28.34233093261718750  -86.62521362304687500
1834    -15.00000000000000000  28.26935958862304688  -27.97360992431640625
1835    -15.00000000000000000  29.78828048706054688  -31.98970031738281250
1836    8.14104461669921875  9.81100559234619141  5.39811611175537109
1837    5.09176778793334961  10.94120025634765625  3.13461494445800781
1838    5.25622797012329102  11.64657020568847656  2.01429700851440430
1839    -7.10236501693725586  12.59230995178222656  0.69386702775955200
1840    -7.60986185073852539  18.96458053588867188  -6.78226900100708008
1841    0.86693900823593140  25.90900039672851563  -15.25238990783691406
1842    0.74584001302719116  27.32681083679199219  -17.50054931640625000
1843    0.80926102399826050  29.65345954895019531  -22.21594047546386719
1844    0.73905497789382935  30.58831977844238281  -24.74842071533203125
1845    6.30750894546508789  24.51725006103515625  -44.04516983032226563
1846    -7.50603580474853516  24.51725006103515625  -42.09378814697265625
1847    -6.58310985565185547  24.51725006103515625  -43.49934005737304688
1848    -8.42536067962646484  24.51725006103515625  -50.78802108764648438
1849    6.71787023544311523  24.49794960021972656  -36.13941955566406250
1850    4.97189712524414063  23.55381011962890625  -29.15282058715820313
1851    -7.69964313507080078  11.63440990447998047  -10.53052997589111328
1852    6.98314523696899414  -0.00138799997512251  13.64601039886474609
1853    6.96503686904907227  -0.02467600069940090  31.01512908935546875
1854    15.00000000000000000  12.71133995056152344  -7.87932014465332031
1855    15.00000000000000000  16.67559051513671875  -10.01778030395507813
1856    15.00000000000000000  22.87023925781250000  -21.82020950317382813
1857    6.75627088546752930  31.13636970520019531  -53.06221008300781250
1858    7.00000000000000000  25.95177078247070313  -71.12560272216796875
1859    7.00000000000000000  27.20545005798339844  -67.20078277587890625
1860    7.00000000000000000  31.21158981323242188  -79.96382904052734375
1861    7.00000000000000000  26.90016937255859375  -57.89318084716796875
1862    -7.00000000000000000  31.07151031494140625  -67.89926147460937500
1863    -6.67615079879760742  31.59671020507812500  -52.68059921264648438
1864    -4.48766613006591797  25.47171020507812500  -47.11325836181640625
1865    -2.85095596313476563  31.14735031127929688  -43.28813171386718750
1866    3.94312500953674316  31.04999923706054688  -45.84061813354492188
1867    3.29857802391052246  26.25535011291503906  -44.33425903320312500
1868    3.07819008827209473  27.34387969970703125  -43.81919860839843750
1869    8.37302303314208984  32.51725006103515625  -77.73177337646484375
1870    11.36114978790283203  32.51725006103515625  -59.24007034301757813
1871    11.08261013031005859  32.51725006103515625  -51.78689956665039063
1872    12.87876987457275391  32.51725006103515625  -47.92243957519531250
1873    10.22364044189453125  32.51725006103515625  -40.68540954589843750
1874    5.14295482635498047  32.51725006103515625  -39.11305999755859375
1875    -5.36286115646362305  32.50981140136718750  -36.50355911254882813
1876    -5.06409406661987305  32.51725006103515625  -45.73522949218750000
1877    -7.73938703536987305  32.51725006103515625  -44.60771942138671875
1878    -10.95555973052978516  32.51725006103515625  -42.99380111694335938
1879    -11.42603015899658203  32.51725006103515625  -72.17391204833984375
1880    -7.96607112884521484  32.51725006103515625  -70.91177368164062500
1881    -15.00000000000000000  5.08500480651855469  12.77344989776611328
1882    -15.00000000000000000  2.44844889640808105  12.36863994598388672
1883    -15.00000000000000000  12.23777961730957031  -4.71022987365722656
1884    -15.00000000000000000  13.82975006103515625  -11.81136035919189453
1885    -15.00000000000000000  19.24000930786132813  -17.58300971984863281
1886    -15.00000000000000000  23.25177955627441406  -21.39669990539550781
1887    -15.00000000000000000  26.55968093872070313  -25.66054916381835938
1888    -15.00000000000000000  26.75952911376953125  -32.67876052856445313
1889    -15.00000000000000000  3.35718488693237305  5.10050678253173828
1890    -2.36423110961914063  0.97986698150634766  64.14360046386718750
1891    -8.73438835144042969  2.39785695075988770  64.14360046386718750
1892    -6.98338794708251953  5.15166521072387695  64.14360046386718750
1893    -8.65799903869628906  5.02481222152709961  64.14360046386718750
1894    -11.89908981323242188  2.48630905151367188  64.14360046386718750
1895    -13.45680046081542969  3.08904504776000977  64.14360046386718750
1896    8.79470252990722656  8.03461933135986328  12.81037998199462891
1897    7.83748579025268555  8.17866516113281250  11.32217979431152344
1898    12.07691001892089844  8.08824634552001953  12.02729034423828125
1899    9.10626316070556641  8.31657791137695313  10.36001014709472656
1900    -7.34209203720092773  8.39831733703613281  9.95599174499511719
1901    3.96139597892761230  8.27188587188720703  10.62726974487304688
1902    4.14154100418090820  9.01409912109375000  7.53769493103027344
1903    3.98754405975341797  8.63766574859619141  8.85631656646728516
1904    4.36403322219848633  9.58718681335449219  5.93429708480834961
1905    -12.49870014190673828  11.41819000244140625  2.36440896987915039
1906    8.22009181976318359  11.80755996704101563  1.77188301086425781
1907    3.95683503150939941  11.63689994812011719  2.02898597717285156
1908    -8.15434932708740234  13.13704967498779297  0.00161299994215369
1909    8.17866230010986328  15.36244964599609375  -2.60089397430419922
1910    7.59403800964355469  20.29541969299316406  -8.32712173461914063
1911    7.88788414001464844  18.83909034729003906  -6.63660717010498047
1912    -6.86056900024414063  14.77956008911132813  -1.92427504062652588
1913    -7.59750986099243164  15.78551006317138672  -3.09198307991027832
1914    -7.24679422378540039  16.80681991577148438  -4.27752685546875000
1915    -7.52114915847778320  17.99967956542968750  -5.66221189498901367
1916    -14.01772975921630859  15.84325027465820313  -3.15900802612304688
1917    6.37906122207641602  20.58025932312011719  -8.65776824951171875
1918    7.26530504226684570  21.37796020507812500  -9.58373737335205078
1919    1.83738100528717041  20.56259918212890625  -8.63726043701171875
1920    -8.79495620727539063  22.32092094421386719  -10.67833042144775391
1921    -12.51148986816406250  25.90516090393066406  -15.24682044982910156
1922    -8.09915828704833984  27.62962913513183594  -18.01342964172363281
1923    -6.95964002609252930  28.38685989379882813  -19.44676017761230469
1924    -9.00607204437255859  28.98007011413574219  -20.63780975341796875
1925    -7.41561508178710938  29.06138038635253906  -20.80423927307128906
1926    -8.77484703063964844  31.49300003051757813  -27.93930053710937500
1927    11.80210018157958984  24.51725006103515625  -45.90196990966796875
1928    13.75069046020507813  24.51725006103515625  -47.35359954833984375
1929    8.01360607147216797  24.51725006103515625  -47.60572814941406250
1930    -4.60569906234741211  24.51725006103515625  -37.85208129882812500
1931    -3.44148993492126465  24.51725006103515625  -40.92921829223632813
1932    -10.78396987915039063  24.51725006103515625  -39.55379867553710938
1933    -9.44569683074951172  24.51725006103515625  -39.85009002685546875
1934    -12.60807991027832031  24.51725006103515625  -54.62810897827148438
1935    -12.29625988006591797  24.51725006103515625  -48.30596923828125000
1936    -12.79590988159179688  24.51725006103515625  -76.05803680419921875
1937    -7.86233520507812500  24.51725006103515625  -64.62822723388671875
1938    -10.04821014404296875  24.23374938964843750  -32.66242980957031250
1939    -13.53337001800537109  24.22245025634765625  -32.56755065917968750
1940    11.86614990234375000  24.38847923278808594  -33.99002838134765625
1941    -9.35731792449951172  23.96898078918457031  -31.03502082824707031
1942    6.64915704727172852  24.13878059387207031  -31.98574066162109375
1943    4.37441682815551758  24.09715080261230469  -31.69625091552734375
1944    -13.95718955993652344  23.96356010437011719  -31.00535011291503906
1945    11.77698040008544922  23.96830940246582031  -31.03005027770996094
1946    -7.00808191299438477  23.73562049865722656  -29.90905952453613281
1947    3.92955398559570313  23.78927040100097656  -30.13451004028320313
1948    8.31790447235107422  23.59976959228515625  -29.33238983154296875
1949    11.47276020050048828  23.53140068054199219  -29.06542015075683594
1950    4.33921909332275391  23.04306983947753906  -27.36762046813964844
1951    8.86686038970947266  23.09345054626464844  -27.54335975646972656
1952    9.26741123199462891  22.57448005676269531  -26.07040023803710938
1953    -9.53969764709472656  22.02046012878417969  -24.68386077880859375
1954    -6.88203096389770508  22.19231033325195313  -25.09947967529296875
1955    4.03623104095458984  22.47880935668945313  -25.81277084350585938
1956    8.11848068237304688  22.52733039855957031  -25.94417953491210938
1957    13.27398967742919922  22.14995002746582031  -24.96241950988769531
1958    11.66569042205810547  22.00068092346191406  -24.63813972473144531
1959    -6.92320108413696289  21.15135955810546875  -22.86572074890136719
1960    6.03964900970458984  21.02371025085449219  -22.61446952819824219
1961    13.12213039398193359  21.03815078735351563  -22.62937927246093750
1962    11.66195964813232422  20.91349983215332031  -22.40776062011718750
1963    4.20636081695556641  20.15007972717285156  -21.06118965148925781
1964    4.05050516128540039  19.32917022705078125  -19.80344009399414063
1965    8.21632480621337891  19.86558914184570313  -20.61414909362792969
1966    -9.25334739685058594  17.74311065673828125  -17.66987991333007813
1967    8.34762477874755859  15.18801021575927734  -14.65557956695556641
1968    9.02318572998046875  17.15435981750488281  -16.94111061096191406
1969    -6.94189214706420898  16.21982955932617188  -15.85381984710693359
1970    -7.62341594696044922  13.57133960723876953  -12.77894020080566406
1971    -12.38914966583251953  14.87728023529052734  -14.29487991333007813
1972    6.47451686859130859  9.98916339874267578  -8.62071704864501953
1973    -8.09151077270507813  9.30074977874755859  -7.82160377502441406
1974    -8.24320411682128906  8.29798698425292969  -6.65758800506591797
1975    -14.07884025573730469  10.30198001861572266  -8.98384094238281250
1976    -9.59584712982177734  7.21830081939697266  -5.39777278900146484
1977    14.10492038726806641  6.54235982894897461  -4.55118703842163086
1978    6.65783309936523438  5.69570302963256836  -3.44579291343688965
1979    4.02548980712890625  5.54804897308349609  -3.24560594558715820
1980    7.87899780273437500  4.02836608886718750  -0.86948001384735107
1981    9.33568382263183594  4.24120712280273438  -1.24720799922943115
1982    3.64304494857788086  3.42149090766906738  0.21047100424766541
1983    9.76852035522460938  2.83718395233154297  1.41049003601074219
1984    13.04125022888183594  3.18564701080322266  0.66236197948455811
1985    11.29275035858154297  3.21127295494079590  0.61112898588180542
1986    3.78021597862243652  2.43208098411560059  2.28513288497924805
1987    -13.88613986968994141  1.68127298355102539  4.22653579711914063
1988    8.51971530914306641  2.27372694015502930  2.67148995399475098
1989    6.62654876708984375  1.31836199760437012  5.32696485519409180
1990    -6.45476198196411133  1.08793699741363525  6.13437891006469727
1991    8.31851100921630859  1.27463603019714355  5.47700595855712891
1992    12.72467994689941406  0.95744800567626953  6.59411191940307617
1993    -7.06020307540893555  0.56467300653457642  8.34557342529296875
1994    -10.03783035278320313  0.45983201265335083  8.88165283203125000
1995    5.35617685317993164  -0.00716899987310171  13.76581001281738281
1996    12.32719993591308594  -0.02467600069940090  46.71738815307617188
1997    8.88001632690429688  -0.02467600069940090  51.41841888427734375
1998    7.14132213592529297  -0.02467600069940090  40.45621109008789063
1999    9.27914333343505859  -0.02467600069940090  40.24813842773437500
2000    -0.11650600284337997  -0.02467600069940090  26.56089973449707031
2001    -1.40409505367279053  -0.02467600069940090  27.38376998901367188
2002    -12.73606014251708984  -0.02467600069940090  27.46413040161132813
2003    15.00000000000000000  4.91585683822631836  15.50592041015625000
2004    15.00000000000000000  5.94243001937866211  11.21465015411376953
2005    15.00000000000000000  8.44298839569091797  4.02582311630249023
2006    15.00000000000000000  9.88506031036376953  -6.93281412124633789
2007    15.00000000000000000  16.14983940124511719  -11.65268993377685547
2008    15.00000000000000000  18.36450958251953125  -14.55683040618896484
2009    15.00000000000000000  23.59617042541503906  -14.77031993865966797
2010    7.00000000000000000  27.84729957580566406  -73.35674285888671875
2011    -7.00000000000000000  28.74357986450195313  -67.06321716308593750
2012    -5.82276201248168945  32.51725006103515625  -50.23347854614257813
2013    -5.20457983016967773  32.51725006103515625  -48.78873825073242188
2014    -4.54518699645996094  32.51725006103515625  -47.24768829345703125
2015    -3.88579297065734863  32.51725006103515625  -45.70663070678710938
2016    3.88579297065734863  24.51725006103515625  -45.70663070678710938
2017    4.54518699645996094  24.51725006103515625  -47.24768829345703125
2018    5.41071081161499023  24.51734924316406250  -49.27048873901367188
2019    6.02511119842529297  24.51766014099121094  -50.71744155883789063
2020    1.74585902690887451  29.57881927490234375  -40.70542907714843750
2021    7.74690198898315430  32.51725006103515625  -83.84517669677734375
2022    9.80591773986816406  32.51725006103515625  -74.31255340576171875
2023    11.59237003326416016  32.51725006103515625  -72.09002685546875000
2024    13.75000000000000000  32.51725006103515625  -86.62521362304687500
2025    10.01679992675781250  32.51725006103515625  -64.41811370849609375
2026    9.76817512512207031  32.51725006103515625  -49.49166107177734375
2027    10.64752960205078125  32.51725006103515625  -46.67205810546875000
2028    9.45914268493652344  32.51725006103515625  -42.34986877441406250
2029    5.62948799133300781  32.51725006103515625  -42.21765136718750000
2030    -10.65748977661132813  32.51725006103515625  -78.48103332519531250
2031    -15.00000000000000000  6.95815706253051758  56.18627166748046875
2032    -15.00000000000000000  6.76365518569946289  53.13439178466796875
2033    -15.00000000000000000  4.22717714309692383  1.17127597332000732
2034    -15.00000000000000000  10.77861022949218750  -5.11865997314453125
2035    -15.00000000000000000  11.63084983825683594  -5.94319009780883789
2036    -15.00000000000000000  10.42593955993652344  -6.64285421371459961
2037    -15.00000000000000000  11.33364963531494141  -8.74638652801513672
2038    -15.00000000000000000  17.38512992858886719  -6.34786987304687500
2039    -15.00000000000000000  22.79805946350097656  -19.65040016174316406
2040    -15.00000000000000000  24.08021926879882813  -16.91526031494140625
2041    -15.00000000000000000  24.38643074035644531  -24.42464065551757813
2042    -15.00000000000000000  27.94211959838867188  -41.87490844726562500
2043    9.25531291961669922  2.49629497528076172  64.14360046386718750
2044    -5.22521591186523438  5.44788980484008789  64.14360046386718750
2045    -0.55117100477218628  7.97532415390014648  52.79681015014648438
2046    -6.17614698410034180  7.97532415390014648  52.95367813110351563
2047    -2.35349106788635254  7.97532415390014648  18.12298965454101563
2048    -0.61880201101303101  8.02814292907714844  12.95600032806396484
2049    -14.00537014007568359  7.99690723419189453  13.67177009582519531
2050    13.57833957672119141  8.02696514129638672  12.98243999481201172
2051    0.05857599899172783  8.84078407287597656  8.10461044311523438
2052    -2.92556810379028320  9.70356464385986328  5.65211486816406250
2053    0.89364498853683472  10.31161022186279297  4.32050991058349609
2054    4.18676614761352539  14.71535968780517578  -1.84975194931030273
2055    -0.13943800330162048  18.99679946899414063  -6.81967210769653320
2056    0.09201599657535553  20.47514915466308594  -8.53576087951660156
2057    -0.82544100284576416  21.98221969604492188  -10.28516960144042969
2058    -12.18673038482666016  18.07769966125488281  -5.75277090072631836
2059    4.08886909484863281  24.22374916076660156  -12.96697998046875000
2060    -10.07847023010253906  27.39113998413085938  -17.60950088500976563
2061    -10.61483955383300781  30.51372909545898438  -24.52330017089843750
2062    -9.45723819732666016  32.43130111694335938  -34.27098846435546875
2063    11.48268032073974609  24.51725006103515625  -52.29927062988281250
2064    8.40535068511962891  24.51725006103515625  -44.30356979370117188
2065    8.86135292053222656  24.51725006103515625  -39.70677947998046875
2066    4.82889080047607422  24.51725006103515625  -44.67544174194335938
2067    4.82786893844604492  24.51725006103515625  -43.21448135375976563
2068    11.21856021881103516  24.51725006103515625  -37.74240112304687500
2069    -11.11740016937255859  24.51539993286132813  -36.92144012451171875
2070    -14.06822013854980469  24.51725006103515625  -62.60953903198242188
2071    -13.71162033081054688  24.40711021423339844  -34.13928985595703125
2072    7.06311988830566406  24.43993949890136719  -34.72916030883789063
2073    0.32965800166130066  24.26721000671386719  -32.94678878784179688
2074    -3.04539394378662109  24.25367927551269531  -32.83013153076171875
2075    -0.58408600091934204  24.14310073852539063  -32.02692031860351563
2076    1.42060101032257080  24.06720924377441406  -31.57655906677246094
2077    -5.73915290832519531  23.95570945739746094  -30.96661949157714844
2078    -4.11570310592651367  23.53516960144042969  -29.07722091674804688
2079    -6.92747783660888672  23.37363052368164063  -28.50709915161132813
2080    13.42628002166748047  23.15488052368164063  -27.73630905151367188
2081    -2.17683100700378418  22.72534942626953125  -26.47669029235839844
2082    -4.49896001815795898  22.80481910705566406  -26.69067955017089844
2083    -6.98495912551879883  22.82901000976562500  -26.77304077148437500
2084    -5.21892213821411133  22.01724052429199219  -24.67654991149902344
2085    -6.91590309143066406  21.73200035095214844  -24.05735015869140625
2086    13.61369991302490234  21.59740066528320313  -23.76713943481445313
2087    -4.66364908218383789  20.89443969726562500  -22.37258911132812500
2088    -1.25728499889373779  19.01074028015136719  -19.33448982238769531
2089    0.65296399593353271  15.30900955200195313  -14.79603958129882813
2090    -0.15479600429534912  11.63053035736083984  -10.52602005004882813
2091    0.10947799682617188  10.56219005584716797  -9.28588771820068359
2092    -1.67237794399261475  7.54998779296875000  -5.78918790817260742
2093    -12.11853027343750000  12.49069023132324219  -11.52451038360595703
2094    13.63792037963867188  3.85992503166198730  -0.57301700115203857
2095    -6.02408409118652344  2.50375199317932129  2.13033604621887207
2096    13.40058994293212891  2.51462602615356445  2.10539007186889648
2097    -9.98814392089843750  0.02504100091755390  12.88582038879394531
2098    13.97301006317138672  -0.02467600069940090  39.76218032836914063
2099    15.00000000000000000  14.11238956451416016  -7.42488288879394531
2100    15.00000000000000000  19.28676986694335938  -11.71321010589599609
2101    15.00000000000000000  28.55010032653808594  -37.33195114135742188
2102    4.63039779663085938  29.01979064941406250  -47.44683074951171875
2103    4.88113880157470703  28.08449935913085938  -48.03282928466796875
2104    7.00000000000000000  24.51725006103515625  -76.81860351562500000
2105    7.00000000000000000  24.51725006103515625  -68.97329711914062500
2106    7.00000000000000000  24.51725006103515625  -57.45051956176757813
2107    7.00000000000000000  32.51725006103515625  -74.12178039550781250
2108    7.00000000000000000  32.51725006103515625  -66.21518707275390625
2109    -6.99990081787109375  31.74202919006347656  -56.06193161010742188
2110    -7.00000000000000000  32.51725006103515625  -61.95544052124023438
2111    -7.00000000000000000  31.54851913452148438  -72.27452850341796875
2112    -7.00000000000000000  32.51725006103515625  -80.74124145507812500
2113    -7.00000000000000000  31.77693939208984375  -83.70614624023437500
2114    -6.82337713241577148  30.28585052490234375  -53.43083953857421875
2115    -5.74124383926391602  25.62443923950195313  -50.04296112060546875
2116    -5.16121912002563477  25.59034919738769531  -48.68740081787109375
2117    -3.49319100379943848  28.46032905578613281  -44.78908920288085938
2118    -2.28516697883605957  29.15357971191406250  -41.96583938598632813
2119    -1.16648495197296143  31.73781013488769531  -39.35160827636718750
2120    -1.00094604492187500  32.51725006103515625  -38.96450042724609375
2121    2.89670300483703613  32.51725006103515625  -43.39503860473632813
2122    2.03341889381408691  26.60843086242675781  -41.37747955322265625
2123    -2.46397709846496582  24.51725006103515625  -42.38373184204101563
2124    3.39124894142150879  24.51725006103515625  -44.55083084106445313
2125    2.89670300483703613  24.51725006103515625  -43.39503860473632813
2126    2.64528393745422363  26.00765991210937500  -42.80746078491210938
2127    1.66033995151519775  24.51725006103515625  -40.50556182861328125
2128    1.35124897956848145  24.51725006103515625  -39.78319168090820313
2129    1.10360801219940186  25.61820030212402344  -39.20444107055664063
2130    15.00000000000000000  32.51725006103515625  -81.74240112304687500
2131    15.00000000000000000  32.51725006103515625  -59.18381118774414063
2132    13.87110996246337891  32.51725006103515625  -51.63072967529296875
2133    15.00000000000000000  32.51725006103515625  -47.85567855834960938
2134    9.28064441680908203  32.51725006103515625  -46.46015930175781250
2135    13.86956024169921875  32.51725006103515625  -38.13246917724609375
2136    12.35451030731201172  32.44549942016601563  -34.65837860107421875
2137    -1.66679894924163818  32.48778915405273438  -35.79724121093750000
2138    -6.34959697723388672  32.51725006103515625  -40.82505035400390625
2139    -13.70304012298583984  32.51725006103515625  -37.67903900146484375
2140    -8.00913810729980469  32.51725006103515625  -51.73212814331054688
2141    -15.00000000000000000  32.51725006103515625  -37.74826049804687500
2142    -15.00000000000000000  32.51725006103515625  -45.02365112304687500
2143    -15.00000000000000000  32.51725006103515625  -48.14865112304687500
2144    -15.00000000000000000  32.51725006103515625  -59.33029174804687500
2145    -10.49102973937988281  32.51725006103515625  -69.43508148193359375
2146    -15.00000000000000000  32.51725006103515625  -69.16915893554687500
2147    -15.00000000000000000  32.51725006103515625  -72.39182281494140625
2148    -15.00000000000000000  32.51725006103515625  -75.24826049804687500
2149    -8.04091835021972656  32.51725006103515625  -74.06147003173828125
2150    -15.00000000000000000  -0.02467600069940090  54.45122146606445313
2151    -15.00000000000000000  3.76523494720458984  40.91519165039062500
2152    -15.00000000000000000  -0.02467600069940090  49.81254959106445313
2153    -15.00000000000000000  -0.02467600069940090  40.51079177856445313
2154    -15.00000000000000000  -0.02467600069940090  31.62406921386718750
2155    -15.00000000000000000  6.03782415390014648  64.14360046386718750
2156    -15.00000000000000000  7.97532415390014648  34.26079177856445313
2157    -15.00000000000000000  7.97532415390014648  27.62015914916992188
2158    -15.00000000000000000  7.97532415390014648  25.32523918151855469
2159    -15.00000000000000000  4.92875623703002930  5.49973011016845703
2160    -15.00000000000000000  7.82039690017700195  5.28386020660400391
2161    -15.00000000000000000  7.31362009048461914  -5.49868392944335938
2162    -15.00000000000000000  8.57189559936523438  -6.96770191192626953
2163    -15.00000000000000000  9.89677619934082031  -8.51291656494140625
2164    -15.00000000000000000  11.15254020690917969  -9.97117137908935547
2165    -15.00000000000000000  13.74184036254882813  -2.10206890106201172
2166    -15.00000000000000000  14.47924041748046875  -1.57565701007843018
2167    -15.00000000000000000  12.40254020690917969  -11.42218017578125000
2168    -15.00000000000000000  13.65254020690917969  -12.87318992614746094
2169    -15.00000000000000000  14.62779998779296875  -10.64313983917236328
2170    -15.00000000000000000  14.90254020690917969  -14.32419967651367188
2171    -15.00000000000000000  16.04511070251464844  -15.65050983428955078
2172    -15.00000000000000000  15.33860969543457031  -2.57322502136230469
2173    -15.00000000000000000  16.27610969543457031  -3.66148304939270020
2174    -15.00000000000000000  17.52610969543457031  -5.11249208450317383
2175    -15.00000000000000000  18.77610969543457031  -6.56349992752075195
2176    -15.00000000000000000  19.71360969543457031  -7.65175819396972656
2177    -15.00000000000000000  20.65110969543457031  -8.74001502990722656
2178    -15.00000000000000000  21.90110969543457031  -10.19102001190185547
2179    -15.00000000000000000  22.83860969543457031  -11.27927970886230469
2180    -15.00000000000000000  25.55837059020996094  -16.58614921569824219
2181    -15.00000000000000000  25.52238082885742188  -32.80210113525390625
2182    -15.00000000000000000  24.51725006103515625  -82.76779174804687500
2183    -15.00000000000000000  24.51725006103515625  -72.37960815429687500
2184    -15.00000000000000000  24.51725006103515625  -50.68770980834960938
2185    -15.00000000000000000  24.51725006103515625  -46.83029174804687500
2186    7.73437500000000000  -0.02467600069940090  64.14360046386718750
2187    -3.30394005775451660  3.46295690536499023  64.14360046386718750
2188    -4.82710886001586914  2.55469107627868652  64.14360046386718750
2189    -13.76953029632568359  -0.02467600069940090  64.14360046386718750
2190    12.18750000000000000  7.97532415390014648  64.14360046386718750
2191    8.32031154632568359  7.97532415390014648  64.14360046386718750
2192    2.57812500000000000  7.97532415390014648  64.14360046386718750
2193    1.52343797683715820  7.97532415390014648  64.14360046386718750
2194    12.10200977325439453  7.97532415390014648  22.32250976562500000
2195    1.86644005775451660  7.97532415390014648  60.93405914306640625
2196    13.76348018646240234  7.97540998458862305  14.76436042785644531
2197    -0.91123402118682861  7.97532415390014648  18.22546005249023438
2198    -14.27667999267578125  7.97532415390014648  15.19406032562255859
2199    13.72426033020019531  8.72788143157958984  8.47413063049316406
2200    13.48923969268798828  9.87887382507324219  5.23746204376220703
2201    13.53269958496093750  11.18620014190673828  2.72249698638916016
2202    -0.01384199969470501  12.94661998748779297  0.24344199895858765
2203    14.99999046325683594  13.50113010406494141  -0.44026499986648560
2204    10.80243015289306641  22.04548072814941406  -10.35861968994140625
2205    11.49209022521972656  23.33523941040039063  -11.86633014678955078
2206    -13.68128013610839844  23.56912040710449219  -12.15065002441406250
2207    9.11790752410888672  31.74311065673828125  -29.06628990173339844
2208    8.46436786651611328  32.47708129882812500  -35.49583053588867188
2209    11.41197013854980469  24.51725006103515625  -73.42189025878906250
2210    10.30265045166015625  24.51725006103515625  -62.57862854003906250
2211    11.42026042938232422  24.51725006103515625  -58.51271057128906250
2212    14.06931018829345703  24.51725006103515625  -71.47322082519531250
2213    15.00000000000000000  24.51725006103515625  -63.48067855834960938
2214    15.00000000000000000  24.51725006103515625  -52.83615112304687500
2215    15.00000000000000000  24.51725006103515625  -38.26095962524414063
2216    9.77184772491455078  24.51725006103515625  -48.32371139526367188
2217    7.53897905349731445  24.51725006103515625  -50.76102066040039063
2218    6.11110019683837891  24.51725006103515625  -39.33890151977539063
2219    -7.63805007934570313  24.49883079528808594  -36.16632843017578125
2220    -12.59576988220214844  24.51725006103515625  -40.36933898925781250
2221    -11.08539962768554688  24.51725006103515625  -47.72029113769531250
2222    -11.99479007720947266  24.51725006103515625  -53.09003067016601563
2223    -11.51140975952148438  24.51725006103515625  -50.49264144897460938
2224    -14.09358978271484375  24.51725006103515625  -57.62321090698242188
2225    -13.86983966827392578  24.51725006103515625  -78.20001983642578125
2226    -4.26081800460815430  24.43124961853027344  -34.59481811523437500
2227    -11.05706977844238281  16.17346000671386719  -15.79981040954589844
2228    0.51263201236724854  16.39595985412597656  -16.05777931213378906
2229    15.00000000000000000  16.54315948486328125  -16.22864913940429688
2230    8.65341854095458984  7.13484096527099609  -5.29071187973022461
2231    2.75885295867919922  8.34739875793457031  -6.71494483947753906
2232    -8.24231815338134766  7.53663778305053711  -5.77374601364135742
2233    14.06196022033691406  5.62712383270263672  -3.36339092254638672
2234    13.81330966949462891  0.39375299215316772  9.20543670654296875
2235    12.41633987426757813  0.35916098952293396  9.41262340545654297
2236    -13.89465045928955078  0.15194100141525269  11.16011047363281250
2237    7.29595899581909180  0.05552500113844872  12.15528011322021484
2238    10.24697971343994141  0.02682900056242943  12.84057998657226563
2239    -13.11411952972412109  -0.02352800033986568  14.59292030334472656
2240    -11.50848007202148438  -0.01025199983268976  13.86417007446289063
2241    -1.12413394451141357  -0.00119099998846650  13.62734031677246094
2242    15.00000000000000000  -0.02467600069940090  31.37993049621582031
2243    15.00000000000000000  -0.02467600069940090  34.26079177856445313
2244    15.00000000000000000  -0.02467600069940090  37.03178024291992188
2245    15.00000000000000000  -0.02467600069940090  40.60844039916992188
2246    15.00000000000000000  -0.02467600069940090  50.25199890136718750
2247    15.00000000000000000  -0.02467600069940090  61.99515914916992188
2248    -8.50869464874267578  -0.02467600069940090  24.65839958190917969
2249    15.00000000000000000  7.12794494628906250  31.18576049804687500
2250    15.00000000000000000  6.73542308807373047  15.62121963500976563
2251    15.00000000000000000  6.99765110015869141  11.32213020324707031
2252    15.00000000000000000  4.26925277709960938  9.11194992065429688
2253    15.00000000000000000  15.15472030639648438  -10.84090995788574219
2254    15.00000000000000000  25.85062026977539063  -32.97011947631835938
2255    15.00000000000000000  27.01511955261230469  -28.75391006469726563
2256    15.00000000000000000  27.86529922485351563  -31.53799057006835938
2257    -11.87672996520996094  13.18340015411376953  -0.05364099889993668
2258    -5.58409690856933594  -0.02467600069940090  23.91887092590332031
2259    15.00000000000000000  6.15150403976440430  44.58697891235351563
2260    0.12733200192451477  0.77019298076629639  7.36999320983886719
2261    -10.03789043426513672  -0.02467600069940090  43.89627838134765625
2262    -10.20890045166015625  32.51725006103515625  -67.11898803710937500
2263    -13.71782970428466797  32.51725006103515625  -73.89778137207031250
2264    12.72329998016357422  7.97532415390014648  57.69287109375000000
2265    2.48208403587341309  7.97532415390014648  49.41677093505859375
2266    1.49428403377532959  7.97532415390014648  23.70499038696289063
2267    -12.70452022552490234  7.97532415390014648  31.11144065856933594
2268    13.38591957092285156  8.39675331115722656  9.93496417999267578
2269    7.94770479202270508  24.51725006103515625  -80.42646789550781250
2270    -1.86450505256652832  -0.02467600069940090  19.33465957641601563
2271    -2.30667996406555176  -0.02467600069940090  32.03171920776367188
2272    3.25415205955505371  -0.02467600069940090  47.61816024780273438
2273    9.29759216308593750  -0.02467600069940090  60.69612884521484375
2274    1.69684195518493652  -0.02467600069940090  60.55070114135742188
2275    -11.69365978240966797  -0.02467600069940090  47.60506820678710938
2276    -5.77329778671264648  -0.02467600069940090  60.50598907470703125
2277    2.97298789024353027  -0.02467600069940090  29.37829017639160156
2278    11.14906978607177734  32.51725006103515625  -56.68284988403320313
2279    8.33855247497558594  7.97532415390014648  56.93515014648437500
2280    1.98273503780364990  7.97532415390014648  36.97161102294921875
2281    -9.38584327697753906  7.97532415390014648  26.46611976623535156
2282    4.75158023834228516  8.09380722045898438  11.98639965057373047
2283    -7.46701622009277344  11.76902008056640625  1.82771301269531250
2284    5.64629888534545898  21.44132041931152344  -9.65729331970214844
2285    9.13868045806884766  31.34902954101562500  -27.37282943725585938
2286    -10.40991973876953125  19.06073951721191406  -19.40683937072753906
2287    -6.47180986404418945  3.76211500167846680  -0.39966198801994324
2288    -6.15835523605346680  -0.02467600069940090  25.67081069946289063
2289    6.62719821929931641  -0.02467600069940090  59.82645034790039063
2290    -8.54211521148681641  -0.02467600069940090  60.21887969970703125
2291    8.46984672546386719  32.51725006103515625  -85.82478332519531250
2292    -13.98892974853515625  32.51725006103515625  -59.25582885742187500
2293    -8.40003490447998047  9.87958431243896484  5.23576688766479492
2294    -9.33765316009521484  11.80916976928710938  1.76475703716278076
2295    -8.15616989135742188  11.12047004699707031  2.84577703475952148
2296    9.69255924224853516  11.54302024841308594  2.17296600341796875
2297    -1.55955505371093750  24.93988037109375000  -13.86676025390625000
2298    -1.43881499767303467  26.70421981811523438  -16.44603919982910156
2299    -1.64267802238464355  27.98763084411621094  -18.64546966552734375
2300    -1.53399801254272461  30.25110054016113281  -23.73084068298339844
2301    -1.47029399871826172  31.04668045043945313  -26.18326950073242188
2302    5.96439790725708008  32.27819824218750000  -32.58964920043945313
2303    9.14233016967773438  21.46633911132812500  -23.48484992980957031
2304    9.79216098785400391  3.35805511474609375  0.32802200317382813
2305    8.78704738616943359  1.71411502361297607  4.13809204101562500
2306    9.78818130493164063  -0.02467600069940090  37.49441909790039063
2307    -4.75981807708740234  -0.02467600069940090  41.03900909423828125
2308    -0.84798502922058105  -0.02467600069940090  59.76435089111328125
2309    -8.37052154541015625  -0.02467600069940090  40.64511108398437500
2310    7.00000000000000000  26.69466018676757813  -74.66713714599609375
2311    -13.86857986450195313  32.51725006103515625  -44.23744964599609375
2312    -10.43128967285156250  32.51725006103515625  -65.86721038818359375
2313    -8.83662033081054688  32.51725006103515625  -66.20202636718750000
2314    -8.21516227722167969  32.51725006103515625  -75.48864746093750000
2315    -15.00000000000000000  23.37766075134277344  -23.32214927673339844
2316    -2.35935401916503906  4.14465093612670898  64.14360046386718750
2317    13.55951023101806641  7.97532415390014648  22.09140968322753906
2318    -1.88524103164672852  7.97532415390014648  61.71155166625976563
2319    5.41254091262817383  7.97532415390014648  43.64942169189453125
2320    3.77283692359924316  7.97532415390014648  21.15136909484863281
2321    -1.00123798847198486  7.97532415390014648  21.03977012634277344
2322    -12.91423034667968750  7.97532415390014648  34.93035888671875000
2323    0.14197500050067902  7.97532415390014648  16.97294044494628906
2324    -8.24688816070556641  15.15983963012695313  -2.36570000648498535
2325    -13.32199001312255859  14.88486957550048828  -2.04651403427124023
2326    -2.33117103576660156  17.97005081176757813  -5.62782287597656250
2327    -6.26007890701293945  18.10178947448730469  -5.78073692321777344
2328    -13.77509021759033203  16.74192047119140625  -4.20219278335571289
2329    0.61028099060058594  22.78220939636230469  -11.21380996704101563
2330    -7.28297519683837891  21.85345077514648438  -10.13570022583007813
2331    5.77810096740722656  25.22549057006835938  -14.26416015625000000
2332    -6.72168779373168945  32.36164093017578125  -33.37527084350585938
2333    11.15573024749755859  32.45045089721679688  -34.74834060668945313
2334    9.85317611694335938  24.51725006103515625  -58.30701828002929688
2335    14.06809043884277344  24.51725006103515625  -51.77262878417968750
2336    -10.29164981842041016  24.51725006103515625  -43.91522979736328125
2337    8.69582366943359375  24.40127944946289063  -34.16891098022460938
2338    11.67928028106689453  18.46401977539062500  -18.57766914367675781
2339    13.66928005218505859  8.33486843109130859  -6.70040321350097656
2340    9.83275508880615234  9.64010906219482422  -8.21553325653076172
2341    -13.88984012603759766  15.50020027160644531  -15.01797008514404297
2342    -2.67342805862426758  12.56684970855712891  -11.61291980743408203
2343    -6.64828491210937500  12.28705978393554688  -11.28812980651855469
2344    -11.09582042694091797  7.74478006362915039  -6.01536798477172852
2345    -7.02818393707275391  0.13573199510574341  11.21675014495849609
2346    9.31695747375488281  -0.02467600069940090  22.14059066772460938
2347    5.88990879058837891  -0.02467600069940090  16.98609924316406250
2348    9.78260040283203125  -0.02467600069940090  41.76974105834960938
2349    2.26896309852600098  -0.02467600069940090  40.56253051757812500
2350    -0.17652300000190735  -0.02467600069940090  17.86305046081542969
2351    -0.29629200696945190  -0.02467600069940090  23.41032028198242188
2352    -8.25043392181396484  -0.02467600069940090  22.45854949951171875
2353    -13.40141963958740234  -0.02467600069940090  18.63467025756835938
2354    -5.80807781219482422  -0.02467600069940090  31.52025032043457031
2355    1.92566895484924316  -0.02467600069940090  44.41400146484375000
2356    1.74625897407531738  -0.02467600069940090  50.54357910156250000
2357    9.45433616638183594  -0.02467600069940090  56.85937881469726563
2358    1.85725200176239014  -0.02467600069940090  56.91128921508789063
2359    5.23684597015380859  -0.02467600069940090  62.77898025512695313
2360    -13.01918029785156250  -0.02467600069940090  50.64107894897460938
2361    -5.53218984603881836  -0.02467600069940090  56.94142150878906250
2362    -2.33969902992248535  -0.02467600069940090  62.69087982177734375
2363    -13.04098033905029297  -0.02467600069940090  56.90719985961914063
2364    15.00000000000000000  26.67090988159179688  -30.59412956237792969
2365    -7.00000000000000000  30.68222999572753906  -82.91658020019531250
2366    4.24904584884643555  -0.02467600069940090  30.05277061462402344
2367    7.00000000000000000  27.59873962402343750  -60.65909957885742188
2368    9.53271579742431641  32.51725006103515625  -56.37998962402343750
2369    7.25713682174682617  32.51725006103515625  -50.23294067382812500
2370    -9.11091995239257813  3.71480202674865723  64.14360046386718750
2371    6.02366304397583008  7.12538099288940430  64.14360046386718750
2372    6.03553581237792969  7.97532415390014648  31.09350967407226563
2373    3.52583098411560059  7.97532415390014648  30.20964050292968750
2374    -11.05677986145019531  7.97532415390014648  21.58883094787597656
2375    9.58718395233154297  27.80632019042968750  -18.31926918029785156
2376    9.59139442443847656  29.02350044250488281  -20.73199081420898438
2377    9.59292507171630859  30.06592941284179688  -23.22492027282714844
2378    9.59159374237060547  30.93890953063964844  -25.82148933410644531
2379    11.44079017639160156  31.70454025268554688  -28.85220909118652344
2380    9.48293781280517578  15.17858028411865234  -14.64463043212890625
2381    10.74808979034423828  11.11334991455078125  -9.92567729949951172
2382    -10.70042037963867188  9.62576103210449219  -8.19887828826904297
2383    12.45598030090332031  -0.02279799990355968  14.58224010467529297
2384    -4.46164417266845703  -0.02467600069940090  25.75260925292968750
2385    -5.99675512313842773  -0.02467600069940090  22.67683029174804688
2386    15.00000000000000000  27.37281990051269531  -80.56217193603515625
2387    -7.00000000000000000  25.65880966186523438  -67.82614135742187500
2388    -7.00000000000000000  26.76199913024902344  -63.33087921142578125
2389    -7.00000000000000000  28.27202033996582031  -60.48566055297851563
2390    -7.00000000000000000  29.31868934631347656  -76.58638000488281250
2391    -15.00000000000000000  1.25030601024627686  34.25862884521484375
2392    -15.00000000000000000  11.12707996368408203  -0.02600299939513206
2393    -15.00000000000000000  30.81912040710449219  -66.55013275146484375
2394    -2.56157588958740234  7.97532415390014648  26.80838966369628906
2395    -4.22378396987915039  7.97532415390014648  15.62094020843505859
2396    -0.11984399706125259  7.98184919357299805  14.21749973297119141
2397    0.20066900551319122  8.30766582489013672  10.45172977447509766
2398    1.96108400821685791  17.41321945190429688  -4.98144483566284180
2399    -10.92885017395019531  18.60128021240234375  -6.36055278778076172
2400    1.91522502899169922  13.10579967498779297  -12.23853015899658203
2401    -3.23081898689270020  9.21723937988281250  -7.72466516494750977
2402    -10.86324977874755859  11.93474960327148438  -10.87915992736816406
2403    2.66942310333251953  0.73280400037765503  7.52069807052612305
2404    -8.60187244415283203  0.17941400408744812  10.84776973724365234
2405    -2.95052695274353027  -0.02467600069940090  54.07643127441406250
2406    15.00000000000000000  4.12615203857421875  33.61072158813476563
2407    15.00000000000000000  3.41555690765380859  21.53516960144042969
2408    15.00000000000000000  29.16245079040527344  -68.55092620849609375
2409    15.00000000000000000  28.70887947082519531  -79.48565673828125000
2410    -7.00000000000000000  25.58585929870605469  -58.87760925292968750
2411    -7.00000000000000000  31.42612075805664063  -61.97592926025390625
2412    14.17918968200683594  32.51725006103515625  -67.97702026367187500
2413    -13.23978996276855469  32.51725006103515625  -79.91343688964843750
2414    11.05191040039062500  29.52688026428222656  -86.62521362304687500
2415    -15.00000000000000000  7.14156103134155273  17.83167076110839844
2416    -15.00000000000000000  4.48876476287841797  17.28603935241699219
2417    -15.00000000000000000  6.47752714157104492  62.83586120605468750
2418    -15.00000000000000000  5.72327280044555664  59.31121063232421875
2419    -15.00000000000000000  5.36469602584838867  33.14781951904296875
2420    -15.00000000000000000  31.65970039367675781  -44.46527862548828125
2421    -4.38767480850219727  4.17737007141113281  64.14360046386718750
2422    11.89976978302001953  7.97532415390014648  28.92591094970703125
2423    6.58913707733154297  7.97532415390014648  53.92710876464843750
2424    4.65707778930664063  7.97532415390014648  58.97172927856445313
2425    1.38784599304199219  7.97532415390014648  50.50046920776367188
2426    10.59025001525878906  7.97532415390014648  20.24386978149414063
2427    -1.15441405773162842  7.97532415390014648  26.09614944458007813
2428    -5.10866594314575195  7.97532415390014648  19.47603988647460938
2429    12.09327983856201172  16.20235061645507813  -3.57586002349853516
2430    12.02468967437744141  18.48101997375488281  -6.22094821929931641
2431    11.87701034545898438  21.17711067199707031  -9.35059738159179688
2432    -1.50952196121215820  14.58170986175537109  -1.69460999965667725
2433    -4.99735116958618164  17.65830039978027344  -5.26593780517578125
2434    -13.76204967498779297  17.97575950622558594  -5.63443899154663086
2435    3.18498992919921875  20.00196075439453125  -7.98647117614746094
2436    -12.12971019744873047  20.49069023132324219  -8.55379199981689453
2437    -12.47749996185302734  24.27038955688476563  -13.02517986297607422
2438    -11.03112983703613281  24.86214065551757813  -13.76729965209960938
2439    12.56941986083984375  24.12549018859863281  -12.84436035156250000
2440    10.28818988800048828  24.77074050903320313  -13.65030002593994141
2441    -4.51857900619506836  25.40258026123046875  -14.51916980743408203
2442    -13.01438045501708984  26.70329093933105469  -16.44710922241210938
2443    -2.19562792778015137  27.44243049621582031  -17.69636917114257813
2444    11.71310043334960938  26.81506919860839844  -16.63378906250000000
2445    11.83693981170654297  28.16857910156250000  -19.00865936279296875
2446    -10.98908042907714844  29.95524978637695313  -22.94878959655761719
2447    12.19565963745117188  29.38945960998535156  -21.57570075988769531
2448    -2.25002503395080566  30.70763969421386719  -25.10844993591308594
2449    -11.36814022064208984  31.33566093444824219  -27.32020950317382813
2450    -10.52863025665283203  31.92587089538574219  -30.08292961120605469
2451    12.76875019073486328  31.90724945068359375  -29.97927093505859375
2452    -2.13035488128662109  32.15343093872070313  -31.44548034667968750
2453    12.03757953643798828  32.19219970703125000  -31.78647041320800781
2454    7.79942178726196289  24.51725006103515625  -63.44108963012695313
2455    12.64299964904785156  24.51725006103515625  -61.84399032592773438
2456    13.57295989990234375  24.51725006103515625  -80.37431335449218750
2457    14.31807994842529297  24.51725006103515625  -79.93289947509765625
2458    13.14748001098632813  24.51725006103515625  -77.60389709472656250
2459    13.82905006408691406  24.51725006103515625  -56.06734085083007813
2460    14.16082000732421875  24.51725006103515625  -53.23978042602539063
2461    13.35764980316162109  24.51725006103515625  -41.94680023193359375
2462    9.16761016845703125  24.51725006103515625  -45.29196166992187500
2463    12.03328990936279297  12.02896022796630859  -10.98853015899658203
2464    11.84731960296630859  9.42184543609619141  -7.96217203140258789
2465    -4.25445985794067383  12.27451992034912109  -11.27357959747314453
2466    -13.96284961700439453  13.14498996734619141  -12.28402042388916016
2467    2.63526201248168945  10.51132965087890625  -9.22684955596923828
2468    -12.53826999664306641  9.99081039428710938  -8.62263011932373047
2469    -12.22371006011962891  7.44592285156250000  -5.66603422164916992
2470    -12.34074020385742188  6.65119886398315430  -4.68811178207397461
2471    2.53977704048156738  4.00660514831542969  -0.83283400535583496
2472    -14.16318988800048828  2.56620001792907715  1.99427604675292969
2473    -2.55872607231140137  -0.02120500057935715  14.53127956390380859
2474    12.24378967285156250  -0.02467600069940090  29.18250083923339844
2475    4.10184478759765625  -0.02467600069940090  17.46487045288085938
2476    14.03409957885742188  -0.02467600069940090  43.95922851562500000
2477    11.85521030426025391  -0.02467600069940090  54.00867843627929688
2478    -10.41924953460693359  -0.02467600069940090  17.55651092529296875
2479    -4.91202402114868164  -0.02467600069940090  33.92005920410156250
2480    -11.67570018768310547  -0.02467600069940090  37.95576095581054688
2481    3.29660010337829590  -0.02467600069940090  50.49578094482421875
2482    -11.63745975494384766  -0.02467600069940090  50.34318161010742188
2483    15.00000000000000000  4.07062482833862305  31.63192939758300781
2484    15.00000000000000000  27.04478073120117188  -66.33466339111328125
2485    15.00000000000000000  29.35688972473144531  -39.30273056030273438
2486    15.00000000000000000  29.82268905639648438  -54.75642013549804688
2487    9.82382392883300781  32.51725006103515625  -62.79600143432617188
2488    -10.40818977355957031  32.51725006103515625  -80.92981719970703125
2489    -15.00000000000000000  6.66658306121826172  50.25009918212890625
2490    -15.00000000000000000  29.84881973266601563  -65.62859344482421875
2491    6.17479610443115234  2.18655610084533691  64.14360046386718750
2492    -3.79585409164428711  7.97532415390014648  35.03749847412109375
2493    -8.01410102844238281  7.97532415390014648  29.60782051086425781
2494    -11.34704017639160156  7.97532415390014648  34.84619903564453125
2495    -4.87166023254394531  12.64577007293701172  0.62548702955245972
2496    4.12595605850219727  16.25206947326660156  -3.63357710838317871
2497    5.60260915756225586  16.31451034545898438  -3.70605802536010742
2498    -6.45197582244873047  19.05430030822753906  -6.88641595840454102
2499    -6.61972713470458984  23.38306999206542969  -11.91884994506835938
2500    6.06878614425659180  31.92630004882812500  -30.08535957336425781
2501    9.91298294067382813  24.51725006103515625  -84.51894378662109375
2502    -10.76887035369873047  24.51725006103515625  -77.95329284667968750
2503    5.25259017944335938  23.82237052917480469  -30.30011940002441406
2504    -6.55095386505126953  17.90567016601562500  -17.87438011169433594
2505    3.47197508811950684  14.45361042022705078  -13.80307960510253906
2506    5.05670690536499023  14.47838973999023438  -13.83183956146240234
2507    -2.91085600852966309  10.78971958160400391  -9.55000877380371094
2508    5.13781881332397461  6.24130105972290039  -4.17228603363037109
2509    3.96636891365051270  -0.02467600069940090  32.42388916015625000
2510    15.00000000000000000  5.66711282730102539  54.07096862792968750
2511    15.00000000000000000  28.52615928649902344  -73.08409118652343750
2512    7.00000000000000000  31.66675949096679688  -78.59754180908203125
2513    -7.00000000000000000  26.14356994628906250  -78.48207855224609375
2514    -11.08232021331787109  32.51725006103515625  -64.52044677734375000
2515    -9.89513587951660156  27.08522987365722656  -86.62521362304687500
2516    -15.00000000000000000  2.24496388435363770  21.62608909606933594
2517    -15.00000000000000000  2.12594890594482422  18.86996078491210938
2518    -15.00000000000000000  5.11621284484863281  52.42330932617187500
2519    -15.00000000000000000  26.57744979858398438  -82.08571624755859375
2520    -15.00000000000000000  28.39063072204589844  -76.17003631591796875
2521    9.88332557678222656  7.97532415390014648  41.64429092407226563
2522    -8.03913497924804688  7.97532415390014648  58.98517990112304688
2523    5.23915576934814453  7.97532415390014648  21.24629974365234375
2524    -10.93480014801025391  7.97532415390014648  20.29034042358398438
2525    6.43991518020629883  7.97532415390014648  16.96627044677734375
2526    4.62411308288574219  7.99391078948974609  13.96175003051757813
2527    -13.40503025054931641  8.93385791778564453  7.78352308273315430
2528    7.49458312988281250  8.82164573669433594  8.17401790618896484
2529    7.02746105194091797  9.66359996795654297  5.74697685241699219
2530    7.20224285125732422  10.47124958038330078  4.01061105728149414
2531    12.07118034362792969  10.17111015319824219  4.58088111877441406
2532    12.20746040344238281  11.64080047607421875  2.02301907539367676
2533    12.16755962371826172  20.18766021728515625  -8.20203304290771484
2534    -2.14688897132873535  15.39398956298828125  -2.63750290870666504
2535    -5.44225883483886719  15.23313999176025391  -2.45078492164611816
2536    -13.75370979309082031  20.64192008972167969  -8.72934532165527344
2537    6.32730197906494141  23.31637001037597656  -11.84023952484130859
2538    12.09539031982421875  24.92740058898925781  -13.85126018524169922
2539    -8.02451992034912109  26.05569076538085938  -15.46477031707763672
2540    -13.43789958953857422  28.31793022155761719  -19.30841064453125000
2541    -11.81571960449218750  28.57239913940429688  -19.81917953491210938
2542    12.78334045410156250  28.73810005187988281  -20.15176963806152344
2543    -13.92555999755859375  29.03084945678710938  -20.74770927429199219
2544    -8.07267665863037109  32.50978088378906250  -36.51588058471679688
2545    10.19958019256591797  24.51725006103515625  -74.41783142089843750
2546    10.71148014068603516  24.51725006103515625  -63.69478988647460938
2547    13.22200012207031250  24.51725006103515625  -69.95558929443359375
2548    12.85886001586914063  24.51725006103515625  -44.69533157348632813
2549    -3.06137299537658691  24.51725006103515625  -38.01567077636718750
2550    3.66106390953063965  24.38348007202148438  -33.93091964721679688
2551    -7.56034612655639648  24.01988029479980469  -31.30577087402343750
2552    8.87454605102539063  23.87562942504882813  -30.56601905822753906
2553    13.38113021850585938  23.60087013244628906  -29.31204032897949219
2554    7.45021009445190430  23.28450965881347656  -28.19272041320800781
2555    7.19218397140502930  22.84103012084960938  -26.80355072021484375
2556    8.40617942810058594  21.95125961303710938  -24.53001976013183594
2557    13.20207023620605469  19.74947929382324219  -20.42911911010742188
2558    -12.59784984588623047  18.60918045043945313  -18.76516914367675781
2559    -13.53155040740966797  17.87251091003417969  -17.83266067504882813
2560    12.07861995697021484  10.75411987304687500  -9.50868892669677734
2561    -1.95902097225189209  15.00537967681884766  -14.44357967376708984
2562    -11.52851009368896484  13.47836017608642578  -12.67101001739501953
2563    6.11048698425292969  9.12794017791748047  -7.62100410461425781
2564    7.43515205383300781  8.62397384643554688  -7.03599596023559570
2565    8.82640933990478516  5.57715415954589844  -3.28378796577453613
2566    12.49499988555908203  4.69036006927490234  -1.97556900978088379
2567    -8.84213542938232422  4.88130092620849609  -2.25919795036315918
2568    -12.45506000518798828  4.10959005355834961  -1.01574099063873291
2569    -10.29691028594970703  3.24824404716491699  0.54853200912475586
2570    -7.41091394424438477  3.18937206268310547  0.68429601192474365
2571    8.23378753662109375  2.86278200149536133  1.35535395145416260
2572    -8.73538875579833984  1.43468701839447021  4.96649503707885742
2573    4.76685619354248047  0.66966801881790161  7.83115911483764648
2574    -8.40787887573242188  0.04823400080204010  12.30123996734619141
2575    -2.83514094352722168  -0.02467600069940090  26.55211067199707031
2576    -3.84582209587097168  -0.02467600069940090  21.15028953552246094
2577    7.56199693679809570  -0.02467600069940090  52.27861022949218750
2578    7.67219781875610352  -0.02467600069940090  55.41141891479492188
2579    6.79592704772949219  -0.02467600069940090  62.10002899169921875
2580    -7.33131313323974609  -0.02467600069940090  55.42218017578125000
2581    -8.30962085723876953  -0.02467600069940090  61.69345092773437500
2582    15.00000000000000000  6.52409696578979492  49.87348937988281250
2583    15.00000000000000000  6.18126821517944336  46.27212905883789063
2584    15.00000000000000000  6.71747684478759766  43.39833068847656250
2585    15.00000000000000000  5.96264696121215820  25.78564071655273438
2586    15.00000000000000000  1.56577301025390625  26.24151992797851563
2587    15.00000000000000000  26.29273986816406250  -20.75875091552734375
2588    15.00000000000000000  26.03970909118652344  -72.43644714355468750
2589    15.00000000000000000  28.07032012939453125  -76.35841369628906250
2590    7.00000000000000000  26.01454925537109375  -77.35653686523437500
2591    7.00000000000000000  28.47287940979003906  -79.52253723144531250
2592    7.00000000000000000  28.82505035400390625  -85.34599304199218750
2593    7.00000000000000000  29.21875000000000000  -65.40622711181640625
2594    7.00000000000000000  28.36183929443359375  -63.07928848266601563
2595    -7.00000000000000000  25.55109977722167969  -69.71051788330078125
2596    -7.00000000000000000  28.22870063781738281  -57.54190063476562500
2597    -7.00000000000000000  28.33131027221679688  -77.26245117187500000
2598    8.14977455139160156  32.51725006103515625  -82.39304351806640625
2599    10.02322006225585938  32.51725006103515625  -85.51866149902343750
2600    10.21094989776611328  32.51725006103515625  -77.04727172851562500
2601    12.24785995483398438  32.51725006103515625  -84.03653717041015625
2602    10.53106975555419922  32.51725006103515625  -68.30706787109375000
2603    11.98499965667724609  32.51725006103515625  -69.13928985595703125
2604    9.71036052703857422  32.51725006103515625  -66.53418731689453125
2605    12.40246009826660156  32.51725006103515625  -62.89265060424804688
2606    -11.05101966857910156  32.51725006103515625  -75.08483123779296875
2607    -11.72373008728027344  32.51725006103515625  -83.90798950195312500
2608    -9.36228179931640625  30.38158035278320313  -86.62521362304687500
2609    -10.64694976806640625  30.07062911987304688  -86.62521362304687500
2610    -15.00000000000000000  3.14337301254272461  39.30794143676757813
2611    -15.00000000000000000  7.97532415390014648  57.50297927856445313
2612    -15.00000000000000000  6.43766117095947266  40.24325942993164063
2613    -15.00000000000000000  5.21221923828125000  41.34119033813476563
2614    -15.00000000000000000  6.59400415420532227  4.44582080841064453
2615    -15.00000000000000000  27.98802947998046875  -32.83963012695312500
2616    1.71498596668243408  3.80646491050720215  64.14360046386718750
2617    4.89851903915405273  1.41109704971313477  64.14360046386718750
2618    -1.64062500000000000  7.97532415390014648  64.14360046386718750
2619    -3.61877608299255371  7.97532415390014648  56.51010894775390625
2620    -1.81109595298767090  7.97532415390014648  52.12794876098632813
2621    -1.63494396209716797  7.97532415390014648  34.59326934814453125
2622    -4.29556417465209961  7.97532415390014648  44.08937835693359375
2623    -6.50607299804687500  7.97532415390014648  40.34313964843750000
2624    -9.04918003082275391  7.97532415390014648  40.29624938964843750
2625    -7.49891710281372070  8.11427783966064453  11.85663986206054688
2626    -12.59930992126464844  8.13083171844482422  11.68142032623291016
2627    -2.59310388565063477  9.20971107482910156  6.92814779281616211
2628    12.42238998413085938  17.36664009094238281  -4.92737913131713867
2629    -4.85208606719970703  20.69739913940429688  -8.79373741149902344
2630    -6.41970396041870117  20.79022026062011719  -8.90148639678955078
2631    -10.18301963806152344  19.68502998352050781  -7.61858415603637695
2632    -2.03634309768676758  23.38503074645996094  -11.92638015747070313
2633    -0.19312599301338196  23.63795089721679688  -12.23608970642089844
2634    -8.00199413299560547  23.86953926086425781  -12.52495956420898438
2635    -8.21114540100097656  25.35246086120605469  -14.44661045074462891
2636    -11.14424037933349609  25.59712982177734375  -14.80084991455078125
2637    -12.30043983459472656  30.65887069702148438  -24.96128082275390625
2638    12.05412006378173828  32.35348892211914063  -33.33082962036132813
2639    10.67485046386718750  24.51725006103515625  -81.22357940673828125
2640    10.41084003448486328  24.51725006103515625  -77.86002349853515625
2641    8.98324871063232422  24.51725006103515625  -77.77369689941406250
2642    11.52048969268798828  24.51725006103515625  -55.00234985351562500
2643    12.84753036499023438  24.51725006103515625  -48.81628036499023438
2644    -9.67541027069091797  24.51725006103515625  -60.53738021850585938
2645    -10.45466041564941406  24.51725006103515625  -65.28011322021484375
2646    0.80705702304840088  24.41363906860351563  -34.19723892211914063
2647    2.33259701728820801  24.44236946105957031  -34.73226928710937500
2648    -1.70500099658966064  24.33823966979980469  -33.54000091552734375
2649    1.99610900878906250  24.30386924743652344  -33.25131988525390625
2650    12.28085994720458984  23.76376914978027344  -30.01011085510253906
2651    12.62380981445312500  22.61972045898437500  -26.19235992431640625
2652    -10.95141983032226563  21.60012054443359375  -23.77298927307128906
2653    -12.03870010375976563  21.89030075073242188  -24.39814949035644531
2654    -11.30543994903564453  20.41887092590332031  -21.52948951721191406
2655    -12.14603996276855469  21.12554931640625000  -22.79099082946777344
2656    -13.50636005401611328  19.46748924255371094  -20.00881958007812500
2657    -2.75969099998474121  18.71040916442871094  -18.90237998962402344
2658    12.85371017456054688  13.10947990417480469  -12.24279975891113281
2659    -5.73646116256713867  9.51650524139404297  -8.07205295562744141
2660    -10.20985984802246094  10.82501029968261719  -9.59097576141357422
2661    -0.55753797292709351  6.46385002136230469  -4.45241785049438477
2662    12.81602954864501953  5.95476388931274414  -3.81073307991027832
2663    -0.83633601665496826  5.65988588333129883  -3.39761495590209961
2664    -12.50745964050292969  5.06308698654174805  -2.52923607826232910
2665    12.03372001647949219  3.92894911766052246  -0.69519799947738647
2666    13.97852993011474609  0.95652699470520020  6.59735584259033203
2667    8.63299369812011719  -0.02467600069940090  34.89189910888671875
2668    10.55856990814208984  -0.02467600069940090  31.56674957275390625
2669    5.30770492553710938  -0.02467600069940090  37.11874008178710938
2670    6.36626386642456055  -0.02467600069940090  26.16259956359863281
2671    4.40277910232543945  -0.02467600069940090  26.03017044067382813
2672    1.45805299282073975  -0.02467600069940090  26.42880058288574219
2673    -0.00017100000695791  -0.02467600069940090  42.75637817382812500
2674    -0.39044201374053955  -0.02467600069940090  55.44948959350585938
2675    -0.19992199540138245  -0.02467600069940090  58.22642898559570313
2676    -0.73580902814865112  -0.02467600069940090  62.09016036987304688
2677    15.00000000000000000  4.47284889221191406  59.56811141967773438
2678    15.00000000000000000  5.00797319412231445  62.58306121826171875
2679    15.00000000000000000  2.41609001159667969  31.31936073303222656
2680    15.00000000000000000  21.95791053771972656  -21.14127922058105469
2681    15.00000000000000000  28.64277076721191406  -53.51440811157226563
2682    15.00000000000000000  29.72785949707031250  -64.71936798095703125
2683    15.00000000000000000  30.20815086364746094  -63.06835174560546875
2684    7.00000000000000000  25.63429069519042969  -56.18246078491210938
2685    7.00000000000000000  25.32794952392578125  -66.14707946777343750
2686    7.00000000000000000  26.98266983032226563  -76.30709838867187500
2687    7.00000000000000000  28.87509918212890625  -74.05087280273437500
2688    7.00000000000000000  30.38570022583007813  -84.98642730712890625
2689    7.00000000000000000  30.54902076721191406  -72.46006774902343750
2690    7.00000000000000000  32.51725006103515625  -69.70879364013671875
2691    7.00000000000000000  32.51725006103515625  -68.11521911621093750
2692    7.00000000000000000  32.51725006103515625  -58.35456848144531250
2693    7.00000000000000000  31.41485023498535156  -57.70180130004882813
2694    -7.00000000000000000  24.51725006103515625  -58.12472915649414063
2695    -7.00000000000000000  24.51725006103515625  -60.88283920288085938
2696    -7.00000000000000000  24.51725006103515625  -65.72485351562500000
2697    -7.00000000000000000  24.51725006103515625  -73.75402832031250000
2698    -7.00000000000000000  26.31874084472656250  -72.41143798828125000
2699    -7.00000000000000000  28.70807075500488281  -59.04978179931640625
2700    -7.00000000000000000  31.49768066406250000  -64.55255126953125000
2701    -7.00000000000000000  30.27994918823242188  -72.94841003417968750
2702    -7.00000000000000000  30.10047912597656250  -78.76486968994140625
2703    -7.00000000000000000  31.62525939941406250  -77.15688323974609375
2704    -7.00000000000000000  31.59490966796875000  -85.16541290283203125
2705    -7.00000000000000000  27.41880989074707031  -76.03942108154296875
2706    -7.00000000000000000  28.81431961059570313  -78.51473236083984375
2707    -7.00000000000000000  26.42444038391113281  -83.82015228271484375
2708    -7.00000000000000000  27.30573081970214844  -85.07646179199218750
2709    -2.29858088493347168  30.41893959045410156  -41.99718093872070313
2710    9.67135906219482422  32.51725006103515625  -71.17241668701171875
2711    8.39647102355957031  32.51725006103515625  -61.81887054443359375
2712    10.34358024597167969  32.51725006103515625  -69.59058380126953125
2713    11.24932003021240234  32.51725006103515625  -70.91454315185546875
2714    12.92555046081542969  32.51725006103515625  -78.23578643798828125
2715    14.16993999481201172  32.51725006103515625  -76.06918334960937500
2716    12.59671020507812500  32.51725006103515625  -70.90708160400390625
2717    13.61343002319335938  32.51725006103515625  -66.40122985839843750
2718    14.15666961669921875  32.51725006103515625  -53.41326141357421875
2719    -2.28363299369812012  32.51725006103515625  -38.85837936401367188
2720    -13.57098960876464844  32.51725006103515625  -54.28104019165039063
2721    -11.81311035156250000  32.51725006103515625  -69.24330139160156250
2722    -13.80356979370117188  32.51725006103515625  -85.60569763183593750
2723    -14.04308032989501953  32.51725006103515625  -84.01542663574218750
2724    -13.30687046051025391  32.51725006103515625  -78.14234924316406250
2725    -8.08043479919433594  32.51725006103515625  -69.24529266357421875
2726    -15.00000000000000000  -0.02467600069940090  47.93265914916992188
2727    -15.00000000000000000  4.62761402130126953  22.49222946166992188
2728    -15.00000000000000000  4.94003009796142578  18.80430984497070313
2729    -15.00000000000000000  -0.02467600069940090  34.89554977416992188
2730    -15.00000000000000000  1.28164601325988770  32.63267898559570313
2731    -15.00000000000000000  3.10153007507324219  13.80531978607177734
2732    -15.00000000000000000  4.93294000625610352  62.49557113647460938
2733    -15.00000000000000000  7.97532415390014648  30.89164924621582031
2734    -15.00000000000000000  7.97532415390014648  21.90727043151855469
2735    -15.00000000000000000  32.51725006103515625  -80.66818237304687500
2736    -15.00000000000000000  31.29602050781250000  -81.56353759765625000
2737    -15.00000000000000000  32.51725006103515625  -78.96530151367187500
2738    -15.00000000000000000  28.97802925109863281  -80.84470367431640625
2739    -15.00000000000000000  32.51725006103515625  -66.11740112304687500
2740    -15.00000000000000000  31.29129028320312500  -65.07861328125000000
2741    -15.00000000000000000  29.40501022338867188  -83.99070739746093750
2742    -15.00000000000000000  28.64841079711914063  -74.49315643310546875
2743    -15.00000000000000000  27.30537986755371094  -69.30378723144531250
2744    -15.00000000000000000  32.51725006103515625  -46.58615112304687500
2745    -15.00000000000000000  32.51725006103515625  -42.97286987304687500
2746    -15.00000000000000000  30.06181907653808594  -44.77600097656250000
2747    -15.00000000000000000  29.58179092407226563  -58.69673919677734375
2748    -15.00000000000000000  28.33708000183105469  -60.83549118041992188
2749    -15.00000000000000000  28.41245079040527344  -45.53261184692382813
2750    -15.00000000000000000  27.65068054199218750  -63.95351028442382813
2751    -15.00000000000000000  26.52359008789062500  -64.07525634765625000
2752    -15.00000000000000000  25.61709976196289063  -77.08931732177734375
2753    -15.00000000000000000  24.51725006103515625  -60.50217056274414063
2754    -15.00000000000000000  24.51725006103515625  -52.73849105834960938
2755    11.83975028991699219  2.62295103073120117  64.14360046386718750
2756    6.21093797683715820  -0.02467600069940090  64.14360046386718750
2757    1.75781202316284180  -0.02467600069940090  64.14360046386718750
2758    -3.98437500000000000  -0.02467600069940090  64.14360046386718750
2759    -5.74218797683715820  -0.02467600069940090  64.14360046386718750
2760    -8.67187500000000000  -0.02467600069940090  64.14360046386718750
2761    -10.54687976837158203  -0.02467600069940090  64.14360046386718750
2762    -14.05576992034912109  1.37977802753448486  64.14360046386718750
2763    -8.32280158996582031  6.46563100814819336  64.14360046386718750
2764    -11.29953002929687500  6.83862781524658203  64.14360046386718750
2765    6.91406202316284180  7.97532415390014648  64.14360046386718750
2766    5.74218797683715820  7.97532415390014648  64.14360046386718750
2767    6.99191093444824219  7.97532415390014648  49.09381866455078125
2768    6.40474891662597656  7.97532415390014648  42.73326873779296875
2769    6.94947481155395508  7.97532415390014648  44.18709945678710938
2770    2.26319503784179688  7.97532415390014648  55.82337951660156250
2771    -8.71351337432861328  7.97532415390014648  51.07413101196289063
2772    2.54527997970581055  7.97532415390014648  54.03842926025390625
2773    3.73007893562316895  7.97532415390014648  41.55504989624023438
2774    2.49424290657043457  7.97532415390014648  42.51728820800781250
2775    9.64113330841064453  7.97532415390014648  17.61268997192382813
2776    7.01268005371093750  7.97532415390014648  18.39118957519531250
2777    4.30995416641235352  7.97532415390014648  24.89714050292968750
2778    4.79559421539306641  7.97532415390014648  19.81883049011230469
2779    3.10430192947387695  7.97532415390014648  19.71309089660644531
2780    -0.62150198221206665  7.97532415390014648  24.98129081726074219
2781    1.06247699260711670  7.97532415390014648  20.18597030639648438
2782    -0.55092900991439819  7.97532415390014648  19.66679954528808594
2783    -14.08296966552734375  7.97532415390014648  34.10890960693359375
2784    -12.53302001953125000  7.97532415390014648  22.66497039794921875
2785    -13.74110984802246094  7.97532415390014648  21.40266036987304688
2786    -8.99062061309814453  7.97532415390014648  16.59528923034667969
2787    3.33390998840332031  8.00687980651855469  13.44235992431640625
2788    13.72360038757324219  9.41034507751464844  6.35006904602050781
2789    -4.27915716171264648  9.81637287139892578  5.38602781295776367
2790    10.89350986480712891  11.07567977905273438  2.91735601425170898
2791    3.87306904792785645  13.99771976470947266  -1.01670503616333008
2792    9.56054019927978516  13.57802009582519531  -0.52886301279067993
2793    6.15967988967895508  13.28139019012451172  -0.17623500525951385
2794    2.68541908264160156  13.51683998107910156  -0.45635598897933960
2795    13.38780975341796875  22.34395980834960938  -10.70508003234863281
2796    9.95168972015380859  21.49378013610839844  -9.71818447113037109
2797    -4.50013780593872070  13.71601009368896484  -0.68968200683593750
2798    -0.64350497722625732  18.07744026184082031  -5.75248193740844727
2799    -9.52468395233154297  13.74674987792968750  -0.72531199455261230
2800    5.06140708923339844  23.27751922607421875  -11.79526996612548828
2801    -13.39420032501220703  19.74032020568847656  -7.68275594711303711
2802    -7.85573101043701172  22.95112037658691406  -11.41011047363281250
2803    1.01463997364044189  24.24407958984375000  -12.99234962463378906
2804    12.95767974853515625  23.08852958679199219  -11.57373046875000000
2805    4.88002395629882813  25.97249031066894531  -15.34430027008056641
2806    5.94132423400878906  26.84898948669433594  -16.69127082824707031
2807    5.08916282653808594  27.97551918029785156  -18.63151931762695313
2808    -9.32205772399902344  30.14307022094726563  -23.41754913330078125
2809    5.23397397994995117  30.21256065368652344  -23.62686920166015625
2810    5.38272476196289063  31.03087043762207031  -26.14232063293457031
2811    4.95444583892822266  31.46075057983398438  -27.81238937377929688
2812    1.14927601814270020  32.15541839599609375  -31.44664955139160156
2813    -13.80103015899658203  32.45006942749023438  -34.74837112426757813
2814    9.68692398071289063  32.44012069702148438  -34.45684814453125000
2815    3.80228090286254883  32.48205184936523438  -35.64430999755859375
2816    13.77472972869873047  24.51725006103515625  -84.13765716552734375
2817    8.64739894866943359  24.51725006103515625  -62.52230072021484375
2818    12.11845970153808594  24.51725006103515625  -66.09200286865234375
2819    14.31503963470458984  24.51725006103515625  -81.48573303222656250
2820    14.32198047637939453  24.51725006103515625  -76.91105651855468750
2821    14.23540019989013672  24.51725006103515625  -69.08293914794921875
2822    11.79084968566894531  24.51725006103515625  -50.54132080078125000
2823    -14.09619045257568359  24.51725006103515625  -79.60102081298828125
2824    -14.13134956359863281  24.51725006103515625  -75.21031188964843750
2825    -11.07361984252929688  24.51725006103515625  -69.03404998779296875
2826    -7.82451105117797852  24.51725006103515625  -66.37168121337890625
2827    -7.89649486541748047  24.51725006103515625  -67.77059936523437500
2828    -2.65699601173400879  23.30929946899414063  -28.28027915954589844
2829    10.85752964019775391  23.18260002136230469  -27.83448028564453125
2830    -2.71606993675231934  22.31501007080078125  -25.37824058532714844
2831    -2.23554611206054688  21.59351921081542969  -23.75896072387695313
2832    11.82425022125244141  19.49867057800292969  -20.05513000488281250
2833    6.61482477188110352  17.94532012939453125  -17.92427062988281250
2834    14.26473999023437500  18.20536041259765625  -18.25140953063964844
2835    13.75514984130859375  17.06320953369140625  -16.83451080322265625
2836    -1.24867796897888184  12.66162014007568359  -11.72292041778564453
2837    -5.92445611953735352  14.34385967254638672  -13.67568969726562500
2838    1.40670096874237061  8.97253513336181641  -7.44060897827148438
2839    -12.92282009124755859  10.96100997924804688  -9.74884223937988281
2840    4.38813400268554688  7.11700201034545898  -5.27184915542602539
2841    10.77945995330810547  4.60637521743774414  -1.84845602512359619
2842    13.82616996765136719  4.80893707275390625  -2.15177989006042480
2843    -2.24287009239196777  2.63350296020507813  1.84962499141693115
2844    -1.94678497314453125  1.52192902565002441  4.67931604385375977
2845    -3.43509697914123535  1.36214303970336914  5.17358589172363281
2846    1.01342105865478516  0.00666500022634864  13.35348033905029297
2847    11.64054965972900391  -0.02467600069940090  19.36977005004882813
2848    11.43432998657226563  -0.02467600069940090  15.44985961914062500
2849    9.56817436218261719  -0.02467600069940090  27.51106071472167969
2850    7.83080911636352539  -0.02446500025689602  14.67630004882812500
2851    7.09688282012939453  -0.02467600069940090  19.28422927856445313
2852    4.46642303466796875  -0.02467600069940090  16.14162063598632813
2853    3.95667505264282227  -0.02467600069940090  20.38220024108886719
2854    13.39290046691894531  -0.02467600069940090  58.69430923461914063
2855    -1.10435605049133301  -0.02467600069940090  16.93162918090820313
2856    0.32962301373481750  -0.02467600069940090  21.84482002258300781
2857    -2.90912199020385742  -0.02467600069940090  17.96220016479492188
2858    0.65381902456283569  -0.02467600069940090  27.71792984008789063
2859    -0.02369100041687489  -0.02467600069940090  34.33312988281250000
2860    -4.09443998336791992  -0.02467600069940090  31.23045921325683594
2861    -10.30041980743408203  -0.02467600069940090  16.21121978759765625
2862    -10.03094959259033203  -0.02467600069940090  22.07723999023437500
2863    -10.39465045928955078  -0.02467600069940090  24.87817955017089844
2864    -12.16825962066650391  -0.02467600069940090  24.86512947082519531
2865    -6.53818082809448242  -0.02467600069940090  28.91651916503906250
2866    -7.15818309783935547  -0.02467600069940090  30.43891906738281250
2867    -1.99216604232788086  -0.02467600069940090  36.88790893554687500
2868    -4.56495523452758789  -0.02467600069940090  37.32818984985351563
2869    -8.42977046966552734  -0.02467600069940090  37.34421920776367188
2870    -12.33436012268066406  -0.02467600069940090  36.92707061767578125
2871    -13.34640026092529297  -0.02467600069940090  38.39093017578125000
2872    0.67935800552368164  -0.02467600069940090  40.60697937011718750
2873    2.61844491958618164  -0.02467600069940090  43.24097824096679688
2874    0.87793701887130737  -0.02467600069940090  43.51332855224609375
2875    0.51949602365493774  -0.02467600069940090  49.25970840454101563
2876    10.13271999359130859  -0.02467600069940090  55.70941925048828125
2877    11.42490959167480469  -0.02467600069940090  63.16659927368164063
2878    2.57313489913940430  -0.02467600069940090  55.71369171142578125
2879    0.87029802799224854  -0.02467600069940090  55.76424026489257813
2880    6.57173204421997070  -0.02467600069940090  63.37802124023437500
2881    4.00848197937011719  -0.02467600069940090  62.77676010131835938
2882    -14.11688041687011719  -0.02467600069940090  43.65135955810546875
2883    -4.88654708862304688  -0.02467600069940090  55.76581954956054688
2884    -1.23073399066925049  -0.02467600069940090  63.30883026123046875
2885    -3.49722599983215332  -0.02467600069940090  62.77534866333007813
2886    -14.13982963562011719  -0.02467600069940090  55.94530868530273438
2887    15.00000000000000000  0.68581897020339966  62.21709060668945313
2888    15.00000000000000000  5.76469802856445313  32.58740997314453125
2889    15.00000000000000000  6.16906499862670898  20.12578010559082031
2890    15.00000000000000000  3.49528503417968750  29.95306015014648438
2891    15.00000000000000000  2.13707494735717773  41.34783935546875000
2892    15.00000000000000000  -0.02467600069940090  57.55179977416992188
2893    15.00000000000000000  21.35473060607910156  -18.20507049560546875
2894    15.00000000000000000  22.99156951904296875  -18.29899978637695313
2895    15.00000000000000000  24.90587997436523438  -15.85678005218505859
2896    15.00000000000000000  26.49715995788574219  -27.04628944396972656
2897    15.00000000000000000  26.90756034851074219  -23.04854011535644531
2898    15.00000000000000000  27.71752929687500000  -27.18964004516601563
2899    15.00000000000000000  24.51725006103515625  -44.48654174804687500
2900    15.00000000000000000  25.75455093383789063  -51.49615859985351563
2901    15.00000000000000000  26.04080963134765625  -54.34838867187500000
2902    15.00000000000000000  28.31739997863769531  -41.48601913452148438
2903    15.00000000000000000  27.85088920593261719  -39.94501113891601563
2904    15.00000000000000000  24.51725006103515625  -70.02365112304687500
2905    15.00000000000000000  26.18844985961914063  -70.89002990722656250
2906    15.00000000000000000  24.51725006103515625  -82.08419799804687500
2907    15.00000000000000000  29.52161026000976563  -44.24134063720703125
2908    15.00000000000000000  32.51274871826171875  -37.03575897216796875
2909    15.00000000000000000  32.51725006103515625  -53.32442855834960938
2910    15.00000000000000000  32.51725006103515625  -64.92111206054687500
2911    15.00000000000000000  32.51725006103515625  -84.55001831054687500
2912    7.00000000000000000  26.99402999877929688  -80.86894226074218750
2913    7.00000000000000000  30.03306007385253906  -64.39700317382812500
2914    -7.00000000000000000  26.48734092712402344  -65.10334777832031250
2915    15.00000000000000000  2.23321700096130371  29.94696998596191406
2916    15.00000000000000000  26.88581085205078125  -53.22330093383789063
2917    7.00000000000000000  26.25336074829101563  -68.73912811279296875
2918    9.49177360534667969  32.51725006103515625  -65.43003082275390625
2919    11.79294967651367188  31.07217979431152344  -86.62521362304687500
2920    -10.56182956695556641  4.77837085723876953  64.14360046386718750
2921    9.89964103698730469  7.97532415390014648  46.17530822753906250
2922    10.65359020233154297  14.27108001708984375  -1.33402705192565918
2923    -9.94705486297607422  16.87034988403320313  -4.35127115249633789
2924    3.88167405128479004  21.72108078002929688  -9.98204517364501953
2925    -0.53680902719497681  32.38993072509765625  -33.63990020751953125
2926    0.68968200683593750  32.41976928710937500  -34.00374984741210938
2927    12.87594985961914063  24.45696067810058594  -35.09997940063476563
2928    -10.04185009002685547  13.99837970733642578  -13.27464962005615234
2929    -4.71470212936401367  -0.02467600069940090  24.44960975646972656
2930    -10.49802017211914063  -0.02467600069940090  30.30343055725097656
2931    15.00000000000000000  3.36746096611022949  55.36845016479492188
2932    15.00000000000000000  5.49339103698730469  22.77683067321777344
2933    -11.05109024047851563  32.51725006103515625  -85.35649871826171875
2934    -10.00107955932617188  6.42021799087524414  64.14360046386718750
2935    -0.24921099841594696  22.73763084411621094  -26.51000976562500000
2936    -0.02564200013875961  21.88151931762695313  -24.38040924072265625
2937    -0.43594101071357727  20.99321937561035156  -22.55681991577148438
2938    -0.54562801122665405  17.91580963134765625  -17.88718032836914063
2939    1.93961095809936523  6.45082283020019531  -4.43602705001831055
2940    -0.22917899489402771  2.15034294128417969  2.98380804061889648
2941    -0.53004002571105957  1.19301700592041016  5.76462697982788086
2942    9.60697078704833984  -0.02467600069940090  36.08979034423828125
2943    2.27948093414306641  -0.02467600069940090  36.20714950561523438
2944    1.61289405822753906  -0.02467600069940090  23.34536933898925781
2945    2.51190710067749023  -0.02467600069940090  24.90929031372070313
2946    4.09044122695922852  -0.02467600069940090  24.65381050109863281
2947    -7.00000000000000000  26.87482070922851563  -73.61374664306640625
2948    11.58337974548339844  32.51725006103515625  -57.99020004272460938
2949    -13.18667030334472656  32.51725006103515625  -50.29724884033203125
2950    -13.74929046630859375  32.51725006103515625  -52.88172912597656250
2951    -13.42298030853271484  32.51725006103515625  -67.05898284912109375
2952    -9.58921241760253906  32.51725006103515625  -68.72305297851562500
2953    -7.89362192153930664  32.51725006103515625  -80.47206878662109375
2954    9.82376670837402344  25.59396934509277344  -86.62521362304687500
2955    -12.94093036651611328  1.18096995353698730  64.14360046386718750
2956    -5.36872291564941406  7.97532415390014648  58.39646911621093750
2957    10.77470016479492188  7.97532415390014648  21.32131958007812500
2958    8.57244300842285156  7.97532415390014648  24.11158943176269531
2959    1.09453999996185303  7.97532415390014648  28.63759040832519531
2960    -12.34160995483398438  7.97532415390014648  29.80104064941406250
2961    1.61048197746276855  7.97532415390014648  16.33295059204101563
2962    1.61837804317474365  7.97567701339721680  14.61832046508789063
2963    2.03661799430847168  22.61084938049316406  -11.01488971710205078
2964    12.63317012786865234  24.51725006103515625  -84.79620361328125000
2965    14.05959987640380859  24.51725006103515625  -67.95599365234375000
2966    -13.63691997528076172  24.51725006103515625  -43.45885086059570313
2967    -11.46461009979248047  24.51725006103515625  -76.22257995605468750
2968    -2.47214102745056152  13.30856037139892578  -12.47389984130859375
2969    9.67407321929931641  8.03604125976562500  -6.35352087020874023
2970    -12.37662029266357422  8.36936473846435547  -6.73840188980102539
2971    11.89336967468261719  -0.02467600069940090  42.86373138427734375
2972    4.94603300094604492  -0.02467600069940090  41.79269027709960938
2973    -1.15639197826385498  -0.02467600069940090  21.88972091674804688
2974    -9.91947937011718750  -0.02467600069940090  19.58890914916992188
2975    -11.72801971435546875  -0.02467600069940090  35.48204040527343750
2976    2.31011009216308594  -0.02467600069940090  48.94852066040039063
2977    2.42833590507507324  -0.02467600069940090  46.13499069213867188
2978    9.99016761779785156  -0.02467600069940090  58.47834014892578125
2979    2.46674394607543945  -0.02467600069940090  58.67272949218750000
2980    -12.66722965240478516  -0.02467600069940090  48.97515106201171875
2981    -12.64410972595214844  -0.02467600069940090  46.24871063232421875
2982    -5.02362298965454102  -0.02467600069940090  58.66181182861328125
2983    -12.39643001556396484  -0.02467600069940090  58.28987121582031250
2984    15.00000000000000000  5.62128591537475586  36.29114151000976563
2985    15.00000000000000000  4.71694421768188477  18.36370086669921875
2986    15.00000000000000000  2.48966002464294434  20.09917068481445313
2987    -7.00000000000000000  26.89987945556640625  -68.65680694580078125
2988    12.28847026824951172  32.51725006103515625  -60.50680160522460938
2989    -6.67044687271118164  6.33306598663330078  64.14360046386718750
2990    -3.49222707748413086  7.97532415390014648  36.29850006103515625
2991    -4.07098579406738281  7.97532415390014648  37.93217086791992188
2992    7.21367406845092773  24.38437080383300781  -13.16742038726806641
2993    -5.39574193954467773  26.84925079345703125  -16.69169044494628906
2994    -5.33177423477172852  29.63743972778320313  -22.17707061767578125
2995    -6.14649486541748047  31.35878944396972656  -27.41123008728027344
2996    7.21494102478027344  32.29990005493164063  -32.79235076904296875
2997    -7.55604696273803711  32.43582916259765625  -34.33610916137695313
2998    -10.72226047515869141  24.51725006103515625  -61.56364822387695313
2999    -6.54204320907592773  0.04186400026082993  12.46199989318847656
3000    3.17458009719848633  -0.02467600069940090  31.00650024414062500
3001    6.19108009338378906  -0.02467600069940090  29.44840049743652344
3002    -3.05266499519348145  -0.02467600069940090  48.94392013549804688
3003    -6.29504108428955078  -0.02467600069940090  49.22134017944335938
3004    -6.72490882873535156  -0.02467600069940090  42.83480834960937500
3005    15.00000000000000000  5.06953716278076172  55.67287063598632813
3006    15.00000000000000000  26.66468048095703125  -51.83208847045898438
3007    7.00000000000000000  30.88282966613769531  -77.48580932617187500
3008    7.00000000000000000  30.93844985961914063  -74.82359313964843750
3009    7.86008310317993164  32.51725006103515625  -51.72301101684570313
3010    -12.68435001373291016  32.51725006103515625  -45.60770034790039063
3011    -14.40289020538330078  32.51725006103515625  -47.21453094482421875
3012    -9.05487442016601563  32.51725006103515625  -73.15515899658203125
3013    -8.26186752319335938  32.51725006103515625  -77.01928710937500000
3014    -15.00000000000000000  5.87005281448364258  25.62649917602539063
3015    -15.00000000000000000  6.86204576492309570  35.34859085083007813
3016    -15.00000000000000000  8.99292659759521484  3.29159903526306152
3017    -15.00000000000000000  25.88732910156250000  -41.61828994750976563
3018    -11.51070022583007813  3.77605199813842773  64.14360046386718750
3019    8.45512294769287109  7.97532415390014648  40.88076019287109375
3020    8.98835372924804688  7.97532415390014648  57.86603927612304688
3021    5.67964506149291992  7.97532415390014648  37.65583038330078125
3022    0.62894600629806519  7.97532415390014648  38.26301956176757813
3023    -8.41614341735839844  7.97532415390014648  25.21365928649902344
3024    -12.24217987060546875  7.97532415390014648  24.39572906494140625
3025    -9.17652702331542969  9.41120338439941406  6.37687778472900391
3026    -9.67441272735595703  11.02482032775878906  2.99990797042846680
3027    8.34886932373046875  10.62296009063720703  3.72522497177124023
3028    -10.31951045989990234  12.92903041839599609  0.26554599404335022
3029    -5.92551422119140625  13.12559032440185547  0.01718799956142902
3030    -6.33872890472412109  15.86590003967285156  -3.18530392646789551
3031    -12.50232028961181641  21.51432037353515625  -9.74202728271484375
3032    -9.52642345428466797  31.27446937561035156  -27.07947921752929688
3033    13.53969001770019531  24.51725006103515625  -62.75445938110351563
3034    12.04652023315429688  24.51725006103515625  -47.55337905883789063
3035    -13.19342041015625000  24.51725006103515625  -83.84922790527343750
3036    -9.87010383605957031  23.61566925048828125  -29.39005088806152344
3037    -8.57953357696533203  21.48480987548828125  -23.52556037902832031
3038    8.84261322021484375  20.92300987243652344  -22.42489051818847656
3039    9.56816577911376953  19.65777015686035156  -20.29162025451660156
3040    4.26766586303710938  18.33947944641113281  -18.42387962341308594
3041    -5.64558601379394531  16.93477058410644531  -16.68358993530273438
3042    9.37780189514160156  16.05110931396484375  -15.65746974945068359
3043    -6.86197996139526367  15.40647983551025391  -14.90917968750000000
3044    1.11206603050231934  6.94196891784667969  -5.05368900299072266
3045    -12.27641010284423828  6.01516103744506836  -3.88588404655456543
3046    10.51556015014648438  1.56129395961761475  4.55435180664062500
3047    7.86782693862915039  0.57953298091888428  8.27144241333007813
3048    10.96154975891113281  0.54976499080657959  8.42006015777587891
3049    -11.44346046447753906  0.31336000561714172  9.75126838684082031
3050    11.89076042175292969  -0.02467600069940090  49.07728958129882813
3051    9.00680446624755859  -0.02467600069940090  48.68075942993164063
3052    8.29643440246582031  -0.02467600069940090  42.83386993408203125
3053    -6.92376518249511719  -0.02467600069940090  24.31421089172363281
3054    -10.15950965881347656  -0.02467600069940090  33.33852005004882813
3055    -12.00111961364746094  -0.02467600069940090  29.56018066406250000
3056    6.44235897064208984  -0.02467600069940090  53.81996154785156250
3057    2.86882305145263672  -0.02467600069940090  54.42174911499023438
3058    -8.13268947601318359  -0.02467600069940090  53.20840072631835938
3059    -12.06165981292724609  -0.02467600069940090  54.50070953369140625
3060    15.00000000000000000  2.06613898277282715  18.89459037780761719
3061    15.00000000000000000  27.74069976806640625  -83.29292297363281250
3062    15.00000000000000000  30.79891967773437500  -83.68608093261718750
3063    8.94968700408935547  32.51725006103515625  -81.13085174560546875
3064    11.66374015808105469  32.51725006103515625  -77.60459899902343750
3065    13.10836029052734375  32.51725006103515625  -81.46614837646484375
3066    13.76821994781494141  32.51725006103515625  -63.27811813354492188
3067    -12.18626022338867188  32.51725006103515625  -57.27851104736328125
3068    -15.00000000000000000  2.54759788513183594  30.25152969360351563
3069    -15.00000000000000000  3.29620409011840820  24.60139083862304688
3070    -15.00000000000000000  1.56633400917053223  31.32910919189453125
3071    -15.00000000000000000  28.56888008117675781  -47.21871185302734375
3072    -15.00000000000000000  28.25848960876464844  -40.35013961791992188
3073    -4.32466220855712891  7.97532415390014648  33.88927078247070313
3074    -6.20047998428344727  7.97532415390014648  29.47163009643554688
3075    -5.18613815307617188  7.97532415390014648  41.44261169433593750
3076    12.11369991302490234  8.01119232177734375  13.33708953857421875
3077    -2.20206403732299805  8.02740955352783203  12.97362041473388672
3078    -6.20258522033691406  8.21274375915527344  11.06822013854980469
3079    10.81632995605468750  8.48328018188476563  9.54039764404296875
3080    11.12353992462158203  8.92438220977783203  7.81979322433471680
3081    10.70147991180419922  9.74120807647705078  5.56307220458984375
3082    10.88722038269042969  10.38103961944580078  4.18606615066528320
3083    9.84663677215576172  10.69610977172851563  3.58772897720336914
3084    -1.58886897563934326  11.19874954223632813  2.70870304107666016
3085    -0.97939497232437134  12.02711963653564453  1.45238304138183594
3086    8.92637252807617188  18.06954002380371094  -5.74330711364746094
3087    8.31761169433593750  17.03346061706542969  -4.54060983657836914
3088    0.92271399497985840  16.34584999084472656  -3.74242901802062988
3089    -1.51183903217315674  19.52224922180175781  -7.42962312698364258
3090    -1.79000902175903320  20.41381072998046875  -8.46454906463623047
3091    0.37547099590301514  26.61894035339355469  -16.30162048339843750
3092    0.21825699508190155  28.01807022094726563  -18.70656967163085938
3093    -0.36888799071311951  28.80673027038574219  -20.28952026367187500
3094    0.14601099491119385  30.16036987304687500  -23.45916938781738281
3095    -0.06216299906373024  30.94778060913085938  -25.84148979187011719
3096    0.35959100723266602  31.72714042663574219  -28.97686004638671875
3097    -2.41823101043701172  31.85309028625488281  -29.67789077758789063
3098    4.48945808410644531  31.96085929870605469  -30.27766036987304688
3099    8.19857883453369141  24.51725006103515625  -81.76273345947265625
3100    11.42082977294921875  24.51725006103515625  -48.92538070678710938
3101    -5.52526187896728516  24.51700019836425781  -37.18769836425781250
3102    -9.63644790649414063  24.51725006103515625  -62.48326873779296875
3103    -12.18445968627929688  24.51725006103515625  -65.10295867919921875
3104    -9.33073043823242188  24.51725006103515625  -71.81905364990234375
3105    -11.54691982269287109  24.51725006103515625  -79.98309326171875000
3106    -10.55508041381835938  24.51725006103515625  -84.55090332031250000
3107    -9.82181739807128906  24.51725006103515625  -80.29282379150390625
3108    -1.45242297649383545  24.18927001953125000  -32.30738067626953125
3109    10.88148021697998047  20.02370071411132813  -20.85463905334472656
3110    8.85943794250488281  12.50916957855224609  -11.54596042633056641
3111    8.41927146911621094  13.55830955505371094  -12.76381015777587891
3112    -1.47924196720123291  10.94797992706298828  -9.73372268676757813
3113    -2.97208189964294434  6.84975290298461914  -4.93762111663818359
3114    11.47033977508544922  -0.02467600069940090  36.41292953491210938
3115    8.28080368041992188  -0.02467600069940090  36.99998092651367188
3116    10.46312999725341797  -0.02467600069940090  29.61282920837402344
3117    0.58153301477432251  -0.02467600069940090  35.96754837036132813
3118    -1.94109296798706055  -0.02467600069940090  47.91244888305664063
3119    -4.54628801345825195  -0.02467600069940090  54.41075134277343750
3120    -7.38558101654052734  -0.02467600069940090  48.19961166381835938
3121    -8.96481418609619141  -0.02467600069940090  48.38922119140625000
3122    -11.98149013519287109  -0.02467600069940090  42.07733917236328125
3123    15.00000000000000000  28.41007995605468750  -43.39395904541015625
3124    7.00000000000000000  25.19647026062011719  -74.20374298095703125
3125    7.00000000000000000  26.17621040344238281  -59.44210052490234375
3126    7.00000000000000000  31.60137939453125000  -84.96877288818359375
3127    7.00000000000000000  31.34547042846679688  -81.45883178710937500
3128    7.00000000000000000  26.31483078002929688  -60.94977951049804688
3129    -7.00000000000000000  26.43383026123046875  -80.37709045410156250
3130    -7.00000000000000000  29.13713073730468750  -69.89292907714843750
3131    -7.00000000000000000  30.72722053527832031  -76.30969238281250000
3132    10.36192989349365234  32.51725006103515625  -72.57105255126953125
3133    13.91977977752685547  32.51725006103515625  -84.13155364990234375
3134    14.10610008239746094  32.51725006103515625  -47.79150009155273438
3135    -14.06760978698730469  32.51725006103515625  -42.67625045776367188
3136    -14.16699981689453125  32.51725006103515625  -51.48357009887695313
3137    -12.98958015441894531  32.51725006103515625  -55.73910903930664063
3138    -12.51953029632568359  32.51725006103515625  -59.99691009521484375
3139    -11.19651031494140625  32.51725006103515625  -61.96662902832031250
3140    -10.89266014099121094  32.51725006103515625  -57.49676132202148438
3141    -11.17212963104248047  32.51725006103515625  -59.22069931030273438
3142    -9.44925689697265625  32.51725006103515625  -56.53924942016601563
3143    -11.98958969116210938  32.51725006103515625  -66.02411651611328125
3144    -14.08172988891601563  32.51725006103515625  -81.64127349853515625
3145    -11.76607990264892578  32.51725006103515625  -79.01661682128906250
3146    -12.52336978912353516  32.51725006103515625  -84.91063690185546875
3147    -8.30640792846679688  32.51725006103515625  -67.59944915771484375
3148    -7.75481414794921875  32.51725006103515625  -58.91847991943359375
3149    13.46543025970458984  30.54730987548828125  -86.62521362304687500
3150    -15.00000000000000000  2.58088302612304688  40.65916061401367188
3151    -15.00000000000000000  4.03111076354980469  34.56383895874023438
3152    -15.00000000000000000  4.68168497085571289  28.04899024963378906
3153    -15.00000000000000000  3.52531599998474121  23.16509056091308594
3154    -15.00000000000000000  5.60096216201782227  56.67790985107421875
3155    -15.00000000000000000  5.52372407913208008  37.38111114501953125
3156    -15.00000000000000000  24.51725006103515625  -57.91427993774414063
3157    -15.00000000000000000  25.66671943664550781  -44.62511062622070313
3158    13.86110973358154297  7.97532415390014648  63.02547073364257813
3159    13.35937976837158203  7.97532415390014648  64.14360046386718750
3160    10.17652988433837891  7.97532415390014648  58.39154052734375000
3161    6.31028318405151367  7.97532415390014648  61.41487884521484375
3162    5.27525711059570313  7.97532415390014648  46.99935150146484375
3163    0.80075901746749878  7.97532415390014648  62.37844848632812500
3164    -15.00000000000000000  7.97532415390014648  49.34867858886718750
3165    0.50916099548339844  7.97532415390014648  53.15010833740234375
3166    1.14039301872253418  7.97532415390014648  41.74942016601562500
3167    -0.22767400741577148  7.97532415390014648  32.38523101806640625
3168    5.38703203201293945  7.97532415390014648  22.70336914062500000
3169    0.24284100532531738  7.97532415390014648  22.35692977905273438
3170    -1.22484695911407471  7.97532415390014648  22.68461036682128906
3171    -13.88897991180419922  7.97532415390014648  35.84664154052734375
3172    -13.76329994201660156  7.97532415390014648  29.91723060607910156
3173    -3.51342511177062988  7.97532415390014648  20.19055938720703125
3174    -8.98056602478027344  7.97532415390014648  17.92559051513671875
3175    -14.03890037536621094  7.97532415390014648  23.15346908569335938
3176    -10.90330982208251953  7.97532415390014648  18.46953964233398438
3177    -3.01460409164428711  8.33512401580810547  10.23476982116699219
3178    -3.35002207756042480  10.09002971649169922  4.75415086746215820
3179    -3.28616905212402344  11.34405040740966797  2.47842907905578613
3180    -13.39480018615722656  13.01770973205566406  0.15287500619888306
3181    -1.56256294250488281  13.03448963165283203  0.13249699771404266
3182    13.87642002105712891  12.73353004455566406  0.51394301652908325
3183    14.04438018798828125  13.44738006591796875  -0.37648200988769531
3184    13.28691959381103516  15.32081985473632813  -2.55257010459899902
3185    10.88426971435546875  16.03256988525390625  -3.37877392768859863
3186    10.60352039337158203  18.50254058837890625  -6.24593400955200195
3187    13.37384033203125000  20.63112068176269531  -8.71680831909179688
3188    6.71112394332885742  18.60541915893554688  -6.36536407470703125
3189    6.66663312911987305  19.66114044189453125  -7.59084320068359375
3190    2.88679289817810059  18.43701934814453125  -6.16987514495849609
3191    0.13314500451087952  14.72618961334228516  -1.86231994628906250
3192    -0.29897800087928772  16.20896911621093750  -3.58354496955871582
3193    -0.89164400100708008  17.24151039123535156  -4.78212690353393555
3194    -7.29727983474731445  13.81324005126953125  -0.80221801996231079
3195    8.51914119720458984  22.19001960754394531  -10.52639961242675781
3196    8.29246425628662109  21.30956077575683594  -9.50434970855712891
3197    0.99972397089004517  21.63327026367187500  -9.88011360168457031
3198    -5.65742397308349609  22.58885002136230469  -10.98935985565185547
3199    -13.86406040191650391  24.68921089172363281  -13.54782009124755859
3200    8.45184707641601563  26.77596092224121094  -16.56776046752929688
3201    4.71541786193847656  27.41754913330078125  -17.65422058105468750
3202    8.45603942871093750  28.12235069274902344  -18.91609001159667969
3203    4.72362804412841797  28.77420997619628906  -20.22425079345703125
3204    8.43946647644042969  29.30002975463867188  -21.35910034179687500
3205    4.71420001983642578  29.84686088562011719  -22.68494987487792969
3206    8.44382476806640625  30.29153060913085938  -23.85321044921875000
3207    4.62546682357788086  30.74904060363769531  -25.23337936401367188
3208    5.80784320831298828  32.42565917968750000  -34.17589950561523438
3209    13.36728000640869141  32.36996841430664063  -33.55892181396484375
3210    11.72443008422851563  24.51725006103515625  -81.75711822509765625
3211    8.32705307006835938  24.51725006103515625  -83.62368774414062500
3212    7.81151580810546875  24.51725006103515625  -77.11231994628906250
3213    7.73370695114135742  24.51725006103515625  -75.53954315185546875
3214    8.28890895843505859  24.51725006103515625  -70.86049652099609375
3215    9.41786098480224609  24.51725006103515625  -69.92751312255859375
3216    8.49619865417480469  24.51725006103515625  -59.70827865600585938
3217    13.43381023406982422  24.51725006103515625  -64.68512725830078125
3218    8.08302497863769531  24.51725006103515625  -53.81729125976562500
3219    -6.19990491867065430  24.51725006103515625  -39.92959976196289063
3220    -14.11804962158203125  24.51725006103515625  -51.93365097045898438
3221    -13.78791999816894531  24.51725006103515625  -59.15338134765625000
3222    -12.74316024780273438  24.51725006103515625  -68.81211853027343750
3223    -13.95100975036621094  24.51725006103515625  -64.57890319824218750
3224    -8.06013011932373047  24.51725006103515625  -59.64751052856445313
3225    -9.42062091827392578  24.51725006103515625  -68.82273864746093750
3226    -11.60408020019531250  24.51725006103515625  -81.33424377441406250
3227    -12.06433010101318359  24.51725006103515625  -84.98214721679687500
3228    -8.68690299987792969  24.51725006103515625  -76.79622650146484375
3229    -3.96622490882873535  23.88166046142578125  -30.59711074829101563
3230    -3.74607706069946289  21.89164924621582031  -24.40106964111328125
3231    -3.64336991310119629  19.45051956176757813  -19.98361015319824219
3232    12.79572010040283203  17.99489021301269531  -17.98662948608398438
3233    13.70532989501953125  13.68566989898681641  -12.91164970397949219
3234    13.60540008544921875  12.41246986389160156  -11.43369960784912109
3235    10.54199028015136719  12.07164955139160156  -11.03808021545410156
3236    13.33415031433105469  10.03509998321533203  -8.67403984069824219
3237    7.18845605850219727  11.86489963531494141  -10.79808998107910156
3238    6.64844989776611328  10.87917041778564453  -9.65384387969970703
3239    2.87474203109741211  12.10795021057128906  -11.08022022247314453
3240    -0.46432200074195862  14.50502014160156250  -13.86275959014892578
3241    -0.68407398462295532  13.40013980865478516  -12.58020019531250000
3242    -11.63815021514892578  16.82851982116699219  -16.56661033630371094
3243    12.55500030517578125  7.67253780364990234  -5.92825412750244141
3244    -13.75105953216552734  9.13152408599853516  -7.62379598617553711
3245    -13.77676963806152344  7.82348394393920898  -6.09967088699340820
3246    -3.99129891395568848  4.24209308624267578  -1.24983799457550049
3247    -3.47793507575988770  3.04676508903503418  0.95899599790573120
3248    -3.59773302078247070  1.00675499439239502  6.42189788818359375
3249    8.78807067871093750  0.84994500875473022  7.03362703323364258
3250    -3.95235300064086914  -0.02467600069940090  14.85474014282226563
3251    0.16200500726699829  -0.02467600069940090  16.06072998046875000
3252    13.01737022399902344  -0.02467600069940090  35.62755966186523438
3253    3.13880896568298340  -0.02467600069940090  18.93499946594238281
3254    13.87411975860595703  -0.02467600069940090  47.31169891357421875
3255    13.96368980407714844  -0.02467600069940090  54.01139068603515625
3256    13.60068035125732422  -0.02467600069940090  52.40488052368164063
3257    13.85591030120849609  -0.02467600069940090  60.27941131591796875
3258    6.01878118515014648  -0.02467600069940090  41.55657958984375000
3259    7.44670915603637695  -0.02467600069940090  48.81209945678710938
3260    -1.18516099452972412  -0.02467600069940090  30.50614929199218750
3261    -0.95845502614974976  -0.02467600069940090  35.80619049072265625
3262    -9.41028976440429688  -0.02467600069940090  23.50201988220214844
3263    -10.95065021514892578  -0.02467600069940090  23.50337982177734375
3264    -3.66027188301086426  -0.02467600069940090  36.12551879882812500
3265    -7.21420478820800781  -0.02467600069940090  36.29264831542968750
3266    -13.21765041351318359  -0.02467600069940090  30.13043975830078125
3267    -14.28302955627441406  -0.02467600069940090  29.34836006164550781
3268    -10.85764980316162109  -0.02467600069940090  36.33626174926757813
3269    4.01355695724487305  -0.02467600069940090  48.82202911376953125
3270    7.27728891372680664  -0.02467600069940090  60.75040054321289063
3271    4.18322420120239258  -0.02467600069940090  61.19166946411132813
3272    -0.15553000569343567  -0.02467600069940090  60.76800155639648438
3273    -14.22358036041259766  -0.02467600069940090  42.33620071411132813
3274    -10.98381996154785156  -0.02467600069940090  48.81758117675781250
3275    -3.32277607917785645  -0.02467600069940090  61.18804931640625000
3276    -7.34470605850219727  -0.02467600069940090  60.47687911987304688
3277    -9.63064956665039063  -0.02467600069940090  62.79813003540039063
3278    -11.01004028320312500  -0.02467600069940090  61.72888946533203125
3279    15.00000000000000000  4.25621509552001953  60.93547058105468750
3280    15.00000000000000000  7.05068206787109375  51.25342941284179688
3281    15.00000000000000000  0.82757002115249634  53.17008972167968750
3282    15.00000000000000000  -0.02467600069940090  54.28031921386718750
3283    15.00000000000000000  -0.02467600069940090  41.78031921386718750
3284    15.00000000000000000  1.54568099975585938  35.38650131225585938
3285    15.00000000000000000  1.04356300830841064  16.81138992309570313
3286    15.00000000000000000  25.77919006347656250  -34.61399078369140625
3287    15.00000000000000000  29.82748031616210938  -36.69829940795898438
3288    15.00000000000000000  25.76549911499023438  -65.78885650634765625
3289    15.00000000000000000  26.08365058898925781  -76.52796173095703125
3290    15.00000000000000000  27.67691040039062500  -70.52606201171875000
3291    15.00000000000000000  31.20523071289062500  -52.83975982666015625
3292    15.00000000000000000  31.94038009643554688  -60.03895187377929688
3293    11.36009025573730469  32.51725006103515625  -82.40558624267578125
3294    -4.29790115356445313  7.18985080718994141  -5.36147785186767578
3295    -4.22884702682495117  0.32012701034545898  9.69845581054687500
3296    4.63983917236328125  -0.02467600069940090  33.80376052856445313
3297    -7.28522586822509766  -0.02467600069940090  46.23088073730468750
3298    -4.32255601882934570  -0.02467600069940090  46.12974166870117188
3299    7.00000000000000000  27.19013977050781250  -62.66016006469726563
3300    -7.00000000000000000  31.02510070800781250  -69.80928802490234375
3301    7.99390888214111328  32.51725006103515625  -66.55132293701171875
3302    -13.98264980316162109  32.51725006103515625  -46.07703018188476563
3303    -10.41948986053466797  32.51725006103515625  -73.38992309570312500
3304    -9.53800392150878906  32.51725006103515625  -74.78785705566406250
3305    -15.00000000000000000  1.03875505924224854  50.79944992065429688
3306    1.88838899135589600  7.97532415390014648  34.68828964233398438
3307    2.34811496734619141  7.97532415390014648  38.21997070312500000
3308    -9.37035274505615234  7.97532415390014648  21.73325920104980469
3309    3.88740110397338867  7.97532415390014648  15.24057960510253906
3310    8.13119697570800781  19.67926979064941406  -7.61189317703247070
3311    -8.74029922485351563  16.36453056335449219  -3.76411795616149902
3312    -8.80738639831542969  20.52024078369140625  -8.58809375762939453
3313    -10.69472026824951172  20.71548080444335938  -8.81473636627197266
3314    -3.63532900810241699  32.01976013183593750  -30.60549926757812500
3315    8.73737716674804688  24.51725006103515625  -72.16684722900390625
3316    -13.63220977783203125  24.51725006103515625  -49.06624984741210938
3317    -9.11686611175537109  24.51725006103515625  -65.73294830322265625
3318    -11.21059036254882813  24.46285057067871094  -35.24892044067382813
3319    -2.77111911773681641  24.45672988891601563  -35.09440994262695313
3320    -8.81739521026611328  14.24495029449462891  -13.56085968017578125
3321    -10.98383045196533203  14.49314975738525391  -13.84897041320800781
3322    -9.33883571624755859  9.11563301086425781  -7.60671997070312500
3323    7.85062408447265625  -0.02467600069940090  46.17444992065429688
3324    10.69801998138427734  -0.02467600069940090  46.03511047363281250
3325    -5.25370979309082031  -0.02467600069940090  21.56151008605957031
3326    4.53855085372924805  -0.02467600069940090  57.91637039184570313
3327    4.50103092193603516  -0.02467600069940090  53.74641036987304688
3328    -10.45810031890869141  -0.02467600069940090  58.02650070190429688
3329    7.00000000000000000  28.52877998352050781  -76.60550689697265625
3330    7.00000000000000000  28.18668937683105469  -83.62361907958984375
3331    -7.00000000000000000  28.26758003234863281  -83.75778961181640625
3332    10.70818042755126953  32.51725006103515625  -75.46073150634765625
3333    12.89807987213134766  32.51725006103515625  -85.51103210449218750
3334    10.04841995239257813  32.51725006103515625  -58.03485870361328125
3335    -15.00000000000000000  3.24088811874389648  36.17903900146484375
3336    -15.00000000000000000  2.24445605278015137  33.51169967651367188
3337    -15.00000000000000000  1.08535695075988770  38.36169052124023438
3338    -15.00000000000000000  29.51369094848632813  -79.86038970947265625
3339    -5.38012218475341797  7.97532415390014648  25.49872970581054688
3340    -3.93622803688049316  8.03047084808349609  12.91084003448486328
3341    -2.59167003631591797  12.11684989929199219  1.31746995449066162
3342    1.88898301124572754  15.32641983032226563  -2.55907392501831055
3343    -1.64703500270843506  18.61198043823242188  -6.37296915054321289
3344    -9.38329982757568359  18.79457092285156250  -6.58492612838745117
3345    2.55051302909851074  24.43816947937011719  -13.23455047607421875
3346    3.59846901893615723  32.29344940185546875  -32.73204040527343750
3347    10.74297046661376953  32.34294891357421875  -33.19472885131835938
3348    -8.53790569305419922  24.51725006103515625  -61.43188095092773438
3349    -10.11594009399414063  24.51725006103515625  -73.18994140625000000
3350    -9.09269428253173828  24.51725006103515625  -73.98155212402343750
3351    3.11130499839782715  17.65707015991210938  -17.56183052062988281
3352    -1.62959194183349609  9.10341262817382813  -7.59253215789794922
3353    -9.07035446166992188  11.76459980010986328  -10.68165969848632813
3354    3.78294205665588379  -0.02467600069940090  36.95254898071289063
3355    3.08300089836120605  -0.02467600069940090  33.55503845214843750
3356    3.33427500724792480  -0.02467600069940090  21.93751907348632813
3357    -3.34263396263122559  -0.02467600069940090  42.96384811401367188
3358    -2.22814488410949707  -0.02467600069940090  40.91286849975585938
3359    -10.45701026916503906  -0.02467600069940090  45.46831893920898438
3360    15.00000000000000000  1.31025397777557373  38.04296875000000000
3361    7.00000000000000000  25.70799064636230469  -62.05149841308593750
3362    7.00000000000000000  25.78266906738281250  -72.90734863281250000
3363    7.00000000000000000  30.02387046813964844  -74.00421142578125000
3364    7.00000000000000000  27.55413055419921875  -64.38160705566406250
3365    -7.00000000000000000  25.44697952270507813  -81.54084777832031250
3366    -7.00000000000000000  29.42016983032226563  -65.33257293701171875
3367    -7.00000000000000000  30.95914077758789063  -57.60282897949218750
3368    -7.00000000000000000  31.54709053039550781  -60.40005111694335938
3369    13.78806018829345703  32.51725006103515625  -43.36906814575195313
3370    -9.97288131713867188  32.51725006103515625  -60.13603973388671875
3371    -13.44099044799804688  32.51725006103515625  -68.49830627441406250
3372    -13.30222034454345703  32.51725006103515625  -76.28836059570312500
3373    -11.76403045654296875  32.51725006103515625  -76.26640319824218750
3374    -9.38358688354492188  32.51725006103515625  -64.50012969970703125
3375    -15.00000000000000000  6.25053215026855469  20.18559074401855469
3376    -15.00000000000000000  0.82865899801254272  19.95865058898925781
3377    -15.00000000000000000  5.82392597198486328  61.13092041015625000
3378    -15.00000000000000000  5.51745176315307617  36.05710983276367188
3379    -15.00000000000000000  6.97628116607666016  21.11712074279785156
3380    -15.00000000000000000  26.97649955749511719  -42.18735885620117188
3381    -7.36055517196655273  3.60262489318847656  64.14360046386718750
3382    -12.91611003875732422  6.85307598114013672  64.14360046386718750
3383    13.38514041900634766  7.97532415390014648  50.43843078613281250
3384    4.31841182708740234  7.97532415390014648  48.28871154785156250
3385    1.68664801120758057  7.97532415390014648  53.37221145629882813
3386    1.15565800666809082  7.97532415390014648  43.28158950805664063
3387    0.77905297279357910  7.97532415390014648  51.68928909301757813
3388    1.91605198383331299  7.97532415390014648  19.25956916809082031
3389    -12.60523986816406250  7.97532415390014648  33.63610076904296875
3390    -5.01104402542114258  7.97532415390014648  22.78933906555175781
3391    -7.68354797363281250  7.97532415390014648  22.38228034973144531
3392    -11.92895030975341797  7.97532415390014648  17.09210968017578125
3393    -5.47301912307739258  7.97532415390014648  16.70682907104492188
3394    -3.31025195121765137  8.12960243225097656  11.68795013427734375
3395    -13.79839992523193359  8.27227115631103516  10.62430953979492188
3396    13.58668994903564453  16.55068016052246094  -3.98020696640014648
3397    13.52083969116210938  18.96907997131347656  -6.78750276565551758
3398    13.51527023315429688  21.47701072692871094  -9.69872093200683594
3399    -1.46455597877502441  16.33842086791992188  -3.73380899429321289
3400    -8.36889743804931641  14.31054973602294922  -1.37983894348144531
3401    -12.52620029449462891  17.18538093566894531  -4.71697092056274414
3402    1.48517298698425293  23.47256088256835938  -12.03246021270751953
3403    -4.46389102935791016  24.35425949096679688  -13.12983989715576172
3404    -13.98314952850341797  25.98390007019042969  -15.36083030700683594
3405    -2.11577010154724121  26.07576942443847656  -15.49384975433349609
3406    -4.12235689163208008  26.29157066345214844  -15.80638980865478516
3407    -3.22074198722839355  27.89388084411621094  -18.46880912780761719
3408    -11.05416011810302734  28.10289955139160156  -18.87681961059570313
3409    -4.56510782241821289  28.35716056823730469  -19.38717079162597656
3410    -1.96959996223449707  29.06221961975097656  -20.81224060058593750
3411    -10.89286041259765625  29.24765014648437500  -21.23180961608886719
3412    -3.72553896903991699  29.26473999023437500  -21.27326011657714844
3413    -2.33366203308105469  29.98632049560546875  -23.02378082275390625
3414    -3.02766799926757813  30.99546051025390625  -25.99393081665039063
3415    2.51909804344177246  31.23864936828613281  -26.93852043151855469
3416    -1.63144505023956299  31.31932067871093750  -27.25596046447753906
3417    3.89286708831787109  31.22216033935546875  -26.87364959716796875
3418    11.85595989227294922  31.39446067810058594  -27.55158996582031250
3419    -12.76834964752197266  31.57484054565429688  -28.26843070983886719
3420    -3.79285788536071777  31.71188926696777344  -28.89686012268066406
3421    -5.14368295669555664  31.84308052062988281  -29.62214088439941406
3422    13.80640983581542969  32.09468841552734375  -31.03248977661132813
3423    4.51267719268798828  32.19705963134765625  -31.83189964294433594
3424    -3.99554610252380371  32.43115997314453125  -34.20732879638671875
3425    -11.06709957122802734  32.35517883300781250  -33.30865097045898438
3426    9.13409709930419922  24.51725006103515625  -68.11306762695312500
3427    8.31397819519042969  24.51725006103515625  -65.22740173339843750
3428    12.55935001373291016  24.51725006103515625  -68.61489105224609375
3429    13.36458015441894531  24.51725006103515625  -76.11582946777343750
3430    14.11061954498291016  24.51725006103515625  -78.30046081542968750
3431    13.38294982910156250  24.51725006103515625  -66.48874664306640625
3432    12.16419982910156250  24.51725006103515625  -53.73146820068359375
3433    12.96148014068603516  24.51725006103515625  -54.55633926391601563
3434    -14.06558990478515625  24.51725006103515625  -54.75127029418945313
3435    -13.12977027893066406  24.51725006103515625  -80.55905151367187500
3436    -13.94521999359130859  24.51725006103515625  -82.96806335449218750
3437    -8.86554431915283203  24.51725006103515625  -67.22189331054687500
3438    -10.82742977142333984  24.51725006103515625  -85.75620269775390625
3439    12.70376014709472656  24.50818061828613281  -36.46456146240234375
3440    12.12022018432617188  17.08114051818847656  -16.85522079467773438
3441    13.83882999420166016  14.68179988861083984  -14.06797027587890625
3442    13.39673042297363281  11.14006996154785156  -9.95669746398925781
3443    13.59132957458496094  9.22483444213867188  -7.73348093032836914
3444    -0.98369997739791870  15.67488002777099609  -15.22074031829833984
3445    -2.37425899505615234  16.21680068969726563  -15.84980964660644531
3446    -1.52673697471618652  14.13741016387939453  -13.43603038787841797
3447    -12.39776039123535156  15.79220962524414063  -15.35694026947021484
3448    -12.71312046051025391  13.20366954803466797  -12.35214042663574219
3449    -0.13738800585269928  8.44272232055664063  -6.82559776306152344
3450    -6.86727619171142578  7.97802019119262695  -6.28616809844970703
3451    -11.55692005157470703  0.14637899398803711  11.13197994232177734
3452    11.86489009857177734  0.16934899985790253  10.94149971008300781
3453    13.56004047393798828  -0.02467600069940090  30.34966087341308594
3454    13.50321960449218750  -0.02467600069940090  32.64694976806640625
3455    12.16302013397216797  -0.02467600069940090  32.60200119018554688
3456    6.48430395126342773  -0.02467600069940090  20.82835960388183594
3457    5.09376382827758789  -0.02467600069940090  21.40781974792480469
3458    12.31190013885498047  -0.02467600069940090  41.33761978149414063
3459    11.53400039672851563  -0.02467600069940090  58.39128875732421875
3460    6.85550880432128906  -0.02467600069940090  42.39429092407226563
3461    5.71849584579467773  -0.02467600069940090  45.32265853881835938
3462    -3.37452292442321777  -0.02467600069940090  32.93503952026367188
3463    -11.61699962615966797  -0.02467600069940090  22.12579917907714844
3464    -13.84908008575439453  -0.02467600069940090  20.32218933105468750
3465    -4.85308122634887695  -0.02467600069940090  32.49089050292968750
3466    -11.35099983215332031  -0.02467600069940090  33.87929153442382813
3467    -11.29249954223632813  -0.02467600069940090  32.58678817749023438
3468    -13.42461967468261719  -0.02467600069940090  35.69174957275390625
3469    4.12828207015991211  -0.02467600069940090  45.92066955566406250
3470    1.37593102455139160  -0.02467600069940090  47.76155853271484375
3471    11.20991039276123047  -0.02467600069940090  60.65472030639648438
3472    3.82364606857299805  -0.02467600069940090  58.77994918823242188
3473    -11.38193035125732422  -0.02467600069940090  46.15996170043945313
3474    -13.61501979827880859  -0.02467600069940090  47.83139038085937500
3475    -3.44519710540771484  -0.02467600069940090  58.41553878784179688
3476    -11.32579994201660156  -0.02467600069940090  58.69002151489257813
3477    -11.15785026550292969  -0.02467600069940090  63.23580932617187500
3478    15.00000000000000000  -0.02467600069940090  44.80765914916992188
3479    15.00000000000000000  27.07125091552734375  -42.44866180419921875
3480    15.00000000000000000  30.75155067443847656  -43.08908081054687500
3481    15.00000000000000000  31.68114089965820313  -46.36606979370117188
3482    15.00000000000000000  31.19918060302734375  -56.17425918579101563
3483    15.00000000000000000  31.63573074340820313  -58.20932006835937500
3484    7.00000000000000000  27.21512985229492188  -84.86013031005859375
3485    9.89352703094482422  32.51725006103515625  -82.27326202392578125
3486    10.49814987182617188  32.51725006103515625  -83.75068664550781250
3487    6.54663515090942383  0.95417702198028564  64.14360046386718750
3488    -1.15718102455139160  5.42033910751342773  64.14360046386718750
3489    -2.53660988807678223  7.97532415390014648  37.60235977172851563
3490    6.33897495269775391  8.27319908142089844  10.64352989196777344
3491    -4.00452089309692383  19.66278076171875000  -7.59274291992187500
3492    -5.02680921554565430  18.79928970336914063  -6.59040021896362305
3493    -6.36988401412963867  30.25801086425781250  -23.75218009948730469
3494    10.24987030029296875  24.51725006103515625  -79.50744628906250000
3495    5.44206476211547852  24.22006034851074219  -32.54988098144531250
3496    -5.29303407669067383  11.72346973419189453  -10.63391971588134766
3497    7.94682884216308594  6.29923200607299805  -4.24522209167480469
3498    8.40790367126464844  -0.02467600069940090  33.64439010620117188
3499    2.22068810462951660  -0.02467600069940090  27.87582969665527344
3500    5.52273893356323242  -0.02467600069940090  27.78030967712402344
3501    -3.68727111816406250  -0.02467600069940090  51.50672912597656250
3502    -6.81697893142700195  -0.02467600069940090  41.23419189453125000
3503    7.00000000000000000  26.04211997985839844  -64.78227233886718750
3504    7.00000000000000000  27.53175926208496094  -68.36467742919921875
3505    7.00000000000000000  28.39385032653808594  -68.89401245117187500
3506    7.00000000000000000  30.42962074279785156  -58.97084045410156250
3507    -7.00000000000000000  25.61672973632812500  -63.05263900756835938
3508    -7.00000000000000000  30.82666969299316406  -65.54640960693359375
3509    -7.00000000000000000  31.44532012939453125  -66.68411254882812500
3510    -7.00000000000000000  29.85530090332031250  -66.82776641845703125
3511    10.09204006195068359  32.51725006103515625  -78.24627685546875000
3512    11.91526031494140625  32.51725006103515625  -76.19249725341796875
3513    12.66277027130126953  32.51725006103515625  -54.56776046752929688
3514    -8.03234100341796875  32.51725006103515625  -72.49038696289062500
3515    8.17292499542236328  5.30884408950805664  64.14360046386718750
3516    7.37301683425903320  6.60372018814086914  64.14360046386718750
3517    6.79718399047851563  7.97532415390014648  41.18053054809570313
3518    7.58542299270629883  7.97532415390014648  55.17845916748046875
3519    -14.27772045135498047  7.97532415390014648  52.54684066772460938
3520    -9.96662044525146484  7.97532415390014648  27.91345024108886719
3521    -12.11390972137451172  7.97532415390014648  27.43050003051757813
3522    -13.83841991424560547  7.97532415390014648  27.00481033325195313
3523    -9.95734214782714844  8.06902980804443359  12.28800010681152344
3524    5.08820390701293945  8.38177394866943359  10.01368045806884766
3525    -4.54186391830444336  8.78903388977050781  8.26284885406494141
3526    9.30235195159912109  8.71924209594726563  8.51735210418701172
3527    -12.06993961334228516  8.68640136718750000  8.64125347137451172
3528    5.00683689117431641  8.82268238067626953  8.15199756622314453
3529    9.55199909210205078  9.28811073303222656  6.69150304794311523
3530    5.36517477035522461  9.37865257263183594  6.44580888748168945
3531    -13.93315982818603516  9.40345191955566406  6.37989091873168945
3532    9.53823757171630859  9.98337554931640625  4.99328804016113281
3533    4.85799694061279297  10.22887992858886719  4.48003196716308594
3534    5.91319084167480469  10.79811954498291016  3.39722895622253418
3535    8.65008926391601563  11.19301033020019531  2.71676898002624512
3536    7.06293201446533203  11.43068981170654297  2.34642410278320313
3537    14.02404022216796875  14.47126960754394531  -1.56640899181365967
3538    12.01560020446777344  15.13852977752685547  -2.34096407890319824
3539    13.54446983337402344  19.92671012878417969  -7.89911890029907227
3540    10.89124965667724609  19.52216911315917969  -7.42952680587768555
3541    -1.00243198871612549  15.60280036926269531  -2.87989306449890137
3542    -4.59636688232421875  14.57966995239257813  -1.69223797321319580
3543    -5.83869695663452148  14.13731956481933594  -1.17875099182128906
3544    -12.40118980407714844  16.00370025634765625  -3.34526705741882324
3545    2.45034599304199219  21.59705924987792969  -9.83807754516601563
3546    -11.73425006866455078  22.28758049011230469  -10.63963031768798828
3547    7.53644800186157227  25.40403938293457031  -14.52128982543945313
3548    14.21111965179443359  26.25725936889648438  -15.75660037994384766
3549    -13.41946983337402344  27.47089958190917969  -17.74457931518554688
3550    7.32405900955200195  26.76197052001953125  -16.54385948181152344
3551    7.26638698577880859  28.16370964050292969  -18.99887084960937500
3552    7.70493412017822266  31.89722061157226563  -29.92351913452148438
3553    3.14611601829528809  31.82056999206542969  -29.49688911437988281
3554    -9.13660907745361328  31.98584938049316406  -30.41687965393066406
3555    -13.42693996429443359  31.98513031005859375  -30.41278076171875000
3556    7.50912094116210938  32.39738845825195313  -33.73038101196289063
3557    -8.52327632904052734  32.46847915649414063  -35.25394058227539063
3558    9.15682888031005859  24.51725006103515625  -75.93927001953125000
3559    14.29148960113525391  24.51725006103515625  -48.49227142333984375
3560    -12.10883998870849609  24.51725006103515625  -49.63462066650390625
3561    -12.33405017852783203  24.51725006103515625  -77.46659088134765625
3562    -9.15545558929443359  24.51725006103515625  -64.10259246826171875
3563    -11.22251987457275391  24.51725006103515625  -79.00161743164062500
3564    -9.02212524414062500  24.51725006103515625  -85.98245239257812500
3565    -8.41049098968505859  24.21283912658691406  -32.50662994384765625
3566    -11.77149963378906250  24.24817085266113281  -32.78358078002929688
3567    -11.55720996856689453  22.89472007751464844  -26.93940925598144531
3568    -13.41234016418457031  22.35099029541015625  -25.46924972534179688
3569    5.50290679931640625  22.23790931701660156  -25.18831062316894531
3570    6.52339076995849609  21.76701927185058594  -24.13268089294433594
3571    7.22313308715820313  20.43712997436523438  -21.56211090087890625
3572    -7.98282003402709961  20.01934051513671875  -20.86704063415527344
3573    -5.87329912185668945  18.87413024902343750  -19.12877082824707031
3574    13.88718032836914063  15.79988002777099609  -15.36583995819091797
3575    12.63593006134033203  15.44050979614257813  -14.94867992401123047
3576    10.73999023437500000  16.69721031188964844  -16.40752983093261719
3577    -8.89705085754394531  13.22721958160400391  -12.37948036193847656
3578    0.15071600675582886  9.49411582946777344  -8.04606342315673828
3579    2.63063907623291016  7.28049707412719727  -5.47045087814331055
3580    -4.19382476806640625  6.03125905990600586  -3.90592288970947266
3581    -7.96545505523681641  5.59238386154174805  -3.29980111122131348
3582    -13.61394977569580078  5.32713794708251953  -2.92139911651611328
3583    5.56655502319335938  5.22011184692382813  -2.76192402839660645
3584    8.04356098175048828  4.89121723175048828  -2.27252411842346191
3585    -11.29434967041015625  3.77344107627868652  -0.41980800032615662
3586    5.38216495513916016  3.41921997070312500  0.21182100474834442
3587    5.67011976242065430  2.34652900695800781  2.48784589767456055
3588    12.25327014923095703  1.46951997280120850  4.81114196777343750
3589    7.46358108520507813  0.90929698944091797  6.79672622680664063
3590    -5.15835285186767578  0.50953602790832520  8.62113666534423828
3591    8.21169281005859375  0.16039599478244781  11.00774955749511719
3592    -8.93929290771484375  0.00327800004743040  13.44204044342041016
3593    15.00000000000000000  -0.02467600069940090  25.53276062011718750
3594    -6.46169996261596680  -0.02467600069940090  27.45413017272949219
3595    -7.74590301513671875  -0.02467600069940090  27.03417968750000000
3596    -7.47074890136718750  -0.02467600069940090  32.04265975952148438
3597    -9.58709430694580078  -0.02467600069940090  26.24473953247070313
3598    -11.34708023071289063  -0.02467600069940090  26.40008926391601563
3599    -7.06291294097900391  -0.02467600069940090  37.77186965942382813
3600    -13.02188014984130859  -0.02467600069940090  26.38488006591796875
3601    7.24436807632446289  -0.02467600069940090  51.21912002563476563
3602    5.63530206680297852  -0.02467600069940090  51.16827011108398438
3603    7.68958616256713867  -0.02467600069940090  57.03916931152343750
3604    4.47674417495727539  -0.02467600069940090  50.54320144653320313
3605    -9.22990894317626953  -0.02467600069940090  51.24271011352539063
3606    -7.32479810714721680  -0.02467600069940090  57.05297088623046875
3607    -10.48785972595214844  -0.02467600069940090  50.63180923461914063
3608    -7.70892381668090820  -0.02467600069940090  63.23495101928710938
3609    -14.22782993316650391  -0.02467600069940090  51.62757110595703125
3610    15.00000000000000000  3.20199894905090332  52.81523895263671875
3611    15.00000000000000000  6.76877880096435547  40.45270919799804688
3612    15.00000000000000000  1.06851899623870850  19.68440055847167969
3613    15.00000000000000000  25.85708045959472656  -43.53073883056640625
3614    15.00000000000000000  27.12974929809570313  -73.69290161132812500
3615    15.00000000000000000  25.88340950012207031  -67.46154785156250000
3616    15.00000000000000000  26.29015922546386719  -69.19538879394531250
3617    7.00000000000000000  28.12170028686523438  -75.05264282226562500
3618    -2.02646303176879883  26.30824089050292969  -41.36122131347656250
3619    8.84223270416259766  32.51725006103515625  -83.59153747558593750
3620    11.34941959381103516  32.51725006103515625  -73.73970031738281250
3621    12.85013961791992188  32.51725006103515625  -67.98578643798828125
3622    4.09863996505737305  32.51725006103515625  -37.48696899414062500
3623    -11.90725040435791016  32.51725006103515625  -54.69382095336914063
3624    -10.77056026458740234  32.51725006103515625  -79.64697265625000000
3625    -8.41275501251220703  32.51725006103515625  -83.93508911132812500
3626    -15.00000000000000000  4.64641094207763672  39.81037902832031250
3627    -15.00000000000000000  29.68358993530273438  -75.24684143066406250
3628    4.50296592712402344  4.36008214950561523  64.14360046386718750
3629    -0.54931598901748657  7.97532415390014648  46.14118957519531250
3630    -4.62422180175781250  7.97532415390014648  54.03260040283203125
3631    -8.30234909057617188  8.01906585693359375  13.16868972778320313
3632    13.59064006805419922  17.79335021972656250  -5.42270088195800781
3633    11.55527019500732422  17.62528991699218750  -5.22761583328247070
3634    8.22531509399414063  16.10360908508300781  -3.46123790740966797
3635    7.01150894165039063  15.61522960662841797  -2.89432311058044434
3636    5.45193290710449219  15.38041019439697266  -2.62174606323242188
3637    -8.81271171569824219  19.76132011413574219  -7.70713806152343750
3638    0.99203699827194214  25.21273994445800781  -14.24493026733398438
3639    0.76595497131347656  28.77080917358398438  -20.21740913391113281
3640    10.28267955780029297  24.51725006103515625  -76.67817687988281250
3641    14.05655956268310547  24.51725006103515625  -57.84191131591796875
3642    -8.11001205444335938  24.51725006103515625  -63.09489059448242188
3643    -10.88282012939453125  24.51725006103515625  -63.84737014770507813
3644    -7.78147602081298828  24.51725006103515625  -71.02406311035156250
3645    -5.49530696868896484  24.34750938415527344  -33.63386154174804688
3646    -1.20343995094299316  23.48566055297851563  -28.90225982666015625
3647    -1.10962998867034912  23.05101966857910156  -27.41908073425292969
3648    -1.24702894687652588  22.17775917053222656  -25.05118942260742188
3649    8.21308898925781250  18.17307090759277344  -18.21118927001953125
3650    11.63306999206542969  12.96173000335693359  -12.07129955291748047
3651    8.22557830810546875  14.49442005157470703  -13.85044956207275391
3652    7.15528392791748047  15.02562999725341797  -14.46708965301513672
3653    5.65063381195068359  15.21924972534179688  -14.69184017181396484
3654    -4.44038200378417969  8.75189590454101563  -7.18449020385742188
3655    -8.78704071044921875  10.79489994049072266  -9.55601882934570313
3656    -8.14008712768554688  6.57076215744018555  -4.58691883087158203
3657    -9.86535835266113281  1.34480297565460205  5.24142503738403320
3658    1.54854500293731689  0.05438499897718430  12.16971969604492188
3659    -10.11804962158203125  0.09437499940395355  11.61415958404541016
3660    6.02840518951416016  -0.02467600069940090  15.12926959991455078
3661    11.76467990875244141  -0.02467600069940090  39.08671951293945313
3662    9.98439407348632813  -0.02467600069940090  39.26152038574218750
3663    2.86171889305114746  -0.02467600069940090  39.46139144897460938
3664    0.19221200048923492  -0.02467600069940090  38.97248840332031250
3665    1.23355495929718018  -0.02467600069940090  16.96194076538085938
3666    2.48758101463317871  -0.02467600069940090  17.56727981567382813
3667    0.00240799994207919  -0.02467600069940090  41.60844039916992188
3668    -1.83225595951080322  -0.02467600069940090  38.51882934570312500
3669    0.65560698509216309  -0.02467600069940090  45.38756942749023438
3670    -0.31823599338531494  -0.02467600069940090  47.87788009643554688
3671    -3.52625203132629395  -0.02467600069940090  38.57226943969726563
3672    -5.38844394683837891  -0.02467600069940090  38.63895034790039063
3673    0.07036300003528595  -0.02467600069940090  54.22751998901367188
3674    0.33336299657821655  -0.02467600069940090  56.99943161010742188
3675    0.44740799069404602  -0.02467600069940090  63.22332000732421875
3676    -8.23394203186035156  -0.02467600069940090  39.09215927124023438
3677    -9.54491138458251953  -0.02467600069940090  38.58649063110351563
3678    -10.56855010986328125  -0.02467600069940090  38.07358932495117188
3679    15.00000000000000000  27.35777091979980469  -60.52970886230468750
3680    15.00000000000000000  28.28339958190917969  -84.54062652587890625
3681    7.00000000000000000  24.51725006103515625  -82.54933929443359375
3682    7.00000000000000000  29.75600051879882813  -82.06194305419921875
3683    7.00000000000000000  32.51725006103515625  -85.09293365478515625
3684    7.00000000000000000  32.51725006103515625  -82.45741271972656250
3685    7.00000000000000000  32.51725006103515625  -78.90249633789062500
3686    7.00000000000000000  28.52998924255371094  -71.72190093994140625
3687    7.00000000000000000  30.08526992797851563  -71.25480651855468750
3688    7.00000000000000000  28.13418960571289063  -65.87608337402343750
3689    -7.00000000000000000  24.51725006103515625  -59.90217971801757813
3690    -7.00000000000000000  24.51725006103515625  -61.86349868774414063
3691    -7.00000000000000000  25.71950912475585938  -57.38098907470703125
3692    -7.00000000000000000  25.58518981933593750  -64.17842102050781250
3693    -7.00000000000000000  26.25682067871093750  -75.31265258789062500
3694    -7.00000000000000000  32.51725006103515625  -56.65372848510742188
3695    -7.00000000000000000  32.51725006103515625  -60.72195053100585938
3696    -7.00000000000000000  32.51725006103515625  -65.60610198974609375
3697    -7.00000000000000000  32.51725006103515625  -72.48989105224609375
3698    -7.00000000000000000  31.68684959411621094  -75.35178375244140625
3699    15.00000000000000000  32.51725006103515625  -70.70723724365234375
3700    15.00000000000000000  32.51725006103515625  -60.94161987304687500
3701    -15.00000000000000000  32.51725006103515625  -53.00704956054687500
3702    -9.73302555084228516  32.51725006103515625  -63.09307861328125000
3703    -10.76047992706298828  32.51725006103515625  -70.63375854492187500
3704    -15.00000000000000000  32.51725006103515625  -64.75021362304687500
3705    -15.00000000000000000  32.51725006103515625  -67.28928375244140625
3706    -15.00000000000000000  32.51725006103515625  -73.83223724365234375
3707    -15.00000000000000000  32.51725006103515625  -77.29904174804687500
3708    -15.00000000000000000  -0.02467600069940090  55.84281921386718750
3709    -15.00000000000000000  3.80852508544921875  44.48556137084960938
3710    -15.00000000000000000  -0.02467600069940090  43.34281921386718750
3711    -15.00000000000000000  0.83717501163482666  27.52281951904296875
3712    -15.00000000000000000  1.04913401603698730  16.48148918151855469
3713    -15.00000000000000000  -0.02467600069940090  24.93461990356445313
3714    -15.00000000000000000  -0.02467600069940090  18.14751052856445313
3715    -15.00000000000000000  -0.02467600069940090  16.68265914916992188
3716    -15.00000000000000000  7.97532415390014648  37.92290115356445313
3717    -15.00000000000000000  7.97532415390014648  16.97562980651855469
3718    -15.00000000000000000  26.55755996704101563  -21.08033943176269531
3719    -15.00000000000000000  29.46091079711914063  -38.30321884155273438
3720    -15.00000000000000000  29.40637016296386719  -56.06613922119140625
3721    -15.00000000000000000  27.28185081481933594  -39.33969116210937500
3722    -15.00000000000000000  25.79899024963378906  -38.86491012573242188
3723    -15.00000000000000000  24.51725006103515625  -43.99826049804687500
3724    -15.00000000000000000  24.51725006103515625  -37.60177993774414063
3725    14.45874023437500000  1.50768899917602539  64.14360046386718750
3726    12.42187976837158203  -0.02467600069940090  64.14360046386718750
3727    11.01562023162841797  -0.02467600069940090  64.14360046386718750
3728    9.25781154632568359  -0.02467600069940090  64.14360046386718750
3729    14.42982006072998047  3.26260495185852051  64.14360046386718750
3730    4.92187500000000000  -0.02467600069940090  64.14360046386718750
3731    3.51562500000000000  -0.02467600069940090  64.14360046386718750
3732    14.43126964569091797  4.81490278244018555  64.14360046386718750
3733    7.43408393859863281  4.33372211456298828  64.14360046386718750
3734    -0.17578099668025970  -0.02467600069940090  64.14360046386718750
3735    -2.10937500000000000  -0.02467600069940090  64.14360046386718750
3736    0.38019600510597229  3.18372607231140137  64.14360046386718750
3737    -8.04722118377685547  0.96546798944473267  64.14360046386718750
3738    -11.95312023162841797  -0.02467600069940090  64.14360046386718750
3739    6.39297723770141602  5.52665185928344727  64.14360046386718750
3740    0.70055997371673584  6.98352813720703125  64.14360046386718750
3741    3.98437500000000000  7.97532415390014648  64.14360046386718750
3742    15.00000000000000000  7.97532415390014648  40.60844039916992188
3743    15.00000000000000000  7.97532415390014648  19.41703987121582031
3744    5.69588613510131836  7.97532415390014648  18.55892944335937500
3745    4.15659713745117188  7.97532415390014648  18.47986030578613281
3746    -11.74917984008789063  7.97532415390014648  15.67280960083007813
3747    -12.66718006134033203  8.00943374633789063  13.37767982482910156
3748    -11.29708957672119141  8.12410926818847656  11.73221015930175781
3749    14.30440044403076172  9.17645454406738281  7.02907705307006836
3750    5.02258014678955078  14.07905960083007813  -1.11112296581268311
3751    12.75529956817626953  13.41816043853759766  -0.34021499752998352
3752    3.66472101211547852  19.20747947692871094  -7.06423282623291016
3753    -3.81844496726989746  16.91220092773437500  -4.39985799789428711
3754    10.15890979766845703  23.72727012634277344  -12.34893989562988281
3755    -8.46579742431640625  32.33243942260742188  -33.09658813476562500
3756    -3.45107197761535645  32.34711074829101563  -33.23875045776367188
3757    -14.06709957122802734  32.34489822387695313  -33.33393096923828125
3758    10.01640987396240234  24.51725006103515625  -71.12104034423828125
3759    10.30113983154296875  24.51725006103515625  -68.78482818603515625
3760    10.60396003723144531  24.51725006103515625  -65.44709777832031250
3761    14.14811992645263672  24.51725006103515625  -45.57384109497070313
3762    12.63471031188964844  24.51725006103515625  -40.52428054809570313
3763    -14.14233016967773438  24.51725006103515625  -39.59621047973632813
3764    -13.44740962982177734  24.51725006103515625  -42.11566925048828125
3765    8.10715198516845703  24.13743019104003906  -31.99180030822753906
3766    14.01124000549316406  20.34900093078613281  -21.40562057495117188
3767    0.62962001562118530  17.26659011840820313  -17.07798957824707031
3768    11.62687969207763672  7.15455293655395508  -5.31830120086669922
3769    6.90926218032836914  6.66920089721679688  -4.71076107025146484
3770    6.00336885452270508  7.16643905639648438  -5.33223915100097656
3771    0.33149400353431702  0.18657599389553070  10.78763008117675781
3772    4.28020286560058594  0.02287700027227402  12.94056034088134766
3773    0.36168301105499268  -0.02429600059986115  14.33640003204345703
3774    -11.64589023590087891  -0.02467600069940090  15.18813991546630859
3775    -6.48701477050781250  -0.02467600069940090  15.64321041107177734
3776    -4.97313022613525391  -0.02467600069940090  15.61618041992187500
3777    -3.53190588951110840  -0.02467600069940090  16.17033958435058594
3778    -2.33391189575195313  -0.02467600069940090  16.45451927185058594
3779    8.06147384643554688  -0.02467600069940090  21.22849082946777344
3780    15.00000000000000000  -0.02467600069940090  15.46195983886718750
3781    11.87236976623535156  0.02372499927878380  12.91944980621337891
3782    15.00000000000000000  -0.02467600069940090  26.83890914916992188
3783    15.00000000000000000  -0.02467600069940090  29.96390914916992188
3784    15.00000000000000000  -0.02467600069940090  46.22367858886718750
3785    15.00000000000000000  -0.02467600069940090  55.74515914916992188
3786    9.75017356872558594  -0.02467600069940090  53.96802902221679688
3787    15.00000000000000000  3.48170709609985352  51.86759185791015625
3788    15.00000000000000000  4.42489814758300781  28.47681045532226563
3789    15.00000000000000000  4.59543991088867188  14.12878990173339844
3790    15.00000000000000000  28.01115989685058594  -38.52070999145507813
3791    15.00000000000000000  26.51679992675781250  -39.00320053100585938
3792    15.00000000000000000  30.83606910705566406  -38.84120941162109375
3793    15.00000000000000000  31.75079917907714844  -70.28111267089843750
3794    -10.17296981811523438  7.97532415390014648  22.93325042724609375
3795    13.41349029541015625  -0.02467600069940090  22.07961082458496094
3796    -10.11273002624511719  -0.02467600069940090  31.62763023376464844
3797    5.03501987457275391  -0.02467600069940090  56.52613067626953125
3798    -9.96643352508544922  -0.02467600069940090  56.52779006958007813
3799    0.53505402803421021  22.45870018005371094  -25.75984001159667969
3800    0.57267600297927856  21.55610084533691406  -23.67852020263671875
3801    0.55872100591659546  2.73709797859191895  1.62612998485565186
3802    0.31525099277496338  1.63756704330444336  4.35540580749511719
3803    -2.70200896263122559  -0.02467600069940090  44.24256896972656250
3804    -2.53493595123291016  -0.02467600069940090  56.64289855957031250
3805    -15.00000000000000000  10.85007953643798828  -1.03929901123046875
3806    5.71712684631347656  -0.02467600069940090  18.25346946716308594
3807    12.78293037414550781  -0.02467600069940090  43.99211883544921875
3808    12.67675018310546875  -0.02467600069940090  57.04664993286132813
3809    4.99876594543457031  -0.02467600069940090  44.15309143066406250
3810    -6.26580381393432617  -0.02467600069940090  50.62934112548828125
3811    8.57115936279296875  -0.02467600069940090  50.11294937133789063
3812    -5.29246187210083008  -0.02467600069940090  19.97773933410644531
3813    -6.93985319137573242  31.77433013916015625  -54.35279083251953125
3814    -7.24882411956787109  7.97532415390014648  48.10726928710937500
3815    9.19261741638183594  -0.02467600069940090  30.79565048217773438
3816    1.22879397869110107  -0.02467600069940090  37.37842941284179688
3817    0.72389400005340576  -0.02467600069940090  31.92127037048339844
3818    15.00000000000000000  30.76098060607910156  -32.83396148681640625
3819    -15.00000000000000000  24.03388977050781250  -20.37355995178222656
3820    6.34992504119873047  26.01209068298339844  -15.40163993835449219
3821    6.24095106124877930  27.67701911926269531  -18.09370994567871094
3822    6.29456186294555664  28.86484909057617188  -20.40617942810058594
3823    6.23496007919311523  29.93190956115722656  -22.89121055603027344
3824    -5.70920515060424805  30.63274002075195313  -24.88245010375976563
3825    6.20345497131347656  30.65393066406250000  -24.94636917114257813
3826    8.38204574584960938  -0.02467600069940090  16.70075035095214844
3827    -2.97655892372131348  -0.02467600069940090  37.44776916503906250
3828    -5.87163686752319336  -0.02467600069940090  36.95878982543945313
3829    -9.62011241912841797  -0.02467600069940090  37.16437911987304688
3830    5.40279912948608398  -0.02467600069940090  49.48600006103515625
3831    13.00483036041259766  -0.02467600069940090  61.42683029174804688
3832    -9.60250854492187500  -0.02467600069940090  49.51694107055664063
3833    15.00000000000000000  5.40867519378662109  9.47439002990722656
3834    15.00000000000000000  30.41514015197753906  -26.64913940429687500
3835    15.00000000000000000  31.06311035156250000  -37.47216033935546875
3836    -4.47022819519042969  -0.02467600069940090  49.75131988525390625
3837    9.05118846893310547  32.51725006103515625  -67.76467132568359375
3838    -15.00000000000000000  5.28663492202758789  21.31524085998535156
3839    10.40968036651611328  -0.02467600069940090  49.70061874389648438
3840    -3.08791208267211914  -0.02467600069940090  25.03886032104492188
3841    -4.19109296798706055  -0.02467600069940090  22.60741043090820313
3842    15.00000000000000000  4.86083078384399414  0.05623599886894226
3843    -15.00000000000000000  3.93764901161193848  21.40411949157714844
3844    -15.00000000000000000  5.62625408172607422  1.68640899658203125
3845    -15.00000000000000000  27.96928024291992188  -58.00954818725585938
3846    -2.75974297523498535  5.49686098098754883  64.14360046386718750
3847    10.71767997741699219  -0.02467600069940090  37.89303970336914063
3848    10.09206962585449219  -0.02467600069940090  33.89474105834960938
3849    2.83795499801635742  -0.02467600069940090  37.90443038940429688
3850    3.31947398185729980  -0.02467600069940090  35.02552032470703125
3851    7.00000000000000000  28.00914001464843750  -57.09212112426757813
3852    -15.00000000000000000  6.79503297805786133  16.45705032348632813
3853    -15.00000000000000000  5.55878496170043945  34.47422027587890625
3854    -15.00000000000000000  24.64792060852050781  -22.65266990661621094
3855    -15.00000000000000000  26.33193016052246094  -18.06845092773437500
3856    -15.00000000000000000  27.02918052673339844  -65.37069702148437500
3857    1.12018203735351563  24.51725006103515625  -37.46952056884765625
3858    -9.70738983154296875  24.51725006103515625  -83.43713378906250000
3859    -5.16564321517944336  1.08772099018096924  6.13561296463012695
3860    9.74970626831054688  -0.02467600069940090  19.34938049316406250
3861    -3.51641893386840820  -0.02467600069940090  34.57789993286132813
3862    15.00000000000000000  31.48386001586914063  -54.64485931396484375
3863    15.00000000000000000  25.65703964233398438  -81.08772277832031250
3864    6.91415977478027344  29.89586067199707031  -53.99520874023437500
3865    8.48072719573974609  32.51725006103515625  -55.67987060546875000
3866    5.39343690872192383  32.51725006103515625  -37.62226104736328125
3867    -7.77875423431396484  7.97532415390014648  56.52875900268554688
3868    -11.92901992797851563  7.97532415390014648  55.49060058593750000
3869    -13.92728996276855469  11.93056011199951172  1.57886397838592529
3870    -11.83765983581542969  30.23122024536132813  -23.67777061462402344
3871    6.14722919464111328  31.66390991210937500  -28.65447044372558594
3872    -11.69643974304199219  23.73114013671875000  -29.85147094726562500
3873    -11.83654975891113281  22.51730918884277344  -25.91645050048828125
3874    -4.71512889862060547  3.62612295150756836  -0.15742200613021851
3875    -8.58754539489746094  0.36952099204063416  9.42203426361083984
3876    11.00586032867431641  -0.02467600069940090  25.42256927490234375
3877    3.87108993530273438  -0.02467600069940090  52.16514968872070313
3878    -11.56968975067138672  -0.02467600069940090  51.80395889282226563
3879    15.00000000000000000  1.85098195075988770  52.08924865722656250
3880    15.00000000000000000  1.16634094715118408  49.75777053833007813
3881    15.00000000000000000  25.39217948913574219  -29.63059043884277344
3882    -10.78073978424072266  32.51725006103515625  -44.41233825683593750
3883    -15.00000000000000000  7.97532415390014648  60.57915115356445313
3884    -15.00000000000000000  7.97532415390014648  54.03617858886718750
3885    -15.00000000000000000  7.97532415390014648  42.65922927856445313
3886    -8.77144432067871094  7.97532415390014648  47.10792922973632813
3887    2.26311206817626953  32.25836944580078125  -32.40449905395507813
3888    -2.28106307983398438  5.82881784439086914  -3.63926696777343750
3889    -9.19712352752685547  2.59488701820373535  1.93317997455596924
3890    -2.34888792037963867  -0.02467600069940090  39.48139190673828125
3891    -4.04973697662353516  -0.02467600069940090  39.74618148803710938
3892    4.53230810165405273  27.62026023864746094  -47.21759033203125000
3893    8.20060634613037109  32.51725006103515625  -53.20331954956054688
3894    8.51794528961181641  32.51725006103515625  -48.96789169311523438
3895    -6.78263378143310547  32.51702117919921875  -37.29298019409179688
3896    -15.00000000000000000  -0.02467600069940090  57.64945983886718750
3897    -15.00000000000000000  24.54467010498046875  -27.05681037902832031
3898    -15.00000000000000000  32.51725006103515625  -61.67404174804687500
3899    -15.00000000000000000  24.51725006103515625  -77.29904174804687500
3900    -15.00000000000000000  24.51725006103515625  -67.67990112304687500
3901    -15.00000000000000000  25.72975921630859375  -53.11658096313476563
3902    -15.00000000000000000  24.51725006103515625  -48.78342056274414063
3903    -11.53238964080810547  7.97532415390014648  62.82619857788085938
3904    -8.89091587066650391  7.97532415390014648  62.39276885986328125
3905    -5.08487796783447266  7.97532415390014648  62.50294876098632813
3906    -2.72093701362609863  7.97532415390014648  60.23664093017578125
3907    -11.09776020050048828  7.97532415390014648  47.75368881225585938
3908    -12.03217029571533203  7.97532415390014648  45.03660964965820313
3909    -13.63700008392333984  7.97532415390014648  41.39381027221679688
3910    -11.14727973937988281  7.97532415390014648  28.66539001464843750
3911    -14.20516967773437500  7.97532415390014648  31.48958015441894531
3912    6.36208009719848633  24.51725006103515625  -40.89542007446289063
3913    10.51121044158935547  0.78242999315261841  7.29502201080322266
3914    9.81564044952392578  -0.02467600069940090  15.66174030303955078
3915    14.13694000244140625  -0.02467600069940090  27.90084075927734375
3916    13.45254039764404297  -0.02467600069940090  33.96080017089843750
3917    11.06641006469726563  -0.02467600069940090  28.17505073547363281
3918    6.35577821731567383  -0.02467600069940090  22.13073921203613281
3919    9.20086288452148438  -0.02467600069940090  52.66297149658203125
3920    -0.12678299844264984  -0.02467600069940090  25.35574913024902344
3921    -1.70448505878448486  -0.02467600069940090  22.89792060852050781
3922    -14.22416019439697266  -0.02467600069940090  26.22685050964355469
3923    -14.02264976501464844  -0.02467600069940090  27.90270042419433594
3924    -14.17420005798339844  -0.02467600069940090  31.08613967895507813
3925    -10.45602035522460938  -0.02467600069940090  34.91318130493164063
3926    7.98837518692016602  -0.02467600069940090  53.84873962402343750
3927    12.07036972045898438  -0.02467600069940090  59.92430877685546875
3928    -14.28322029113769531  -0.02467600069940090  40.84833908081054688
3929    -14.20172977447509766  -0.02467600069940090  46.89619064331054688
3930    -6.98239707946777344  -0.02467600069940090  53.84479141235351563
3931    -13.92848968505859375  -0.02467600069940090  53.06166839599609375
3932    -13.50008010864257813  -0.02467600069940090  59.65488815307617188
3933    15.00000000000000000  3.49668407440185547  45.01406860351562500
3934    15.00000000000000000  -0.02467600069940090  43.39165115356445313
3935    15.00000000000000000  -0.02467600069940090  35.76224899291992188
3936    15.00000000000000000  2.43307304382324219  13.07619953155517578
3937    15.00000000000000000  3.36378788948059082  2.41664695739746094
3938    15.00000000000000000  24.56015014648437500  -17.59358024597167969
3939    15.00000000000000000  27.13962936401367188  -37.38776016235351563
3940    15.00000000000000000  24.51725006103515625  -54.78927993774414063
3941    15.00000000000000000  31.27240943908691406  -41.36518096923828125
3942    15.00000000000000000  32.51725006103515625  -50.24826049804687500
3943    15.00000000000000000  32.51725006103515625  -52.15256118774414063
3944    15.00000000000000000  32.51725006103515625  -56.25411987304687500
3945    15.00000000000000000  32.51725006103515625  -62.91915893554687500
3946    15.00000000000000000  32.51725006103515625  -69.19357299804687500
3947    15.00000000000000000  32.51725006103515625  -71.83029174804687500
3948    15.00000000000000000  32.51725006103515625  -77.20139312744140625
3949    15.00000000000000000  31.19280052185058594  -81.00639343261718750
3950    5.22668313980102539  -0.02467600069940090  30.55800056457519531
3951    13.42866992950439453  32.51725006103515625  -74.98549652099609375
3952    12.72467994689941406  24.51725006103515625  -71.15569305419921875
3953    -13.03009986877441406  24.51725006103515625  -74.25074005126953125
3954    12.09774971008300781  -0.02467600069940090  22.77828979492187500
3955    7.00000000000000000  27.95192909240722656  -58.84780883789062500
3956    9.41750335693359375  32.51725006103515625  -52.43230819702148438
3957    7.00000000000000000  25.84594917297363281  -80.30053710937500000
3958    7.00000000000000000  27.07535934448242188  -79.24511718750000000
3959    13.02505970001220703  32.51725006103515625  -61.61489868164062500
3960    -11.65713977813720703  26.17635917663574219  -86.62521362304687500
3961    -8.50808238983154297  7.97532415390014648  32.06074142456054688
3962    -15.00000000000000000  31.16271972656250000  -51.85876083374023438
3963    -10.33347034454345703  12.24759960174560547  1.14191794395446777
3964    7.24688386917114258  1.91371405124664307  3.60201311111450195
3965    10.62586975097656250  -0.02467600069940090  23.76243972778320313
3966    14.02247047424316406  -0.02467600069940090  17.93763923645019531
3967    5.75523996353149414  -0.02467600069940090  58.68790054321289063
3968    -9.14828014373779297  -0.02467600069940090  58.72420120239257813
3969    15.00000000000000000  28.38125038146972656  -34.49081039428710938
3970    -8.45927238464355469  32.51725006103515625  -85.47078704833984375
3971    -15.00000000000000000  30.78553962707519531  -69.36607360839843750
3972    -6.25518512725830078  7.97532415390014648  48.73675918579101563
3973    -0.28040000796318054  11.40079021453857422  2.39110994338989258
3974    9.21036052703857422  24.51725006103515625  -85.72045898437500000
3975    -1.10494399070739746  -0.02467600069940090  41.56164932250976563
3976    -1.11534094810485840  -0.02467600069940090  46.70080184936523438
3977    15.00000000000000000  2.50914001464843750  38.67628097534179688
3978    15.00000000000000000  27.78432083129882813  -47.45590972900390625
3979    15.00000000000000000  29.00194931030273438  -83.24178314208984375
3980    7.83926200866699219  32.51725006103515625  -64.95857238769531250
3981    -13.26124000549316406  5.36957788467407227  64.14360046386718750
3982    -13.97134017944335938  7.97532415390014648  63.31092071533203125
3983    -13.47245979309082031  7.97532415390014648  56.66608047485351563
3984    -3.39022111892700195  7.97532415390014648  62.99584960937500000
3985    -3.05176091194152832  7.97532415390014648  61.48497009277343750
3986    -13.93006992340087891  7.97532415390014648  42.54732131958007813
3987    -7.73067998886108398  26.92543029785156250  -16.82069969177246094
3988    11.10851955413818359  24.51725006103515625  -83.94323730468750000
3989    -9.41768264770507813  24.51725006103515625  -84.97370910644531250
3990    1.31133103370666504  21.06456947326660156  -22.70088958740234375
3991    -5.48216915130615234  4.35905694961547852  -1.44294500350952148
3992    1.18461298942565918  1.37272095680236816  5.17417192459106445
3993    12.44624042510986328  -0.02467600069940090  16.14345932006835938
3994    13.82606983184814453  -0.02467600069940090  41.36032867431640625
3995    7.51144790649414063  -0.02467600069940090  47.66738891601562500
3996    0.27284300327301025  -0.02467600069940090  24.47649002075195313
3997    7.98281097412109375  -0.02467600069940090  61.50136947631835938
3998    0.46396601200103760  -0.02467600069940090  61.56367111206054688
3999    -14.24726009368896484  -0.02467600069940090  49.73442077636718750
4000    15.00000000000000000  1.82941198348999023  62.92602920532226563
4001    15.00000000000000000  7.06010389328002930  36.20888900756835938
4002    15.00000000000000000  4.96077823638916016  38.07223129272460938
4003    15.00000000000000000  3.88164591789245605  43.34252166748046875
4004    15.00000000000000000  -0.02467600069940090  60.43265914916992188
4005    15.00000000000000000  3.18833899497985840  23.94128036499023438
4006    15.00000000000000000  28.59427070617675781  -58.33842086791992188
4007    15.00000000000000000  26.84453010559082031  -84.35745239257812500
4008    15.00000000000000000  25.55546951293945313  -83.93713378906250000
4009    -7.54069709777832031  7.97532415390014648  37.21895980834960938
4010    -11.88663959503173828  24.51725006103515625  -61.21871185302734375
4011    5.57448005676269531  -0.02467600069940090  32.28738021850585938
4012    -15.00000000000000000  4.18658781051635742  55.63357925415039063
4013    -9.66283226013183594  7.97532415390014648  58.28097915649414063
4014    -10.55667018890380859  7.97532415390014648  57.19527816772460938
4015    -12.77260971069335938  24.51725006103515625  -82.15277099609375000
4016    -8.50585746765136719  24.51725006103515625  -81.36293029785156250
4017    11.87693023681640625  -0.02467600069940090  21.07909011840820313
4018    13.16792964935302734  -0.02467600069940090  20.69354057312011719
4019    -10.33582973480224609  -0.02467600069940090  28.80208015441894531
4020    -10.33397006988525391  -0.02467600069940090  53.99914932250976563
4021    15.00000000000000000  5.22282981872558594  44.21426010131835938
4022    8.94471931457519531  32.51725006103515625  -59.00400161743164063
4023    -15.00000000000000000  4.06703996658325195  38.18791961669921875
4024    -15.00000000000000000  25.79416084289550781  -56.99591827392578125
4025    -0.40902599692344666  6.61142778396606445  64.14360046386718750
4026    -2.36627292633056641  7.97532415390014648  49.66891860961914063
4027    -5.97533798217773438  7.97532415390014648  49.82160949707031250
4028    -5.74471998214721680  7.97532415390014648  43.30720138549804688
4029    -9.24980735778808594  7.97532415390014648  41.66764068603515625
4030    -9.07592678070068359  7.97532415390014648  43.54095077514648438
4031    -12.63306999206542969  24.51725006103515625  -63.59817886352539063
4032    -3.00389599800109863  20.81068038940429688  -22.22410011291503906
4033    -2.17674708366394043  3.20800209045410156  0.62344801425933838
4034    -2.82432103157043457  -0.02467600069940090  41.91781997680664063
4035    -7.65748119354248047  -0.02467600069940090  45.13394165039062500
4036    -9.27846145629882813  -0.02467600069940090  43.06369018554687500
4037    -10.46850013732910156  -0.02467600069940090  41.18777847290039063
4038    15.00000000000000000  3.46920800209045410  35.14768981933593750
4039    15.00000000000000000  26.14747047424316406  -55.87382888793945313
4040    15.00000000000000000  29.62638092041015625  -65.80393981933593750
4041    14.19225025177001953  32.51725006103515625  -39.43188095092773438
4042    -15.00000000000000000  2.74465894699096680  43.82426834106445313
4043    -15.00000000000000000  6.15628576278686523  14.98661994934082031
4044    -15.00000000000000000  2.76664400100708008  58.52915954589843750
4045    -15.00000000000000000  4.17598295211791992  46.07601165771484375
4046    -15.00000000000000000  6.74282598495483398  23.52422904968261719
4047    -15.00000000000000000  6.35030698776245117  22.47403907775878906
4048    -15.00000000000000000  29.23848915100097656  -42.52914810180664063
4049    -15.00000000000000000  25.53116035461425781  -78.73996734619140625
4050    -15.00000000000000000  24.51725006103515625  -42.38692855834960938
4051    -11.92977046966552734  7.97532415390014648  59.81745910644531250
4052    -12.40491008758544922  7.97532415390014648  58.34711074829101563
4053    -12.53866004943847656  7.97532415390014648  48.27061080932617188
4054    -11.76317977905273438  7.97532415390014648  46.55973815917968750
4055    -13.46889972686767578  7.97532415390014648  45.47674179077148438
4056    -13.57306003570556641  7.97532415390014648  32.62723922729492188
4057    -12.60645961761474609  7.97532415390014648  17.83617973327636719
4058    -1.74726998805999756  8.42487716674804688  9.80747604370117188
4059    -1.21200394630432129  8.87956142425537109  7.95398902893066406
4060    -9.77700042724609375  26.09767913818359375  -15.52554988861083984
4061    12.96234035491943359  26.52185058593750000  -16.14579963684082031
4062    3.26931405067443848  26.97081947326660156  -16.89756965637207031
4063    3.54305410385131836  28.35098075866699219  -19.37474060058593750
4064    3.82468605041503906  29.48464965820312500  -21.80654907226562500
4065    3.67122006416320801  30.45663070678710938  -24.35103034973144531
4066    -13.78785991668701172  30.89539909362792969  -25.67845916748046875
4067    13.15485000610351563  30.90616989135742188  -25.70772933959960938
4068    -13.86250972747802734  31.35061073303222656  -27.37903022766113281
4069    -12.11126995086669922  31.83192062377929688  -29.56003952026367188
4070    11.02254962921142578  24.51725006103515625  -61.59334945678710938
4071    -12.46605968475341797  24.51725006103515625  -46.50653076171875000
4072    -13.34307003021240234  24.51725006103515625  -70.44019317626953125
4073    -7.00000000000000000  24.51725006103515625  -83.80581665039062500
4074    5.32167100906372070  24.51361083984375000  -36.60789871215820313
4075    -13.39752006530761719  21.73564910888671875  -24.06498908996582031
4076    9.68635368347167969  -0.02467600069940090  20.69952011108398438
4077    13.30405044555664063  -0.02467600069940090  31.38707923889160156
4078    5.63820600509643555  -0.02467600069940090  20.04657936096191406
4079    12.11513042449951172  -0.02467600069940090  52.11452102661132813
4080    7.36524391174316406  -0.02467600069940090  45.18529891967773438
4081    5.69142389297485352  -0.02467600069940090  43.26760864257812500
4082    -1.22870600223541260  -0.02467600069940090  32.33129882812500000
4083    -13.81606960296630859  -0.02467600069940090  22.16793060302734375
4084    -6.66675710678100586  -0.02467600069940090  34.40805816650390625
4085    -12.54757976531982422  -0.02467600069940090  33.48434066772460938
4086    -13.95930957794189453  -0.02467600069940090  34.36521911621093750
4087    -14.04878997802734375  -0.02467600069940090  32.80611038208007813
4088    0.66540998220443726  -0.02467600069940090  46.82287979125976563
4089    8.43425846099853516  -0.02467600069940090  59.46152877807617188
4090    0.76986402273178101  -0.02467600069940090  59.38761901855468750
4091    -6.63098192214965820  -0.02467600069940090  59.38372039794921875
4092    15.00000000000000000  6.53506183624267578  52.87854003906250000
4093    15.00000000000000000  7.07147884368896484  29.49867057800292969
4094    15.00000000000000000  4.09109210968017578  20.13405036926269531
4095    15.00000000000000000  -0.02467600069940090  18.78227043151855469
4096    15.00000000000000000  25.64102935791015625  -42.01604080200195313
4097    15.00000000000000000  29.11397933959960938  -61.36943054199218750
4098    15.00000000000000000  28.66354942321777344  -55.05804824829101563
4099    15.00000000000000000  27.53236961364746094  -72.07569885253906250
4100    -7.00000000000000000  29.42052078247070313  -80.36808776855468750
4101    -15.00000000000000000  26.04884910583496094  -54.37250137329101563
4102    -3.89587593078613281  6.57347297668457031  64.14360046386718750
4103    -5.97972393035888672  7.97532415390014648  37.78303909301757813
4104    -5.80006885528564453  7.97532415390014648  31.34989929199218750
4105    -9.14407920837402344  7.97532415390014648  31.09472084045410156
4106    -8.52356338500976563  7.97532415390014648  38.74406814575195313
4107    -9.42081546783447266  7.97532415390014648  37.08609008789062500
4108    -10.58358001708984375  7.97532415390014648  35.95212173461914063
4109    -14.08580970764160156  7.97532415390014648  38.82604980468750000
4110    -12.89465045928955078  24.51725006103515625  -62.43508911132812500
4111    6.35690021514892578  0.13724499940872192  11.20654010772705078
4112    -1.84600901603698730  -0.02467600069940090  51.16976928710937500
4113    -3.10205292701721191  -0.02467600069940090  50.28274917602539063
4114    -5.19219493865966797  -0.02467600069940090  43.07324981689453125
4115    15.00000000000000000  2.58382105827331543  36.76819992065429688
4116    15.00000000000000000  2.69216895103454590  32.73326110839843750
4117    15.00000000000000000  26.94128036499023438  -50.20701980590820313
4118    7.00000000000000000  30.26601028442382813  -78.90471649169921875
4119    -7.00000000000000000  31.38166999816894531  -59.04455947875976563
4120    -4.95285415649414063  27.94474983215332031  -48.20045089721679688
4121    9.07377338409423828  32.51725006103515625  -68.88652801513671875
4122    -15.00000000000000000  2.40191197395324707  51.21437835693359375
4123    -15.00000000000000000  1.65249097347259521  23.11743927001953125
4124    -15.00000000000000000  5.58949422836303711  30.58687973022460938
4125    -15.00000000000000000  25.88125038146972656  -75.74754333496093750
4126    -15.00000000000000000  30.21088027954101563  -47.98651885986328125
4127    -15.00000000000000000  25.42009925842285156  -48.01676940917968750
4128    -3.25032997131347656  2.08565306663513184  64.14360046386718750
4129    -11.40538024902343750  7.97532415390014648  52.14271926879882813
4130    -10.84253025054931641  7.97532415390014648  27.12055015563964844
4131    -13.38436031341552734  7.97532415390014648  25.60932922363281250
4132    5.68426179885864258  7.97532415390014648  15.64756011962890625
4133    -8.34166240692138672  8.70067596435546875  8.60951328277587891
4134    13.67889022827148438  11.85501956939697266  1.69443905353546143
4135    -11.52663040161132813  26.52354049682617188  -16.15085983276367188
4136    13.48847007751464844  27.95368957519531250  -18.58805084228515625
4137    -6.44425916671752930  31.97933006286621094  -30.38050079345703125
4138    8.59405612945556641  32.15906906127929688  -31.49024009704589844
4139    -7.00000000000000000  24.51725006103515625  -80.31221008300781250
4140    13.31879997253417969  23.90555953979492188  -30.71578979492187500
4141    -8.55696105957031250  23.50633049011230469  -28.97941017150878906
4142    12.37310028076171875  23.31329917907714844  -28.29416084289550781
4143    -8.47905254364013672  21.96982002258300781  -24.57625961303710938
4144    -8.68831634521484375  20.89837074279785156  -22.38154983520507813
4145    12.36958026885986328  20.30678939819335938  -21.33085060119628906
4146    12.32884025573730469  2.68435001373291016  1.73973405361175537
4147    12.04189968109130859  2.00043201446533203  3.36789894104003906
4148    -7.71283912658691406  1.23865497112274170  5.60492801666259766
4149    -13.94104003906250000  0.01872899942100048  13.04549026489257813
4150    13.70960044860839844  -0.02467600069940090  24.73608970642089844
4151    11.25701045989990234  -0.02467600069940090  26.80879020690917969
4152    13.32003974914550781  -0.02467600069940090  19.33711051940917969
4153    11.83623981475830078  -0.02467600069940090  50.43492126464843750
4154    9.99787998199462891  -0.02467600069940090  44.38314056396484375
4155    10.12512016296386719  -0.02467600069940090  43.15916824340820313
4156    8.18656826019287109  -0.02467600069940090  39.98223114013671875
4157    -1.35814094543457031  -0.02467600069940090  25.73609924316406250
4158    -4.70390319824218750  -0.02467600069940090  26.88624000549316406
4159    -6.32659482955932617  -0.02467600069940090  20.84679031372070313
4160    -11.85898971557617188  -0.02467600069940090  31.02804946899414063
4161    3.43662691116333008  -0.02467600069940090  57.00975036621093750
4162    0.85904097557067871  -0.02467600069940090  53.23955154418945313
4163    -11.55751037597656250  -0.02467600069940090  56.94253921508789063
4164    15.00000000000000000  6.47047376632690430  48.08110809326171875
4165    15.00000000000000000  5.73120784759521484  40.98936080932617188
4166    15.00000000000000000  4.67315101623535156  24.52335929870605469
4167    15.00000000000000000  5.20671987533569336  19.83156967163085938
4168    15.00000000000000000  30.77993965148925781  -76.46130371093750000
4169    15.00000000000000000  31.15066909790039063  -75.15746307373046875
4170    -15.00000000000000000  2.89682102203369141  31.96895027160644531
4171    -15.00000000000000000  7.97532415390014648  46.29692077636718750
4172    -15.00000000000000000  7.97532415390014648  39.33890914916992188
4173    -15.00000000000000000  28.78944015502929688  -72.53900146484375000
4174    -15.00000000000000000  26.97208023071289063  -48.28815078735351563
4175    4.79947614669799805  2.78708100318908691  64.14360046386718750
4176    -2.32934689521789551  7.97532415390014648  46.14260864257812500
4177    -2.23415994644165039  7.97532415390014648  55.55619812011718750
4178    -2.36997890472412109  7.97532415390014648  53.19284057617187500
4179    -3.12518000602722168  7.97532415390014648  51.33069992065429688
4180    -2.39290094375610352  7.97532415390014648  35.74433898925781250
4181    -4.46136283874511719  7.97532415390014648  31.99275970458984375
4182    -5.69050312042236328  7.97532415390014648  28.00561904907226563
4183    -8.53700923919677734  7.97532415390014648  48.61117172241210938
4184    -3.78024411201477051  7.97532415390014648  40.50444030761718750
4185    -6.76926994323730469  7.97532415390014648  42.21044158935546875
4186    -13.31624984741210938  8.53012466430664063  9.33225154876708984
4187    -15.00000000000000000  24.51725006103515625  -61.72286987304687500
4188    -12.99075031280517578  23.45767021179199219  -28.80281066894531250
4189    -13.36538028717041016  22.80462074279785156  -26.69014930725097656
4190    -13.63502979278564453  21.03367996215820313  -22.62233924865722656
4191    -0.83205997943878174  19.81834983825683594  -20.53418922424316406
4192    -9.69600677490234375  18.49148941040039063  -18.61919021606445313
4193    1.08618998527526855  5.49732112884521484  -3.16144299507141113
4194    -0.63619101047515869  3.44010591506958008  0.19550700485706329
4195    -10.73717021942138672  2.23800897598266602  2.74719190597534180
4196    -11.84918022155761719  0.56297302246093750  8.35407066345214844
4197    12.03458976745605469  -0.02467600069940090  37.90774154663085938
4198    12.08310031890869141  -0.02467600069940090  34.53208923339843750
4199    6.77438592910766602  -0.02467600069940090  38.03947067260742188
4200    6.54530191421508789  -0.02467600069940090  36.40066909790039063
4201    4.91588401794433594  -0.02467600069940090  35.38425064086914063
4202    1.64783298969268799  -0.02467600069940090  39.05952835083007813
4203    2.40419697761535645  -0.02467600069940090  32.28118133544921875
4204    1.58734500408172607  -0.02467600069940090  30.66461944580078125
4205    0.55592697858810425  -0.02467600069940090  29.62512016296386719
4206    -4.08553123474121094  -0.02467600069940090  56.97703170776367188
4207    -6.83982181549072266  -0.02467600069940090  52.19161987304687500
4208    -8.09707927703857422  -0.02467600069940090  49.91035079956054688
4209    -10.22402954101562500  -0.02467600069940090  46.83678817749023438
4210    -11.55570983886718750  -0.02467600069940090  44.29822921752929688
4211    15.00000000000000000  5.50289201736450195  48.79470062255859375
4212    15.00000000000000000  30.61050033569335938  -70.81712341308593750
4213    7.00000000000000000  29.31402015686035156  -72.60027313232421875
4214    7.00000000000000000  30.19392013549804688  -56.86745834350585938
4215    -7.00000000000000000  27.72328948974609375  -82.53260040283203125
4216    7.00000000000000000  32.51725006103515625  -80.98639678955078125
4217    7.00000000000000000  32.51725006103515625  -77.18634033203125000
4218    15.00000000000000000  32.51725006103515625  -80.52169799804687500
4219    15.00000000000000000  32.51725006103515625  -78.61740112304687500
4220    14.00261974334716797  32.51725006103515625  -60.02125930786132813
4221    12.51445007324218750  32.51725006103515625  -56.57601165771484375
4222    -11.54345035552978516  32.51725006103515625  -47.96319961547851563
4223    -15.00000000000000000  -0.02467600069940090  60.92094039916992188
4224    -15.00000000000000000  -0.02467600069940090  42.07329177856445313
4225    -15.00000000000000000  -0.02467600069940090  39.33890914916992188
4226    -15.00000000000000000  -0.02467600069940090  33.23540115356445313
4227    -15.00000000000000000  -0.02467600069940090  30.64751052856445313
4228    -15.00000000000000000  -0.02467600069940090  27.32719039916992188
4229    -15.00000000000000000  6.92854785919189453  59.83940124511718750
4230    -15.00000000000000000  6.02089023590087891  53.85615158081054688
4231    -15.00000000000000000  5.38843679428100586  50.81190872192382813
4232    -15.00000000000000000  4.61658000946044922  48.54108047485351563
4233    -15.00000000000000000  6.88700008392333984  33.66439056396484375
4234    -15.00000000000000000  7.97532415390014648  20.49126052856445313
4235    -15.00000000000000000  7.97532415390014648  15.80375957489013672
4236    -15.00000000000000000  29.87001037597656250  -82.22466278076171875
4237    -15.00000000000000000  32.51725006103515625  -70.60958862304687500
4238    -15.00000000000000000  31.30373001098632813  -74.29592895507812500
4239    -15.00000000000000000  28.12187004089355469  -82.86898040771484375
4240    -15.00000000000000000  27.15806007385253906  -76.67662048339843750
4241    -15.00000000000000000  27.02853965759277344  -72.31841278076171875
4242    -15.00000000000000000  29.61327934265136719  -61.53678894042968750
4243    -15.00000000000000000  31.52249908447265625  -48.33221054077148438
4244    -15.00000000000000000  28.65027046203613281  -48.80395126342773438
4245    -15.00000000000000000  26.20445060729980469  -47.18078994750976563
4246    -15.00000000000000000  27.12406921386718750  -44.38082885742187500
4247    -15.00000000000000000  25.75610923767089844  -49.75513076782226563
4248    -15.00000000000000000  24.51725006103515625  -56.59592056274414063
4249    -15.00000000000000000  24.51725006103515625  -40.62911987304687500
4250    12.61520004272460938  7.97532415390014648  62.39025878906250000
4251    -7.54808521270751953  7.97532415390014648  63.17588043212890625
4252    -3.89885997772216797  7.97532415390014648  57.75270080566406250
4253    -0.55848497152328491  7.97532415390014648  62.03736114501953125
4254    -0.62307298183441162  7.97532415390014648  49.07339096069335938
4255    -1.14617300033569336  7.97532415390014648  42.83121109008789063
4256    -6.24380397796630859  7.97532415390014648  26.70730972290039063
4257    -13.68885040283203125  7.97532415390014648  24.20256042480468750
4258    -13.61583995819091797  7.97532415390014648  19.67503929138183594
4259    1.45776498317718506  12.79230976104736328  0.43923899531364441
4260    -11.98256969451904297  23.22462081909179688  -11.73118972778320313
4261    -6.25557994842529297  28.04166984558105469  -18.75477027893066406
4262    -6.26304006576538086  29.05125045776367188  -20.78788948059082031
4263    -9.68461990356445313  29.53883934020996094  -21.93798065185546875
4264    5.91162014007568359  32.12688827514648438  -31.24790000915527344
4265    -11.24287033081054688  24.51725006103515625  -46.14456939697265625
4266    -10.47439956665039063  24.51725006103515625  -53.07606887817382813
4267    -10.74825954437255859  24.51725006103515625  -49.53868103027343750
4268    -12.36653995513916016  24.51725006103515625  -57.37522888183593750
4269    -12.51360034942626953  24.51725006103515625  -59.79465866088867188
4270    -13.50765037536621094  24.51725006103515625  -61.03575897216796875
4271    -13.24433994293212891  24.51725006103515625  -72.80127716064453125
4272    -4.15529298782348633  24.11138916015625000  -31.77951049804687500
4273    -2.89915108680725098  5.30197906494140625  -2.88403010368347168
4274    11.33720016479492188  -0.02467600069940090  18.01461982727050781
4275    6.42747497558593750  -0.02467600069940090  23.57628059387207031
4276    4.55188703536987305  -0.02467600069940090  19.02870941162109375
4277    10.92500972747802734  -0.02467600069940090  56.94763183593750000
4278    6.75495910644531250  -0.02467600069940090  49.82920837402343750
4279    5.30333089828491211  -0.02467600069940090  46.64255905151367188
4280    3.41840291023254395  -0.02467600069940090  44.45613861083984375
4281    -12.66265964508056641  -0.02467600069940090  20.13732910156250000
4282    13.01354026794433594  -0.02467600069940090  63.50907897949218750
4283    15.00000000000000000  7.33817195892333984  59.42864990234375000
4284    15.00000000000000000  7.15002202987670898  46.99814987182617188
4285    15.00000000000000000  6.57461595535278320  38.60404968261718750
4286    15.00000000000000000  5.48123598098754883  39.40987014770507813
4287    15.00000000000000000  7.16147708892822266  25.20454978942871094
4288    15.00000000000000000  7.05392408370971680  17.43271064758300781
4289    15.00000000000000000  4.20118808746337891  26.21871948242187500
4290    15.00000000000000000  4.29430818557739258  40.44435882568359375
4291    15.00000000000000000  -0.02467600069940090  28.25493049621582031
4292    15.00000000000000000  0.78614199161529541  15.70199012756347656
4293    15.00000000000000000  -0.02467600069940090  22.66411018371582031
4294    15.00000000000000000  25.39315032958984375  -40.94591140747070313
4295    15.00000000000000000  24.51725006103515625  -51.02951049804687500
4296    15.00000000000000000  25.35301017761230469  -49.88708877563476563
4297    15.00000000000000000  24.51725006103515625  -56.35177993774414063
4298    15.00000000000000000  24.51725006103515625  -59.33029174804687500
4299    15.00000000000000000  27.47794914245605469  -44.26472091674804688
4300    15.00000000000000000  30.95734024047851563  -73.68367767333984375
4301    15.00000000000000000  32.51725006103515625  -73.44161987304687500
4302    15.00000000000000000  29.89776992797851563  -78.49968719482421875
4303    15.00000000000000000  29.34638977050781250  -80.91294860839843750
4304    4.11421394348144531  -0.02467600069940090  55.43843078613281250
4305    -10.89418983459472656  -0.02467600069940090  55.43814086914062500
4306    -7.48877000808715820  7.97532415390014648  43.83121871948242188
4307    -3.38300991058349609  -0.02467600069940090  55.45000076293945313
4308    -15.00000000000000000  4.04549598693847656  47.56518936157226563
4309    -5.20453882217407227  7.97532415390014648  20.41702079772949219
4310    8.72808456420898438  12.54249954223632813  0.75693100690841675
4311    10.10058975219726563  -0.02467600069940090  18.22709083557128906
4312    11.60391998291015625  -0.02467600069940090  55.40312957763671875
4313    4.20059776306152344  -0.02467600069940090  43.03173828125000000
4314    15.00000000000000000  6.02008295059204102  34.51567077636718750
4315    -8.77493476867675781  7.97532415390014648  53.69729995727539063
4316    -5.89261388778686523  -0.02467600069940090  17.82152938842773438
4317    -11.57826995849609375  -0.02467600069940090  27.98451995849609375
4318    -11.59136962890625000  -0.02467600069940090  53.00891113281250000
4319    15.00000000000000000  4.11866188049316406  54.22673034667968750
4320    -1.54914796352386475  7.97532415390014648  44.50645065307617188
4321    -3.23875498771667480  7.97532415390014648  32.64564895629882813
4322    -2.61571002006530762  7.97532415390014648  21.62652015686035156
4323    -11.09465026855468750  7.97532415390014648  41.76760864257812500
4324    -0.62627899646759033  25.88577079772949219  -15.21875000000000000
4325    -0.77795201539993286  27.20871925354003906  -17.30052947998046875
4326    -1.28825795650482178  28.34480094909667969  -19.36234092712402344
4327    -0.92390602827072144  29.56395912170410156  -21.99885940551757813
4328    -0.81598800420761108  30.54914093017578125  -24.63017082214355469
4329    -7.50946521759033203  19.23493003845214844  -19.66345024108886719
4330    -0.79981201887130737  -0.02467600069940090  40.26464843750000000
4331    -11.71918010711669922  -0.02467600069940090  40.41471862792968750
4332    11.66337966918945313  32.51725006103515625  -52.57878875732421875
4333    -15.00000000000000000  28.81605911254882813  -39.19116973876953125
4334    13.44664001464843750  7.97532415390014648  61.12081909179687500
4335    -13.05488967895507813  7.97532415390014648  62.31060028076171875
4336    -14.29559993743896484  7.97532415390014648  55.23194885253906250
4337    -6.47010898590087891  7.97532415390014648  62.26050949096679688
4338    -6.44013977050781250  7.97532415390014648  55.49546051025390625
4339    -9.85366725921630859  7.97532415390014648  29.74455070495605469
4340    -6.66134500503540039  31.07958984375000000  -26.31609916687011719
4341    -6.46167182922363281  31.68289947509765625  -28.73790931701660156
4342    -0.88867801427841187  -0.02467600069940090  28.88677978515625000
4343    -13.56161975860595703  -0.02467600069940090  24.65970039367675781
4344    -13.56424045562744141  -0.02467600069940090  37.17205047607421875
4345    -15.00000000000000000  6.50506019592285156  47.05189132690429688
4346    -9.53920269012451172  7.97532415390014648  34.56962966918945313
4347    -5.82167816162109375  -0.02467600069940090  47.07548904418945313
4348    -15.00000000000000000  4.46163320541381836  20.34660911560058594
4349    -15.00000000000000000  3.97035193443298340  57.06132125854492188
4350    -15.00000000000000000  30.80628967285156250  -53.67885971069335938
4351    -9.12876033782958984  7.97532415390014648  56.58694839477539063
4352    12.34224987030029297  -0.02467600069940090  24.24559974670410156
4353    9.17148685455322266  -0.02467600069940090  47.05165863037109375
4354    6.65081977844238281  -0.02467600069940090  56.25334930419921875
4355    -8.35089778900146484  -0.02467600069940090  56.25716018676757813
4356    7.00000000000000000  29.33087921142578125  -59.82294845581054688
4357    -15.00000000000000000  7.10576820373535156  43.40410995483398438
4358    -4.46067905426025391  7.97532415390014648  47.88996124267578125
4359    -4.12019300460815430  7.97532415390014648  24.33370971679687500
4360    -7.80007600784301758  7.97532415390014648  41.44226074218750000
4361    -0.72837197780609131  -0.02467600069940090  44.20909118652343750
4362    -8.02365779876708984  -0.02467600069940090  43.93450164794921875
4363    15.00000000000000000  2.65650200843811035  34.38853836059570313
4364    15.00000000000000000  26.43955993652343750  -56.98590087890625000
4365    -4.20580577850341797  7.97532415390014648  61.85472869873046875
4366    -11.13852977752685547  7.97532415390014648  49.34807968139648438
4367    -12.49993991851806641  10.69291973114013672  3.59392499923706055
4368    11.27674961090087891  24.30452919006347656  -13.06777954101562500
4369    11.23202037811279297  27.56018066406250000  -17.89580917358398438
4370    11.28985977172851563  28.82032966613769531  -20.31678962707519531
4371    11.35785961151123047  29.91330909729003906  -22.84612083435058594
4372    -7.00000000000000000  24.51725006103515625  -75.40888977050781250
4373    -12.94769001007080078  20.30356025695800781  -21.32583999633789063
4374    6.81090593338012695  -0.02467600069940090  44.04545974731445313
4375    2.94241809844970703  -0.02467600069940090  61.54499816894531250
4376    -4.57648515701293945  -0.02467600069940090  61.53789901733398438
4377    -12.26484012603759766  -0.02467600069940090  61.29570007324218750
4378    15.00000000000000000  25.55855941772460938  -37.84632110595703125
4379    15.00000000000000000  29.85780906677246094  -82.34783935546875000
4380    -5.07658910751342773  7.97532415390014648  36.57667922973632813
4381    -5.76839876174926758  7.97532415390014648  33.04467010498046875
4382    -9.71824264526367188  7.97532415390014648  32.79547119140625000
4383    -9.92856025695800781  7.97532415390014648  38.90703964233398438
4384    -12.76340961456298828  7.97532415390014648  38.00268173217773438
4385    6.03265380859375000  -0.02467600069940090  34.00085067749023438
4386    -0.20252999663352966  -0.02467600069940090  50.60200881958007813
4387    15.00000000000000000  1.31106996536254883  29.04330062866210938
4388    15.00000000000000000  2.71380209922790527  27.03573989868164063
4389    -7.00000000000000000  25.34201049804687500  -79.83289337158203125
4390    -7.00000000000000000  29.50184059143066406  -63.14072036743164063
4391    -15.00000000000000000  3.30997896194458008  61.79531860351562500
4392    -15.00000000000000000  2.71628093719482422  55.80281066894531250
4393    -8.30899429321289063  7.97532415390014648  57.78625869750976563
4394    -7.87281417846679688  7.97532415390014648  26.58702087402343750
4395    -7.89224004745483398  7.97532415390014648  24.26925086975097656
4396    -8.33187484741210938  7.97532415390014648  20.56170082092285156
4397    -13.32709980010986328  10.04185009002685547  4.85781002044677734
4398    13.49645996093750000  10.57540988922119141  3.81464910507202148
4399    -12.57516002655029297  2.45163607597351074  2.24760007858276367
4400    13.60686969757080078  -0.02467600069940090  50.98006057739257813
4401    15.00000000000000000  2.62140703201293945  61.32749938964843750
4402    15.00000000000000000  4.08122682571411133  41.60663986206054688
4403    15.00000000000000000  29.15703964233398438  -48.66263961791992188
4404    15.00000000000000000  28.03130912780761719  -74.59145355224609375
4405    15.00000000000000000  31.73204040527343750  -76.35729980468750000
4406    -15.00000000000000000  3.64129400253295898  33.37405014038085938
4407    -15.00000000000000000  7.97532415390014648  50.71586990356445313
4408    -15.00000000000000000  7.97532415390014648  44.56351852416992188
4409    -15.00000000000000000  5.28566312789916992  47.22306060791015625
4410    -15.00000000000000000  5.15131807327270508  45.48442840576171875
4411    -15.00000000000000000  28.07261085510253906  -52.81560134887695313
4412    0.60012602806091309  7.97532415390014648  54.58090972900390625
4413    -0.43815898895263672  7.97532415390014648  55.48519134521484375
4414    -1.48717999458312988  7.97532415390014648  54.24259185791015625
4415    -1.97144496440887451  7.97532415390014648  58.89265823364257813
4416    -1.58342695236206055  7.97532415390014648  47.16949081420898438
4417    -2.61175203323364258  7.97532415390014648  41.70174026489257813
4418    -3.62068200111389160  7.97532415390014648  54.92327117919921875
4419    -1.58826994895935059  7.97532415390014648  30.04310035705566406
4420    -3.04714798927307129  7.97532415390014648  30.79162025451660156
4421    -2.61017990112304688  7.97532415390014648  24.90543937683105469
4422    -2.14234590530395508  7.97532415390014648  19.69728088378906250
4423    -3.08826899528503418  7.97532415390014648  23.09938049316406250
4424    -3.11593103408813477  7.97532415390014648  27.98498916625976563
4425    -5.88672304153442383  7.97532415390014648  46.87942886352539063
4426    -2.75371789932250977  7.97532415390014648  40.35168838500976563
4427    -11.26943969726562500  7.97532415390014648  44.02124023437500000
4428    -10.55018043518066406  7.97532415390014648  42.71395111083984375
4429    -10.39920997619628906  7.97532415390014648  40.31679916381835938
4430    -13.58907985687255859  7.97532415390014648  40.06792068481445313
4431    -11.66038036346435547  8.98925304412841797  7.61126184463500977
4432    -6.87249803543090820  9.72464847564697266  5.60231781005859375
4433    -2.98787689208984375  28.47761917114257813  -19.62895011901855469
4434    -2.64881205558776855  29.49267005920410156  -21.82599067687988281
4435    -2.85485601425170898  30.34857940673828125  -24.02516937255859375
4436    13.77651977539062500  24.51725006103515625  -61.04592895507812500
4437    -10.23731994628906250  24.51725006103515625  -76.33627319335937500
4438    -11.26103973388671875  5.47124195098876953  -3.13481998443603516
4439    -11.44017982482910156  1.24164497852325439  5.59277296066284180
4440    8.48162555694580078  -0.02467600069940090  38.84466934204101563
4441    8.28248691558837891  -0.02467600069940090  31.89855003356933594
4442    9.32334518432617188  -0.02467600069940090  29.01102066040039063
4443    5.04926919937133789  -0.02467600069940090  38.51105880737304688
4444    3.21586394309997559  -0.02467600069940090  26.52639961242675781
4445    1.74263703823089600  -0.02467600069940090  21.61404037475585938
4446    -4.43211698532104492  -0.02467600069940090  42.27093124389648438
4447    -8.25365257263183594  -0.02467600069940090  42.38185119628906250
4448    -8.88676929473876953  -0.02467600069940090  46.00896835327148438
4449    15.00000000000000000  5.88081693649291992  59.38993835449218750
4450    15.00000000000000000  29.99410057067871094  -67.29414367675781250
4451    15.00000000000000000  31.25057983398437500  -63.67753982543945313
4452    7.00000000000000000  31.29704093933105469  -76.24346923828125000
4453    7.00000000000000000  28.98205947875976563  -61.37136077880859375
4454    -7.00000000000000000  27.71235084533691406  -71.82479858398437500
4455    8.09910011291503906  32.51725006103515625  -60.03567123413085938
4456    -15.00000000000000000  1.21539998054504395  46.01034927368164063
4457    -15.00000000000000000  -0.02467600069940090  38.04497146606445313
4458    -15.00000000000000000  2.10194396972656250  62.87874984741210938
4459    -15.00000000000000000  3.68324494361877441  63.08697891235351563
4460    -15.00000000000000000  2.95431399345397949  60.34360885620117188
4461    -15.00000000000000000  32.51725006103515625  -82.47482299804687500
4462    -15.00000000000000000  32.51725006103515625  -57.47481918334960938
4463    -15.00000000000000000  24.51725006103515625  -70.65841674804687500
4464    -15.00000000000000000  24.51725006103515625  -65.97091674804687500
4465    -15.00000000000000000  26.45273971557617188  -45.83007049560546875
4466    -15.00000000000000000  26.21776008605957031  -43.12617874145507813
4467    -14.24707984924316406  6.35064792633056641  64.14360046386718750
4468    -10.26099014282226563  7.97532415390014648  62.61359024047851563
4469    -4.89092206954956055  7.97532415390014648  57.21361160278320313
4470    -13.87656021118164063  7.97532415390014648  47.00885009765625000
4471    -14.29502010345458984  7.97532415390014648  44.38726043701171875
4472    -8.88652801513671875  7.97532415390014648  28.15961074829101563
4473    -14.24238967895507813  7.97532415390014648  28.19308090209960938
4474    -14.11847019195556641  7.97532415390014648  18.17387008666992188
4475    -10.93673038482666016  24.51725006103515625  -54.46689987182617188
4476    9.12958526611328125  -0.02467600069940090  23.60610961914062500
4477    -0.19263699650764465  -0.02467600069940090  31.12891960144042969
4478    -2.19035601615905762  -0.02467600069940090  28.14172935485839844
4479    -0.54235798120498657  -0.02467600069940090  37.18933105468750000
4480    -1.77294003963470459  -0.02467600069940090  33.96022033691406250
4481    -3.65925908088684082  -0.02467600069940090  28.06605911254882813
4482    -6.89330196380615234  -0.02467600069940090  22.31238937377929688
4483    -6.53630018234252930  -0.02467600069940090  35.38972854614257813
4484    1.36609494686126709  -0.02467600069940090  41.97063064575195313
4485    4.64792299270629883  -0.02467600069940090  47.73691177368164063
4486    13.20090961456298828  -0.02467600069940090  62.68246841430664063
4487    -10.29736042022705078  -0.02467600069940090  47.87136077880859375
4488    -6.53261709213256836  -0.02467600069940090  63.39690017700195313
4489    15.00000000000000000  3.22098803520202637  59.47835159301757813
4490    15.00000000000000000  1.31948900222778320  58.41918945312500000
4491    15.00000000000000000  3.50766205787658691  46.91617965698242188
4492    15.00000000000000000  3.92889189720153809  39.15219879150390625
4493    15.00000000000000000  1.65514802932739258  39.97988128662109375
4494    15.00000000000000000  1.08407795429229736  23.18629074096679688
4495    15.00000000000000000  24.51725006103515625  -42.58224105834960938
4496    15.00000000000000000  24.51725006103515625  -57.91427993774414063
4497    15.00000000000000000  24.51725006103515625  -60.89279174804687500
4498    15.00000000000000000  24.51725006103515625  -66.99630737304687500
4499    15.00000000000000000  24.51725006103515625  -73.14865112304687500
4500    15.00000000000000000  24.51725006103515625  -76.27365112304687500
4501    15.00000000000000000  28.57836914062500000  -63.38201141357421875
4502    15.00000000000000000  29.98624992370605469  -41.47367858886718750
4503    15.00000000000000000  30.50774955749511719  -40.21878051757812500
4504    15.00000000000000000  32.51725006103515625  -40.33615112304687500
4505    15.00000000000000000  32.51725006103515625  -46.24435043334960938
4506    15.00000000000000000  31.25119972229003906  -79.15244293212890625
4507    -9.16172599792480469  7.97532415390014648  35.74116897583007813
4508    13.09187984466552734  32.51725006103515625  -76.52162933349609375
4509    -15.00000000000000000  6.75328302383422852  30.02659034729003906
4510    -15.00000000000000000  25.26181030273437500  -45.95475006103515625
4511    -9.85141372680664063  24.51725006103515625  -55.54854965209960938
4512    15.00000000000000000  2.25275492668151855  55.42821884155273438
4513    15.00000000000000000  25.87096023559570313  -46.92295074462890625
4514    -15.00000000000000000  27.32752990722656250  -59.48268890380859375
4515    -2.01459503173828125  7.97532415390014648  48.40259933471679688
4516    -5.03722476959228516  7.97532415390014648  49.00770187377929688
4517    -4.45928478240966797  7.97532415390014648  50.50487899780273438
4518    -8.65058898925781250  7.97532415390014648  42.61400985717773438
4519    -9.33626079559326172  -0.02467600069940090  41.72901916503906250
4520    15.00000000000000000  28.73814010620117188  -47.04658126831054688
4521    -9.44081497192382813  32.51725006103515625  -58.52283859252929688
4522    -15.00000000000000000  0.95194697380065918  18.17657089233398438
4523    -15.00000000000000000  4.62871503829956055  35.67522048950195313
4524    -11.89844036102294922  7.97532415390014648  32.18228149414062500
4525    -6.15133905410766602  7.97532415390014648  22.09277915954589844
4526    -11.79148006439208984  7.97532415390014648  19.29914093017578125
4527    13.87969017028808594  24.51725006103515625  -50.14368820190429688
4528    -10.92162036895751953  1.71406197547912598  4.13823890686035156
4529    15.00000000000000000  29.24576950073242188  -69.95761871337890625
4530    15.00000000000000000  31.53800010681152344  -82.74661254882812500
4531    -15.00000000000000000  6.45859193801879883  48.60277938842773438
4532    -15.00000000000000000  30.27478981018066406  -71.30812072753906250
4533    -7.16331481933593750  7.97532415390014648  32.56940841674804688
4534    6.60146522521972656  -0.02467600069940090  35.21046066284179688
4535    6.88245820999145508  -0.02467600069940090  27.79331970214843750
4536    -5.56900119781494141  -0.02467600069940090  42.15221023559570313
4537    -15.00000000000000000  26.24645042419433594  -83.29479217529296875
4538    -6.29948997497558594  0.96951001882553101  64.14360046386718750
4539    -7.08981180191040039  7.97532415390014648  53.79673004150390625
4540    -13.58323001861572266  7.97532415390014648  54.07551956176757813
4541    -12.23705959320068359  7.97532415390014648  26.23014068603515625
4542    8.21194839477539063  31.11070060729980469  -26.43512916564941406
4543    -8.19090461730957031  24.51725006103515625  -79.87931060791015625
4544    -6.84072208404541016  24.19864082336425781  -32.42784881591796875
4545    6.71271705627441406  22.36594009399414063  -25.51861000061035156
4546    7.41478300094604492  21.25177955627441406  -23.05763053894042969
4547    8.20568084716796875  19.16984939575195313  -19.56691932678222656
4548    -11.36590003967285156  18.42300987243652344  -18.52574920654296875
4549    6.79902791976928711  4.61633205413818359  -1.85262596607208252
4550    7.29056119918823242  3.34605693817138672  0.37043899297714233
4551    7.11844396591186523  2.55468392372131348  2.02358102798461914
4552    7.29093313217163086  1.55912601947784424  4.58372020721435547
4553    6.42016792297363281  0.61204099655151367  8.10935783386230469
4554    12.43387985229492188  -0.02467600069940090  25.78832054138183594
4555    8.44421386718750000  -0.02467600069940090  41.36042022705078125
4556    15.00000000000000000  2.27639698982238770  53.79439926147460938
4557    15.00000000000000000  5.69304180145263672  42.71046066284179688
4558    15.00000000000000000  6.39732503890991211  24.08739089965820313
4559    15.00000000000000000  31.21450996398925781  -50.98406982421875000
4560    15.00000000000000000  26.84329986572265625  -75.34323883056640625
4561    7.00000000000000000  27.67016983032226563  -77.80568695068359375
4562    -8.16740417480468750  32.51725006103515625  -56.13422012329101563
4563    -15.00000000000000000  1.85130298137664795  25.74538993835449219
4564    -15.00000000000000000  1.10817897319793701  29.89864921569824219
4565    -15.00000000000000000  31.36293029785156250  -63.95064926147460938
4566    -2.71481108665466309  7.97532415390014648  43.19285964965820313
4567    -4.23264503479003906  7.97532415390014648  21.73588943481445313
4568    -4.54180002212524414  7.97532415390014648  28.46763038635253906
4569    -7.20762014389038086  7.97532415390014648  46.22999954223632813
4570    -4.46776676177978516  7.97532415390014648  42.35149002075195313
4571    7.23064613342285156  -0.02467600069940090  24.97567939758300781
4572    -1.14173603057861328  -0.02467600069940090  53.97457122802734375
4573    15.00000000000000000  6.98073196411132813  60.73537063598632813
4574    15.00000000000000000  3.01228594779968262  25.53990936279296875
4575    15.00000000000000000  25.78904914855957031  -59.96002960205078125
4576    15.00000000000000000  25.79780006408691406  -61.61529159545898438
4577    15.00000000000000000  25.72806930541992188  -53.19807052612304688
4578    15.00000000000000000  26.89312934875488281  -47.37017059326171875
4579    15.00000000000000000  27.59136009216308594  -48.60076141357421875
4580    -7.00000000000000000  30.09045028686523438  -64.19798278808593750
4581    -12.45460987091064453  32.51725006103515625  -51.72000885009765625
4582    -12.03948974609375000  32.51725006103515625  -73.72564697265625000
4583    -15.00000000000000000  1.28226995468139648  55.60882949829101563
4584    -15.00000000000000000  2.97553396224975586  48.16611862182617188
4585    -15.00000000000000000  2.82072305679321289  42.02690124511718750
4586    -15.00000000000000000  1.24806904792785645  41.10303115844726563
4587    -15.00000000000000000  5.15190410614013672  29.20215988159179688
4588    -15.00000000000000000  3.41938495635986328  29.06888961791992188
4589    -15.00000000000000000  5.80034208297729492  55.11931991577148438
4590    -15.00000000000000000  6.83451795578002930  38.40089035034179688
4591    -15.00000000000000000  6.91387796401977539  36.92947006225585938
4592    -15.00000000000000000  28.04505920410156250  -78.02835083007812500
4593    -15.00000000000000000  25.39142990112304688  -84.42359161376953125
4594    -15.00000000000000000  31.38430976867675781  -46.48038864135742188
4595    -15.00000000000000000  29.38758087158203125  -40.90002059936523438
4596    9.76916503906250000  7.97532415390014648  62.58306884765625000
4597    -13.86260032653808594  7.97532415390014648  57.92296981811523438
4598    -15.00000000000000000  7.97532415390014648  56.06254959106445313
4599    -13.55817031860351563  7.97532415390014648  51.15468978881835938
4600    -10.44322967529296875  7.97532415390014648  50.99610900878906250
4601    -6.85461902618408203  7.97532415390014648  23.63225936889648438
4602    -3.75902104377746582  7.97532415390014648  18.86226081848144531
4603    -10.45069980621337891  7.97532415390014648  17.02939987182617188
4604    -10.99398994445800781  23.78158950805664063  -12.41520977020263672
4605    11.09053039550781250  24.51725006103515625  -85.44509887695312500
4606    -12.60698986053466797  24.51725006103515625  -44.87982940673828125
4607    -9.12549972534179688  24.51725006103515625  -70.55979156494140625
4608    -7.00000000000000000  24.51725006103515625  -77.43151092529296875
4609    -7.00000000000000000  24.51725006103515625  -82.08965301513671875
4610    -12.51375007629394531  0.00936300028115511  13.28242969512939453
4611    9.70653629302978516  -0.02467600069940090  17.21628952026367188
4612    7.09359407424926758  -0.02467600069940090  16.14491081237792969
4613    -2.37662291526794434  -0.02467600069940090  29.40010070800781250
4614    -2.27824211120605469  -0.02467600069940090  35.65367889404296875
4615    -5.35567808151245117  -0.02467600069940090  28.23785018920898438
4616    -7.78749084472656250  -0.02467600069940090  20.89801025390625000
4617    -9.39388179779052734  -0.02467600069940090  35.98023986816406250
4618    9.11416530609130859  -0.02467600069940090  54.89653015136718750
4619    11.84665966033935547  -0.02467600069940090  61.74406814575195313
4620    9.87641906738281250  -0.02467600069940090  63.32170867919921875
4621    9.04401111602783203  -0.02467600069940090  62.31964111328125000
4622    1.37382900714874268  -0.02467600069940090  54.44272994995117188
4623    2.26870608329772949  -0.02467600069940090  63.17626190185546875
4624    1.52669095993041992  -0.02467600069940090  62.13977050781250000
4625    -12.77787017822265625  -0.02467600069940090  42.99898910522460938
4626    -5.85133790969848633  -0.02467600069940090  54.80548095703125000
4627    -5.21975421905517578  -0.02467600069940090  63.17596054077148438
4628    -6.51572179794311523  -0.02467600069940090  61.91901016235351563
4629    -12.61458969116210938  -0.02467600069940090  55.56789016723632813
4630    15.00000000000000000  1.06981897354125977  54.83654022216796875
4631    15.00000000000000000  2.55280494689941406  17.37931060791015625
4632    15.00000000000000000  28.56771087646484375  -45.06666183471679688
4633    15.00000000000000000  29.43194007873535156  -51.92066955566406250
4634    15.00000000000000000  31.17148017883300781  -44.48445892333984375
4635    15.00000000000000000  31.40575981140136719  -48.03554153442382813
4636    15.00000000000000000  29.45421028137207031  -59.62353134155273438
4637    15.00000000000000000  31.08815956115722656  -59.62683105468750000
4638    15.00000000000000000  26.27580070495605469  -85.54287719726562500
4639    15.00000000000000000  28.27310943603515625  -77.77073669433593750
4640    15.00000000000000000  29.59719085693359375  -83.99212646484375000
4641    -10.91125011444091797  32.51725006103515625  -52.51559066772460938
4642    -15.00000000000000000  6.02726888656616211  45.63425064086914063
4643    -15.00000000000000000  7.26639986038208008  45.90901947021484375
4644    -5.83812189102172852  7.97532415390014648  34.73670959472656250
4645    -6.82753276824951172  7.97532415390014648  38.70518875122070313
4646    15.00000000000000000  5.08291912078857422  58.36790847778320313
4647    -7.00000000000000000  26.00736999511718750  -76.73415374755859375
4648    12.40919017791748047  32.51725006103515625  -51.02281951904296875
4649    -15.00000000000000000  28.01020050048828125  -79.40190887451171875
4650    -15.00000000000000000  29.82715034484863281  -43.44792938232421875
4651    -8.99886608123779297  7.97532415390014648  23.33460044860839844
4652    -9.73226165771484375  7.97532415390014648  24.57333946228027344
4653    -11.12448978424072266  7.97532415390014648  23.59672927856445313
4654    15.00000000000000000  1.33001697063446045  56.70071029663085938
4655    15.00000000000000000  5.02866792678833008  45.72697067260742188
4656    15.00000000000000000  31.60692024230957031  -49.68870925903320313
4657    -15.00000000000000000  1.41066300868988037  36.92350006103515625
4658    -15.00000000000000000  29.55824089050292969  -77.01567840576171875
4659    -15.00000000000000000  29.01066970825195313  -66.96266174316406250
4660    -4.96126794815063477  7.97532415390014648  51.79602813720703125
4661    -5.66754293441772461  7.97532415390014648  23.85977935791015625
4662    -6.90397214889526367  7.97532415390014648  25.08728027343750000
4663    -5.46663808822631836  7.97532415390014648  45.41294097900390625
4664    -7.17639493942260742  7.97532415390014648  45.07231140136718750
4665    -8.60040473937988281  7.97532415390014648  44.91157913208007813
4666    -7.98809814453125000  24.51725006103515625  -72.31973266601562500
4667    15.00000000000000000  3.68332600593566895  58.24097061157226563
4668    15.00000000000000000  5.08094215393066406  47.32649993896484375
4669    15.00000000000000000  1.02647304534912109  36.50545883178710938
4670    15.00000000000000000  29.38499069213867188  -76.94013977050781250
4671    -7.00000000000000000  25.42584991455078125  -73.82581329345703125
4672    -15.00000000000000000  1.05947494506835938  57.17789077758789063
4673    -15.00000000000000000  -0.02467600069940090  21.49834060668945313
4674    -15.00000000000000000  4.00352382659912109  50.96255111694335938
4675    -15.00000000000000000  25.84931945800781250  -80.54454040527343750
4676    -15.00000000000000000  28.91242027282714844  -44.03343963623046875
4677    -15.00000000000000000  26.83217048645019531  -67.96906280517578125
4678    10.74127960205078125  7.97532415390014648  59.95664978027343750
4679    -15.00000000000000000  7.97532415390014648  58.96781921386718750
4680    -6.22211790084838867  7.97532415390014648  59.49174118041992188
4681    -7.05021286010742188  7.97532415390014648  58.18259811401367188
4682    -12.03983020782470703  7.97532415390014648  51.29608917236328125
4683    -12.21247959136962891  7.97532415390014648  50.30981826782226563
4684    10.60554027557373047  7.97532415390014648  22.45620918273925781
4685    -5.39713191986083984  7.97532415390014648  17.88414001464843750
4686    -6.91785383224487305  7.97532415390014648  20.71748924255371094
4687    13.94283008575439453  24.48226928710937500  -13.28958034515380859
4688    -13.39766979217529297  25.36352920532226563  -14.46263980865478516
4689    2.59532189369201660  25.59880065917968750  -14.80327033996582031
4690    -11.84562015533447266  27.47845077514648438  -17.75737953186035156
4691    -10.99335002899169922  31.03723907470703125  -26.14609909057617188
4692    13.47297000885009766  31.23287963867187500  -26.91585922241210938
4693    14.19071006774902344  19.03842926025390625  -19.37158012390136719
4694    -13.68311977386474609  4.56752490997314453  -1.79320502281188965
4695    8.72209644317626953  -0.02467600069940090  18.47629928588867188
4696    -4.19184684753417969  -0.02467600069940090  29.53871917724609375
4697    -8.55663299560546875  -0.02467600069940090  19.55146026611328125
4698    10.44534015655517578  -0.02467600069940090  62.01282119750976563
4699    -12.33380985260009766  -0.02467600069940090  62.90356826782226563
4700    -13.28787994384765625  -0.02467600069940090  60.78327178955078125
4701    15.00000000000000000  3.35354304313659668  62.65280151367187500
4702    15.00000000000000000  6.61563777923583984  27.98395919799804688
4703    15.00000000000000000  -0.02467600069940090  20.19828987121582031
4704    7.00000000000000000  28.22211074829101563  -81.34397125244140625
4705    -15.00000000000000000  2.21140599250793457  26.99770927429199219
4706    -15.00000000000000000  1.94679498672485352  28.51734924316406250
4707    -15.00000000000000000  30.09456062316894531  -73.39306640625000000
4708    -15.00000000000000000  29.33392906188964844  -70.63630676269531250
4709    -15.00000000000000000  26.91374969482421875  -50.83340835571289063
4710    -3.08686995506286621  7.97532415390014648  39.15478897094726563
4711    -7.70458507537841797  7.97532415390014648  39.78261947631835938
4712    -10.51171970367431641  7.97532415390014648  31.63936042785644531
4713    -11.00776958465576172  7.97532415390014648  33.48426055908203125
4714    -11.58607959747314453  7.97532415390014648  39.04953002929687500
4715    -12.91158962249755859  7.97532415390014648  39.25214004516601563
4716    -12.30086040496826172  7.97532415390014648  36.27960968017578125
4717    -13.83681964874267578  7.97532415390014648  37.26591110229492188
4718    -0.28719800710678101  31.39705085754394531  -27.56175994873046875
4719    8.27280712127685547  -0.02467600069940090  28.14283943176269531
4720    15.00000000000000000  4.04711198806762695  27.56006050109863281
4721    15.00000000000000000  29.53879928588867188  -73.98796844482421875
4722    -7.00000000000000000  29.62521934509277344  -61.12866973876953125
4723    14.04969978332519531  32.51725006103515625  -49.13209915161132813
4724    -15.00000000000000000  31.22257041931152344  -56.22851181030273438
4725    -15.00000000000000000  25.46332931518554688  -74.12204742431640625
4726    -10.94890022277832031  7.97532415390014648  58.54331970214843750
4727    -13.18770027160644531  7.97532415390014648  55.22647094726562500
4728    -9.77444362640380859  7.97532415390014648  18.77646064758300781
4729    -12.30049991607666016  7.97532415390014648  20.85536003112792969
4730    11.17070007324218750  9.24088478088378906  6.83177423477172852
4731    11.95094013214111328  10.82242012023925781  3.35028791427612305
4732    -8.68515586853027344  24.41333961486816406  -13.20355987548828125
4733    -12.33961963653564453  29.61809921264648438  -22.13015937805175781
4734    -13.14577960968017578  30.25086975097656250  -23.73381996154785156
4735    -13.73746967315673828  31.74023056030273438  -29.04994010925292969
4736    -8.00670337677001953  32.02259063720703125  -30.62126922607421875
4737    14.14910984039306641  24.51725006103515625  -73.13115692138671875
4738    -7.90802812576293945  18.41444015502929688  -18.51976013183593750
4739    -13.84350967407226563  18.63283920288085938  -18.79504013061523438
4740    -7.28002405166625977  4.68790817260742188  -1.96574997901916504
4741    -9.73321533203125000  4.08979177474975586  -0.97947299480438232
4742    -10.36250972747802734  0.74086099863052368  7.48418378829956055
4743    13.68019962310791016  0.65671402215957642  7.88569498062133789
4744    9.45540237426757813  -0.02467600069940090  24.71492958068847656
4745    10.83685970306396484  -0.02467600069940090  22.23214912414550781
4746    10.76158046722412109  -0.02467600069940090  20.80438995361328125
4747    15.00000000000000000  -0.02467600069940090  17.21977043151855469
4748    13.81499004364013672  -0.02467600069940090  16.32061958312988281
4749    -1.41630804538726807  -0.02467600069940090  24.29446983337402344
4750    -7.06715583801269531  -0.02467600069940090  19.33201980590820313
4751    -8.88282585144042969  -0.02467600069940090  34.28892135620117188
4752    -12.99913024902343750  -0.02467600069940090  28.89999961853027344
4753    7.94120216369628906  -0.02467600069940090  63.23598861694335938
4754    4.87050485610961914  -0.02467600069940090  59.87789154052734375
4755    -10.12057971954345703  -0.02467600069940090  59.69261932373046875
4756    -12.94964027404785156  -0.02467600069940090  53.86119079589843750
4757    15.00000000000000000  7.02320194244384766  45.46770858764648438
4758    15.00000000000000000  26.04517936706542969  -48.66601943969726563
4759    15.00000000000000000  30.78158950805664063  -49.43976974487304688
4760    -7.00000000000000000  28.04969024658203125  -64.00025177001953125
4761    -15.00000000000000000  1.53435504436492920  39.49073028564453125
4762    -15.00000000000000000  7.97532415390014648  40.90140914916992188
4763    -15.00000000000000000  27.88051986694335938  -43.09901809692382813
4764    -1.59032595157623291  7.97532415390014648  63.16923904418945313
4765    -1.45192098617553711  7.97532415390014648  60.52833938598632813
4766    -3.49174904823303223  7.97532415390014648  58.66218948364257813
4767    -4.94311189651489258  7.97532415390014648  55.92948913574218750
4768    -7.09546422958374023  7.97532415390014648  51.40029907226562500
4769    -1.31339704990386963  7.97532415390014648  27.38098907470703125
4770    -7.59970188140869141  7.97532415390014648  49.86489868164062500
4771    -10.71885013580322266  7.97532415390014648  45.37733078002929688
4772    -12.41215991973876953  7.97532415390014648  42.62512969970703125
4773    2.12833404541015625  26.42149925231933594  -16.00227928161621094
4774    14.12372970581054688  28.64315032958984375  -19.96117973327636719
4775    -13.67702007293701172  29.62210083007812500  -22.13989067077636719
4776    -2.34456300735473633  19.84531021118164063  -20.57027053833007813
4777    -2.64026498794555664  -0.02467600069940090  59.79439926147460938
4778    -13.00870037078857422  -0.02467600069940090  41.43899154663085938
4779    15.00000000000000000  5.37108421325683594  51.35501098632812500
4780    15.00000000000000000  30.99894905090332031  -61.79782104492187500
4781    7.00000000000000000  24.51725006103515625  -84.90905761718750000
4782    7.00000000000000000  24.51725006103515625  -81.01705932617187500
4783    7.00000000000000000  24.51725006103515625  -79.69930267333984375
4784    7.00000000000000000  24.51725006103515625  -77.90651702880859375
4785    7.00000000000000000  24.51725006103515625  -75.40888977050781250
4786    7.00000000000000000  24.51725006103515625  -73.99919128417968750
4787    7.00000000000000000  24.51725006103515625  -72.02253723144531250
4788    7.00000000000000000  24.51725006103515625  -70.50557708740234375
4789    7.00000000000000000  24.51725006103515625  -66.15390014648437500
4790    7.00000000000000000  24.51725006103515625  -64.62161254882812500
4791    7.00000000000000000  24.51725006103515625  -60.69895935058593750
4792    7.00000000000000000  24.51725006103515625  -58.79893112182617188
4793    -7.00000000000000000  28.96964073181152344  -64.43270111083984375
4794    -7.00000000000000000  32.51725006103515625  -57.75696945190429688
4795    -7.00000000000000000  32.51725006103515625  -67.79344177246093750
4796    -7.00000000000000000  32.51725006103515625  -83.56831359863281250
4797    8.13698387145996094  32.51725006103515625  -71.13239288330078125
4798    15.00000000000000000  32.51725006103515625  -75.15059661865234375
4799    15.00000000000000000  32.51725006103515625  -57.42599105834960938
4800    15.00000000000000000  32.51725006103515625  -44.73067855834960938
4801    15.00000000000000000  32.51725006103515625  -41.80099105834960938
4802    15.00000000000000000  32.51725006103515625  -38.77365112304687500
4803    -15.00000000000000000  32.51725006103515625  -39.50606918334960938
4804    -15.00000000000000000  32.51725006103515625  -41.36154174804687500
4805    -15.00000000000000000  32.51725006103515625  -60.45333862304687500
4806    -15.00000000000000000  32.51725006103515625  -85.20919799804687500
4807    -15.00000000000000000  -0.02467600069940090  59.30961990356445313
4808    -15.00000000000000000  -0.02467600069940090  52.62015914916992188
4809    -15.00000000000000000  -0.02467600069940090  45.14945983886718750
4810    -15.00000000000000000  -0.02467600069940090  46.76079177856445313
4811    -15.00000000000000000  3.85331892967224121  16.29424095153808594
4812    -15.00000000000000000  0.82671499252319336  21.59139060974121094
4813    -15.00000000000000000  -0.02028900012373924  14.61853981018066406
4814    -15.00000000000000000  5.14005804061889648  63.47137832641601563
4815    -15.00000000000000000  6.98349189758300781  61.49235916137695313
4816    -15.00000000000000000  6.49461412429809570  57.94952011108398438
4817    -15.00000000000000000  7.97532415390014648  32.01469039916992188
4818    -15.00000000000000000  7.97532415390014648  29.18265914916992188
4819    -15.00000000000000000  7.97532415390014648  18.90434074401855469
4820    -15.00000000000000000  7.99325084686279297  13.74051952362060547
4821    -15.00000000000000000  29.90597915649414063  -50.86389923095703125
4822    -15.00000000000000000  28.61565971374511719  -56.65425109863281250
4823    -15.00000000000000000  24.51725006103515625  -80.91232299804687500
4824    -15.00000000000000000  24.51725006103515625  -79.00803375244140625
4825    -15.00000000000000000  24.51725006103515625  -75.54122924804687500
4826    -15.00000000000000000  25.66293907165527344  -68.39581298828125000
4827    -15.00000000000000000  24.51725006103515625  -68.94943237304687500
4828    -15.00000000000000000  24.51725006103515625  -62.60177993774414063
4829    -15.00000000000000000  24.51725006103515625  -55.47286987304687500
4830    -15.00000000000000000  24.51725006103515625  -39.01779174804687500
4831    -15.00000000000000000  24.51725006103515625  -36.82052993774414063
4832    0.23332400619983673  4.69678688049316406  64.14360046386718750
4833    15.00000000000000000  7.97532415390014648  61.99515914916992188
4834    15.00000000000000000  7.97532415390014648  56.81938171386718750
4835    15.00000000000000000  7.97532415390014648  53.69438171386718750
4836    15.00000000000000000  7.97532415390014648  46.44340896606445313
4837    15.00000000000000000  7.97532415390014648  42.43949890136718750
4838    15.00000000000000000  7.97532415390014648  28.79203987121582031
4839    15.00000000000000000  7.97532415390014648  25.76469039916992188
4840    15.00000000000000000  7.97532415390014648  24.44632911682128906
4841    15.00000000000000000  7.97532415390014648  15.75492954254150391
4842    15.00000000000000000  24.51725006103515625  -80.47286987304687500
4843    15.00000000000000000  24.51725006103515625  -79.00803375244140625
4844    15.00000000000000000  24.51725006103515625  -77.44553375244140625
4845    15.00000000000000000  24.51725006103515625  -74.85764312744140625
4846    15.00000000000000000  24.51725006103515625  -65.43380737304687500
4847    15.00000000000000000  24.51725006103515625  -62.50411987304687500
4848    15.00000000000000000  24.51725006103515625  -47.61154174804687500
4849    15.00000000000000000  24.51725006103515625  -46.19552993774414063
4850    15.00000000000000000  24.51725006103515625  -41.11740112304687500
4851    15.00000000000000000  24.51725006103515625  -39.94552993774414063
4852    -11.72047042846679688  24.51725006103515625  -66.42095947265625000
4853    3.80470299720764160  7.92367696762084961  -6.22308588027954102
4854    15.00000000000000000  -0.02467600069940090  52.66899108886718750
4855    -13.21560001373291016  -0.02467600069940090  17.34313964843750000
4856    15.00000000000000000  7.06260204315185547  54.49382019042968750
4857    15.00000000000000000  6.91278076171875000  26.61755943298339844
4858    15.00000000000000000  7.12163496017456055  23.32345008850097656
4859    15.00000000000000000  5.48970413208007813  27.33684921264648438
4860    15.00000000000000000  4.57559490203857422  34.95011138916015625
4861    15.00000000000000000  5.58985280990600586  16.91555023193359375
4862    15.00000000000000000  3.98216295242309570  22.95949935913085938
4863    15.00000000000000000  3.60313391685485840  18.56872940063476563
4864    15.00000000000000000  31.75148010253906250  -39.72011947631835938
4865    15.00000000000000000  28.51857948303222656  -66.70540618896484375
4866    3.45021295547485352  6.42039299011230469  -4.39774703979492188
4867    7.00000000000000000  29.08028984069824219  -56.66576004028320313
4868    -15.00000000000000000  1.11693894863128662  12.19896984100341797
4869    -6.76551389694213867  25.56732940673828125  -14.75769996643066406
4870    -6.47568416595458984  27.34647941589355469  -17.53384971618652344
4871    -0.32957199215888977  32.46482849121093750  -35.15161132812500000
4872    10.16524982452392578  32.19713973999023438  -31.83448028564453125
4873    -5.67410707473754883  -0.01566500030457973  14.09634017944335938
4874    -15.00000000000000000  25.40346908569335938  -36.28638076782226563
4875    -11.10671997070312500  31.66356086730957031  -28.62301063537597656
4876    12.09175968170166016  9.54926681518554688  6.01857185363769531
4877    15.00000000000000000  2.75494790077209473  5.02040386199951172
4878    -9.10537719726562500  12.60282039642333984  0.68006902933120728
4879    15.00000000000000000  24.56607055664062500  -21.08964920043945313
4880    15.00000000000000000  26.61240959167480469  -24.71820068359375000
4881    -15.00000000000000000  6.09409189224243164  5.59127092361450195
4882    7.82966613769531250  23.29894065856933594  -11.82205963134765625
4883    -1.34440302848815918  0.37795400619506836  9.33744335174560547
4884    15.00000000000000000  21.73197937011718750  -13.36472034454345703
4885    15.00000000000000000  25.63620948791503906  -17.54985046386718750
4886    15.00000000000000000  29.54137992858886719  -28.98283958435058594
4887    15.00000000000000000  25.92859077453613281  -74.03489685058593750
4888    12.83347034454345703  24.51725006103515625  -46.38676071166992188
4889    12.58220005035400391  24.20402908325195313  -32.41545867919921875
4890    13.10534000396728516  18.99106025695800781  -19.30124092102050781
4891    -7.00000000000000000  29.37401008605957031  -82.25932312011718750
4892    10.95040035247802734  32.51725006103515625  -60.78789138793945313
4893    -15.00000000000000000  27.97389984130859375  -21.65286064147949219
4894    3.25255489349365234  8.07269954681396484  12.16211986541748047
4895    9.93398284912109375  24.51725006103515625  -55.69540023803710938
4896    -3.57798504829406738  0.01197099965065718  13.22741031646728516
4897    -12.04382038116455078  32.51725006103515625  -67.77086639404296875
4898    -0.00131600000895560  7.97532415390014648  27.98940086364746094
4899    10.85560035705566406  26.21512985229492188  -15.69559955596923828
4900    -3.39616394042968750  27.02981948852539063  -16.99751091003417969
4901    -3.90923309326171875  30.54483985900878906  -24.61720085144042969
4902    15.00000000000000000  28.30069923400878906  -36.17506027221679688
4903    -7.35351610183715820  7.97532415390014648  64.14360046386718750
4904    15.00000000000000000  30.07431030273437500  -72.45928192138671875
4905    -12.90935993194580078  32.51725006103515625  -47.48197937011718750
4906    -7.25107717514038086  32.18825149536132813  -31.74962997436523438
4907    -10.75551986694335938  24.39569091796875000  -34.06795120239257813
4908    5.99853610992431641  24.02009010314941406  -31.29604911804199219
4909    6.69092082977294922  23.60712051391601563  -29.36569976806640625
4910    -2.85273790359497070  4.43613815307617188  -1.57886004447937012
4911    -8.14161491394042969  4.00369405746459961  -0.82800602912902832
4912    -4.32603216171264648  0.71734601259231567  7.58569478988647461
4913    8.11248111724853516  29.48213958740234375  -86.62521362304687500
4914    10.75858020782470703  28.30368041992187500  -86.62521362304687500
4915    -15.00000000000000000  5.59276199340820313  38.75537109375000000
4916    -11.17306995391845703  10.85630035400390625  3.28693604469299316
4917    7.79333305358886719  24.51725006103515625  -43.24871063232421875
4918    -12.37602996826171875  24.41169929504394531  -34.22714996337890625
4919    0.06134000048041344  23.23731994628906250  -28.02986907958984375
4920    2.35894989967346191  22.49024963378906250  -25.84357070922851563
4921    2.32018899917602539  21.60339927673339844  -23.78006935119628906
4922    2.67700290679931641  20.54091072082519531  -21.74584960937500000
4923    2.38214302062988281  2.62244796752929688  1.87309694290161133
4924    2.20948600769042969  1.72014701366424561  4.12184810638427734
4925    2.46163606643676758  1.22676301002502441  5.64681720733642578
4926    7.00000000000000000  32.51725006103515625  -72.12789154052734375
4927    8.47669982910156250  32.51725006103515625  -79.01007080078125000
4928    14.29131031036376953  32.51725006103515625  -45.00160980224609375
4929    -12.31478023529052734  32.51725006103515625  -58.48807907104492188
4930    11.73106002807617188  27.12619972229003906  -86.62521362304687500
4931    -15.00000000000000000  30.81291007995605469  -41.86151123046875000
4932    -15.00000000000000000  7.08059883117675781  14.81657981872558594
4933    0.43326100707054138  7.97532415390014648  18.55032920837402344
4934    1.70547294616699219  7.97532415390014648  17.84638977050781250
4935    -8.20961380004882813  12.06881999969482422  1.39734196662902832
4936    -9.02679157257080078  26.76432991027832031  -16.54785919189453125
4937    1.75189495086669922  31.90542984008789063  -29.96920013427734375
4938    0.01440200023353100  32.28890991210937500  -32.68968963623046875
4939    -14.12849998474121094  24.51725006103515625  -69.46090698242187500
4940    -8.54220294952392578  -0.02467600069940090  15.95009994506835938
4941    15.00000000000000000  7.09507608413696289  14.03007030487060547
4942    10.30039024353027344  24.51725006103515625  -50.10731887817382813
4943    13.18762969970703125  7.97532415390014648  29.59711074829101563
4944    6.50976991653442383  7.97532415390014648  36.17113113403320313
4945    10.47784042358398438  6.97216606140136719  -5.09025287628173828
4946    -1.50935399532318115  4.87018823623657227  -2.24251508712768555
4947    4.26096105575561523  32.42893981933593750  -34.19903945922851563
4948    8.59368133544921875  7.97532415390014648  49.17903137207031250
4949    5.81741905212402344  7.97532415390014648  29.75419044494628906
4950    -13.51354980468750000  32.19488143920898438  -31.81351089477539063
4951    15.00000000000000000  29.68511009216308594  -75.38188171386718750
4952    12.36907958984375000  7.97532415390014648  40.82418060302734375
4953    11.27560997009277344  7.97532415390014648  41.91085815429687500
4954    12.39488029479980469  7.97532415390014648  49.11663055419921875
4955    7.85779476165771484  7.97532415390014648  47.57574081420898438
4956    0.26905700564384460  7.97532415390014648  39.46731948852539063
4957    -8.66209793090820313  0.65490198135375977  7.89861392974853516
4958    7.00000000000000000  26.19529914855957031  -83.52023315429687500
4959    -13.94530963897705078  7.97532415390014648  64.14360046386718750
4960    2.68742609024047852  4.80928087234497070  -2.15197491645812988
4961    7.82531976699829102  32.51725006103515625  -79.91265869140625000
4962    8.90831565856933594  32.51725006103515625  -72.68627929687500000
4963    -15.00000000000000000  6.91158008575439453  28.46175956726074219
4964    13.57929039001464844  7.97532415390014648  23.87949943542480469
4965    3.54632401466369629  7.97532415390014648  55.25045013427734375
4966    -15.00000000000000000  7.97532415390014648  47.57865905761718750
4967    9.60225868225097656  7.97532415390014648  29.18428039550781250
4968    3.66115808486938477  7.97532415390014648  25.95638084411621094
4969    8.61757278442382813  7.97532415390014648  16.00470924377441406
4970    11.89999008178710938  7.97532415390014648  16.01579093933105469
4971    8.62398529052734375  24.51725006103515625  -55.11584091186523438
4972    -13.79277992248535156  24.51725006103515625  -47.33395004272460938
4973    12.84187030792236328  0.05932899937033653  12.18243026733398438
4974    -3.59044599533081055  -0.02467600069940090  19.70940017700195313
4975    15.00000000000000000  -0.02467600069940090  59.16313171386718750
4976    -10.34043979644775391  7.97532415390014648  55.71715927124023438
4977    3.69653391838073730  7.97532415390014648  33.39154815673828125
4978    15.00000000000000000  27.92576026916503906  -57.40216064453125000
4979    -15.00000000000000000  31.58999061584472656  -40.10358047485351563
4980    3.18831801414489746  7.97532415390014648  45.44910049438476563
4981    9.34954833984375000  7.97532415390014648  22.50818061828613281
4982    2.78971791267395020  7.97532415390014648  23.03410911560058594
4983    -11.37032985687255859  24.51725006103515625  -83.13459014892578125
4984    -11.37267017364501953  23.31509971618652344  -28.30050086975097656
4985    -15.00000000000000000  30.21492004394531250  -64.66999053955078125
4986    9.08170795440673828  24.27508926391601563  -33.00971984863281250
4987    5.70261907577514648  0.91052401065826416  6.76364183425903320
4988    10.92284011840820313  32.51725006103515625  -63.38566970825195313
4989    10.25078964233398438  12.45773983001708984  0.86534100770950317
4990    2.37143492698669434  -0.02467600069940090  20.35470962524414063
4991    -15.00000000000000000  25.83226013183593750  -70.29827880859375000
4992    14.14305019378662109  7.97532415390014648  45.64712905883789063
4993    14.13253974914550781  7.97532415390014648  32.66622161865234375
4994    13.52003002166748047  7.97532415390014648  33.76126861572265625
4995    10.63780975341796875  7.97532415390014648  34.02489089965820313
4996    -13.73581981658935547  7.97532415390014648  49.44108963012695313
4997    -0.24468000233173370  7.97532415390014648  44.45883941650390625
4998    -11.16716003417968750  7.97532415390014648  30.47920989990234375
4999    9.02651119232177734  23.33060073852539063  -11.86225986480712891
5000    -8.04787158966064453  24.51725006103515625  -69.65161895751953125
5001    -9.81113243103027344  16.66674041748046875  -16.37223052978515625
5002    -4.17972087860107422  4.95689678192138672  -2.37108588218688965
5003    -4.48936080932617188  -0.02467600069940090  18.59396934509277344
5004    5.39203882217407227  -0.02467600069940090  61.15943908691406250
5005    -2.11156988143920898  -0.02467600069940090  61.15554809570312500
5006    -9.89767265319824219  -0.02467600069940090  61.10937118530273438
5007    15.00000000000000000  25.44010925292968750  -82.30432128906250000
5008    15.00000000000000000  25.78631019592285156  -78.04399871826171875
5009    15.00000000000000000  29.19594001770019531  -85.59478759765625000
5010    -15.00000000000000000  27.06184959411621094  -52.16376876831054688
5011    15.00000000000000000  1.49674296379089355  33.62350082397460938
5012    10.06663036346435547  7.97532415390014648  48.69805908203125000
5013    10.36159992218017578  7.97532415390014648  51.02061080932617188
5014    7.04563283920288086  7.97532415390014648  28.77809906005859375
5015    5.65220499038696289  7.97532415390014648  28.02889060974121094
5016    -15.00000000000000000  2.59588909149169922  37.84320831298828125
5017    10.33481025695800781  25.48744010925292969  -14.64202976226806641
5018    -8.23205375671386719  32.51725006103515625  -63.30405044555664063
5019    3.84036397933959961  5.65980911254882813  64.14360046386718750
5020    11.18426036834716797  7.97532415390014648  52.21897888183593750
5021    12.21961021423339844  7.97532415390014648  55.67444992065429688
5022    13.05797004699707031  7.97532415390014648  26.78713989257812500
5023    4.67811203002929688  7.97532415390014648  55.92087173461914063
5024    10.26445007324218750  7.97532415390014648  23.86113929748535156
5025    1.69120395183563232  7.97532415390014648  27.29270935058593750
5026    10.98894977569580078  31.96240043640136719  -30.28624916076660156
5027    9.02071666717529297  24.51725006103515625  -80.89141082763671875
5028    -5.15879821777343750  24.21562004089355469  -32.51757812500000000
5029    -2.36903190612792969  -0.02467600069940090  20.81130027770996094
5030    -9.00144672393798828  -0.02467600069940090  18.24666976928710938
5031    15.00000000000000000  28.61009025573730469  -49.89284896850585938
5032    12.90935993194580078  7.97532415390014648  39.27532958984375000
5033    10.63788986206054688  7.97532415390014648  40.40950012207031250
5034    8.43715476989746094  7.97532415390014648  63.10612869262695313
5035    4.27495288848876953  7.97532415390014648  38.53417968750000000
5036    9.71310710906982422  -0.02467600069940090  26.00476074218750000
5037    7.00000000000000000  30.23397064208984375  -67.10397338867187500
5038    -15.00000000000000000  6.82353687286376953  51.73577117919921875
5039    -7.13301277160644531  7.97532415390014648  28.18376922607421875
5040    -10.85099029541015625  24.51725006103515625  -71.57819366455078125
5041    15.00000000000000000  4.86444711685180664  52.77593994140625000
5042    15.00000000000000000  30.82088088989257813  -60.66864013671875000
5043    -7.00000000000000000  25.73691940307617188  -82.83817291259765625
5044    -7.00000000000000000  32.51725006103515625  -74.45121765136718750
5045    -15.00000000000000000  26.12898063659667969  -62.68595123291015625
5046    15.00000000000000000  7.97532415390014648  58.43070983886718750
5047    15.00000000000000000  7.97532415390014648  50.52054977416992188
5048    15.00000000000000000  7.97532415390014648  44.41704177856445313
5049    13.08745956420898438  7.97532415390014648  48.03722000122070313
5050    10.68305969238281250  7.97532415390014648  55.35184097290039063
5051    15.00000000000000000  7.97532415390014648  38.02054977416992188
5052    13.87642955780029297  7.97532415390014648  37.07772827148437500
5053    12.80790042877197266  7.97532415390014648  35.38006973266601563
5054    11.37849998474121094  7.97532415390014648  36.31483840942382813
5055    15.00000000000000000  7.97532415390014648  14.72953987121582031
5056    12.12446022033691406  7.97532415390014648  20.98167991638183594
5057    3.25929307937622070  7.97532415390014648  59.84804916381835938
5058    -13.61180973052978516  7.97532415390014648  60.19686126708984375
5059    0.39933699369430542  7.97532415390014648  60.59111022949218750
5060    1.18732404708862305  7.97532415390014648  58.59798049926757813
5061    0.55361902713775635  7.97532415390014648  45.47512054443359375
5062    8.11328220367431641  7.97532415390014648  36.02951049804687500
5063    9.45124435424804688  7.97532415390014648  30.60277938842773438
5064    7.00288820266723633  7.97532415390014648  30.39032936096191406
5065    12.78388023376464844  7.97532415390014648  17.49441909790039063
5066    8.35773754119873047  7.97532415390014648  26.12731933593750000
5067    11.31587982177734375  7.97532415390014648  17.46668052673339844
5068    -1.27583801746368408  7.97532415390014648  36.95872879028320313
5069    3.18331694602966309  7.97532415390014648  28.36006927490234375
5070    -0.26537799835205078  7.97532415390014648  30.93045997619628906
5071    -5.01410198211669922  32.33110809326171875  -33.08441162109375000
5072    -9.41959762573242188  24.51725006103515625  -54.25630187988281250
5073    -5.93537187576293945  24.44585990905761719  -34.83501815795898438
5074    -0.61694198846817017  24.35412025451660156  -33.67396926879882813
5075    -6.03016281127929688  0.78615099191665649  7.29307699203491211
5076    8.45946979522705078  -0.02467600069940090  15.52799987792968750
5077    15.00000000000000000  5.83105802536010742  30.77083015441894531
5078    12.08930015563964844  7.97532415390014648  57.15393066406250000
5079    0.97645598649978638  7.97532415390014648  48.68268966674804688
5080    9.11204624176025391  7.97532415390014648  42.76420974731445313
5081    -8.60822582244873047  -0.02467600069940090  47.10152053833007813
5082    10.91110992431640625  7.97532415390014648  49.61090850830078125
5083    15.00000000000000000  31.26693916320800781  -65.89866638183593750
5084    -15.00000000000000000  5.32238578796386719  16.01571083068847656
5085    10.90760993957519531  7.97532415390014648  61.33826828002929688
5086    15.00000000000000000  27.68413925170898438  -52.20251083374023438
5087    7.66948795318603516  7.97532415390014648  60.22380065917968750
5088    -15.00000000000000000  25.22978973388671875  -61.41970825195312500
5089    -0.43784201145172119  7.97532415390014648  47.62577056884765625
5090    -0.03693699836730957  7.97532415390014648  42.27759933471679688
5091    -0.58110302686691284  7.97532415390014648  35.82666015625000000
5092    2.81813406944274902  7.97532415390014648  24.56484031677246094
5093    -1.57406497001647949  7.97532415390014648  24.16806983947753906
5094    -15.00000000000000000  31.03082084655761719  -62.50428009033203125
5095    -15.00000000000000000  27.59679985046386719  -46.72795867919921875
5096    -15.00000000000000000  29.02767944335937500  -85.46655273437500000
5097    -15.00000000000000000  27.08073043823242188  -84.58664703369140625
5098    4.24775123596191406  7.97532415390014648  44.85208129882812500
5099    8.23842239379882813  7.97532415390014648  29.81685066223144531
5100    12.23359012603759766  7.97532415390014648  19.29096984863281250
5101    8.33558845520019531  7.97532415390014648  21.46121025085449219
5102    1.06002700328826904  7.97532415390014648  33.47626113891601563
5103    15.00000000000000000  27.13275909423828125  -45.93817901611328125
5104    15.00000000000000000  25.75307083129882813  -64.62464904785156250
5105    -15.00000000000000000  4.92643690109252930  26.85643005371093750
5106    11.05109977722167969  7.97532415390014648  43.27661132812500000
5107    9.14075088500976563  7.97532415390014648  47.46599960327148438
5108    11.47933006286621094  7.97532415390014648  47.82387924194335938
5109    5.00769996643066406  7.97532415390014648  34.00696945190429688
5110    -1.64775896072387695  7.97532415390014648  50.62258911132812500
5111    5.88872623443603516  7.97532415390014648  55.46949005126953125
5112    2.72482895851135254  7.97532415390014648  44.02811050415039063
5113    1.11174798011779785  7.97532415390014648  47.02780151367187500
5114    9.76511859893798828  7.97532415390014648  26.52778053283691406
5115    -0.70012402534484863  -0.02467600069940090  20.74061965942382813
5116    -6.13973999023437500  -0.02467600069940090  33.15694046020507813
5117    8.71766376495361328  -0.02467600069940090  58.10784149169921875
5118    1.21539199352264404  -0.02467600069940090  58.19335174560546875
5119    -6.30210018157958984  -0.02467600069940090  58.12593841552734375
5120    -15.00000000000000000  30.03922080993652344  -63.29341888427734375
5121    12.18702030181884766  7.97532415390014648  50.96593093872070313
5122    9.53493595123291016  7.97532415390014648  44.44969940185546875
5123    8.92696189880371094  7.97532415390014648  59.43455886840820313
5124    7.12774991989135742  7.97532415390014648  34.51163101196289063
5125    6.48661184310913086  7.97532415390014648  33.31003952026367188
5126    6.81699895858764648  7.97532415390014648  32.28873825073242188
5127    2.88001394271850586  7.97532415390014648  35.95307922363281250
5128    1.15766799449920654  7.97532415390014648  36.15610885620117188
5129    1.21822297573089600  -0.02467600069940090  52.04566955566406250
5130    -15.00000000000000000  26.52514076232910156  -60.99845886230468750
5131    -15.00000000000000000  28.74576950073242188  -49.90509033203125000
5132    -14.06015968322753906  2.15749597549438477  2.94408607482910156
5133    -15.00000000000000000  5.22082376480102539  49.71757888793945313
5134    -15.00000000000000000  27.48022079467773438  -38.12944030761718750
5135    13.49779033660888672  7.97532415390014648  56.19931030273437500
5136    11.43723011016845703  7.97532415390014648  62.49977111816406250
5137    8.09758567810058594  7.97532415390014648  61.86635971069335938
5138    11.34813976287841797  7.97532415390014648  34.66004943847656250
5139    10.54401016235351563  7.97532415390014648  31.17941093444824219
5140    10.30023002624511719  7.97532415390014648  27.93291091918945313
5141    8.87248802185058594  7.97532415390014648  34.90641021728515625
5142    7.25151205062866211  7.97532415390014648  37.82720184326171875
5143    5.65395593643188477  7.97532415390014648  63.09140014648437500
5144    4.73287916183471680  7.97532415390014648  60.58248901367187500
5145    7.74028682708740234  7.97532415390014648  50.44073104858398438
5146    4.98569107055664063  7.97532415390014648  49.77371978759765625
5147    4.02961301803588867  7.97532415390014648  50.29666900634765625
5148    3.31108403205871582  7.97532415390014648  56.74536895751953125
5149    -0.03439399972558022  7.97532415390014648  63.40938949584960938
5150    -11.55315017700195313  7.97532415390014648  56.96633911132812500
5151    -5.59348821640014648  7.97532415390014648  60.88029861450195313
5152    -0.13245899975299835  7.97532415390014648  59.32355117797851563
5153    0.86919301748275757  7.97532415390014648  40.60258865356445313
5154    8.64521121978759766  7.97532415390014648  31.88799095153808594
5155    6.99825000762939453  7.97532415390014648  23.36597061157226563
5156    6.75450801849365234  7.97532415390014648  21.45943069458007813
5157    2.26906991004943848  7.97532415390014648  29.19524955749511719
5158    -0.37572801113128662  7.97532415390014648  29.35246086120605469
5159    2.78676390647888184  7.97532415390014648  26.89349937438964844
5160    4.07985591888427734  7.97532415390014648  23.56835937500000000
5161    2.51100802421569824  7.97532415390014648  21.07850074768066406
5162    -4.54055309295654297  7.98936319351196289  -6.29933500289916992
5163    15.00000000000000000  7.17858791351318359  19.06716918945312500
5164    15.00000000000000000  6.64911890029907227  21.85147094726562500
5165    4.94599294662475586  7.97532415390014648  32.29848861694335938
5166    -15.00000000000000000  1.39704096317291260  58.62009811401367188
5167    4.93372392654418945  7.97532415390014648  54.58478927612304688
5168    9.46948242187500000  7.97532415390014648  60.91727066040039063
5169    6.20643091201782227  7.97532415390014648  59.88695907592773438
5170    0.97915899753570557  7.97532415390014648  55.97977066040039063
5171    4.08934497833251953  7.97532415390014648  43.37689971923828125
5172    7.69845199584960938  7.97532415390014648  31.23827934265136719
5173    7.69876480102539063  7.97532415390014648  19.96479988098144531
5174    -0.01583099924027920  7.97532415390014648  20.97138977050781250
5175    -15.00000000000000000  4.61115980148315430  58.09849929809570313
5176    -15.00000000000000000  1.66089797019958496  35.55590820312500000
5177    3.40534591674804688  -0.02467600069940090  23.46562957763671875
5178    2.79707002639770508  7.97532415390014648  50.98134994506835938
5179    10.26996040344238281  7.97532415390014648  19.12733078002929688
5180    9.79904365539550781  7.97532415390014648  21.33675003051757813
5181    -9.60905742645263672  24.51725006103515625  -79.24752044677734375
5182    7.34331798553466797  -0.02467600069940090  34.31052017211914063
5183    15.00000000000000000  28.21920013427734375  -50.95309066772460938
5184    -15.00000000000000000  3.21291899681091309  52.83259963989257813
5185    6.51287698745727539  7.97532415390014648  26.47496986389160156
5186    3.85669994354248047  7.97532415390014648  37.22729110717773438
5187    -15.00000000000000000  5.36298084259033203  43.22296142578125000
5188    -15.00000000000000000  29.01104927062988281  -69.45925140380859375
5189    -1.02281200885772705  7.97532415390014648  56.32089996337890625
5190    15.00000000000000000  6.44725418090820313  62.45111083984375000
5191    -15.00000000000000000  1.66718101501464844  20.62516975402832031
5192    -15.00000000000000000  2.21805906295776367  57.27457046508789063
5193    -15.00000000000000000  24.51725006103515625  -85.35568237304687500
5194    -15.00000000000000000  24.51725006103515625  -53.95920181274414063
5195    -15.00000000000000000  24.51725006103515625  -49.71115112304687500
5196    -14.09321975708007813  4.89529895782470703  64.14360046386718750
5197    12.60379028320312500  7.97532415390014648  23.70215988159179688
5198    -10.22105979919433594  7.97532415390014648  46.70082092285156250
5199    1.73822104930877686  7.97532415390014648  54.68788909912109375
5200    4.71993207931518555  7.97532415390014648  46.13079833984375000
5201    2.46682906150817871  7.97532415390014648  40.86000061035156250
5202    -1.01049602031707764  7.97532415390014648  40.86273956298828125
5203    8.14667892456054688  7.97532415390014648  33.43144989013671875
5204    8.99501228332519531  7.97532415390014648  20.11727905273437500
5205    6.23279476165771484  7.97532415390014648  20.23826980590820313
5206    -2.03274011611938477  1.06427204608917236  6.21863603591918945
5207    -0.18790100514888763  -0.02467600069940090  19.50626945495605469
5208    15.00000000000000000  4.05087995529174805  56.96524047851562500
5209    15.00000000000000000  5.56697320938110352  28.98184013366699219
5210    0.39817699790000916  7.97532415390014648  26.47800064086914063
5211    -12.48400020599365234  -0.02467600069940090  34.49472045898437500
5212    11.45341014862060547  7.97532415390014648  45.94559097290039063
5213    8.95953559875488281  7.97532415390014648  53.04074096679687500
5214    9.20597457885742188  7.97532415390014648  54.71506881713867188
5215    15.00000000000000000  -0.02467600069940090  24.28153991699218750
5216    -9.06296634674072266  -0.02467600069940090  27.93292999267578125
5217    5.77278804779052734  -0.02467600069940090  52.48069000244140625
5218    -9.09560489654541016  -0.02467600069940090  53.14786911010742188
5219    15.00000000000000000  26.92410087585449219  -77.33178710937500000
5220    13.50977993011474609  7.97532415390014648  59.24708938598632813
5221    5.69277191162109375  7.97532415390014648  48.59474182128906250
5222    -9.33482742309570313  7.97532415390014648  49.58469009399414063
5223    -12.99411964416503906  7.97532415390014648  43.87440109252929688
5224    -11.63906002044677734  -0.02467600069940090  16.70523071289062500
5225    15.00000000000000000  2.27903008460998535  48.17314910888671875
5226    15.00000000000000000  -0.02467600069940090  47.54204177856445313
5227    15.00000000000000000  0.89594799280166626  46.66490173339843750
5228    15.00000000000000000  26.03583908081054688  -63.17528915405273438
5229    15.00000000000000000  24.51725006103515625  -83.47579956054687500
5230    15.00000000000000000  27.90782928466796875  -69.32594299316406250
5231    -15.00000000000000000  1.29098594188690186  52.43692016601562500
5232    -15.00000000000000000  4.69427394866943359  25.37237930297851563
5233    4.22987413406372070  7.97532415390014648  27.65456008911132813
5234    -8.40120792388916016  24.51725006103515625  -82.56730651855468750
5235    -10.27801990509033203  -0.02467600069940090  27.35703086853027344
5236    -10.11402034759521484  -0.02467600069940090  52.38393020629882813
5237    -3.43377304077148438  -0.02467600069940090  40.86460113525390625
5238    -10.76315975189208984  -0.02467600069940090  39.63296890258789063
5239    15.00000000000000000  7.97532415390014648  52.32719039916992188
5240    3.05332803726196289  7.97532415390014648  52.43510055541992188
5241    3.19135999679565430  7.97532415390014648  39.73751068115234375
5242    -1.44783794879913330  7.97532415390014648  28.49700927734375000
5243    -10.68276977539062500  26.88311004638671875  -16.74902915954589844
5244    15.00000000000000000  4.92540407180786133  21.24604034423828125
5245    15.00000000000000000  26.73974037170410156  -64.83811187744140625
5246    -6.15234422683715820  7.97532415390014648  64.14360046386718750
5247    -15.00000000000000000  30.05228042602539063  -49.27505111694335938
5248    -7.84546518325805664  7.97532415390014648  52.46786117553710938
5249    1.78913795948028564  7.97532415390014648  39.49464035034179688
5250    15.00000000000000000  25.46511077880859375  -74.92720031738281250
5251    15.00000000000000000  30.75625991821289063  -85.47969055175781250
5252    -15.00000000000000000  7.07283115386962891  54.45594024658203125
5253    -15.00000000000000000  28.69555091857910156  -65.77187347412109375
5254    -7.00000000000000000  32.51725006103515625  -76.02179718017578125
5255    -7.00000000000000000  32.51725006103515625  -78.11337280273437500
5256    -7.00000000000000000  32.51725006103515625  -85.24233245849609375
5257    15.00000000000000000  32.51725006103515625  -82.71896362304687500
5258    -15.00000000000000000  30.69231033325195313  -43.50817108154296875
5259    15.00000000000000000  7.97532415390014648  59.94438171386718750
5260    15.00000000000000000  7.97532415390014648  55.45219039916992188
5261    15.00000000000000000  7.97532415390014648  51.44829177856445313
5262    15.00000000000000000  7.97532415390014648  48.46976852416992188
5263    15.00000000000000000  7.97532415390014648  39.24126052856445313
5264    15.00000000000000000  7.97532415390014648  36.06742858886718750
5265    15.00000000000000000  7.97532415390014648  33.57719039916992188
5266    15.00000000000000000  7.97532415390014648  31.42876052856445313
5267    15.00000000000000000  7.97532415390014648  29.81743049621582031
5268    15.00000000000000000  7.97532415390014648  22.93265914916992188
5269    15.00000000000000000  7.97532415390014648  21.61429977416992188
5270    15.00000000000000000  7.97532415390014648  17.51273918151855469
5271    15.00000000000000000  -0.02467600069940090  49.32426071166992188
5272    15.00000000000000000  6.95002412796020508  33.20000076293945313
5273    -15.00000000000000000  8.06318283081054688  -2.31351304054260254
5274    -15.00000000000000000  8.10422515869140625  0.76186197996139526
5275    -0.18262599408626556  32.51670074462890625  -36.73857879638671875
5276    -11.60037994384765625  32.51725006103515625  -82.38427734375000000
5277    -15.00000000000000000  5.55318689346313477  0.08803699910640717
5278    -12.25397968292236328  8.33214569091796875  10.25343990325927734
5279    9.28066062927246094  32.51725006103515625  -54.13993072509765625
5280    12.05897045135498047  12.48653984069824219  0.82784199714660645
5281    -7.28755283355712891  24.51725006103515625  -37.40711975097656250
5282    2.83652210235595703  24.02551078796386719  -31.32567024230957031
5283    15.00000000000000000  2.27715992927551270  6.59603309631347656
5284    9.53801727294921875  29.63899040222167969  -86.62521362304687500
5285    -3.48932695388793945  7.98714017868041992  13.99604988098144531
5286    -12.40484046936035156  32.51725006103515625  -61.52788925170898438
5287    -7.75953722000122070  24.51725006103515625  -85.00549316406250000
5288    6.54492092132568359  31.33391952514648438  -27.31339073181152344
5289    7.00000000000000000  25.31127929687500000  -69.66165924072265625
5290    -8.41983890533447266  8.98759078979492188  7.61641883850097656
5291    10.66571998596191406  5.53729391098022461  -3.22814607620239258
5292    2.49438190460205078  32.51725006103515625  -37.98189926147460938
5293    -15.00000000000000000  3.29517889022827148  18.08116912841796875
5294    -9.88710880279541016  24.47801971435546875  -13.28427982330322266
5295    9.54218387603759766  26.41333007812500000  -15.98845958709716797
5296    15.00000000000000000  25.32708930969238281  -39.37342071533203125
5297    -1.85334694385528564  20.85330009460449219  -22.30019950866699219
5298    -1.84791696071624756  4.03064298629760742  -0.87577700614929199
5299    4.55481004714965820  26.65630912780761719  -16.36788940429687500
5300    -12.55807018280029297  32.39139175415039063  -33.73986053466796875
5301    -15.00000000000000000  27.34049034118652344  -56.56884002685546875
5302    5.54476594924926758  24.46092987060546875  -35.20035171508789063
5303    3.82048511505126953  29.27486991882324219  -45.55400085449218750
5304    -15.00000000000000000  27.58313941955566406  -55.24658966064453125
5305    -13.73361968994140625  8.08832168579101563  12.02381992340087891
5306    11.32044029235839844  24.51725006103515625  -82.75585937500000000
5307    -4.14625883102416992  24.31741905212402344  -33.36511993408203125
5308    10.43731021881103516  20.81034088134765625  -22.22393035888671875
5309    10.56048965454101563  3.90436506271362305  -0.65191197395324707
5310    7.00000000000000000  25.51222991943359375  -75.76422882080078125
5311    9.43552303314208984  32.51725006103515625  -60.80863952636718750
5312    14.09636020660400391  32.51725006103515625  -71.17198181152343750
5313    -13.31595039367675781  32.51725006103515625  -82.97937774658203125
5314    -10.16670036315917969  31.49420928955078125  -27.94482040405273438
5315    -12.66133975982666016  24.51725006103515625  -67.13938140869140625
5316    -15.00000000000000000  5.77833414077758789  17.66947937011718750
5317    -9.13784503936767578  24.51725006103515625  -75.35489654541015625
5318    4.74908399581909180  7.97532415390014648  30.82475090026855469
5319    3.24529099464416504  7.97532415390014648  31.79307937622070313
5320    10.96259975433349609  11.81772994995117188  1.75190699100494385
5321    12.92535018920898438  24.51725006103515625  -72.43435668945312500
5322    -13.53413963317871094  2.95240092277526855  1.16224002838134766
5323    -13.38537979125976563  0.69766300916671753  7.68300294876098633
5324    10.16018962860107422  7.97556781768798828  16.12606048583984375
5325    -14.04590034484863281  24.51725006103515625  -67.62310791015625000
5326    -7.00000000000000000  24.51725006103515625  -72.11447906494140625
5327    15.00000000000000000  1.46774995326995850  43.89170837402343750
5328    4.44260406494140625  -0.02467600069940090  31.13249969482421875
5329    2.32779788970947266  7.97532415390014648  46.06306838989257813
5330    1.48952102661132813  7.97532415390014648  22.04303932189941406
5331    15.00000000000000000  2.79148888587951660  49.21252059936523438
5332    -15.00000000000000000  25.86706924438476563  -40.14303970336914063
5333    2.49827599525451660  7.97532415390014648  33.43643951416015625
5334    -4.52636718750000000  7.97532415390014648  64.14360046386718750
5335    -9.09667968750000000  7.97532415390014648  64.14360046386718750
5336    -13.68587017059326172  32.51725006103515625  -62.28662109375000000
5337    -15.00000000000000000  25.61610031127929688  -51.62025070190429688
5338    7.44346618652343750  7.97532415390014648  58.58280944824218750
5339    3.11925506591796875  7.97532415390014648  58.40229034423828125
5340    1.95413994789123535  7.97532415390014648  57.43376159667968750
5341    15.00000000000000000  28.22562980651855469  -65.12552642822265625
5342    9.52569675445556641  24.51725006103515625  -53.41405105590820313
5343    -7.00000000000000000  32.51725006103515625  -79.87167358398437500
5344    -15.00000000000000000  3.10938811302185059  19.99054908752441406
5345    1.82635605335235596  7.97532415390014648  51.98711013793945313
5346    15.00000000000000000  1.84862899780273438  59.68891143798828125
5347    15.00000000000000000  1.30175495147705078  32.17638015747070313
5348    12.53921031951904297  32.51725006103515625  -72.54940795898437500
5349    -7.00000000000000000  32.51725006103515625  -71.00357818603515625
5350    -8.61561775207519531  31.52157974243164063  -86.62521362304687500
5351    -10.93519020080566406  8.38363647460937500  9.99971485137939453
5352    -13.69684982299804688  10.88156032562255859  3.24014592170715332
5353    -6.71361398696899414  29.72683906555175781  -22.39389038085937500
5354    -10.05949974060058594  22.77033042907714844  -26.60115051269531250
5355    9.68437480926513672  6.22155284881591797  -4.14757013320922852
5356    -5.21879577636718750  -0.02467600069940090  16.76332092285156250
5357    15.00000000000000000  29.81168937683105469  -50.30992889404296875
5358    13.79008007049560547  24.51725006103515625  -59.52478027343750000
5359    7.00000000000000000  24.51725006103515625  -62.73690032958984375
5360    -11.84562015533447266  32.51725006103515625  -77.43604278564453125
5361    -7.75836706161499023  32.51725006103515625  -65.08522033691406250
5362    -15.00000000000000000  29.21417045593261719  -54.29790115356445313
5363    13.71207046508789063  7.97532415390014648  40.44623947143554688
5364    -1.01833498477935791  7.97532415390014648  38.43381118774414063
5365    -1.62234103679656982  7.97532415390014648  16.67627906799316406
5366    4.06760883331298828  25.04066085815429688  -14.00543022155761719
5367    -15.00000000000000000  24.51725006103515625  -58.89083862304687500
5368    -5.46643877029418945  23.13826942443847656  -27.68498992919921875
5369    -5.53234577178955078  22.58061027526855469  -26.08720970153808594
5370    -7.79542922973632813  -0.02467600069940090  25.49014091491699219
5371    5.38901710510253906  7.97532415390014648  57.08485031127929688
5372    -15.00000000000000000  2.01938605308532715  54.11381912231445313
5373    15.00000000000000000  1.28917598724365234  61.30200958251953125
5374    15.00000000000000000  0.62929397821426392  59.87842941284179688
5375    -15.00000000000000000  25.70807075500488281  -72.25710296630859375
5376    15.00000000000000000  3.58472704887390137  37.73614120483398438
5377    12.32234954833984375  7.97532415390014648  59.52050018310546875
5378    -13.70705032348632813  24.51725006103515625  -85.52586364746093750
5379    6.89873313903808594  7.97532415390014648  24.98361968994140625
5380    -11.46245956420898438  24.51725006103515625  -44.84418106079101563
5381    13.66563034057617188  -0.02467600069940090  23.40848922729492188
5382    15.00000000000000000  0.95799601078033447  51.34399032592773438
5383    -1.75963199138641357  7.97532415390014648  31.61047935485839844
5384    -15.00000000000000000  30.02043914794921875  -85.34236907958984375
5385    -15.00000000000000000  27.53862953186035156  -66.77822113037109375
5386    3.47561001777648926  7.97532415390014648  62.60979080200195313
5387    -9.97796440124511719  7.97532415390014648  48.09157180786132813
5388    7.38243913650512695  -0.02467600069940090  17.60621070861816406
5389    -6.92764997482299805  -0.02467600069940090  16.79029083251953125
5390    -7.63742113113403320  -0.02467600069940090  28.74114990234375000
5391    15.00000000000000000  27.36875915527343750  -62.15404891967773438
5392    15.00000000000000000  25.70519065856933594  -79.79284667968750000
5393    13.91123962402343750  32.51725006103515625  -41.83908081054687500
5394    3.75970792770385742  7.97532415390014648  22.28532981872558594
5395    14.00131988525390625  7.97532415390014648  53.38565826416015625
5396    12.86026000976562500  7.97532415390014648  52.55844116210937500
5397    5.52438592910766602  7.97532415390014648  53.29824066162109375
5398    13.68023014068603516  7.97532415390014648  41.86688995361328125
5399    4.73166084289550781  7.97532415390014648  36.28023147583007813
5400    2.46811008453369141  7.97532415390014648  30.73028945922851563
5401    -8.03855323791503906  30.55487060546875000  -24.64746093750000000
5402    -12.45674037933349609  24.00262069702148438  -31.20051002502441406
5403    13.61522960662841797  7.97532415390014648  43.86571884155273438
5404    10.86797046661376953  7.97532415390014648  56.96324920654296875
5405    9.78783035278320313  7.97532415390014648  56.97116851806640625
5406    9.86524009704589844  7.97532415390014648  35.48003005981445313
5407    4.68357896804809570  7.97532415390014648  62.06251144409179688
5408    -1.46023702621459961  24.51725006103515625  -38.15655899047851563
5409    15.00000000000000000  29.79634094238281250  -42.49504089355468750
5410    15.00000000000000000  26.97094917297363281  -58.62039184570312500
5411    -15.00000000000000000  1.76543998718261719  49.34037017822265625
5412    -8.14898395538330078  31.12903022766113281  -26.50740051269531250
5413    -2.75624799728393555  -0.02467600069940090  46.99238967895507813
5414    -2.20423793792724609  -0.02467600069940090  52.75556182861328125
5415    -15.00000000000000000  0.80455601215362549  54.21601867675781250
5416    -15.00000000000000000  4.45393705368041992  37.02859878540039063
5417    13.96895027160644531  7.97532415390014648  57.59872055053710938
5418    12.91454029083251953  7.97532415390014648  37.20972824096679688
5419    10.07954025268554688  7.97532415390014648  36.80384063720703125
5420    6.09682607650756836  7.97532415390014648  50.22803878784179688
5421    2.28233098983764648  7.97532415390014648  62.82767868041992188
5422    7.89537715911865234  7.97532415390014648  22.51057052612304688
5423    -7.74683189392089844  -0.02467600069940090  23.57405090332031250
5424    10.58458042144775391  7.97532415390014648  47.03207015991210938
5425    11.21137046813964844  30.85511970520019531  -25.55348968505859375
5426    7.05623912811279297  7.97532415390014648  51.26829147338867188
5427    4.18583202362060547  7.97532415390014648  51.95669174194335938
5428    4.22764110565185547  7.97532415390014648  63.25667953491210938
5429    0.11165799945592880  7.97532415390014648  50.33269882202148438
5430    15.00000000000000000  30.40427970886230469  -57.94429016113281250
5431    -15.00000000000000000  3.21842908859252930  27.45797920227050781
5432    -15.00000000000000000  3.33124709129333496  26.04917907714843750
5433    9.46715545654296875  7.97532415390014648  39.72966003417968750
5434    -8.43034458160400391  7.97532415390014648  55.03730010986328125
5435    -15.00000000000000000  7.97532415390014648  52.18070983886718750
5436    7.30989313125610352  7.97532415390014648  27.47279930114746094
5437    -12.88634014129638672  23.07932090759277344  -27.48789978027343750
5438    -15.00000000000000000  28.31189918518066406  -51.38713836669921875
5439    13.73733043670654297  30.53257942199707031  -24.58020973205566406
5440    1.36200594902038574  -0.02467600069940090  18.77312088012695313
5441    15.00000000000000000  1.50333499908447266  27.54648971557617188
5442    15.00000000000000000  32.51725006103515625  -66.69724273681640625
5443    -15.00000000000000000  32.51725006103515625  -63.62717056274414063
5444    -15.00000000000000000  5.81619119644165039  27.77544021606445313
5445    -6.98889493942260742  7.97532415390014648  60.35337829589843750
5446    12.54181003570556641  -0.02467600069940090  17.67686080932617188
5447    -3.13476610183715820  7.97532415390014648  64.14360046386718750
5448    11.72276973724365234  7.97532415390014648  30.71756935119628906
5449    12.48952960968017578  7.97532415390014648  42.58980178833007813
5450    4.63491916656494141  7.97532415390014648  29.31760978698730469
5451    13.81379032135009766  7.97532415390014648  54.57064819335937500
5452    3.61198806762695313  7.97532415390014648  48.87619018554687500
5453    4.82477807998657227  7.97532415390014648  26.39716911315917969
5454    12.68906021118164063  7.97532415390014648  25.41397094726562500
5455    10.81606006622314453  7.97532415390014648  29.54315948486328125
5456    3.72880196571350098  7.97532415390014648  53.78324890136718750
5457    5.50466585159301758  7.97532415390014648  34.96875000000000000
5458    14.02785015106201172  7.97532415390014648  47.25201034545898438
5459    5.87079191207885742  7.97532415390014648  58.41144943237304688
5460    12.20613002777099609  24.51725006103515625  -60.05686950683593750
5461    -4.04837799072265625  -0.02467600069940090  17.32909011840820313
5462    7.05958080291748047  7.97532415390014648  52.59133911132812500
5463    4.95374202728271484  7.97532415390014648  50.96820068359375000
5464    9.87471199035644531  7.97532415390014648  25.32316970825195313
5465    7.90417623519897461  7.97532415390014648  39.32748031616210938
5466    5.08205080032348633  7.97532415390014648  40.05384063720703125
5467    -7.00000000000000000  32.51725006103515625  -66.72850036621093750
5468    -7.00000000000000000  32.51725006103515625  -69.10355377197265625
5469    13.52772998809814453  7.97532415390014648  16.26367950439453125
5470    13.58106994628906250  7.97532415390014648  18.83786964416503906
5471    12.26821041107177734  7.97532415390014648  44.34693908691406250
5472    8.08541393280029297  7.97532415390014648  44.28187179565429688
5473    9.00968170166015625  7.97532415390014648  55.93321990966796875
5474    1.82939302921295166  7.97532415390014648  59.66577148437500000
5475    7.91465377807617188  7.97532415390014648  53.78295898437500000
5476    -0.44268798828125000  7.97532415390014648  33.68518066406250000
5477    -15.00000000000000000  27.25271987915039063  -85.77163696289062500
5478    -15.00000000000000000  26.08061981201171875  -85.52993774414062500
5479    13.51325035095214844  7.97532415390014648  20.62425994873046875
5480    8.84792137145996094  7.97532415390014648  37.95394134521484375
5481    6.86208200454711914  7.97532415390014648  56.80049896240234375
5482    6.72821617126464844  7.97532415390014648  47.25942993164062500
5483    5.95104694366455078  7.97532415390014648  44.88241958618164063
5484    -0.27114999294281006  7.97532415390014648  23.42989921569824219
5485    10.66864967346191406  7.97532415390014648  45.00468063354492188
5486    13.98332977294921875  7.97532415390014648  25.52050971984863281
5487    11.64762973785400391  7.97532415390014648  23.70235061645507813
5488    15.00000000000000000  1.22548198699951172  21.10775947570800781
5489    11.29368019104003906  7.97532415390014648  58.22523880004882813
5490    12.46337985992431641  7.97532415390014648  32.46875000000000000
5491    4.51203584671020508  7.97532415390014648  57.67509841918945313
5492    12.81221008300781250  7.97532415390014648  45.50931930541992188
5493    11.68330955505371094  7.97532415390014648  37.91978836059570313
5494    15.00000000000000000  27.72937011718750000  -85.76718139648437500
5495    8.55780506134033203  7.97532415390014648  51.86555099487304688
5496    9.70957088470458984  7.97532415390014648  52.07778167724609375
5497    -15.00000000000000000  25.78379058837890625  -66.82643127441406250
5498    13.72401046752929688  7.97532415390014648  51.75698089599609375
5499    10.23857975006103516  7.97532415390014648  38.35622024536132813
5500    5.73085212707519531  7.97532415390014648  51.51153182983398438
5501    2.40925693511962891  7.97532415390014648  47.85718154907226563
5502    11.51095008850097656  7.97532415390014648  39.21789932250976563
5503    8.08546352386474609  7.97532415390014648  45.86463928222656250
5504    5.73478507995605469  7.97532415390014648  24.29883956909179688
5505    -0.39875000715255737  7.97532415390014648  57.98825073242187500
5506    -13.69655036926269531  -0.02467600069940090  62.28607940673828125
5507    -0.88243299722671509  26.43943023681640625  -38.70425033569335938
5508    15.00000000000000000  7.49229812622070313  9.97005367279052734
5509    -3.11893701553344727  27.53063011169433594  -43.91442108154296875
5510    -10.18669033050537109  32.51725006103515625  -37.58465957641601563
5511    6.07673501968383789  28.46235084533691406  -50.87004089355468750
5512    6.20465183258056641  26.93561935424804688  -51.17435073852539063
5513    4.55172300338745117  32.51725006103515625  -43.48334121704101563
5514    -9.95392417907714844  24.51725006103515625  -51.09524917602539063
5515    2.05526208877563477  23.72760963439941406  -29.84794044494628906
5516    15.00000000000000000  21.07375907897949219  -20.47130966186523438
5517    15.00000000000000000  24.98258018493652344  -24.88318061828613281
5518    0.67589300870895386  30.09256935119628906  -38.37639999389648438
5519    15.00000000000000000  2.72692990303039551  11.31476020812988281
5520    -0.92292797565460205  30.59543037414550781  -38.78826904296875000
5521    -5.80332517623901367  20.89056015014648438  -22.36875915527343750
5522    -2.55401992797851563  27.59052085876464844  -42.59416961669921875
5523    -3.67577695846557617  32.51725006103515625  -39.25756835937500000
5524    -15.00000000000000000  17.80732917785644531  -8.18541908264160156
5525    -5.99491882324218750  27.66913032531738281  -50.65658950805664063
5526    -7.67469978332519531  32.51725006103515625  -46.12522125244140625
5527    -15.00000000000000000  6.68360900878906250  1.30192005634307861
5528    -15.00000000000000000  23.84826087951660156  -18.48307037353515625
5529    -15.00000000000000000  27.13497924804687500  -24.21196937561035156
5530    3.05566406250000000  32.51725006103515625  -40.58042144775390625
5531    4.98067092895507813  32.51725006103515625  -40.47040939331054688
5532    9.15490627288818359  32.51554870605468750  -36.58666992187500000
5533    -13.24460029602050781  32.51725006103515625  -41.30813980102539063
5534    9.06060981750488281  20.50462913513183594  -8.56997966766357422
5535    8.87292098999023438  32.32178878784179688  -32.99679183959960938
5536    8.19297790527343750  24.51725006103515625  -73.04447174072265625
5537    10.08740997314453125  24.51725006103515625  -39.33417129516601563
5538    8.70823097229003906  3.52401804924011230  0.02339500002563000
5539    15.00000000000000000  8.88735008239746094  -5.92574214935302734
5540    3.26566004753112793  30.19704055786132813  -44.25733184814453125
5541    6.32703876495361328  32.51725006103515625  -39.87717819213867188
5542    0.00917399954050779  9.33545684814453125  6.58418083190917969
5543    2.40210604667663574  18.83592033386230469  -19.08083915710449219
5544    3.15273499488830566  13.33539009094238281  -12.50504016876220703
5545    -2.89465308189392090  29.21117019653320313  -43.39025115966796875
5546    2.70793890953063965  32.50510025024414063  -36.33869934082031250
5547    -4.03845882415771484  32.51725006103515625  -37.51842880249023438
5548    -10.99153995513916016  32.51725006103515625  -60.77909088134765625
5549    10.98437976837158203  32.51725006103515625  -86.62521362304687500
5550    -15.00000000000000000  17.55496978759765625  -15.50076007843017578
5551    -15.00000000000000000  1.67315196990966797  14.95386981964111328
5552    -2.26699995994567871  10.68498992919921875  3.60874605178833008
5553    -11.55169010162353516  16.78882026672363281  -4.25663900375366211
5554    7.78084421157836914  24.51725006103515625  -68.15583801269531250
5555    6.99717712402343750  24.51725006103515625  -49.13721084594726563
5556    7.63295221328735352  24.51725006103515625  -38.71825027465820313
5557    4.42160177230834961  1.89981102943420410  3.63983798027038574
5558    3.72668194770812988  0.44160100817680359  8.96319198608398438
5559    15.00000000000000000  3.80101299285888672  6.21995401382446289
5560    15.00000000000000000  27.25208091735839844  -33.27046966552734375
5561    14.99999046325683594  24.51725006103515625  -36.99909973144531250
5562    9.03514480590820313  32.51725006103515625  -76.13668823242187500
5563    -10.12654972076416016  24.51725006103515625  -82.15158843994140625
5564    12.23311996459960938  30.40307998657226563  -24.18942070007324219
5565    12.35871028900146484  0.62311297655105591  8.05357933044433594
5566    15.00000000000000000  25.25908088684082031  -23.78156089782714844
5567    -7.00000000000000000  24.51725006103515625  -63.93209075927734375
5568    -7.00000000000000000  30.43338012695312500  -56.53279113769531250
5569    15.00000000000000000  24.51725006103515625  -85.33126831054687500
5570    4.47016716003417969  20.87770080566406250  -22.34815025329589844
5571    -15.00000000000000000  1.58834195137023926  61.52667999267578125
5572    -7.51408004760742188  7.97532415390014648  17.79619979858398438
5573    -8.06898212432861328  24.51725006103515625  -75.35640716552734375
5574    -3.48007106781005859  1.88561105728149414  3.67628693580627441
5575    3.60830307006835938  0.23782800137996674  10.35721969604492188
5576    7.00000000000000000  26.01549911499023438  -82.26304626464843750
5577    -5.50974178314208984  6.44698095321655273  -4.43118476867675781
5578    -12.22953033447265625  32.51725006103515625  -63.26065063476562500
5579    -8.77260971069335938  17.35783958435058594  -4.91716098785400391
5580    14.13076019287109375  32.51725006103515625  -82.38739776611328125
5581    -3.44497799873352051  7.97532415390014648  49.48115158081054688
5582    -4.07437801361083984  7.97532415390014648  45.97372055053710938
5583    -4.12896776199340820  21.40000915527343750  -9.60933494567871094
5584    2.54897999763488770  0.37149500846862793  9.32001495361328125
5585    7.00000000000000000  32.51725006103515625  -64.51435089111328125
5586    9.42952728271484375  7.97873497009277344  14.58858966827392578
5587    3.53412199020385742  25.97406005859375000  -15.34657001495361328
5588    10.10350036621093750  31.67868995666503906  -28.71249008178710938
5589    12.50304031372070313  24.51725006103515625  -67.41953277587890625
5590    -8.44785690307617188  24.51725006103515625  -57.82007980346679688
5591    -12.00652980804443359  24.51725006103515625  -74.91030883789062500
5592    12.59626960754394531  14.19857025146484375  -13.50701999664306641
5593    3.66835808753967285  11.05008983612060547  -9.85225105285644531
5594    13.74363994598388672  1.98068702220916748  3.42097306251525879
5595    -5.16227817535400391  7.97532415390014648  35.46456909179687500
5596    -2.48414707183837891  7.97532415390014648  15.36007976531982422
5597    -7.26509284973144531  20.01523017883300781  -8.00187397003173828
5598    7.00000000000000000  30.59720039367675781  -60.90251922607421875
5599    12.81017971038818359  32.51725006103515625  -52.69384002685546875
5600    -9.65848827362060547  8.97274017333984375  7.66346120834350586
5601    -12.28252983093261719  25.22789955139160156  -14.26626014709472656
5602    -11.12975025177001953  32.22912979125976563  -32.13140869140625000
5603    -14.03024959564208984  24.51725006103515625  -73.72234344482421875
5604    9.44978618621826172  24.11614990234375000  -31.81159973144531250
5605    4.04130315780639648  21.93413925170898438  -24.49898910522460938
5606    2.95877599716186523  9.23753166198730469  -7.74821901321411133
5607    -7.82706785202026367  2.18060302734375000  2.90753388404846191
5608    7.00000000000000000  26.24381065368652344  -86.62521362304687500
5609    7.00000000000000000  28.79524993896484375  -66.96307373046875000
5610    7.00000000000000000  30.02265930175781250  -65.99416351318359375
5611    7.00000000000000000  31.42663955688476563  -71.53352355957031250
5612    -7.00000000000000000  26.17069053649902344  -71.33000183105468750
5613    -7.00000000000000000  28.30883979797363281  -62.20491027832031250
5614    -7.00000000000000000  29.53793907165527344  -83.89553833007812500
5615    -8.43727016448974609  32.51725006103515625  -42.90150070190429688
5616    8.85139179229736328  3.91191005706787109  64.14360046386718750
5617    -5.23819303512573242  7.98916721343994141  13.85507011413574219
5618    -1.53525900840759277  9.49479675292968750  6.15369176864624023
5619    -0.43478301167488098  19.83935928344726563  -7.79771995544433594
5620    -2.60931897163391113  19.49745941162109375  -7.40084409713745117
5621    13.80430030822753906  24.14463996887207031  -31.94424057006835938
5622    5.43567800521850586  17.74109077453613281  -17.66733932495117188
5623    -1.92288303375244141  11.71496963500976563  -10.62405014038085938
5624    -2.52723407745361328  10.04638957977294922  -8.68715000152587891
5625    -4.08843278884887695  11.25146007537841797  -10.08600997924804688
5626    -10.11355018615722656  5.07393503189086914  -2.54534506797790527
5627    -7.74316883087158203  1.68229794502258301  4.22512388229370117
5628    2.78272104263305664  -0.02467600069940090  16.45165061950683594
5629    8.19797611236572266  -0.02467600069940090  30.13542938232421875
5630    -7.00000000000000000  30.65509986877441406  -81.44795227050781250
5631    8.01202201843261719  32.51725006103515625  -68.50054168701171875
5632    13.66495037078857422  32.51725006103515625  -46.45874023437500000
5633    -7.00000000000000000  25.86100006103515625  -86.62521362304687500
5634    13.71094036102294922  -0.02467600069940090  64.14360046386718750
5635    -11.38685989379882813  1.14526200294494629  64.14360046386718750
5636    4.36902284622192383  6.89797592163085938  64.14360046386718750
5637    -9.77217292785644531  7.97532415390014648  61.47109985351562500
5638    6.44595909118652344  14.43064975738525391  -1.51925599575042725
5639    12.09403991699218750  19.32689094543457031  -7.20284891128540039
5640    0.45704799890518188  17.34600067138671875  -4.90341997146606445
5641    -1.18903601169586182  23.78852081298828125  -12.42385005950927734
5642    6.01192617416381836  28.25752067565917969  -19.18717956542968750
5643    2.35947489738464355  29.68228912353515625  -22.28585052490234375
5644    6.97844600677490234  29.37187004089355469  -21.53306007385253906
5645    5.51640081405639648  29.37527084350585938  -21.54155921936035156
5646    1.74061501026153564  31.57760047912597656  -28.28243064880371094
5647    9.62036895751953125  31.94511032104492188  -30.19005966186523438
5648    11.77894973754882813  24.51725006103515625  -76.75412750244140625
5649    8.38232898712158203  24.51725006103515625  -56.56031036376953125
5650    9.40806674957275391  24.51725006103515625  -61.05955886840820313
5651    11.13160037994384766  24.51725006103515625  -56.94049835205078125
5652    -13.26976966857910156  24.51725006103515625  -66.08084869384765625
5653    -15.00000000000000000  24.51725006103515625  -74.24727630615234375
5654    -11.57355022430419922  24.51725006103515625  -73.39920806884765625
5655    -3.93104791641235352  22.41901016235351563  -25.65362930297851563
5656    6.83250284194946289  16.14690971374511719  -15.76867961883544922
5657    3.68554806709289551  16.69603919982910156  -16.40611076354980469
5658    3.69674897193908691  9.98424530029296875  -8.61500930786132813
5659    12.55160999298095703  6.81104612350463867  -4.88920688629150391
5660    -0.85633397102355957  0.21242900192737579  10.57050991058349609
5661    13.70952033996582031  0.01418299973011017  13.16104030609130859
5662    -1.19839894771575928  31.67079925537109375  -28.66356086730957031
5663    10.31453037261962891  24.51725006103515625  -45.54679107666015625
5664    0.17959499359130859  18.63031959533691406  -18.81591033935546875
5665    15.00000000000000000  0.99178802967071533  41.18465042114257813
5666    15.00000000000000000  2.23785996437072754  23.20299911499023438
5667    3.74988102912902832  7.97532415390014648  34.75455093383789063
5668    15.00000000000000000  3.15962195396423340  13.97663021087646484
5669    -13.71671962738037109  31.57545089721679688  -86.62521362304687500
5670    -12.86026000976562500  7.97532415390014648  61.10060882568359375
5671    -7.15762615203857422  20.60605049133300781  -21.86133956909179688
5672    -3.14114308357238770  7.97532415390014648  29.26362037658691406
5673    6.61605978012084961  -0.02467600069940090  39.26951980590820313
5674    4.03667211532592773  -0.02467600069940090  38.82648086547851563
5675    11.18342018127441406  7.97532415390014648  26.49556922912597656
5676    11.37619972229003906  7.97532415390014648  25.23171997070312500
5677    -15.00000000000000000  7.97532415390014648  62.45903015136718750
5678    -1.86915504932403564  32.42095947265625000  -34.06803894042968750
5679    15.00000000000000000  7.97532415390014648  63.06938171386718750
5680    15.00000000000000000  0.72368997335433960  14.47200965881347656
5681    15.00000000000000000  4.60210418701171875  -1.78180396556854248
5682    10.25323963165283203  24.51725006103515625  -51.79261016845703125
5683    10.15942955017089844  -0.02467600069940090  59.62725830078125000
5684    -14.01821994781494141  7.97532415390014648  61.51206970214843750
5685    15.00000000000000000  30.26564979553222656  -79.90170288085937500
5686    1.73965895175933838  29.08789062500000000  -20.86940002441406250
5687    10.35282993316650391  -0.02467600069940090  35.00143051147460938
5688    15.00000000000000000  27.72454071044921875  -56.26979064941406250
5689    1.66196000576019287  -0.02467600069940090  29.17630958557128906
5690    -7.00000000000000000  30.04431915283203125  -62.23683929443359375
5691    -12.17593002319335938  0.89964497089385986  6.80133295059204102
5692    -15.00000000000000000  4.65696001052856445  60.64627838134765625
5693    -6.40803289413452148  7.97532415390014648  57.12696075439453125
5694    -7.08729982376098633  30.71125984191894531  -25.11939048767089844
5695    11.80498027801513672  -0.02467600069940090  31.00572967529296875
5696    -13.43799018859863281  -0.02467600069940090  15.94501018524169922
5697    -14.04578018188476563  -0.02467600069940090  45.32752990722656250
5698    15.00000000000000000  -0.02467600069940090  21.43120002746582031
5699    -9.22595500946044922  7.97532415390014648  20.13524055480957031
5700    10.36324024200439453  -0.02467600069940090  51.31253814697265625
5701    -15.00000000000000000  4.00892782211303711  30.62591934204101563
5702    -2.73304796218872070  7.97532415390014648  34.02262878417968750
5703    13.59599971771240234  -0.02467600069940090  38.46665954589843750
5704    -5.32886695861816406  -0.02467600069940090  53.25080108642578125
5705    7.98398303985595703  -0.02467600069940090  22.67568969726562500
5706    12.66259956359863281  -0.02467600069940090  40.14239120483398438
5707    -9.30083465576171875  -0.02467600069940090  21.10910987854003906
5708    -13.79401969909667969  -0.02467600069940090  54.74229049682617188
5709    15.00000000000000000  25.98456954956054688  -45.11019897460937500
5710    -1.82947599887847900  -0.02467600069940090  58.13267898559570313
5711    12.04226970672607422  7.97532415390014648  53.73254013061523438
5712    -12.51093959808349609  28.02475929260253906  -18.71998977661132813
5713    13.95289039611816406  31.85390090942382813  -29.68239021301269531
5714    3.35986900329589844  -0.02467600069940090  41.94527816772460938
5715    -15.00000000000000000  5.64493989944458008  44.12833023071289063
5716    -15.00000000000000000  27.60364913940429688  -49.91637039184570313
5717    7.42527103424072266  -0.02467600069940090  29.43841934204101563
5718    -13.53757953643798828  23.69325065612792969  -29.67304039001464844
5719    -14.14161014556884766  23.06850051879882813  -27.44088935852050781
5720    -14.02976989746093750  20.29356002807617188  -21.30734062194824219
5721    -7.68585777282714844  -0.02467600069940090  33.78654098510742188
5722    -7.97503280639648438  -0.02467600069940090  35.61128997802734375
5723    15.00000000000000000  2.49161291122436523  57.93296051025390625
5724    -4.44224023818969727  7.97532415390014648  30.25934982299804688
5725    -12.28347015380859375  7.97532415390014648  40.50656890869140625
5726    0.45223799347877502  29.22681999206542969  -21.18129920959472656
5727    5.47909402847290039  -0.02467600069940090  24.54582977294921875
5728    -11.87882995605468750  -0.02467600069940090  39.21158981323242188
5729    15.00000000000000000  27.47883987426757813  -54.59976959228515625
5730    -15.00000000000000000  32.51725006103515625  -51.36138916015625000
5731    -15.00000000000000000  0.82959699630737305  63.21680068969726563
5732    -15.00000000000000000  -0.02467600069940090  62.53226852416992188
5733    -15.00000000000000000  2.24254989624023438  24.18198013305664063
5734    -15.00000000000000000  26.75097084045410156  -71.14064788818359375
5735    -14.05741024017333984  7.97532415390014648  48.22220993041992188
5736    8.39159774780273438  -0.02467600069940090  25.35668945312500000
5737    13.50675010681152344  -0.02467600069940090  29.01837921142578125
5738    8.05371665954589844  -0.02467600069940090  24.10475921630859375
5739    6.20863485336303711  -0.02467600069940090  47.90803909301757813
5740    1.21480298042297363  -0.02467600069940090  25.16715049743652344
5741    15.00000000000000000  6.94435596466064453  41.76440811157226563
5742    7.00000000000000000  24.51725006103515625  -83.72920227050781250
5743    -3.90924000740051270  9.15421295166015625  7.09985589981079102
5744    -15.00000000000000000  1.59049701690673828  59.76887893676757813
5745    11.94962978363037109  7.97532415390014648  60.93468856811523438
5746    -3.29592299461364746  22.74131965637207031  -26.51969909667968750
5747    -5.13756513595581055  21.49856948852539063  -23.55727005004882813
5748    -13.94169998168945313  32.51725006103515625  -63.87002944946289063
5749    7.83745813369750977  7.97532415390014648  42.40106964111328125
5750    -6.87788581848144531  7.97532415390014648  18.87344932556152344
5751    8.03467369079589844  7.97532415390014648  17.14497947692871094
5752    -5.36214494705200195  23.65666961669921875  -29.54711914062500000
5753    0.06896899640560150  7.97532415390014648  37.24940109252929688
5754    -15.00000000000000000  30.44309043884277344  -39.96220016479492188
5755    1.52315604686737061  7.97532415390014648  44.63431930541992188
5756    1.41387605667114258  7.97532415390014648  32.03540039062500000
5757    0.92563199996948242  7.97532415390014648  30.26873016357421875
5758    15.00000000000000000  30.94271087646484375  -77.67019653320312500
5759    9.49561977386474609  7.97532415390014648  50.38576889038085938
5760    12.69451045989990234  24.51725006103515625  -58.37781143188476563
5761    13.72661018371582031  7.97532415390014648  28.47884941101074219
5762    6.56358385086059570  7.97532415390014648  45.63111114501953125
5763    3.50764894485473633  7.97532415390014648  47.23189163208007813
5764    13.95466995239257813  7.97532415390014648  35.38241958618164063
5765    12.05136013031005859  7.97532415390014648  33.82598114013671875
5766    13.58985042572021484  7.97532415390014648  30.98041915893554688
5767    -7.53089809417724609  32.51725006103515625  -41.92512893676757813
5768    10.99822044372558594  32.50970840454101563  -36.44982147216796875
5769    -15.00000000000000000  7.05566978454589844  6.86961078643798828
5770    -10.96160984039306641  2.81979393959045410  1.44793105125427246
5771    -7.00000000000000000  30.06026077270507813  -77.59713745117187500
5772    -5.73889589309692383  31.68251991271972656  -50.03747940063476563
5773    4.49847698211669922  24.51725006103515625  -39.34354019165039063
5774    -15.00000000000000000  7.71917200088500977  8.04585933685302734
5775    -15.00000000000000000  29.77345085144042969  -27.77729988098144531
5776    15.00000000000000000  14.04582023620605469  -2.94334506988525391
5777    -11.05418968200683594  32.51725006103515625  -45.58662033081054688
5778    -8.36103439331054688  7.97564792633056641  14.95510005950927734
5779    1.15523099899291992  0.57402402162551880  8.29885196685791016
5780    7.49696922302246094  32.51725006103515625  -40.43910980224609375
5781    -11.81138992309570313  32.51725006103515625  -46.75848007202148438
5782    -12.13136005401611328  32.51725006103515625  -44.14453887939453125
5783    -15.00000000000000000  30.91853904724121094  -36.51152038574218750
5784    10.89935016632080078  14.92938995361328125  -2.09818911552429199
5785    -7.50467300415039063  14.36736965179443359  -13.70296955108642578
5786    15.00000000000000000  13.26014995574951172  -6.38406610488891602
5787    -10.24491977691650391  32.51725006103515625  -54.97338867187500000
5788    11.47712993621826172  24.51725006103515625  -62.73384857177734375
5789    -7.90982723236083984  7.97532415390014648  36.21894836425781250
5790    5.48551988601684570  5.44851779937744141  64.14360046386718750
5791    -9.36015605926513672  25.15883064270019531  -14.16983985900878906
5792    -7.00000000000000000  27.62262916564941406  -65.78301239013671875
5793    8.25481796264648438  32.51725006103515625  -74.62982940673828125
5794    -7.00000000000000000  27.17396926879882813  -67.21568298339843750
5795    -15.00000000000000000  -0.02467600069940090  19.71763992309570313
5796    -12.87547969818115234  0.10426700115203857  11.59183025360107422
5797    -7.00000000000000000  30.47488021850585938  -84.54904174804687500
5798    -6.68977403640747070  8.03451347351074219  12.83843994140625000
5799    -7.00000000000000000  29.81492996215820313  -68.64057159423828125
5800    -13.56861972808837891  32.51725006103515625  -69.93862915039062500
5801    -12.91586971282958984  3.75652790069580078  64.14360046386718750
5802    7.05519485473632813  7.97538423538208008  15.48293972015380859
5803    7.86291980743408203  7.98583316802978516  14.22642993927001953
5804    9.34190940856933594  8.11190891265869141  11.83411026000976563
5805    -10.26136016845703125  10.41228008270263672  4.12396192550659180
5806    12.34856033325195313  24.51725006103515625  -83.34306335449218750
5807    9.15991210937500000  20.34939956665039063  -21.40641021728515625
5808    7.00000000000000000  27.17333984375000000  -82.41285705566406250
5809    -12.51840019226074219  32.51725006103515625  -49.45164871215820313
5810    -3.41777110099792480  24.47179985046386719  -13.27651977539062500
5811    10.69696998596191406  24.51725006103515625  -75.29709625244140625
5812    12.97113990783691406  24.51725006103515625  -57.10765075683593750
5813    -6.44017696380615234  19.72440910339355469  -20.39793968200683594
5814    -1.93600904941558838  0.03730199858546257  12.57590961456298828
5815    7.00000000000000000  28.59663009643554688  -82.64190673828125000
5816    13.88807010650634766  32.51725006103515625  -55.30141067504882813
5817    -8.40955066680908203  32.51725006103515625  -61.90723037719726563
5818    -12.97043037414550781  32.51725006103515625  -75.04949951171875000
5819    15.00000000000000000  6.78782415390014648  64.14360046386718750
5820    -5.71631717681884766  16.59762954711914063  -4.03469991683959961
5821    6.82548093795776367  30.27577018737792969  -23.80526924133300781
5822    2.69927692413330078  32.10480117797851563  -31.08370971679687500
5823    -8.43272209167480469  16.89594078063964844  -16.64014053344726563
5824    15.00000000000000000  1.39463794231414795  45.40451812744140625
5825    -6.89019203186035156  5.73969078063964844  -3.49801898002624512
5826    -8.18355274200439453  26.83801078796386719  -86.62521362304687500
5827    12.34963035583496094  7.97532415390014648  46.66685104370117188
5828    -13.95884037017822266  24.51725006103515625  -71.78852081298828125
5829    8.53955459594726563  -0.02467600069940090  56.51776885986328125
5830    -6.41402721405029297  -0.02467600069940090  56.50141143798828125
5831    -12.49236011505126953  -0.02467600069940090  21.24546051025390625
5832    -1.66879904270172119  7.97532415390014648  39.13719940185546875
5833    12.28610038757324219  21.62027931213378906  -23.81642913818359375
5834    -15.00000000000000000  1.89546799659729004  17.65077018737792969
5835    -11.45365047454833984  24.51725006103515625  -56.53678894042968750
5836    -14.02655982971191406  -0.02467600069940090  57.73429870605468750
5837    15.00000000000000000  5.56934595108032227  57.00107955932617188
5838    -10.68241024017333984  -0.02467600069940090  42.68328857421875000
5839    -7.00000000000000000  29.48003959655761719  -57.80007934570312500
5840    -10.05737972259521484  19.72594070434570313  -20.39570045471191406
5841    -1.69054794311523438  7.97532415390014648  33.00561904907226563
5842    -0.31491699814796448  24.85499000549316406  -13.75578975677490234
5843    15.00000000000000000  30.67444992065429688  -69.44647979736328125
5844    -15.00000000000000000  3.37504696846008301  49.66477966308593750
5845    -13.09409999847412109  7.97532415390014648  28.23644065856933594
5846    15.00000000000000000  28.20496940612792969  -59.74061965942382813
5847    15.00000000000000000  30.45508003234863281  -47.49998092651367188
5848    10.82349967956542969  32.51725006103515625  -65.15994262695312500
5849    -15.00000000000000000  28.85059928894042969  -64.24743652343750000
5850    4.75627899169921875  -0.02467600069940090  23.12031936645507813
5851    -15.00000000000000000  6.75535821914672852  19.19382095336914063
5852    -15.00000000000000000  30.88698959350585938  -72.29316711425781250
5853    -15.00000000000000000  31.71438980102539063  -71.01936340332031250
5854    -15.00000000000000000  32.51725006103515625  -55.79024887084960938
5855    -13.87730026245117188  3.58594107627868652  -0.08740399777889252
5856    -12.30519008636474609  1.44719994068145752  4.89427900314331055
5857    -11.60620975494384766  -0.02467600069940090  18.57427978515625000
5858    -5.10108280181884766  -0.02467600069940090  35.73974990844726563
5859    -12.63521957397460938  -0.02467600069940090  44.83834075927734375
5860    15.00000000000000000  6.46821498870849609  37.42794036865234375
5861    15.00000000000000000  29.32208061218261719  -56.54130935668945313
5862    15.00000000000000000  31.32799911499023438  -67.35038757324218750
5863    -5.06675195693969727  -0.02467600069940090  51.42398071289062500
5864    -7.79631519317626953  -0.02467600069940090  51.58105087280273438
5865    -15.00000000000000000  31.20858001708984375  -79.43663024902343750
5866    -10.42494964599609375  9.85753154754638672  5.28793478012084961
5867    -13.87835025787353516  1.16506898403167725  5.86258077621459961
5868    7.36918115615844727  -0.02467600069940090  58.77642059326171875
5869    2.74674701690673828  -0.02467600069940090  53.13681030273437500
5870    -0.42697998881340027  -0.02467600069940090  45.79296112060546875
5871    -5.50322580337524414  -0.02467600069940090  40.59455108642578125
5872    -0.44826900959014893  -0.02467600069940090  52.63415145874023438
5873    15.00000000000000000  30.73707008361816406  -68.49957275390625000
5874    -7.00000000000000000  24.51725006103515625  -85.21552276611328125
5875    15.00000000000000000  32.51725006103515625  -67.94539642333984375
5876    -14.04158973693847656  32.51725006103515625  -48.90522003173828125
5877    -15.00000000000000000  31.34683036804199219  -77.74536132812500000
5878    -15.00000000000000000  25.46232986450195313  -82.23700714111328125
5879    -15.00000000000000000  30.72541999816894531  -57.40280914306640625
5880    -15.00000000000000000  32.51725006103515625  -54.11788940429687500
5881    -15.00000000000000000  32.51725006103515625  -49.48073959350585938
5882    -10.35062980651855469  7.97532415390014648  60.10815811157226563
5883    0.81980198621749878  31.35009956359863281  -27.37704086303710938
5884    -7.54789590835571289  -0.02467600069940090  18.33184051513671875
5885    15.00000000000000000  6.64292192459106445  55.82215118408203125
5886    12.07975006103515625  22.89113998413085938  -26.92991065979003906
5887    -13.72097015380859375  32.51725006103515625  -70.93405914306640625
5888    15.00000000000000000  27.56686973571777344  -68.06523132324218750
5889    -15.00000000000000000  4.14008188247680664  42.54375076293945313
5890    12.00183010101318359  7.97532415390014648  27.76663017272949219
5891    11.14665031433105469  7.97532415390014648  32.31225967407226563
5892    -8.81825733184814453  -0.02467600069940090  17.28945922851562500
5893    7.21307420730590820  7.97532415390014648  63.01665115356445313
5894    6.15709781646728516  7.97532415390014648  39.24084091186523438
5895    -1.36135303974151611  -0.02467600069940090  18.31509017944335938
5896    -15.00000000000000000  6.45191812515258789  26.84020042419433594
5897    13.68682003021240234  7.97532415390014648  38.43066024780273438
5898    -15.00000000000000000  24.51725006103515625  -45.68283081054687500
5899    5.85747098922729492  7.89589214324951172  0.53535699844360352
5900    -1.18325805664062500  24.51239395141601563  -20.68484306335449219
5901    -4.76095485687255859  3.97233700752258301  40.19696426391601563
5902    4.22108793258666992  4.67807102203369141  8.03538227081298828
5903    3.77859997749328613  3.97985291481018066  29.39847755432128906
5904    3.52746796607971191  4.00115013122558594  48.05609130859375000
5905    -0.54862201213836670  4.00398111343383789  20.42788887023925781
5906    -4.22428607940673828  9.19603729248046875  -1.38610303401947021
5907    -10.31539916992187500  28.42891311645507813  -34.89116668701171875
5908    -6.09006309509277344  4.01460790634155273  35.64834976196289063
5909    -7.79035806655883789  3.96886801719665527  15.51979446411132813
5910    -3.00845599174499512  3.99769806861877441  57.89999389648437500
5911    -8.79965686798095703  3.94295811653137207  20.39195442199707031
5912    11.05874633789062500  28.52976417541503906  -52.41331481933593750
5913    7.03926515579223633  28.53927230834960938  -36.25840377807617188
5914    -0.59614002704620361  3.93554496765136719  24.61198043823242188
5915    4.88762617111206055  4.05490398406982422  12.61804485321044922
5916    -8.34853744506835938  8.26640701293945313  -0.05146300047636032
5917    -5.47110509872436523  25.35510063171386719  -22.29813194274902344
5918    -10.94613933563232422  28.53310012817382813  -65.21397399902343750
5919    -5.58035707473754883  3.94200897216796875  24.89018249511718750
5920    9.00834083557128906  3.99319601058959961  56.65806198120117188
5921    9.96315097808837891  3.93031001091003418  38.36943435668945313
5922    11.00469017028808594  4.00787210464477539  28.11244773864746094
5923    6.80752086639404297  27.94021034240722656  -30.52021026611328125
5924    11.13473701477050781  4.02726888656616211  52.54372024536132813
5925    -1.46136200428009033  4.00255298614501953  49.03366088867187500
5926    10.27932167053222656  3.98977494239807129  20.85161209106445313
5927    -0.71142500638961792  3.98549509048461914  39.37008285522460938
5928    -0.74768501520156860  28.18774414062500000  -32.34282684326171875
5929    -6.21154594421386719  20.45520019531250000  -14.71831607818603516
5930    6.52390909194946289  3.95177602767944336  45.03865432739257813
5931    -9.65430259704589844  13.28942871093750000  -6.28628683090209961
5932    -8.66460895538330078  3.92613101005554199  53.98088836669921875
5933    9.74963569641113281  8.85471916198730469  -1.01181697845458984
5934    10.88092327117919922  14.63774967193603516  -7.90219497680664063
5935    7.48817014694213867  28.54217720031738281  -43.96988296508789063
5936    1.51570105552673340  9.15873336791992188  -1.41445100307464600
5937    11.00122833251953125  3.93533992767333984  34.33324050903320313
5938    10.97004795074462891  28.51087951660156250  -56.60234451293945313
5939    -11.09007263183593750  28.49203109741210938  -55.66242599487304688
5940    4.96954679489135742  4.06997299194335938  51.77299880981445313
5941    -4.39645195007324219  4.20669698715209961  20.02397918701171875
5942    -11.38060855865478516  15.34077644348144531  -8.85529518127441406
5943    -10.04427337646484375  18.11339378356933594  -11.88114643096923828
5944    3.67110610008239746  25.87354087829589844  -23.63415908813476563
5945    -1.21543800830841064  4.78969097137451172  8.00950336456298828
5946    -5.92810010910034180  28.53756332397460938  -39.23536300659179688
5947    8.90769386291503906  17.80796241760253906  -11.60312080383300781
5948    8.49444293975830078  22.15117263793945313  -16.82565879821777344
5949    -2.80400800704956055  3.99977111816406250  12.93773746490478516
5950    -9.56433105468750000  4.50311708450317383  8.87310981750488281
5951    -11.11425399780273438  10.01434612274169922  -2.23949503898620605
5952    -2.21387505531311035  26.49905204772949219  -25.04952239990234375
5953    -0.90520501136779785  3.99434399604797363  32.82253265380859375
5954    3.63281011581420898  3.95663499832153320  57.89426422119140625
5955    -10.04833984375000000  3.96430611610412598  43.12410354614257813
5956    -8.52547740936279297  3.95201706886291504  59.27916336059570313
5957    -9.60286331176757813  4.00025510787963867  28.81004524230957031
5958    -10.54484653472900391  27.27470779418945313  -27.68885612487792969
5959    -3.56372690200805664  6.17463397979736328  3.80252289772033691
5960    -11.01048660278320313  24.71777915954589844  -21.26260948181152344
5961    9.25438594818115234  25.67436408996582031  -23.02228164672851563
5962    -0.01147000025957823  17.05255889892578125  -10.72715663909912109
5963    10.55299186706542969  4.86909008026123047  7.62256002426147461
5964    6.51103687286376953  5.84329795837402344  4.41302204132080078
5965    8.53365516662597656  3.99843001365661621  14.81637191772460938
5966    4.42373514175415039  12.20657157897949219  -5.07161283493041992
5967    2.35827398300170898  6.58840703964233398  2.90559697151184082
5968    5.05815696716308594  23.56245803833007813  -18.98562812805175781
5969    4.79141998291015625  20.74798202514648438  -14.98547554016113281
5970    4.47183418273925781  3.99601292610168457  21.72651863098144531
5971    -8.36734390258789063  28.57390403747558594  -43.86873245239257813
5972    -3.72098088264465332  28.45397186279296875  -35.14989089965820313
5973    11.11721515655517578  28.32500267028808594  -69.13401794433593750
5974    11.13418197631835938  28.56295013427734375  -47.95431137084960938
5975    10.98185157775878906  28.46775054931640625  -82.03782653808593750
5976    -10.95584869384765625  28.58445358276367188  -69.96022033691406250
5977    11.99096488952636719  5.02901601791381836  57.91199493408203125
5978    6.36999607086181641  3.94818806648254395  32.70822525024414063
5979    11.21820640563964844  28.16569328308105469  -74.42192840576171875
5980    10.10246658325195313  11.69049072265625000  -4.43955802917480469
5981    -1.66097998619079590  20.48751831054687500  -14.77112388610839844
5982    -7.29367303848266602  28.03212928771972656  -30.77145576477050781
5983    -4.89835977554321289  17.59625625610351563  -11.44075012207031250
5984    0.07354599982500076  30.52068138122558594  -36.48789215087890625
5985    -10.91007232666015625  28.54815864562988281  -50.19146728515625000
5986    4.78321504592895508  3.94609308242797852  39.44002914428710938
5987    -10.87791442871093750  28.39120674133300781  -81.76569366455078125
5988    -11.04176712036132813  3.87077903747558594  37.25961685180664063
5989    -10.53003311157226563  3.98506093025207520  47.33498382568359375
5990    10.70243358612060547  4.01331615447998047  46.23568344116210938
5991    -5.71368980407714844  3.98443198204040527  49.17559432983398438
5992    8.29550933837890625  3.52882504463195801  60.50069808959960938
5993    -0.34782999753952026  4.02223110198974609  53.95433425903320313
5994    -7.19007396697998047  26.88043594360351563  -25.37544059753417969
5995    3.36968588829040527  28.23588562011718750  -32.66825866699218750
5996    0.27692300081253052  27.52978706359863281  -28.51001930236816406
5997    -7.50847291946411133  6.44171905517578125  3.46609401702880859
5998    -4.33697319030761719  12.15688419342041016  -4.95431423187255859
5999    -9.01402664184570313  22.44745635986328125  -17.22095680236816406
6000    2.32877397537231445  3.98798704147338867  15.94047832489013672
6001    4.94415998458862305  15.21127700805664063  -8.56030559539794922
6002    -0.13768699765205383  3.93602204322814941  44.91730117797851563
6003    -11.17439746856689453  5.56410408020019531  4.87487411499023438
6004    -0.76325702667236328  13.64647960662841797  -6.74095916748046875
6005    7.90648508071899414  4.01035308837890625  24.87561225891113281
6006    -11.69327640533447266  4.71632003784179688  17.98718833923339844
6007    11.30199432373046875  3.88555598258972168  11.63203811645507813
6008    1.41071105003356934  22.27617835998535156  -17.07847976684570313
6009    10.89379692077636719  28.70715713500976563  -64.27395629882812500
6010    11.67629909515380859  29.17511558532714844  -41.85119628906250000
6011    11.51991081237792969  27.32717132568359375  -25.81412696838378906
6012    0.77350801229476929  3.33361005783081055  60.68366622924804688
6013    2.02467203140258789  4.01775217056274414  36.10405731201171875
6014    -10.23218345642089844  28.47032165527343750  -40.23198318481445313
6015    10.47097206115722656  6.66118001937866211  2.59908390045166016
6016    -6.07512712478637695  14.66516017913818359  -7.94158315658569336
6017    -10.89005947113037109  28.46038246154785156  -76.39189910888671875
6018    -11.71683692932128906  4.67901992797851563  50.73130416870117188
6019    -3.99022006988525391  22.99882125854492188  -18.52255821228027344
6020    -11.22881031036376953  28.91810226440429688  -31.71781730651855469
6021    -11.22043609619140625  3.98040294647216797  13.70250988006591797
6022    -5.66478919982910156  3.17533588409423828  56.10350036621093750
6023    -2.97431492805480957  4.79642200469970703  61.01359176635742188
6024    11.02495098114013672  28.40867424011230469  -36.75711059570312500
6025    -1.36563098430633545  3.57860994338989258  28.21045875549316406
6026    -10.35191822052001953  29.44303131103515625  -62.20716094970703125
6027    -5.39506816864013672  4.04791593551635742  28.93009948730468750
6028    -10.89636039733886719  4.71279716491699219  56.39071273803710938
6029    6.02489519119262695  3.39822292327880859  55.00261688232421875
6030    10.94419670104980469  20.10441017150878906  -14.23737239837646484
6031    -4.49014282226562500  4.03172779083251953  9.62016105651855469
6032    -3.77522802352905273  4.49754190444946289  16.34871673583984375
6033    5.09401416778564453  18.37025451660156250  -11.94683742523193359
6034    7.93777704238891602  3.41189503669738770  29.64707183837890625
6035    -11.27030944824218750  28.37936019897460938  -46.38598632812500000
6036    -7.18664884567260742  3.70250391960144043  45.58579254150390625
6037    10.24207973480224609  3.77428507804870605  42.39340209960937500
6038    -7.67552280426025391  10.73835372924804688  -3.78616595268249512
6039    11.29721641540527344  28.16351318359375000  -60.54545211791992188
6040    -12.71164417266845703  30.10545158386230469  -36.15238571166992188
6041    6.94977807998657227  26.88329124450683594  -26.34745597839355469
6042    5.21086502075195313  28.85617828369140625  -39.63306045532226563
6043    12.12569046020507813  4.98088979721069336  23.60201263427734375
6044    11.80745315551757813  23.92696952819824219  -18.28229904174804688
6045    5.13059377670288086  10.38377189636230469  -1.74380695819854736
6046    0.71577900648117065  24.55980491638183594  -23.08928298950195313
6047    -5.94113206863403320  2.94642210006713867  42.84204864501953125
6048    3.48968601226806641  3.73485994338989258  25.51375961303710938
6049    -2.84143400192260742  3.29548692703247070  36.54000473022460938
6050    -10.25212478637695313  4.32999992370605469  23.83377647399902344
6051    8.02501869201660156  29.31189155578613281  -33.36905288696289063
6052    11.66102600097656250  4.00985383987426758  17.65034866333007813
6053    8.01191520690917969  14.07129001617431641  -6.17442798614501953
6054    -11.79966545104980469  27.81172370910644531  -58.81726837158203125
6055    -6.27761411666870117  2.95899701118469238  22.08275985717773438
6056    2.62695193290710449  4.88121700286865234  54.96610260009765625
6057    6.31423091888427734  4.02943992614746094  18.16064834594726563
6058    9.47677612304687500  29.65000152587890625  -50.14665985107421875
6059    -3.85591697692871094  27.76073074340820313  -28.84092712402343750
6060    -10.99930477142333984  3.92219305038452148  33.24763488769531250
6061    7.86931896209716797  3.43690991401672363  48.26181411743164063
6062    5.97361183166503906  5.08847808837890625  61.29880905151367188
6063    1.45934200286865234  4.76503181457519531  51.28737258911132813
6064    3.82120299339294434  27.08490753173828125  -28.74150657653808594
6065    -0.71500802040100098  10.96713447570800781  -3.97771811485290527
6066    11.39115428924560547  27.32083129882812500  -29.51217651367187500
6067    0.19322299957275391  4.74590015411376953  57.76879119873046875
6068    -5.12582302093505859  4.46087598800659180  52.73846054077148438
6069    -11.70356273651123047  29.24805450439453125  -43.17098999023437500
6070    11.93181228637695313  29.40644264221191406  -79.11701202392578125
6071    -8.32545661926269531  29.80779647827148438  -49.31228637695312500
6072    -12.50761318206787109  5.56935787200927734  45.67589950561523438
6073    -8.25151538848876953  2.61852097511291504  17.89405632019042969
6074    -7.23108482360839844  25.42024421691894531  -19.86017608642578125
6075    -7.31687021255493164  11.68464946746826172  -6.48212099075317383
6076    12.00757694244384766  9.27606487274169922  -3.09190297126770020
6077    12.29261970520019531  12.29825782775878906  -7.13806915283203125
6078    7.42231416702270508  27.44137573242187500  -46.69728851318359375
6079    -0.92610800266265869  7.53412723541259766  -1.12501394748687744
6080    8.03278446197509766  3.08389496803283691  51.56011199951171875
6081    1.38677096366882324  27.46040725708007813  -25.29832267761230469
6082    0.76956397294998169  4.52992105484008789  12.42649555206298828
6083    -7.55518198013305664  6.10143995285034180  7.25558519363403320
6084    -11.54400730133056641  26.84519386291503906  -24.39081954956054688
6085    12.09108352661132813  24.59815406799316406  -23.12555313110351563
6086    8.63150215148925781  23.66539382934570313  -20.09440803527832031
6087    2.67756199836730957  25.33822059631347656  -20.47187614440917969
6088    -0.95712000131607056  27.38249015808105469  -35.27900314331054688
6089    -6.67954111099243164  27.46607971191406250  -35.07740402221679688
6090    11.88048744201660156  3.15861296653747559  60.57265472412109375
6091    7.45171785354614258  10.32750988006591797  -4.58583879470825195
6092    -2.10910701751708984  17.84442138671875000  -13.23974418640136719
6093    -2.83058094978332520  15.44983196258544922  -9.93955326080322266
6094    -12.35796070098876953  5.30869817733764648  35.31784057617187500
6095    -8.52865123748779297  3.50951290130615234  39.84872055053710938
6096    -8.96837043762207031  24.93869018554687500  -23.64892959594726563
6097    -11.80611228942871094  6.25026416778564453  1.75633096694946289
6098    -4.04561901092529297  22.47051620483398438  -15.50713253021240234
6099    -2.58182692527770996  3.25382590293884277  42.68940353393554688
6100    12.69196987152099609  30.09630203247070313  -81.35167694091796875
6101    -12.61222457885742188  2.95752596855163574  61.88460540771484375
6102    -12.12987136840820313  2.86173510551452637  53.65917587280273438
6103    -12.05760383605957031  2.85965299606323242  26.91118049621582031
6104    -11.93220710754394531  2.98343610763549805  20.59222412109375000
6105    5.25430583953857422  8.55543231964111328  2.78131508827209473
6106    -7.66800785064697266  4.95547485351562500  33.13467025756835938
6107    7.54472589492797852  5.03262615203857422  21.74645423889160156
6108    -1.35332095623016357  26.24677848815917969  -30.78723335266113281
6109    -8.94764518737792969  21.61857414245605469  -14.27784156799316406
6110    3.40368700027465820  4.82588291168212891  44.59276962280273438
6111    5.63547182083129883  2.85654807090759277  42.37007522583007813
6112    -12.12339210510253906  13.06427001953125000  -4.60652303695678711
6113    7.33060121536254883  8.11093521118164063  -2.20436310768127441
6114    12.29697608947753906  8.99191761016845703  0.28311800956726074
6115    10.47552680969238281  27.62664794921875000  -44.73670578002929688
6116    8.45842170715332031  27.89058303833007813  -40.64486312866210938
6117    -11.82486534118652344  20.40595817565917969  -13.32874298095703125
6118    -5.54206800460815430  29.57132720947265625  -42.02531814575195313
6119    11.60486602783203125  17.28092956542968750  -9.75833320617675781
6120    -11.80443668365478516  3.24329996109008789  40.46224975585937500
6121    -1.65569496154785156  4.39985179901123047  5.14006710052490234
6122    -11.59098339080810547  24.62260246276855469  -18.38672065734863281
6123    12.36789226531982422  5.92783403396606445  9.29981803894042969
6124    7.46839809417724609  3.87227296829223633  6.19923210144042969
6125    2.79319500923156738  4.57407617568969727  5.25635004043579102
6126    9.87869453430175781  27.44775772094726563  -71.71366119384765625
6127    -11.95014762878417969  27.84641456604003906  -72.92822265625000000
6128    8.09509563446044922  3.06757593154907227  35.19676971435546875
6129    4.63363504409790039  5.13654994964599609  34.80953979492187500
6130    12.15226745605468750  29.68001174926757813  -72.14147949218750000
6131    -11.90944576263427734  27.29034996032714844  -79.31892395019531250
6132    -8.46953010559082031  5.21972799301147461  36.99368286132812500
6133    -4.73273801803588867  25.72941017150878906  -26.50617790222167969
6134    3.22701191902160645  29.06043243408203125  -36.06118392944335938
6135    8.40767002105712891  5.11167812347412109  11.71748924255371094
6136    11.93536663055419922  3.05823111534118652  14.57791233062744141
6137    -7.11667490005493164  15.66969203948974609  -10.62548446655273438
6138    -11.94134712219238281  2.98438310623168945  58.70461273193359375
6139    -7.08033323287963867  4.55426788330078125  12.05000400543212891
6140    -5.10321092605590820  2.84478306770324707  14.33170700073242188
6141    1.55605494976043701  3.55458998680114746  9.45724201202392578
6142    -3.51140999794006348  3.46585893630981445  46.14381027221679688
6143    12.53205680847167969  5.47392082214355469  44.93194580078125000
6144    12.14599514007568359  2.83324003219604492  55.82974243164062500
6145    12.58959960937500000  5.49082183837890625  20.62328338623046875
6146    -12.65208053588867188  25.55226325988769531  -27.51097297668457031
6147    -2.17899799346923828  26.46509170532226563  -20.20423316955566406
6148    -3.51903390884399414  11.70277786254882813  -2.30541491508483887
6149    -8.09153842926025391  2.48110795021057129  36.50684738159179688
6150    -7.46511220932006836  10.42243480682373047  -0.07389199733734131
6151    10.30680370330810547  5.29958486557006836  50.18729782104492188
6152    1.61979198455810547  5.04738283157348633  41.03057098388671875
6153    -8.44585800170898438  19.41412734985351563  -15.74829387664794922
6154    11.24480819702148438  4.81947517395019531  31.23286437988281250
6155    -12.75313854217529297  29.61807823181152344  -57.17638778686523438
6156    -6.18849277496337891  5.83292818069458008  19.84139442443847656
6157    -12.48167896270751953  17.36480903625488281  -12.72417640686035156
6158    2.34393906593322754  11.85159778594970703  -2.93319702148437500
6159    -4.31357812881469727  27.32589912414550781  -32.16894149780273438
6160    9.39937496185302734  30.12065124511718750  -69.66812133789062500
6161    12.66924762725830078  30.18992233276367188  -68.93891143798828125
6162    12.78533554077148438  27.40541648864746094  -46.71985244750976563
6163    12.57346153259277344  28.82600402832031250  -83.99263000488281250
6164    5.01230478286743164  2.48314189910888672  31.08772277832031250
6165    10.09627532958984375  27.58909606933593750  -77.29626464843750000
6166    1.65530502796173096  19.21742248535156250  -13.86813926696777344
6167    -9.87524223327636719  27.56591033935546875  -52.95416259765625000
6168    -11.59187698364257813  28.50394248962402344  -84.24302673339843750
6169    12.13594055175781250  2.85847806930541992  48.53347396850585938
6170    2.65430307388305664  4.78086709976196289  19.10871124267578125
6171    9.38920783996582031  29.22336196899414063  -66.24350738525390625
6172    12.56927394866943359  25.07909774780273438  -25.86645698547363281
6173    -8.79360866546630859  2.64860296249389648  25.62443351745605469
6174    11.40687847137451172  29.02259445190429688  -33.44004440307617188
6175    9.40612125396728516  29.04697799682617188  -28.80452346801757813
6176    -7.01978111267089844  2.74185609817504883  51.41904830932617188
6177    -12.45816802978515625  27.30397415161132813  -41.55107116699218750
6178    -1.31051599979400635  8.09445285797119141  1.99855899810791016
6179    7.58539199829101563  2.94967293739318848  40.04598999023437500
6180    -10.28402900695800781  29.69739151000976563  -79.10569763183593750
6181    3.11151909828186035  5.53940582275390625  10.82419395446777344
6182    -12.45551681518554688  29.79628181457519531  -39.22490310668945313
6183    -11.93788146972656250  5.11396884918212891  28.64361381530761719
6184    5.04698419570922852  6.71335601806640625  6.49178695678710938
6185    4.42372608184814453  5.83229684829711914  49.13381195068359375
6186    -2.22304892539978027  2.69004011154174805  18.52378463745117188
6187    -9.38899707794189453  2.16439294815063477  15.38322925567626953
6188    12.41896343231201172  27.06707000732421875  -50.70102310180664063
6189    5.59598493576049805  5.90794277191162109  11.07091808319091797
6190    5.37653017044067383  2.46099400520324707  14.63502407073974609
6191    -1.91058301925659180  5.74959897994995117  38.26115417480468750
6192    5.04023981094360352  5.44404697418212891  46.53780746459960938
6193    12.29614925384521484  16.28507232666015625  -7.00823783874511719
6194    6.90410614013671875  5.40758323669433594  50.44604873657226563
6195    -0.75726097822189331  5.88700914382934570  10.32862663269042969
6196    -3.71464109420776367  27.08102607727050781  -38.74138641357421875
6197    7.39474201202392578  17.88911819458007813  -9.42568302154541016
6198    -4.17367219924926758  4.76136684417724609  32.92520523071289063
6199    -8.22463607788085938  5.64161014556884766  43.37052154541015625
6200    -6.17401981353759766  5.22812604904174805  60.30654144287109375
6201    -4.59567499160766602  8.33048152923583984  2.02723503112792969
6202    11.81284523010253906  6.81267118453979492  6.63039779663085938
6203    6.48550605773925781  5.53393411636352539  1.73143994808197021
6204    -2.75021290779113770  29.82774162292480469  -33.14552688598632813
6205    12.81969165802001953  30.18535232543945313  -48.43877792358398438
6206    -9.58559894561767578  29.46472549438476563  -67.72592163085937500
6207    -9.19003868103027344  26.37010192871093750  -29.83106422424316406
6208    -9.43384933471679688  26.65427017211914063  -81.15991973876953125
6209    -8.56112670898437500  5.03652000427246094  49.40507888793945313
6210    -1.33784198760986328  5.68349885940551758  55.47814559936523438
6211    1.18469297885894775  29.60745429992675781  -33.89712905883789063
6212    -11.91014289855957031  21.14718437194824219  -16.96866035461425781
6213    -0.32570201158523560  5.21028804779052734  16.12928199768066406
6214    1.03575599193572998  2.79091191291809082  47.28079986572265625
6215    -12.31605243682861328  3.67144107818603516  6.47739219665527344
6216    2.08674311637878418  12.56094074249267578  -7.01863384246826172
6217    6.36642885208129883  4.99705505371093750  27.40916824340820313
6218    -8.66717052459716797  29.98264312744140625  -38.71031188964843750
6219    -6.39936494827270508  23.71394348144531250  -17.05542945861816406
6220    1.13163399696350098  2.80789589881896973  29.45663452148437500
6221    -12.11263465881347656  27.25815391540527344  -62.87017440795898438
6222    8.40387821197509766  21.48179435729980469  -14.00654029846191406
6223    2.73942804336547852  18.46940422058105469  -10.34624671936035156
6224    12.28244113922119141  26.94909286499023438  -62.58026885986328125
6225    9.02660083770751953  27.90044593811035156  -24.95818328857421875
6226    12.22294521331787109  25.73707389831542969  -20.44355583190917969
6227    -5.25294780731201172  2.05835604667663574  41.01987838745117188
6228    -7.93183708190917969  5.31727695465087891  24.86480331420898438
6229    9.33735275268554688  2.59008097648620605  17.94242286682128906
6230    -6.72922515869140625  22.54919433593750000  -19.72755622863769531
6231    9.03659343719482422  2.69209408760070801  54.16131591796875000
6232    -5.71159601211547852  4.50759696960449219  5.31863117218017578
6233    6.82242679595947266  25.93113708496093750  -21.01845169067382813
6234    10.55711269378662109  5.31006097793579102  61.50823974609375000
6235    -3.06820297241210938  15.59427928924560547  -7.07513523101806641
6236    7.36628389358520508  2.54406094551086426  20.66029548645019531
6237    0.57955998182296753  2.68364810943603516  42.18370819091796875
6238    -12.68340682983398438  10.40858268737792969  -0.37409999966621399
6239    12.69416332244873047  26.65160560607910156  -32.65249633789062500
6240    9.68395042419433594  29.88305664062500000  -58.73282623291015625
6241    12.52361965179443359  22.93062400817871094  -20.78661918640136719
6242    -12.99022006988525391  28.90159988403320313  -26.02736473083496094
6243    -7.51517200469970703  27.39798736572265625  -46.66949462890625000
6244    -1.30548202991485596  25.75353813171386719  -37.11032104492187500
6245    -0.51462501287460327  24.42782211303710938  -17.90701293945312500
6246    -3.17027091979980469  5.64839315414428711  41.07798385620117188
6247    4.35140514373779297  2.60489010810852051  8.90617942810058594
6248    -0.45546299219131470  5.86635589599609375  21.77038383483886719
6249    -4.43130683898925781  5.79397296905517578  58.53689956665039063
6250    9.46872520446777344  27.10502433776855469  -53.98377990722656250
6251    12.31409931182861328  27.14806747436523438  -54.38432693481445313
6252    7.44602298736572266  30.36120605468750000  -37.77105331420898438
6253    -7.59055995941162109  8.03642082214355469  -2.52013111114501953
6254    -12.65698909759521484  30.22705650329589844  -65.22383117675781250
6255    -3.81152701377868652  2.55259394645690918  26.48424148559570313
6256    10.59389591217041016  2.14964389801025391  36.89867019653320313
6257    5.90315818786621094  26.23350715637207031  -31.66705513000488281
6258    -3.04297208786010742  5.56979703903198242  50.36406326293945313
6259    9.03043460845947266  29.20556449890136719  -55.79567718505859375
6260    11.94540309906005859  29.94763565063476563  -54.57699966430664063
6261    -9.55784511566162109  30.12482070922851563  -54.46014022827148438
6262    -13.01962757110595703  16.48724937438964844  -8.09379100799560547
6263    -12.16758060455322266  12.94815921783447266  -8.28097534179687500
6264    -8.13537025451660156  18.14499282836914063  -9.86285400390625000
6265    11.14082145690917969  19.38129806518554688  -11.08125591278076172
6266    7.85182905197143555  20.05390930175781250  -11.59918117523193359
6267    -11.92259597778320313  5.30438613891601563  10.67666721343994141
6268    -12.61309814453125000  8.17444324493408203  -2.80275201797485352
6269    -12.24558067321777344  2.67928409576416016  44.26824951171875000
6270    -2.08184194564819336  18.03902435302734375  -9.49304676055908203
6271    -0.48880299925804138  22.53669548034667969  -14.34638404846191406
6272    6.41821193695068359  2.87553191184997559  58.24288177490234375
6273    -7.01070594787597656  28.54613113403320313  -27.83041954040527344
6274    -4.78057813644409180  9.58435058593750000  -4.06063604354858398
6275    -11.44348430633544922  6.24385976791381836  7.53121709823608398
6276    -9.25261592864990234  3.94111800193786621  6.13437700271606445
6277    12.48912906646728516  28.87273216247558594  -27.67046928405761719
6278    2.31611990928649902  2.99595403671264648  33.14590072631835938
6279    -10.63552379608154297  27.29511070251464844  -37.60781097412109375
6280    8.37629413604736328  8.47334194183349609  1.80797195434570313
6281    -12.65666961669921875  29.94310379028320313  -33.44949722290039063
6282    11.18262004852294922  22.71280860900878906  -15.49858093261718750
6283    -3.78942394256591797  6.14224720001220703  7.97402286529541016
6284    7.24199390411376953  5.50272893905639648  30.90345001220703125
6285    12.42048454284667969  4.84966897964477539  41.14684677124023438
6286    -7.74234199523925781  13.39047622680664063  -4.36177778244018555
6287    5.30773591995239258  28.03361129760742188  -42.29474639892578125
6288    0.22181999683380127  26.68232154846191406  -21.66922569274902344
6289    2.97130799293518066  23.71400451660156250  -22.76573562622070313
6290    2.37185788154602051  5.31999397277832031  27.45775413513183594
6291    -12.51327800750732422  2.99797511100769043  23.81739425659179688
6292    -12.27505588531494141  5.28114414215087891  25.50415802001953125
6293    -1.84185099601745605  28.65154075622558594  -27.31930732727050781
6294    -12.64420318603515625  2.33772110939025879  34.02767944335937500
6295    3.38002991676330566  5.35881614685058594  61.57925033569335938
6296    1.88951098918914795  2.50947308540344238  52.72148132324218750
6297    -3.46294093132019043  6.78248405456542969  -0.11495099961757660
6298    7.89072990417480469  24.51655769348144531  -17.74320030212402344
6299    1.16658496856689453  26.38236999511718750  -30.58403396606445313
6300    0.09633400291204453  6.84305191040039063  4.88603782653808594
6301    9.00865936279296875  5.48357200622558594  35.81661987304687500
6302    -7.21146011352539063  17.96809196472167969  -13.49988079071044922
6303    9.56453800201416016  27.08195304870605469  -32.11955642700195313
6304    6.96424913406372070  15.31678199768066406  -10.55898571014404297
6305    2.53918004035949707  15.44981861114501953  -10.42723083496093750
6306    -3.31326794624328613  13.20047283172607422  -8.34960365295410156
6307    -8.79987621307373047  16.19815826416015625  -7.78916406631469727
6308    -9.46563625335693359  2.66484498977661133  61.60613632202148438
6309    -12.42698764801025391  5.58734989166259766  61.77643203735351563
6310    -9.48924636840820313  30.10277557373046875  -84.08412933349609375
6311    12.68486690521240234  2.19658398628234863  30.68399810791015625
6312    -12.85365295410156250  27.12187957763671875  -22.22977828979492188
6313    11.00433158874511719  26.91507148742675781  -84.31708526611328125
6314    3.77859997749328613  1.89650297164916992  29.39847755432128906
6315    -1.91008198261260986  2.50272011756896973  22.13306999206542969
6316    -5.62125778198242188  1.96657299995422363  34.76862335205078125
6317    11.95018482208251953  30.46474266052246094  -51.75953674316406250
6318    0.52429699897766113  2.08621001243591309  25.12122154235839844
6319    -11.90092086791992188  27.03811073303222656  -67.15994262695312500
6320    -3.05285906791687012  5.18929195404052734  25.35605049133300781
6321    7.77462005615234375  2.11355304718017578  56.22429275512695313
6322    12.44659042358398438  4.38851785659790039  37.43020629882812500
6323    5.38739681243896484  29.31773948669433594  -29.00646781921386719
6324    12.90711975097656250  2.68951296806335449  52.14887237548828125
6325    -0.88227897882461548  1.99841594696044922  49.88257217407226563
6326    10.29479217529296875  5.92380380630493164  21.82983970642089844
6327    7.58783912658691406  5.61486577987670898  43.39072418212890625
6328    -8.71174812316894531  2.21797800064086914  55.61099243164062500
6329    6.09354591369628906  29.43797492980957031  -45.53397750854492188
6330    1.55265903472900391  7.47198390960693359  -2.65154290199279785
6331    11.34747982025146484  5.98503684997558594  33.94601058959960938
6332    -9.65904426574707031  14.83526515960693359  -10.60988521575927734
6333    5.46096086502075195  27.68011093139648438  -23.79947090148925781
6334    6.29608106613159180  24.63778877258300781  -23.75845527648925781
6335    5.28309488296508789  5.70597982406616211  57.87409973144531250
6336    -10.45416545867919922  22.46433067321777344  -20.49873924255371094
6337    1.41999602317810059  17.05807113647460938  -8.47089290618896484
6338    10.12799072265625000  2.86475110054016113  9.18493366241455078
6339    -3.24722003936767578  29.65689086914062500  -37.60284423828125000
6340    -9.06316852569580078  27.76012039184570313  -70.89175415039062500
6341    12.90336799621582031  6.29472017288208008  56.83865737915039063
6342    9.76975345611572266  26.60275268554687500  -75.24129486083984375
6343    12.53766727447509766  27.01638603210449219  -76.39401245117187500
6344    11.53513145446777344  12.84790229797363281  -2.98171591758728027
6345    -12.69531059265136719  30.16817855834960938  -49.99870300292968750
6346    -12.40334415435791016  26.72067832946777344  -50.47668075561523438
6347    4.28443479537963867  2.18432092666625977  37.83879089355468750
6348    -12.63612747192382813  29.73122978210449219  -80.61668395996093750
6349    5.29543590545654297  27.19165039062500000  -34.47142028808593750
6350    -9.09914970397949219  8.33949279785156250  3.42670488357543945
6351    1.09092199802398682  2.48531699180603027  14.19096183776855469
6352    10.03061389923095703  5.33152008056640625  25.94464302062988281
6353    9.84492969512939453  2.47139596939086914  23.99819183349609375
6354    -12.54263877868652344  2.43649601936340332  17.20616912841796875
6355    12.69064044952392578  5.80920410156250000  11.75621414184570313
6356    3.47569203376770020  23.44202041625976563  -15.98407554626464844
6357    12.63289356231689453  30.12846946716308594  -65.30388641357421875
6358    9.86253547668457031  25.53009223937988281  -26.95406723022460938
6359    -10.06184101104736328  5.49393510818481445  52.51106262207031250
6360    -3.91451191902160645  23.31564140319824219  -21.26799964904785156
6361    -9.90780067443847656  2.97433304786682129  11.31680202484130859
6362    -7.20034885406494141  2.35587000846862793  29.53429985046386719
6363    8.80218505859375000  18.37463760375976563  -14.29598331451416016
6364    12.76945018768310547  18.93424606323242188  -15.33481025695800781
6365    -2.47332811355590820  2.34801602363586426  38.79467391967773438
6366    7.29922819137573242  12.98745918273925781  -3.72565889358520508
6367    10.17979431152343750  14.23185157775878906  -4.95305395126342773
6368    -4.70529985427856445  2.03261399269104004  23.45676994323730469
6369    4.79406785964965820  2.62786889076232910  61.41696929931640625
6370    -13.26998519897460938  30.31718063354492188  -42.65295028686523438
6371    -12.05905914306640625  26.88427162170410156  -44.08076477050781250
6372    -12.92089271545410156  5.83702611923217773  43.57191848754882813
6373    0.59535402059555054  25.03765296936035156  -25.70086479187011719
6374    9.28473281860351563  26.08353233337402344  -20.11229896545410156
6375    -8.28907489776611328  26.74199485778808594  -36.69665145874023438
6376    -6.55501079559326172  27.05569267272949219  -42.01332473754882813
6377    2.09059405326843262  2.62605094909667969  39.75639724731445313
6378    -10.73215103149414063  18.56981849670410156  -14.88224983215332031
6379    0.04720500111579895  19.74994659423828125  -11.67545318603515625
6380    9.75100994110107422  29.99090194702148438  -35.09087371826171875
6381    -8.59032058715820313  2.08047103881835938  52.79910659790039063
6382    0.56866997480392456  5.48297309875488281  37.63483047485351563
6383    -5.08490705490112305  5.82913398742675781  34.71502685546875000
6384    -10.31042861938476563  9.83618545532226563  0.33667701482772827
6385    -5.44084882736206055  5.54219293594360352  42.38226699829101563
6386    -12.00967884063720703  15.11544036865234375  -6.16112899780273438
6387    12.35303211212158203  20.91872024536132813  -17.33361625671386719
6388    12.61135196685791016  2.56450796127319336  45.31961059570312500
6389    12.67599296569824219  26.89438247680664063  -41.51713562011718750
6390    12.50571346282958984  29.96186828613281250  -76.34940338134765625
6391    9.62725830078125000  30.13975334167480469  -84.11782073974609375
6392    -8.94897842407226563  5.47630214691162109  61.56614303588867188
6393    -5.48463821411132813  2.66340303421020508  61.38119125366210938
6394    12.80599880218505859  30.27048492431640625  -59.97224426269531250
6395    -4.23840522766113281  10.84459686279296875  -0.14982199668884277
6396    -9.06823158264160156  5.99730014801025391  20.95502662658691406
6397    -9.09657382965087891  29.60577011108398438  -64.67693328857421875
6398    10.32234477996826172  5.85091495513916016  56.20954513549804688
6399    12.98651599884033203  4.81940078735351563  27.77802085876464844
6400    12.51972961425781250  2.56576609611511230  21.06659698486328125
6401    -5.74424982070922852  21.93050575256347656  -13.23258209228515625
6402    8.15814971923828125  2.23130297660827637  45.40988159179687500
6403    9.74779319763183594  7.11878204345703125  -2.19447588920593262
6404    12.73810482025146484  2.51792192459106445  35.35149002075195313
6405    12.66993904113769531  27.74115753173828125  -58.24076461791992188
6406    4.96954679489135742  6.10560512542724609  51.77299880981445313
6407    3.90443301200866699  2.44573998451232910  50.07747650146484375
6408    -4.51940107345581055  27.43386840820312500  -23.84870529174804688
6409    -1.55341005325317383  2.16656303405761719  31.41045951843261719
6410    -0.73653298616409302  5.71425390243530273  34.53610229492187500
6411    -7.30214405059814453  5.39727115631103516  57.30619430541992188
6412    -9.47118091583251953  29.27431488037109375  -28.32570838928222656
6413    3.92467904090881348  5.06864309310913086  1.92367196083068848
6414    9.02668762207031250  27.53551864624023438  -69.32524108886718750
6415    9.33256816864013672  29.42503356933593750  -73.42556762695312500
6416    -3.19645309448242188  19.72165107727050781  -11.54264831542968750
6417    -9.48816394805908203  2.00790190696716309  47.40883255004882813
6418    -12.72074508666992188  3.79273295402526855  48.36814880371093750
6419    3.31858992576599121  5.68881177902221680  14.39096546173095703
6420    3.91770100593566895  14.90841865539550781  -6.02555322647094727
6421    -9.29957199096679688  5.49119281768798828  18.42373847961425781
6422    9.51274394989013672  5.78612899780273438  0.51912599802017212
6423    10.96058177947998047  4.40465784072875977  4.03572177886962891
6424    -10.88111495971679688  2.40437507629394531  49.76440811157226563
6425    -4.94162321090698242  2.48172497749328613  17.68344306945800781
6426    8.76468658447265625  12.36707496643066406  -7.83959817886352539
6427    -9.65019702911376953  29.64428710937500000  -58.76482009887695313
6428    2.53574705123901367  29.29454421997070313  -29.26380920410156250
6429    -2.52578711509704590  10.25596904754638672  -5.55646610260009766
6430    -1.51435303688049316  13.43844223022460938  -4.24852418899536133
6431    -6.54556322097778320  5.55376577377319336  50.96478271484375000
6432    -6.44314384460449219  26.93425178527832031  -21.18692970275878906
6433    12.11312580108642578  13.25768947601318359  -9.13646221160888672
6434    7.61557006835937500  29.87634658813476563  -47.85883712768554688
6435    -10.94321727752685547  24.74254798889160156  -25.47076988220214844
6436    13.38808155059814453  24.18734550476074219  -24.39686012268066406
6437    1.63423800468444824  26.94832801818847656  -35.13010787963867188
6438    -7.61562299728393555  29.70547485351562500  -33.64965057373046875
6439    10.02175235748291016  2.41532397270202637  59.06061553955078125
6440    -12.57026195526123047  10.89512825012207031  -5.85093212127685547
6441    8.28881454467773438  6.39383602142333984  7.05843400955200195
6442    -12.62132740020751953  30.11441612243652344  -72.09055328369140625
6443    3.07085299491882324  5.49776315689086914  32.70524978637695313
6444    -6.20560979843139648  5.37951087951660156  38.42617034912109375
6445    9.06421470642089844  5.56750917434692383  52.34869766235351563
6446    -0.55418300628662109  5.33461809158325195  42.62928390502929688
6447    -5.89152622222900391  5.53562688827514648  17.32490730285644531
6448    2.96514892578125000  9.72210502624511719  -4.42898082733154297
6449    -5.26674604415893555  29.73198127746582031  -32.04212570190429688
6450    9.46782970428466797  30.08970451354980469  -77.57897186279296875
6451    -1.50832498073577881  3.06356596946716309  10.48707294464111328
6452    -7.87759113311767578  25.68141555786132813  -27.64646720886230469
6453    5.70081090927124023  5.42648792266845703  24.91033172607421875
6454    -9.03891468048095703  27.09005355834960938  -48.88371658325195313
6455    -2.34756994247436523  8.82848739624023438  -3.25312590599060059
6456    -4.01234722137451172  5.34340810775756836  22.71297645568847656
6457    4.85496187210083008  28.47723960876464844  -26.56019401550292969
6458    -12.56866073608398438  27.24262809753417969  -52.99302673339843750
6459    5.02730607986450195  29.84617042541503906  -34.07894515991210938
6460    12.60742378234863281  3.36798191070556641  6.29008483886718750
6461    -12.50476455688476563  29.99261856079101563  -60.76559066772460938
6462    -12.54628276824951172  5.67779922485351563  59.20473861694335938
6463    -12.84003067016601563  5.85421895980834961  40.00078201293945313
6464    -3.90832400321960449  30.33383178710937500  -40.11433410644531250
6465    -12.65593433380126953  2.66892790794372559  9.33901309967041016
6466    -13.14736175537109375  26.48093223571777344  -38.13446044921875000
6467    -13.02409934997558594  5.86494207382202148  52.95259094238281250
6468    -0.22284899652004242  22.24487876892089844  -19.96176338195800781
6469    -10.31555271148681641  26.33623886108398438  -34.97417068481445313
6470    0.12342199683189392  5.88937902450561523  25.56948661804199219
6471    8.03667545318603516  5.80468511581420898  57.83811187744140625
6472    -9.65429782867431641  14.87606811523437500  -4.91944217681884766
6473    6.62036705017089844  26.62320137023925781  -44.65410614013671875
6474    -9.42238903045654297  27.33044433593750000  -57.27904891967773438
6475    8.96168613433837891  21.05158805847167969  -18.68604087829589844
6476    -4.34190416336059570  5.74680423736572266  13.62220764160156250
6477    -10.16439437866210938  5.87862014770507813  41.86219406127929688
6478    -9.27068424224853516  5.80719518661499023  27.35252189636230469
6479    -2.51141309738159180  8.11436653137207031  4.13993120193481445
6480    7.62013578414916992  2.05928707122802734  15.49018383026123047
6481    4.96581602096557617  21.14521408081054688  -18.34552192687988281
6482    9.05248641967773438  27.82560157775878906  -82.89639282226562500
6483    7.23581218719482422  1.97102403640747070  61.49626541137695313
6484    0.10082399845123291  2.53402495384216309  56.16404724121093750
6485    3.48587703704833984  26.21148681640625000  -31.59160041809082031
6486    -6.02877998352050781  7.43464279174804688  5.18502521514892578
6487    -0.81547898054122925  5.48992490768432617  46.90764999389648438
6488    -12.88570690155029297  6.09282588958740234  16.90142631530761719
6489    9.05580902099609375  29.76646995544433594  -63.51086425781250000
6490    -12.52565002441406250  30.24519538879394531  -76.80094146728515625
6491    -12.52469730377197266  27.30206298828125000  -33.30686950683593750
6492    -2.97390007972717285  2.87514305114746094  54.82394027709960938
6493    -2.70322895050048828  2.37506008148193359  61.69147109985351563
6494    12.33356952667236328  29.81711769104003906  -38.74201583862304688
6495    -2.16035389900207520  5.79602813720703125  27.84506988525390625
6496    -2.74786806106567383  2.31384801864624023  15.53236675262451172
6497    4.09160900115966797  26.76983261108398438  -40.12022018432617188
6498    12.55379676818847656  2.48455905914306641  23.86636924743652344
6499    8.86188507080078125  27.15805625915527344  -50.91470718383789063
6500    -9.02451324462890625  6.59551811218261719  8.76495265960693359
6501    -12.59801673889160156  2.45554089546203613  29.37807464599609375
6502    -0.77383798360824585  25.98372459411621094  -32.62468338012695313
6503    -10.32378387451171875  2.23152494430541992  38.86302185058593750
6504    12.39322280883789063  26.96104240417480469  -71.86278533935546875
6505    5.80734586715698242  2.26826190948486328  35.76941680908203125
6506    -10.23838806152343750  26.76115608215332031  -77.81449127197265625
6507    4.76242494583129883  27.12264060974121094  -37.25575256347656250
6508    8.28121280670166016  2.51851201057434082  12.27505493164062500
6509    -12.68406581878662109  15.40542697906494141  -11.23662662506103516
6510    12.58124828338623047  29.54461479187011719  -45.23184585571289063
6511    3.21938991546630859  21.03926086425781250  -12.99065303802490234
6512    12.74583053588867188  26.48075485229492188  -27.76407051086425781
6513    6.41770219802856445  5.99561691284179688  45.12554550170898438
6514    -12.48440170288085938  23.50940704345703125  -16.15696144104003906
6515    1.32431697845458984  13.69156169891357422  -4.66193389892578125
6516    0.34839498996734619  5.24351406097412109  30.63247489929199219
6517    -6.71999406814575195  3.36420202255249023  7.52087783813476563
6518    -3.63703298568725586  2.77190208435058594  50.77885437011718750
6519    -2.01468205451965332  5.49508190155029297  52.70020675659179688
6520    -0.65644502639770508  5.71519613265991211  50.64307022094726563
6521    13.04387092590332031  28.80431747436523438  -25.64013671875000000
6522    11.85410976409912109  2.39697694778442383  40.55422973632812500
6523    -9.82048511505126953  29.77610206604003906  -72.78831481933593750
6524    -6.26273012161254883  2.57661509513854980  58.80812072753906250
6525    10.36048126220703125  26.53723907470703125  -67.84456634521484375
6526    5.95678710937500000  12.52057933807373047  -7.44170379638671875
6527    -12.94686222076416016  5.83684110641479492  23.26440238952636719
6528    5.46548891067504883  2.40447497367858887  47.48311614990234375
6529    8.96091938018798828  26.87311363220214844  -35.99272155761718750
6530    10.29229545593261719  1.96427595615386963  20.05139541625976563
6531    7.82530879974365234  16.44772338867187500  -12.93899345397949219
6532    -1.39625895023345947  27.99798011779785156  -23.56350517272949219
6533    -3.23627209663391113  24.49058723449707031  -25.09906959533691406
6534    -9.14424991607666016  2.05706405639648438  43.94874954223632813
6535    -8.97549343109130859  6.03197193145751953  58.92016601562500000
6536    -1.65773296356201172  5.15226697921752930  2.31183600425720215
6537    8.24384117126464844  27.65842437744140625  -22.85945701599121094
6538    10.35425662994384766  2.87011003494262695  6.92812108993530273
6539    7.30246782302856445  8.06951999664306641  3.96837806701660156
6540    8.97535419464111328  5.53136491775512695  16.90672874450683594
6541    3.10751605033874512  5.84668922424316406  21.71072196960449219
6542    -9.32199573516845703  30.36669158935546875  -42.72230148315429688
6543    -9.30078315734863281  26.52822113037109375  -43.56615066528320313
6544    -4.76159620285034180  26.74018478393554688  -36.53825759887695313
6545    -11.72732257843017578  30.27082252502441406  -68.47557067871093750
6546    5.88283491134643555  6.04607009887695313  32.55063247680664063
6547    -8.63469505310058594  29.87231063842773438  -31.25078392028808594
6548    9.77979278564453125  5.90040397644042969  46.97328948974609375
6549    -6.33046007156372070  5.80102491378784180  47.75661468505859375
6550    3.27328300476074219  2.18795394897460938  17.17828369140625000
6551    -1.14714896678924561  2.15296506881713867  45.96179199218750000
6552    5.71325492858886719  2.65439200401306152  23.82626533508300781
6553    -9.27198028564453125  26.97575378417968750  -75.45549011230468750
6554    8.90085887908935547  2.73302793502807617  32.23827743530273438
6555    -12.97640800476074219  27.72402763366699219  -47.68407058715820313
6556    -10.23627471923828125  30.23994827270507813  -45.15810775756835938
6557    -13.55030822753906250  30.98382186889648438  -37.21042251586914063
6558    4.79284381866455078  25.31728744506835938  -26.01115798950195313
6559    -10.35714244842529297  30.49467277526855469  -48.81690216064453125
6560    -9.38563346862792969  26.33086776733398438  -20.47971153259277344
6561    13.00681495666503906  14.10166072845458984  -6.15192508697509766
6562    -6.82038402557373047  24.02910041809082031  -23.66288948059082031
6563    -12.69564437866210938  8.17407894134521484  3.00864696502685547
6564    -4.18681716918945313  19.96610832214355469  -16.35081672668457031
6565    5.80405712127685547  9.95887565612792969  1.82640397548675537
6566    -8.53874778747558594  2.46468997001647949  33.43158340454101563
6567    12.11603832244873047  15.25245475769042969  -11.15361595153808594
6568    11.70202827453613281  30.35360908508300781  -74.23867034912109375
6569    12.69989681243896484  4.68801021575927734  50.62392044067382813
6570    1.93375599384307861  2.72101902961730957  20.92281913757324219
6571    -7.33381986618041992  2.18235707283020020  23.94248580932617188
6572    12.74191761016845703  28.06265640258789063  -35.15342712402343750
6573    -9.80492496490478516  30.40777778625488281  -76.97157287597656250
6574    -10.51074123382568359  5.42226314544677734  30.87358283996582031
6575    7.30043888092041016  5.62490797042846680  47.39104080200195313
6576    6.92836523056030273  16.34522819519042969  -7.47815704345703125
6577    -4.79617214202880859  5.81600809097290039  61.97429656982421875
6578    -6.88703823089599609  4.20689010620117188  3.38366198539733887
6579    5.46750020980834961  30.27875328063964844  -36.49415206909179688
6580    -8.28541469573974609  20.02125167846679688  -11.50009346008300781
6581    11.56842708587646484  2.25757002830505371  32.76709365844726563
6582    -12.87509632110595703  26.26628875732421875  -20.11982917785644531
6583    12.14383697509765625  26.51528358459472656  -82.50784301757812500
6584    12.71674060821533203  5.33518123626708984  14.10897922515869141
6585    8.70807838439941406  24.65159034729003906  -25.08482551574707031
6586    10.59253883361816406  2.24277496337890625  44.14882659912109375
6587    -11.64749145507812500  29.84153366088867188  -52.65100479125976563
6588    2.56507992744445801  22.52530479431152344  -19.76057624816894531
6589    12.24028110504150391  5.56278800964355469  48.25553894042968750
6590    9.02377319335937500  4.01654195785522461  1.29490804672241211
6591    12.91722297668457031  5.81011581420898438  62.12951660156250000
6592    -14.00636291503906250  6.82448720932006836  27.61051750183105469
6593    8.95970344543457031  26.47420501708984375  -61.75555419921875000
6594    -13.35630512237548828  26.22869491577148438  -58.76467132568359375
6595    -8.78467559814453125  26.33254432678222656  -69.32070159912109375
6596    13.02731418609619141  30.56093215942382813  -62.40655899047851563
6597    13.56647205352783203  4.71565485000610352  0.80533200502395630
6598    -5.19934988021850586  2.60704207420349121  37.84368896484375000
6599    9.32349395751953125  30.14294433593750000  -53.28406906127929688
6600    -9.35807800292968750  26.94620895385742188  -66.35776519775390625
6601    12.76837730407714844  2.36972999572753906  27.89710426330566406
6602    12.77321338653564453  5.65992403030395508  53.17916107177734375
6603    9.29820823669433594  26.88766670227050781  -57.19045639038085938
6604    12.74793815612792969  30.12933158874511719  -57.03750228881835938
6605    -12.61847972869873047  26.59223556518554688  -55.93785858154296875
6606    -2.26600694656372070  5.40867090225219727  18.91256141662597656
6607    -10.85301780700683594  17.86111831665039063  -9.39118003845214844
6608    -10.15457916259765625  7.60290479660034180  -1.83879697322845459
6609    -12.76936340332031250  23.43632698059082031  -22.35147476196289063
6610    1.77594304084777832  8.88739204406738281  1.38018298149108887
6611    -6.53205299377441406  29.82680130004882813  -45.42292404174804688
6612    12.82423019409179688  26.84126281738281250  -68.53174591064453125
6613    9.31113719940185547  30.11447143554687500  -81.36326599121093750
6614    9.61384201049804688  27.05751609802246094  -80.18038177490234375
6615    -12.62236785888671875  26.82153320312500000  -69.63042449951171875
6616    -9.17293643951416016  30.14306259155273438  -70.24388122558593750
6617    -9.39780807495117188  30.28915596008300781  -81.46445465087890625
6618    -12.63614368438720703  2.17343306541442871  37.84551239013671875
6619    -5.46724891662597656  1.89149904251098633  48.27881240844726563
6620    9.67582798004150391  2.19004011154174805  61.85178375244140625
6621    -1.33719396591186523  25.70437812805175781  -27.43537139892578125
6622    -0.26665601134300232  29.45172500610351563  -30.14460754394531250
6623    -8.54652023315429688  5.84500408172607422  1.07210505008697510
6624    -12.69319629669189453  4.21460914611816406  3.75266790390014648
6625    9.22091102600097656  2.53435492515563965  26.71752357482910156
6626    -13.10595417022705078  6.75098705291748047  17.53462982177734375
6627    -12.65162944793701172  5.78175115585327148  19.92359352111816406
6628    12.81691837310791016  2.55846500396728516  10.31028461456298828
6629    -0.70701301097869873  20.63994598388671875  -17.27455329895019531
6630    12.46699523925781250  26.91829490661621094  -65.24114990234375000
6631    9.49995613098144531  26.71245956420898438  -64.91003417968750000
6632    9.52257061004638672  29.99875259399414063  -43.13319396972656250
6633    13.03973388671875000  30.61581611633300781  -41.25923919677734375
6634    -0.96782100200653076  2.49131298065185547  58.80834960937500000
6635    1.78455305099487305  2.39462995529174805  58.58056640625000000
6636    0.75113201141357422  1.93026304244995117  62.22273254394531250
6637    -0.26377800107002258  5.43936300277709961  61.73274993896484375
6638    3.24315094947814941  5.49554920196533203  37.93751907348632813
6639    0.32601401209831238  2.47448992729187012  37.44501876831054688
6640    -8.06470203399658203  27.04508209228515625  -39.70192337036132813
6641    -5.61211395263671875  17.24820137023925781  -8.79725456237792969
6642    -12.55636024475097656  26.90537261962890625  -75.37747192382812500
6643    -12.40277385711669922  27.66544723510742188  -29.62177276611328125
6644    -9.54677295684814453  5.59718084335327148  14.69954681396484375
6645    -12.84229373931884766  2.33419108390808105  13.28735637664794922
6646    -12.72484397888183594  5.76243591308593750  14.13511466979980469
6647    -4.12280082702636719  5.39203786849975586  55.85909271240234375
6648    -2.36667704582214355  6.15430593490600586  62.31879806518554688
6649    12.66772174835205078  26.75970649719238281  -37.20410537719726563
6650    -9.34508609771728516  27.07227706909179688  -62.30694580078125000
6651    -8.90554046630859375  30.58970451354980469  -61.13270187377929688
6652    -7.55271911621093750  5.27548408508300781  30.25729179382324219
6653    -5.28905105590820313  5.58329820632934570  26.85939025878906250
6654    -12.84934616088867188  5.81438398361206055  55.91316223144531250
6655    -9.47089958190917969  5.88624000549316406  54.96104812622070313
6656    4.25938177108764648  2.26998400688171387  56.24914550781250000
6657    5.18627500534057617  2.16548609733581543  53.16315078735351563
6658    12.62840175628662109  20.87105751037597656  -12.60496616363525391
6659    -3.08905792236328125  3.11449003219604492  7.72447299957275391
6660    -4.58739805221557617  2.53858590126037598  11.74263191223144531
6661    4.42329597473144531  18.23498535156250000  -14.45056152343750000
6662    8.99708271026611328  5.53211021423339844  28.63984870910644531
6663    -12.74990463256835938  30.13759231567382813  -47.11993789672851563
6664    -8.95635986328125000  5.60401916503906250  45.98869323730468750
6665    9.18812656402587891  5.39884090423583984  40.50477600097656250
6666    -9.79172134399414063  9.48168563842773438  -4.31391286849975586
6667    7.50422000885009766  26.05842590332031250  -28.79794502258300781
6668    13.18659877777099609  6.08665704727172852  24.91262626647949219
6669    13.32355499267578125  6.31569099426269531  23.02577781677246094
6670    12.89550685882568359  24.11381530761718750  -16.30312156677246094
6671    7.83605813980102539  10.84995841979980469  -1.30547904968261719
6672    -1.17732894420623779  2.34868502616882324  34.80009078979492188
6673    12.94139575958251953  5.79199314117431641  17.64812088012695313
6674    12.79443645477294922  2.19859099388122559  16.73137664794921875
6675    9.33382320404052734  15.95270538330078125  -6.70130395889282227
6676    -8.31267166137695313  2.07494902610778809  21.59115028381347656
6677    -4.69138479232788086  2.05079507827758789  20.71483230590820313
6678    4.96376323699951172  5.60853719711303711  55.28302764892578125
6679    0.94029700756072998  5.87116622924804688  53.84099197387695313
6680    2.61268496513366699  5.82013320922851563  57.05028533935546875
6681    4.94520807266235352  2.45060110092163086  19.69755935668945313
6682    5.51620292663574219  5.55383491516113281  20.02166938781738281
6683    6.39740419387817383  5.35942792892456055  15.79477310180664063
6684    -5.77278900146484375  26.22100830078125000  -29.68915176391601563
6685    -12.60822772979736328  5.69708204269409180  32.73592758178710938
6686    8.17158222198486328  5.81654310226440430  60.97000885009765625
6687    1.78686702251434326  5.60105180740356445  48.93159866333007813
6688    -0.81992197036743164  10.68519115447998047  -1.19512701034545898
6689    -1.75281703472137451  5.88429403305053711  58.03585052490234375
6690    -6.08404779434204102  2.34282302856445313  53.74707031250000000
6691    -6.65682411193847656  5.50865983963012695  54.60473251342773438
6692    12.56830978393554688  26.98705863952636719  -79.77156829833984375
6693    -13.62645053863525391  6.54420089721679688  46.23448181152343750
6694    -5.03480482101440430  25.28781890869140625  -18.63459587097167969
6695    -8.25498962402343750  13.07540702819824219  -8.45329380035400391
6696    -5.40128993988037109  10.58338832855224609  -6.13501214981079102
6697    11.64425277709960938  10.08291339874267578  -5.31597900390625000
6698    12.57109832763671875  11.06394958496093750  -1.34135305881500244
6699    12.45885753631591797  7.22919702529907227  -1.61390602588653564
6700    9.65798473358154297  26.73445701599121094  -47.33558273315429688
6701    0.98485600948333740  6.31641817092895508  0.49651199579238892
6702    9.45030879974365234  2.24458503723144531  49.72793960571289063
6703    9.99717140197753906  2.07006502151489258  52.17292022705078125
6704    0.55818599462509155  28.97272109985351563  -26.77768325805664063
6705    2.82077288627624512  27.95213317871093750  -23.64136505126953125
6706    -6.34210777282714844  5.94936513900756836  9.62464523315429688
6707    -9.50111675262451172  28.15410423278808594  -25.42978668212890625
6708    12.33787918090820313  27.27933883666992188  -23.24645805358886719
6709    8.19930267333984375  23.51509857177734375  -22.50890541076660156
6710    6.47366714477539063  22.68287467956542969  -20.82262611389160156
6711    4.05502700805664063  26.93191146850585938  -21.55184364318847656
6712    3.87382197380065918  25.46932792663574219  -18.52081871032714844
6713    -5.87952089309692383  29.94240188598632813  -35.82074737548828125
6714    12.40915298461914063  1.95322203636169434  62.22375106811523438
6715    12.93700408935546875  2.19058394432067871  58.81842803955078125
6716    9.52030944824218750  9.44936656951904297  -3.44851803779602051
6717    5.49471092224121094  10.31097984313964844  -5.76548480987548828
6718    9.34860610961914063  10.00934028625488281  -5.55465698242187500
6719    -0.09286800026893616  16.66687583923339844  -13.03743362426757813
6720    -3.58496809005737305  16.24552917480468750  -12.66964340209960938
6721    -2.04209089279174805  18.40378761291503906  -15.36688423156738281
6722    -4.92167901992797852  14.23608207702636719  -10.02450275421142578
6723    -0.13765299320220947  14.40719413757324219  -9.49215030670166016
6724    -1.23361694812774658  15.33017253875732422  -11.53678131103515625
6725    -10.43196010589599609  5.89884376525878906  34.24136734008789063
6726    -11.93707847595214844  5.94130897521972656  37.45038223266601563
6727    -7.73008918762207031  2.11561393737792969  41.56419754028320313
6728    -12.64083480834960938  6.52261400222778320  -0.54711598157882690
6729    -10.12022686004638672  4.74009990692138672  2.78129100799560547
6730    -2.75920104980468750  22.13451957702636719  -13.67791461944580078
6731    13.19835281372070313  30.66127967834472656  -79.65190887451171875
6732    -12.78612327575683594  3.46309399604797363  55.81949234008789063
6733    -13.25383281707763672  1.80843997001647949  19.72453117370605469
6734    -10.33607673645019531  3.02907991409301758  18.87914466857910156
6735    7.77238798141479492  5.93111181259155273  23.76613807678222656
6736    -3.24243903160095215  25.78857421875000000  -29.68896102905273438
6737    -10.22802352905273438  23.29835510253906250  -15.36490631103515625
6738    4.39011907577514648  2.41027688980102539  44.95148086547851563
6739    4.76430511474609375  2.01251792907714844  40.51807022094726563
6740    4.39393806457519531  5.28960514068603516  41.84439086914062500
6741    -10.12115001678466797  12.39506626129150391  -2.95886492729187012
6742    -13.10361289978027344  12.88523864746093750  -2.73016691207885742
6743    4.69972991943359375  7.74512481689453125  -1.87333202362060547
6744    7.66680812835693359  8.40873146057128906  -4.13545179367065430
6745    11.23867702484130859  8.84452819824218750  2.35101509094238281
6746    13.19305038452148438  9.11354732513427734  -1.49535703659057617
6747    8.75701713562011719  26.66436195373535156  -43.53374862670898438
6748    9.84901332855224609  27.01403617858886719  -38.62051010131835938
6749    6.80980110168457031  26.96642303466796875  -38.87599563598632813
6750    13.17147254943847656  18.52868080139160156  -9.34440803527832031
6751    0.42531999945640564  3.52076101303100586  6.43518400192260742
6752    -9.56886959075927734  24.67023086547851563  -17.30743980407714844
6753    5.24346208572387695  3.19996905326843262  6.52577209472656250
6754    1.68178498744964600  6.13491821289062500  7.52728796005249023
6755    1.73020601272583008  4.38688898086547852  3.21398210525512695
6756    2.59768295288085938  5.93173599243164063  35.15330886840820313
6757    -12.83631992340087891  27.16771888732910156  -81.45333099365234375
6758    -9.18009757995605469  5.72471714019775391  39.22182083129882813
6759    -7.33849811553955078  5.78859710693359375  35.16785430908203125
6760    2.11282300949096680  30.59412002563476563  -36.94294357299804688
6761    10.12686252593994141  5.25797176361083984  9.99288845062255859
6762    8.78551578521728516  5.97910499572753906  13.76570892333984375
6763    11.06610107421875000  2.06169605255126953  12.82773971557617188
6764    9.88086032867431641  2.16634988784790039  15.02221012115478516
6765    -12.99150085449218750  1.92178702354431152  60.13496398925781250
6766    -7.45972013473510742  2.50898599624633789  13.48422813415527344
6767    1.15642404556274414  2.33747601509094238  11.50015830993652344
6768    -5.31324005126953125  2.27066993713378906  45.07204055786132813
6769    -3.38388204574584961  5.39381885528564453  44.20100402832031250
6770    -2.80567789077758789  2.22564411163330078  48.09540557861328125
6771    10.07599925994873047  5.49478101730346680  44.26242065429687500
6772    13.54577636718750000  6.69613790512084961  44.92013168334960938
6773    12.95886421203613281  1.85930597782135010  54.14120101928710938
6774    13.22935104370117188  1.63045394420623779  56.61260223388671875
6775    10.70626354217529297  5.61918210983276367  19.14723014831542969
6776    -5.88682794570922852  12.33097839355468750  -2.95624089241027832
6777    -10.31922817230224609  2.20835900306701660  35.72000122070312500
6778    1.96375000476837158  5.84427499771118164  43.14253234863281250
6779    -0.25658699870109558  5.96836900711059570  40.26968765258789063
6780    -7.66788721084594727  21.38348388671875000  -15.96194267272949219
6781    -8.76753234863281250  20.30864524841308594  -17.75159263610839844
6782    13.02742290496826172  5.99040889739990234  31.68615341186523438
6783    -6.62696123123168945  3.49464201927185059  19.44622611999511719
6784    -6.89986181259155273  5.48392915725708008  22.33057975769042969
6785    -12.54311656951904297  19.35062408447265625  -11.10969924926757813
6786    0.17306700348854065  12.51134490966796875  -2.51019906997680664
6787    3.00297188758850098  10.90327453613281250  -0.88270598649978638
6788    4.60801792144775391  12.44297027587890625  -2.74307703971862793
6789    -2.59231305122375488  28.30384063720703125  -30.80953979492187500
6790    -6.63746309280395508  26.65490913391113281  -32.73079299926757813
6791    -2.72936296463012695  26.74539375305175781  -33.83651351928710938
6792    10.64155197143554688  29.13813591003417969  -70.91845703125000000
6793    8.50876426696777344  30.84918022155761719  -70.94548797607421875
6794    13.07544517517089844  30.65740966796875000  -70.76251983642578125
6795    12.70535564422607422  26.87183952331542969  -44.40443038940429688
6796    13.07561016082763672  30.59344291687011719  -83.23665618896484375
6797    6.72686386108398438  1.82988798618316650  30.15825653076171875
6798    2.56488800048828125  19.97083663940429688  -16.29125213623046875
6799    -10.27991867065429688  26.58451461791992188  -54.89318466186523438
6800    -13.02159500122070313  27.27540588378906250  -84.99481964111328125
6801    -10.76907730102539063  26.61710739135742188  -84.75108337402343750
6802    -12.80939388275146484  30.45496559143066406  -83.86233520507812500
6803    0.57233697175979614  5.80862283706665039  19.43567466735839844
6804    3.62673807144165039  5.72377777099609375  17.07277107238769531
6805    8.90420246124267578  30.49757957458496094  -67.74095916748046875
6806    -6.49353790283203125  2.29576206207275391  26.53125381469726563
6807    -9.97787857055664063  2.20717096328735352  27.49323463439941406
6808    12.57041740417480469  29.75957107543945313  -31.31163787841796875
6809    7.37932777404785156  29.03558921813964844  -27.43173599243164063
6810    8.40760612487792969  29.76566314697265625  -30.93853569030761719
6811    8.11107063293457031  2.44886803627014160  42.44887542724609375
6812    8.38563442230224609  2.18392705917358398  37.92184448242187500
6813    4.27497816085815430  6.50300884246826172  9.24133300781250000
6814    -11.91411018371582031  29.23943328857421875  -41.12714004516601563
6815    4.18919515609741211  6.24142122268676758  4.34815979003906250
6816    -7.37077522277832031  1.94044899940490723  16.06355667114257813
6817    -10.61856269836425781  1.92566597461700439  13.64582157135009766
6818    11.95071411132812500  26.62590789794921875  -48.59861755371093750
6819    13.63288688659667969  26.09937095642089844  -50.28422164916992188
6820    2.69659590721130371  5.71957683563232422  46.66292953491210938
6821    8.54675292968750000  4.28428506851196289  49.99102783203125000
6822    6.25235986709594727  3.16702198982238770  49.98515701293945313
6823    -1.24451804161071777  5.76205682754516602  12.64590835571289063
6824    1.13429105281829834  5.20307111740112305  10.55301380157470703
6825    -3.21377897262573242  5.89970302581787109  10.62100696563720703
6826    4.95105123519897461  17.70353507995605469  -8.87436103820800781
6827    9.61653137207031250  18.35092735290527344  -9.51498126983642578
6828    -3.70126891136169434  5.43977212905883789  30.41166877746582031
6829    -5.91102313995361328  5.93112516403198242  32.19965362548828125
6830    -4.96409082412719727  2.63022208213806152  31.29947471618652344
6831    -2.21553802490234375  5.83055782318115234  32.33233642578125000
6832    -5.98325109481811523  8.55790710449218750  0.09731200337409973
6833    9.88076782226562500  7.35895586013793945  5.01115179061889648
6834    10.72726535797119141  6.77802896499633789  8.38370132446289063
6835    -1.68239104747772217  29.61318206787109375  -35.22369766235351563
6836    10.76557254791259766  30.47664451599121094  -48.71893310546875000
6837    -11.19207096099853516  25.75647354125976563  -29.14758300781250000
6838    -10.22820663452148438  27.97626113891601563  -79.98999786376953125
6839    -10.73384094238281250  5.72109603881835938  48.88545989990234375
6840    -0.64465600252151489  30.25286483764648438  -32.95518875122070313
6841    -9.97317600250244141  20.91253280639648438  -16.04258346557617188
6842    -12.97429561614990234  21.18323135375976563  -15.03995990753173828
6843    0.49012601375579834  3.19568395614624023  17.93058204650878906
6844    2.77816390991210938  1.98159694671630859  48.28052520751953125
6845    3.35892200469970703  13.35487079620361328  -8.99285793304443359
6846    0.03247800096869469  11.31270790100097656  -6.33672809600830078
6847    5.55010080337524414  2.49120092391967773  26.76580238342285156
6848    4.56314802169799805  5.88291311264038086  28.45423889160156250
6849    -8.72000885009765625  30.03956985473632813  -36.12867355346679688
6850    -6.52166604995727539  30.42056083679199219  -38.11866760253906250
6851    -7.06356811523437500  30.21635627746582031  -40.38363265991210938
6852    -10.76701545715332031  30.18603134155273438  -37.56087875366210938
6853    -10.49690914154052734  30.50522041320800781  -39.66496658325195313
6854    -4.28255605697631836  24.29167556762695313  -16.74691963195800781
6855    -0.21125699579715729  1.82873702049255371  28.17853355407714844
6856    -11.30452919006347656  26.45708656311035156  -64.71267700195312500
6857    -12.92362117767333984  27.41634559631347656  -60.75281143188476563
6858    6.45108509063720703  22.82881164550781250  -15.23991870880126953
6859    13.22875976562500000  28.11603164672851563  -61.20021057128906250
6860    10.13201713562011719  28.90508460998535156  -26.66242027282714844
6861    10.46938037872314453  24.43886756896972656  -21.39211654663085938
6862    13.27614974975585938  24.39430236816406250  -19.48711585998535156
6863    -4.15693998336791992  1.94756197929382324  42.74525451660156250
6864    -5.92526292800903320  6.04787206649780273  24.74965286254882813
6865    7.24492502212524414  2.02992510795593262  18.44611549377441406
6866    -5.34269714355468750  21.08092498779296875  -18.53201103210449219
6867    10.05816268920898438  2.15452694892883301  56.04056167602539063
6868    -4.12369298934936523  4.01567888259887695  3.83133101463317871
6869    -4.97148084640502930  14.61741638183593750  -5.57147789001464844
6870    -1.47268104553222656  15.36042499542236328  -5.65045785903930664
6871    8.30743885040283203  4.47192001342773438  19.49723243713378906
6872    3.10463595390319824  2.44221711158752441  42.65921020507812500
6873    12.88202667236328125  26.05960845947265625  -30.53659057617187500
6874    9.05552577972412109  28.56510353088378906  -60.48171234130859375
6875    10.37791061401367188  22.21595573425292969  -20.41451072692871094
6876    13.16558647155761719  24.53490829467773438  -21.56546020507812500
6877    -12.06490516662597656  27.11404228210449219  -26.34195327758789063
6878    -12.99282455444335938  28.24960899353027344  -24.09505271911621094
6879    -9.65698146820068359  26.72980117797851563  -46.01619338989257813
6880    -2.52823209762573242  24.67306900024414063  -18.88553810119628906
6881    -0.19955199956893921  25.98863410949707031  -19.40600585937500000
6882    1.44574499130249023  24.48809051513671875  -16.86084938049316406
6883    3.38104391098022461  4.07395982742309570  9.63588809967041016
6884    2.60430908203125000  3.08561611175537109  7.39909219741821289
6885    5.65683317184448242  2.45417809486389160  10.95435333251953125
6886    11.09121417999267578  26.49099349975585938  -52.83300781250000000
6887    12.97424411773681641  27.79091835021972656  -52.54494857788085938
6888    7.30462312698364258  30.05020523071289063  -40.23072814941406250
6889    -8.80733776092529297  9.93051242828369141  -1.91522097587585449
6890    -6.33034276962280273  9.94312095642089844  -2.05454397201538086
6891    -5.36929798126220703  7.47722196578979492  -2.38579201698303223
6892    -10.76135444641113281  30.42489624023437500  -66.20944976806640625
6893    -11.95618820190429688  29.23376083374023438  -63.52659225463867188
6894    -3.46998190879821777  2.36912393569946289  29.01018714904785156
6895    -2.01467299461364746  2.11719298362731934  25.04060173034667969
6896    9.98671054840087891  2.09547710418701172  34.82802963256835938
6897    -3.61986994743347168  4.66065883636474609  48.22076797485351563
6898    10.34784793853759766  30.54243087768554688  -56.81360244750976563
6899    10.85366630554199219  28.39110565185546875  -54.31629943847656250
6900    -9.06389427185058594  29.84905052185058594  -51.86416625976562500
6901    -10.46803760528564453  11.72924137115478516  -7.60394716262817383
6902    -13.27590465545654297  14.55960464477539063  -8.30396747589111328
6903    11.27474784851074219  17.39913558959960938  -13.08897781372070313
6904    6.98911380767822266  18.27670097351074219  -11.33782672882080078
6905    6.18485879898071289  21.16691017150878906  -13.01172828674316406
6906    9.66062641143798828  19.53488540649414063  -12.62087154388427734
6907    -9.36548995971679688  5.61729383468627930  11.25966930389404297
6908    -13.09278869628906250  10.01892852783203125  -2.27045202255249023
6909    -10.87904167175292969  4.16802310943603516  45.16111755371093750
6910    -12.92504596710205078  3.46095299720764160  42.33497619628906250
6911    -1.93128597736358643  23.65979957580566406  -16.02203559875488281
6912    -4.75012111663818359  28.40635681152343750  -26.39934539794921875
6913    -5.37097787857055664  29.53089523315429688  -29.21167945861816406
6914    -6.76575517654418945  8.89369869232177734  -4.26496696472167969
6915    -12.94533061981201172  5.69314289093017578  6.09123277664184570
6916    -9.56107711791992188  6.98180818557739258  6.10428905487060547
6917    -13.01330661773681641  5.33743476867675781  8.77088832855224609
6918    -7.75227594375610352  5.25068616867065430  5.26644992828369141
6919    -10.84651374816894531  4.80054998397827148  6.53225708007812500
6920    -9.44613075256347656  2.64338493347167969  7.82341909408569336
6921    11.07126045227050781  29.88691711425781250  -28.43116760253906250
6922    2.31152796745300293  2.01273107528686523  31.15792083740234375
6923    2.44462800025939941  2.03123211860656738  35.16170501708984375
6924    4.65727710723876953  2.39889788627624512  33.50258636474609375
6925    -12.50405502319335938  27.57418632507324219  -35.89031600952148438
6926    9.05881977081298828  10.16319274902343750  0.59881997108459473
6927    -10.38922214508056641  30.17265129089355469  -33.42538452148437500
6928    -12.98002624511718750  30.09821319580078125  -31.33319664001464844
6929    9.77475833892822266  21.21263694763183594  -15.51689243316650391
6930    10.40707206726074219  22.06377792358398438  -13.63704872131347656
6931    9.29219245910644531  23.75562667846679688  -15.61561203002929688
6932    -3.63367104530334473  5.25073194503784180  5.88354682922363281
6933    -1.78528702259063721  6.84007596969604492  8.34792232513427734
6934    9.34471035003662109  5.92970895767211914  31.43132781982421875
6935    5.88979101181030273  4.10279321670532227  29.92372894287109375
6936    12.90702342987060547  5.92592811584472656  42.90067672729492188
6937    -7.54207181930541992  13.87554645538330078  -6.50086498260498047
6938    6.91834211349487305  26.57550811767578125  -41.65734481811523438
6939    4.91882276535034180  30.30274963378906250  -41.55044555664062500
6940    0.79670101404190063  24.81983375549316406  -21.06762123107910156
6941    -1.54581797122955322  25.50347709655761719  -22.90427398681640625
6942    2.04749298095703125  25.96624755859375000  -22.34605026245117188
6943    2.61174893379211426  2.94889497756958008  27.58944892883300781
6944    -10.57699012756347656  2.31251692771911621  22.50437736511230469
6945    -11.28365421295166016  1.89475202560424805  25.17050361633300781
6946    -12.96937847137451172  1.90313994884490967  22.07519149780273438
6947    -13.38010215759277344  1.75501704216003418  24.77512550354003906
6948    -13.17052173614501953  3.58290791511535645  25.52389335632324219
6949    2.03544402122497559  5.14232921600341797  59.45145416259765625
6950    4.88188695907592773  6.12413406372070313  62.46747589111328125
6951    3.03552699089050293  4.41827487945556641  52.82454681396484375
6952    -0.08165399730205536  1.95775902271270752  53.39590835571289063
6953    -2.42307901382446289  8.87764644622802734  0.08544799685478210
6954    -3.04574108123779297  6.93350601196289063  1.92640697956085205
6955    -5.69422721862792969  5.84865283966064453  1.30989694595336914
6956    6.82558298110961914  24.50138854980468750  -19.51965713500976563
6957    9.69323539733886719  23.36049461364746094  -18.20315742492675781
6958    1.87073600292205811  25.76736068725585938  -28.39652252197265625
6959    -0.17641399800777435  25.62734222412109375  -29.19719886779785156
6960    8.02790164947509766  5.57337284088134766  38.16535186767578125
6961    6.77632904052734375  5.83882808685302734  35.32558059692382813
6962    -6.22030782699584961  16.22980880737304688  -12.56484222412109375
6963    -8.13901138305664063  17.16205596923828125  -11.75613498687744141
6964    -7.96240806579589844  19.86952400207519531  -13.79277706146240234
6965    -6.53535985946655273  18.47149658203125000  -15.47535991668701172
6966    7.48066091537475586  27.43066978454589844  -32.49267578125000000
6967    10.80734443664550781  26.77733993530273438  -34.20475006103515625
6968    4.99105596542358398  14.33069896697998047  -10.58237934112548828
6969    9.51799392700195313  14.69098472595214844  -10.18151664733886719
6970    -2.95130109786987305  13.52889919281005859  -6.12716913223266602
6971    -1.66270005702972412  11.84970474243164063  -7.70428323745727539
6972    -5.46125698089599609  12.38374805450439453  -7.77700614929199219
6973    -9.11958789825439453  17.99053382873535156  -8.26606941223144531
6974    -11.07857131958007813  1.83289802074432373  62.32565689086914063
6975    -9.95486545562744141  2.21330308914184570  59.44929122924804688
6976    -10.87872028350830078  4.16911315917968750  62.12845230102539063
6977    10.26551914215087891  2.47271490097045898  29.98666381835937500
6978    8.95162582397460938  26.41528892517089844  -84.57498931884765625
6979    12.99246788024902344  26.54428863525390625  -84.71089172363281250
6980    -2.52694296836853027  3.44404697418212891  20.41234016418457031
6981    -5.95634317398071289  3.69439101219177246  33.51635742187500000
6982    -4.12151002883911133  3.57393193244934082  34.77457046508789063
6983    13.16555786132812500  30.69180679321289063  -53.25946044921875000
6984    12.93333721160888672  29.14596366882324219  -50.34194946289062500
6985    -1.59709799289703369  5.75791597366333008  23.72043800354003906
6986    7.16470623016357422  1.84648799896240234  54.27769470214843750
6987    10.62749576568603516  4.19193077087402344  36.38903427124023438
6988    12.94780063629150391  6.08373594284057617  36.28985214233398438
6989    11.41123676300048828  5.61856222152709961  39.15733337402343750
6990    5.07491207122802734  29.73163604736328125  -31.50317192077636719
6991    12.80491161346435547  1.82793903350830078  50.23651123046875000
6992    0.76774299144744873  3.55517911911010742  49.44458770751953125
6993    -10.45105266571044922  3.23724699020385742  54.91806411743164063
6994    -8.08003807067871094  14.30322074890136719  -11.22596454620361328
6995    -8.72510147094726563  16.29660034179687500  -9.72996711730957031
6996    6.99614000320434570  28.52688980102539063  -25.00081062316894531
6997    5.15267610549926758  4.19415283203125000  59.46543884277343750
6998    5.38326692581176758  3.94652700424194336  56.85511016845703125
6999    -10.90191936492919922  22.53413009643554688  -18.34634590148925781
7000    -8.61593818664550781  23.95049858093261719  -21.36164665222167969
7001    -8.46514606475830078  22.00117492675781250  -20.66876411437988281
7002    1.70498502254486084  17.01747131347656250  -10.23383045196533203
7003    -0.93282598257064819  16.65889739990234375  -7.77368021011352539
7004    1.71217894554138184  18.78400230407714844  -8.89933300018310547
7005    8.21117401123046875  2.78421497344970703  8.01781558990478516
7006    -2.02966904640197754  27.85199165344238281  -37.16586303710937500
7007    -1.73081099987030029  30.67225265502929688  -37.06858825683593750
7008    -11.02849197387695313  26.72532463073730469  -71.21589660644531250
7009    9.28743171691894531  26.04234313964843750  -76.87705230712890625
7010    10.66444492340087891  26.45881462097167969  -73.36774444580078125
7011    12.87304687500000000  26.67839241027832031  -74.21029663085937500
7012    -10.31633090972900391  26.64995956420898438  -51.04395675659179688
7013    -6.85342597961425781  8.59092140197753906  2.70597004890441895
7014    0.87248200178146362  4.55149793624877930  14.52886009216308594
7015    -0.97309798002243042  2.33796501159667969  12.83345890045166016
7016    3.17859196662902832  2.18553495407104492  14.92933654785156250
7017    10.25452804565429688  5.87641811370849609  23.92894363403320313
7018    7.90327501296997070  5.83280706405639648  26.09088706970214844
7019    9.29461860656738281  4.22679901123046875  22.79966735839843750
7020    -11.01251220703125000  3.71037101745605469  16.00346374511718750
7021    12.95964336395263672  6.89569902420043945  10.52107524871826172
7022    11.22712421417236328  30.31274032592773438  -67.13304138183593750
7023    -1.91833305358886719  23.04188537597656250  -22.13987159729003906
7024    -3.16952705383300781  21.73968696594238281  -20.03727531433105469
7025    -7.56470298767089844  2.48591589927673340  10.85418796539306641
7026    7.51112890243530273  19.75553321838378906  -16.17992973327636719
7027    12.80485534667968750  21.19005584716796875  -14.99077510833740234
7028    -3.51242089271545410  4.24819707870483398  38.40636825561523438
7029    -2.65179204940795898  3.60912299156188965  40.55061340332031250
7030    8.25944519042968750  12.11117362976074219  -5.40199089050292969
7031    9.54087734222412109  13.27155303955078125  -3.25057697296142578
7032    8.38711071014404297  14.42331314086914063  -4.34147787094116211
7033    -3.62624001502990723  3.36199808120727539  24.60020256042480469
7034    4.66853713989257813  4.24651908874511719  62.30433654785156250
7035    2.66532111167907715  3.23090100288391113  61.94060516357421875
7036    5.74816083908081055  1.80310797691345215  59.82857894897460938
7037    -13.25245475769042969  30.66716766357421875  -40.75357818603515625
7038    -10.38251209259033203  28.15900421142578125  -44.45275497436523438
7039    -12.90027713775634766  28.72735214233398438  -44.94561767578125000
7040    -13.14184284210205078  28.05926132202148438  -43.11539077758789063
7041    -13.19243717193603516  26.19435501098632813  -42.81396484375000000
7042    -13.19237422943115234  4.26340818405151367  44.53465652465820313
7043    2.50100803375244141  24.41804695129394531  -24.79521179199218750
7044    10.89488506317138672  25.72359848022460938  -18.83158493041992188
7045    -6.15103816986083984  27.46603965759277344  -44.50613021850585938
7046    -4.41158819198608398  27.65918922424316406  -41.00977325439453125
7047    0.66581302881240845  3.53224396705627441  40.53260803222656250
7048    -11.26316642761230469  18.67239189147949219  -13.13084411621093750
7049    -12.89531803131103516  18.07783508300781250  -14.78599643707275391
7050    -9.34932231903076172  17.18147468566894531  -13.79625988006591797
7051    -0.46169099211692810  19.13111495971679688  -13.64907646179199219
7052    -1.42118501663208008  18.36506080627441406  -11.39329147338867188
7053    9.00194740295410156  29.13460922241210938  -36.92181015014648438
7054    7.61547613143920898  30.36062812805175781  -35.22589492797851563
7055    9.83044528961181641  30.40363883972167969  -32.98859786987304688
7056    -10.46987915039062500  3.24510598182678223  52.07425308227539063
7057    -10.97407531738281250  11.35601902008056641  -0.77079498767852783
7058    -8.59413146972656250  9.64199256896972656  1.47052896022796631
7059    -10.09536838531494141  7.78256416320800781  1.40257096290588379
7060    -4.36378002166748047  3.90351200103759766  42.13226318359375000
7061    -5.12699699401855469  6.06962013244628906  40.33874130249023438
7062    -6.51131200790405273  4.62678384780883789  43.87891387939453125
7063    -6.80633783340454102  4.20171689987182617  41.15810775756835938
7064    -11.58373355865478516  13.24883079528808594  -6.45817089080810547
7065    -11.08999633789062500  16.68445396423339844  -7.24510908126831055
7066    -13.07937812805175781  14.73016643524169922  -4.61307477951049805
7067    13.31738853454589844  19.42054176330566406  -16.99405670166015625
7068    13.01919269561767578  22.27092361450195313  -18.82967567443847656
7069    11.14554500579833984  1.96014595031738281  46.81360244750976563
7070    13.14055061340332031  1.83878803253173828  47.11981201171875000
7071    12.57503032684326172  3.09997606277465820  42.89804840087890625
7072    11.01495265960693359  26.53725051879882813  -42.90813064575195313
7073    11.37546253204345703  28.47499084472656250  -76.25931549072265625
7074    13.00188827514648438  28.51386070251464844  -77.66073608398437500
7075    10.73591709136962891  28.68451881408691406  -83.85651397705078125
7076    -7.54880619049072266  3.76140499114990234  61.27774047851562500
7077    -6.97767686843872070  5.94646787643432617  62.10544204711914063
7078    10.69075298309326172  30.30529975891113281  -60.67716598510742188
7079    -10.60951042175292969  4.49288177490234375  21.61549377441406250
7080    -8.96844482421875000  5.85785722732543945  23.08094596862792969
7081    -8.76494503021240234  30.57088088989257813  -66.34174346923828125
7082    10.92512607574462891  4.07844686508178711  56.63039016723632813
7083    11.26736354827880859  6.01364517211914063  27.51227760314941406
7084    12.85988712310791016  4.22497987747192383  29.88064575195312500
7085    11.89705467224121094  3.86292695999145508  19.65017509460449219
7086    11.89786624908447266  4.19834184646606445  21.86342811584472656
7087    -6.04006576538085938  23.13652801513671875  -15.00281620025634766
7088    12.44820880889892578  1.64802300930023193  37.04589462280273438
7089    11.53392505645751953  29.21630096435546875  -58.89365005493164063
7090    12.00697803497314453  26.56240653991699219  -56.49297714233398438
7091    3.44778108596801758  5.08778905868530273  50.80293655395507813
7092    -3.93560791015625000  26.97654724121093750  -21.64269447326660156
7093    0.31079000234603882  2.11604189872741699  32.65785217285156250
7094    -1.14291405677795410  4.71080303192138672  36.46525192260742188
7095    -7.57891082763671875  3.97998094558715820  55.77941894531250000
7096    -6.28456401824951172  6.24104690551757813  58.68818283081054688
7097    -8.31440067291259766  27.94698333740234375  -29.12932205200195313
7098    -11.37391757965087891  29.20890808105468750  -27.37620353698730469
7099    4.94225120544433594  6.78471517562866211  1.91668498516082764
7100    5.48182296752929688  4.35980415344238281  3.23520898818969727
7101    10.68535709381103516  26.50308990478515625  -70.04340362548828125
7102    8.71298789978027344  28.72351455688476563  -70.82859039306640625
7103    10.79915428161621094  28.63134765625000000  -72.72519683837890625
7104    9.14690971374511719  28.76220703125000000  -75.59390258789062500
7105    -4.45137977600097656  18.87897491455078125  -13.64970016479492188
7106    -5.67127513885498047  19.94809532165527344  -11.72464561462402344
7107    -4.09874677658081055  18.78089523315429688  -9.80572795867919922
7108    -8.30776405334472656  3.89793801307678223  47.50400543212890625
7109    -11.97573471069335938  2.18519210815429688  46.79154205322265625
7110    2.73358607292175293  3.78134894371032715  13.29747962951660156
7111    2.21137595176696777  6.03021192550659180  12.64841938018798828
7112    2.56714391708374023  16.40094757080078125  -6.77714490890502930
7113    4.52004003524780273  14.13123321533203125  -4.10888385772705078
7114    6.12424802780151367  15.17984008789062500  -5.59504604339599609
7115    -7.96509695053100586  6.22809600830078125  19.48125076293945313
7116    -8.07291889190673828  5.92398118972778320  16.59119415283203125
7117    8.38357830047607422  6.37871408462524414  2.23479890823364258
7118    8.16363430023193359  7.45512580871582031  -0.20343500375747681
7119    8.65296936035156250  4.04953002929687500  4.18922615051269531
7120    12.51166915893554688  6.46477699279785156  4.16902589797973633
7121    13.06890678405761719  3.94202494621276855  4.01867008209228516
7122    -8.49023246765136719  2.31860399246215820  49.56966400146484375
7123    -12.63570022583007813  2.57966208457946777  51.35569000244140625
7124    -3.71798300743103027  3.91203594207763672  18.21369934082031250
7125    -5.76377105712890625  3.73561501502990723  16.15947341918945313
7126    10.37701416015625000  13.01930904388427734  -6.65889883041381836
7127    -10.96803474426269531  28.97691726684570313  -57.52500534057617188
7128    -9.22875308990478516  30.29472160339355469  -56.66631698608398438
7129    1.91765499114990234  29.84557342529296875  -31.55553054809570313
7130    -3.38269591331481934  10.84988021850585938  -3.98338508605957031
7131    -3.48615908622741699  13.43054008483886719  -3.50903010368347168
7132    -7.23217296600341797  4.06005811691284180  50.17948150634765625
7133    -4.76868915557861328  4.67012119293212891  50.78976440429687500
7134    -8.53242683410644531  5.94652080535888672  51.23415374755859375
7135    -7.20069313049316406  4.44546985626220703  52.59803771972656250
7136    -7.56509494781494141  27.64426040649414063  -23.15717697143554688
7137    7.71681308746337891  30.59327316284179688  -49.75957870483398438
7138    9.66141319274902344  29.85361480712890625  -46.06777191162109375
7139    6.37523698806762695  28.80033874511718750  -47.17176437377929688
7140    -13.02117252349853516  24.60573959350585938  -25.68103027343750000
7141    -11.07634067535400391  25.03820419311523438  -23.36646652221679688
7142    2.58485388755798340  28.41942214965820313  -34.39030838012695313
7143    0.61988300085067749  28.68307113647460938  -35.67534255981445313
7144    0.37415999174118042  27.82233810424804688  -33.90861129760742188
7145    3.51083803176879883  26.24466514587402344  -34.75157546997070313
7146    8.35588264465332031  3.40746998786926270  58.48173904418945313
7147    10.54562854766845703  4.50239801406860352  59.47183227539062500
7148    -13.11909484863281250  11.46440601348876953  -7.57656288146972656
7149    -13.03625011444091797  9.19683170318603516  -4.63473415374755859
7150    6.65311288833618164  5.63047885894775391  6.33917999267578125
7151    7.57006597518920898  5.94668722152709961  9.46118164062500000
7152    4.05148410797119141  5.82335615158081055  30.68816757202148438
7153    1.06948399543762207  4.83939886093139648  33.50819778442382813
7154    -7.45070886611938477  3.73147606849670410  38.06364822387695313
7155    9.31426143646240234  3.77310991287231445  52.69319534301757813
7156    11.01618385314941406  5.96898221969604492  51.96663284301757813
7157    8.65314483642578125  6.23770523071289063  50.57481002807617188
7158    7.97213602066040039  4.95972585678100586  54.55511093139648438
7159    -0.77871602773666382  3.54021310806274414  43.18266677856445313
7160    -4.35110282897949219  5.92483091354370117  18.75403594970703125
7161    1.14905297756195068  10.09671974182128906  -3.32381701469421387
7162    2.34038496017456055  11.67502784729003906  -5.07602500915527344
7163    -4.31541681289672852  28.78419685363769531  -33.38027191162109375
7164    11.32348823547363281  30.61656570434570313  -77.73468780517578125
7165    8.71116542816162109  28.46037483215332031  -78.40964508056640625
7166    -0.25457501411437988  4.19441699981689453  9.56575679779052734
7167    -6.67571401596069336  24.85638809204101563  -26.01863098144531250
7168    -6.29073905944824219  26.80174255371093750  -27.16225242614746094
7169    -9.96041965484619141  25.23298835754394531  -27.32454299926757813
7170    5.59506893157958984  5.72130584716796875  22.66823196411132813
7171    -9.20236015319824219  28.85885429382324219  -47.36441421508789063
7172    -7.32202482223510742  28.17615318298339844  -48.56344604492187500
7173    -11.15374946594238281  26.50398445129394531  -48.67341232299804688
7174    -0.41259598731994629  8.04607391357421875  -3.08904790878295898
7175    -2.76818704605102539  7.19632720947265625  -2.03247594833374023
7176    -3.30860209465026855  8.83071422576904297  -4.77828884124755859
7177    -5.01327991485595703  3.83395504951477051  23.12477874755859375
7178    -4.47789096832275391  6.13758802413940430  20.89908027648925781
7179    5.86397409439086914  27.40551948547363281  -28.13427925109863281
7180    3.84305310249328613  29.53510475158691406  -27.84244346618652344
7181    -13.05353546142578125  28.39173698425292969  -54.76034927368164063
7182    -12.89782619476318359  28.57297325134277344  -51.37771987915039063
7183    -13.31124401092529297  26.09537887573242188  -51.86447525024414063
7184    6.52613782882690430  28.67576789855957031  -34.40371322631835938
7185    3.33289694786071777  30.67768287658691406  -34.83403778076171875
7186    11.50991535186767578  4.98718404769897461  5.86936378479003906
7187    -10.83016967773437500  28.89402770996093750  -60.27899551391601563
7188    -13.10875511169433594  29.24385643005371094  -59.06278610229492188
7189    -13.07423496246337891  4.25551795959472656  60.46940994262695313
7190    -10.75318431854248047  5.86256122589111328  60.41826248168945313
7191    -4.12226390838623047  28.86060142517089844  -39.02112197875976563
7192    -4.14994001388549805  30.86542701721191406  -41.92586517333984375
7193    -11.06368923187255859  3.70639204978942871  9.88812637329101563
7194    -13.25535774230957031  2.53905606269836426  7.59571886062622070
7195    -13.04833316802978516  27.86863327026367188  -39.65714263916015625
7196    -13.53057765960693359  26.16641426086425781  -36.53525543212890625
7197    -11.61943340301513672  6.17690992355346680  51.80081176757812500
7198    0.42443698644638062  22.82221603393554688  -21.90150833129882813
7199    -8.29919147491455078  26.29134368896484375  -34.71361923217773438
7200    -9.63163757324218750  26.87858390808105469  -32.43259048461914063
7201    -9.88086128234863281  26.13346672058105469  -36.61162185668945313
7202    0.48634499311447144  3.84132599830627441  26.73332595825195313
7203    2.39147305488586426  5.73507881164550781  25.19093132019042969
7204    6.64473199844360352  6.45327711105346680  58.61090850830078125
7205    -7.95604705810546875  15.08905601501464844  -4.63933086395263672
7206    5.40001487731933594  28.11304664611816406  -44.25728225708007813
7207    -11.21750068664550781  26.33072662353515625  -57.49895477294921875
7208    -8.96634197235107422  28.29607963562011719  -55.41662597656250000
7209    -8.45295238494873047  26.15937042236328125  -56.56781387329101563
7210    -3.80959510803222656  4.18524789810180664  14.50442600250244141
7211    -6.25632619857788086  4.72948884963989258  14.10510635375976563
7212    -3.37827610969543457  6.17918777465820313  15.32838535308837891
7213    -12.11408042907714844  6.26789712905883789  41.80573654174804688
7214    -10.04092025756835938  4.00694608688354492  41.09981536865234375
7215    -10.17929077148437500  5.88834714889526367  25.36556816101074219
7216    -10.73499011993408203  4.39667320251464844  27.15680313110351563
7217    -0.52336698770523071  8.48939132690429688  3.84383893013000488
7218    -2.88022303581237793  9.16564178466796875  2.51580905914306641
7219    7.91462898254394531  3.68348503112792969  16.81721687316894531
7220    8.80564022064208984  28.47983741760253906  -84.71119689941406250
7221    5.80291509628295898  1.63653099536895752  62.49427413940429688
7222    7.27472019195556641  3.85186195373535156  62.20016098022460938
7223    0.68991297483444214  4.51598215103149414  55.72771453857421875
7224    2.05839705467224121  2.11732292175292969  54.99808120727539063
7225    -1.35775303840637207  3.94716501235961914  56.62963485717773438
7226    2.57454490661621094  27.88931465148925781  -30.78629684448242188
7227    4.65058422088623047  26.10815429687500000  -33.07015609741210938
7228    4.74828910827636719  25.79089546203613281  -30.03263282775878906
7229    -5.58207178115844727  5.93976402282714844  3.88087391853332520
7230    -5.50242376327514648  6.07829999923706055  6.72684192657470703
7231    -4.50124883651733398  7.93543100357055664  3.98917603492736816
7232    10.32011604309082031  30.56021118164062500  -64.89780426025390625
7233    -12.83373069763183594  30.22704505920410156  -74.44972229003906250
7234    -11.83130168914794922  28.89240646362304688  -78.11166381835937500
7235    -13.17104911804199219  30.49321556091308594  -78.75974273681640625
7236    -11.39249610900878906  28.67676544189453125  -33.48356628417968750
7237    -3.77339911460876465  2.19196701049804688  56.80732345581054688
7238    -3.84757804870605469  3.04201507568359375  59.81378936767578125
7239    -4.05152797698974609  3.70296502113342285  62.25623703002929688
7240    13.03593730926513672  28.60973358154296875  -40.33153152465820313
7241    9.97544860839843750  29.96800231933593750  -39.96501541137695313
7242    12.63634872436523438  30.15734672546386719  -36.37744903564453125
7243    -1.64683699607849121  6.17430305480957031  26.09024810791015625
7244    -1.79903197288513184  3.79291296005249023  16.74529838562011719
7245    -3.33077907562255859  2.06610798835754395  13.53834724426269531
7246    -4.58350706100463867  1.84416794776916504  15.89769172668457031
7247    -3.25527811050415039  1.70963203907012939  17.26277351379394531
7248    3.95393109321594238  28.45261192321777344  -41.01379776000976563
7249    4.37267398834228516  26.35953903198242188  -41.99605178833007813
7250    11.25260066986083984  3.69599390029907227  25.14789772033691406
7251    13.34007167816162109  1.73598694801330566  22.43381881713867188
7252    11.13046360015869141  1.99487304687500000  22.46821403503417969
7253    10.64486503601074219  28.02801322937011719  -50.49199295043945313
7254    8.51647281646728516  26.36386108398437500  -52.56427001953125000
7255    7.68500995635986328  28.21785736083984375  -49.34632492065429688
7256    -10.75238895416259766  5.95023107528686523  9.29829692840576172
7257    -11.93977737426757813  2.30213093757629395  31.70725059509277344
7258    -13.26287174224853516  3.78701901435852051  28.12480163574218750
7259    -13.28479385375976563  1.74083495140075684  27.78480720520019531
7260    -0.70485001802444458  25.94301033020019531  -34.35295104980468750
7261    0.31569600105285645  25.41230010986328125  -31.56725311279296875
7262    5.26083898544311523  4.30697107315063477  37.04669189453125000
7263    -8.85598659515380859  26.39235687255859375  -79.24141693115234375
7264    3.26463794708251953  28.55845642089843750  -38.35428619384765625
7265    6.41062784194946289  26.55834770202636719  -36.11324691772460938
7266    7.04039716720581055  4.13169813156127930  13.17299079895019531
7267    9.66932868957519531  3.96786093711853027  13.00725555419921875
7268    6.98759508132934570  1.95888805389404297  13.63745975494384766
7269    9.42716598510742188  3.53904390335083008  10.95795726776123047
7270    -11.49059772491455078  14.02584171295166016  -10.37906742095947266
7271    -10.76302623748779297  16.01641845703125000  -12.21845245361328125
7272    11.38110923767089844  28.45329856872558594  -46.12322616577148438
7273    13.26040267944335938  30.65456008911132813  -46.63592147827148438
7274    13.15737247467041016  29.31498336791992188  -43.27108383178710938
7275    3.12158203125000000  19.02275657653808594  -12.35359764099121094
7276    4.04919290542602539  22.53266525268554688  -14.19288635253906250
7277    4.65763378143310547  20.42972564697265625  -11.51466274261474609
7278    0.95632898807525635  21.38549232482910156  -12.99447441101074219
7279    11.60677433013916016  24.93762969970703125  -27.53518486022949219
7280    -13.18031311035156250  24.94501686096191406  -17.29082298278808594
7281    -0.66897302865982056  3.52437496185302734  30.14446067810058594
7282    1.86583995819091797  4.72115421295166016  29.35393524169921875
7283    -8.23306560516357422  4.41881799697875977  7.59716081619262695
7284    -3.12142801284790039  1.99535095691680908  52.79236602783203125
7285    -3.92151308059692383  6.01398611068725586  52.16054916381835938
7286    -2.14641499519348145  4.47691297531127930  54.27917480468750000
7287    -1.84248495101928711  3.94298791885375977  51.17919540405273438
7288    -1.68678295612335205  6.02652120590209961  48.90984725952148438
7289    10.50225257873535156  1.99592995643615723  38.99403381347656250
7290    12.91422653198242188  3.79582905769348145  39.39405059814453125
7291    -11.15845203399658203  29.03205108642578125  -71.74595642089843750
7292    -7.17207098007202148  2.05378794670104980  57.00666809082031250
7293    -6.78122901916503906  4.36656093597412109  58.76925277709960938
7294    8.87577724456787109  27.72261428833007813  -67.38555908203125000
7295    7.33800506591796875  14.18894767761230469  -8.47432327270507813
7296    4.06413698196411133  13.06307411193847656  -6.89239692687988281
7297    7.32630681991577148  11.18755054473876953  -7.39895820617675781
7298    -12.98889446258544922  4.08976316452026367  22.06181907653808594
7299    7.00324296951293945  3.07441592216491699  46.63192367553710938
7300    8.53422927856445313  28.49525260925292969  -35.04053878784179688
7301    11.32298374176025391  2.04395389556884766  18.24481010437011719
7302    5.61439990997314453  16.12332534790039063  -12.27855587005615234
7303    0.14159800112247467  26.50714683532714844  -23.81747245788574219
7304    -1.54331898689270020  27.43372535705566406  -21.73468017578125000
7305    -4.41494989395141602  23.73967170715332031  -23.38229370117187500
7306    -8.20835971832275391  1.91605997085571289  45.78725051879882813
7307    -9.17457389831542969  4.61899280548095703  57.47018051147460938
7308    -7.75334501266479492  6.25401592254638672  60.33601760864257813
7309    -10.85311126708984375  5.96534013748168945  58.04270935058593750
7310    -1.57967805862426758  6.09786510467529297  4.07754611968994141
7311    -1.22484803199768066  3.69423890113830566  3.43783593177795410
7312    -1.47639095783233643  5.89436197280883789  0.24308300018310547
7313    6.71228981018066406  26.39907836914062500  -22.94397544860839844
7314    8.16173744201660156  27.21226692199707031  -21.06192016601562500
7315    11.11158752441406250  3.10704803466796875  5.29576110839843750
7316    5.36318588256835938  7.95518302917480469  4.80768299102783203
7317    -7.18156003952026367  30.35411262512207031  -43.29272842407226563
7318    -10.96809959411621094  26.39251899719238281  -42.49591064453125000
7319    -8.69799709320068359  27.77806854248046875  -41.76297760009765625
7320    -6.49769592285156250  27.89149665832519531  -37.21984863281250000
7321    -11.17202758789062500  28.51015090942382813  -68.08763885498046875
7322    -13.12418746948242188  30.56633186340332031  -67.11189270019531250
7323    -13.05408573150634766  30.49362373352050781  -70.07851409912109375
7324    4.41368293762207031  6.34658718109130859  33.51714324951171875
7325    -10.35369014739990234  29.86503410339355469  -30.10058403015136719
7326    -7.01471900939941406  30.36412620544433594  -32.01849365234375000
7327    -5.49783086776733398  3.91336107254028320  46.98444366455078125
7328    -7.15657711029052734  6.24727296829223633  49.35644149780273438
7329    -1.74648201465606689  3.71833491325378418  47.06679916381835938
7330    0.86887502670288086  2.09235811233520508  45.27475738525390625
7331    -2.81866407394409180  2.13604998588562012  44.55306625366210938
7332    -0.67051798105239868  1.94476699829101563  47.89376831054687500
7333    4.43850612640380859  4.26999187469482422  23.76674270629882813
7334    6.35893201828002930  3.46751308441162109  22.11860275268554688
7335    7.77702522277832031  2.03688788414001465  23.40202522277832031
7336    -10.40398502349853516  28.38515853881835938  -74.30799102783203125
7337    -9.00476264953613281  28.17363739013671875  -77.06114959716796875
7338    8.52733230590820313  4.79685592651367188  33.51105499267578125
7339    7.20116901397705078  2.05455994606018066  33.45996856689453125
7340    -12.67018222808837891  28.32826614379882813  -49.47367477416992188
7341    -12.23677921295166016  26.55252647399902344  -46.12911224365234375
7342    -10.86470222473144531  30.80210494995117188  -43.55868911743164063
7343    3.21472311019897461  26.88371849060058594  -26.54569244384765625
7344    5.30584001541137695  27.02123832702636719  -25.51761627197265625
7345    -10.52001953125000000  27.21430778503417969  -22.32244491577148438
7346    11.69726753234863281  15.33230400085449219  -5.43390798568725586
7347    12.70513916015625000  12.20582485198974609  -4.86711883544921875
7348    13.08507442474365234  14.73810863494873047  -8.10073566436767578
7349    -6.08474779129028320  23.31400871276855469  -21.70185852050781250
7350    -11.43004894256591797  7.83865976333618164  4.88610601425170898
7351    -11.77397060394287109  9.56608390808105469  1.77974700927734375
7352    -9.39538860321044922  2.51182198524475098  30.95610427856445313
7353    -7.30612421035766602  2.82518696784973145  34.82060241699218750
7354    13.21694278717041016  13.93687152862548828  -10.45811557769775391
7355    10.60999584197998047  30.63703346252441406  -72.70809173583984375
7356    13.05961513519287109  28.86187934875488281  -73.80415344238281250
7357    13.39574718475341797  3.93110609054565430  49.17674255371093750
7358    0.72910600900650024  2.05965900421142578  22.80218315124511719
7359    2.23711895942687988  1.88944101333618164  18.99991798400878906
7360    -8.48287677764892578  3.68661904335021973  24.06729507446289063
7361    13.27585792541503906  28.42066764831542969  -33.29225158691406250
7362    13.13279628753662109  26.28110504150390625  -34.50214767456054688
7363    -9.17985725402832031  30.32628059387207031  -74.84220123291015625
7364    -11.26677799224853516  30.83134269714355469  -78.02346038818359375
7365    -11.22490501403808594  3.78893804550170898  29.96347427368164063
7366    -10.28498458862304688  6.16135692596435547  29.03395462036132813
7367    5.76952981948852539  4.38800716400146484  48.26918411254882813
7368    6.25566291809082031  6.19286298751831055  48.85684204101562500
7369    8.49271202087402344  6.58655691146850586  47.44416046142578125
7370    4.90186119079589844  16.55580902099609375  -6.93735408782958984
7371    6.03648900985717773  29.01081657409667969  -37.86833953857421875
7372    5.13886976242065430  28.46420097351074219  -35.91702651977539063
7373    -9.95473670959472656  21.06324005126953125  -12.43000793457031250
7374    10.44831180572509766  3.74702310562133789  32.55027770996093750
7375    12.92083930969238281  3.79290294647216797  32.10535430908203125
7376    13.15002441406250000  1.80297100543975830  33.66707611083984375
7377    -12.80127525329589844  24.05729293823242188  -20.14783096313476563
7378    -11.03739643096923828  26.20853996276855469  -19.41449356079101563
7379    13.00440692901611328  28.27723503112792969  -82.11936950683593750
7380    10.25130653381347656  26.36563110351562500  -82.65658569335937500
7381    12.95177745819091797  3.67992210388183594  12.87677860260009766
7382    12.98846626281738281  4.30666112899780273  15.98110866546630859
7383    10.67401409149169922  4.96285200119018555  15.31078338623046875
7384    8.63278770446777344  26.33090591430664063  -25.83964538574218750
7385    6.74625301361083984  24.61399078369140625  -25.79642486572265625
7386    10.71728706359863281  25.55723381042480469  -24.70888710021972656
7387    -10.75184917449951172  28.85787773132324219  -53.90409088134765625
7388    -10.82455921173095703  30.57273864746093750  -50.86270523071289063
7389    -13.12952518463134766  30.71682739257812500  -51.79105377197265625
7390    4.50264501571655273  21.97578239440917969  -20.16670417785644531
7391    1.22264599800109863  21.15764617919921875  -18.86435508728027344
7392    3.53558397293090820  22.61133193969726563  -17.90617370605468750
7393    0.99418401718139648  23.35319709777832031  -18.75875091552734375
7394    10.55395221710205078  4.26836490631103516  48.34275436401367188
7395    10.55664634704589844  6.20698499679565430  48.60958862304687500
7396    12.90182685852050781  4.02788305282592773  46.88426589965820313
7397    13.15546989440917969  6.26273488998413086  49.72680664062500000
7398    11.64044952392578125  6.13792276382446289  46.51171112060546875
7399    10.85859012603759766  4.71360111236572266  1.98183298110961914
7400    11.92717075347900391  4.15288686752319336  62.22972869873046875
7401    12.87298107147216797  5.09929084777832031  59.98807525634765625
7402    -12.33487224578857422  6.14917087554931641  27.14908981323242188
7403    10.65913581848144531  26.27870178222656250  -60.72352218627929688
7404    10.39514827728271484  27.85787582397460938  -62.41812515258789063
7405    -8.87510585784912109  28.23727607727050781  -69.03270721435546875
7406    -10.44604015350341797  26.22485733032226563  -68.23885345458984375
7407    12.91280555725097656  28.84228134155273438  -63.64222717285156250
7408    12.59633922576904297  6.86192798614501953  1.42620599269866943
7409    -4.24447107315063477  2.31960606575012207  39.44608688354492188
7410    -3.57399797439575195  1.76624298095703125  37.37343978881835938
7411    -6.31662511825561523  1.78176105022430420  36.53569793701171875
7412    11.01416587829589844  30.76454925537109375  -53.26916122436523438
7413    9.21272659301757813  28.80832481384277344  -51.87717437744140625
7414    8.65493583679199219  28.69938468933105469  -54.11512374877929688
7415    8.64657497406005859  30.81413650512695313  -54.90341186523437500
7416    -8.69557952880859375  28.69696426391601563  -66.26618194580078125
7417    12.98933887481689453  1.99097204208374023  25.85183525085449219
7418    11.98205566406250000  6.04764223098754883  55.02716445922851563
7419    8.72351837158203125  28.66643714904785156  -57.60773849487304688
7420    8.69020366668701172  27.44271850585937500  -55.58050918579101563
7421    13.40625953674316406  30.90680122375488281  -58.45842361450195313
7422    13.03144073486328125  28.58327865600585938  -55.69136047363281250
7423    -13.20899105072021484  26.17751693725585938  -54.29161453247070313
7424    -13.17172336578369141  27.64819526672363281  -57.46232986450195313
7425    -12.45617580413818359  18.26183128356933594  -8.45886421203613281
7426    -9.73222637176513672  19.43882751464843750  -10.13437080383300781
7427    -8.43567276000976563  6.63698720932006836  -1.28782796859741211
7428    -13.10262966156005859  25.25494956970214844  -21.76079750061035156
7429    3.97192311286926270  8.98648834228515625  1.00953197479248047
7430    3.06504893302917480  8.68510341644287109  3.18947601318359375
7431    -5.14623594284057617  29.35501098632812500  -44.00955963134765625
7432    -6.95761919021606445  30.30443000793457031  -47.58723068237304688
7433    12.95382595062255859  28.16060829162597656  -70.19663238525390625
7434    10.49716567993164063  30.71095085144042969  -79.79550933837890625
7435    10.96936321258544922  30.48014259338378906  -82.56513977050781250
7436    8.43021869659423828  29.09542655944824219  -82.19023132324218750
7437    -8.66671180725097656  30.87564468383789063  -71.85944366455078125
7438    -10.05335521697998047  30.79299736022949219  -68.82891082763671875
7439    -11.01122665405273438  30.74222183227539063  -80.53688049316406250
7440    -8.95252227783203125  28.58431053161621094  -82.67676544189453125
7441    -8.87922000885009766  30.80852317810058594  -79.71922302246093750
7442    -12.62715244293212891  4.15562200546264648  38.69147872924804688
7443    -13.09045219421386719  1.93697702884674072  39.74584197998046875
7444    -12.82963943481445313  3.28659796714782715  35.98136138916015625
7445    -5.49008607864379883  2.30860090255737305  50.22361373901367188
7446    10.79907989501953125  1.72190999984741211  60.52709960937500000
7447    -1.79762804508209229  27.20164108276367188  -28.88352775573730469
7448    -0.41738298535346985  26.78757667541503906  -25.97183990478515625
7449    -1.37027502059936523  24.81977844238281250  -25.66654968261718750
7450    -3.05004310607910156  26.91529655456542969  -27.05815505981445313
7451    -3.06268000602722168  24.80944252014160156  -27.04760169982910156
7452    -0.19401200115680695  27.60713958740234375  -30.30003929138183594
7453    -13.17500400543212891  4.78822612762451172  1.89035499095916748
7454    -11.15620136260986328  3.56566309928894043  4.85316085815429688
7455    -12.94979667663574219  6.30746603012084961  3.98350095748901367
7456    -13.21498012542724609  3.88950800895690918  19.18745613098144531
7457    -10.67539501190185547  6.06128597259521484  19.76230430603027344
7458    13.09739398956298828  4.48483705520629883  10.38654422760009766
7459    12.08691692352294922  2.74968290328979492  8.28976821899414063
7460    -1.74561202526092529  22.48546791076660156  -18.22594070434570313
7461    -2.56198406219482422  21.32361412048339844  -16.50167274475097656
7462    11.99182796478271484  26.26626968383789063  -66.94306182861328125
7463    12.70442581176757813  28.48324775695800781  -66.91759490966796875
7464    8.65445232391357422  28.38494110107421875  -64.72588348388671875
7465    11.13645362854003906  26.35670852661132813  -63.98991394042968750
7466    8.72599887847900391  26.13731575012207031  -63.45352554321289063
7467    11.23394966125488281  29.21543884277343750  -43.79683685302734375
7468    13.40130424499511719  30.94565773010253906  -39.56877899169921875
7469    -1.32504200935363770  3.54509902000427246  60.60201644897460938
7470    0.47058498859405518  1.77240705490112305  59.73088455200195313
7471    0.46732598543167114  3.48935294151306152  58.96274566650390625
7472    0.30505698919296265  1.67721605300903320  57.77117919921875000
7473    -1.10450601577758789  1.77692604064941406  62.47777557373046875
7474    1.59770405292510986  6.10640192031860352  62.22435379028320313
7475    1.86912095546722412  3.95527410507202148  38.17497253417968750
7476    1.74117898941040039  5.96335315704345703  39.22200393676757813
7477    -0.49415698647499084  1.91722404956817627  39.27550506591796875
7478    -1.54332196712493896  1.89904499053955078  37.09770965576171875
7479    2.25638198852539063  1.93332195281982422  37.84102630615234375
7480    -6.04369592666625977  26.60377693176269531  -40.03268432617187500
7481    -9.22707462310791016  28.13924026489257813  -38.61952972412109375
7482    -6.49239492416381836  17.43760871887207031  -10.45101547241210938
7483    -5.09858083724975586  16.29882812500000000  -6.93342018127441406
7484    -3.57389497756958008  16.87989616394042969  -8.62762546539306641
7485    -13.12313747406005859  26.37225914001464844  -73.55193328857421875
7486    -10.91733169555664063  26.32040786743164063  -76.10903930664062500
7487    -12.93191719055175781  26.61760711669921875  -77.50983428955078125
7488    -12.92543125152587891  26.23564338684082031  -31.32596969604492188
7489    -10.45378017425537109  5.85460376739501953  16.63888549804687500
7490    -13.10847663879394531  2.11709094047546387  11.26362800598144531
7491    -12.99217033386230469  1.90017497539520264  15.28234577178955078
7492    -12.96286869049072266  4.34674787521362305  12.41744995117187500
7493    -11.15769767761230469  5.87190008163452148  12.63153934478759766
7494    -4.63055086135864258  3.94748592376708984  54.59289550781250000
7495    -4.79416418075561523  4.36233186721801758  57.32314300537109375
7496    -3.73560595512390137  6.41738080978393555  57.13663864135742188
7497    12.84002399444580078  26.48287200927734375  -39.37104415893554688
7498    -10.49478912353515625  28.03348541259765625  -63.45217132568359375
7499    -8.75408077239990234  28.75370025634765625  -62.99971008300781250
7500    -8.95135784149169922  26.60138702392578125  -64.32094573974609375
7501    -7.48196697235107422  4.53608894348144531  28.07102584838867188
7502    -8.75460243225097656  5.97707176208496094  31.74595642089843750
7503    -3.57703900337219238  6.29762220382690430  26.75231361389160156
7504    -4.34265899658203125  4.23320198059082031  26.15452575683593750
7505    -11.30100536346435547  6.04299211502075195  54.04970550537109375
7506    6.00046300888061523  1.73308801651000977  56.78458404541015625
7507    6.63032722473144531  3.68855094909667969  53.00806808471679688
7508    3.62585401535034180  1.92970097064971924  51.96814727783203125
7509    3.98398303985595703  3.34298801422119141  54.44612884521484375
7510    -2.56977295875549316  4.17848491668701172  9.28096485137939453
7511    -4.98967123031616211  2.54106903076171875  8.28471374511718750
7512    -4.38868999481201172  3.04622602462768555  6.06599712371826172
7513    -3.22931790351867676  3.74373888969421387  11.06400680541992188
7514    6.62480211257934570  17.80961036682128906  -14.26756477355957031
7515    9.35341262817382813  4.28395795822143555  27.31615257263183594
7516    7.08768987655639648  5.99276494979858398  28.97777366638183594
7517    -10.83160209655761719  30.15347099304199219  -46.98472213745117188
7518    -13.49518585205078125  29.70837211608886719  -48.57869338989257813
7519    -8.79418659210205078  4.23165798187255859  44.60270690917968750
7520    10.69869136810302734  4.05417585372924805  40.44224929809570313
7521    10.69671440124511719  5.87357521057128906  42.00835800170898438
7522    -10.49737453460693359  11.52080059051513672  -5.09295892715454102
7523    -8.32750034332275391  10.09275245666503906  -5.63742303848266602
7524    -9.22708797454833984  7.83519506454467773  -3.50371789932250977
7525    9.48482322692871094  26.89791297912597656  -28.58481979370117188
7526    8.28042697906494141  25.93860435485839844  -30.81089019775390625
7527    13.35112476348876953  6.20599794387817383  26.69680786132812500
7528    6.60695219039916992  11.21507453918457031  -2.92392206192016602
7529    6.57733488082885742  9.33273792266845703  -0.73914301395416260
7530    13.75419425964355469  6.52873992919921875  18.62926864624023438
7531    13.21578979492187500  1.75592398643493652  14.96691703796386719
7532    8.59099769592285156  17.41298484802246094  -7.87510490417480469
7533    10.62733936309814453  16.63868522644042969  -8.10294437408447266
7534    -3.53345990180969238  1.62219202518463135  22.08893203735351563
7535    6.63187503814697266  5.99853610992431641  56.37982177734375000
7536    -0.27295500040054321  6.15158987045288086  52.43170547485351563
7537    -0.38867300748825073  6.63643121719360352  54.49379730224609375
7538    4.22402191162109375  6.43470001220703125  56.66017150878906250
7539    4.23689985275268555  3.74268198013305664  18.20480728149414063
7540    3.48138189315795898  3.50661611557006836  20.20994758605957031
7541    6.17464780807495117  3.81349205970764160  20.00362205505371094
7542    3.70313310623168945  6.16622877120971680  19.91732788085937500
7543    4.49569177627563477  4.25067996978759766  15.58867835998535156
7544    5.46813583374023438  5.83263778686523438  13.82710933685302734
7545    7.06267976760864258  5.96440219879150391  17.71647834777832031
7546    -7.52600193023681641  25.51666831970214844  -29.50472068786621094
7547    -12.80564212799072266  5.84336805343627930  30.54014015197753906
7548    -13.16578483581542969  4.22262001037597656  33.90047454833984375
7549    -13.38472461700439453  6.31986379623413086  34.23717117309570313
7550    0.26948699355125427  6.34009599685668945  48.15398788452148438
7551    -2.02163505554199219  10.59686279296875000  -2.65694308280944824
7552    -0.04567399993538857  9.11090469360351563  0.14891099929809570
7553    -2.50840306282043457  11.43376541137695313  -0.70658302307128906
7554    -2.85351800918579102  6.13964414596557617  59.61574172973632813
7555    -0.24813500046730042  5.82618522644042969  59.59790039062500000
7556    -0.35641598701477051  6.27125692367553711  56.91163253784179688
7557    -7.65243196487426758  1.60352694988250732  54.27486038208007813
7558    -4.65693378448486328  1.85290300846099854  55.02881622314453125
7559    -5.85992288589477539  6.24618816375732422  56.25560760498046875
7560    -4.77506399154663086  5.96366882324218750  54.03773880004882813
7561    -7.85890913009643555  6.28430700302124023  55.77966690063476563
7562    13.26715946197509766  28.67967224121093750  -80.24024200439453125
7563    11.15002441406250000  28.11547851562500000  -80.21358489990234375
7564    11.19939804077148438  26.30234718322753906  -80.88288879394531250
7565    11.58922576904296875  26.50652694702148438  -78.08723449707031250
7566    -12.99239253997802734  5.89616584777832031  48.16279983520507813
7567    -6.87454986572265625  25.44010162353515625  -17.90910530090332031
7568    -5.68007183074951172  23.60423278808593750  -18.70667457580566406
7569    -9.76285552978515625  14.39792728424072266  -8.01172828674316406
7570    13.11348628997802734  9.01521110534667969  -4.65526485443115234
7571    13.14736652374267578  10.65827560424804688  -6.45471286773681641
7572    13.14116287231445313  10.64864540100097656  0.38193199038505554
7573    12.96648216247558594  12.68643569946289063  -1.94391405582427979
7574    10.17969608306884766  11.45123386383056641  -1.52725195884704590
7575    11.31602764129638672  7.59887218475341797  -2.97824311256408691
7576    10.77981281280517578  7.15969276428222656  -0.39077699184417725
7577    13.27063655853271484  5.82349395751953125  -0.67713302373886108
7578    11.18797874450683594  26.39232254028320313  -46.11825561523437500
7579    0.13903300464153290  6.47619295120239258  2.57206511497497559
7580    0.59028202295303345  6.36989593505859375  -1.39234805107116699
7581    11.05979728698730469  3.35347890853881836  50.53910446166992188
7582    0.79098397493362427  29.78190612792968750  -28.53816604614257813
7583    4.16438007354736328  28.66707801818847656  -24.79183959960937500
7584    -5.37371921539306641  5.94699382781982422  11.64430618286132813
7585    -9.73348236083984375  26.23575592041015625  -24.95103454589843750
7586    -8.43504714965820313  29.20812606811523438  -26.67582321166992188
7587    13.08595752716064453  26.66758918762207031  -24.91073417663574219
7588    10.87150096893310547  28.40428733825683594  -24.17293357849121094
7589    13.03625965118408203  27.24599647521972656  -21.40805244445800781
7590    13.34113407135009766  28.50642013549804688  -23.95552444458007813
7591    10.54814910888671875  27.14542770385742188  -21.75870132446289063
7592    8.43543243408203125  25.05174827575683594  -21.44227981567382813
7593    10.13579463958740234  23.75318145751953125  -23.40950202941894531
7594    6.54647397994995117  24.25875282287597656  -21.90183830261230469
7595    6.91361093521118164  21.38812255859375000  -19.18381309509277344
7596    5.14315891265869141  24.50489044189453125  -16.98265647888183594
7597    4.85532903671264648  25.17111968994140625  -20.44924354553222656
7598    -3.86285901069641113  30.42595100402832031  -35.77742385864257813
7599    -4.74685096740722656  28.68143463134765625  -36.80366134643554688
7600    -5.75353622436523438  30.52388572692871094  -33.86394119262695313
7601    -7.27628517150878906  30.79768753051757813  -35.05171585083007813
7602    13.14694786071777344  3.52322602272033691  57.38130569458007813
7603    8.47469902038574219  9.41502189636230469  -2.05679297447204590
7604    4.78316879272460938  10.56926345825195313  -3.80660104751586914
7605    1.23495101928710938  17.31851196289062500  -14.41270732879638672
7606    -3.02531909942626953  17.12728309631347656  -10.98206901550292969
7607    -4.64280319213867188  16.17333412170410156  -10.11807823181152344
7608    -6.87308788299560547  13.93355274200439453  -9.63777923583984375
7609    -3.16355895996093750  13.62770462036132813  -10.15910243988037109
7610    1.32561099529266357  13.98954200744628906  -10.64925098419189453
7611    -1.77635800838470459  14.55111026763916016  -8.27309322357177734
7612    -10.86610984802246094  6.33425378799438477  32.47137451171875000
7613    -10.24418354034423828  5.97639417648315430  36.28617477416992188
7614    -7.32075309753417969  1.72004604339599609  43.40957260131835938
7615    -6.86800193786621094  2.14035010337829590  39.57308578491210938
7616    -13.03109836578369141  8.47898483276367188  -0.85205698013305664
7617    -11.73752784729003906  6.81074190139770508  -2.05782389640808105
7618    -10.44065093994140625  6.09156703948974609  -0.16304600238800049
7619    -10.46325206756591797  6.74811792373657227  3.29259204864501953
7620    -8.36319637298583984  4.31346702575683594  2.18704199790954590
7621    -4.03869104385375977  21.36607551574707031  -12.33258914947509766
7622    -1.62502205371856689  20.65250396728515625  -12.64466762542724609
7623    13.19512081146240234  30.76155853271484375  -77.83339691162109375
7624    -12.96558952331542969  1.99464297294616699  57.23434066772460938
7625    -12.56149864196777344  4.52324581146240234  57.53557586669921875
7626    -13.09382629394531250  4.41896295547485352  54.19640350341796875
7627    -13.22745037078857422  1.82563602924346924  54.87770462036132813
7628    -11.70734119415283203  1.80873405933380127  18.72342109680175781
7629    -10.00542354583740234  1.90541195869445801  17.26346969604492188
7630    -8.85825443267822266  1.94590997695922852  19.67414093017578125
7631    -4.62899398803710938  25.29510879516601563  -28.40652275085449219
7632    -3.08482503890991211  25.87514686584472656  -31.65116882324218750
7633    4.96892404556274414  3.92072010040283203  43.86216354370117188
7634    5.08227300643920898  3.63419008255004883  46.15449523925781250
7635    6.32360506057739258  2.02708506584167480  44.18833541870117188
7636    2.78685688972473145  3.36170697212219238  46.09821701049804688
7637    6.55675601959228516  1.75199401378631592  41.11687469482421875
7638    6.10548210144042969  1.98775398731231689  38.88814926147460938
7639    3.49838995933532715  1.62887394428253174  39.33208084106445313
7640    6.67990779876708984  4.75715684890747070  41.34061431884765625
7641    4.21450614929199219  6.00487995147705078  39.80659866333007813
7642    5.61479377746582031  6.00568723678588867  43.27795410156250000
7643    -10.79948329925537109  14.04200553894042969  -3.64193511009216309
7644    3.11372900009155273  8.78380489349365234  -2.62452507019042969
7645    2.75196790695190430  7.32822322845458984  -0.65067702531814575
7646    6.32294702529907227  6.57066822052001953  -1.09272301197052002
7647    13.16308403015136719  9.32935142517089844  2.06042790412902832
7648    8.75967025756835938  28.32067871093750000  -42.51639938354492188
7649    8.90789318084716797  26.24788475036621094  -41.62125778198242188
7650    8.76833629608154297  26.47899627685546875  -45.54280090332031250
7651    10.69899845123291016  26.30572128295898438  -36.90348815917968750
7652    10.68939208984375000  27.53423690795898438  -40.65211105346679688
7653    8.41200828552246094  26.33215332031250000  -39.60821151733398438
7654    5.16612911224365234  26.15174865722656250  -38.76322174072265625
7655    13.37553977966308594  17.49256706237792969  -7.85358381271362305
7656    13.14619445800781250  19.86011505126953125  -10.90058231353759766
7657    -0.31196299195289612  5.41886377334594727  6.29043006896972656
7658    -1.49450695514678955  2.96622490882873535  6.52577495574951172
7659    -8.74602031707763672  25.86802101135253906  -18.65897178649902344
7660    -8.17350292205810547  23.88905525207519531  -15.94943618774414063
7661    -11.24824237823486328  24.77674674987792969  -16.60069084167480469
7662    4.46414089202880859  4.91503906250000000  6.14333677291870117
7663    1.61179697513580322  5.80602788925170898  4.45193195343017578
7664    1.40079605579376221  3.33271598815917969  4.78843498229980469
7665    2.06160807609558105  4.98758983612060547  1.40363001823425293
7666    4.09108495712280273  6.16221380233764648  36.34429168701171875
7667    0.79441100358963013  5.46708488464355469  35.70568466186523438
7668    2.01081299781799316  6.18623781204223633  36.83032989501953125
7669    -11.26815414428710938  26.31119346618652344  -80.81312561035156250
7670    -13.31641006469726563  28.16687202453613281  -80.03028106689453125
7671    -13.26617527008056641  26.23323249816894531  -79.94099426269531250
7672    -13.27800369262695313  28.90207862854003906  -82.29216003417968750
7673    -9.40149784088134766  4.08891010284423828  38.23736190795898438
7674    -10.90220832824707031  6.10305881500244141  40.06592559814453125
7675    -8.65218353271484375  6.25543022155761719  33.97548294067382813
7676    -5.89293479919433594  6.03856706619262695  36.54841613769531250
7677    10.46185874938964844  5.97557306289672852  12.11311244964599609
7678    8.01447677612304688  6.27219486236572266  15.46224594116210938
7679    10.94452190399169922  1.98755300045013428  10.81199169158935547
7680    9.40197753906250000  1.62382400035858154  13.36963081359863281
7681    -5.80506181716918945  1.72556805610656738  12.96021842956542969
7682    -9.15149402618408203  3.67556595802307129  13.93795108795166016
7683    0.14312300086021423  2.21081995964050293  9.80337333679199219
7684    -4.36464118957519531  1.82237398624420166  46.69409179687500000
7685    -2.39102792739868164  5.09639978408813477  42.66547775268554688
7686    -1.27191400527954102  5.80003595352172852  44.65380859375000000
7687    -3.80023694038391113  6.30101108551025391  42.66728210449218750
7688    -2.64368295669555664  1.64386200904846191  49.79012680053710938
7689    11.34639072418212891  4.02288198471069336  44.39624786376953125
7690    9.36796474456787109  3.69528603553771973  44.77837371826171875
7691    8.45160102844238281  6.00616884231567383  45.41037750244140625
7692    12.94773960113525391  3.91779899597167969  54.26933670043945313
7693    10.89730167388916016  1.80602705478668213  54.01387786865234375
7694    9.87781524658203125  4.36822986602783203  18.04570007324218750
7695    10.96219730377197266  5.98093700408935547  17.14474678039550781
7696    -5.90642118453979492  11.07585525512695313  -4.37605810165405273
7697    -6.86963510513305664  11.91495609283447266  -1.26470994949340820
7698    -9.39566326141357422  4.00665187835693359  34.78879547119140625
7699    -8.73675441741943359  1.62819099426269531  35.03503417968750000
7700    -9.55322456359863281  1.77442598342895508  37.29590988159179688
7701    -10.64793014526367188  1.94362199306488037  33.70317459106445313
7702    1.69754195213317871  3.75219011306762695  43.73527908325195313
7703    2.86368489265441895  6.31131505966186523  41.58541107177734375
7704    -1.97971498966217041  6.39265203475952148  39.94524002075195313
7705    13.26859188079833984  6.04719877243041992  33.61992645263671875
7706    -6.58371019363403320  1.73013603687286377  18.52342796325683594
7707    -6.69375276565551758  1.86503100395202637  20.51982307434082031
7708    -13.15062046051025391  19.12814331054687500  -12.88885211944580078
7709    -13.21291446685791016  20.92736244201660156  -12.05334091186523438
7710    0.00688599981367588  13.98529338836669922  -3.49817490577697754
7711    -1.81028497219085693  12.73583984375000000  -2.40058708190917969
7712    2.01613092422485352  10.64828586578369141  0.71706998348236084
7713    1.05311894416809082  11.44637107849121094  -1.02418494224548340
7714    -2.00289797782897949  30.23681449890136719  -30.81763076782226563
7715    -4.92595291137695313  26.49456214904785156  -34.13079452514648438
7716    -6.67059278488159180  28.53694534301757813  -32.49119186401367188
7717    -5.36879396438598633  25.85166358947753906  -31.53136062622070313
7718    -2.83909106254577637  26.37379646301269531  -35.86845397949218750
7719    -2.54780888557434082  28.09275245666503906  -32.62065124511718750
7720    11.18578720092773438  30.78344917297363281  -70.04242706298828125
7721    11.58265018463134766  30.50734519958496094  -84.65454864501953125
7722    7.31577587127685547  3.10488295555114746  31.36132431030273438
7723    4.60468912124633789  19.70183944702148438  -16.82687377929687500
7724    0.64192402362823486  20.87459945678710938  -15.44054317474365234
7725    -11.07644081115722656  26.22965812683105469  -53.28725051879882813
7726    -13.03923797607421875  26.38142395019531250  -83.24385070800781250
7727    -8.78464317321777344  26.39394760131835938  -84.71631622314453125
7728    -11.20998668670654297  30.25060272216796875  -84.83650207519531250
7729    -11.06954193115234375  30.24225044250488281  -82.72083282470703125
7730    1.31073701381683350  4.78596305847167969  21.18032646179199219
7731    -1.10522294044494629  6.25700807571411133  20.08038139343261719
7732    -0.67222398519515991  6.03034305572509766  17.90429115295410156
7733    4.71496820449829102  6.27082109451293945  15.58176326751708984
7734    1.96975398063659668  6.00491285324096680  15.90066432952880859
7735    -5.51217222213745117  2.04964900016784668  28.35246276855468750
7736    -5.82222890853881836  1.65055298805236816  24.90838050842285156
7737    -8.01659488677978516  1.83300197124481201  27.76734542846679688
7738    13.01721000671386719  28.59735107421875000  -29.65524101257324219
7739    11.42048072814941406  27.98285293579101563  -31.57762908935546875
7740    7.85538721084594727  27.93413925170898438  -28.92064476013183594
7741    7.30381298065185547  29.90912628173828125  -29.25217247009277344
7742    7.03784608840942383  3.80861496925354004  43.21937561035156250
7743    8.90811824798583984  1.73837196826934814  43.87286758422851563
7744    7.50180006027221680  1.70580697059631348  36.33974456787109375
7745    3.53883600234985352  6.34310388565063477  7.53120899200439453
7746    2.28067398071289063  6.63970899581909180  9.37099838256835938
7747    -9.02016639709472656  1.84383499622344971  12.58771896362304688
7748    13.12206172943115234  28.22471237182617188  -48.49584579467773438
7749    0.83847999572753906  5.80471086502075195  45.50796508789062500
7750    7.59625816345214844  1.72959697246551514  50.18608856201171875
7751    5.36105680465698242  1.77952194213867188  49.19738006591796875
7752    -3.01596093177795410  6.40218687057495117  12.43748569488525391
7753    -4.59869813919067383  6.70885181427001953  9.59913253784179688
7754    4.15165281295776367  16.86784744262695313  -10.70480155944824219
7755    6.23745584487915039  16.39127159118652344  -9.21385574340820313
7756    3.33802008628845215  16.44752502441406250  -8.83106517791748047
7757    8.20481300354003906  19.48913764953613281  -9.87458705902099609
7758    -1.62190294265747070  5.81356716156005859  29.94136047363281250
7759    -5.24894809722900391  6.12821912765502930  29.17149925231933594
7760    -3.08987498283386230  3.66079306602478027  31.43914031982421875
7761    -5.41740798950195313  4.52668619155883789  30.86864662170410156
7762    -7.09738683700561523  2.15715193748474121  31.75518417358398438
7763    -2.91829609870910645  5.82831382751464844  34.40510940551757813
7764    -5.29265689849853516  9.97741317749023438  1.24524605274200439
7765    8.11678028106689453  7.77720499038696289  5.70672798156738281
7766    9.18652534484863281  8.59348678588867188  3.61796903610229492
7767    9.82888317108154297  7.44531488418579102  6.88159084320068359
7768    -10.08845806121826172  3.98531794548034668  49.15327453613281250
7769    -9.09209823608398438  6.17975997924804688  47.87822341918945313
7770    -11.91815853118896484  22.78727722167968750  -14.32438945770263672
7771    2.26742601394653320  3.61923503875732422  17.73911857604980469
7772    -0.99255102872848511  4.08286190032958984  18.62221145629882813
7773    -0.42906999588012695  2.09074497222900391  19.50137138366699219
7774    1.30321502685546875  2.03323388099670410  16.29648590087890625
7775    2.53783893585205078  1.40508198738098145  49.89143753051757813
7776    3.83731389045715332  1.73287498950958252  46.67896270751953125
7777    1.77931404113769531  14.84046554565429688  -8.40165328979492188
7778    -0.66214299201965332  9.72390174865722656  -5.46633195877075195
7779    -1.55603802204132080  11.91589546203613281  -5.42846822738647461
7780    5.33540201187133789  3.65882110595703125  25.33988189697265625
7781    5.55776977539062500  1.76240503787994385  28.58585357666015625
7782    7.37517690658569336  3.37508511543273926  26.72704315185546875
7783    -8.35647964477539063  28.48151016235351563  -34.99257659912109375
7784    -4.62995100021362305  30.78717422485351563  -38.36819839477539063
7785    -7.10728120803833008  28.34104919433593750  -40.71938705444335938
7786    -11.08326721191406250  28.74026489257812500  -38.63566970825195313
7787    -8.98356914520263672  29.90858078002929688  -40.81392669677734375
7788    -10.79707717895507813  30.74665451049804688  -41.54882049560546875
7789    -0.26152399182319641  1.64884698390960693  30.08876419067382813
7790    -10.70592117309570313  26.13993072509765625  -63.03963851928710938
7791    -12.94236183166503906  27.70770072937011719  -65.38190460205078125
7792    -13.32358646392822266  26.21944808959960938  -62.03648757934570313
7793    13.00011634826660156  26.46911811828613281  -59.89577484130859375
7794    8.47519111633300781  29.32377815246582031  -25.98353195190429688
7795    -4.17058897018432617  6.16541004180908203  24.31853866577148438
7796    -5.48317098617553711  6.28219795227050781  23.04532051086425781
7797    5.83163118362426758  2.16295003890991211  16.76611518859863281
7798    8.55941963195800781  1.65263199806213379  19.63178253173828125
7799    -7.03921413421630859  21.93960762023925781  -17.81330490112304688
7800    -5.08415985107421875  22.32742500305175781  -17.10578346252441406
7801    9.03982734680175781  1.76233696937561035  57.58365631103515625
7802    11.33430099487304688  1.86160695552825928  57.60274887084960938
7803    -4.37529182434082031  14.29804325103759766  -7.29801893234252930
7804    -5.92589807510375977  14.03824710845947266  -3.94458699226379395
7805    8.76647853851318359  6.06428194046020508  20.57975387573242188
7806    4.61515617370605469  1.70634400844573975  43.30867385864257813
7807    1.95310497283935547  1.66916596889495850  41.37817382812500000
7808    3.24088001251220703  3.75518894195556641  41.06042098999023438
7809    11.13733863830566406  25.91563796997070313  -31.57107543945312500
7810    11.00434589385986328  21.00916481018066406  -18.87757301330566406
7811    -13.25390529632568359  27.38209152221679688  -27.87806892395019531
7812    -11.32343673706054688  28.74618339538574219  -25.00140380859375000
7813    -8.62393093109130859  26.16370201110839844  -47.38764953613281250
7814    -3.88266706466674805  25.23757743835449219  -20.40031814575195313
7815    -2.70531988143920898  25.27269744873046875  -17.10100936889648438
7816    1.39778196811676025  26.72708702087402344  -20.15941619873046875
7817    3.20019602775573730  25.01989364624023438  -16.87601470947265625
7818    1.48626804351806641  23.22028541564941406  -15.05494403839111328
7819    1.32838702201843262  4.34919023513793945  7.81077480316162109
7820    0.86741697788238525  2.46954607963562012  8.00429153442382813
7821    1.65267705917358398  2.49140906333923340  6.23902082443237305
7822    3.54339694976806641  2.94355988502502441  5.78651714324951172
7823    4.91578292846679688  4.17798185348510742  10.73290538787841797
7824    3.39533805847167969  2.36258292198181152  11.12704944610595703
7825    6.59958600997924805  28.37276649475097656  -40.89283370971679688
7826    8.33771991729736328  30.75910377502441406  -41.75296783447265625
7827    -11.75363254547119141  30.73234558105468750  -62.35894775390625000
7828    -13.16172599792480469  28.77059555053710938  -62.09953308105468750
7829    -10.73962974548339844  30.59934043884277344  -64.25041198730468750
7830    -3.39109206199645996  4.38896799087524414  28.68144798278808594
7831    -2.21142697334289551  1.88883101940155029  27.51239967346191406
7832    -3.32456803321838379  1.78587496280670166  30.81871223449707031
7833    -2.12890791893005371  3.67336511611938477  26.33479881286621094
7834    9.95415210723876953  1.60930705070495605  33.12099838256835938
7835    -4.42059278488159180  6.10630989074707031  46.90098190307617188
7836    -10.47123813629150391  28.80520057678222656  -51.86825180053710938
7837    -8.63790225982666016  28.88827133178710938  -53.40691375732421875
7838    -10.16169929504394531  30.88811492919921875  -52.90452957153320313
7839    -8.22056484222412109  28.06661605834960938  -50.75390243530273438
7840    -7.90919017791748047  30.86685943603515625  -50.79873275756835938
7841    -8.67140769958496094  11.49252319335937500  -7.67246913909912109
7842    10.72122097015380859  17.60565948486328125  -11.34300518035888672
7843    12.93066501617431641  16.15145301818847656  -12.85163879394531250
7844    12.39761638641357422  19.03398513793945313  -13.36914157867431641
7845    10.88440132141113281  18.17122650146484375  -14.96598052978515625
7846    9.56482696533203125  16.77397727966308594  -13.62167930603027344
7847    7.49655485153198242  19.73151397705078125  -13.56231498718261719
7848    7.08496284484863281  22.62939453125000000  -13.56315326690673828
7849    9.09749698638916016  21.29470825195312500  -12.26800823211669922
7850    -7.89873886108398438  4.64780187606811523  10.12843322753906250
7851    -7.97833108901977539  6.62958908081054688  10.38375473022460938
7852    -8.31053733825683594  5.92863321304321289  13.04186058044433594
7853    -12.98654747009277344  11.22891044616699219  -3.89442491531372070
7854    -10.11242580413818359  5.90550422668457031  44.25831985473632813
7855    -11.09528160095214844  2.15281391143798828  42.29762268066406250
7856    -0.43636399507522583  22.37720298767089844  -16.33351325988769531
7857    -5.37655210494995117  27.02172470092773438  -25.39945602416992188
7858    -3.64636802673339844  29.41333770751953125  -27.73128128051757813
7859    -2.82409811019897461  28.59201622009277344  -25.35074234008789063
7860    -6.21006298065185547  27.93603515625000000  -29.32987403869628906
7861    -5.61635208129882813  29.62681579589843750  -27.41962814331054688
7862    -5.09087419509887695  30.46786499023437500  -30.55908393859863281
7863    -8.02305412292480469  7.65796089172363281  4.98962306976318359
7864    -7.39958715438842773  3.26121807098388672  5.59303522109985352
7865    10.54172992706298828  29.85092163085937500  -30.53834533691406250
7866    3.40025901794433594  3.80293107032775879  31.47622299194335938
7867    3.80283188819885254  1.43958902359008789  31.12746620178222656
7868    0.54617702960968018  1.89137601852416992  35.59492111206054688
7869    4.05779695510864258  1.61339294910430908  36.05207824707031250
7870    5.72706079483032227  3.63205099105834961  34.45982360839843750
7871    4.50985813140869141  4.27540206909179688  33.09018707275390625
7872    -11.16848468780517578  28.70201492309570313  -36.51840209960937500
7873    -13.34556961059570313  28.90007209777832031  -34.85501480102539063
7874    -13.01891517639160156  28.64335250854492188  -37.59336471557617188
7875    -12.14372158050537109  26.17872238159179688  -34.72828674316406250
7876    10.91619968414306641  10.09509944915771484  0.96510702371597290
7877    -8.82423973083496094  30.64615631103515625  -32.80681610107421875
7878    -10.67055225372314453  30.46505546569824219  -35.48376083374023438
7879    -12.88861370086669922  29.69775009155273438  -29.25114631652832031
7880    7.50836515426635742  24.19639587402343750  -15.94439315795898438
7881    10.93392276763916016  24.40960121154785156  -16.55014991760253906
7882    0.03488799929618835  6.17689418792724609  8.57053947448730469
7883    -2.33087110519409180  7.08990812301635742  6.15813398361206055
7884    9.60094165802001953  4.39447402954101563  30.17238616943359375
7885    6.15451478958129883  30.28735923767089844  -43.44154739379882813
7886    3.59518504142761230  30.38743019104003906  -39.75833511352539063
7887    2.41646289825439453  27.70115280151367188  -21.86673355102539063
7888    3.70185708999633789  1.89995300769805908  26.28102302551269531
7889    1.21772599220275879  1.82411098480224609  26.89396095275878906
7890    4.35385084152221680  4.09287309646606445  27.38842010498046875
7891    -9.26464271545410156  1.88553500175476074  23.88805961608886719
7892    1.23038005828857422  6.19294977188110352  58.18885421752929688
7893    3.57234811782836914  6.10406780242919922  58.72677230834960938
7894    4.03380823135375977  6.00418901443481445  53.54730987548828125
7895    2.23032903671264648  6.13217878341674805  52.42101287841796875
7896    0.15010599792003632  3.03051495552062988  51.50738143920898438
7897    -1.14423000812530518  2.56891489028930664  54.78879165649414063
7898    -1.69785904884338379  9.12828159332275391  -1.57234299182891846
7899    -4.17553377151489258  8.41631031036376953  0.25809499621391296
7900    -3.74300789833068848  4.91993522644042969  1.93971002101898193
7901    -5.44942092895507813  6.69960021972656250  -0.51455199718475342
7902    7.80865097045898438  26.01332855224609375  -18.91438674926757813
7903    11.12039470672607422  22.38268280029296875  -17.38330841064453125
7904    3.79771995544433594  25.20870780944824219  -27.83755874633789063
7905    8.49204635620117188  4.28747797012329102  39.30315399169921875
7906    8.47006607055664063  3.97925305366516113  37.03008651733398438
7907    -7.63801717758178711  21.54886627197265625  -12.79276275634765625
7908    -6.49720621109008789  19.93394279479980469  -17.08682441711425781
7909    8.68760871887207031  26.49371910095214844  -33.94042205810546875
7910    5.25897121429443359  13.01892471313476563  -9.18035507202148438
7911    11.11858177185058594  15.47210407257080078  -9.57258415222167969
7912    8.47349452972412109  15.14445590972900391  -11.70931053161621094
7913    10.12823200225830078  13.18569946289062500  -9.03380107879638672
7914    11.10372352600097656  13.84484958648681641  -10.55216789245605469
7915    8.56661033630371094  16.45070457458496094  -10.17367553710937500
7916    -3.61939811706542969  11.31054496765136719  -7.05202293395996094
7917    0.32004201412200928  12.58044147491455078  -8.34128189086914063
7918    -5.87693309783935547  12.90574264526367188  -5.92512321472167969
7919    -11.26604652404785156  1.69589400291442871  60.55146026611328125
7920    -10.41123104095458984  2.15088295936584473  57.18095397949218750
7921    8.86260128021240234  1.91794502735137939  28.62244033813476563
7922    11.72412395477294922  1.71168601512908936  29.22500610351562500
7923    8.58763790130615234  1.78955602645874023  30.60311317443847656
7924    -3.10701704025268555  1.86905598640441895  35.13884353637695313
7925    13.68064594268798828  27.78591918945312500  -50.10430145263671875
7926    -2.18061208724975586  4.56104993820190430  22.12765312194824219
7927    6.89389610290527344  1.77253305912017822  52.37836456298828125
7928    10.89978218078613281  6.09486818313598633  35.88032913208007813
7929    13.18753814697265625  6.11241102218627930  39.84642791748046875
7930    9.64770507812500000  6.25191879272460938  38.87656784057617188
7931    3.55131292343139648  30.26021194458007813  -32.74238204956054688
7932    4.03263711929321289  30.15964508056640625  -29.99955368041992188
7933    6.85895586013793945  29.24426269531250000  -31.88514900207519531
7934    4.70221090316772461  27.94557952880859375  -30.45039749145507813
7935    -9.74648380279541016  1.70815396308898926  54.17931365966796875
7936    3.60905003547668457  2.72728705406188965  59.64175033569335938
7937    -12.95729637145996094  22.63499641418457031  -17.99307823181152344
7938    -10.59723663330078125  20.62612915039062500  -18.28829956054687500
7939    -7.54823589324951172  25.51228523254394531  -22.23567390441894531
7940    -8.40384483337402344  23.27182769775390625  -23.07179832458496094
7941    -9.02519893646240234  23.58699417114257813  -19.19032859802246094
7942    0.04878300055861473  16.15755653381347656  -9.18096828460693359
7943    -0.19527700543403625  18.16454124450683594  -8.85552024841308594
7944    6.42065811157226563  2.47654104232788086  9.02351856231689453
7945    8.78801345825195313  26.32505226135253906  -78.66329956054687500
7946    8.95028877258300781  27.46675491333007813  -73.62766265869140625
7947    -7.10060119628906250  7.28652095794677734  1.19035696983337402
7948    -0.36834800243377686  6.05070400238037109  14.36708736419677734
7949    -0.80720001459121704  2.00977993011474609  14.87271404266357422
7950    -0.98372101783752441  4.01993608474731445  12.00958728790283203
7951    -9.58555603027343750  3.91504907608032227  17.31439971923828125
7952    -13.01915073394775391  4.34586381912231445  15.69474983215332031
7953    -1.00990998744964600  23.76462554931640625  -23.80622291564941406
7954    -1.65979194641113281  21.90875816345214844  -20.86098289489746094
7955    -4.29350996017456055  21.79449081420898438  -21.13657951354980469
7956    -5.95047283172607422  3.56709194183349609  10.81505012512207031
7957    -9.11486625671386719  2.22649908065795898  9.69956588745117188
7958    6.47655487060546875  21.47714805603027344  -16.88366508483886719
7959    6.71899080276489258  20.94318771362304688  -14.86453914642333984
7960    9.44366455078125000  19.78807067871093750  -17.05252075195312500
7961    12.27483081817626953  22.42476463317871094  -13.64413166046142578
7962    13.27644443511962891  22.28319168090820313  -16.43902397155761719
7963    -5.02856397628784180  4.43126678466796875  37.21441650390625000
7964    -1.32839298248291016  2.11044192314147949  41.35841369628906250
7965    6.31090307235717773  12.07776355743408203  -5.56965684890747070
7966    8.18935108184814453  12.57895660400390625  -2.07034301757812500
7967    7.06588792800903320  1.31113004684448242  60.20846557617187500
7968    -12.21483993530273438  30.59658241271972656  -45.23554229736328125
7969    4.41564798355102539  23.93741989135742188  -24.21428489685058594
7970    -5.99677610397338867  28.24528121948242188  -46.14075088500976563
7971    -7.81128978729248047  26.38003349304199219  -44.93791580200195313
7972    -6.67552089691162109  28.56082725524902344  -43.09799957275390625
7973    -12.08175182342529297  19.21794700622558594  -16.28730010986328125
7974    -11.19907379150390625  16.95978164672851563  -14.03515911102294922
7975    8.30108928680419922  28.33947563171386719  -38.66284561157226563
7976    6.68470191955566406  30.65011978149414063  -33.58735656738281250
7977    -11.55302429199218750  12.57263278961181641  -1.92571997642517090
7978    -9.07548141479492188  11.85026073455810547  -1.30298900604248047
7979    -4.32920694351196289  6.07359695434570313  38.50244903564453125
7980    -6.38847208023071289  5.99836778640747070  45.57870101928710938
7981    -4.67754697799682617  3.88511610031127930  44.09738540649414063
7982    -6.92095518112182617  6.19599103927612305  41.20976257324218750
7983    -9.66991424560546875  16.22729492187500000  -6.16817998886108398
7984    9.82451534271240234  1.55734205245971680  45.64027023315429688
7985    9.23693084716796875  1.97231805324554443  47.66629409790039063
7986    13.35816955566406250  3.25126504898071289  41.22358322143554688
7987    13.21784973144531250  1.71622097492218018  43.85268020629882813
7988    13.34683418273925781  3.93584704399108887  44.34156036376953125
7989    11.57585716247558594  28.51638221740722656  -85.23714447021484375
7990    -7.63036298751831055  1.87481796741485596  62.09131240844726563
7991    -5.96736812591552734  4.30982685089111328  62.26494216918945313
7992    8.87744331359863281  30.26045989990234375  -61.56215667724609375
7993    10.93249225616455078  30.47165489196777344  -62.78800582885742188
7994    -11.76814079284667969  6.11461305618286133  21.68008422851562500
7995    10.33126258850097656  4.42041921615600586  54.54661941528320313
7996    11.74993038177490234  5.97768688201904297  29.55566596984863281
7997    13.02205467224121094  25.98289299011230469  -55.32184219360351563
7998    11.00300502777099609  26.52627944946289063  -58.29528427124023438
7999    2.62593197822570801  3.78739905357360840  49.70401000976562500
8000    -2.84831309318542480  26.84619331359863281  -23.18511199951171875
8001    1.15735197067260742  3.63695693016052246  31.59440994262695313
8002    -2.59785699844360352  4.76549386978149414  37.17414855957031250
8003    -7.42720317840576172  29.80623054504394531  -29.53448677062988281
8004    6.14494514465332031  3.49294209480285645  4.83601903915405273
8005    12.48291015625000000  26.17701530456542969  -70.20702362060546875
8006    9.83052730560302734  30.60071372985839844  -75.02101135253906250
8007    -3.61244893074035645  17.28216934204101563  -14.27094173431396484
8008    -3.26872301101684570  19.63171386718750000  -14.81319046020507813
8009    -4.64435005187988281  18.35750579833984375  -15.46076583862304688
8010    -6.87687492370605469  19.53582191467285156  -10.28489208221435547
8011    -6.12644910812377930  19.35759162902832031  -13.33106327056884766
8012    -10.36016559600830078  2.00121402740478516  45.57458496093750000
8013    -12.41472244262695313  1.88786196708679199  48.67113494873046875
8014    2.42583799362182617  1.90392696857452393  12.90514087677001953
8015    2.20012998580932617  15.28258514404296875  -5.26734590530395508
8016    2.76404690742492676  13.72919082641601563  -3.32681488990783691
8017    6.27400779724121094  14.42015552520751953  -3.99057507514953613
8018    -7.56995296478271484  4.52838897705078125  17.97619247436523438
8019    8.36133193969726563  6.43922805786132813  4.19034290313720703
8020    6.75266122817993164  7.44478178024291992  2.20638608932495117
8021    7.61757183074951172  5.63835811614990234  0.16800700128078461
8022    9.26572418212890625  4.90035486221313477  5.98725080490112305
8023    9.00446796417236328  2.98534703254699707  5.66440391540527344
8024    7.33385801315307617  4.25186920166015625  2.84185409545898438
8025    11.54285621643066406  8.24163341522216797  4.26106309890747070
8026    13.11888217926025391  5.36321306228637695  2.63024806976318359
8027    -7.46939897537231445  1.99524700641632080  47.81151962280273438
8028    -9.58883762359619141  1.85679101943969727  51.07817840576171875
8029    -13.29157161712646484  4.34149503707885742  51.79664230346679688
8030    10.70344161987304688  10.99354076385498047  -6.91672801971435547
8031    -11.03737068176269531  30.51100158691406250  -55.78527450561523438
8032    0.27585300803184509  30.55137825012207031  -31.44901084899902344
8033    -3.27821493148803711  14.79558753967285156  -4.78081703186035156
8034    -4.68797016143798828  6.00634813308715820  49.27955627441406250
8035    -8.74707126617431641  3.99157691001892090  51.45030212402343750
8036    -8.26461696624755859  6.03364992141723633  53.31881713867187500
8037    -8.22461891174316406  27.46530151367187500  -21.41360282897949219
8038    -7.73625421524047852  28.64843940734863281  -24.80422592163085938
8039    -5.81687498092651367  27.91187477111816406  -22.62375640869140625
8040    6.65388011932373047  31.04183006286621094  -48.82940292358398438
8041    9.17281055450439453  28.65522575378417969  -47.58898544311523438
8042    9.18016910552978516  28.91291427612304688  -44.56985473632812500
8043    9.25864124298095703  30.71916961669921875  -47.66083145141601563
8044    7.75159215927124023  30.54567909240722656  -45.94160461425781250
8045    -13.32274532318115234  23.63342285156250000  -24.12005996704101563
8046    1.83769500255584717  26.47124290466308594  -33.00548171997070313
8047    2.87684392929077148  26.45434761047363281  -36.71369934082031250
8048    8.26438808441162109  4.94820499420166016  59.40042114257812500
8049    10.27868270874023438  5.99989795684814453  58.19161987304687500
8050    -11.33776092529296875  9.52443122863769531  -5.40961599349975586
8051    7.31787586212158203  6.45174694061279297  11.17984771728515625
8052    8.81482028961181641  4.61307716369628906  8.60744857788085938
8053    6.52584314346313477  6.84399509429931641  7.96532201766967773
8054    2.11327195167541504  6.04897308349609375  31.05549240112304688
8055    -0.26699000597000122  6.01133823394775391  32.63540649414062500
8056    6.25317096710205078  5.84798383712768555  53.52884674072265625
8057    -0.97868698835372925  3.99772596359252930  41.35354614257812500
8058    3.51924490928649902  10.48415279388427734  -6.23629188537597656
8059    -8.08162403106689453  24.06319999694824219  -25.05594444274902344
8060    4.71171188354492188  6.33853912353515625  21.32574272155761719
8061    -8.47065544128417969  29.47534751892089844  -45.62975692749023438
8062    -7.28222799301147461  26.33110046386718750  -49.12348175048828125
8063    -3.86202192306518555  7.76174020767211914  -3.39314794540405273
8064    2.60326194763183594  28.89581298828125000  -26.25702095031738281
8065    -12.95718669891357422  30.46503067016601563  -54.22806167602539063
8066    12.95669269561767578  5.20590496063232422  7.39902687072753906
8067    13.32134246826171875  5.24447298049926758  5.37287521362304688
8068    -8.95071601867675781  28.56246376037597656  -60.98080825805664063
8069    -10.80122661590576172  26.66965293884277344  -60.63560104370117188
8070    -11.48908710479736328  30.49916458129882813  -59.05944061279296875
8071    -10.85166835784912109  3.87422895431518555  60.14030075073242188
8072    -11.28886699676513672  26.60902786254882813  -39.85642623901367188
8073    -10.23618984222412109  6.19452190399169922  50.59042739868164063
8074    2.00545096397399902  23.45613670349121094  -21.23316574096679688
8075    -8.23718357086181641  25.91886901855468750  -32.97623062133789063
8076    -9.51597881317138672  28.76610565185546875  -32.50836181640625000
8077    0.22584199905395508  5.77834510803222656  27.78268051147460938
8078    0.90810698270797729  5.26564979553222656  23.50997543334960938
8079    -6.42546606063842773  6.11783885955810547  15.50815200805664063
8080    -11.46927261352539063  4.57016181945800781  42.11904907226562500
8081    -11.13600063323974609  3.76875591278076172  25.41386604309082031
8082    9.22447395324707031  4.06191205978393555  62.22408294677734375
8083    2.47900891304016113  1.81165504455566406  56.86633682250976563
8084    1.47851002216339111  3.66717290878295898  54.12972640991210938
8085    6.45920705795288086  26.20930290222167969  -33.42753601074218750
8086    2.88433003425598145  25.43220520019531250  -29.96737098693847656
8087    -5.81996583938598633  7.13084602355957031  2.55949306488037109
8088    -6.22424983978271484  7.01862001419067383  8.13294601440429688
8089    -5.60370111465454102  4.81268692016601563  8.21460914611816406
8090    -11.35225200653076172  30.76775360107421875  -73.36545562744140625
8091    -13.34916305541992188  28.94758415222167969  -73.27256011962890625
8092    -13.13458633422851563  28.74814987182617188  -75.69641876220703125
8093    -1.71974396705627441  1.92927801609039307  56.95696258544921875
8094    -2.37748408317565918  1.84916698932647705  59.90014648437500000
8095    -4.46559810638427734  4.72968482971191406  59.99620437622070313
8096    -4.53407812118530273  1.81642496585845947  58.51905441284179688
8097    11.61473846435546875  30.73416137695312500  -40.13707351684570313
8098    10.43819999694824219  30.38334846496582031  -37.91181564331054688
8099    13.08328914642333984  28.62038803100585938  -37.43967819213867188
8100    11.62219905853271484  30.52460861206054688  -34.71486282348632813
8101    -0.93200099468231201  1.99228799343109131  17.11715507507324219
8102    -2.55877089500427246  1.96063303947448730  11.73204421997070313
8103    5.83876180648803711  26.14025688171386719  -43.07050323486328125
8104    11.18074417114257813  2.59161710739135742  26.76711654663085938
8105    13.03327083587646484  4.31249284744262695  25.83718681335449219
8106    10.00438213348388672  26.42232894897460938  -49.35273742675781250
8107    7.09047985076904297  26.45775413513183594  -48.46986007690429688
8108    -13.30579090118408203  1.62790095806121826  30.78623580932617188
8109    -12.04208564758300781  1.28492498397827148  26.93143653869628906
8110    6.26208305358886719  6.06237602233886719  37.28121566772460938
8111    7.78951501846313477  26.38340568542480469  -37.38021087646484375
8112    8.66622734069824219  1.89885997772216797  10.57746982574462891
8113    -13.23650836944580078  13.49005889892578125  -9.86915206909179688
8114    -11.75845718383789063  17.09306144714355469  -10.93574047088623047
8115    -8.95779037475585938  15.57160568237304688  -12.26502895355224609
8116    11.37929821014404297  30.23867797851562500  -46.89053344726562500
8117    13.39977645874023438  27.59918022155761719  -42.95916366577148438
8118    1.95479595661163330  20.14590835571289063  -11.14979362487792969
8119    1.24343395233154297  18.04931831359863281  -12.12653827667236328
8120    4.49100685119628906  19.24054908752441406  -9.98011398315429688
8121    2.93095803260803223  6.24083614349365234  29.26629638671875000
8122    -3.22974991798400879  3.95399689674377441  52.72834777832031250
8123    -1.53602504730224609  3.04799604415893555  52.83089828491210938
8124    9.35287189483642578  2.02966904640197754  40.77870559692382813
8125    -12.95105457305908203  28.18770217895507813  -71.14951324462890625
8126    -8.13203334808349609  1.93214094638824463  58.73265075683593750
8127    8.61994552612304688  26.20267295837402344  -66.41872406005859375
8128    7.88546800613403320  13.61749267578125000  -10.26256847381591797
8129    5.95296716690063477  14.36595344543457031  -7.25312709808349609
8130    9.05952358245849609  14.21778488159179688  -7.72559213638305664
8131    9.64357757568359375  28.34917068481445313  -33.51840972900390625
8132    13.04254722595214844  1.94626998901367188  19.24650764465332031
8133    3.82723593711853027  15.22949028015136719  -11.97009086608886719
8134    -5.12919998168945313  24.17976951599121094  -25.10740661621093750
8135    5.87540292739868164  27.46340942382812500  -21.61468124389648438
8136    -10.52601432800292969  28.20312881469726563  -42.09630584716796875
8137    -7.10408401489257813  26.31074523925781250  -38.17796707153320313
8138    -13.00310707092285156  28.74270057678222656  -68.99803924560546875
8139    -10.48494052886962891  27.86360740661621094  -30.18029022216796875
8140    2.60768508911132813  1.80418205261230469  44.43580627441406250
8141    -0.20282800495624542  1.76586699485778809  43.69699478149414063
8142    -2.12394499778747559  3.98179507255554199  44.81467437744140625
8143    4.02484416961669922  6.12833690643310547  24.19726943969726563
8144    3.19278502464294434  2.34363198280334473  22.96630096435546875
8145    5.71482515335083008  1.80876004695892334  21.35459518432617188
8146    6.63520479202270508  4.48705291748046875  23.62906265258789063
8147    9.14398097991943359  2.35463809967041016  21.80747795104980469
8148    -8.83912944793701172  27.75874137878417969  -73.00836181640625000
8149    -10.90935802459716797  26.39515686035156250  -73.98995208740234375
8150    9.48809528350830078  6.29606103897094727  34.16923141479492188
8151    7.78792381286621094  6.29765081405639648  32.56565856933593750
8152    6.35342788696289063  1.57879996299743652  31.92155456542968750
8153    2.16202902793884277  27.84987831115722656  -27.93879890441894531
8154    -9.37364387512207031  28.21691894531250000  -23.50615119934082031
8155    11.73820114135742188  11.07706069946289063  -3.66769909858703613
8156    12.97412776947021484  14.07449817657470703  -4.12312984466552734
8157    13.15196704864501953  16.02331924438476563  -9.62899971008300781
8158    -13.25076961517333984  8.18807983398437500  4.78062009811401367
8159    -8.33600997924804688  3.66127395629882813  30.05168533325195313
8160    -10.97098636627197266  1.81518197059631348  30.13874053955078125
8161    -9.22291183471679688  3.98555898666381836  32.31088638305664063
8162    13.35394382476806641  28.48648262023925781  -75.60102844238281250
8163    -0.95738297700881958  1.72300100326538086  23.54516029357910156
8164    -8.36236858367919922  4.24542999267578125  22.23562240600585938
8165    13.03836441040039063  30.41982269287109375  -33.15979003906250000
8166    -11.09644889831542969  30.53388786315917969  -75.41558074951171875
8167    7.07823705673217773  6.76983022689819336  49.92721939086914063
8168    5.88108921051025391  30.66696166992187500  -38.97331237792968750
8169    -12.43027973175048828  22.18423843383789063  -20.80419349670410156
8170    12.81578922271728516  1.95320296287536621  12.10662555694580078
8171    6.05278921127319336  25.22837448120117188  -27.61990165710449219
8172    8.01464176177978516  24.92863082885742188  -27.26872634887695313
8173    4.76666688919067383  22.92802810668945313  -22.01730728149414063
8174    3.03358507156372070  20.54344940185546875  -18.18197250366210938
8175    1.03837203979492188  19.83127784729003906  -17.46966171264648438
8176    13.37853336334228516  6.19388914108276367  51.53945159912109375
8177    11.30275440216064453  6.16362714767456055  59.98709869384765625
8178    13.36032581329345703  6.24434423446655273  58.62567520141601563
8179    9.10103893280029297  26.52024269104003906  -59.28420257568359375
8180    -8.05047512054443359  27.38169288635253906  -69.57206726074218750
8181    13.31755447387695313  7.55409002304077148  -0.06814000010490417
8182    7.74579620361328125  29.17374420166015625  -50.88201522827148438
8183    8.60819339752197266  30.97675514221191406  -56.69274902343750000
8184    10.31845092773437500  26.40517234802246094  -55.56996154785156250
8185    -10.82248878479003906  19.72407913208007813  -11.56017303466796875
8186    4.80636501312255859  10.63216018676757813  0.22082300484180450
8187    1.21421599388122559  8.13823795318603516  3.07184290885925293
8188    -4.88206005096435547  27.66213035583496094  -42.96207809448242188
8189    -11.11421012878417969  30.56943702697753906  -70.49143218994140625
8190    -10.11635494232177734  27.03549957275390625  -82.95410156250000000
8191    -8.62266159057617188  30.07134246826171875  -78.18131256103515625
8192    -13.29578971862792969  1.80341804027557373  41.58593368530273438
8193    -13.20181274414062500  4.69983577728271484  37.05795669555664063
8194    -5.00939083099365234  1.85811603069305420  52.12097930908203125
8195    -9.34462738037109375  3.72866892814636230  4.22357988357543945
8196    -3.41630291938781738  20.50154304504394531  -18.16723060607910156
8197    10.80201816558837891  27.73354530334472656  -66.13081359863281250
8198    11.04473972320556641  30.63319587707519531  -45.03699874877929688
8199    -1.67947196960449219  4.28460693359375000  62.34589004516601563
8200    -8.22810459136962891  28.54742622375488281  -37.11236190795898438
8201    -6.97781515121459961  16.96313667297363281  -7.32172012329101563
8202    -2.47768306732177734  17.39576911926269531  -7.34476423263549805
8203    -11.36432933807373047  26.07661437988281250  -32.41381072998046875
8204    -13.11619377136230469  28.16402816772460938  -31.64444923400878906
8205    -11.21325111389160156  6.27827978134155273  15.02859878540039063
8206    -11.33697319030761719  1.86929404735565186  11.89214706420898438
8207    -13.23313903808593750  3.95177102088928223  10.59402847290039063
8208    -2.57421588897705078  5.20364379882812500  56.64986419677734375
8209    -8.23421669006347656  29.85885620117187500  -63.63443756103515625
8210    -5.98949909210205078  3.92501306533813477  27.20124244689941406
8211    -8.44716930389404297  4.34783792495727539  26.43074989318847656
8212    -7.28038501739501953  6.01819086074829102  26.67401313781738281
8213    -6.70976114273071289  2.29544401168823242  9.13126087188720703
8214    -3.44742989540100098  2.27313303947448730  9.65999984741210938
8215    8.86130428314208984  6.22052907943725586  42.15678787231445313
8216    11.81949424743652344  6.71363878250122070  42.36310958862304688
8217    -8.92069721221923828  11.98847103118896484  -4.28321599960327148
8218    8.70885181427001953  27.74283409118652344  -27.08777809143066406
8219    10.69625186920166016  25.42408180236816406  -29.28616905212402344
8220    7.17721891403198242  10.55081176757812500  0.62010502815246582
8221    4.16363811492919922  6.24745988845825195  12.39584255218505859
8222    5.22409200668334961  5.60664415359497070  18.12720870971679688
8223    -13.02510070800781250  4.05450296401977539  31.55233383178710938
8224    0.04842299968004227  9.50026035308837891  2.06380391120910645
8225    1.23191297054290771  6.43941402435302734  60.33897018432617188
8226    9.63109588623046875  29.09161186218261719  -79.87017822265625000
8227    -12.24936199188232422  6.19542217254638672  49.82497787475585938
8228    -9.90096378326416016  13.17178058624267578  -9.56159877777099609
8229    10.87145709991455078  8.65469837188720703  -4.43041992187500000
8230    10.07305335998535156  7.88394021987915039  1.20941603183746338
8231    11.60679531097412109  5.53710985183715820  0.35746601223945618
8232    -5.21693897247314453  4.21245288848876953  12.53222370147705078
8233    -8.72398757934570313  27.31140518188476563  -27.00260162353515625
8234    13.55862617492675781  26.71714973449707031  -26.42337989807128906
8235    9.69090938568115234  28.24887466430664063  -22.53173637390136719
8236    11.13327217102050781  22.74197006225585938  -22.10737419128417969
8237    8.37865257263183594  21.77588081359863281  -20.37351417541503906
8238    5.82725620269775391  25.75734329223632813  -18.35707855224609375
8239    5.09472799301147461  25.47813415527343750  -22.36062240600585938
8240    -4.00753879547119141  30.67760658264160156  -34.03993988037109375
8241    5.21034193038940430  8.46871089935302734  -3.82547211647033691
8242    2.69047403335571289  18.21940231323242188  -15.39274024963378906
8243    -0.21722699701786041  17.98515510559082031  -15.38873195648193359
8244    -4.86108112335205078  15.16465473175048828  -11.73319530487060547
8245    -1.47215795516967773  13.91986846923828125  -10.52118396759033203
8246    -11.20882511138916016  8.77327728271484375  -0.87616300582885742
8247    -13.01637077331542969  7.73674297332763672  1.04500901699066162
8248    -10.38068103790283203  1.52466595172882080  20.76490783691406250
8249    -6.26632881164550781  24.88250541687011719  -27.77433204650878906
8250    7.35742378234863281  6.13470315933227539  40.00367736816406250
8251    3.16517305374145508  7.22898483276367188  1.25130295753479004
8252    4.43931579589843750  6.03036689758300781  -0.08944799751043320
8253    13.19346046447753906  7.70860290527343750  2.96870398521423340
8254    10.90795135498046875  28.56243705749511719  -39.04221725463867188
8255    4.13906717300415039  27.31298255920410156  -38.66572570800781250
8256    -7.77573776245117188  23.07039642333984375  -14.32016468048095703
8257    1.99555897712707520  7.51218891143798828  5.81679677963256836
8258    0.08603999763727188  4.81464815139770508  1.42938804626464844
8259    -10.88839912414550781  4.39548921585083008  39.31874847412109375
8260    10.62760257720947266  6.25595998764038086  13.95715713500976563
8261    -8.84804821014404297  4.15390300750732422  12.20893955230712891
8262    -1.62385094165802002  1.28331005573272705  48.79546356201171875
8263    13.19881725311279297  4.69499683380126953  55.93918228149414063
8264    9.75760841369628906  3.59561395645141602  16.29472923278808594
8265    -5.68180322647094727  11.55402565002441406  -0.23839800059795380
8266    -1.57935500144958496  5.85678720474243164  41.45048522949218750
8267    12.87090587615966797  4.52898979187011719  34.94740676879882813
8268    -1.76146900653839111  29.80196952819824219  -28.91374206542968750
8269    5.93236780166625977  18.68188095092773438  -15.85252189636230469
8270    2.50873208045959473  21.39582633972167969  -14.85327434539794922
8271    -9.58278560638427734  28.22616386413574219  -84.76689910888671875
8272    3.30133104324340820  6.73218488693237305  15.88357353210449219
8273    1.74138998985290527  6.00361299514770508  17.85947799682617188
8274    -9.26182937622070313  1.78581297397613525  29.20368385314941406
8275    13.19994163513183594  27.71509742736816406  -31.24752807617187500
8276    0.35424900054931641  6.36418819427490234  43.83626556396484375
8277    1.03195703029632568  4.77564382553100586  47.19614028930664063
8278    3.64492392539978027  15.43203353881835938  -7.56675577163696289
8279    3.06332707405090332  17.74172782897949219  -7.73266410827636719
8280    -7.04868698120117188  6.20941686630249023  28.73843765258789063
8281    -5.60663890838623047  1.77978003025054932  32.87536239624023438
8282    -7.08475112915039063  4.03512716293334961  31.59688949584960938
8283    -2.12741088867187500  4.07936716079711914  34.87299346923828125
8284    -10.75491523742675781  21.37840652465820313  -14.45309734344482422
8285    -13.32426643371582031  22.22514533996582031  -13.32018947601318359
8286    -0.39795699715614319  1.72624194622039795  21.34076309204101563
8287    0.98715901374816895  1.76632201671600342  48.87014007568359375
8288    1.33865499496459961  1.60327196121215820  51.24414825439453125
8289    7.81419801712036133  1.90729105472564697  25.41475486755371094
8290    -13.11692047119140625  26.27173042297363281  -64.14810943603515625
8291    4.72898006439208984  1.57301604747772217  18.10443496704101563
8292    -7.84877586364746094  21.01212501525878906  -19.21345901489257813
8293    7.20375776290893555  6.21705913543701172  19.56402206420898438
8294    -5.06032323837280273  26.63232421875000000  -19.94896507263183594
8295    -5.63411998748779297  24.54102706909179688  -20.34264564514160156
8296    -2.13476800918579102  23.87525939941406250  -17.57662391662597656
8297    1.84141802787780762  25.60872077941894531  -18.51546478271484375
8298    1.03337597846984863  24.50695800781250000  -15.48992252349853516
8299    2.75200295448303223  4.97488212585449219  7.54049110412597656
8300    5.75255203247070313  5.16456699371337891  9.21574401855468750
8301    2.69969105720520020  2.16114592552185059  9.47615814208984375
8302    2.29238009452819824  3.90845704078674316  11.43006420135498047
8303    4.66818380355834961  2.01947093009948730  12.69524478912353516
8304    -10.73416233062744141  30.67549133300781250  -60.80447006225585938
8305    -0.72749400138854980  2.43203091621398926  26.47715950012207031
8306    -2.58222293853759766  5.99932098388671875  46.14105987548828125
8307    -8.50769233703613281  26.44781875610351563  -51.94887924194335938
8308    12.87182331085205078  17.78498649597167969  -11.43350028991699219
8309    13.14340591430664063  17.29165458679199219  -14.39377498626708984
8310    5.60726976394653320  19.39809608459472656  -13.48521900177001953
8311    9.52708911895751953  20.18641090393066406  -10.89963340759277344
8312    10.90626239776611328  21.02930641174316406  -11.91525554656982422
8313    -13.67824363708496094  12.54725646972656250  -4.07331418991088867
8314    -9.66031455993652344  1.86308300495147705  40.80846023559570313
8315    -1.93602895736694336  29.58731079101562500  -26.10776710510253906
8316    9.81697559356689453  28.03606986999511719  -30.42936134338378906
8317    3.27526497840881348  1.55784595012664795  32.80447769165039063
8318    1.15357196331024170  1.48326599597930908  34.02846527099609375
8319    3.92529296875000000  3.56941890716552734  35.78731536865234375
8320    6.73961400985717773  4.09010314941406250  35.94629669189453125
8321    -13.69120788574218750  28.22672462463378906  -33.55034255981445313
8322    9.59081840515136719  25.31410026550292969  -17.52567100524902344
8323    -0.47933700680732727  7.32532215118408203  6.90079593658447266
8324    -4.26871681213378906  7.48970413208007813  6.08994483947753906
8325    7.26132202148437500  29.36696624755859375  -42.29388427734375000
8326    3.94136595726013184  30.53263282775878906  -37.78119277954101563
8327    4.18775081634521484  5.93845081329345703  26.32739448547363281
8328    5.16456890106201172  6.18782186508178711  59.88077926635742188
8329    -0.44883200526237488  9.75713825225830078  -2.65162897109985352
8330    -5.29226684570312500  4.29657888412475586  1.79808604717254639
8331    -7.08787918090820313  5.63162088394165039  -0.24180099368095398
8332    6.83411788940429688  3.77583599090576172  38.23102569580078125
8333    10.39765739440917969  15.60092735290527344  -12.18412494659423828
8334    1.72063803672790527  12.83531475067138672  -9.37863922119140625
8335    -11.47156810760498047  1.78726994991302490  55.63248443603515625
8336    7.22113418579101563  1.81146204471588135  27.73729133605957031
8337    -2.42479205131530762  1.76350903511047363  33.21495056152343750
8338    -2.08504509925842285  3.53062200546264648  23.63344764709472656
8339    -2.61761403083801270  6.14055109024047852  21.19802093505859375
8340    13.33711433410644531  6.15045499801635742  38.04955673217773438
8341    5.40095186233520508  27.99111557006835938  -32.58942794799804688
8342    2.18655800819396973  1.85719394683837891  60.64670181274414063
8343    4.65919589996337891  1.91045200824737549  58.20259475708007813
8344    -13.12321662902832031  20.70904541015625000  -18.49281120300292969
8345    -10.41075706481933594  23.24646186828613281  -22.58283042907714844
8346    1.40106999874114990  6.24716615676879883  14.22510242462158203
8347    -1.10129404067993164  3.95644807815551758  14.15713882446289063
8348    0.18254099786281586  22.96923065185546875  -23.37217521667480469
8349    6.70559406280517578  22.99900054931640625  -18.09236717224121094
8350    11.20923995971679688  19.80762481689453125  -16.17055130004882813
8351    -3.20469594001770020  1.86007905006408691  41.08965682983398438
8352    8.63304519653320313  11.15934753417968750  -3.30331206321716309
8353    8.85485744476318359  1.70668196678161621  60.28490829467773438
8354    -11.24194240570068359  15.75069522857666016  -13.44709873199462891
8355    6.82369709014892578  28.72831916809082031  -39.29414749145507813
8356    -7.97853612899780273  12.82940673828125000  -2.53955101966857910
8357    -7.90855693817138672  6.40075016021728516  44.88136291503906250
8358    -5.11683797836303711  6.23379087448120117  44.15085983276367188
8359    -7.44455718994140625  6.20404911041259766  39.46938323974609375
8360    -8.70051479339599609  6.29287719726562500  40.87562561035156250
8361    9.18909740447998047  3.18641495704650879  46.42756271362304688
8362    8.29421329498291016  28.96983337402343750  -62.33349990844726563
8363    8.55493545532226563  30.76843643188476563  -59.84768295288085938
8364    -11.04014396667480469  6.05223989486694336  23.46576309204101563
8365    9.47908973693847656  6.12826395034790039  54.16569137573242188
8366    10.02809906005859375  6.36690092086791992  29.83825302124023438
8367    -3.42611002922058105  25.12952995300292969  -22.34224700927734375
8368    -3.76933503150939941  6.01773595809936523  36.18332290649414063
8369    -5.54063796997070313  17.19360160827636719  -14.10217380523681641
8370    -13.41357803344726563  1.61003005504608154  50.10102081298828125
8371    3.53031802177429199  1.23771703243255615  13.75874614715576172
8372    0.52913200855255127  15.42482089996337891  -6.68964481353759766
8373    -7.42451810836791992  1.21234905719757080  49.18674087524414063
8374    9.34810924530029297  10.37010097503662109  -7.00490999221801758
8375    7.94913101196289063  30.63760375976562500  -44.03242111206054688
8376    -13.01414394378662109  25.60309600830078125  -23.75547409057617188
8377    1.87467002868652344  28.06552886962890625  -36.98634719848632813
8378    9.43978118896484375  5.06309080123901367  60.43409347534179688
8379    7.09496116638183594  6.30739879608154297  13.03259658813476563
8380    7.50336503982543945  3.93044090270996094  10.13758277893066406
8381    7.34231805801391602  6.21313619613647461  52.06507492065429688
8382    -8.34888267517089844  25.61823463439941406  -25.91433334350585938
8383    -8.61607646942138672  30.87289237976074219  -44.38578796386718750
8384    3.52031207084655762  29.91615676879882813  -26.53481483459472656
8385    -13.30130290985107422  30.77827072143554688  -55.94473266601562500
8386    -8.81229496002197266  27.85913848876953125  -59.11130142211914063
8387    -9.74788284301757813  26.34602355957031250  -40.99569320678710938
8388    2.01615810394287109  22.47380638122558594  -22.48403167724609375
8389    -8.16082763671875000  27.75377464294433594  -33.28888320922851563
8390    -0.28086799383163452  3.85467791557312012  22.56435775756835938
8391    1.85756504535675049  3.67345499992370605  57.07833099365234375
8392    -5.93957376480102539  8.12176990509033203  1.49169600009918213
8393    -13.36284446716308594  28.33637809753417969  -77.40774536132812500
8394    13.65591335296630859  29.04437637329101563  -36.07514953613281250
8395    -0.07983899861574173  3.32161688804626465  16.04914093017578125
8396    11.25725841522216797  1.80690896511077881  25.05498313903808594
8397    -12.36893939971923828  14.48496723175048828  -9.37865352630615234
8398    -13.26317214965820313  17.90401649475097656  -10.12981033325195313
8399    1.85190701484680176  15.99993991851806641  -12.39357852935791016
8400    -2.12134194374084473  2.26042008399963379  51.41598129272460938
8401    10.77618312835693359  1.91900694370269775  42.10914230346679688
8402    -13.18353366851806641  26.33688354492187500  -71.62756347656250000
8403    3.72636699676513672  17.10268020629882813  -12.85733222961425781
8404    -5.25994586944580078  26.20281791687011719  -38.23490905761718750
8405    -6.52748107910156250  26.22091293334960938  -36.42884826660156250
8406    -13.45199680328369141  27.76015281677246094  -67.60015869140625000
8407    2.43133306503295898  6.22891998291015625  23.34531593322753906
8408    2.44546294212341309  4.00588321685791016  23.81652641296386719
8409    4.16744422912597656  1.83207201957702637  24.47428703308105469
8410    3.74700093269348145  1.78641700744628906  21.15059089660644531
8411    4.76487207412719727  1.66436803340911865  22.78388595581054688
8412    -13.19092369079589844  7.51401281356811523  6.54912185668945313
8413    11.43436145782470703  30.83934402465820313  -33.03458404541015625
8414    3.53750300407409668  23.00329589843750000  -20.96481132507324219
8415    12.75796699523925781  6.62057590484619141  60.54653549194335938
8416    8.67990493774414063  30.75443458557128906  -51.54537582397460938
8417    -13.52408981323242188  2.15000391006469727  43.23220825195312500
8418    -13.89537620544433594  29.20967674255371094  -31.60631561279296875
8419    -4.76753616333007813  1.66384303569793701  9.44318389892578125
8420    -11.58541297912597656  6.89741802215576172  50.70829772949218750
8421    12.87246608734130859  23.04224014282226563  -22.57544517517089844
8422    4.39404487609863281  9.14078998565673828  -5.17248010635375977
8423    -1.18489003181457520  12.65314006805419922  -9.29751586914062500
8424    5.83499097824096680  6.20881795883178711  39.03169631958007813
8425    2.13799405097961426  7.71957206726074219  2.08820796012878418
8426    2.69732904434204102  26.19634056091308594  -38.51621246337890625
8427    0.91030997037887573  6.41740417480468750  6.17471599578857422
8428    3.50827693939208984  8.13064384460449219  4.91552019119262695
8429    -10.36399459838867188  29.24176025390625000  -85.46072387695312500
8430    -10.15986061096191406  2.87894797325134277  29.55791282653808594
8431    6.02466392517089844  1.56638705730438232  25.26197433471679688
8432    -13.14087677001953125  25.56305313110351563  -63.10142517089843750
8433    -7.14017009735107422  24.00724983215332031  -20.66961860656738281
8434    6.43131399154663086  3.99857711791992188  7.82828092575073242
8435    -9.34605312347412109  1.49602997303009033  42.39802932739257813
8436    -0.84826499223709106  8.11924839019775391  5.45800113677978516
8437    2.48156690597534180  30.70763969421386719  -38.56265640258789063
8438    -6.71841478347778320  3.85657000541687012  1.93611204624176025
8439    -7.45366287231445313  7.08305406570434570  -0.24994499981403351
8440    -4.00495481491088867  2.84354591369628906  32.99568939208984375
8441    -3.05207490921020508  2.17709994316101074  23.58229446411132813
8442    -11.92550277709960938  19.80301475524902344  -17.93483543395996094
8443    -10.08602333068847656  23.68792152404785156  -24.29458236694335938
8444    11.92205810546875000  18.52889060974121094  -16.50703048706054688
8445    -9.96233081817626953  15.47546672821044922  -13.14996147155761719
8446    -8.47160053253173828  4.70181608200073242  41.79446792602539063
8447    -10.20841217041015625  6.12819385528564453  22.08700370788574219
8448    0.72784900665283203  13.94284534454345703  -7.45089578628540039
8449    -13.30897998809814453  26.78001785278320313  -25.08490753173828125
8450    -9.99277114868164063  26.38534164428710938  -58.94477081298828125
8451    -13.78597640991210938  28.09620666503906250  -78.71687316894531250
8452    0.48473900556564331  14.98853969573974609  -11.86166572570800781
8453    -13.93539333343505859  27.40968132019042969  -71.53700256347656250
8454    -3.83319401741027832  25.81248092651367188  -37.93064498901367188
8455    -5.35110092163085938  25.57854652404785156  -36.02848434448242188
8456    2.68383407592773438  3.95295310020446777  22.02052688598632813
8457    3.56042003631591797  1.32017600536346436  19.65143585205078125
8458    -13.36064052581787109  6.82597303390502930  5.27889299392700195
8459    -13.29511165618896484  7.05498504638671875  8.29189682006835938
8460    -7.84693717956542969  3.51573300361633301  43.12965393066406250
8461    -8.81355953216552734  26.31123161315917969  -60.54639816284179688
# Generated by VolumeMeshWork
