####
#
# OBJ File Generated by Meshlab
#
####
# Object simpleBar.obj
#
# Vertices: 13611
# Faces: 27226
#
####
v -89.978523 -0.567216 10.000000
v -89.828407 -2.262364 10.000000
v -89.614838 -3.377339 10.000000
v -89.317558 -4.472969 10.000000
v -88.938271 -5.542977 10.000000
v -88.210983 -7.081518 10.000000
v -87.332336 -8.538934 10.000000
v -86.277313 -9.874214 10.000000
v -85.093086 -11.096380 10.000000
v -83.764503 -12.159830 10.000000
v -81.326920 -13.600280 10.000000
v -79.738747 -14.220480 9.999905
v -78.100159 -14.676140 10.000000
v -76.416260 -14.922200 10.000000
v -74.716141 -14.997310 10.000000
v -71.902061 -14.665630 10.000000
v -70.665169 -14.349470 10.000000
v -69.194237 -13.830880 10.000000
v -68.164864 -13.352190 10.000000
v -66.701920 -12.482780 10.000000
v -65.334053 -11.470370 10.000000
v -64.494240 -10.706490 10.000000
v -63.714611 -9.881291 10.000000
v -62.676491 -8.532818 10.000000
v -61.779549 -7.086594 10.000000
v -61.281471 -6.066452 10.000000
v -60.692699 -4.469769 10.000000
v -60.267818 -2.821873 10.000000
v -60.096600 -1.699615 10.000000
v -60.010738 0.000000 10.000000
v -60.096600 1.699615 10.000000
v -60.395630 3.374920 10.000000
v -60.861961 5.011563 10.000000
v -61.530510 6.576523 10.000000
v -62.353371 8.066144 10.000000
v -63.357109 9.440392 10.000000
v -64.494240 10.706490 10.000000
v -65.781631 11.819450 10.000000
v -67.174629 12.797010 10.000000
v -68.679550 13.591530 10.000000
v -70.256882 14.230350 10.000000
v -71.902061 14.665630 10.000000
v -74.149429 14.965100 10.000000
v -75.851181 14.975830 10.000000
v -77.540756 14.772350 10.000000
v -79.201218 14.399640 10.000000
v -80.801590 13.820970 10.000000
v -82.335510 13.083970 10.000000
v -83.304024 12.491720 10.000000
v -84.659027 11.462150 10.000000
v -85.903389 10.301270 10.000000
v -86.651230 9.447158 10.000000
v -87.637573 8.060367 10.000000
v -88.479141 6.581237 10.000000
v -89.127907 5.007973 10.000000
v -89.614838 3.377339 10.000000
v -89.828407 2.262364 10.000000
v -89.957039 1.134431 10.000000
v -89.978523 -0.567217 0.000000
v -89.892723 1.698397 0.000000
v -89.614838 3.377339 0.000000
v -89.317558 4.472969 0.000000
v -88.708710 6.062107 0.000000
v -87.942810 7.581799 0.000000
v -86.991783 8.993046 0.000000
v -85.903389 10.301270 0.000000
v -84.659027 11.462150 0.000000
v -83.304024 12.491720 0.000000
v -81.830254 13.342620 0.000000
v -80.278214 14.040670 0.000000
v -78.650688 14.537890 0.000000
v -76.981354 14.868570 0.000000
v -75.283661 14.986570 0.000000
v -73.582733 14.932890 0.000000
v -71.902061 14.665630 0.000000
v -70.256882 14.230350 0.000000
v -68.679550 13.591530 0.000000
v -67.174629 12.797010 0.000000
v -66.229218 12.168540 0.000000
v -64.914139 11.088430 0.000000
v -63.714611 9.881291 0.000000
v -62.676491 8.532818 0.000000
v -61.779549 7.086594 0.000000
v -61.281471 6.066452 0.000000
v -60.692699 4.469769 0.000000
v -60.267818 2.821873 0.000000
v -60.053669 1.133619 0.000000
v -60.010738 -0.567622 0.000000
v -60.182209 -2.260746 0.000000
v -60.523430 -3.927967 0.000000
v -60.861961 -5.011563 0.000000
v -61.530510 -6.576523 0.000000
v -62.353371 -8.066144 0.000000
v -63.357109 -9.440392 0.000000
v -64.494240 -10.706490 0.000000
v -65.781631 -11.819450 0.000000
v -67.174629 -12.797010 0.000000
v -68.679550 -13.591530 0.000000
v -70.256882 -14.230350 0.000000
v -71.346687 -14.548310 0.000000
v -72.457428 -14.782940 0.000000
v -74.149429 -14.965100 0.000000
v -75.851181 -14.975830 0.000000
v -77.540756 -14.772350 0.000000
v -79.201218 -14.399640 0.000000
v -80.278214 -14.040670 0.000000
v -81.830254 -13.342620 0.000000
v -83.304024 -12.491720 0.000000
v -84.659027 -11.462150 0.000000
v -85.903389 -10.301270 0.000000
v -86.991783 -8.993046 0.000000
v -87.942810 -7.581799 0.000000
v -88.479141 -6.581237 0.000000
v -88.938271 -5.542977 0.000000
v -89.466202 -3.925154 0.000000
v -89.828407 -2.262364 0.000000
v 60.000000 0.000000 10.000000
v 60.042961 -1.134431 10.000000
v 60.171589 -2.262364 10.000000
v 60.533798 -3.925154 10.000000
v 61.061729 -5.542977 10.000000
v 61.789021 -7.081521 10.000000
v 62.667660 -8.538934 10.000000
v 63.348770 -9.447158 10.000000
v 64.096611 -10.301270 10.000000
v 65.340973 -11.462150 10.000000
v 66.695976 -12.491720 10.000000
v 67.664490 -13.083970 10.000000
v 69.198410 -13.820970 10.000000
v 70.798782 -14.399640 10.000000
v 71.899841 -14.676140 10.000000
v 73.583740 -14.922200 10.000000
v 75.283859 -14.997310 10.000000
v 76.417267 -14.932890 10.000000
v 78.097939 -14.665630 10.000000
v 79.743118 -14.230350 10.000000
v 80.805763 -13.830880 10.000000
v 82.330254 -13.074600 10.000000
v 83.770782 -12.168540 10.000000
v 85.085861 -11.088430 10.000000
v 86.285393 -9.881291 10.000000
v 87.000381 -8.999492 10.000000
v 87.933533 -7.576375 10.000000
v 88.718536 -6.066452 10.000000
v 89.138039 -5.011563 10.000000
v 89.604370 -3.374926 10.000000
v 89.903397 -1.699615 10.000000
v 89.989258 -0.567622 10.000000
v 89.989258 0.567622 10.000000
v 89.817787 2.260744 10.000000
v 89.476570 3.927967 10.000000
v 88.928284 5.539015 10.000000
v 88.220444 7.086594 10.000000
v 87.646629 8.066144 10.000000
v 86.642883 9.440395 10.000000
v 85.505760 10.706490 10.000000
v 84.218369 11.819450 10.000000
v 82.825371 12.797010 10.000000
v 81.320450 13.591530 10.000000
v 79.743118 14.230350 10.000000
v 78.097939 14.665630 10.000000
v 76.417267 14.932890 10.000000
v 74.716339 14.986570 10.000000
v 73.018646 14.868570 10.000000
v 71.349312 14.537890 10.000000
v 69.721786 14.040670 10.000000
v 68.169746 13.342620 10.000000
v 66.695976 12.491720 10.000000
v 65.340973 11.462150 10.000000
v 64.096611 10.301270 10.000000
v 63.008209 8.993046 10.000000
v 62.057190 7.581799 10.000000
v 61.520851 6.581237 10.000000
v 60.872089 5.007977 10.000000
v 60.385159 3.377339 10.000000
v 60.107281 1.698399 10.000000
v 60.021481 -0.567216 0.000000
v 60.042961 1.134431 0.000000
v 60.171589 2.262364 0.000000
v 60.385159 3.377339 0.000000
v 60.872089 5.007977 0.000000
v 61.520851 6.581237 0.000000
v 62.057190 7.581799 0.000000
v 63.008209 8.993046 0.000000
v 64.096611 10.301270 0.000000
v 65.340973 11.462150 0.000000
v 66.695976 12.491720 0.000000
v 68.169746 13.342620 0.000000
v 69.721786 14.040670 0.000000
v 70.798782 14.399640 0.000000
v 72.459244 14.772350 0.000000
v 74.148819 14.975830 0.000000
v 75.283859 14.997310 0.000000
v 76.417267 14.932890 0.000000
v 78.097939 14.665630 0.000000
v 79.743118 14.230350 0.000000
v 80.805763 13.830880 0.000000
v 82.330254 13.074600 0.000000
v 83.770782 12.168540 0.000000
v 84.665947 11.470370 0.000000
v 85.505760 10.706490 0.000000
v 86.642883 9.440395 0.000000
v 87.646629 8.066144 0.000000
v 88.469490 6.576523 0.000000
v 89.138039 5.011563 0.000000
v 89.604370 3.374926 0.000000
v 89.903397 1.699615 0.000000
v 89.989258 0.567622 0.000000
v 89.989258 -0.567622 0.000000
v 89.903397 -1.699615 0.000000
v 89.604370 -3.374926 0.000000
v 89.138039 -5.011563 0.000000
v 88.469490 -6.576523 0.000000
v 87.646629 -8.066144 0.000000
v 87.000381 -8.999492 0.000000
v 85.895576 -10.293890 0.000000
v 84.665947 -11.470370 0.000000
v 83.298080 -12.482780 0.000000
v 81.835136 -13.352190 0.000000
v 80.274437 -14.030610 0.000000
v 78.653313 -14.548310 0.000000
v 77.542572 -14.782940 0.000000
v 76.417267 -14.932890 0.000000
v 74.716339 -14.986570 0.000000
v 73.018646 -14.868570 0.000000
v 71.899841 -14.676140 0.000000
v 70.798782 -14.399640 0.000000
v 69.198410 -13.820970 0.000000
v 67.664490 -13.083970 0.000000
v 66.695976 -12.491720 0.000000
v 65.340973 -11.462150 0.000000
v 64.096611 -10.301270 0.000000
v 63.008209 -8.993046 0.000000
v 62.057190 -7.581799 0.000000
v 61.291290 -6.062107 0.000000
v 60.682442 -4.472969 0.000000
v 60.385159 -3.377339 0.000000
v 60.171589 -2.262364 0.000000
v 75.000000 30.000000 0.000000
v -75.000000 30.000000 10.000000
v 74.430542 29.994690 10.000000
v 81.729378 -29.227329 0.000000
v 83.275383 -28.827761 0.000000
v 84.985748 -28.278740 0.000000
v 91.910751 -24.769899 0.000000
v 94.147324 -23.095020 0.000000
v 96.493713 -20.928949 0.000000
v 98.596550 -18.525740 0.000000
v 100.634804 -15.568590 0.000000
v 101.242897 -14.536530 0.000000
v 102.001503 -13.019010 0.000000
v 103.221001 -10.177170 0.000000
v 104.142899 -7.119801 0.000000
v 104.904404 -2.393583 0.000000
v 104.968102 -1.197359 0.000000
v 104.925598 1.994840 0.000000
v 104.575798 4.967325 0.000000
v 104.227303 6.729519 0.000000
v 103.221001 10.177170 0.000000
v 102.702301 11.474650 0.000000
v 101.979401 13.119220 0.000000
v 100.431999 15.912630 0.000000
v 99.769821 16.910870 0.000000
v 84.422302 28.481930 0.000000
v 79.376129 29.671049 0.000000
v 78.188797 29.830040 0.000000
v 78.188797 29.830040 10.000000
v 81.341476 29.322100 10.000000
v 84.422302 28.481930 10.000000
v 87.396362 27.319040 10.000000
v 89.182068 26.427080 10.000000
v 96.764557 20.635540 10.000000
v 100.938797 15.052560 10.000000
v 103.346397 9.798067 10.000000
v 103.880203 8.082897 10.000000
v 104.543999 5.164435 10.000000
v 104.989403 0.798616 10.000000
v 103.221001 -10.177170 10.000000
v 102.226898 -12.573790 10.000000
v 100.431999 -15.912630 10.000000
v 96.064583 -21.346800 10.000000
v 88.832771 -26.620560 10.000000
v 87.208023 -27.386990 10.000000
v 85.549187 -28.075541 10.000000
v 82.505173 -29.037800 10.000000
v 81.341476 -29.322100 10.000000
v 78.188797 -29.830040 10.000000
v 75.000000 -30.000000 10.000000
v -78.188797 29.830040 0.000000
v -82.893066 28.943041 0.000000
v -84.797928 28.346470 0.000000
v -86.292709 27.784821 0.000000
v -87.755463 27.144421 0.000000
v -89.182068 26.427080 0.000000
v -90.568481 25.634821 0.000000
v -91.584000 24.999420 0.000000
v -94.447830 22.832069 0.000000
v -96.493713 20.928949 0.000000
v -97.306267 20.048740 0.000000
v -99.549080 17.243620 0.000000
v -101.427002 14.182200 0.000000
v -103.722702 8.660758 0.000000
v -104.480499 5.558662 0.000000
v -104.745300 3.781831 0.000000
v -104.734596 -3.981766 0.000000
v -104.543999 -5.164435 0.000000
v -104.227303 -6.729519 0.000000
v -103.794197 -8.317808 0.000000
v -103.255203 -9.991249 0.000000
v -102.639397 -11.664730 0.000000
v -102.052299 -12.932760 0.000000
v -101.242897 -14.536530 0.000000
v -98.596550 -18.525740 0.000000
v -96.493713 -20.928949 0.000000
v -85.361366 -28.143280 0.000000
v -82.116150 -29.127371 0.000000
v -80.555847 -29.464830 0.000000
v -79.376129 -29.671049 0.000000
v -78.188797 -29.830040 10.000000
v -80.752876 -29.433081 10.000000
v -84.422302 -28.481930 10.000000
v -95.635437 -21.764650 10.000000
v -96.899986 -20.488840 10.000000
v -99.549080 -17.243620 10.000000
v -101.519096 -14.005030 10.000000
v -104.904404 -2.393583 10.000000
v -104.142899 7.119801 10.000000
v -102.639397 11.664730 10.000000
v -102.144402 12.755600 10.000000
v -101.427002 14.182200 10.000000
v -100.634804 15.568600 10.000000
v -95.048843 22.306179 10.000000
v -87.396362 27.319040 10.000000
v -82.311234 29.085190 10.000000
v -78.782471 29.750549 10.000000
v -89.691467 2.968310 5.115059
v -87.561577 8.173137 4.219985
v -76.123482 14.939720 6.193472
v -65.533409 11.616530 5.997157
v -61.291451 6.047850 2.614985
v -65.907143 -11.911500 4.673789
v -75.493134 -14.979290 5.345816
v -85.538696 -10.654090 4.584598
v 60.019020 -0.396367 5.481557
v 60.545151 3.959561 4.967391
v 61.072010 5.520427 5.335234
v 63.675751 9.816442 2.877504
v 73.781853 14.939230 4.988910
v 82.830841 12.774780 4.618146
v 89.450882 3.991621 3.654357
v 89.886490 1.668820 4.613540
v 84.543694 -11.553290 4.432729
v 78.242607 -14.629630 7.289163
v 74.471611 -14.980160 5.868129
v 61.429878 -6.369890 3.931234
v 60.775749 -4.691406 4.382861
v 0.000000 30.000000 0.000000
v 0.585938 30.000000 10.000000
v 76.246689 -29.953510 0.000000
v 77.098953 -29.913330 3.028479
v 77.899742 -29.847790 5.512396
v 76.795113 -29.930941 10.000000
v 77.591751 -29.877831 0.000000
v 79.206520 -29.691570 6.573939
v 79.376129 -29.671049 0.000000
v 80.556686 -29.470079 0.000000
v 84.039993 -28.597210 10.000000
v 86.391937 -27.742439 2.386626
v 86.660591 -27.629560 0.000000
v 87.755463 -27.144421 0.000000
v 89.880676 -26.040110 10.000000
v 91.245491 -25.211220 10.000000
v 90.519417 -25.649851 0.000000
v 92.564270 -24.310860 10.000000
v 93.833252 -23.341600 10.000000
v 93.205093 -23.834770 0.000000
v 94.953918 -22.388700 2.300911
v 94.748337 -22.569120 10.000000
v 95.485184 -21.896130 0.000000
v 96.964699 -20.417419 2.314643
v 97.306267 -20.048740 10.000000
v 98.341690 -18.833139 10.000000
v 97.696564 -19.594641 0.000000
v 99.421318 -17.397770 10.000000
v 99.741409 -16.944250 2.514108
v 100.299202 -16.103809 3.835358
v 99.650749 -17.071140 0.000000
v 100.643600 -15.550780 2.412213
v 100.832802 -15.231370 5.172412
v 101.325699 -14.354210 10.000000
v 101.590599 -13.866710 5.150493
v 102.930199 -10.920950 10.000000
v 103.735199 -8.525040 10.000000
v 104.149200 -6.980570 10.000000
v 103.649803 -8.847237 0.000000
v 104.483398 -5.407168 10.000000
v 104.379700 -6.015575 2.779332
v 104.700203 -4.128549 5.274354
v 104.745300 -3.781831 10.000000
v 104.745300 -3.781831 0.000000
v 104.944603 -1.622454 3.004053
v 104.925598 -1.994839 10.000000
v 104.987396 -0.380978 5.578765
v 104.989403 -0.399308 10.000000
v 104.989403 0.399308 0.000000
v 104.925598 1.994839 10.000000
v 104.777000 3.584720 10.000000
v 104.819504 3.187675 0.000000
v 104.659103 4.435546 2.595062
v 104.311699 6.339237 10.000000
v 103.764999 8.465066 0.000000
v 102.891602 11.019120 5.423538
v 102.930199 10.920950 10.000000
v 102.530403 11.893760 1.534991
v 102.392799 12.205150 5.202122
v 102.474403 12.028350 10.000000
v 102.069603 12.920170 2.432937
v 101.719902 13.617560 4.920780
v 101.795197 13.473540 10.000000
v 100.933197 15.051000 4.608799
v 101.325699 14.354210 0.000000
v 100.176399 16.287491 2.095307
v 99.769821 16.910870 10.000000
v 98.834686 18.205210 10.000000
v 99.072807 17.884680 0.000000
v 98.889557 18.129910 2.904350
v 97.831993 19.447941 10.000000
v 98.341690 18.833139 0.000000
v 97.306267 20.048740 0.000000
v 95.635437 21.764650 10.000000
v 96.207619 21.207520 0.000000
v 94.447830 22.832069 10.000000
v 95.048843 22.306179 0.000000
v 93.205093 23.834770 10.000000
v 93.833252 23.341600 0.000000
v 92.237511 24.540380 10.000000
v 92.564270 24.310860 0.000000
v 90.237999 25.824369 5.313070
v 90.737732 25.528919 10.000000
v 91.245491 25.211220 0.000000
v 89.880676 26.040110 0.000000
v 87.957153 27.044170 4.219868
v 88.114563 26.969801 10.000000
v 88.473663 26.795191 0.000000
v 87.028473 27.474300 0.000000
v 85.771446 27.990761 2.823044
v 85.733139 27.997910 10.000000
v 85.549187 28.075541 0.000000
v 83.081429 28.875139 0.000000
v 82.674492 28.992510 2.750418
v 82.696327 28.980160 10.000000
v 80.979103 29.389891 2.795871
v 78.606262 29.770260 4.165453
v 79.572327 29.634060 10.000000
v 77.346619 29.896339 2.951836
v 76.795113 29.930941 0.000000
v 76.396507 29.952181 10.000000
v -0.146727 -30.000000 4.921396
v 0.000000 -30.000000 10.000000
v -76.396507 29.952181 0.000000
v -76.754829 29.934980 2.871867
v -77.341042 29.896971 5.658985
v -76.795113 29.930941 10.000000
v -79.376129 29.671049 0.000000
v -81.175331 29.345900 4.490801
v -80.556686 29.470079 10.000000
v -81.143044 29.348709 0.000000
v -83.657677 28.712481 10.000000
v -83.657677 28.712481 0.000000
v -85.687263 28.025631 5.202052
v -84.797928 28.346470 10.000000
v -86.292709 27.784821 10.000000
v -88.170151 26.942410 1.298887
v -88.271042 26.892410 4.982752
v -88.473663 26.795191 10.000000
v -88.635139 26.713860 2.548781
v -89.880676 26.040110 10.000000
v -90.762123 25.513470 5.358214
v -91.245491 25.211220 10.000000
v -92.564270 24.310860 10.000000
v -93.833252 23.341600 10.000000
v -93.041718 23.949520 0.000000
v -94.210587 23.028931 2.802445
v -95.467773 21.926390 2.746126
v -96.207619 21.207520 10.000000
v -95.635437 21.764650 0.000000
v -96.916786 20.469351 5.118998
v -97.306267 20.048740 10.000000
v -97.482719 19.847370 2.413769
v -97.984718 19.260981 5.149204
v -98.341690 18.833139 10.000000
v -98.517563 18.615499 2.361152
v -98.861389 18.167810 4.776933
v -99.310944 17.564150 10.000000
v -98.460762 18.672871 0.000000
v -99.478943 17.330629 2.457662
v -100.385002 15.960150 5.508710
v -99.990547 16.578119 10.000000
v -100.524399 15.734970 0.000000
v -102.083000 12.872770 5.137016
v -103.075600 10.549060 10.000000
v -103.649803 8.847235 10.000000
v -103.138298 10.359500 0.000000
v -104.068497 7.374272 3.309683
v -103.993599 7.663167 4.658989
v -104.080002 7.309888 0.000000
v -104.089302 7.307341 2.204096
v -104.262901 6.553373 5.929623
v -104.396103 5.948944 10.000000
v -104.563400 5.036440 5.535646
v -104.671097 4.375988 10.000000
v -104.861900 2.790629 10.000000
v -104.968102 1.197358 10.000000
v -104.925598 1.994840 0.000000
v -104.988701 0.026905 4.707292
v -104.978699 -0.598679 10.000000
v -104.989403 0.399308 0.000000
v -104.968102 -1.197359 0.000000
v -104.692299 -4.177464 10.000000
v -104.861900 -2.790629 0.000000
v -104.328102 -6.262405 5.069412
v -104.396103 -5.948944 10.000000
v -104.077400 -7.344903 2.378550
v -103.947601 -7.835798 4.880379
v -104.037804 -7.505037 10.000000
v -103.611603 -8.977901 2.296712
v -103.597198 -9.039864 10.000000
v -103.136002 -10.368250 2.211156
v -103.002899 -10.735000 10.000000
v -102.275803 -12.464310 5.344942
v -102.309402 -12.391980 10.000000
v -101.693802 -13.666990 5.131801
v -101.191200 -14.607010 2.227607
v -100.962898 -15.010250 4.901587
v -100.524399 -15.734970 10.000000
v -100.499100 -15.786410 1.684516
v -100.111801 -16.394131 4.653292
v -100.524399 -15.734980 0.000000
v -98.834686 -18.205210 10.000000
v -99.536034 -17.234461 0.000000
v -98.792862 -18.259430 2.639433
v -98.086838 -19.140539 10.000000
v -97.265907 -20.085449 1.183505
v -97.696564 -19.594641 0.000000
v -95.921532 -21.486080 0.000000
v -95.088608 -22.267870 2.674482
v -94.447830 -22.832069 10.000000
v -95.048843 -22.306179 0.000000
v -93.205093 -23.834770 10.000000
v -93.833252 -23.341600 0.000000
v -91.910751 -24.769899 10.000000
v -92.564270 -24.310860 0.000000
v -90.568481 -25.634821 10.000000
v -91.245491 -25.211220 0.000000
v -89.182068 -26.427080 10.000000
v -89.880676 -26.040110 0.000000
v -88.624527 -26.720501 5.065975
v -87.755463 -27.144421 10.000000
v -88.473663 -26.795179 0.000000
v -87.190483 -27.402769 2.940581
v -87.028473 -27.474300 0.000000
v -86.238724 -27.784540 10.000000
v -83.657677 -28.712481 0.000000
v -82.859421 -28.942890 2.737900
v -82.696327 -28.980160 10.000000
v -81.482964 -29.279539 2.622191
v -80.252052 -29.526180 5.353203
v -78.980347 -29.724051 10.000000
v -77.810837 -29.858740 4.434839
v -76.396507 -29.952181 10.000000
v 7.082671 -0.579551 10.000000
v 5.422400 -5.106219 10.000000
v 4.547403 -7.541728 10.000000
v -5.608289 -8.196611 10.000000
v 5.157079 -8.948823 10.000000
v 5.927343 -10.190510 10.000000
v -4.171087 -11.872100 10.000000
v -7.855920 -12.075630 10.000000
v 62.581600 -20.092569 10.000000
v -64.282410 -21.291229 10.000000
v 4.379641 3.856689 10.000000
v 5.725396 4.254934 10.000000
v 4.588796 5.521600 10.000000
v 6.081443 5.889833 10.000000
v -5.190361 7.066674 10.000000
v 7.961062 7.492882 10.000000
v 4.494286 9.427684 10.000000
v 7.172536 9.917522 10.000000
v -6.461419 11.129940 10.000000
v 6.631903 11.125590 10.000000
v -4.856339 11.065220 10.000000
v 61.838322 19.892559 10.000000
v -64.069397 20.547871 10.000000
v 71.829597 22.105030 10.000000
v 73.947662 23.813129 10.000000
v 75.562050 25.630341 10.000000
v 81.338348 22.064461 10.000000
v 82.642776 27.928459 10.000000
v 86.059967 19.341299 10.000000
v 87.079651 16.309000 10.000000
v 90.662323 15.108210 10.000000
v 92.536179 12.874980 10.000000
v 98.025124 8.615405 10.000000
v 96.494263 4.120030 10.000000
v 99.986053 3.267089 10.000000
v 100.676804 2.037565 10.000000
v 96.254356 -2.759300 10.000000
v 97.253517 -3.822005 10.000000
v 97.503227 -5.211727 10.000000
v 95.956253 -9.468427 10.000000
v 93.428627 -11.425570 10.000000
v 89.263603 -15.131560 10.000000
v 88.419769 -16.382780 10.000000
v 87.393753 -17.350691 10.000000
v 82.638000 -27.178261 10.000000
v 78.305099 -29.021761 10.000000
v 72.163986 -21.484209 10.000000
v -98.151512 1.049631 10.000000
v -100.034103 -1.910680 10.000000
v -95.667740 -2.198954 10.000000
v -100.023697 -4.022326 10.000000
v -95.437759 -3.772221 10.000000
v -95.770439 -9.179314 10.000000
v -94.726624 -11.351520 10.000000
v -95.291656 -13.885860 10.000000
v -93.866348 -14.552920 10.000000
v -88.290901 -16.683611 10.000000
v -86.704018 -16.296350 10.000000
v -89.199127 -19.643511 10.000000
v -98.373810 4.186521 10.000000
v -95.882019 4.791662 10.000000
v -93.319023 9.986566 10.000000
v -94.582291 9.750477 10.000000
v -92.859947 12.211480 10.000000
v -91.449661 14.320730 10.000000
v -88.210487 17.026621 10.000000
v -84.127960 18.172449 10.000000
v -85.627090 20.405741 10.000000
v -81.234238 21.166080 10.000000
v -76.344994 28.654190 10.000000
v -73.058144 -22.123871 10.000000
v -86.001122 -22.509010 10.000000
v -81.667297 -21.660530 10.000000
v -84.452843 -18.665100 10.000000
v -86.141129 -18.905970 10.000000
v -77.075447 -28.799259 10.000000
v 76.955009 28.958300 10.000000
v 7.082686 0.579519 0.000000
v -5.695231 2.567211 0.000000
v 5.426085 5.112519 0.000000
v 4.565421 7.547509 0.000000
v 5.102670 8.938812 0.000000
v 5.982682 10.185850 0.000000
v -4.221731 11.721100 0.000000
v 0.458205 13.576250 0.000000
v -63.916359 21.164360 0.000000
v -72.143951 21.403021 0.000000
v 4.372257 -3.811453 0.000000
v 5.751928 -4.236224 0.000000
v 4.586979 -5.425480 0.000000
v 6.010286 -5.833622 0.000000
v -5.190824 -7.064033 0.000000
v 4.977583 -6.982813 0.000000
v 7.963018 -7.922312 0.000000
v -6.399063 -11.112700 0.000000
v 6.525997 -11.035010 0.000000
v -4.788312 -10.944760 0.000000
v 5.983571 -12.476100 0.000000
v 10.301710 -13.623260 0.000000
v -64.141800 -20.746820 0.000000
v 71.463470 -21.391279 0.000000
v 72.686974 -22.104231 0.000000
v 72.605118 -20.449150 0.000000
v 82.900223 -18.620331 0.000000
v 84.323303 -19.267050 0.000000
v 85.761353 -18.453960 0.000000
v 89.544418 -15.679070 0.000000
v 92.644432 -16.819260 0.000000
v 92.602547 -13.967460 0.000000
v 93.057266 -12.421260 0.000000
v 95.717827 -13.140710 0.000000
v 94.590233 -11.978630 0.000000
v 95.834999 -9.947171 0.000000
v 99.814537 -9.141884 0.000000
v 99.864319 -6.703199 0.000000
v 95.814041 -5.222284 0.000000
v 98.616318 -5.430058 0.000000
v 97.160217 -4.918191 0.000000
v 100.745102 -4.032622 0.000000
v 97.789642 -1.375043 0.000000
v 98.626747 0.124437 0.000000
v 95.686981 2.806318 0.000000
v 98.219849 4.221755 0.000000
v 97.338127 5.292616 0.000000
v 93.246559 11.022440 0.000000
v 89.975357 15.796720 0.000000
v 88.610901 16.088160 0.000000
v 87.718307 17.171610 0.000000
v 85.410278 18.793579 0.000000
v 84.019722 19.390921 0.000000
v 81.456520 21.077660 0.000000
v 75.105629 23.427320 0.000000
v 77.314293 28.548941 0.000000
v 73.334747 21.458010 0.000000
v -98.661270 -0.579224 0.000000
v -98.563210 3.534978 0.000000
v -96.072929 3.949442 0.000000
v -92.603683 9.194119 0.000000
v -92.404678 11.702840 0.000000
v -93.563347 12.559370 0.000000
v -97.621193 14.585580 0.000000
v -88.748756 13.893960 0.000000
v -98.609291 -4.708454 0.000000
v -95.874107 -6.847620 0.000000
v -95.599098 -9.666859 0.000000
v -94.030441 -9.934633 0.000000
v -92.269150 -13.172840 0.000000
v -90.051064 -15.319380 0.000000
v -88.085907 -17.194281 0.000000
v -86.894173 -17.294189 0.000000
v -84.220177 -18.921181 0.000000
v -85.630074 -20.936680 0.000000
v -71.732651 -21.526251 0.000000
v -73.514343 22.181219 0.000000
v -85.742317 23.134411 0.000000
v -81.718292 21.490511 0.000000
v -84.477943 18.449450 0.000000
v -88.114639 19.888611 0.000000
v -87.367310 18.963400 0.000000
v -79.862961 28.656639 0.000000
v -89.935722 1.175952 7.050579
v -87.816544 7.769549 2.726478
v -87.148582 8.771328 7.066560
v -87.052277 8.910156 8.582937
v -86.303284 9.840318 8.806596
v -86.271210 9.873620 5.947513
v -86.882072 9.136250 2.954828
v -83.476448 12.359600 4.610318
v -77.422897 14.789950 5.346594
v -73.458961 14.900530 5.070799
v -73.050484 14.859240 2.589895
v -70.011688 14.137010 7.067573
v -67.635513 13.054540 4.265950
v -66.571869 12.394820 3.334228
v -65.984093 11.969390 7.443023
v -64.387604 10.579650 1.845176
v -63.803490 9.953659 6.960599
v -63.003479 8.985027 7.336285
v -63.006248 8.989697 4.656096
v -62.174858 7.750142 7.491498
v -61.001591 5.360217 7.782330
v -60.521980 3.870284 7.294412
v -60.064301 1.248402 8.585774
v -60.013550 -0.011558 4.683801
v -60.048309 0.972695 2.317794
v -60.092590 -1.513560 5.560104
v -60.150970 -2.027374 1.568904
v -60.089691 -1.494735 7.162251
v -60.506851 -3.807139 7.801488
v -61.828239 -7.158519 7.670345
v -62.764061 -8.651525 5.492004
v -63.167419 -9.187730 8.789467
v -65.370033 -11.479130 2.237567
v -67.132263 -12.753420 5.114497
v -67.761597 -13.119440 7.683434
v -68.411552 -13.464920 5.571495
v -68.987534 -13.722500 7.148438
v -73.178253 -14.877270 5.726703
v -74.324944 -14.971890 5.208213
v -76.966476 -14.857070 5.258131
v -78.251671 -14.630120 2.514806
v -77.702637 -14.740600 6.525825
v -84.630478 -11.479540 5.396250
v -86.377274 -9.755433 5.427864
v -86.654091 -9.416483 2.635179
v -87.135406 -8.797449 7.589162
v -88.291222 -6.918687 8.329859
v -89.010437 -5.317821 4.399769
v 60.015221 0.104713 8.435410
v 60.387760 3.355619 7.728393
v 60.709240 4.515931 6.600387
v 61.249359 5.950058 7.179105
v 62.197849 7.792282 4.412359
v 63.853420 10.018970 7.388494
v 64.830566 11.009640 7.493081
v 74.561241 14.978270 8.308419
v 75.128639 14.979130 4.814778
v 77.627853 14.758250 2.639342
v 85.089394 11.077360 6.006027
v 85.568443 10.639040 2.316796
v 85.892723 10.293700 7.006427
v 88.120003 7.248089 4.993239
v 88.710617 6.074079 7.586455
v 89.706833 2.923408 7.748621
v 89.713493 -2.828931 7.471357
v 88.679939 -6.105390 5.501054
v 86.515427 -9.591136 5.473230
v 85.573227 -10.611560 4.915257
v 84.608353 -11.507840 7.007671
v 83.430763 -12.388840 7.568226
v 80.310852 -14.012550 7.922827
v 77.114990 -14.836370 4.914859
v 76.163383 -14.935670 6.041164
v 71.839119 -14.654130 2.277779
v 72.008629 -14.683150 7.161643
v 69.776863 -14.045700 8.674121
v 64.734650 -10.920780 1.336833
v 65.051468 -11.211520 6.971007
v 62.439049 -8.178286 7.378533
v 62.044411 -7.530359 4.962540
v 61.943340 -7.342275 6.380169
v 60.523129 -3.881694 7.228687
v -6.731087 30.000000 2.828209
v 6.611858 30.000000 7.081157
v 73.399513 29.999870 5.407946
v 37.649632 -30.000000 6.268718
v 35.546902 -30.000000 7.662597
v -6.581223 -30.000000 7.826879
v 4.770089 -0.057151 10.000000
v -3.018189 0.227266 10.000000
v -34.386810 -0.268054 10.000000
v 0.259976 -2.256878 10.000000
v 0.442244 -3.779344 10.000000
v -32.183750 -5.872626 10.000000
v 0.062184 -6.199089 10.000000
v -1.433628 -9.374985 10.000000
v -0.147797 -10.749970 10.000000
v 0.900686 -12.066180 10.000000
v 34.985081 -16.772711 10.000000
v -31.388519 -21.282450 10.000000
v 5.149099 1.274318 10.000000
v 0.532504 2.764663 10.000000
v -1.147461 2.771788 10.000000
v -0.157714 4.068506 10.000000
v 32.443249 4.518072 10.000000
v 0.482392 5.486282 10.000000
v 0.793114 8.604296 10.000000
v 34.661701 10.534560 10.000000
v 0.763588 10.316970 10.000000
v 33.305420 11.157990 10.000000
v -0.590223 12.659440 10.000000
v 35.102009 13.838110 10.000000
v 9.321206 12.216970 10.000000
v 1.373553 17.687090 10.000000
v -34.727131 20.830759 10.000000
v 67.062523 25.707951 10.000000
v 75.139580 26.919350 10.000000
v 78.006660 25.649090 10.000000
v 88.071480 23.324760 10.000000
v 89.280487 22.415140 10.000000
v 89.214661 20.946711 10.000000
v 90.485619 20.214161 10.000000
v 91.847687 17.918751 10.000000
v 94.821533 16.450809 10.000000
v 93.861443 15.197240 10.000000
v 91.941689 14.159440 10.000000
v 95.554092 13.328020 10.000000
v 98.009781 15.463040 10.000000
v 98.343643 14.074400 10.000000
v 99.781921 12.177200 10.000000
v 101.404602 0.756801 10.000000
v 101.908096 -3.542163 10.000000
v 100.319099 -5.528214 10.000000
v 100.013397 -8.860674 10.000000
v 98.550667 -11.210470 10.000000
v 97.215286 -10.340340 10.000000
v 96.055153 -14.936600 10.000000
v 94.596893 -15.282540 10.000000
v 92.234016 -18.712799 10.000000
v 90.341133 -20.926350 10.000000
v 87.157623 -23.007771 10.000000
v 81.951714 -24.682501 10.000000
v 73.991127 -25.473709 10.000000
v 67.558853 -25.014950 10.000000
v -100.835403 -0.318065 10.000000
v -101.768402 -1.510145 10.000000
v -93.651810 -17.402451 10.000000
v -92.626869 -18.444830 10.000000
v -99.623398 3.220213 10.000000
v -101.160400 3.807580 10.000000
v -99.725777 6.621790 10.000000
v -98.708031 8.674549 10.000000
v -98.613632 10.401420 10.000000
v -97.767441 11.980550 10.000000
v -96.700897 13.578500 10.000000
v -95.888649 15.180280 10.000000
v -95.033569 16.534531 10.000000
v -92.107269 19.412420 10.000000
v -92.954697 18.104280 10.000000
v -90.730171 19.861839 10.000000
v -86.939827 21.170309 10.000000
v -86.697777 22.642090 10.000000
v -81.997498 24.888710 10.000000
v -81.081909 27.838200 10.000000
v -73.310257 24.943060 10.000000
v -74.018028 -23.324430 10.000000
v -75.161148 -27.024540 10.000000
v -90.411942 -20.071770 10.000000
v -89.572563 -21.124390 10.000000
v -92.715912 -20.176189 10.000000
v -91.478333 -19.412910 10.000000
v -88.647667 -22.535601 10.000000
v -80.637756 -26.158360 10.000000
v 84.977493 26.990480 10.000000
v 4.772034 0.060766 0.000000
v -2.985620 -0.233221 0.000000
v -34.672901 0.442647 0.000000
v 0.367245 2.250681 0.000000
v -0.376768 3.213840 0.000000
v -0.312738 4.469907 0.000000
v -37.401482 6.734871 0.000000
v -0.646423 5.969351 0.000000
v -0.606738 7.525088 0.000000
v -33.108479 7.458039 0.000000
v -0.005256 10.630450 0.000000
v -32.774231 11.348810 0.000000
v 0.339783 12.128710 0.000000
v -0.919065 11.524240 0.000000
v 9.192593 14.182590 0.000000
v -3.467502 13.077150 0.000000
v 31.224449 20.452650 0.000000
v -31.493099 21.467449 0.000000
v 1.384959 26.359859 0.000000
v -69.587013 21.566919 0.000000
v 5.149815 -1.269943 0.000000
v -0.273329 -1.647607 0.000000
v 0.511160 -2.871281 0.000000
v -1.048067 -2.916912 0.000000
v -0.141166 -4.125255 0.000000
v 0.483861 -5.505546 0.000000
v 0.792148 -8.659151 0.000000
v -0.401395 -9.547486 0.000000
v 33.494221 -10.060150 0.000000
v 34.925919 -10.445430 0.000000
v 0.878766 -10.229440 0.000000
v 9.075869 -12.286360 0.000000
v 1.496015 -18.462650 0.000000
v 4.397024 -26.149040 0.000000
v -34.729019 -20.817419 0.000000
v 66.942131 -21.343719 0.000000
v 72.919052 -25.028431 0.000000
v 74.100433 -22.939211 0.000000
v 75.367752 -25.806080 0.000000
v 88.304550 -22.918051 0.000000
v 90.009598 -21.076290 0.000000
v 92.352257 -19.400431 0.000000
v 93.067383 -18.205250 0.000000
v 95.324677 -16.520029 0.000000
v 97.190613 -12.499360 0.000000
v 98.478813 -11.676150 0.000000
v 102.551201 -7.613525 0.000000
v 102.461502 -1.910916 0.000000
v 101.209000 0.493195 0.000000
v 99.044052 1.705333 0.000000
v 101.112701 4.769048 0.000000
v 99.199211 8.290851 0.000000
v 100.320602 9.489649 0.000000
v 98.704643 11.316250 0.000000
v 97.397621 12.220630 0.000000
v 95.900742 14.688420 0.000000
v 94.707199 16.710661 0.000000
v 93.566841 17.607929 0.000000
v 92.553017 18.651899 0.000000
v 91.320168 19.748011 0.000000
v 89.592949 19.980761 0.000000
v 89.193390 21.463011 0.000000
v 86.589478 23.182810 0.000000
v 84.992416 23.623289 0.000000
v 77.638489 22.908489 0.000000
v 81.883904 28.022329 0.000000
v 75.282227 26.500330 0.000000
v 74.057373 25.713680 0.000000
v 68.307503 21.624100 0.000000
v -101.342102 0.131694 0.000000
v -101.241302 1.884196 0.000000
v -100.994301 5.159220 0.000000
v -100.018402 10.943770 0.000000
v -93.747223 17.809311 0.000000
v -101.556099 -1.548602 0.000000
v -99.729149 -3.415174 0.000000
v -101.726898 -3.399426 0.000000
v -100.365700 -4.864799 0.000000
v -100.944603 -6.277838 0.000000
v -98.270416 -9.901692 0.000000
v -97.971977 -11.205800 0.000000
v -96.438568 -14.376220 0.000000
v -94.487297 -16.781679 0.000000
v -93.524727 -18.260340 0.000000
v -92.639259 -19.629780 0.000000
v -90.425758 -20.867970 0.000000
v -78.586090 -26.420521 0.000000
v -82.124321 -24.680080 0.000000
v -81.072548 -27.740351 0.000000
v -74.847473 -27.209150 0.000000
v -74.250603 -25.759541 0.000000
v -75.116737 22.532949 0.000000
v -92.638687 21.180189 0.000000
v -93.278351 20.131430 0.000000
v -88.200867 21.580450 0.000000
v -81.978737 25.258240 0.000000
v -78.016792 26.223160 0.000000
v 83.931953 -27.107479 0.000000
v -85.820381 10.375530 2.433079
v -78.340401 14.610500 3.053585
v -74.588089 14.982480 2.822680
v -68.981163 13.730300 2.380461
v -65.484161 11.580420 2.515886
v -60.561760 4.000518 2.483100
v -60.020432 -0.526797 2.084982
v -62.756660 -8.640207 2.347297
v -71.313637 -14.519820 2.624192
v -72.709221 -14.814370 2.547096
v -74.205406 -14.964840 2.650439
v -79.545883 -14.272180 2.346659
v -85.622261 -10.572170 2.853631
v 60.042351 -0.981349 7.771585
v 60.019539 -0.032649 1.448039
v 60.140362 1.931432 3.075821
v 60.740108 4.595317 2.332356
v 64.722527 10.906820 3.150541
v 71.995857 14.685180 2.500249
v 75.787720 14.964620 2.267622
v 83.147346 12.576460 2.922283
v 84.406631 11.662140 2.477322
v 88.141090 7.215489 2.335407
v 88.701363 6.087838 2.318882
v 89.886917 -1.709248 2.297280
v 89.714401 -2.837897 2.819284
v 88.605659 -6.279814 2.646415
v 87.879562 -7.661872 2.884476
v 84.181396 -11.846670 1.546921
v 78.460640 -14.582840 2.484585
v 76.839821 -14.870150 2.467471
v 75.086311 -14.989590 2.898916
v 70.420486 -14.264600 1.994220
v 62.936241 -8.878719 2.806761
v 60.588680 -4.098572 1.529186
v 38.085941 30.000000 0.000000
v -37.500000 30.000000 0.000000
v -69.624763 30.000000 2.694167
v -38.085941 30.000000 10.000000
v 75.129791 29.993280 8.347785
v -37.500000 -30.000000 0.000000
v -37.500000 -30.000000 10.000000
v 37.500000 -30.000000 10.000000
v -78.949028 29.724501 7.704004
v 27.140499 0.252540 10.000000
v 32.750629 -1.370933 10.000000
v 29.078400 -8.602634 10.000000
v 24.047840 -11.163960 10.000000
v 43.047489 -11.852730 10.000000
v 65.804893 -16.464920 10.000000
v -29.609280 -17.330311 10.000000
v 38.610641 -25.138149 10.000000
v -3.643274 1.651449 10.000000
v -32.031979 1.877810 10.000000
v -34.275410 3.696259 10.000000
v -31.245480 7.870056 10.000000
v -37.027321 13.406760 10.000000
v -68.376747 17.342649 10.000000
v 69.353561 17.855141 10.000000
v 72.370323 17.998631 10.000000
v 79.407097 26.205360 10.000000
v 84.057747 24.411640 10.000000
v 78.907173 17.041149 10.000000
v 81.480583 18.084641 10.000000
v 86.889168 17.953119 10.000000
v 82.937057 16.249660 10.000000
v 88.819817 15.650360 10.000000
v 85.203003 14.495680 10.000000
v 92.772690 5.442512 10.000000
v 93.542267 3.758973 10.000000
v 93.723083 1.864133 10.000000
v 91.857933 -8.691643 10.000000
v 90.532852 -8.279699 10.000000
v 90.611717 -11.069560 10.000000
v 89.275543 -10.535630 10.000000
v 87.245003 -12.392780 10.000000
v 86.754311 -13.597110 10.000000
v 83.410667 -16.066879 10.000000
v 80.409142 -17.227409 10.000000
v 87.337250 -21.864901 10.000000
v 77.426086 -17.314260 10.000000
v 77.544456 -18.756220 10.000000
v 84.326424 -26.886589 10.000000
v 73.292664 -19.247530 10.000000
v 70.331047 -17.976410 10.000000
v -93.637306 -0.415314 10.000000
v -92.072929 -3.922907 10.000000
v -91.775841 -8.064241 10.000000
v -91.263443 -9.523964 10.000000
v -90.940987 -11.136900 10.000000
v -89.787697 -11.916010 10.000000
v -88.511703 -11.263780 10.000000
v -88.629936 -12.720640 10.000000
v -87.448410 -13.755370 10.000000
v -84.832657 -14.510850 10.000000
v -83.847198 -15.460010 10.000000
v -93.840637 1.141295 10.000000
v -92.675339 2.212980 10.000000
v -93.278618 3.525306 10.000000
v -92.276161 9.360729 10.000000
v -90.716278 10.237370 10.000000
v -89.168198 11.001180 10.000000
v -90.329842 11.914880 10.000000
v -87.586540 11.692520 10.000000
v -86.802727 14.290740 10.000000
v -85.372047 14.267680 10.000000
v -83.149986 15.418040 10.000000
v -80.294533 16.008881 10.000000
v -81.308723 17.300220 10.000000
v -79.549332 17.437401 10.000000
v -88.364990 22.160770 10.000000
v -73.232483 17.740490 10.000000
v -74.894440 18.744801 10.000000
v -84.655579 24.268000 10.000000
v -78.522987 26.432030 10.000000
v -75.766281 27.144220 10.000000
v -80.028053 -17.888399 10.000000
v -85.560211 -24.340660 10.000000
v -80.271133 -27.343700 10.000000
v -81.437431 -28.178579 10.000000
v -76.430801 -26.106421 10.000000
v 76.672783 26.426809 10.000000
v 27.150450 -0.251930 0.000000
v 32.158428 1.277565 0.000000
v 28.342649 8.064404 0.000000
v 23.916599 11.260410 0.000000
v 41.716042 14.210620 0.000000
v -66.383072 17.456900 0.000000
v 65.479210 16.462311 0.000000
v -29.828890 18.037939 0.000000
v -3.403375 -1.750786 0.000000
v -32.093342 -1.847834 0.000000
v -34.279591 -3.697655 0.000000
v -31.208031 -7.891004 0.000000
v -37.027340 -13.406760 0.000000
v -68.441277 -17.297190 0.000000
v 71.755859 -19.050940 0.000000
v 84.427391 -20.756010 0.000000
v 87.203392 -20.745689 0.000000
v 81.311996 -17.683590 0.000000
v 87.044640 -17.655689 0.000000
v 83.167374 -15.537910 0.000000
v 85.079857 -14.100270 0.000000
v 87.766151 -13.710210 0.000000
v 88.358231 -10.657810 0.000000
v 91.897667 -6.149187 0.000000
v 92.788544 -5.133389 0.000000
v 94.795433 -3.994551 0.000000
v 94.029892 -2.575997 0.000000
v 95.496094 0.044136 0.000000
v 94.743301 1.459808 0.000000
v 93.139580 1.577071 0.000000
v 94.791077 4.380843 0.000000
v 93.085457 5.150180 0.000000
v 92.278717 8.440594 0.000000
v 90.906853 8.506489 0.000000
v 90.706100 10.954330 0.000000
v 89.252457 10.596000 0.000000
v 84.735641 14.439500 0.000000
v 83.490891 15.396920 0.000000
v 80.315163 16.982809 0.000000
v 78.717781 16.493870 0.000000
v 76.674690 17.802679 0.000000
v 85.677933 26.398500 0.000000
v 75.210007 27.750851 0.000000
v -94.983047 -0.272971 0.000000
v -92.081863 3.784748 0.000000
v -92.573799 6.463158 0.000000
v -91.783943 7.959802 0.000000
v -88.039848 11.491850 0.000000
v -89.136879 12.390480 0.000000
v -87.667343 12.830430 0.000000
v -85.852470 15.586510 0.000000
v -84.433647 14.747130 0.000000
v -81.655991 15.099940 0.000000
v -93.842903 -1.103927 0.000000
v -92.744820 -2.012065 0.000000
v -93.060364 -3.496509 0.000000
v -92.896606 -6.014737 0.000000
v -92.307564 -7.359766 0.000000
v -91.543617 -8.634157 0.000000
v -92.416168 -10.005890 0.000000
v -90.282471 -11.921770 0.000000
v -87.708809 -11.852440 0.000000
v -86.045486 -13.898890 0.000000
v -81.430717 -16.865179 0.000000
v -79.923714 -17.199020 0.000000
v -74.542213 -18.502760 0.000000
v -84.548019 -24.467270 0.000000
v -85.465874 -26.758760 0.000000
v -76.359550 -27.440950 0.000000
v -77.666618 17.697769 0.000000
v -84.895866 24.648951 0.000000
v -82.445297 28.165581 0.000000
v 78.180946 -26.952120 0.000000
v 76.514870 -26.936930 0.000000
v 75.126068 -27.063721 0.000000
v -89.645302 3.155264 2.732329
v -86.118698 10.046110 3.594536
v -79.876839 14.169910 3.569047
v -73.656754 14.922320 3.786958
v -68.830307 13.647730 3.629198
v -62.613121 8.435966 3.181432
v -60.698639 4.475746 8.811330
v -60.106060 -1.715470 2.839777
v -60.092590 -1.509808 4.086015
v -60.600029 -4.130000 8.969788
v -63.512321 -9.627847 3.454814
v -66.843079 -12.569430 3.716851
v -68.108620 -13.307990 2.867049
v -70.422684 -14.276290 8.692368
v -73.381683 -14.897160 4.077959
v -77.000259 -14.859110 2.539540
v -77.681519 -14.743900 3.762530
v -81.043678 -13.717360 2.377240
v -86.478378 -9.625066 3.931475
v -89.822983 -2.197954 3.535329
v 61.912338 7.297951 2.828807
v 62.684330 8.542346 3.015145
v 69.915642 14.094410 3.824139
v 72.827690 14.823180 3.633886
v 77.569901 14.770140 4.361499
v 80.352547 13.995500 3.717835
v 81.384369 13.559490 5.056346
v 83.864830 12.077710 3.638229
v 89.206932 4.780199 2.333920
v 89.873108 1.822433 8.864272
v 88.975899 -5.415655 3.801795
v 86.469101 -9.642966 3.952645
v 84.639793 -11.474970 5.792693
v 83.329514 -12.456830 4.082003
v 81.953873 -13.271490 4.955556
v 81.186127 -13.645560 2.527152
v 80.839378 -13.803390 3.802938
v 78.833443 -14.493700 8.384355
v 76.420662 -14.915360 3.712496
v 73.328560 -14.894790 2.633594
v 72.391830 -14.760030 3.802713
v 68.557373 -13.525860 1.562548
v 65.326973 -11.446100 2.789957
v 62.834599 -8.740067 4.495045
v 31.332609 30.000000 3.501789
v -30.522110 30.000000 6.965848
v -16.643351 30.000000 8.663415
v 74.751549 -29.999390 7.579264
v 75.524979 -29.985229 3.394784
v 76.675003 -29.941620 4.448892
v 78.228691 -29.813789 3.990533
v 76.691872 29.940479 5.657646
v 74.105972 30.000000 2.484186
v 74.868927 29.998270 3.537212
v -30.782249 -30.000000 3.471083
v -15.877860 -30.000000 2.965311
v 30.489250 -30.000000 5.476542
v -74.841080 29.998280 7.784597
v -75.649643 29.982161 3.399812
v -77.062187 29.918751 4.088224
v -77.842773 -29.852020 7.703965
v -77.586761 -29.876200 8.939572
v -74.450920 -29.999790 3.161375
v 2.056426 0.514542 10.000000
v 0.451529 0.214009 10.000000
v 1.480885 -1.129141 10.000000
v -2.107269 -4.055188 10.000000
v -2.120097 -5.497444 10.000000
v -2.434825 -7.901116 10.000000
v -2.470230 -10.344280 10.000000
v 7.762239 -12.402610 10.000000
v -19.647129 -14.166450 10.000000
v -32.483688 -23.795851 10.000000
v -70.183723 -21.510269 10.000000
v 2.036931 2.666733 10.000000
v 2.333686 7.869781 10.000000
v 3.199046 9.092823 10.000000
v 20.480370 12.280340 10.000000
v 1.890167 13.041590 10.000000
v 51.492981 16.124121 10.000000
v 40.683849 13.998770 10.000000
v 30.334339 18.961109 10.000000
v 18.227221 18.695101 10.000000
v 80.921661 25.306841 10.000000
v 84.725388 21.911860 10.000000
v 87.636063 20.293940 10.000000
v 89.033546 19.391439 10.000000
v 101.067902 12.099750 10.000000
v 102.612000 7.143222 10.000000
v 99.969391 5.618990 10.000000
v 102.826897 -7.539499 10.000000
v 80.219383 -25.959379 10.000000
v 79.888367 -23.558229 10.000000
v 72.031403 -28.157640 10.000000
v 70.404289 -23.662531 10.000000
v 71.072838 -24.935141 10.000000
v -101.945198 -5.721384 10.000000
v -102.914101 -6.559911 10.000000
v -101.265099 -7.120813 10.000000
v -102.490700 -8.127382 10.000000
v -101.024498 -8.819013 10.000000
v -103.284401 1.349415 10.000000
v -102.554199 4.548306 10.000000
v -95.215820 19.285210 10.000000
v -91.139359 23.625429 10.000000
v -79.857780 23.641870 10.000000
v -70.982460 23.382320 10.000000
v -74.743958 -24.467850 10.000000
v -74.532303 -26.133080 10.000000
v -88.408203 -24.224951 10.000000
v -87.683243 -19.308201 10.000000
v -79.715584 -23.431129 10.000000
v 2.122856 -0.515254 0.000000
v 0.585021 -0.370929 0.000000
v 1.506153 1.089288 0.000000
v -1.632331 3.609349 0.000000
v -2.494120 5.678768 0.000000
v -2.446282 11.833600 0.000000
v 7.577677 12.237700 0.000000
v 18.124430 15.713790 0.000000
v 17.745520 19.083389 0.000000
v -32.416061 23.952530 0.000000
v -70.938698 23.807871 0.000000
v -73.504822 27.496340 0.000000
v 1.878545 -2.837647 0.000000
v 2.296869 -7.899242 0.000000
v 3.056453 -9.419952 0.000000
v 3.615134 -10.924460 0.000000
v 21.013109 -12.855290 0.000000
v 2.042624 -13.393210 0.000000
v 50.043819 -16.602690 0.000000
v 40.886311 -14.277220 0.000000
v 30.189140 -18.948780 0.000000
v 15.272220 -16.758770 0.000000
v 74.234398 -27.839531 0.000000
v 77.469238 -24.003660 0.000000
v 84.646217 -22.046070 0.000000
v 90.633636 -22.488640 0.000000
v 88.867706 -19.849211 0.000000
v 87.299217 -19.204100 0.000000
v 103.042999 -3.505530 0.000000
v 102.567101 -0.371632 0.000000
v 103.147903 5.577806 0.000000
v 101.579903 7.209609 0.000000
v 100.013702 10.900990 0.000000
v 98.738876 14.409260 0.000000
v 97.354446 13.881520 0.000000
v 92.183144 21.291410 0.000000
v 78.270950 23.939650 0.000000
v 72.037521 23.860849 0.000000
v -102.539101 6.084858 0.000000
v -101.715599 7.451576 0.000000
v -101.498100 10.513650 0.000000
v -99.008888 15.602520 0.000000
v -103.546303 -3.130364 0.000000
v -102.593201 -6.901129 0.000000
v -100.833504 -8.528926 0.000000
v -80.048698 -22.940769 0.000000
v -75.101242 26.291500 0.000000
v -86.385429 21.875481 0.000000
v -79.856407 23.347700 0.000000
v -89.962349 -0.912893 3.321510
v -89.808891 2.266364 3.950923
v -89.732780 2.750172 6.405333
v -89.383919 4.203106 1.544197
v -78.933243 14.457800 5.906282
v -77.295967 14.809050 4.018941
v -77.660744 14.748630 6.726970
v -76.030647 14.954000 4.774710
v -74.753357 14.985630 4.311498
v -69.153481 13.792330 5.864519
v -68.549187 13.520460 7.145893
v -70.000938 14.127670 3.147679
v -66.598183 12.413650 6.344334
v -66.477753 12.320480 4.941382
v -64.699333 10.887460 7.243828
v -64.051819 10.234970 4.573171
v -62.082310 7.596278 4.714176
v -61.694538 6.888198 6.075217
v -60.896870 5.058341 1.459541
v -60.424568 3.461678 1.283524
v -60.235130 2.557753 6.181750
v -60.065189 1.267608 5.349265
v -60.346081 -3.115992 6.446565
v -60.264111 -2.698297 8.914493
v -60.436211 -3.542357 0.983689
v -60.326279 -3.052751 4.772981
v -61.476250 -6.445393 8.930377
v -62.375641 -8.061262 6.474831
v -63.499100 -9.604619 4.964533
v -63.372009 -9.452988 6.548096
v -65.417686 -11.521380 7.120164
v -65.316292 -11.422990 5.651541
v -72.025940 -14.689610 3.608451
v -71.847893 -14.647110 6.548595
v -74.916283 -14.986270 4.054557
v -76.225479 -14.934480 3.927286
v -80.585587 -13.909250 6.388020
v -83.485924 -12.358390 2.883944
v -87.238731 -8.643966 4.839377
v -87.973122 -7.499722 4.264159
v -88.547432 -6.395051 1.333004
v 60.072170 -1.246605 2.939935
v 60.183590 2.213991 4.781285
v 60.652882 4.309847 1.081095
v 60.410419 3.450056 3.439085
v 61.477058 6.456992 4.202954
v 63.388050 9.474383 5.887490
v 63.377289 9.451086 1.474367
v 65.057587 11.207030 4.738128
v 65.416420 11.523080 6.177417
v 66.584290 12.407150 2.283807
v 70.789948 14.381930 6.072771
v 72.119522 14.708840 5.158891
v 77.400917 14.789020 5.534043
v 78.648666 14.532850 5.417776
v 83.707527 12.186680 6.238942
v 86.365097 9.777307 4.445964
v 86.793327 9.252009 6.951367
v 87.743103 7.882586 3.316634
v 89.977837 0.452545 7.130031
v 89.930420 1.247605 2.944629
v 89.946548 -1.079031 1.191961
v 89.987770 0.107969 4.080969
v 89.832512 -2.158897 6.313044
v 89.297440 -4.485086 4.911420
v 87.977966 -7.495353 5.446525
v 87.141792 -8.792950 3.029650
v 82.509132 -12.963790 6.340002
v 80.272949 -14.029890 5.007239
v 79.209976 -14.381480 1.276220
v 77.841957 -14.714020 3.699667
v 75.485970 -14.974610 4.645642
v 73.872383 -14.941390 4.282234
v 71.154831 -14.487410 5.918002
v 69.527809 -13.947870 5.977783
v 64.894531 -11.058490 5.592679
v 62.845909 -8.774214 6.114294
v 60.554981 -3.977154 3.019143
v 60.240170 -2.583730 6.303300
v -22.676729 30.000000 2.541708
v -24.950411 30.000000 1.530781
v 18.213739 30.000000 8.911618
v -54.112331 30.000000 7.011322
v 68.061363 -30.000000 5.805565
v 71.389557 -30.000000 5.081428
v 72.285957 -30.000000 6.333102
v 76.420540 -29.960039 5.964747
v 77.500397 -29.883421 8.526990
v 79.279137 -29.682850 1.290408
v 78.110474 -29.832670 0.874661
v 79.993149 -29.568390 3.518849
v 81.690590 -29.232981 3.778318
v 81.319817 -29.318069 2.433793
v 82.790367 -28.959660 2.642141
v 86.371857 -27.746771 0.990854
v 89.347847 -26.330351 7.693027
v 88.636887 -26.706730 2.543457
v 89.452766 -26.275999 1.246775
v 92.302963 -24.491720 7.630058
v 91.316597 -25.161209 2.476503
v 90.904671 -25.421209 1.249501
v 92.300613 -24.494841 1.312912
v 93.645760 -23.487659 1.711694
v 96.039307 -21.371031 2.982902
v 95.949516 -21.456551 1.347440
v 98.024727 -19.213320 1.543969
v 99.150520 -17.778200 1.305610
v 100.133202 -16.356701 1.193205
v 101.426201 -14.181250 2.432875
v 102.535301 -11.877190 7.697775
v 102.425102 -12.128740 1.141698
v 103.592903 -9.049382 8.346933
v 103.956703 -7.800644 1.173808
v 104.583000 -4.915843 2.362071
v 104.784500 -3.506838 2.708866
v 104.984596 0.615133 6.925413
v 104.989197 0.258918 2.830039
v 104.987701 -0.602943 1.469680
v 104.934502 1.803957 2.643668
v 104.832901 3.050849 2.227611
v 104.475601 5.516072 1.410465
v 103.857201 8.153587 2.245145
v 103.916496 7.936517 1.094164
v 103.169098 10.279240 3.457862
v 102.298103 12.411340 7.637764
v 102.003403 13.046200 1.019396
v 100.782898 15.316740 7.545489
v 100.687897 15.475630 1.282443
v 99.925209 16.673071 0.876243
v 83.547279 28.745430 1.396950
v 77.894257 29.853470 1.403925
v 74.195488 29.999809 6.770425
v 71.243736 30.000000 2.765213
v 34.424019 -30.000000 1.195730
v 22.568541 -30.000000 2.489094
v 24.749701 -30.000000 2.122849
v -25.348721 -30.000000 7.995737
v 50.185749 -30.000000 2.340557
v -71.553864 30.000000 7.213112
v -75.807671 29.976040 4.909938
v -78.080910 29.829720 8.690600
v -77.780289 29.862280 0.816733
v -80.276642 29.521481 7.503835
v -80.848038 29.413309 2.677431
v -80.592972 29.458050 1.239537
v -83.716164 28.692970 3.400251
v -85.080193 28.244101 3.695279
v -85.366768 28.140381 1.082745
v -85.897583 27.945070 2.461367
v -86.772789 27.580400 1.231228
v -89.012260 26.511450 3.899828
v -91.367371 25.125980 2.805498
v -92.811043 24.125429 2.839378
v -92.232887 24.542950 1.429939
v -95.958130 21.449450 1.356819
v -97.172783 20.192980 7.646863
v -99.024406 17.949421 1.208762
v -99.976242 16.598600 1.261808
v -102.721703 11.442750 2.674583
v -104.481499 5.510013 7.214569
v -104.851196 2.890426 7.659189
v -104.870697 2.616453 2.279860
v -104.989197 -0.163412 1.320194
v -104.728600 -3.936621 2.933005
v -104.808899 -3.286784 1.396083
v -104.620201 -4.681529 1.399121
v -104.330002 -6.241416 1.255888
v -103.939301 -7.866525 1.170497
v -103.417297 -9.583859 7.545866
v -103.450699 -9.472013 1.159515
v -102.632004 -11.647930 2.910331
v -101.659599 -13.732430 1.327453
v -83.174507 -28.858030 7.647528
v -83.514961 -28.754009 1.678718
v -80.389030 -29.501560 7.758244
v -77.275162 -29.900860 2.847217
v -78.318863 -29.808371 1.802289
v -71.472076 -30.000000 2.995897
v -14.049550 1.303393 10.000000
v 16.746820 0.247093 10.000000
v -0.166062 -0.975547 10.000000
v -15.892360 -2.694485 10.000000
v -6.971462 -0.884635 10.000000
v 29.922230 -3.343011 10.000000
v 2.620436 -3.790488 10.000000
v -19.363159 -4.941033 10.000000
v 52.780102 -4.517030 10.000000
v 47.142200 -5.115607 10.000000
v 3.855923 -4.450659 10.000000
v -19.414869 -7.252302 10.000000
v 45.060230 -7.042347 10.000000
v 46.391541 -7.452631 10.000000
v -18.110550 -8.117283 10.000000
v -32.790619 -8.838390 10.000000
v -19.932501 -10.184740 10.000000
v -33.836761 -10.191890 10.000000
v 1.922608 -9.498049 10.000000
v -23.360661 -12.084100 10.000000
v -19.285521 -11.333380 10.000000
v -34.569111 -11.844080 10.000000
v 24.315060 -15.393340 10.000000
v -0.954600 -13.501430 10.000000
v -66.198792 -19.650410 10.000000
v 51.545540 -17.269939 10.000000
v -14.260510 -15.807800 10.000000
v 51.408810 -21.393700 10.000000
v 53.548271 -25.247850 10.000000
v 19.779970 -25.858021 10.000000
v 37.134270 -27.386589 10.000000
v -68.314690 -17.338551 10.000000
v 19.452930 1.870941 10.000000
v -2.102659 1.496769 10.000000
v -42.851250 2.838921 10.000000
v -2.712101 2.969908 10.000000
v -3.377553 4.305811 10.000000
v -18.932619 4.676955 10.000000
v 19.504580 7.252149 10.000000
v -48.952202 8.148276 10.000000
v -47.312069 8.080318 10.000000
v 19.553480 8.608803 10.000000
v -48.190899 9.344020 10.000000
v -2.723389 9.641211 10.000000
v 19.625719 10.852720 10.000000
v -49.514240 11.664890 10.000000
v -48.946461 10.585790 10.000000
v -56.335991 11.500380 10.000000
v -33.301491 12.516720 10.000000
v -32.581951 18.662041 10.000000
v 7.675940 12.380000 10.000000
v 34.260849 23.492920 10.000000
v -66.545692 19.890640 10.000000
v -66.680672 17.194180 10.000000
v 23.151011 28.677130 10.000000
v -53.684059 27.011909 10.000000
v 65.453323 19.213989 10.000000
v 69.340858 19.077700 10.000000
v 70.890747 18.985340 10.000000
v 75.549217 18.808531 10.000000
v 77.837181 20.068569 10.000000
v 75.107361 21.244591 10.000000
v 82.940712 22.036779 10.000000
v 82.794670 17.590740 10.000000
v 90.510559 18.696739 10.000000
v 91.437607 16.512140 10.000000
v 93.153877 16.831190 10.000000
v 85.310631 12.971100 10.000000
v 90.822533 13.505020 10.000000
v 88.044098 11.783140 10.000000
v 89.705727 9.828633 10.000000
v 92.743584 8.318033 10.000000
v 91.777512 4.216661 10.000000
v 97.331787 3.057462 10.000000
v 92.237984 2.544553 10.000000
v 92.487068 0.868260 10.000000
v 98.226936 1.431230 10.000000
v 94.070160 -0.038566 10.000000
v 99.744690 -1.641302 10.000000
v 99.030640 -4.562806 10.000000
v 98.597763 -9.588094 10.000000
v 97.334991 -8.675961 10.000000
v 87.806557 -10.179710 10.000000
v 95.589149 -12.295690 10.000000
v 85.044861 -13.332120 10.000000
v 93.543373 -14.132700 10.000000
v 82.474617 -14.442730 10.000000
v 92.968437 -15.830340 10.000000
v 90.211319 -16.621889 10.000000
v 80.069946 -15.622070 10.000000
v 78.833160 -16.594280 10.000000
v 87.413696 -20.395500 10.000000
v 77.515747 -15.911250 10.000000
v 84.634277 -21.877640 10.000000
v 83.367302 -20.974520 10.000000
v 74.384064 -16.499950 10.000000
v 83.117889 -24.184271 10.000000
v 77.628120 -20.236179 10.000000
v 75.328377 -25.837080 10.000000
v 70.591568 -19.573490 10.000000
v 63.588440 -18.541019 10.000000
v 65.077797 -18.836700 10.000000
v -99.923363 0.862242 10.000000
v -99.154442 -0.505894 10.000000
v -98.891640 -3.159463 10.000000
v -94.522186 -4.721410 10.000000
v -99.172729 -5.612386 10.000000
v -98.264053 -8.708022 10.000000
v -83.521942 -13.867790 10.000000
v -85.217842 -15.994810 10.000000
v -85.618553 -17.407841 10.000000
v -90.275032 -18.649611 10.000000
v -99.278259 1.914971 10.000000
v -95.227249 1.759826 10.000000
v -91.104973 3.031919 10.000000
v -90.680794 4.536878 10.000000
v -97.455177 9.120885 10.000000
v -94.925774 13.781860 10.000000
v -84.935516 12.842140 10.000000
v -92.616203 15.393770 10.000000
v -92.153381 16.871481 10.000000
v -85.917999 15.628540 10.000000
v -90.768318 18.649481 10.000000
v -89.506157 19.448811 10.000000
v -77.019150 16.479481 10.000000
v -85.716843 21.683451 10.000000
v -83.296463 24.636841 10.000000
v -84.318024 25.766600 10.000000
v -78.437187 20.453501 10.000000
v -83.638557 23.117590 10.000000
v -82.628563 27.556641 10.000000
v -70.613922 19.344240 10.000000
v -69.071564 18.979601 10.000000
v -73.184601 -17.480339 10.000000
v -72.018608 -17.396589 10.000000
v -79.717499 -19.345890 10.000000
v -83.290031 -21.844959 10.000000
v -80.377586 -16.469080 10.000000
v -79.242088 -15.545530 10.000000
v -88.204819 -20.903339 10.000000
v -86.523827 -20.719469 10.000000
v -75.694572 -19.051010 10.000000
v -83.360924 -23.347389 10.000000
v -83.242912 -25.983120 10.000000
v 76.643440 24.972281 10.000000
v 16.481449 0.146135 0.000000
v -0.235063 0.803697 0.000000
v -15.791270 1.054255 0.000000
v -18.681271 1.806611 0.000000
v 29.908251 3.457643 0.000000
v 2.296596 4.258039 0.000000
v 52.568130 4.307318 0.000000
v 47.123020 4.854476 0.000000
v 3.827147 4.433878 0.000000
v 46.577099 6.646708 0.000000
v -19.269400 7.778331 0.000000
v 2.613130 10.231310 0.000000
v -19.756590 10.375480 0.000000
v -20.811470 12.695570 0.000000
v -0.992900 12.842360 0.000000
v 37.913460 15.445250 0.000000
v -30.819580 19.106581 0.000000
v -68.577133 19.250340 0.000000
v -30.473021 -1.576545 0.000000
v 19.501261 -1.763948 0.000000
v -17.955919 -2.556205 0.000000
v -43.067940 -2.638799 0.000000
v -2.538049 -3.041964 0.000000
v -3.263230 -4.307759 0.000000
v -48.551880 -8.579956 0.000000
v 19.492020 -8.838905 0.000000
v -52.684570 -8.358817 0.000000
v -47.601070 -9.406012 0.000000
v -2.703097 -9.641423 0.000000
v 20.181681 -10.367770 0.000000
v -48.754372 -10.216240 0.000000
v 17.034349 -11.878040 0.000000
v -33.301540 -12.516730 0.000000
v -0.250792 -12.549320 0.000000
v -32.582470 -18.662109 0.000000
v 7.529608 -13.155820 0.000000
v 50.228130 -24.173670 0.000000
v 35.328991 -23.459749 0.000000
v -66.568939 -19.876360 0.000000
v -66.687973 -17.194120 0.000000
v 37.955669 -26.935209 0.000000
v 23.108480 -28.836941 0.000000
v -53.711960 -27.069050 0.000000
v 66.174019 -18.677710 0.000000
v 68.425621 -16.733999 0.000000
v 68.767838 -18.404520 0.000000
v 71.200287 -16.100960 0.000000
v 74.087936 -21.363171 0.000000
v 75.109543 -19.156811 0.000000
v 83.218033 -21.948610 0.000000
v 75.676880 -16.247641 0.000000
v 78.023720 -16.614840 0.000000
v 88.566353 -18.147430 0.000000
v 83.005768 -17.043249 0.000000
v 89.864532 -18.423281 0.000000
v 87.704376 -11.992180 0.000000
v 98.560463 -9.980000 0.000000
v 93.069412 -8.402642 0.000000
v 98.476921 -8.417920 0.000000
v 90.682999 -7.042561 0.000000
v 97.154877 -9.162467 0.000000
v 90.790176 -5.768267 0.000000
v 97.075417 -6.154202 0.000000
v 93.425293 -3.917486 0.000000
v 92.125664 -3.574433 0.000000
v 98.629204 -2.741630 0.000000
v 99.290390 -1.440981 0.000000
v 92.470139 0.411585 0.000000
v 96.324730 1.348947 0.000000
v 99.695702 4.690317 0.000000
v 98.553917 5.766634 0.000000
v 98.240097 7.464628 0.000000
v 88.522171 9.266661 0.000000
v 87.949989 10.372860 0.000000
v 95.982079 11.461970 0.000000
v 95.982063 13.135900 0.000000
v 85.909714 13.481100 0.000000
v 82.115303 14.677610 0.000000
v 80.786491 15.334320 0.000000
v 79.560898 15.540360 0.000000
v 88.048790 20.432671 0.000000
v 86.675941 21.300270 0.000000
v 77.310097 16.290131 0.000000
v 85.205940 21.995110 0.000000
v 74.531151 16.139759 0.000000
v 83.773033 24.213421 0.000000
v 77.926117 20.383921 0.000000
v 75.269783 24.928551 0.000000
v 70.133293 18.911631 0.000000
v 68.580429 18.986710 0.000000
v 67.014542 18.992279 0.000000
v 67.764359 17.558270 0.000000
v -91.420380 1.137293 0.000000
v -98.550926 2.024607 0.000000
v -99.828857 0.833692 0.000000
v -99.941948 2.731661 0.000000
v -94.865669 4.317129 0.000000
v -98.536133 4.877867 0.000000
v -99.487213 6.021499 0.000000
v -90.150124 8.249022 0.000000
v -90.690201 11.855730 0.000000
v -83.149750 14.106050 0.000000
v -83.237907 15.558300 0.000000
v -85.140137 17.015459 0.000000
v -90.286583 17.448120 0.000000
v -100.129997 -0.934012 0.000000
v -95.181389 -1.939369 0.000000
v -91.606056 -2.864985 0.000000
v -91.882118 -4.504086 0.000000
v -89.879204 -6.364927 0.000000
v -90.734833 -7.380586 0.000000
v -98.413063 -8.629280 0.000000
v -89.276573 -9.852827 0.000000
v -96.570061 -10.499880 0.000000
v -96.412460 -11.696940 0.000000
v -95.211479 -14.014260 0.000000
v -84.608383 -13.122930 0.000000
v -92.667740 -16.660589 0.000000
v -90.935547 -16.914021 0.000000
v -84.421120 -15.968030 0.000000
v -85.828087 -22.339029 0.000000
v -84.109100 -21.969351 0.000000
v -84.245560 -25.803379 0.000000
v -78.325409 -20.341351 0.000000
v -74.271317 -20.043739 0.000000
v -73.117668 -17.606421 0.000000
v -70.593819 -19.450661 0.000000
v -69.089020 -18.998920 0.000000
v -80.612663 18.136480 0.000000
v -83.278030 21.601021 0.000000
v -80.897163 16.617050 0.000000
v -84.054138 23.056829 0.000000
v -83.604156 27.417271 0.000000
v -76.342690 25.501360 0.000000
v -89.983437 0.054158 5.662803
v -89.681343 3.021407 8.824450
v -89.504852 3.764983 7.505359
v -88.441711 6.628125 2.333352
v -88.489822 6.520438 7.518014
v -87.991913 7.474543 6.680615
v -88.215736 7.064821 1.265283
v -85.431129 10.760010 6.827080
v -83.957458 12.012990 8.656591
v -82.447144 13.007170 4.470515
v -80.757858 13.834960 2.504729
v -80.447083 13.963150 6.769643
v -80.471786 13.953030 9.141122
v -80.458977 13.952960 1.132803
v -78.999634 14.443040 7.187756
v -78.749977 14.510550 4.417251
v -76.762077 14.875430 8.895042
v -76.538948 14.906010 7.626947
v -74.954674 14.983580 7.212021
v -73.613586 14.916580 8.548046
v -67.659027 13.067700 5.906661
v -65.123154 11.265800 8.686908
v -64.410713 10.602490 5.815810
v -63.800049 9.947886 8.457083
v -61.947128 7.347770 8.848405
v -61.496891 6.501463 7.464242
v -60.012909 -0.142076 6.287240
v -60.083248 -1.370396 8.687135
v -60.223331 -2.492278 7.837038
v -60.839691 -4.900154 6.615180
v -60.739151 -4.596311 5.303545
v -62.251461 -7.867342 8.841372
v -64.090477 -10.267330 8.762504
v -64.452690 -10.649000 2.921388
v -66.074738 -12.036860 8.648983
v -67.302910 -12.867560 8.721019
v -70.970833 -14.436370 5.646957
v -69.797974 -14.056450 2.842387
v -73.161140 -14.876710 10.000000
v -72.928864 -14.836540 7.406183
v -74.560081 -14.976720 7.752433
v -76.872673 -14.861430 7.672499
v -79.211517 -14.378640 6.421247
v -78.586319 -14.549420 5.092687
v -80.667450 -13.873260 8.809464
v -81.564407 -13.473930 6.471833
v -82.494926 -12.979540 7.161501
v -81.276001 -13.616830 7.663239
v -84.496513 -11.596190 2.486600
v -84.629547 -11.482300 7.149774
v -84.460136 -11.616530 8.749329
v -86.394386 -9.734500 7.064447
v -87.782272 -7.825635 7.255902
v -88.414833 -6.682713 6.824278
v -89.639671 -3.216973 2.519160
v -89.742989 -2.696675 8.656043
v 60.029659 0.728325 5.154638
v 60.294640 2.901696 6.255426
v 61.755138 7.007309 5.682657
v 61.728088 6.941034 8.583228
v 62.103569 7.635039 7.064549
v 62.541840 8.320466 5.768198
v 65.333153 11.450890 8.588241
v 69.239532 13.834560 2.564514
v 68.496162 13.503300 7.524682
v 70.630943 14.328190 8.882017
v 68.731148 13.603240 1.258013
v 71.956596 14.680150 6.792496
v 70.739433 14.367930 4.826321
v 71.857727 14.652100 8.345608
v 73.218147 14.876020 7.574402
v 74.809723 14.979620 6.519336
v 75.855103 14.960230 8.804630
v 77.942917 14.689670 6.722912
v 75.831970 14.966110 7.690599
v 80.012589 14.127290 5.292722
v 86.369682 9.758894 5.687502
v 87.571289 8.152625 7.545646
v 89.017181 5.310720 6.508690
v 89.256332 4.617209 7.963234
v 89.251137 4.627696 9.161534
v 89.835609 2.089047 6.372164
v 89.650032 3.173326 4.985356
v 88.754753 -5.951984 7.172008
v 88.223106 -7.045812 8.495752
v 87.424057 -8.386789 7.687134
v 86.590569 -9.504111 7.103024
v 84.870689 -11.279470 8.187754
v 82.731133 -12.836370 8.548805
v 81.306671 -13.593930 8.890953
v 79.918083 -14.150810 2.603884
v 72.792427 -14.821480 8.544116
v 70.206947 -14.201020 4.695409
v 68.823723 -13.655720 7.341483
v 67.147171 -12.762280 4.624205
v 66.054077 -12.026610 7.643119
v 63.740639 -9.891815 5.201821
v 62.398788 -8.101743 8.710395
v 61.759571 -7.024151 7.669984
v 63.204090 -9.251454 7.635761
v 60.848759 -4.934163 5.990176
v 60.304760 -2.929785 3.805664
v 60.417049 -3.424969 5.436727
v 60.119209 -1.771503 4.853731
v 18.075710 30.000000 2.049826
v -19.148890 30.000000 4.673098
v -53.885670 30.000000 5.144405
v -18.160200 30.000000 8.704514
v -0.010441 30.000000 8.185880
v 71.602654 -30.000000 7.700308
v 77.683678 -29.868420 6.984024
v 77.663986 -29.869320 1.852668
v 78.662300 -29.765619 2.660447
v 80.763077 -29.430889 4.749398
v 84.016083 -28.602221 4.747512
v 84.696007 -28.379021 7.528056
v 85.371559 -28.139280 4.924036
v 86.728317 -27.599569 5.097522
v 87.802910 -27.120110 7.686755
v 88.234558 -26.910440 5.132033
v 87.450958 -27.284321 2.816181
v 89.195084 -26.418390 3.814474
v 89.731171 -26.122351 5.165966
v 90.856590 -25.453239 7.668494
v 90.565781 -25.632021 3.827130
v 92.531731 -24.333361 4.907663
v 93.672783 -23.464380 7.620741
v 93.794350 -23.370939 4.826325
v 94.913490 -22.424179 7.622784
v 96.064552 -21.342979 7.603868
v 96.085564 -21.325291 4.741393
v 97.084183 -20.288389 5.242735
v 97.193130 -20.170641 7.613525
v 96.939209 -20.445440 3.912788
v 98.299637 -18.880501 7.669566
v 97.836792 -19.434669 4.673523
v 99.339577 -17.519131 7.869252
v 99.898987 -16.713591 5.461089
v 99.386871 -17.461941 3.928140
v 100.888802 -15.135370 7.525279
v 101.700401 -13.653180 7.643745
v 101.848701 -13.362880 3.774071
v 101.126701 -14.721080 3.764854
v 102.274696 -12.467530 5.054302
v 102.111397 -12.817840 2.375433
v 102.881401 -11.042240 4.643651
v 103.022301 -10.684620 3.017175
v 103.593697 -9.045499 1.502476
v 104.047997 -7.460983 7.764005
v 104.100601 -7.269026 5.110815
v 104.411400 -5.863971 7.717911
v 104.444298 -5.719333 5.202799
v 104.593201 -4.856375 3.829068
v 104.868301 -2.696554 7.654645
v 104.829903 -3.083263 4.116567
v 104.869301 -2.708730 5.325164
v 104.971703 -1.021418 7.283465
v 104.947502 -1.564113 4.569741
v 104.985603 -0.157028 4.125791
v 104.971001 1.074300 5.368985
v 104.954002 1.449845 4.003791
v 104.871902 2.664898 5.241765
v 104.798401 3.368896 7.789122
v 104.818703 3.194411 3.729269
v 104.694901 4.199842 5.157331
v 104.579399 4.944380 7.604822
v 104.559998 5.030432 4.100563
v 104.262604 6.555063 7.523356
v 104.029999 7.509626 3.322848
v 104.246498 6.638767 4.492159
v 103.842102 8.216939 4.851634
v 103.403000 9.618403 7.642578
v 102.895302 11.009830 7.646518
v 102.845596 11.136810 4.142827
v 102.591904 11.748260 2.852467
v 101.578102 13.887800 7.589388
v 99.934227 16.661570 7.528842
v 100.068497 16.456989 4.589303
v 99.024307 17.948090 7.590254
v 99.133377 17.800610 4.304132
v 98.401733 18.755880 5.392708
v 98.069969 19.158501 7.675046
v 98.039062 19.196630 3.943271
v 98.130692 19.087530 2.608940
v 97.336891 20.012220 5.283862
v 97.034973 20.341249 7.671235
v 96.856522 20.534651 4.039830
v 96.221771 21.188801 5.284442
v 95.922318 21.482740 7.674906
v 95.730057 21.670601 4.045132
v 96.265137 21.146919 2.725453
v 95.064102 22.289850 5.285962
v 94.751007 22.565519 7.668463
v 94.543007 22.747311 4.044704
v 93.866440 23.310810 5.278999
v 93.521507 23.584190 7.649846
v 93.328003 23.736561 4.042512
v 93.908234 23.278521 2.703169
v 92.688728 24.218069 5.255433
v 92.134979 24.611059 7.486113
v 92.078392 24.652130 4.047935
v 91.539528 25.019850 5.260408
v 90.666077 25.571989 7.650306
v 90.797546 25.491369 4.083456
v 91.326538 25.156469 2.734757
v 89.212280 26.407440 7.764961
v 89.421867 26.294121 4.174476
v 89.959290 25.994169 2.854315
v 88.809013 26.629959 5.363055
v 88.546066 26.755550 2.919357
v 87.287437 27.356470 5.382864
v 86.390846 27.741819 8.349943
v 86.497887 27.696711 4.126523
v 85.707962 28.013069 5.482237
v 85.021660 28.265680 4.023839
v 84.098457 28.576059 5.282362
v 83.438988 28.776850 7.680418
v 83.477699 28.766220 4.038389
v 82.507278 29.035061 5.308039
v 81.626717 29.248550 7.634967
v 81.849487 29.197950 4.096612
v 80.877457 29.408449 5.324884
v 80.191177 29.537609 4.103035
v 79.519836 29.650379 5.173518
v 79.030663 29.716749 7.793206
v 79.362503 29.669029 8.968030
v -51.398159 -30.000000 5.342801
v 19.723770 -30.000000 5.854282
v -2.847962 -30.000000 5.370595
v 51.651241 -30.000000 5.243307
v -75.486832 29.986641 8.953548
v -77.622963 29.871460 7.200443
v -77.382530 29.892490 1.919745
v -78.158211 29.821529 3.113128
v -82.168251 29.118971 7.372803
v -82.281731 29.091320 3.090626
v -83.896301 28.639271 7.559863
v -84.265846 28.526440 5.027098
v -86.595512 27.656080 8.340624
v -86.423462 27.729589 3.924637
v -87.128960 27.430740 5.227921
v -87.761528 27.139080 3.870434
v -89.434258 26.287130 5.157614
v -89.430496 26.288309 7.457355
v -89.964088 25.989969 2.679783
v -90.896317 25.429390 6.998496
v -91.928017 24.751200 4.272470
v -93.023041 23.969009 5.373986
v -93.522614 23.584669 7.606918
v -93.500122 23.601471 4.097404
v -94.361603 22.902220 5.278635
v -94.768929 22.549959 7.661669
v -94.865822 22.466030 4.046272
v -95.662827 21.735090 5.231498
v -96.008690 21.398260 7.666028
v -96.092987 21.319130 3.932789
v -98.229370 18.963711 7.586917
v -98.087959 19.138100 3.733203
v -98.966072 18.028179 3.450652
v -99.529007 17.264870 5.870777
v -100.161598 16.316370 7.216359
v -99.772987 16.903879 4.077464
v -100.992996 14.954230 7.741055
v -100.692802 15.461390 4.103209
v -101.090797 14.782060 2.783476
v -101.224503 14.561740 5.348696
v -101.483902 14.072390 4.046957
v -102.384201 12.223490 7.775313
v -102.159302 12.715750 3.583613
v -102.758499 11.350810 5.309387
v -103.019997 10.680990 7.481052
v -102.717796 11.454010 4.135468
v -103.218300 10.154610 4.656807
v -103.234703 10.115480 3.173647
v -104.691902 4.217887 7.767030
v -104.635597 4.591268 4.051433
v -104.575798 4.967386 1.218117
v -104.791496 3.442747 5.069605
v -104.839798 2.953964 3.632708
v -104.958397 1.337039 7.584664
v -104.989197 -0.009412 7.392991
v -104.987297 -0.046463 2.941272
v -104.946800 -1.576332 5.091024
v -104.956398 -1.382713 7.599729
v -104.961502 -1.321209 3.688498
v -104.834297 -3.018048 7.637520
v -104.744499 -3.823416 4.559710
v -104.587097 -4.891075 5.245817
v -104.622002 -4.674853 7.627756
v -104.311699 -6.335532 7.621748
v -103.901497 -7.997334 7.575821
v -103.452103 -9.472585 4.788221
v -102.885902 -11.028780 7.582154
v -102.810501 -11.226360 4.742071
v -102.297699 -12.415950 7.628749
v -102.158699 -12.717600 4.078588
v -101.611099 -13.820900 7.638698
v -101.892403 -13.283180 2.632339
v -100.839699 -15.218620 7.623480
v -99.974037 -16.599051 7.573995
v -99.045181 -17.919310 7.594945
v -99.134148 -17.797331 4.206828
v -98.396469 -18.764050 5.303439
v -98.098633 -19.124420 7.610933
v -96.916130 -20.470640 3.828903
v -97.065643 -20.305901 7.596445
v -95.930603 -21.476151 7.641943
v -96.209457 -21.200630 5.179670
v -95.075211 -22.278971 5.233493
v -94.745956 -22.568890 7.669433
v -94.571472 -22.722860 4.025784
v -93.854424 -23.322130 5.284562
v -93.519302 -23.586849 7.669793
v -93.310089 -23.750860 4.058443
v -92.581970 -24.294069 5.285098
v -92.237938 -24.537889 7.670740
v -92.021790 -24.690201 4.049528
v -92.635490 -24.256651 2.736710
v -91.267830 -25.194651 5.265351
v -90.902893 -25.424601 7.641327
v -90.682251 -25.562510 4.047125
v -89.916542 -26.016550 5.192798
v -89.509697 -26.244511 7.565877
v -89.323120 -26.348869 4.057594
v -89.959312 -25.992599 2.756006
v -88.077812 -26.987551 7.451651
v -88.576332 -26.742491 2.859182
v -86.516891 -27.689520 4.413252
v -87.082413 -27.446079 8.669633
v -84.770630 -28.347660 7.606313
v -85.017883 -28.264580 4.164000
v -85.707550 -28.008881 2.946260
v -84.374451 -28.485090 5.183486
v -83.610458 -28.726721 4.057069
v -83.079407 -28.885780 5.244171
v -81.644829 -29.243860 7.703424
v -82.222832 -29.104650 4.013257
v -79.378777 -29.665890 4.136208
v -80.787323 -29.424870 4.009961
v -79.006111 -29.719971 5.374196
v -76.474983 -29.950769 6.984190
v 3.183576 -0.560748 10.000000
v -1.336505 -0.039787 10.000000
v -2.560104 -1.128668 10.000000
v -5.366923 -0.803729 10.000000
v -29.576151 -0.845113 10.000000
v -3.352162 -2.042719 10.000000
v 2.889550 -2.089259 10.000000
v 6.364811 -4.327541 10.000000
v 6.264741 -12.817320 10.000000
v 3.151253 -13.113950 10.000000
v -64.159653 -15.517460 10.000000
v -50.818539 -14.949420 10.000000
v 35.150391 -17.973949 10.000000
v 3.648818 -16.328751 10.000000
v 2.172907 -14.158430 10.000000
v 16.442200 -21.603451 10.000000
v -13.924180 -21.250080 10.000000
v 1.913219 -23.459669 10.000000
v -49.077381 -22.009939 10.000000
v -17.373260 -28.174391 10.000000
v 0.828417 -28.474819 10.000000
v -71.928322 -25.243690 10.000000
v -72.542976 -23.689880 10.000000
v -6.674298 4.307306 10.000000
v 45.838848 12.075330 10.000000
v 21.717581 13.142190 10.000000
v 62.988762 15.423300 10.000000
v 4.027752 14.571000 10.000000
v 1.041564 16.030121 10.000000
v 4.427242 28.483231 10.000000
v -12.805380 27.255640 10.000000
v -51.172390 20.849461 10.000000
v 71.076622 27.347540 10.000000
v 70.424950 25.869900 10.000000
v 64.873528 23.299900 10.000000
v 70.885300 23.269520 10.000000
v 72.434128 23.506620 10.000000
v 75.313301 28.595800 10.000000
v 76.685173 23.253189 10.000000
v 79.693680 22.170759 10.000000
v 82.763786 25.432320 10.000000
v 91.822166 22.920490 10.000000
v 93.036423 20.387180 10.000000
v 94.131859 13.663910 10.000000
v 100.333099 10.889640 10.000000
v 97.074150 6.231421 10.000000
v 98.661827 5.885432 10.000000
v 97.941757 -1.805966 10.000000
v 96.513283 -1.216006 10.000000
v 98.834587 -6.148886 10.000000
v 91.207527 -13.730650 10.000000
v 76.199944 -22.198139 10.000000
v 73.793968 -24.052071 10.000000
v 71.346390 -27.150681 10.000000
v 70.857643 -21.193050 10.000000
v -96.449738 0.700404 10.000000
v -98.230553 -1.873249 10.000000
v -98.397751 -6.982131 10.000000
v -96.832512 -6.315957 10.000000
v -94.280617 -8.988315 10.000000
v -97.903709 -10.168560 10.000000
v -98.766602 -10.954380 10.000000
v -97.561333 -11.587380 10.000000
v -96.049950 -12.547540 10.000000
v -90.061119 14.959300 10.000000
v -89.808182 16.439211 10.000000
v -88.303131 18.773020 10.000000
v -90.910103 17.247360 10.000000
v -77.169518 23.111080 10.000000
v -80.103683 26.507759 10.000000
v -81.587578 26.348009 10.000000
v -75.605240 25.431040 10.000000
v -71.210251 27.424629 10.000000
v -69.502441 23.187290 10.000000
v -84.940010 -21.382509 10.000000
v -82.371094 -20.399380 10.000000
v -83.935913 -20.245430 10.000000
v -85.294731 -19.948610 10.000000
v -81.041344 -22.720539 10.000000
v -76.828873 -23.703609 10.000000
v -85.775787 -26.072081 10.000000
v 85.683838 25.214689 10.000000
v 81.205688 28.111080 10.000000
v 3.191382 0.561782 0.000000
v -1.654002 0.286050 0.000000
v -3.853702 0.690790 0.000000
v 2.908961 2.066973 0.000000
v 6.365965 4.333183 0.000000
v 6.353702 13.252780 0.000000
v -2.180974 13.405790 0.000000
v -6.271725 12.982640 0.000000
v -2.713483 14.718070 0.000000
v 1.942998 14.302410 0.000000
v 0.035374 19.928360 0.000000
v 16.676611 22.267330 0.000000
v -49.708870 24.231581 0.000000
v -17.510750 28.372101 0.000000
v -69.742249 27.964491 0.000000
v -71.896141 25.849810 0.000000
v -68.096848 21.771379 0.000000
v -72.623550 23.820030 0.000000
v -74.151627 23.795111 0.000000
v -6.713705 -4.279168 0.000000
v -1.590440 -13.354710 0.000000
v 62.506321 -18.946989 0.000000
v 49.972641 -19.082741 0.000000
v 35.506111 -19.285490 0.000000
v 2.939881 -28.469021 0.000000
v -51.125469 -20.752190 0.000000
v 70.494614 -25.466040 0.000000
v 79.225891 -22.140909 0.000000
v 82.968452 -25.919580 0.000000
v 81.387077 -25.979521 0.000000
v 93.341637 -20.688681 0.000000
v 94.153992 -13.559880 0.000000
v 99.338493 3.083490 0.000000
v 94.533669 13.871570 0.000000
v 73.837379 24.218870 0.000000
v 69.492081 20.611300 0.000000
v -96.238007 -1.088149 0.000000
v -102.488098 2.660450 0.000000
v -96.772461 7.388612 0.000000
v -101.540901 8.717666 0.000000
v -97.303612 10.173000 0.000000
v -96.189774 9.035959 0.000000
v -94.359657 9.418455 0.000000
v -95.622833 10.552350 0.000000
v -99.657272 12.463920 0.000000
v -99.189774 13.929040 0.000000
v -96.185806 13.745320 0.000000
v -93.338493 13.974680 0.000000
v -89.751968 14.648700 0.000000
v -97.455353 16.151560 0.000000
v -96.681763 18.400961 0.000000
v -99.051559 -2.049336 0.000000
v -95.067627 -12.547780 0.000000
v -91.152313 -14.228040 0.000000
v -89.450974 -17.013559 0.000000
v -88.758797 -18.545900 0.000000
v -87.984070 -19.987471 0.000000
v -80.099854 -26.299690 0.000000
v -75.008301 -24.478609 0.000000
v -71.526810 -27.429600 0.000000
v -69.576790 -23.113701 0.000000
v -64.551407 -24.119101 0.000000
v -84.832878 21.818060 0.000000
v -82.422783 20.239349 0.000000
v -84.133827 20.204769 0.000000
v -85.555191 19.546860 0.000000
v -81.164787 22.597151 0.000000
v -76.556030 23.067070 0.000000
v -89.770889 2.502676 1.342968
v -87.415459 8.389233 1.376329
v -86.450851 9.659293 1.292790
v -84.003197 11.970040 1.122005
v -85.310867 10.870030 1.191198
v -79.171532 14.391020 2.093409
v -77.703438 14.740540 1.474414
v -79.104767 14.420230 0.937816
v -74.138573 14.964050 1.314330
v -75.891411 14.958770 1.590571
v -72.484283 14.768450 1.217336
v -71.892723 14.658870 9.063890
v -71.383743 14.540280 2.567872
v -68.053421 13.264590 1.311310
v -67.780457 13.131230 2.727884
v -66.639374 12.438370 1.515980
v -65.306702 11.418930 1.054393
v -63.645100 9.775830 2.438963
v -63.589390 9.703054 1.032122
v -62.701778 8.560786 1.593200
v -62.088890 7.609223 0.988113
v -61.934650 7.335149 2.156559
v -61.501320 6.513055 1.216397
v -60.145710 1.950683 1.225255
v -60.024101 0.395018 1.116949
v -60.018829 -0.132076 3.298057
v -60.043152 -0.980072 1.001315
v -60.303379 -2.938900 3.522895
v -60.789490 -4.757482 1.883954
v -61.363701 -6.217486 1.420265
v -62.103241 -7.638195 1.207955
v -62.974361 -8.929639 1.067939
v -63.650211 -9.791091 2.017244
v -64.733704 -10.919050 1.311059
v -66.158020 -12.090320 1.175928
v -67.602562 -13.035610 1.273561
v -69.159668 -13.796900 1.407783
v -70.626343 -14.330020 1.403052
v -73.365227 -14.890990 1.264328
v -71.958656 -14.674850 1.293619
v -75.632248 -14.974140 2.628478
v -74.932732 -14.979990 1.249094
v -78.198608 -14.638830 1.301811
v -79.950073 -14.142260 1.177732
v -80.597977 -13.902310 3.647649
v -85.140533 -11.030510 1.316020
v -86.303940 -9.839647 1.383428
v -87.880142 -7.645449 0.893061
v -89.932503 -1.202624 1.250031
v -89.928413 -1.294161 8.565279
v 60.084099 -1.390699 8.924559
v 60.066460 -1.337110 6.433692
v 60.052891 1.024534 4.026343
v 60.088921 1.474711 1.505972
v 60.497398 3.763591 8.989456
v 60.883419 5.031494 3.789075
v 62.389641 8.098627 1.456958
v 65.844299 11.861490 3.504122
v 70.287598 14.227210 1.403635
v 75.383949 14.978240 0.910460
v 76.947517 14.861600 1.183786
v 77.215370 14.820110 8.384585
v 80.124573 14.085860 1.107642
v 81.515739 13.491710 1.083000
v 82.331100 13.068500 2.022820
v 82.778473 12.799160 0.938454
v 85.074379 11.095350 1.218319
v 86.178978 9.973558 1.202052
v 86.896347 9.110567 3.248577
v 88.900719 5.602252 1.145955
v 88.232986 7.016907 1.198541
v 89.411209 4.089542 1.170825
v 89.601257 3.379124 8.945534
v 89.751518 2.651614 3.406614
v 89.786903 2.429435 1.560126
v 89.983559 0.187097 8.711490
v 89.976288 -0.347224 2.540541
v 89.900703 -1.503604 3.636829
v 89.097633 -5.077990 2.399682
v 88.309921 -6.882605 4.145121
v 85.349281 -10.842680 2.254852
v 84.389763 -11.684400 3.137385
v 82.773041 -12.809090 1.322764
v 81.477982 -13.517210 1.259027
v 80.408577 -13.972720 1.494856
v 78.718933 -14.524930 4.915031
v 77.545738 -14.762640 1.070598
v 75.784859 -14.968280 1.248103
v 74.094292 -14.951680 1.293412
v 71.285347 -14.514870 1.051427
v 71.302498 -14.522060 8.584580
v 69.372612 -13.889600 3.211732
v 64.690063 -10.867740 8.964478
v 64.087540 -10.277710 2.679843
v 62.532089 -8.321244 1.210724
v 61.734161 -6.960648 1.193818
v 60.818821 -4.826431 8.750545
v 61.099388 -5.580493 1.390658
v 60.362652 -3.194088 8.810190
v 60.287590 -2.859817 1.064287
v 60.098461 -1.598784 1.308805
v 71.207222 30.000000 1.208827
v -18.164061 30.000000 0.000000
v -54.481091 30.000000 1.218518
v 56.250000 30.000000 10.000000
v 19.189449 30.000000 10.000000
v -67.882622 30.000000 4.391511
v -56.250000 30.000000 10.000000
v 75.196922 -29.990320 1.050195
v 76.763428 -29.939501 1.005073
v 76.070236 -29.971500 2.057112
v 78.898849 -29.734730 9.052303
v 79.405884 -29.666990 5.053483
v 100.985298 -14.973520 1.172230
v 104.749001 -3.753183 0.964566
v 104.974197 1.003314 1.453244
v 103.493599 9.347944 1.548867
v 85.017036 28.266220 1.462921
v 78.279388 29.808611 5.479263
v -56.250000 -30.000000 0.000000
v 18.164061 -30.000000 0.000000
v 54.672699 -30.000000 1.254923
v -53.263290 -30.000000 8.934547
v -56.250000 -30.000000 10.000000
v -17.285160 -30.000000 10.000000
v 19.335939 -30.000000 10.000000
v 56.835941 -30.000000 10.000000
v -71.406326 30.000000 2.747899
v -76.107620 29.967470 0.970966
v -75.792442 29.978901 2.082032
v -78.551804 29.780781 4.625455
v -79.833542 29.599791 5.005656
v -81.885803 29.184071 1.502847
v -93.607201 23.518471 1.421858
v -102.684700 11.534900 1.184640
v -99.878647 -16.744169 1.156235
v -86.335732 -27.763479 1.491277
v 34.144249 0.513951 10.000000
v -47.167290 -0.156720 10.000000
v 44.004780 -0.372183 10.000000
v -46.687641 -3.714864 10.000000
v 18.415319 -3.453929 10.000000
v -45.534790 -4.774159 10.000000
v 25.067101 -4.575429 10.000000
v -50.391300 -6.589280 10.000000
v -49.592850 -9.964511 10.000000
v -48.067101 -10.804220 10.000000
v -50.547562 -12.454580 10.000000
v 16.761320 -12.015790 10.000000
v 53.812141 -13.473180 10.000000
v 54.611240 -12.290330 10.000000
v -70.997971 -18.060040 10.000000
v -72.283791 -19.045620 10.000000
v -71.919746 -20.947769 10.000000
v 47.091610 2.675217 10.000000
v -18.304430 3.567590 10.000000
v 46.534439 4.009552 10.000000
v 47.713161 5.199505 10.000000
v 47.117519 6.821980 10.000000
v -32.615898 8.188728 10.000000
v -20.148741 8.405102 10.000000
v -18.951401 8.850611 10.000000
v -19.950050 9.820010 10.000000
v 49.376438 10.539150 10.000000
v 50.479900 12.027840 10.000000
v -22.099720 11.926850 10.000000
v -34.426899 15.439890 10.000000
v -13.524130 19.237080 10.000000
v 67.683281 15.721850 10.000000
v 75.193047 22.769400 10.000000
v 79.391609 19.604120 10.000000
v 77.380539 17.403851 10.000000
v 76.239433 16.172890 10.000000
v 89.740181 24.978670 10.000000
v 89.464317 23.803711 10.000000
v 94.256317 19.529221 10.000000
v 85.435707 15.968520 10.000000
v 95.920990 11.972190 10.000000
v 94.407784 8.064380 10.000000
v 95.646477 7.987231 10.000000
v 95.393250 6.695245 10.000000
v 93.610390 6.769941 10.000000
v 94.365372 5.381487 10.000000
v 94.777420 2.835685 10.000000
v 91.240372 0.076945 10.000000
v 95.215317 -1.614072 10.000000
v 93.345932 -3.349072 10.000000
v 101.429802 -8.151075 10.000000
v 92.025223 -11.374570 10.000000
v 99.786301 -12.028310 10.000000
v 99.527283 -13.226620 10.000000
v 99.860497 -14.378010 10.000000
v 90.912018 -12.521700 10.000000
v 83.672897 -13.459720 10.000000
v 96.408447 -17.600590 10.000000
v 86.713371 -16.020451 10.000000
v 95.749329 -19.340691 10.000000
v 94.512733 -20.631390 10.000000
v 75.727226 -16.767710 10.000000
v 91.947083 -21.380140 10.000000
v 82.482147 -18.613621 10.000000
v 88.585342 -23.073219 10.000000
v 80.052261 -18.899500 10.000000
v 78.883507 -19.565170 10.000000
v 85.997963 -26.337900 10.000000
v 74.851257 -21.592661 10.000000
v 86.664207 -25.247419 10.000000
v 77.017906 -28.395901 10.000000
v 73.348267 -20.824129 10.000000
v 68.459343 -15.923940 10.000000
v -91.236877 1.538655 10.000000
v -102.510002 -0.057244 10.000000
v -103.902100 0.088435 10.000000
v -92.485184 -2.517130 10.000000
v -94.252007 -5.887805 10.000000
v -90.337807 -5.844011 10.000000
v -93.560379 -7.443447 10.000000
v -95.410240 -6.895102 10.000000
v -90.320663 -8.469030 10.000000
v -88.886803 -8.577205 10.000000
v -92.256889 -10.548340 10.000000
v -91.984268 -11.838800 10.000000
v -87.115433 -12.160640 10.000000
v -91.044632 -12.898730 10.000000
v -85.923271 -13.469530 10.000000
v -84.565132 -13.173330 10.000000
v -89.480270 -15.614500 10.000000
v -95.547127 3.245602 10.000000
v -98.663017 14.687890 10.000000
v -97.437263 15.787860 10.000000
v -87.431763 15.562990 10.000000
v -91.226051 22.178221 10.000000
v -81.883919 18.596609 10.000000
v -74.671173 17.378630 10.000000
v -88.957237 23.613720 10.000000
v -85.718979 26.814260 10.000000
v -76.216316 18.083380 10.000000
v -74.701103 22.002420 10.000000
v -87.189957 25.575399 10.000000
v -71.831512 19.624809 10.000000
v -69.537888 16.455320 10.000000
v -75.625801 -23.079910 10.000000
v -76.420227 -16.448059 10.000000
v -77.718582 -16.951670 10.000000
v -82.775871 -16.500151 10.000000
v -92.951813 -21.984840 10.000000
v -91.432327 -23.240490 10.000000
v -89.822250 -23.652821 10.000000
v -76.813278 -27.505800 10.000000
v 76.709183 27.804090 10.000000
v 34.398731 -0.651829 0.000000
v 43.937099 0.582647 0.000000
v -33.594830 1.373849 0.000000
v 25.213579 4.485109 0.000000
v -47.380428 6.241508 0.000000
v 18.330830 7.245160 0.000000
v -49.124920 10.916740 0.000000
v -50.662560 11.103720 0.000000
v 17.007410 12.080740 0.000000
v 18.404869 12.783150 0.000000
v 54.458778 12.705510 0.000000
v -68.276413 15.601450 0.000000
v -69.863052 19.196020 0.000000
v -70.405029 17.887470 0.000000
v -48.003601 -1.962053 0.000000
v 47.000469 -2.417852 0.000000
v 45.802731 -3.816276 0.000000
v 47.835892 -7.677632 0.000000
v -32.555660 -8.246962 0.000000
v -20.149811 -8.371162 0.000000
v -18.949360 -8.849686 0.000000
v -19.950701 -9.818605 0.000000
v 48.343040 -10.945430 0.000000
v 49.623501 -11.318990 0.000000
v 50.910400 -11.714370 0.000000
v -22.105789 -11.927050 0.000000
v -34.427040 -15.439910 0.000000
v 53.124161 -25.285370 0.000000
v 70.236931 -18.860260 0.000000
v 80.885040 -27.778610 0.000000
v 79.577713 -19.838030 0.000000
v 86.720062 -25.028061 0.000000
v 85.791054 -21.406231 0.000000
v 94.276863 -19.164930 0.000000
v 96.085243 -19.377060 0.000000
v 84.321083 -16.229731 0.000000
v 92.492996 -15.407520 0.000000
v 89.255920 -14.285750 0.000000
v 96.012421 -11.553500 0.000000
v 92.059677 -11.275710 0.000000
v 94.385178 -7.905714 0.000000
v 95.423424 -6.795291 0.000000
v 93.559998 -6.770714 0.000000
v 94.252136 -5.389992 0.000000
v 97.069481 -2.770969 0.000000
v 91.351883 -0.097352 0.000000
v 96.246803 -1.389993 0.000000
v 91.851578 4.147517 0.000000
v 95.625214 7.153704 0.000000
v 93.582077 9.665355 0.000000
v 92.253189 11.302400 0.000000
v 91.377090 12.458600 0.000000
v 89.701530 12.049620 0.000000
v 84.653381 12.915660 0.000000
v 88.905067 14.627580 0.000000
v 98.090073 17.181950 0.000000
v 96.359993 16.971550 0.000000
v 87.444229 15.616770 0.000000
v 96.831787 18.395029 0.000000
v 86.331497 16.691339 0.000000
v 95.679169 19.532490 0.000000
v 85.202728 17.334900 0.000000
v 83.779663 16.897100 0.000000
v 93.069054 20.167049 0.000000
v 82.977402 18.178520 0.000000
v 91.582443 22.605310 0.000000
v 91.085297 23.745270 0.000000
v 80.872963 19.626850 0.000000
v 88.140198 23.769461 0.000000
v 80.239288 18.487570 0.000000
v 79.345512 19.579531 0.000000
v 74.914436 21.740549 0.000000
v 75.832283 28.758869 0.000000
v 81.017212 26.931280 0.000000
v 76.407738 27.391350 0.000000
v 66.193329 15.068160 0.000000
v -91.272217 -1.406380 0.000000
v -97.251480 -0.154453 0.000000
v -91.027359 2.674242 0.000000
v -95.143623 2.699820 0.000000
v -94.280411 6.004308 0.000000
v -90.139297 5.712959 0.000000
v -95.117844 7.970524 0.000000
v -89.356377 9.539948 0.000000
v -91.892349 13.311010 0.000000
v -85.570633 13.886740 0.000000
v -84.421440 13.137320 0.000000
v -87.166946 14.403220 0.000000
v -87.413834 16.056610 0.000000
v -95.769989 19.407480 0.000000
v -94.847656 20.387100 0.000000
v -103.839600 -1.534068 0.000000
v -102.792702 -2.108250 0.000000
v -103.287399 -4.508431 0.000000
v -94.413017 -4.309223 0.000000
v -93.162781 -8.670645 0.000000
v -91.930473 -11.536230 0.000000
v -100.952003 -11.826100 0.000000
v -91.027328 -12.804410 0.000000
v -89.953430 -13.535520 0.000000
v -87.419617 -14.740070 0.000000
v -81.864166 -15.155200 0.000000
v -87.184837 -16.098471 0.000000
v -85.769417 -18.273750 0.000000
v -80.250427 -15.666740 0.000000
v -84.254967 -17.396971 0.000000
v -92.219139 -22.779690 0.000000
v -90.937019 -23.705429 0.000000
v -81.024277 -18.047091 0.000000
v -74.451492 -17.125641 0.000000
v -89.682571 -24.546379 0.000000
v -87.034576 -26.063789 0.000000
v -75.434387 -21.389690 0.000000
v -77.863113 -27.600491 0.000000
v -75.517899 -28.678881 0.000000
v -71.840042 -19.981150 0.000000
v -69.862587 -16.416201 0.000000
v -76.308418 16.513559 0.000000
v -88.442482 24.228510 0.000000
v -80.781303 20.305599 0.000000
v -81.906113 17.706980 0.000000
v -91.197456 23.226379 0.000000
v -83.492737 17.090879 0.000000
v -86.228973 25.522091 0.000000
v -79.165642 27.630091 0.000000
v -77.370781 27.847940 0.000000
v -75.565483 27.608561 0.000000
v -74.448601 28.672710 0.000000
v 79.582161 -28.139429 0.000000
v 77.094009 -28.426189 0.000000
v 75.699944 -28.189770 0.000000
v -66.551224 -12.372810 2.398602
v 65.521072 11.613630 1.902524
v 86.483070 9.636023 2.291442
v 88.175102 -7.160686 1.458675
v 86.380539 -9.751110 2.539141
v 83.464867 -12.366230 5.341786
v 83.249619 -12.511590 2.694908
v -4.077473 -8.019364 10.000000
v -4.796058 -9.431200 10.000000
v -24.457741 -13.298180 10.000000
v -25.864410 -14.150200 10.000000
v -15.748370 -25.254271 10.000000
v -70.306053 -23.027451 10.000000
v 4.048405 8.048579 10.000000
v 3.320549 10.441450 10.000000
v 4.877201 11.231190 10.000000
v 14.960940 13.383960 10.000000
v 3.110105 13.619570 10.000000
v 16.904190 18.934231 10.000000
v -14.230560 24.759140 10.000000
v 70.377907 21.821440 10.000000
v 73.585503 28.783951 10.000000
v 79.129066 23.438471 10.000000
v 103.411201 4.345710 10.000000
v 93.378250 -21.818501 10.000000
v 78.243713 -24.229500 10.000000
v 75.724716 -28.911779 10.000000
v 72.082771 -23.756760 10.000000
v -103.879097 2.474739 10.000000
v -103.679001 3.813115 10.000000
v -96.716217 19.003981 10.000000
v -92.754608 21.887770 10.000000
v -72.503433 23.523010 10.000000
v -30.502831 14.972150 0.000000
v 19.802370 15.362210 0.000000
v 24.320360 15.751360 0.000000
v 24.237030 18.708879 0.000000
v 16.295719 17.947849 0.000000
v -16.120081 25.644791 0.000000
v -23.464380 24.064400 0.000000
v 3.958063 -8.191165 0.000000
v 4.486312 -9.665263 0.000000
v 5.117212 -11.096910 0.000000
v 3.419052 -13.604860 0.000000
v 23.289400 -17.991051 0.000000
v 69.452660 -22.442181 0.000000
v 79.022339 -23.633751 0.000000
v 99.218987 -15.651300 0.000000
v 100.927498 -8.094037 0.000000
v 101.986504 -4.759959 0.000000
v 101.053497 12.006810 0.000000
v 100.237900 13.421450 0.000000
v 79.761864 23.980591 0.000000
v -100.196297 9.348930 0.000000
v -100.192101 14.548850 0.000000
v -102.317299 -8.684137 0.000000
v -100.525299 -13.139920 0.000000
v -93.586739 -21.892891 0.000000
v -79.316208 -23.893850 0.000000
v -89.972717 0.655273 1.201618
v -88.152657 7.174949 5.264671
v -85.704903 10.491210 4.628082
v -80.264748 14.029630 5.091528
v -72.020821 14.684730 5.457561
v -72.019600 -14.684830 4.891123
v 63.979000 10.154290 4.494734
v 69.336922 13.869740 5.295602
v 82.697670 12.863530 7.456873
v 85.418114 10.778820 4.631132
v 89.249046 4.642190 5.089756
v 71.556633 -14.586770 4.736915
v 61.355671 -6.196906 5.346408
v 53.448250 30.000000 1.398788
v 43.791019 30.000000 6.799197
v 45.224491 30.000000 6.320985
v -47.606750 30.000000 4.572831
v 70.671509 -30.000000 6.490977
v 74.510033 -29.998249 2.213354
v 81.943321 -29.174250 5.425751
v 83.054840 -28.892059 5.925209
v 88.783127 -26.629560 6.453013
v 91.759293 -24.864840 6.361745
v 93.163757 -23.867130 6.301251
v 94.429588 -22.845551 6.299595
v 95.585510 -21.809151 6.268899
v 96.662514 -20.738131 6.273652
v 97.878036 -19.388870 6.234622
v 99.059120 -17.899200 6.572542
v 100.033600 -16.513260 7.076638
v 100.621101 -15.589410 6.395164
v 102.048401 -12.948000 6.427515
v 101.732002 -13.591530 1.156267
v 103.776901 -8.424257 6.491457
v 104.250099 -6.622849 6.470731
v 104.562302 -5.044328 6.518550
v 104.085899 7.301306 6.147541
v 103.624100 8.953564 6.349436
v 102.602798 11.724030 6.455569
v 101.227699 14.538190 6.165739
v 92.117371 24.624491 6.242635
v 91.083199 25.312531 6.441218
v 89.704041 26.137171 6.507262
v 81.349243 29.306620 6.553619
v 72.483047 30.000000 6.762321
v 69.892342 30.000000 3.390142
v -53.240959 -30.000000 1.448240
v -43.737839 -30.000000 6.906229
v -56.718010 -30.000000 6.818917
v -45.009739 -30.000000 6.099031
v 55.965340 -30.000000 3.692446
v 47.223789 -30.000000 4.514673
v -69.130478 30.000000 5.049340
v -82.069962 29.143160 6.037676
v -83.429466 28.780710 6.275383
v -85.368103 28.139090 7.653683
v -86.584213 27.660700 6.622723
v -89.853287 26.051649 6.280264
v -96.480766 20.919920 6.440992
v -98.617020 18.476940 6.252328
v -100.913101 15.094330 6.495724
v -103.200104 10.206580 1.693630
v -103.923798 7.914318 6.300761
v -103.673798 8.779261 2.265565
v -104.718903 3.982471 6.566437
v -103.673798 -8.776975 6.166891
v -88.941833 -26.551479 6.197288
v -84.041512 -28.589390 6.372577
v -81.041557 -29.372200 6.556396
v -73.607407 -30.000000 6.622678
v -72.085228 -30.000000 7.157472
v -69.922058 -30.000000 3.533916
v 22.592270 -0.414206 10.000000
v -17.036989 -1.571188 10.000000
v -18.611370 -1.875665 10.000000
v -24.148899 -3.132046 10.000000
v -21.826210 -4.609548 10.000000
v 40.422489 -4.154063 10.000000
v 27.526899 -4.678835 10.000000
v 26.480450 -5.445983 10.000000
v 32.370152 -6.387391 10.000000
v 2.788309 -5.613830 10.000000
v 40.865799 -7.026891 10.000000
v -26.397840 -7.350755 10.000000
v -26.838289 -10.470530 10.000000
v -25.874281 -12.658400 10.000000
v -27.913460 -11.626600 10.000000
v 22.851299 -14.309030 10.000000
v 28.124229 -15.131920 10.000000
v -63.848091 -18.334961 10.000000
v 43.012691 -17.623390 10.000000
v -21.567680 -15.935720 10.000000
v -14.742900 -16.943689 10.000000
v -21.357441 -14.367980 10.000000
v 19.159460 -27.225309 10.000000
v 28.309441 -27.192230 10.000000
v -39.546539 -18.576599 10.000000
v -23.609921 1.602077 10.000000
v -39.546391 3.406482 10.000000
v -26.732401 5.371288 10.000000
v -2.417518 5.706090 10.000000
v -51.125099 7.099820 10.000000
v -54.903992 6.474689 10.000000
v 36.663639 14.144400 10.000000
v 39.320919 13.372730 10.000000
v -42.716400 18.099060 10.000000
v -40.305161 19.637051 10.000000
v 8.786410 13.705100 10.000000
v 11.245350 14.726030 10.000000
v -65.806938 18.425980 10.000000
v 16.748341 26.356050 10.000000
v 64.889557 17.524389 10.000000
v 63.856560 18.811819 10.000000
v 72.248070 16.229710 10.000000
v 76.343391 20.292089 10.000000
v 73.958939 16.287510 10.000000
v 81.900322 20.557180 10.000000
v 89.204117 14.131030 10.000000
v 83.924110 13.533440 10.000000
v 86.799469 10.964210 10.000000
v 96.307747 10.533180 10.000000
v 91.301193 5.845286 10.000000
v 96.804207 7.529088 10.000000
v 91.080368 1.593108 10.000000
v 96.684143 1.430132 10.000000
v 100.503700 -4.070184 10.000000
v 90.569962 -4.685663 10.000000
v 80.965118 -14.730440 10.000000
v 87.475197 -18.896311 10.000000
v 86.038651 -21.150270 10.000000
v 72.793793 -16.085131 10.000000
v 76.295959 -19.139980 10.000000
v 69.172089 -18.971590 10.000000
v -97.901512 -5.603122 10.000000
v -90.603493 -4.326748 10.000000
v -93.694847 -10.288860 10.000000
v -82.394203 -14.808620 10.000000
v -80.804199 -15.070330 10.000000
v -91.863968 6.717164 10.000000
v -91.271088 8.764683 10.000000
v -88.389748 9.006547 10.000000
v -76.870667 20.529079 10.000000
v -77.377869 19.314060 10.000000
v -82.526001 22.021000 10.000000
v -70.003403 17.908581 10.000000
v -75.244293 -15.971340 10.000000
v -77.201912 -19.360109 10.000000
v -84.620300 -25.612440 10.000000
v 84.432243 25.751690 10.000000
v 42.856030 3.201537 0.000000
v -17.875549 4.278797 0.000000
v 40.434490 4.150186 0.000000
v 26.373600 5.571672 0.000000
v 33.216179 6.231116 0.000000
v 2.817005 5.718102 0.000000
v 40.915199 6.968148 0.000000
v 3.675623 11.658600 0.000000
v 24.271959 14.105260 0.000000
v 29.010170 14.471850 0.000000
v -64.947517 17.929581 0.000000
v -66.062210 18.960871 0.000000
v 42.729889 17.282761 0.000000
v 48.823540 18.781309 0.000000
v -14.127470 16.332069 0.000000
v 59.675301 24.150249 0.000000
v 29.858770 26.118410 0.000000
v -47.014751 18.169970 0.000000
v -40.007469 19.962740 0.000000
v -39.437069 18.412840 0.000000
v -68.935181 18.043011 0.000000
v -67.544907 18.435410 0.000000
v -23.328480 -2.203413 0.000000
v -39.525612 -3.114043 0.000000
v -26.893881 -5.436050 0.000000
v -2.403839 -5.721707 0.000000
v -45.696449 -11.178170 0.000000
v 38.778931 -13.285260 0.000000
v -42.716461 -18.099051 0.000000
v -40.305389 -19.637011 0.000000
v -65.812958 -18.425751 0.000000
v 29.159599 -27.323629 0.000000
v 67.410248 -17.857019 0.000000
v 67.622581 -19.623369 0.000000
v 77.400673 -20.066730 0.000000
v 81.814636 -22.181870 0.000000
v 82.046249 -20.970200 0.000000
v 89.788834 -17.092581 0.000000
v 80.082947 -15.174130 0.000000
v 92.636040 -9.838139 0.000000
v 97.046753 -7.611044 0.000000
v 91.462173 -4.743563 0.000000
v 97.901154 -3.951292 0.000000
v 90.468033 4.588104 0.000000
v 86.619362 18.169250 0.000000
v 73.010872 15.957470 0.000000
v 73.633614 17.358080 0.000000
v 83.207787 25.457590 0.000000
v 76.642143 19.453529 0.000000
v 67.755867 20.412781 0.000000
v -97.744331 5.969213 0.000000
v -89.182167 10.870270 0.000000
v -79.787170 15.615060 0.000000
v -88.781898 16.953680 0.000000
v -90.688889 -3.726164 0.000000
v -90.358223 -5.039638 0.000000
v -83.178818 -13.982920 0.000000
v -87.335960 -18.512760 0.000000
v -82.409119 -22.054760 0.000000
v -76.481796 -24.157030 0.000000
v -70.148491 -17.952400 0.000000
v -74.423126 16.332840 0.000000
v -86.713654 20.544991 0.000000
v -85.452080 20.830170 0.000000
v 83.586273 -24.564220 0.000000
v -89.978317 0.504927 4.000177
v -88.409233 6.693056 3.761934
v -88.705200 6.063908 6.188095
v -83.922058 12.032520 5.904768
v -81.290497 13.599580 4.056692
v -81.989166 13.257340 7.056750
v -81.600967 13.450140 5.608463
v -81.401909 -13.553440 5.092045
v -84.529480 -11.564830 3.733795
v -83.643288 -12.245740 6.213356
v -87.599152 -8.118445 8.712185
v -87.900124 -7.616990 5.769229
v -88.948990 -5.472251 6.153209
v -89.522110 -3.701509 3.968471
v -89.753059 -2.603853 4.945616
v -89.406197 -4.127471 5.544715
v 64.354988 10.552950 6.047971
v 64.459000 10.652150 8.772904
v 66.656357 12.450560 6.185522
v 66.285187 12.193670 8.740855
v 68.447891 13.483180 3.870789
v 68.108078 13.308580 6.302648
v 87.383163 8.444842 8.839272
v 87.331039 -8.515649 6.146226
v 67.690407 -13.077590 6.033956
v 68.251663 -13.383090 8.703199
v 65.826233 -11.855540 4.391668
v 66.274231 -12.185930 6.098006
v 64.555580 -10.750120 4.131273
v 73.215187 -30.000000 7.622102
v 74.980568 -29.993420 5.056452
v 84.360161 -28.493700 6.159772
v 85.793327 -27.978430 6.328734
v 87.259720 -27.371731 6.434808
v 90.302261 -25.798559 6.429176
v 101.314903 -14.392670 6.429101
v 103.322403 -9.864869 5.650969
v 104.784401 -3.511546 6.499696
v 104.909302 2.207487 6.657690
v 104.742401 3.833221 6.438751
v 104.466499 5.567661 5.879668
v 103.138397 10.377920 6.437068
v 101.978996 13.098150 6.375603
v 100.421097 15.915820 6.077569
v 99.418587 17.415359 5.987672
v 98.579674 18.532101 6.587368
v 97.694847 19.605881 6.503046
v 96.626427 20.775160 6.486646
v 95.491440 21.898609 6.487382
v 94.302132 22.950670 6.480618
v 93.101997 23.910460 6.438657
v 88.200249 26.928141 6.610877
v 86.773232 27.581610 6.735038
v 84.536423 28.434191 6.575586
v 83.005707 28.901550 6.486753
v 79.628166 29.636089 6.447675
v 74.891930 29.996300 5.107127
v -5.010451 -30.000000 1.025936
v -43.157612 -30.000000 3.878427
v 42.616119 -30.000000 6.406249
v 43.811440 -30.000000 5.672141
v -74.632248 29.997669 5.405941
v -80.694710 29.442980 6.137331
v -88.370430 26.845369 6.252825
v -91.878189 24.790039 5.874603
v -92.869759 24.087650 6.510149
v -93.967712 23.229490 6.475037
v -95.233879 22.134720 6.466175
v -97.628036 19.690559 6.408542
v -101.718102 13.616220 6.728333
v -102.545502 11.855650 6.441494
v -103.147003 10.347780 6.106616
v -104.148598 7.057888 7.426874
v -104.900299 2.376570 6.360393
v -104.979301 0.815368 6.285871
v -104.981003 -0.714827 6.331394
v -104.905998 -2.223983 6.399137
v -104.743401 -3.836562 6.216919
v -104.480904 -5.512425 6.391556
v -104.130898 -7.134479 6.311523
v -103.151703 -10.348260 6.177973
v -102.596603 -11.740480 6.342901
v -101.988098 -13.080330 6.425971
v -101.284103 -14.438340 6.370337
v -100.481201 -15.820280 6.262764
v -99.445999 -17.376410 6.008627
v -98.588837 -18.516041 6.525822
v -97.698349 -19.605169 6.273824
v -96.622818 -20.781771 6.376321
v -95.475929 -21.910469 6.455806
v -94.292763 -22.961599 6.480883
v -93.045303 -23.951550 6.485324
v -91.745850 -24.880119 6.472867
v -90.386147 -25.741930 6.399347
v -87.323898 -27.343321 5.772658
v -85.630569 -28.045839 6.352538
v -82.503777 -29.037580 6.470644
v -79.397118 -29.666889 6.789528
v -73.896439 -30.000000 5.006360
v -72.806458 -30.000000 2.608355
v 1.673866 -2.857027 10.000000
v 4.357162 -1.549553 10.000000
v -25.532440 -4.242185 10.000000
v 4.259849 -6.014512 10.000000
v 3.137388 -7.162946 10.000000
v 3.430166 -8.902798 10.000000
v -25.192841 -8.359703 10.000000
v -24.005819 -9.366779 10.000000
v 4.414741 -10.362720 10.000000
v 2.324875 -11.867980 10.000000
v -6.678608 -12.444870 10.000000
v -60.300640 -14.582290 10.000000
v -53.062290 -14.260410 10.000000
v -9.334164 -13.967930 10.000000
v 0.912151 -15.071810 10.000000
v 2.320691 -15.618500 10.000000
v 16.361050 -17.257799 10.000000
v 41.517879 -19.843189 10.000000
v 41.656219 -18.500389 10.000000
v -15.500760 -22.277510 10.000000
v -6.773491 -22.708830 10.000000
v -41.569851 -24.069901 10.000000
v -40.761051 -22.973810 10.000000
v -8.847848 -27.647730 10.000000
v -7.731205 -26.736670 10.000000
v -73.190689 -26.544901 10.000000
v -67.102547 -22.590651 10.000000
v -67.897339 -23.998600 10.000000
v -71.067543 -24.070459 10.000000
v -73.397301 -24.850201 10.000000
v 30.910789 1.357514 10.000000
v 24.469440 1.752246 10.000000
v 25.206249 2.932775 10.000000
v -4.235482 5.660022 10.000000
v 24.763950 6.271353 10.000000
v -3.560352 7.105203 10.000000
v -3.107494 8.497643 10.000000
v -3.135893 11.054590 10.000000
v 58.136360 11.949300 10.000000
v 28.665991 13.461160 10.000000
v 29.418470 15.503300 10.000000
v 57.733089 13.458660 10.000000
v 58.246140 18.360689 10.000000
v 2.266317 14.737850 10.000000
v 32.785130 19.894270 10.000000
v 9.519064 19.198900 10.000000
v -10.109360 25.997240 10.000000
v -39.757381 24.038000 10.000000
v -53.698589 22.660130 10.000000
v 72.071503 26.155951 10.000000
v 69.911530 24.393551 10.000000
v 71.457367 24.682871 10.000000
v 80.991920 23.949841 10.000000
v 83.500504 20.417589 10.000000
v 93.084839 18.673910 10.000000
v 98.578438 12.644510 10.000000
v 98.921051 -0.312173 10.000000
v 99.252724 -3.061543 10.000000
v 97.094231 -11.847880 10.000000
v 96.890907 -13.455100 10.000000
v 95.106194 -13.752830 10.000000
v 92.046799 -14.575970 10.000000
v 94.314827 -16.569811 10.000000
v 91.791840 -17.158831 10.000000
v 90.789047 -18.321960 10.000000
v 85.964119 -22.523781 10.000000
v 80.347481 -21.848631 10.000000
v 75.335381 -24.373211 10.000000
v 76.915543 -23.355841 10.000000
v 69.925133 -22.351200 10.000000
v 67.852287 -21.570021 10.000000
v 65.115463 -21.299860 10.000000
v -97.029030 -9.348851 10.000000
v -98.925117 -12.146440 10.000000
v -97.717888 -13.139080 10.000000
v -91.994926 -14.524730 10.000000
v -97.025452 -16.007099 10.000000
v -92.382118 -17.045700 10.000000
v -94.482391 -16.281530 10.000000
v -89.934624 -17.154520 10.000000
v -96.936813 10.750280 10.000000
v -96.118370 12.443510 10.000000
v -91.167007 15.833530 10.000000
v -93.536163 16.629169 10.000000
v -91.798721 18.064671 10.000000
v -87.014397 19.630859 10.000000
v -81.087921 22.674500 10.000000
v -76.681038 24.495550 10.000000
v -80.724579 25.169880 10.000000
v -71.765068 22.073940 10.000000
v -68.846046 21.704321 10.000000
v -68.005768 22.949249 10.000000
v -80.188667 -21.850090 10.000000
v -77.354012 -24.911421 10.000000
v -26.422279 0.890719 0.000000
v 1.799389 2.797806 0.000000
v 4.357876 1.549195 0.000000
v -24.425699 2.541035 0.000000
v -20.211040 4.772744 0.000000
v -18.784161 5.177332 0.000000
v 4.272584 6.026670 0.000000
v 3.216334 7.235212 0.000000
v 3.594220 8.803771 0.000000
v -25.798519 10.157170 0.000000
v 4.301957 10.256040 0.000000
v 1.411445 11.217980 0.000000
v -4.946989 12.984540 0.000000
v -54.417511 14.928090 0.000000
v -9.164175 14.251250 0.000000
v 8.886419 20.747881 0.000000
v 41.062832 19.818251 0.000000
v 45.642811 19.908710 0.000000
v -6.819522 23.138130 0.000000
v -41.750351 24.248819 0.000000
v -40.800732 22.944620 0.000000
v -16.555889 27.183950 0.000000
v -7.801997 27.229971 0.000000
v -66.870567 22.812811 0.000000
v -73.451561 25.299801 0.000000
v 30.886770 -1.360120 0.000000
v 24.456810 -1.693349 0.000000
v 25.200150 -2.920283 0.000000
v -3.803730 -3.059312 0.000000
v -4.214152 -5.633530 0.000000
v 24.497499 -6.003728 0.000000
v -3.557515 -7.110172 0.000000
v -3.102194 -8.509865 0.000000
v 26.756889 -8.912693 0.000000
v -3.096390 -10.963350 0.000000
v 16.080660 -13.178500 0.000000
v 23.628361 -14.025930 0.000000
v 54.211201 -13.878820 0.000000
v 57.697189 -19.099480 0.000000
v 2.497737 -14.818590 0.000000
v 1.080871 -14.512170 0.000000
v 32.703339 -19.474560 0.000000
v 9.720342 -20.745710 0.000000
v 9.234541 -19.270411 0.000000
v -9.998286 -22.845650 0.000000
v -39.807590 -23.979650 0.000000
v -53.670502 -22.606340 0.000000
v 72.673317 -27.527330 0.000000
v 65.330994 -21.797331 0.000000
v 71.627220 -24.505880 0.000000
v 80.575409 -22.989611 0.000000
v 94.942001 -20.581530 0.000000
v 91.133240 -16.181990 0.000000
v 97.894676 -15.283380 0.000000
v 100.080498 -0.276529 0.000000
v 100.745300 2.000628 0.000000
v 97.743347 8.908110 0.000000
v 93.165253 16.168209 0.000000
v 92.115997 17.168989 0.000000
v 91.361572 18.221870 0.000000
v 88.401611 18.727039 0.000000
v 82.029831 22.577921 0.000000
v 80.591652 22.529020 0.000000
v 76.688629 24.084490 0.000000
v 71.633972 26.827271 0.000000
v 69.558868 22.373341 0.000000
v 66.922272 21.893259 0.000000
v 65.676231 22.774950 0.000000
v -99.072197 8.580979 0.000000
v -98.794853 9.877895 0.000000
v -98.467171 11.345460 0.000000
v -96.724533 11.556620 0.000000
v -97.793961 12.878680 0.000000
v -90.983521 14.642460 0.000000
v -96.183296 16.903030 0.000000
v -100.335701 -7.289189 0.000000
v -97.658974 -7.442915 0.000000
v -95.482819 -15.468860 0.000000
v -90.219597 -18.444969 0.000000
v -87.418556 -21.332689 0.000000
v -84.308006 -20.413290 0.000000
v -81.496964 -23.221230 0.000000
v -78.027092 -23.964239 0.000000
v -81.523392 -26.131210 0.000000
v -72.932877 -23.863720 0.000000
v -71.321053 -23.148750 0.000000
v -68.871300 -21.701410 0.000000
v -68.012787 -22.914749 0.000000
v -86.746857 24.352989 0.000000
v -80.215828 21.691500 0.000000
v -81.118362 26.198940 0.000000
v -77.277893 24.551800 0.000000
v -84.004089 11.973760 3.303361
v -71.010803 14.446810 1.136604
v -66.477753 12.317940 8.706254
v -61.748371 7.017163 3.450311
v -61.938679 -7.336289 5.140658
v -70.668137 -14.346310 4.180187
v -85.529427 -10.667250 6.335669
v -86.735046 -9.324656 8.625445
v 78.617287 14.536490 1.163751
v 89.933823 -1.296899 9.101594
v 85.587677 -10.605500 6.664596
v 79.373001 -14.334100 3.790389
v 64.214661 -10.406510 7.849290
v 27.995951 30.000000 1.151906
v 59.936001 30.000000 3.021228
v -46.637081 30.000000 1.012150
v 52.554890 30.000000 4.121196
v -26.414570 30.000000 4.311110
v -64.962303 30.000000 4.639609
v -60.329460 30.000000 6.400308
v -61.760521 30.000000 7.348238
v -52.273449 30.000000 7.475689
v -62.789070 30.000000 8.712763
v 72.954773 -30.000000 2.259637
v 73.148430 -30.000000 4.968727
v 82.978867 -28.910299 4.164450
v 103.397400 -9.643430 4.053292
v 75.637718 29.981449 6.824979
v 71.081978 30.000000 5.891089
v 69.721413 30.000000 5.056885
v -59.690392 -30.000000 2.834205
v -61.211090 -30.000000 2.882960
v -53.343090 -30.000000 4.380487
v -15.555390 -30.000000 6.085138
v -26.571609 -30.000000 6.064657
v 27.221861 -30.000000 5.036024
v 19.006330 -30.000000 4.388732
v 60.865570 -30.000000 1.296860
v 53.794609 -30.000000 2.456701
v 16.526220 -30.000000 8.597323
v 59.815762 -30.000000 6.608080
v 61.438560 -30.000000 6.608753
v 52.495090 -30.000000 6.615098
v -70.257263 30.000000 4.057180
v -72.782784 30.000000 2.189445
v -73.363358 30.000000 4.939200
v -90.391960 25.741800 4.020434
v -76.447021 -29.954359 5.409873
v -70.617722 -30.000000 6.089962
v 45.601189 -0.018653 10.000000
v 29.793890 0.450102 10.000000
v -0.462307 1.428978 10.000000
v 26.074039 -1.024647 10.000000
v -44.861130 -2.010520 10.000000
v -40.214920 -3.550256 10.000000
v -30.803141 -1.782524 10.000000
v 24.956989 -2.115515 10.000000
v 9.672509 -3.302679 10.000000
v 12.160180 -3.039844 10.000000
v -3.782111 -3.353738 10.000000
v -37.590618 -1.985350 10.000000
v -3.552599 -4.972084 10.000000
v -40.072109 -5.101985 10.000000
v 24.280899 -6.021103 10.000000
v -39.136890 -8.765572 10.000000
v -41.709728 -10.139110 10.000000
v 14.038850 -9.772270 10.000000
v 24.954969 -10.172250 10.000000
v -40.619652 -11.248750 10.000000
v 57.401291 -11.156760 10.000000
v -43.573429 -11.638660 10.000000
v 21.396860 -11.866030 10.000000
v -58.541370 -12.089190 10.000000
v 52.739479 -14.480140 10.000000
v 57.674961 -14.882040 10.000000
v 58.434170 -13.614940 10.000000
v 43.593601 -13.213190 10.000000
v 13.968440 -11.378020 10.000000
v -0.488564 -12.256610 10.000000
v -65.026131 -14.151520 10.000000
v -67.426949 -15.813710 10.000000
v -65.806030 -15.609290 10.000000
v 36.214352 -13.559060 10.000000
v 52.966850 -16.129919 10.000000
v -0.624569 -14.727100 10.000000
v -31.996321 -15.954600 10.000000
v -8.708094 -19.018030 10.000000
v 40.210659 -21.554689 10.000000
v 46.849171 -27.534340 10.000000
v 53.290760 -26.689011 10.000000
v 63.972500 -27.572670 10.000000
v 55.407700 -27.766609 10.000000
v 62.701870 -28.734159 10.000000
v 10.062230 -27.230080 10.000000
v 9.198359 -28.772680 10.000000
v -23.035469 -20.699471 10.000000
v -15.182140 -20.511089 10.000000
v -48.340160 -20.714109 10.000000
v -59.397491 -23.287239 10.000000
v -67.672508 -19.898951 10.000000
v -44.495571 0.836661 10.000000
v -40.170750 0.981027 10.000000
v -45.807201 0.162609 10.000000
v -38.396851 2.863655 10.000000
v -39.864799 2.256029 10.000000
v -13.173550 2.718733 10.000000
v 3.952637 2.339969 10.000000
v 53.651939 1.453305 10.000000
v -41.126980 3.296676 10.000000
v -47.596191 3.895066 10.000000
v -25.230730 2.183642 10.000000
v 3.052501 3.536948 10.000000
v -12.219640 4.114997 10.000000
v 3.239969 5.054872 10.000000
v -36.008072 6.212118 10.000000
v -44.226360 5.685540 10.000000
v 53.430099 5.379398 10.000000
v -20.485979 7.024809 10.000000
v 0.739353 6.988681 10.000000
v 54.026310 6.603024 10.000000
v -18.798281 7.363985 10.000000
v -41.320801 8.695415 10.000000
v -40.890060 9.884735 10.000000
v -39.521912 9.807966 10.000000
v -28.718090 9.929514 10.000000
v -18.405479 9.939991 10.000000
v 2.065819 11.227210 10.000000
v 56.966610 10.931730 10.000000
v 3.354877 12.126180 10.000000
v -44.053810 12.984590 10.000000
v 52.634579 12.974690 10.000000
v 49.049389 14.553790 10.000000
v -47.906120 15.973530 10.000000
v -8.093716 13.923060 10.000000
v -13.724920 14.660920 10.000000
v -6.956445 18.047421 10.000000
v -6.163852 19.362881 10.000000
v -13.825740 18.042990 10.000000
v -34.483799 13.476780 10.000000
v -11.492860 13.103230 10.000000
v -58.073158 18.206400 10.000000
v -51.954029 14.479950 10.000000
v -57.708599 15.272890 10.000000
v -19.396761 21.643169 10.000000
v 15.271450 16.104971 10.000000
v 28.787050 16.762690 10.000000
v 41.522240 19.827230 10.000000
v 26.901480 21.405649 10.000000
v 27.083139 23.947510 10.000000
v -67.464783 15.843690 10.000000
v -65.958031 15.841770 10.000000
v -66.561272 14.455740 10.000000
v 17.375971 24.208771 10.000000
v 13.216030 23.639790 10.000000
v 50.968948 25.805929 10.000000
v 12.343140 28.741619 10.000000
v -62.588211 28.925489 10.000000
v 69.924469 20.358330 10.000000
v 71.318657 20.650820 10.000000
v 66.995773 19.586290 10.000000
v 69.203812 16.386440 10.000000
v 70.403137 15.496750 10.000000
v 80.271713 26.994970 10.000000
v 74.727463 17.591150 10.000000
v 78.455933 18.605350 10.000000
v 78.751900 21.085501 10.000000
v 90.536789 21.760530 10.000000
v 90.422058 22.958860 10.000000
v 77.757561 15.972880 10.000000
v 91.807564 19.540239 10.000000
v 95.537514 20.192360 10.000000
v 80.843513 14.849910 10.000000
v 83.807053 15.216890 10.000000
v 87.900482 13.217910 10.000000
v 87.703629 14.637860 10.000000
v 99.500603 14.928180 10.000000
v 99.248413 9.752132 10.000000
v 97.769028 10.137180 10.000000
v 93.662758 10.634020 10.000000
v 92.211723 6.831151 10.000000
v 99.253242 4.532241 10.000000
v 95.997147 2.887512 10.000000
v 103.817902 2.094764 10.000000
v 92.255333 -2.570397 10.000000
v 92.204803 -4.358995 10.000000
v 103.009300 -6.040600 10.000000
v 101.547798 -6.588073 10.000000
v 95.530579 -7.084032 10.000000
v 94.025597 -7.213132 10.000000
v 89.637421 -7.299104 10.000000
v 90.542183 -9.534227 10.000000
v 100.701302 -13.005720 10.000000
v 89.338501 -12.202060 10.000000
v 98.487701 -14.101660 10.000000
v 89.962784 -13.734300 10.000000
v 98.659653 -15.759400 10.000000
v 95.603798 -16.439150 10.000000
v 82.167809 -17.315180 10.000000
v 82.196243 -19.919241 10.000000
v 87.680328 -24.329981 10.000000
v 78.935867 -21.051161 10.000000
v 76.248322 -20.911819 10.000000
v 80.848160 -27.169260 10.000000
v 77.379707 -27.021610 10.000000
v 74.781097 -20.098391 10.000000
v 69.540207 -15.090290 10.000000
v 66.486366 -19.342421 10.000000
v 66.841614 -15.474820 10.000000
v -91.050163 -1.561336 10.000000
v -90.889999 -3.007780 10.000000
v -103.157600 -4.753557 10.000000
v -91.818710 -6.704426 10.000000
v -86.285797 -11.139510 10.000000
v -92.691406 -13.082420 10.000000
v -95.121948 -17.731199 10.000000
v -81.642349 -16.025459 10.000000
v -88.766258 -18.171301 10.000000
v -97.299393 5.442405 10.000000
v -96.917526 3.683778 10.000000
v -96.300873 6.359620 10.000000
v -94.779510 5.717965 10.000000
v -90.329430 6.276384 10.000000
v -90.946007 7.681081 10.000000
v -101.185699 6.317470 10.000000
v -92.412987 7.821128 10.000000
v -100.087700 10.950870 10.000000
v -100.946701 12.061060 10.000000
v -83.700363 14.042710 10.000000
v -96.413193 16.600000 10.000000
v -97.602020 17.472130 10.000000
v -94.405952 17.981871 10.000000
v -93.973923 21.471390 10.000000
v -78.552879 16.216459 10.000000
v -91.622879 20.793831 10.000000
v -82.740540 17.737129 10.000000
v -80.484039 18.631149 10.000000
v -81.417763 19.719900 10.000000
v -88.699142 25.034710 10.000000
v -79.984688 20.150881 10.000000
v -82.303772 23.505650 10.000000
v -79.707748 22.177481 10.000000
v -76.248047 21.858971 10.000000
v -77.026314 25.983780 10.000000
v -77.537376 27.549379 10.000000
v -75.340973 20.527260 10.000000
v -71.815308 17.868240 10.000000
v -73.218483 22.093861 10.000000
v -71.143318 20.694469 10.000000
v -68.187317 20.158819 10.000000
v -72.551933 -16.073469 10.000000
v -73.442467 -20.465879 10.000000
v -73.923569 -16.091419 10.000000
v -75.998283 -21.459160 10.000000
v -87.130302 -23.437731 10.000000
v -80.776337 -20.503361 10.000000
v -86.972107 -25.042040 10.000000
v -78.941063 -16.855700 10.000000
v -74.975616 -17.440781 10.000000
v -79.239151 -20.771490 10.000000
v -78.476593 -19.742279 10.000000
v -88.177078 -25.701679 10.000000
v -82.221024 -22.974510 10.000000
v -79.970093 -28.523380 10.000000
v -78.554153 -28.054159 10.000000
v 83.525864 26.879230 10.000000
v 78.306793 28.535700 10.000000
v 45.343929 -0.092494 0.000000
v 29.802759 -0.437781 0.000000
v -0.702280 -0.493278 0.000000
v 26.176800 1.012478 0.000000
v -44.525150 2.047453 0.000000
v -40.194408 3.364106 0.000000
v -31.035789 1.894881 0.000000
v 25.473459 1.945820 0.000000
v 9.672422 3.303401 0.000000
v 12.158620 3.035379 0.000000
v -42.839539 2.603374 0.000000
v -2.957739 4.236248 0.000000
v -40.183620 4.802770 0.000000
v -54.399212 4.881549 0.000000
v 23.731251 6.437966 0.000000
v -54.803879 6.601088 0.000000
v 42.701408 10.348580 0.000000
v 25.260900 10.180670 0.000000
v -56.810329 11.453910 0.000000
v -58.207619 12.294210 0.000000
v 42.863400 12.979830 0.000000
v 12.832150 11.968350 0.000000
v -52.602329 13.051690 0.000000
v 51.664539 13.134580 0.000000
v 15.580870 12.884490 0.000000
v 16.979200 13.541190 0.000000
v 3.438971 13.293050 0.000000
v -64.908737 15.356390 0.000000
v -64.052139 16.697170 0.000000
v -66.576637 15.730150 0.000000
v 58.430691 16.914721 0.000000
v -1.073858 14.325600 0.000000
v 0.335421 15.096500 0.000000
v -8.869991 19.141590 0.000000
v -4.680094 18.275181 0.000000
v 34.636429 23.908340 0.000000
v 41.173100 23.606859 0.000000
v 46.073490 26.211121 0.000000
v 53.121090 26.474180 0.000000
v 61.099030 28.251900 0.000000
v 11.679320 23.804350 0.000000
v 20.220200 24.740440 0.000000
v 10.000210 27.365841 0.000000
v 9.331511 28.798691 0.000000
v -23.056900 19.008780 0.000000
v -22.966299 20.588610 0.000000
v -57.093929 20.178749 0.000000
v -47.952011 20.648180 0.000000
v -59.205849 23.836611 0.000000
v -67.337822 20.122520 0.000000
v -67.833344 16.937269 0.000000
v -70.716599 20.604059 0.000000
v -69.324730 16.753410 0.000000
v -70.821609 16.555941 0.000000
v -44.041229 -0.499979 0.000000
v -40.491879 -0.964735 0.000000
v -13.230480 -1.205305 0.000000
v -45.511959 -0.771592 0.000000
v -40.348141 -2.153935 0.000000
v -14.785690 -1.722660 0.000000
v -12.431550 -2.460881 0.000000
v 3.974985 -2.306077 0.000000
v -41.289780 -3.247212 0.000000
v -47.236820 -2.979635 0.000000
v -24.575109 -2.271759 0.000000
v 3.057007 -3.489970 0.000000
v -12.891130 -4.998610 0.000000
v 3.226557 -5.020698 0.000000
v -36.007519 -6.211843 0.000000
v -44.332520 -5.825213 0.000000
v -12.127470 -6.303500 0.000000
v 53.379108 -5.333535 0.000000
v -20.342461 -6.847257 0.000000
v 0.737938 -7.044641 0.000000
v 54.183090 -6.489379 0.000000
v -18.766979 -7.352159 0.000000
v -41.508610 -8.813497 0.000000
v -40.873680 -9.930140 0.000000
v -39.520050 -9.810114 0.000000
v -29.180950 -10.252290 0.000000
v -18.406210 -9.939259 0.000000
v 56.262360 -10.588520 0.000000
v 57.572311 -10.802390 0.000000
v -43.956249 -11.240670 0.000000
v 4.254060 -12.386710 0.000000
v 58.006439 -12.195140 0.000000
v -43.862999 -12.978420 0.000000
v 52.833118 -13.406650 0.000000
v 47.694618 -13.764160 0.000000
v -47.889050 -15.996060 0.000000
v -8.201542 -13.992390 0.000000
v -7.506930 -15.599710 0.000000
v -13.821470 -14.562920 0.000000
v -6.999894 -18.389151 0.000000
v -6.380334 -19.761431 0.000000
v -34.483849 -13.476790 0.000000
v -11.538830 -13.072640 0.000000
v -58.073879 -18.211620 0.000000
v -57.700508 -15.239360 0.000000
v -19.188200 -21.036690 0.000000
v 10.806050 -15.277170 0.000000
v 28.441629 -16.708780 0.000000
v 30.546860 -17.354151 0.000000
v 42.503239 -19.389481 0.000000
v 41.091110 -20.072580 0.000000
v 18.952410 -23.357800 0.000000
v 59.318760 -23.334570 0.000000
v 62.946499 -28.698021 0.000000
v -67.408867 -15.837390 0.000000
v -65.959877 -15.841570 0.000000
v -66.564247 -14.455230 0.000000
v 17.698429 -24.567720 0.000000
v 13.338660 -25.288010 0.000000
v 52.417030 -26.472919 0.000000
v 45.790611 -27.598551 0.000000
v 20.520580 -29.000601 0.000000
v 11.862240 -28.674200 0.000000
v -62.087040 -28.697920 0.000000
v 68.137993 -14.981390 0.000000
v 64.338463 -20.583380 0.000000
v 64.796547 -19.157459 0.000000
v 72.665382 -16.135010 0.000000
v 73.402283 -18.914511 0.000000
v 75.485603 -22.108910 0.000000
v 75.009743 -17.778820 0.000000
v 78.834053 -20.953230 0.000000
v 87.918182 -25.720409 0.000000
v 89.316093 -24.952370 0.000000
v 81.323151 -19.523371 0.000000
v 94.101723 -21.766899 0.000000
v 90.676788 -19.529150 0.000000
v 91.368393 -17.882401 0.000000
v 88.227737 -16.663200 0.000000
v 97.184624 -18.158070 0.000000
v 88.862892 -12.981860 0.000000
v 99.584122 -14.340110 0.000000
v 99.649521 -12.559520 0.000000
v 88.140511 -9.366850 0.000000
v 92.147942 -7.539851 0.000000
v 99.436996 -4.069000 0.000000
v 94.704430 -1.255400 0.000000
v 103.844803 0.205382 0.000000
v 103.472801 3.915685 0.000000
v 90.082527 6.153610 0.000000
v 89.540649 7.848012 0.000000
v 90.095863 9.459427 0.000000
v 101.959099 8.793882 0.000000
v 91.680733 9.833869 0.000000
v 87.160202 12.500380 0.000000
v 91.735100 13.683620 0.000000
v 92.922501 22.651899 0.000000
v 82.461151 19.838091 0.000000
v 89.707413 24.225321 0.000000
v 77.979698 18.809521 0.000000
v 82.555908 24.076941 0.000000
v 77.907921 26.811119 0.000000
v 72.445473 20.248060 0.000000
v 72.160797 17.325020 0.000000
v 71.423523 15.873110 0.000000
v 70.704483 17.345400 0.000000
v 67.092148 16.213900 0.000000
v 65.520531 19.035320 0.000000
v -90.623741 4.188889 0.000000
v -103.627502 4.864048 0.000000
v -87.710213 10.145290 0.000000
v -90.961327 9.265440 0.000000
v -90.335114 10.317740 0.000000
v -86.780670 11.618540 0.000000
v -86.446472 12.990690 0.000000
v -95.150818 17.930031 0.000000
v -87.785629 17.748590 0.000000
v -94.173370 19.018299 0.000000
v -102.671303 -0.606691 0.000000
v -96.587723 -2.684353 0.000000
v -93.256706 -4.777193 0.000000
v -96.985474 -4.290734 0.000000
v -91.369682 -6.090448 0.000000
v -103.313904 -5.848029 0.000000
v -95.777863 -5.222724 0.000000
v -101.507004 -7.508458 0.000000
v -89.995338 -8.637372 0.000000
v -88.504494 -8.781746 0.000000
v -87.953163 -10.361140 0.000000
v -90.689682 -10.163410 0.000000
v -84.541443 -14.547970 0.000000
v -97.856789 -16.937731 0.000000
v -96.921494 -18.178600 0.000000
v -85.903877 -15.287570 0.000000
v -82.947273 -16.532511 0.000000
v -95.264923 -18.144590 0.000000
v -91.988907 -21.116190 0.000000
v -82.592651 -18.129910 0.000000
v -79.890312 -18.572750 0.000000
v -88.477921 -25.309589 0.000000
v -80.039589 -20.142469 0.000000
v -79.341026 -21.524771 0.000000
v -75.843384 -18.309799 0.000000
v -76.925484 -22.519859 0.000000
v -77.220154 -26.571390 0.000000
v -75.605927 -19.800409 0.000000
v -71.728027 -18.419580 0.000000
v -72.906921 -22.437130 0.000000
v -68.194656 -20.166019 0.000000
v -76.228416 21.517981 0.000000
v -87.497528 23.020700 0.000000
v -81.430687 19.100800 0.000000
v -87.781616 25.639320 0.000000
v -79.298714 17.490141 0.000000
v -92.769783 22.443251 0.000000
v -75.165993 17.576960 0.000000
v -79.253571 20.501181 0.000000
v -82.469559 22.775009 0.000000
v 82.430733 -23.437220 0.000000
v -89.979767 -0.504904 7.116322
v 85.961517 10.220290 3.392889
v 87.413689 -8.396913 4.436760
v -26.013969 30.000000 5.778201
v -12.788960 30.000000 7.043646
v 73.659538 29.999969 4.013569
v 25.882521 -30.000000 6.000229
v 7.158492 -30.000000 7.239807
v 12.403060 -30.000000 7.153674
v -72.702057 -30.000000 4.000027
v -1.630663 -6.620525 10.000000
v -0.756651 -7.674219 10.000000
v 1.874012 -12.974020 10.000000
v 33.578270 -16.323561 10.000000
v 14.908670 -13.848440 10.000000
v 11.013510 -17.524830 10.000000
v -32.676849 -22.274071 10.000000
v -6.963927 -25.736010 10.000000
v -6.867311 -24.391510 10.000000
v -68.964508 -22.798019 10.000000
v 1.645396 4.270513 10.000000
v 2.032494 9.571551 10.000000
v 0.750578 12.008160 10.000000
v 28.048080 12.076160 10.000000
v 59.127151 17.315359 10.000000
v 29.517481 17.837330 10.000000
v 31.276060 20.196119 10.000000
v 26.045080 19.393829 10.000000
v -6.162727 24.572889 10.000000
v -32.488800 22.575510 10.000000
v 68.641113 23.898830 10.000000
v 73.559196 26.494711 10.000000
v 79.346909 24.732981 10.000000
v 77.968132 24.178440 10.000000
v 95.329277 14.932330 10.000000
v 97.122391 13.091420 10.000000
v 101.106697 7.846203 10.000000
v 101.470596 3.324809 10.000000
v 101.732300 -5.051519 10.000000
v 90.116783 -19.380541 10.000000
v 86.259750 -23.932131 10.000000
v 78.708138 -22.644930 10.000000
v 71.741913 -25.975260 10.000000
v 71.438148 -22.510759 10.000000
v 69.427437 -24.983450 10.000000
v -102.092102 -9.652177 10.000000
v -99.723396 -14.340460 10.000000
v -96.624924 -14.249830 10.000000
v -101.519203 5.152833 10.000000
v -101.173401 8.757539 10.000000
v -99.988388 9.563349 10.000000
v -98.371597 13.308790 10.000000
v -89.825661 22.755600 10.000000
v -78.647057 23.011881 10.000000
v -79.314629 25.122780 10.000000
v -70.263924 24.544140 10.000000
v -89.561127 -25.011850 10.000000
v -81.223923 -23.981590 10.000000
v -78.720039 -24.904739 10.000000
v -1.764980 8.513023 0.000000
v -1.681612 10.148350 0.000000
v -4.299981 14.284850 0.000000
v 14.189880 14.111210 0.000000
v 13.041440 14.970270 0.000000
v 7.951143 17.853319 0.000000
v 24.227930 17.245800 0.000000
v -31.648550 22.732080 0.000000
v -25.391100 25.742611 0.000000
v -7.103823 25.756390 0.000000
v -6.556712 24.513309 0.000000
v -69.393402 22.846390 0.000000
v -70.775208 22.207701 0.000000
v -73.283691 26.429750 0.000000
v 1.633661 -4.271455 0.000000
v 1.839257 -9.360585 0.000000
v 1.226272 -11.886000 0.000000
v 0.809529 -13.300410 0.000000
v 59.434959 -15.962990 0.000000
v 57.845821 -16.350361 0.000000
v 39.434811 -14.887070 0.000000
v 21.827391 -17.270130 0.000000
v 31.329250 -20.088730 0.000000
v 25.776310 -19.576120 0.000000
v -6.989802 -25.199490 0.000000
v -35.571369 -23.331409 0.000000
v -32.600769 -22.713030 0.000000
v 67.668121 -23.849211 0.000000
v 67.928497 -22.373960 0.000000
v 70.121696 -21.314369 0.000000
v 71.165154 -22.791639 0.000000
v 73.777496 -26.319620 0.000000
v 78.624313 -25.166750 0.000000
v 85.309593 -24.312090 0.000000
v 100.360397 -5.272536 0.000000
v 102.431602 1.166266 0.000000
v 101.945000 5.718209 0.000000
v 87.201683 24.586800 0.000000
v 80.393280 25.505920 0.000000
v 74.024399 27.240980 0.000000
v 71.415047 25.248659 0.000000
v -100.065399 7.478333 0.000000
v -100.648003 13.397960 0.000000
v -96.068176 15.354160 0.000000
v -101.999603 -5.243906 0.000000
v -99.700317 -9.329617 0.000000
v -97.112640 -15.505700 0.000000
v -91.082832 -19.774179 0.000000
v -78.630508 -22.715281 0.000000
v -79.053848 -25.076981 0.000000
v -80.538383 -24.598980 0.000000
v -70.368042 -24.490061 0.000000
v -89.522491 20.370350 0.000000
v -80.535797 24.929350 0.000000
v -78.946533 24.815990 0.000000
v -88.859947 5.683521 1.263371
v -85.169868 11.001690 3.457988
v -84.477333 11.611780 7.101294
v -85.287376 10.894940 8.394132
v -83.148979 12.569490 2.127613
v -70.586212 14.321580 5.708183
v -60.934921 5.168633 3.090843
v -60.058849 1.176306 6.989289
v -61.756210 -7.015926 3.785095
v -69.785263 -14.051060 5.678045
v -87.349297 -8.483396 3.346105
v -89.355324 -4.284315 1.378858
v -89.851143 -1.980263 7.293799
v 61.289200 6.049842 2.638710
v 67.321648 12.866160 1.156429
v 71.366180 14.541050 3.753177
v 79.437653 14.313250 6.746916
v 88.453987 6.602077 3.522591
v 89.479218 3.862769 6.494676
v 89.418053 -4.061624 3.334560
v 83.748909 -12.165530 6.535822
v 80.888184 -13.775280 6.382363
v 67.331329 -12.876830 1.464430
v 63.967701 -10.137950 6.569698
v 62.083870 30.000000 1.440461
v 37.440430 30.000000 5.052583
v 37.291672 30.000000 6.558987
v -42.265148 30.000000 2.394694
v -44.856140 30.000000 7.281020
v -61.490471 30.000000 8.863690
v 68.532272 -30.000000 7.515940
v 70.051682 -30.000000 7.713912
v 72.198082 -30.000000 3.642192
v 80.259193 -29.522770 8.861904
v 82.302238 -29.086651 1.271770
v 82.901253 -28.929070 8.254548
v 83.811752 -28.664949 1.425973
v 88.327553 -26.866240 8.868759
v 91.567497 -24.992241 8.856650
v 101.966301 -13.113000 8.844005
v 103.039398 -10.638950 1.427241
v 104.679802 -4.277535 7.785832
v 102.655701 11.595560 8.828485
v 101.243599 14.505380 8.825109
v 80.267128 29.522640 1.412412
v 79.189911 29.695881 2.635304
v 76.612984 29.943380 1.610500
v 70.856720 30.000000 7.452101
v 72.297653 30.000000 5.022585
v -37.391319 -30.000000 5.025062
v -43.599018 -30.000000 5.354803
v -37.616699 -30.000000 6.661919
v 63.037048 -30.000000 3.628846
v 44.789379 -30.000000 8.737747
v -72.363724 30.000000 6.023470
v -73.016434 30.000000 3.432423
v -79.697357 29.619551 8.761825
v -87.528778 27.245199 9.029241
v -91.679947 24.926510 8.652842
v -96.651672 20.744381 8.841586
v -98.753609 18.300751 8.781864
v -101.027199 14.896460 8.959126
v -104.304802 6.369958 8.716873
v -104.782303 3.502668 8.831846
v -104.931396 -1.861442 8.810021
v -100.314003 -16.072399 8.824665
v -79.015404 -29.716570 8.535939
v -76.890877 -29.930149 1.430851
v -74.995163 -29.994860 7.642447
v -72.291168 -30.000000 5.545857
v -70.806847 -30.000000 7.583472
v -30.584761 -0.115539 10.000000
v -11.388530 0.375834 10.000000
v 11.130050 0.044331 10.000000
v -22.794870 -2.212801 10.000000
v -33.696880 -3.984230 10.000000
v -11.430650 -5.622782 10.000000
v 40.533569 -5.646269 10.000000
v -13.115770 -8.403918 10.000000
v -11.648220 -8.388166 10.000000
v -30.374241 -8.611687 10.000000
v 55.138199 -7.753618 10.000000
v -35.367668 -10.202470 10.000000
v 34.116119 -11.651920 10.000000
v -20.426291 -11.787740 10.000000
v 32.648220 -12.333160 10.000000
v 38.263649 -12.186290 10.000000
v -67.087593 -18.469801 10.000000
v -66.499443 -17.108810 10.000000
v 36.500160 -16.071951 10.000000
v 40.394058 -17.536650 10.000000
v 54.018181 -19.999960 10.000000
v 56.958271 -19.127510 10.000000
v -22.755850 -18.295019 10.000000
v 57.712711 -21.442381 10.000000
v 46.393459 -24.530581 10.000000
v 66.456757 -23.926889 10.000000
v 37.211830 -25.850109 10.000000
v 11.384380 -26.179230 10.000000
v -33.677189 -16.151119 10.000000
v -48.464050 -15.808070 10.000000
v -39.609699 -20.313459 10.000000
v -34.684570 -26.977650 10.000000
v -36.810799 -28.785740 10.000000
v -68.379990 -18.835480 10.000000
v -69.975197 -16.920860 10.000000
v -17.566040 1.124751 10.000000
v -53.809780 2.362419 10.000000
v -52.498901 2.063403 10.000000
v -54.047989 5.116530 10.000000
v -48.480282 5.346692 10.000000
v -0.913875 5.170085 10.000000
v -39.290749 7.099765 10.000000
v -54.850788 7.817584 10.000000
v -43.185989 11.376620 10.000000
v -29.276991 14.512530 10.000000
v -6.288194 16.616280 10.000000
v -7.838409 16.684099 10.000000
v -29.880871 20.693520 10.000000
v 5.543116 14.105650 10.000000
v 15.696490 14.821870 10.000000
v 17.183540 14.777230 10.000000
v 18.167311 16.079430 10.000000
v 23.767000 16.546480 10.000000
v -65.057190 17.003531 10.000000
v 29.080000 28.810310 10.000000
v -31.652630 27.652719 10.000000
v 63.189201 17.333300 10.000000
v 66.506317 18.087999 10.000000
v 68.477753 20.004000 10.000000
v 67.978607 18.578800 10.000000
v 70.825470 17.162741 10.000000
v 73.802696 20.436520 10.000000
v 73.938110 18.818550 10.000000
v 75.034882 19.915279 10.000000
v 76.968697 18.821609 10.000000
v 77.315086 21.567829 10.000000
v 82.420403 19.075470 10.000000
v 81.579758 16.841520 10.000000
v 79.315353 15.560220 10.000000
v 81.985786 15.465230 10.000000
v 86.663681 12.366920 10.000000
v 86.505074 13.816810 10.000000
v 89.525269 11.261800 10.000000
v 101.929298 10.602430 10.000000
v 98.905457 11.269880 10.000000
v 89.957657 8.329152 10.000000
v 98.322922 7.243021 10.000000
v 98.565697 3.195046 10.000000
v 99.831657 0.922354 10.000000
v 92.477661 -0.843186 10.000000
v 93.644859 -1.896526 10.000000
v 100.101997 -7.133535 10.000000
v 90.187370 -6.030638 10.000000
v 88.977829 -8.861130 10.000000
v 86.817078 -11.487640 10.000000
v 81.603821 -15.822780 10.000000
v 88.804390 -21.343380 10.000000
v 76.209961 -17.975241 10.000000
v 84.421623 -25.291740 10.000000
v 74.684570 -18.359150 10.000000
v 77.522873 -21.776819 10.000000
v 84.688683 -23.622480 10.000000
v 71.808151 -18.568300 10.000000
v 67.701370 -18.420959 10.000000
v 67.925369 -19.936600 10.000000
v 66.241837 -17.900021 10.000000
v -94.187477 -2.583562 10.000000
v -93.695679 -3.734160 10.000000
v -98.259552 -4.384650 10.000000
v -91.769997 -5.293327 10.000000
v -99.865158 -6.713015 10.000000
v -89.517563 -7.135675 10.000000
v -88.365120 -9.826334 10.000000
v -87.367012 -10.473660 10.000000
v -85.437607 -12.179700 10.000000
v -87.158218 -17.745211 10.000000
v -91.347870 -17.757900 10.000000
v -100.672699 2.258370 10.000000
v -99.969780 4.992348 10.000000
v -91.927254 5.414591 10.000000
v -99.764992 8.015374 10.000000
v -89.277237 7.798335 10.000000
v -89.949493 8.893791 10.000000
v -87.656052 13.169340 10.000000
v -94.187897 15.169080 10.000000
v -84.449348 15.581330 10.000000
v -73.015182 19.235319 10.000000
v -77.837379 21.775190 10.000000
v -84.026390 27.216000 10.000000
v -69.730782 20.474070 10.000000
v -67.465790 18.629141 10.000000
v -71.284767 -16.392910 10.000000
v -84.525200 -23.003071 10.000000
v -76.743813 -17.915739 10.000000
v -77.586983 -20.902309 10.000000
v -76.268913 -20.237801 10.000000
v -82.636673 -24.386280 10.000000
v -84.010643 -24.479300 10.000000
v -84.567101 -26.971300 10.000000
v -30.623381 0.219954 0.000000
v -32.142010 0.868570 0.000000
v -27.657400 0.292435 0.000000
v 11.134160 -0.042075 0.000000
v -22.903040 2.339417 0.000000
v -14.510470 1.569005 0.000000
v -30.078011 2.747575 0.000000
v -17.110001 1.601087 0.000000
v -31.349609 3.520196 0.000000
v 40.592289 5.604704 0.000000
v 31.851040 7.248910 0.000000
v 55.019989 7.659743 0.000000
v 54.611561 9.170031 0.000000
v -27.599831 11.916920 0.000000
v 33.844231 12.039970 0.000000
v -36.272499 13.338510 0.000000
v 34.528561 16.107670 0.000000
v 29.379810 13.028930 0.000000
v -65.347343 16.700529 0.000000
v 40.305618 14.128700 0.000000
v 36.134190 15.428100 0.000000
v 40.316010 18.488319 0.000000
v 55.863369 19.744711 0.000000
v -23.459591 17.339140 0.000000
v -7.022546 17.838320 0.000000
v -5.939335 16.973249 0.000000
v 51.479351 24.681549 0.000000
v 58.162479 25.119329 0.000000
v 11.327160 26.440371 0.000000
v 28.459110 28.804050 0.000000
v 36.951771 28.544661 0.000000
v -31.991421 15.660100 0.000000
v -34.790600 27.067459 0.000000
v -60.960030 25.956369 0.000000
v -36.842731 28.771900 0.000000
v -69.046806 20.418461 0.000000
v -71.046837 15.423530 0.000000
v -18.400410 -1.325499 0.000000
v -10.095430 -1.479367 0.000000
v -53.152950 -2.029797 0.000000
v -47.277111 -5.389639 0.000000
v -0.906186 -5.194939 0.000000
v -39.292900 -7.099688 0.000000
v -56.601879 -10.754230 0.000000
v 27.642691 -12.713450 0.000000
v -51.342381 -13.546010 0.000000
v -42.685188 -11.886090 0.000000
v 36.376781 -15.465910 0.000000
v 37.216331 -12.961370 0.000000
v -29.277710 -14.512660 0.000000
v -7.817842 -17.141899 0.000000
v -29.882160 -20.693920 0.000000
v 6.244036 -14.113230 0.000000
v 14.825990 -15.289290 0.000000
v 17.679991 -15.452170 0.000000
v 18.419979 -16.861240 0.000000
v 34.084320 -22.820351 0.000000
v 45.053001 -24.622219 0.000000
v 36.056782 -24.544950 0.000000
v -65.058487 -17.003590 0.000000
v 40.893311 -26.770361 0.000000
v 30.623920 -25.426430 0.000000
v 11.868090 -25.741400 0.000000
v 69.700417 -15.578040 0.000000
v 68.578438 -21.055820 0.000000
v 67.159714 -16.243441 0.000000
v 69.816933 -17.314131 0.000000
v 74.124992 -20.068140 0.000000
v 72.299347 -17.654539 0.000000
v 75.557007 -20.573240 0.000000
v 77.169563 -21.390770 0.000000
v 84.126648 -23.247841 0.000000
v 79.732674 -18.594049 0.000000
v 78.133507 -18.242041 0.000000
v 79.026497 -15.823600 0.000000
v 80.732094 -16.061001 0.000000
v 81.925552 -14.752030 0.000000
v 95.190666 -14.915970 0.000000
v 86.314583 -13.075740 0.000000
v 86.502472 -14.589380 0.000000
v 89.260269 -11.664190 0.000000
v 91.219658 -10.057450 0.000000
v 99.993088 -10.769100 0.000000
v 91.857933 -8.949109 0.000000
v 89.247162 -8.012720 0.000000
v 98.444359 -6.970439 0.000000
v 92.832947 -2.562691 0.000000
v 101.089798 -1.314687 0.000000
v 92.404404 2.753036 0.000000
v 91.543327 5.676645 0.000000
v 97.441200 10.564500 0.000000
v 88.326424 11.602580 0.000000
v 86.919189 11.092880 0.000000
v 83.479080 13.835250 0.000000
v 82.118896 16.537870 0.000000
v 75.909378 16.297689 0.000000
v 84.622498 25.206579 0.000000
v 76.522118 21.095940 0.000000
v 77.651093 25.187140 0.000000
v 73.050987 18.789869 0.000000
v 71.566513 18.826160 0.000000
v 66.317993 17.646400 0.000000
v -93.819633 0.548880 0.000000
v -92.459030 2.322009 0.000000
v -93.600830 3.404135 0.000000
v -99.794937 4.374835 0.000000
v -91.598747 5.334356 0.000000
v -98.579803 7.388905 0.000000
v -85.539688 12.196560 0.000000
v -86.524269 16.965219 0.000000
v -91.550507 17.623011 0.000000
v -96.599960 -13.083610 0.000000
v -87.548157 -13.308170 0.000000
v -83.359306 -15.274260 0.000000
v -89.511353 -19.905661 0.000000
v -89.022324 -21.434340 0.000000
v -73.073990 -19.180550 0.000000
v -78.778549 -16.067631 0.000000
v -87.183502 -23.026871 0.000000
v -77.935822 -21.510349 0.000000
v -83.176338 -23.155689 0.000000
v -77.566071 -25.321920 0.000000
v -69.710533 -20.517950 0.000000
v -67.475662 -18.630171 0.000000
v -72.517853 16.198179 0.000000
v -72.019661 17.709810 0.000000
v -74.695717 19.169821 0.000000
v -77.349716 19.128151 0.000000
v -76.325012 18.240971 0.000000
v -77.636841 20.693710 0.000000
v -83.073822 24.232201 0.000000
v -83.459763 25.792351 0.000000
v -85.059639 26.533260 0.000000
v 77.008331 -25.414520 0.000000
v -89.319572 4.400685 8.784189
v -88.937332 5.522369 2.635877
v -88.783684 5.878076 4.896595
v -89.058891 5.196006 7.423216
v -88.801071 5.836972 8.729653
v -82.130836 13.186030 2.994723
v -83.046410 12.649220 3.459381
v -81.184708 13.645540 8.194309
v -81.862823 13.320660 1.518476
v -81.482132 13.519480 9.202713
v -71.484459 14.569780 6.890531
v -72.345123 14.759090 3.942551
v -67.958450 13.225070 8.649674
v -69.411034 13.901460 8.502463
v -60.293671 2.838849 8.771542
v -74.427513 -14.971970 6.441657
v -79.049522 -14.421840 8.773623
v -82.260223 -13.104050 8.717448
v -82.161751 -13.160210 3.664772
v -83.767326 -12.149900 1.317782
v -83.457314 -12.368640 9.074036
v -88.876259 -5.650631 9.081849
v -89.259644 -4.619310 2.850020
v -88.906631 -5.586085 7.723285
v -89.384918 -4.188282 8.630177
v 60.121449 1.806736 7.495898
v 63.032009 9.021497 4.412847
v 67.821457 13.156140 2.474055
v 67.167137 12.774450 7.475291
v 78.924896 14.459530 3.930912
v 83.345886 12.443830 8.662573
v 89.461243 -3.909164 8.667068
v 89.131973 -5.007836 6.172688
v 87.464523 -8.311974 8.981532
v 82.236076 -13.123850 2.279906
v 73.602127 -14.921850 7.164197
v 66.929451 -12.619660 8.730841
v 66.678917 -12.474320 2.955055
v 67.853416 -13.170430 3.122504
v 66.038528 -12.011260 1.380569
v 8.881804 30.000000 4.675962
v 27.068251 30.000000 4.682367
v 59.212700 30.000000 4.429806
v -27.575750 30.000000 5.241057
v -48.525162 30.000000 5.437354
v -61.659359 30.000000 5.619445
v -58.937321 30.000000 5.645735
v -43.370548 30.000000 7.525167
v -10.427360 30.000000 8.617234
v 80.609444 -29.458139 6.114278
v 84.044479 -28.594891 3.069810
v 85.204521 -28.198860 8.716411
v 86.426590 -27.727751 3.761151
v 86.735863 -27.594500 8.835454
v 89.984818 -25.975281 8.995973
v 93.086014 -23.926300 3.407339
v 92.955276 -24.022711 8.832137
v 94.230949 -23.012091 3.378950
v 94.220940 -23.020109 8.830608
v 95.405853 -21.972771 8.831649
v 96.591339 -20.814110 8.832869
v 97.702042 -19.590219 8.847520
v 98.759239 -18.301840 2.743317
v 98.762833 -18.301279 8.869615
v 99.655144 -17.065390 8.977166
v 101.140404 -14.697130 8.769933
v 102.592903 -11.751650 8.984538
v 103.060097 -10.584400 8.618784
v 103.952202 -7.817037 8.947637
v 104.282700 -6.471929 8.865070
v 104.945198 -1.625147 8.799697
v 104.988998 -0.073405 8.532672
v 104.941101 1.696060 8.379545
v 104.836098 3.029357 8.967826
v 104.669701 4.383554 8.857633
v 104.380798 6.015267 2.976999
v 104.080498 7.314004 8.829877
v 103.584297 9.076402 3.368135
v 103.651001 8.869425 8.835080
v 103.172997 10.276340 8.831151
v 102.023697 13.001020 8.822399
v 100.682098 15.480540 3.047483
v 100.371597 15.993310 8.949726
v 99.455521 17.362360 8.824241
v 98.502220 18.631069 8.829239
v 97.484756 19.849070 8.841370
v 96.396393 21.015779 8.839939
v 95.249977 22.124359 8.842093
v 94.046318 23.166771 8.836357
v 92.824463 24.120420 8.818818
v 91.510040 25.037661 8.813484
v 90.083649 25.923170 8.854157
v 88.797691 26.627291 8.985142
v 87.730492 27.154350 8.238726
v 85.031342 28.261450 8.184682
v 83.883888 28.644039 8.917704
v 82.281128 29.091961 8.782264
v 80.617706 29.458549 8.808722
v 76.086723 29.967609 3.962910
v -9.671542 -30.000000 0.836567
v -8.742267 -30.000000 4.493074
v -44.121349 -30.000000 2.685339
v 10.875450 -30.000000 4.827435
v 58.999611 -30.000000 5.314230
v 43.916050 -30.000000 7.223086
v 10.597900 -30.000000 8.636247
v -82.825867 28.950920 8.660601
v -84.369347 28.488741 8.783292
v -85.652786 28.033190 8.876966
v -88.932007 26.561041 8.770535
v -92.982101 24.003201 8.763326
v -94.251511 22.997959 8.853629
v -95.466492 21.923519 8.876959
v -97.751961 19.539400 8.820219
v -99.649010 17.086611 8.727970
v -100.402000 15.942960 8.779883
v -101.719002 13.614470 8.517587
v -102.331299 12.342350 8.960913
v -102.837898 11.155480 8.789830
v -103.437599 9.519497 8.524707
v -104.574402 4.971025 8.758517
v -104.926201 1.928130 8.808658
v -104.987503 0.044531 8.654245
v -104.770699 -3.618191 8.834986
v -104.509903 -5.338845 8.827044
v -104.159203 -7.005370 8.820458
v -103.717201 -8.629049 8.816399
v -103.240402 -10.097160 3.416780
v -103.210098 -10.178880 8.817904
v -102.628799 -11.658840 8.822739
v -101.958900 -13.131800 8.828960
v -101.179901 -14.626220 8.829346
v -100.685997 -15.478170 3.308001
v -99.442558 -17.381809 8.820687
v -98.546967 -18.569880 8.823239
v -97.561768 -19.753531 8.822684
v -96.442467 -20.968611 8.824138
v -95.254662 -22.118010 8.834226
v -94.043320 -23.171110 8.841460
v -92.781036 -24.151649 8.839288
v -91.471352 -25.064760 8.836992
v -90.110184 -25.906981 8.814704
v -88.709053 -26.672199 8.772188
v -85.389420 -28.132330 8.784935
v -83.765907 -28.679701 8.829789
v -82.097397 -29.135889 8.850837
v -80.441612 -29.489429 8.863181
v -79.825706 -29.596720 2.528180
v -76.193176 -29.967510 3.820834
v -11.307310 -2.183966 10.000000
v -5.281030 -3.112876 10.000000
v 5.447877 -6.342563 10.000000
v 6.847026 -5.993085 10.000000
v -10.866200 -7.135478 10.000000
v -6.239715 -6.844440 10.000000
v -12.606680 -6.858403 10.000000
v 0.653241 -7.398988 10.000000
v 1.366974 -10.684920 10.000000
v -5.444031 -11.098310 10.000000
v -1.942078 -12.619730 10.000000
v -17.455379 -13.134080 10.000000
v 3.873332 -14.601050 10.000000
v 0.575781 -13.571160 10.000000
v 35.543480 -21.610800 10.000000
v 48.234379 -21.994150 10.000000
v 50.147259 -20.246660 10.000000
v -5.968786 -21.579380 10.000000
v 3.166712 -22.383011 10.000000
v 1.452005 -25.364740 10.000000
v -40.643761 -21.518900 10.000000
v -56.336201 -21.554050 10.000000
v -56.644482 -22.715950 10.000000
v 1.675493 -27.087900 10.000000
v -8.766221 -28.916349 10.000000
v -72.532349 -29.020679 10.000000
v -70.402451 -25.543230 10.000000
v -68.356522 -21.344669 10.000000
v -71.576736 -22.567930 10.000000
v 6.660710 1.687485 10.000000
v -5.310177 1.713224 10.000000
v -6.121805 2.943980 10.000000
v 14.498040 2.227092 10.000000
v -5.798779 5.609817 10.000000
v -1.737140 4.186127 10.000000
v 12.259320 7.522215 10.000000
v -2.032265 7.307255 10.000000
v -0.834063 6.359571 10.000000
v 13.664930 7.792274 10.000000
v -1.721202 8.748122 10.000000
v 10.175320 10.867310 10.000000
v -1.690150 10.263700 10.000000
v -1.736573 11.828410 10.000000
v -2.782024 12.514780 10.000000
v 41.846939 13.083280 10.000000
v 44.683369 13.014060 10.000000
v 29.584490 12.576660 10.000000
v 16.341190 13.513190 10.000000
v 20.609091 13.960670 10.000000
v 35.995621 17.048361 10.000000
v 61.017071 13.647530 10.000000
v 0.849522 14.586190 10.000000
v 2.261536 20.790480 10.000000
v 5.401827 23.117109 10.000000
v 6.033396 25.429640 10.000000
v 0.067243 28.654671 10.000000
v -59.236931 23.332020 10.000000
v 72.731300 27.578091 10.000000
v 67.586327 21.062469 10.000000
v 73.571823 22.121000 10.000000
v 78.210358 22.609699 10.000000
v 82.360863 23.684799 10.000000
v 86.538322 22.602070 10.000000
v 94.323936 21.118549 10.000000
v 96.497627 16.265381 10.000000
v 100.797501 9.399189 10.000000
v 101.271202 6.141778 10.000000
v 95.808296 -0.036579 10.000000
v 100.547699 -0.401988 10.000000
v 95.781479 -10.934810 10.000000
v 94.112778 -12.640740 10.000000
v 91.485237 -15.851870 10.000000
v 89.053177 -18.102221 10.000000
v 88.870277 -19.785810 10.000000
v 81.975647 -21.602110 10.000000
v 81.573059 -23.234011 10.000000
v 75.139633 -23.003611 10.000000
v 81.569687 -25.912251 10.000000
v 68.904320 -23.609489 10.000000
v 69.365868 -20.794420 10.000000
v 68.757896 -22.294519 10.000000
v 66.572769 -20.793171 10.000000
v 64.177696 -20.069901 10.000000
v -97.493263 -0.540470 10.000000
v -96.882103 -4.762311 10.000000
v -96.782043 -7.933581 10.000000
v -101.427902 -11.152250 10.000000
v -94.904633 -10.075930 10.000000
v -100.824799 -10.185400 10.000000
v -96.272751 -10.631510 10.000000
v -100.482697 -12.633580 10.000000
v -88.946541 -14.110110 10.000000
v -91.224426 -16.060030 10.000000
v -95.795883 -16.650061 10.000000
v -98.164711 2.677330 10.000000
v -96.341629 8.015184 10.000000
v -96.062973 9.576003 10.000000
v -94.377312 12.430190 10.000000
v -93.118591 13.736330 10.000000
v -93.747177 19.598181 10.000000
v -95.908943 20.314610 10.000000
v -89.593750 17.913879 10.000000
v -84.212692 21.458639 10.000000
v -81.113762 23.963110 10.000000
v -75.572960 23.452080 10.000000
v -72.022583 28.803570 10.000000
v -68.800529 24.363180 10.000000
v -70.310158 21.940540 10.000000
v -67.357002 24.293131 10.000000
v -67.281387 21.437321 10.000000
v -75.537399 -28.546009 10.000000
v -91.412537 -21.577780 10.000000
v -78.641876 -22.180531 10.000000
v -78.048782 -23.584511 10.000000
v -76.010109 -24.664049 10.000000
v -6.589106 0.947829 0.000000
v -2.723163 1.247022 0.000000
v 0.874162 3.753745 0.000000
v 5.451202 6.351461 0.000000
v 6.850906 6.027581 0.000000
v 1.142066 5.475519 0.000000
v -5.718834 6.744388 0.000000
v 1.824954 7.015400 0.000000
v 0.564578 6.884313 0.000000
v -12.275470 9.512191 0.000000
v 1.059715 9.642074 0.000000
v -13.866620 11.537760 0.000000
v -7.253953 12.158070 0.000000
v 0.283286 16.623730 0.000000
v 34.633221 17.601450 0.000000
v 3.353253 15.135930 0.000000
v 35.166779 21.146061 0.000000
v -6.526152 21.645870 0.000000
v 1.625685 24.765100 0.000000
v -40.726372 21.504089 0.000000
v -57.098331 21.714960 0.000000
v -56.556801 23.016190 0.000000
v -8.594413 28.653980 0.000000
v 0.626367 28.770910 0.000000
v -70.093613 25.454359 0.000000
v -72.048927 22.676790 0.000000
v 6.662309 -1.689968 0.000000
v -4.769291 -2.107896 0.000000
v -6.317167 -2.656186 0.000000
v 14.546560 -2.236013 0.000000
v -5.799169 -5.585459 0.000000
v -1.693159 -4.240015 0.000000
v 12.230870 -6.039671 0.000000
v 10.903570 -7.089248 0.000000
v 12.393750 -7.585354 0.000000
v -2.028355 -7.365576 0.000000
v -0.831479 -6.415994 0.000000
v 13.870120 -7.771106 0.000000
v -1.702108 -8.841049 0.000000
v 9.948346 -10.963060 0.000000
v -1.614171 -10.301780 0.000000
v -1.601437 -11.788330 0.000000
v -2.866586 -12.559140 0.000000
v 33.575439 -15.561660 0.000000
v 35.330818 -17.882010 0.000000
v 65.469597 -14.560100 0.000000
v 65.060532 -16.038660 0.000000
v 61.366859 -19.779461 0.000000
v 3.887056 -14.948110 0.000000
v 1.537296 -15.886880 0.000000
v 36.589870 -16.952499 0.000000
v 24.540600 -21.799730 0.000000
v -3.110459 -22.243790 0.000000
v 5.610837 -25.250990 0.000000
v -59.379070 -23.396959 0.000000
v 69.012138 -24.742100 0.000000
v 62.653568 -20.660200 0.000000
v 80.522186 -21.135920 0.000000
v 79.762131 -26.429649 0.000000
v 102.200897 -9.144694 0.000000
v 97.718811 1.257756 0.000000
v 96.141037 9.718117 0.000000
v 94.629829 10.524260 0.000000
v 94.574753 12.306230 0.000000
v 93.056931 14.611750 0.000000
v 89.258698 17.234631 0.000000
v 85.336403 20.370150 0.000000
v 82.701279 21.385580 0.000000
v 83.608810 22.675051 0.000000
v 79.047897 22.528139 0.000000
v 81.207542 24.061110 0.000000
v 76.423370 22.580460 0.000000
v 81.769562 25.537201 0.000000
v 73.435730 22.781731 0.000000
v 72.634659 27.854931 0.000000
v 70.710487 21.681061 0.000000
v 65.572769 24.174900 0.000000
v 66.303810 20.376770 0.000000
v -97.596428 -1.706620 0.000000
v -97.188873 4.325503 0.000000
v -101.114197 12.099870 0.000000
v -94.511414 16.389740 0.000000
v -98.362846 17.047029 0.000000
v -91.513229 16.113359 0.000000
v -100.457497 -2.251857 0.000000
v -96.206863 -8.248772 0.000000
v -94.850166 -11.151540 0.000000
v -93.764511 -13.683320 0.000000
v -92.491600 -14.835610 0.000000
v -91.841187 -18.341141 0.000000
v -86.547333 -19.773769 0.000000
v -80.850342 -21.721470 0.000000
v -72.629013 -25.864111 0.000000
v -68.796883 -24.341221 0.000000
v -70.356483 -21.875710 0.000000
v -67.309669 -24.183050 0.000000
v -67.297989 -21.411570 0.000000
v -81.514267 23.831970 0.000000
v -78.684067 22.041929 0.000000
v -82.278137 26.762859 0.000000
v -79.828072 26.271721 0.000000
v -78.074471 23.402910 0.000000
v -75.691063 24.087400 0.000000
v -86.606468 26.532379 0.000000
v 86.685249 -26.319889 0.000000
v -89.947067 -1.102560 4.583121
v -89.890953 1.695305 8.667292
v -61.276730 -6.012685 4.436274
v -61.256340 -5.992707 2.919498
v -67.504936 -12.968830 6.526641
v -81.335243 -13.578760 1.124111
v -82.536842 -12.947850 0.909111
v 80.330978 14.000390 8.361589
v 80.842453 13.800840 6.576981
v 80.853569 13.790500 2.243667
v 87.330116 8.521011 1.635032
v 89.936493 -1.187140 7.749090
v 87.275620 -8.595652 1.617885
v 79.830307 -14.189990 9.242642
v 69.707039 -14.008870 1.130144
v 66.210938 30.000000 0.000000
v -9.375000 30.000000 0.000000
v -27.539061 30.000000 0.000000
v -46.875000 30.000000 0.000000
v -46.477581 30.000000 2.622816
v -10.457250 30.000000 5.636870
v 67.803009 30.000000 7.241100
v 62.529350 30.000000 8.819077
v 66.210938 30.000000 10.000000
v 9.375000 30.000000 10.000000
v -68.990433 30.000000 3.790338
v -66.544350 30.000000 5.238093
v -9.375000 30.000000 10.000000
v -28.710939 30.000000 10.000000
v -65.478523 30.000000 10.000000
v 70.968567 -30.000000 8.902685
v 68.800270 -30.000000 4.037753
v 70.491272 -30.000000 3.791229
v 71.332077 -30.000000 2.341281
v 72.113426 -30.000000 1.048558
v 79.029739 29.717319 1.140826
v 72.550270 30.000000 1.641811
v -65.039062 -30.000000 0.000000
v 7.031250 -30.000000 0.000000
v 28.710939 -30.000000 0.000000
v 9.906584 -30.000000 3.858405
v -67.661873 -30.000000 7.037812
v -62.660332 -30.000000 9.169139
v -65.625000 -30.000000 10.000000
v -27.539061 -30.000000 10.000000
v -9.375000 -30.000000 10.000000
v 9.960938 -30.000000 10.000000
v 27.539061 -30.000000 10.000000
v 46.875000 -30.000000 10.000000
v 65.039062 -30.000000 10.000000
v -71.836967 30.000000 4.444329
v -73.561607 -30.000000 1.422248
v -29.211491 0.730220 10.000000
v -54.093910 -0.323979 10.000000
v 39.036739 1.315158 10.000000
v -53.332001 -1.635471 10.000000
v -0.807564 -3.211544 10.000000
v -53.849300 -2.750610 10.000000
v 32.757889 -2.722695 10.000000
v -3.357072 -6.575259 10.000000
v -53.331070 -6.015308 10.000000
v 12.299930 -8.057229 10.000000
v -56.199242 -8.638717 10.000000
v -54.953651 -9.498842 10.000000
v 53.859299 -10.877600 10.000000
v 6.757548 -11.358770 10.000000
v 11.479310 -11.018230 10.000000
v 28.726379 -11.832030 10.000000
v 48.209660 -15.118850 10.000000
v 60.884720 -15.615020 10.000000
v 38.928120 -13.605640 10.000000
v -2.313049 -14.327990 10.000000
v -66.733856 -14.162090 10.000000
v -68.158691 -14.666440 10.000000
v -5.708804 -20.151211 10.000000
v 11.729430 -23.112499 10.000000
v 45.550541 -28.717310 10.000000
v -69.622253 -18.511230 10.000000
v -70.707153 -19.761181 10.000000
v -54.691780 1.191168 10.000000
v -53.156792 0.979413 10.000000
v -33.093521 0.516763 10.000000
v 1.041084 1.510839 10.000000
v 5.393143 2.618824 10.000000
v -47.051010 2.303040 10.000000
v -54.640148 3.772754 10.000000
v -55.754059 5.249211 10.000000
v -10.544460 6.873944 10.000000
v 41.095940 7.111606 10.000000
v -34.990452 8.689810 10.000000
v -11.694000 7.967214 10.000000
v -9.048897 7.409031 10.000000
v -56.425011 8.789718 10.000000
v -59.146149 9.451924 10.000000
v -11.444930 9.309836 10.000000
v 40.484230 10.965440 10.000000
v 41.885860 11.527400 10.000000
v -12.048400 11.721520 10.000000
v -13.226220 12.906400 10.000000
v 6.001529 12.649800 10.000000
v 66.654221 13.922040 10.000000
v -21.461170 18.278900 10.000000
v -0.473749 15.603310 10.000000
v 28.711411 23.548710 10.000000
v -67.900833 14.485450 10.000000
v 68.808037 14.840620 10.000000
v 80.292801 20.722019 10.000000
v 90.827393 24.132191 10.000000
v 84.877419 20.313299 10.000000
v 87.685211 18.856550 10.000000
v 80.438766 16.256399 10.000000
v 80.104973 17.943939 10.000000
v 93.126694 22.091820 10.000000
v 84.196091 18.752029 10.000000
v 85.647148 17.573090 10.000000
v 97.117851 17.825500 10.000000
v 86.430359 15.078620 10.000000
v 99.085732 15.970950 10.000000
v 98.120438 16.878281 10.000000
v 89.397148 12.694000 10.000000
v 97.454689 11.645740 10.000000
v 94.933472 10.744000 10.000000
v 92.562782 10.009040 10.000000
v 91.050034 10.723950 10.000000
v 95.268913 9.310495 10.000000
v 102.334602 8.883114 10.000000
v 89.950737 6.715742 10.000000
v 95.196388 4.166887 10.000000
v 90.310059 4.860190 10.000000
v 90.748322 3.210268 10.000000
v 103.177299 3.104968 10.000000
v 102.193298 1.859463 10.000000
v 99.312721 2.125043 10.000000
v 95.181358 1.473145 10.000000
v 103.203102 0.415828 10.000000
v 102.027100 -0.637086 10.000000
v 91.148201 -1.462064 10.000000
v 101.105103 -1.566882 10.000000
v 103.405403 -2.906909 10.000000
v 90.878433 -3.134307 10.000000
v 102.639801 -8.771239 10.000000
v 101.596802 -9.857000 10.000000
v 94.382179 -10.037660 10.000000
v 99.944527 -10.514140 10.000000
v 101.196999 -11.484750 10.000000
v 98.448029 -12.687190 10.000000
v 88.429108 -13.642990 10.000000
v 97.394318 -14.898040 10.000000
v 87.553482 -14.954230 10.000000
v 85.138458 -15.918110 10.000000
v 97.881844 -17.417681 10.000000
v 94.888496 -17.749420 10.000000
v 97.065086 -18.703110 10.000000
v 92.885979 -20.174641 10.000000
v 92.403976 -22.892941 10.000000
v 81.287354 -18.720510 10.000000
v 91.217590 -23.659519 10.000000
v 80.006462 -20.293560 10.000000
v 85.543228 -24.927891 10.000000
v 83.021446 -25.731590 10.000000
v 78.373352 -27.914780 10.000000
v 73.292587 -22.465080 10.000000
v 71.168457 -15.784290 10.000000
v 71.937828 -20.148279 10.000000
v 67.907837 -14.484730 10.000000
v -91.130096 0.031464 10.000000
v -92.490334 0.558177 10.000000
v -95.927940 -0.771965 10.000000
v -96.910561 -1.696596 10.000000
v -92.336937 -0.972068 10.000000
v -97.146400 -3.109638 10.000000
v -92.912720 -6.024247 10.000000
v -100.671700 -5.651988 10.000000
v -89.702499 -10.137410 10.000000
v -93.254929 -11.666540 10.000000
v -86.298920 -14.910760 10.000000
v -97.265823 -18.633619 10.000000
v -84.119232 -17.013121 10.000000
v -94.145103 -19.118420 10.000000
v -96.714073 2.217063 10.000000
v -94.507988 4.259301 10.000000
v -103.650200 5.064376 10.000000
v -93.334267 4.848048 10.000000
v -102.328400 7.681245 10.000000
v -95.126427 8.596163 10.000000
v -102.343697 9.303699 10.000000
v -86.918968 10.581110 10.000000
v -88.066238 10.203270 10.000000
v -101.482498 10.513120 10.000000
v -93.542953 11.121090 10.000000
v -91.557877 12.874260 10.000000
v -97.329353 14.457860 10.000000
v -88.809601 15.560450 10.000000
v -98.831238 16.203270 10.000000
v -95.913223 17.807091 10.000000
v -86.561546 16.939529 10.000000
v -75.724327 16.579189 10.000000
v -92.271584 23.070440 10.000000
v -74.669991 16.036530 10.000000
v -87.690521 23.839430 10.000000
v -86.156250 24.084049 10.000000
v -78.888573 19.028870 10.000000
v -85.678490 25.451599 10.000000
v -77.816963 28.813511 10.000000
v -75.993439 19.403940 10.000000
v -73.880386 20.548571 10.000000
v -73.520622 16.278259 10.000000
v -72.496468 20.677879 10.000000
v -70.855309 16.923590 10.000000
v -68.970169 15.324310 10.000000
v -74.499710 -21.763420 10.000000
v -74.045227 -18.964331 10.000000
v -77.130051 -22.482809 10.000000
v -78.400162 -18.291260 10.000000
v -81.432320 -18.995131 10.000000
v -82.995682 -19.269630 10.000000
v -94.391068 -21.551630 10.000000
v -82.874580 -18.023371 10.000000
v -81.790657 -26.854509 10.000000
v -77.933357 -26.366409 10.000000
v 78.094994 27.104990 10.000000
v -29.051081 -0.538513 0.000000
v -52.103149 2.384912 0.000000
v -32.587669 2.548609 0.000000
v -52.250500 0.710007 0.000000
v -53.334011 3.481715 0.000000
v 32.653431 2.849607 0.000000
v -38.768848 4.223231 0.000000
v 52.765991 6.536737 0.000000
v 12.224900 8.076571 0.000000
v -39.910110 8.092227 0.000000
v 52.624470 10.802790 0.000000
v 11.408300 11.216670 0.000000
v 60.691750 13.010850 0.000000
v 48.692581 14.783540 0.000000
v 59.361149 12.164320 0.000000
v 66.576263 13.744480 0.000000
v 63.905819 17.071079 0.000000
v 63.199329 19.576050 0.000000
v 53.274181 28.863331 0.000000
v -72.135368 20.149620 0.000000
v -33.166851 -0.431611 0.000000
v 1.186931 -1.656880 0.000000
v 5.396421 -2.621743 0.000000
v -45.996090 -2.426541 0.000000
v -10.575780 -6.777328 0.000000
v 41.326012 -7.231745 0.000000
v -34.990440 -8.689818 0.000000
v -11.668880 -7.846017 0.000000
v -9.095045 -7.409533 0.000000
v -55.669571 -9.204936 0.000000
v -11.445580 -9.280718 0.000000
v 42.512150 -11.616250 0.000000
v -12.066930 -11.714570 0.000000
v -13.294460 -12.901120 0.000000
v 66.287338 -13.541390 0.000000
v -21.678379 -18.189711 0.000000
v -0.024150 -15.518120 0.000000
v 55.598709 -22.638371 0.000000
v 46.509411 -25.290480 0.000000
v 60.155041 -25.678089 0.000000
v 61.122459 -26.816420 0.000000
v -67.953987 -14.513590 0.000000
v 66.162483 -15.713350 0.000000
v 66.860168 -14.661670 0.000000
v 70.889252 -20.213060 0.000000
v 71.019493 -17.841379 0.000000
v 76.586151 -22.847441 0.000000
v 82.321587 -27.448351 0.000000
v 85.671257 -25.502090 0.000000
v 86.887604 -23.654650 0.000000
v 90.691643 -24.068960 0.000000
v 79.527107 -17.221670 0.000000
v 84.351303 -17.723181 0.000000
v 85.611542 -16.876400 0.000000
v 86.739769 -16.094761 0.000000
v 95.667557 -17.901480 0.000000
v 96.837181 -16.721130 0.000000
v 100.697800 -13.273100 0.000000
v 87.151337 -10.499920 0.000000
v 90.633110 -11.478210 0.000000
v 100.942802 -9.594809 0.000000
v 93.555023 -10.884460 0.000000
v 94.254219 -9.389582 0.000000
v 89.728790 -6.231011 0.000000
v 90.240494 -4.738079 0.000000
v 90.788078 -3.287265 0.000000
v 95.524223 -2.721947 0.000000
v 91.355698 1.479411 0.000000
v 97.570503 2.662337 0.000000
v 94.054527 2.782519 0.000000
v 90.814522 3.076142 0.000000
v 98.731560 12.869460 0.000000
v 93.077751 12.883340 0.000000
v 88.596451 13.037200 0.000000
v 99.912292 14.831750 0.000000
v 99.004517 15.785670 0.000000
v 95.744980 15.956530 0.000000
v 86.074921 15.043090 0.000000
v 95.181374 17.991949 0.000000
v 84.926514 15.945790 0.000000
v 94.060837 19.054951 0.000000
v 84.243851 18.068640 0.000000
v 94.642014 20.597460 0.000000
v 93.721153 21.608089 0.000000
v 85.973488 24.794090 0.000000
v 82.520157 26.807369 0.000000
v 87.093773 25.857109 0.000000
v 79.572006 26.862329 0.000000
v 69.938797 15.806310 0.000000
v -91.084160 -0.107814 0.000000
v -92.466637 -0.336857 0.000000
v -96.068832 0.382076 0.000000
v -95.254883 1.442324 0.000000
v -97.081467 1.389067 0.000000
v -102.497803 1.034454 0.000000
v -92.755898 1.132421 0.000000
v -102.426102 4.358610 0.000000
v -100.941200 6.482455 0.000000
v -93.599480 7.723162 0.000000
v -102.852798 7.616336 0.000000
v -90.974998 6.865672 0.000000
v -88.542412 8.594151 0.000000
v -90.226593 13.486810 0.000000
v -88.607277 15.309280 0.000000
v -97.394997 17.468050 0.000000
v -89.237961 -7.531520 0.000000
v -94.908302 -8.323154 0.000000
v -86.541122 -10.969710 0.000000
v -101.356598 -10.194110 0.000000
v -99.614182 -10.817900 0.000000
v -93.357193 -10.991980 0.000000
v -99.112633 -13.052540 0.000000
v -97.970291 -14.071570 0.000000
v -96.158493 -16.780861 0.000000
v -88.577301 -15.723670 0.000000
v -96.032990 -19.495291 0.000000
v -95.009018 -20.875710 0.000000
v -90.636681 -22.153061 0.000000
v -82.939789 -19.713400 0.000000
v -74.757736 -15.994430 0.000000
v -78.557693 -19.044319 0.000000
v -85.701378 -25.309050 0.000000
v -75.354309 -22.941010 0.000000
v -79.446663 -27.944309 0.000000
v -78.328842 -28.729910 0.000000
v -73.005577 -16.055321 0.000000
v -71.125793 -15.422730 0.000000
v -72.942650 -20.784599 0.000000
v -69.428741 -14.988650 0.000000
v -68.616043 -15.771580 0.000000
v -77.364548 22.226839 0.000000
v -73.025337 19.061729 0.000000
v -89.271378 25.205090 0.000000
v -78.507477 19.144770 0.000000
v -79.873077 19.160009 0.000000
v -90.749786 20.655701 0.000000
v -91.544159 21.608299 0.000000
v -83.005943 18.772169 0.000000
v -93.901718 21.460760 0.000000
v -89.261597 23.043671 0.000000
v -80.904129 27.616030 0.000000
v 78.389259 -28.635151 0.000000
v -4.853874 -7.057774 10.000000
v -30.023390 -13.775710 10.000000
v -29.581141 -14.873720 10.000000
v -19.990580 -24.865311 10.000000
v 5.651718 8.181019 10.000000
v 20.804380 18.201031 10.000000
v 75.343674 24.279060 10.000000
v -69.496513 25.516741 10.000000
v -5.170656 10.557020 0.000000
v 19.417870 19.532900 0.000000
v -20.037821 24.639481 0.000000
v 5.492011 -8.455132 0.000000
v -69.458977 -25.732130 0.000000
v 98.622421 18.477591 1.495580
v 97.768356 19.519199 1.426746
v 96.775742 20.622740 1.404855
v 95.690178 21.710350 1.379409
v 94.522751 22.765930 1.284474
v 93.236542 23.808540 1.375875
v 91.930183 24.755671 1.386736
v 89.146927 26.444361 1.490920
v 86.376953 27.748289 1.474723
v -101.619102 13.809430 1.463966
v -94.443382 -22.832911 1.392161
v -93.232468 -23.812719 1.409528
v -91.936752 -24.750200 1.402457
v -90.595749 -25.617201 1.405882
v -89.213242 -26.408621 1.431187
v -87.805260 -27.118919 1.475209
v 18.127279 -0.368369 10.000000
v -22.853340 -3.746490 10.000000
v 29.279230 -6.987067 10.000000
v -24.347500 -10.759180 10.000000
v -64.754066 -19.713270 10.000000
v 43.937729 -16.672211 10.000000
v 14.619760 3.874422 10.000000
v -38.413250 9.700468 10.000000
v -40.022758 8.523603 10.000000
v 38.140659 14.506490 10.000000
v -22.286900 13.162930 10.000000
v 10.220320 13.567920 10.000000
v 41.638729 22.294319 10.000000
v 85.856644 -14.735400 10.000000
v 79.522003 -29.635429 10.000000
v -102.429001 2.830446 10.000000
v -65.475517 21.284479 10.000000
v -19.359619 0.655570 0.000000
v -27.217171 3.117353 0.000000
v 28.946659 6.813968 0.000000
v 25.754900 15.029670 0.000000
v -18.302601 15.672920 0.000000
v 60.645691 22.671150 0.000000
v -19.407841 -0.689394 0.000000
v 14.696710 -3.896158 0.000000
v -53.449871 -6.622537 0.000000
v -38.413120 -9.700526 0.000000
v -40.033440 -8.530820 0.000000
v -22.289330 -13.163300 0.000000
v 78.813271 28.312860 0.000000
v -88.952423 -12.676630 0.000000
v -65.616318 -21.150841 0.000000
v -66.669731 -12.457060 7.480583
v 89.980263 0.473902 5.613500
v 76.906433 -14.864020 7.180026
v 72.758163 -14.814910 5.560715
v 38.809250 30.000000 4.325139
v -35.098381 30.000000 6.917235
v -39.205009 30.000000 7.398102
v 77.322998 29.899210 4.413105
v -38.813061 -30.000000 4.030548
v 38.867390 -30.000000 7.377851
v -26.863760 -3.093495 10.000000
v -27.114719 -4.739592 10.000000
v -28.032801 -7.646465 10.000000
v -57.259140 -15.675080 10.000000
v -12.189960 -14.350000 10.000000
v 14.017010 -16.754869 10.000000
v 10.270390 -16.456869 10.000000
v -9.802624 -22.420429 10.000000
v 26.080959 1.697782 10.000000
v 30.676060 2.582716 10.000000
v 27.634920 1.912492 10.000000
v 33.601990 18.487341 10.000000
v 74.172791 -27.082211 10.000000
v 66.337837 -22.416710 10.000000
v -25.795910 3.433949 0.000000
v -31.682140 12.415490 0.000000
v -11.879990 14.656750 0.000000
v 13.367600 16.401310 0.000000
v -9.916324 23.050060 0.000000
v 26.083950 -1.691643 0.000000
v 30.670389 -2.582990 0.000000
v 27.634621 -1.912177 0.000000
v 28.667669 -11.760560 0.000000
v 27.159559 -11.381740 0.000000
v 26.116510 -14.771790 0.000000
v 32.987190 -18.232010 0.000000
v 65.662643 21.490080 0.000000
v -79.120323 -14.403340 3.611283
v -85.596878 -10.594820 8.304081
v 61.112099 5.621235 1.222668
v 63.434071 9.530265 8.691434
v 86.451897 9.654167 8.651170
v 70.965492 -14.429300 3.423049
v 59.101398 30.000000 1.526917
v 63.707119 30.000000 1.354125
v 22.644279 30.000000 1.260788
v -56.243011 30.000000 6.447206
v -58.872730 -30.000000 1.408731
v -23.137630 -30.000000 1.062258
v 56.743340 -30.000000 6.690833
v 59.434010 -30.000000 8.943687
v -14.696350 0.060897 10.000000
v -36.928261 -0.770087 10.000000
v 21.581949 -1.626464 10.000000
v -5.051041 -4.384897 10.000000
v 39.013309 -6.690454 10.000000
v 14.323870 -5.718758 10.000000
v 34.740711 -6.656601 10.000000
v 33.476391 -7.303853 10.000000
v 23.295971 -7.442430 10.000000
v 34.488510 -9.982020 10.000000
v 19.329220 -8.721141 10.000000
v -44.626652 -10.452110 10.000000
v 18.453800 -11.343090 10.000000
v 39.801311 -12.302700 10.000000
v 16.408899 -13.448950 10.000000
v 9.865222 -13.955190 10.000000
v 38.526630 -23.479059 10.000000
v 37.125549 -24.176661 10.000000
v 59.310970 -28.384569 10.000000
v 15.765480 -24.638670 10.000000
v 15.027990 -28.567230 10.000000
v -39.918159 -15.536980 10.000000
v -59.319580 -27.480129 10.000000
v -14.689850 5.151167 10.000000
v -38.755070 5.691020 10.000000
v -12.994600 5.234341 10.000000
v -27.264311 7.009738 10.000000
v -33.386028 11.010240 10.000000
v -30.862450 11.079370 10.000000
v -32.069759 11.706920 10.000000
v 60.988941 12.012720 10.000000
v 62.512390 11.300480 10.000000
v -24.650520 12.564930 10.000000
v 49.824181 13.353940 10.000000
v 46.356918 13.574950 10.000000
v -41.330730 15.887860 10.000000
v -40.436081 17.106951 10.000000
v -42.977230 15.806060 10.000000
v -11.206290 14.657000 10.000000
v 45.209839 19.092230 10.000000
v 58.770550 23.281370 10.000000
v 56.030430 23.346939 10.000000
v 59.191002 28.730009 10.000000
v -103.434700 -1.488316 10.000000
v -95.613922 -5.396211 10.000000
v -100.806396 7.446627 10.000000
v -15.853900 -0.515681 0.000000
v -13.204890 0.482343 0.000000
v 21.705740 2.554465 0.000000
v -51.210289 4.698268 0.000000
v -56.958408 4.548707 0.000000
v 14.272540 5.692785 0.000000
v 34.616322 6.877676 0.000000
v 33.247749 7.785657 0.000000
v 34.441978 9.674223 0.000000
v 16.046101 9.536993 0.000000
v 18.439831 11.335920 0.000000
v 37.325211 23.916250 0.000000
v 39.680729 23.995279 0.000000
v 28.634451 23.556061 0.000000
v 44.632469 26.862520 0.000000
v 68.773697 26.401270 0.000000
v -20.419769 20.245060 0.000000
v -38.356819 14.883430 0.000000
v -40.718571 15.493500 0.000000
v -52.148769 19.916180 0.000000
v -59.221409 27.625071 0.000000
v -42.208302 -0.361400 0.000000
v 51.797550 -0.773297 0.000000
v -38.754879 -5.684393 0.000000
v -14.379000 -5.324206 0.000000
v -27.265921 -7.000089 0.000000
v -33.385090 -10.992850 0.000000
v -30.756960 -10.979860 0.000000
v -32.066799 -11.688010 0.000000
v 61.064430 -11.565430 0.000000
v 62.513149 -11.839140 0.000000
v -24.656651 -12.565010 0.000000
v 46.142841 -13.054190 0.000000
v -41.330429 -15.888410 0.000000
v -40.436150 -17.106960 0.000000
v -42.975681 -15.806780 0.000000
v -11.043030 -14.677850 0.000000
v 12.402430 -15.587530 0.000000
v 45.650742 -19.555920 0.000000
v 27.038420 -22.988560 0.000000
v 23.102539 -22.616110 0.000000
v 55.316368 -24.305580 0.000000
v 48.923359 -27.102831 0.000000
v -65.105080 -28.459169 0.000000
v 102.238297 4.204544 0.000000
v 89.980423 13.431120 0.000000
v 64.717453 20.324430 0.000000
v -91.493629 -15.669450 0.000000
v -85.318817 -19.637831 0.000000
v -82.532791 -27.498180 0.000000
v -86.657372 9.419597 4.557395
v 89.018082 5.302140 3.636778
v 25.505640 30.000000 2.621768
v 28.092369 30.000000 3.805054
v -28.998940 30.000000 6.020288
v -27.406361 30.000000 6.703538
v -2.392614 30.000000 7.574355
v 75.236649 -29.993330 6.483189
v -26.448250 -30.000000 3.180696
v -27.829130 -30.000000 4.049345
v -75.802368 29.978331 6.581732
v -2.891351 -11.598020 10.000000
v -20.079889 -15.542180 10.000000
v -28.703560 -22.713900 10.000000
v -28.519251 -24.984320 10.000000
v -11.364150 -24.411800 10.000000
v 44.584709 15.752740 10.000000
v 41.969440 15.918720 10.000000
v 13.000280 17.384609 10.000000
v 79.246460 -25.147060 10.000000
v -2.059788 7.048370 0.000000
v 27.144119 20.459801 0.000000
v -29.065229 24.865061 0.000000
v 31.218010 -12.056710 0.000000
v 24.486719 -12.633180 0.000000
v 62.059540 -16.404440 0.000000
v 40.999451 -15.750440 0.000000
v 25.916771 -18.008261 0.000000
v 68.807610 -23.431419 0.000000
v 96.452042 -15.581270 0.000000
v 78.914680 25.371161 0.000000
v 69.752327 25.102449 0.000000
v 87.478317 8.295316 6.069242
v 40.356049 30.000000 3.847696
v 57.749569 30.000000 1.489998
v 41.491581 30.000000 4.861283
v -40.045368 30.000000 3.947609
v -57.456921 30.000000 8.856342
v 69.326782 -30.000000 6.588720
v 81.909103 29.182421 1.398021
v -40.060749 -30.000000 3.017927
v -40.437660 -30.000000 4.624703
v 40.365250 -30.000000 7.743559
v 57.912731 -30.000000 8.778233
v -70.170380 30.000000 7.188334
v -84.046371 28.595131 0.824560
v -98.325813 -18.850559 1.202036
v 28.794161 -0.479426 10.000000
v -21.451891 -1.170821 10.000000
v -15.321500 -1.220055 10.000000
v -24.087219 -1.598145 10.000000
v 38.225101 -2.667598 10.000000
v 58.121361 -2.923097 10.000000
v 39.956680 -2.398093 10.000000
v 50.101501 -4.886672 10.000000
v 29.473169 -5.710396 10.000000
v 36.025040 -6.033053 10.000000
v -34.729889 -6.717309 10.000000
v -29.870979 -7.611867 10.000000
v 36.693138 -8.270768 10.000000
v 34.970951 -8.314873 10.000000
v 30.498280 -8.148421 10.000000
v 52.134041 -8.278355 10.000000
v 39.249290 -10.923440 10.000000
v 35.263691 -12.638480 10.000000
v -28.937309 -12.744690 10.000000
v 30.482759 -13.877150 10.000000
v 17.315670 -14.573130 10.000000
v 17.925989 -13.034270 10.000000
v 32.268810 -15.772530 10.000000
v -63.326080 -19.947180 10.000000
v 41.782841 -17.060440 10.000000
v 53.258659 -19.035480 10.000000
v 55.575569 -19.713890 10.000000
v 60.161362 -22.373011 10.000000
v 48.210590 -26.218880 10.000000
v 15.888280 -27.195709 10.000000
v 32.390251 -28.673349 10.000000
v -31.092800 -17.278799 10.000000
v -48.931782 -17.368010 10.000000
v -47.591999 -16.838100 10.000000
v -35.280491 -21.211540 10.000000
v -39.230751 -26.749451 10.000000
v -26.791309 2.349300 10.000000
v -6.147078 0.456632 10.000000
v -8.805775 1.768766 10.000000
v 26.681841 3.077376 10.000000
v -50.004890 3.475108 10.000000
v -35.778919 3.033937 10.000000
v -46.983181 5.278567 10.000000
v -34.582588 5.477056 10.000000
v -37.227970 5.310596 10.000000
v -45.513279 5.401145 10.000000
v 22.254370 6.592903 10.000000
v -40.825851 7.384206 10.000000
v 22.767469 7.885799 10.000000
v 25.027031 11.866990 10.000000
v 30.505890 11.666750 10.000000
v 26.421129 12.253790 10.000000
v -51.854759 12.846410 10.000000
v 37.012680 15.767050 10.000000
v -27.106159 16.184851 10.000000
v -25.857861 12.248670 10.000000
v -32.010208 13.206530 10.000000
v -14.668330 11.994110 10.000000
v -51.931389 18.106489 10.000000
v -35.057781 17.308470 10.000000
v 8.138505 14.719020 10.000000
v 19.594770 15.962510 10.000000
v 34.416931 20.213961 10.000000
v 47.975311 21.206511 10.000000
v -64.921181 19.588011 10.000000
v -64.217346 18.129410 10.000000
v 82.393913 14.165780 10.000000
v 76.555290 -26.097839 10.000000
v 28.804529 0.500264 0.000000
v -32.941399 4.440440 0.000000
v 38.213638 2.629802 0.000000
v 57.552990 2.115897 0.000000
v 39.968460 2.389740 0.000000
v -28.073351 4.278905 0.000000
v 50.207069 4.979311 0.000000
v 29.306410 5.677654 0.000000
v 36.029758 6.126291 0.000000
v -19.796129 6.356390 0.000000
v -22.397869 7.363209 0.000000
v 35.702518 9.262099 0.000000
v 34.542820 8.351866 0.000000
v 29.258169 9.356383 0.000000
v 52.030960 8.587390 0.000000
v 45.288540 8.977994 0.000000
v -24.578270 11.122900 0.000000
v 36.733002 11.480680 0.000000
v 30.454121 14.254250 0.000000
v 31.964230 14.213230 0.000000
v 16.972940 14.937250 0.000000
v 31.467661 15.843850 0.000000
v 30.961960 11.213830 0.000000
v -63.155312 19.629311 0.000000
v 54.006081 24.259279 0.000000
v 55.310501 23.124969 0.000000
v 32.277210 28.812380 0.000000
v -32.282879 17.103260 0.000000
v -49.232349 16.410130 0.000000
v -39.049889 26.251539 0.000000
v -27.116140 -2.500434 0.000000
v -8.838478 -2.007943 0.000000
v 26.677691 -3.076125 0.000000
v -50.492729 -3.576927 0.000000
v -35.764599 -3.065885 0.000000
v -49.684158 -4.785665 0.000000
v -34.583279 -5.476913 0.000000
v -37.221951 -5.305687 0.000000
v -45.618198 -5.542934 0.000000
v 23.036301 -6.899885 0.000000
v -40.844891 -7.387231 0.000000
v 25.525249 -11.291330 0.000000
v 29.871700 -10.999530 0.000000
v 36.053860 -13.975470 0.000000
v -27.107941 -16.185169 0.000000
v -25.863041 -12.248650 0.000000
v -32.010361 -13.206560 0.000000
v -14.679130 -11.995280 0.000000
v -52.135559 -17.469940 0.000000
v -35.057991 -17.308500 0.000000
v 16.091471 -15.379210 0.000000
v 21.393829 -15.669500 0.000000
v 20.130251 -16.934561 0.000000
v 34.119411 -21.484209 0.000000
v 46.910480 -20.745251 0.000000
v -64.950577 -19.596710 0.000000
v -64.221497 -18.132210 0.000000
v -70.954933 14.426590 4.221059
v 69.559898 13.952850 8.315681
v 12.378400 30.000000 1.504412
v 26.683210 30.000000 1.412049
v 18.047560 30.000000 4.442189
v 13.146420 30.000000 4.677274
v 44.994652 30.000000 2.384799
v 46.987141 30.000000 4.430787
v -30.470779 30.000000 5.098636
v 87.810547 -27.116770 3.860420
v 102.464699 -12.038460 3.527466
v 102.215103 12.588540 3.832316
v -12.704620 -30.000000 1.236289
v -26.782900 -30.000000 1.449326
v -17.238501 -30.000000 3.974871
v -12.843530 -30.000000 4.255565
v -14.158370 -30.000000 5.197580
v -31.635870 -30.000000 4.631734
v 31.091990 -30.000000 4.003692
v 46.730808 -30.000000 7.384355
v 26.505489 -30.000000 7.483080
v -100.330002 16.058029 2.664472
v -103.623703 8.942895 3.802685
v -104.960602 1.319064 3.408080
v -101.449501 -14.131530 3.667917
v -28.427980 -0.596136 10.000000
v -27.756981 -1.828683 10.000000
v -4.633374 -2.033314 10.000000
v -9.426773 -7.312596 10.000000
v -15.634310 -8.411142 10.000000
v -17.271870 -9.181391 10.000000
v -12.728320 -11.689510 10.000000
v -9.982588 -10.929490 10.000000
v -10.924730 -11.945890 10.000000
v -14.579450 -12.185570 10.000000
v -13.297060 -13.194250 10.000000
v -48.239479 -12.628140 10.000000
v -3.074161 -15.744840 10.000000
v -1.707526 -15.844840 10.000000
v 11.264180 -13.850690 10.000000
v 6.029948 -17.672449 10.000000
v 6.315115 -16.466700 10.000000
v 19.485531 -17.392799 10.000000
v 48.742260 -20.478210 10.000000
v -36.597790 -22.102100 10.000000
v -52.775230 -22.596020 10.000000
v -37.326118 -24.973240 10.000000
v -2.886945 -27.249451 10.000000
v -21.060780 -27.319130 10.000000
v -69.778084 -27.642139 10.000000
v -65.442207 -22.398920 10.000000
v 8.147070 2.267921 10.000000
v 13.380450 3.360667 10.000000
v 9.007005 6.666388 10.000000
v 15.102200 7.347442 10.000000
v 9.651063 9.583905 10.000000
v 10.900290 12.166510 10.000000
v -7.220512 12.545730 10.000000
v 31.846020 14.240260 10.000000
v 62.426350 12.879640 10.000000
v 7.297326 21.010550 10.000000
v 95.687119 17.641451 10.000000
v 99.576370 8.277121 10.000000
v 83.195129 -22.606449 10.000000
v 70.300308 -26.184460 10.000000
v 63.602322 -21.400339 10.000000
v -99.964767 -11.183660 10.000000
v -74.147957 27.615690 10.000000
v -70.778931 25.963831 10.000000
v -29.305220 1.256525 0.000000
v -27.631540 1.669247 0.000000
v -14.177010 3.028331 0.000000
v -13.604960 4.501544 0.000000
v -11.564240 5.889635 0.000000
v -12.010210 7.122355 0.000000
v -9.578972 9.791548 0.000000
v -8.438583 9.084080 0.000000
v -10.992900 10.313050 0.000000
v -16.578550 10.786760 0.000000
v -11.240920 11.812760 0.000000
v -14.923300 13.920810 0.000000
v -13.957340 13.030180 0.000000
v -62.374470 13.864470 0.000000
v -16.285801 13.983740 0.000000
v -4.288962 16.702021 0.000000
v -1.219675 15.975620 0.000000
v 33.172119 18.342270 0.000000
v 1.704219 15.896940 0.000000
v 11.599220 14.292410 0.000000
v 19.080740 17.958200 0.000000
v 6.148699 20.860170 0.000000
v 38.728580 18.445400 0.000000
v 37.288830 17.878731 0.000000
v 33.601372 21.019711 0.000000
v -18.449671 22.309191 0.000000
v -2.778640 24.988350 0.000000
v -36.632080 22.111010 0.000000
v -52.618801 22.784990 0.000000
v -37.066730 24.688351 0.000000
v -3.216266 26.678301 0.000000
v -20.272840 26.380569 0.000000
v -67.244812 24.384319 0.000000
v 8.154514 -2.267829 0.000000
v 13.347500 -3.266619 0.000000
v 8.364262 -6.556233 0.000000
v 14.886620 -6.743795 0.000000
v 17.786850 -13.006930 0.000000
v -7.043737 -12.730390 0.000000
v 21.991711 -14.069620 0.000000
v 31.382690 -13.934550 0.000000
v 34.869202 -16.439930 0.000000
v 50.749699 -14.475530 0.000000
v 61.569870 -14.256220 0.000000
v 46.372410 -17.892611 0.000000
v 57.384270 -17.681749 0.000000
v 6.045082 -18.778919 0.000000
v 22.021700 -20.525351 0.000000
v 63.670300 -22.198601 0.000000
v 98.335052 -13.529030 0.000000
v 68.090584 23.052259 0.000000
v 66.485626 25.121790 0.000000
v -96.137833 5.635798 0.000000
v -83.153137 -21.072830 0.000000
v -70.924896 -25.950541 0.000000
v -86.265167 9.883945 7.510402
v 70.696632 14.352740 7.596467
v 89.964272 0.625810 1.196395
v 68.677628 30.000000 1.110962
v 50.971691 30.000000 1.327296
v 64.682297 30.000000 2.615581
v 62.497681 30.000000 4.327240
v -14.062500 30.000000 0.000000
v -14.608180 30.000000 1.438226
v -10.351410 30.000000 0.946446
v -32.812500 30.000000 0.000000
v -51.562500 30.000000 0.000000
v -70.898438 30.000000 0.000000
v -40.076580 30.000000 1.155634
v 69.726562 30.000000 10.000000
v 51.562500 30.000000 10.000000
v 31.308479 30.000000 8.558022
v 6.166511 30.000000 5.612586
v 5.033006 30.000000 6.726208
v 32.373051 30.000000 10.000000
v 14.062500 30.000000 10.000000
v -68.719063 30.000000 1.355996
v -62.817188 30.000000 6.291028
v 70.545883 -30.000000 1.109625
v 87.817383 -27.113779 1.374326
v 104.737396 3.905459 1.190285
v 71.926537 30.000000 8.538568
v 68.421753 30.000000 4.061576
v -68.772774 -30.000000 1.276385
v -50.377541 -30.000000 0.814555
v -47.075420 -30.000000 2.694210
v 13.623050 -30.000000 0.000000
v 10.715180 -30.000000 1.016530
v 51.562500 -30.000000 0.000000
v 38.861900 -30.000000 1.259450
v 8.540157 -30.000000 3.978339
v -70.898438 -30.000000 10.000000
v -52.148441 -30.000000 10.000000
v -32.812500 -30.000000 10.000000
v -16.287630 -30.000000 8.703484
v -9.639589 -30.000000 8.541784
v -14.062500 -30.000000 10.000000
v 13.478580 -30.000000 5.066710
v 68.838463 -30.000000 1.197517
v 64.252769 -30.000000 7.133945
v 69.347313 -30.000000 8.855106
v -94.886017 22.447910 1.412314
v -71.704422 -30.000000 8.685523
v -68.628601 -30.000000 4.347602
v -75.237862 -29.992670 1.389355
v -7.898071 0.331185 10.000000
v -23.810459 -0.121133 10.000000
v -22.386021 0.227106 10.000000
v -9.615034 0.165199 10.000000
v 41.331921 -1.273562 10.000000
v 13.704460 -0.103714 10.000000
v 31.452030 -0.194954 10.000000
v 55.967850 0.025824 10.000000
v 7.918110 0.628275 10.000000
v -50.651932 -2.097763 10.000000
v -55.498169 -0.153240 10.000000
v 47.904301 -1.222329 10.000000
v 14.460400 -1.478287 10.000000
v 49.964039 -3.257162 10.000000
v 23.169720 -1.907406 10.000000
v 31.171650 -1.938056 10.000000
v 35.675159 -1.764557 10.000000
v -57.879601 -3.133691 10.000000
v -46.126560 -1.181757 10.000000
v 56.718849 -3.065925 10.000000
v 18.116640 -1.939488 10.000000
v 20.737249 -4.494750 10.000000
v 19.130630 -4.775169 10.000000
v 7.863998 -4.835499 10.000000
v 12.064310 -4.473884 10.000000
v 42.161259 -5.914259 10.000000
v 9.548650 -4.890546 10.000000
v -58.418812 -6.028092 10.000000
v 50.636600 -8.105233 10.000000
v 26.572201 -6.752596 10.000000
v 7.612048 -7.473170 10.000000
v -58.324650 -7.506865 10.000000
v 15.827540 -6.557849 10.000000
v 14.832460 -7.401323 10.000000
v 18.965710 -7.327252 10.000000
v -59.413872 -8.783866 10.000000
v -41.327381 -8.905812 10.000000
v -40.102650 -9.759965 10.000000
v 49.215092 -11.004350 10.000000
v -60.509048 -10.171950 10.000000
v 9.199209 -11.326670 10.000000
v -57.348228 -10.842010 10.000000
v 53.195702 -12.164880 10.000000
v 15.561220 -10.630610 10.000000
v -47.072861 -12.109710 10.000000
v -52.225170 -15.252750 10.000000
v 44.475769 -12.438080 10.000000
v 33.763470 -13.301990 10.000000
v 25.450800 -11.330900 10.000000
v 39.696861 -14.886830 10.000000
v 36.461578 -14.746930 10.000000
v 61.509869 -16.821360 10.000000
v 50.372162 -16.320829 10.000000
v 59.415539 -19.143869 10.000000
v -30.317711 -15.985180 10.000000
v -1.920897 -18.460930 10.000000
v 52.500149 -20.123190 10.000000
v 53.195900 -21.336960 10.000000
v 45.870350 -21.781330 10.000000
v 29.153070 -22.267080 10.000000
v 14.944870 -22.378820 10.000000
v 15.087890 -20.876350 10.000000
v 58.729340 -26.765760 10.000000
v 41.382488 -28.360020 10.000000
v 67.217857 -26.742611 10.000000
v 7.570636 -23.652950 10.000000
v 6.572979 -24.470289 10.000000
v 5.478005 -27.250780 10.000000
v 4.656429 -28.733210 10.000000
v -27.553120 -18.617121 10.000000
v -28.100161 -20.046341 10.000000
v -45.796371 -14.844540 10.000000
v -52.610779 -16.673929 10.000000
v -13.405460 -28.921240 10.000000
v -29.422600 -27.387119 10.000000
v -62.742599 -25.960381 10.000000
v -59.762230 -24.784300 10.000000
v -46.305309 -28.848499 10.000000
v -66.318520 -27.655600 10.000000
v -57.178082 0.000638 10.000000
v -40.403809 -0.387731 10.000000
v 40.490021 1.339347 10.000000
v 49.554932 3.535942 10.000000
v 52.761700 2.665081 10.000000
v -51.250771 4.299904 10.000000
v 50.669281 4.585633 10.000000
v 36.156109 4.909114 10.000000
v 38.522598 3.763415 10.000000
v -41.475140 4.829505 10.000000
v -21.351040 5.925472 10.000000
v 36.650009 7.419560 10.000000
v -57.669640 7.418317 10.000000
v -37.406460 8.840315 10.000000
v -38.621632 8.452540 10.000000
v -14.488430 7.300859 10.000000
v -33.461651 6.378278 10.000000
v 36.214211 8.565720 10.000000
v -53.341789 8.647882 10.000000
v -14.250310 8.772392 10.000000
v -21.985390 7.252995 10.000000
v -15.471590 9.568253 10.000000
v -8.688590 9.589130 10.000000
v -37.330441 11.864700 10.000000
v -13.276880 9.998512 10.000000
v 39.092300 11.876490 10.000000
v -40.342449 11.233750 10.000000
v -58.992661 12.255980 10.000000
v -56.020962 12.715040 10.000000
v -18.452990 12.822440 10.000000
v 4.489658 13.072440 10.000000
v 59.417278 12.941050 10.000000
v -46.868080 17.268450 10.000000
v -30.576559 16.735630 10.000000
v -19.753441 13.048160 10.000000
v -4.667939 16.574169 10.000000
v -3.100710 16.646290 10.000000
v -2.522325 17.984650 10.000000
v -30.434361 15.364580 10.000000
v -35.753700 14.323950 10.000000
v -61.903389 16.154520 10.000000
v -60.014690 16.236031 10.000000
v -64.669510 13.228720 10.000000
v -49.325420 12.925670 10.000000
v -50.466061 13.771470 10.000000
v 6.104517 16.233721 10.000000
v 16.591721 16.137461 10.000000
v 23.537590 15.016990 10.000000
v 19.212219 13.525020 10.000000
v 31.610460 15.950200 10.000000
v 39.697472 21.082291 10.000000
v 53.201099 20.339050 10.000000
v 57.257549 20.922899 10.000000
v 32.796082 23.960270 10.000000
v 57.367260 22.508209 10.000000
v 62.848831 24.591770 10.000000
v 50.585720 28.776310 10.000000
v 46.200661 28.923571 10.000000
v 64.900932 27.178080 10.000000
v 66.334846 27.142130 10.000000
v -64.443649 15.656450 10.000000
v 6.980998 22.603889 10.000000
v 24.352480 24.721371 10.000000
v 42.209499 26.199511 10.000000
v 56.138920 26.505831 10.000000
v -59.987041 24.532110 10.000000
v -45.773491 28.983980 10.000000
v -68.639847 28.639780 10.000000
v -65.512527 28.411409 10.000000
v 87.048592 25.732611 10.000000
v 91.157944 -7.219188 10.000000
v 94.915604 -8.432860 10.000000
v 75.738777 -27.431520 10.000000
v -88.520042 14.209340 10.000000
v -90.174461 -22.295481 10.000000
v -8.897511 -0.430644 0.000000
v -7.391061 -0.224187 0.000000
v -23.398911 0.925543 0.000000
v -22.310419 -0.615980 0.000000
v -35.959400 -0.253543 0.000000
v 41.367851 1.260973 0.000000
v 13.711210 0.110155 0.000000
v 31.449310 0.081800 0.000000
v 55.996738 -0.329366 0.000000
v 7.918818 -0.628668 0.000000
v -50.638309 1.537631 0.000000
v -55.667519 0.232894 0.000000
v 14.467100 1.486420 0.000000
v 50.017761 3.260227 0.000000
v 22.932289 1.244672 0.000000
v 35.505169 1.850740 0.000000
v -46.261040 1.761035 0.000000
v -38.832001 2.731256 0.000000
v 56.724831 3.418913 0.000000
v 18.670321 1.925579 0.000000
v 20.822290 5.108684 0.000000
v 19.281500 4.786002 0.000000
v 31.483629 3.930422 0.000000
v 7.865369 4.848203 0.000000
v 12.056390 4.458377 0.000000
v 42.267342 5.807621 0.000000
v 9.545882 4.900477 0.000000
v -36.182060 7.557653 0.000000
v 50.629200 8.031258 0.000000
v 15.712180 6.708370 0.000000
v 14.444270 7.442778 0.000000
v -51.141171 8.638123 0.000000
v 48.070961 10.571880 0.000000
v -5.799079 11.850700 0.000000
v -38.675720 10.665550 0.000000
v 8.867036 11.297480 0.000000
v 54.291401 10.932480 0.000000
v 53.029320 12.141700 0.000000
v 44.587421 12.576930 0.000000
v 15.346120 10.846980 0.000000
v 62.175789 13.764820 0.000000
v 51.688961 14.612020 0.000000
v 50.230358 13.961780 0.000000
v 61.997581 15.208460 0.000000
v 57.594002 12.450360 0.000000
v 28.244610 11.904600 0.000000
v 25.578859 11.755870 0.000000
v 61.359650 16.545780 0.000000
v 49.306469 16.092840 0.000000
v 58.533520 19.810381 0.000000
v -35.555729 14.506200 0.000000
v -1.861614 17.503889 0.000000
v -18.609051 17.274509 0.000000
v 38.640282 21.341400 0.000000
v 38.254959 20.168579 0.000000
v 40.518551 21.105949 0.000000
v 46.914280 20.634390 0.000000
v 12.116580 22.114580 0.000000
v 15.026930 22.684349 0.000000
v 32.276859 24.720100 0.000000
v 47.482128 25.267580 0.000000
v 71.092216 27.953291 0.000000
v 61.188141 26.694599 0.000000
v 58.185059 26.763901 0.000000
v 56.522850 28.721359 0.000000
v 45.619221 28.991470 0.000000
v 6.371881 22.361641 0.000000
v 23.346991 28.381140 0.000000
v 5.298814 26.830391 0.000000
v 5.459825 28.591089 0.000000
v -27.307249 17.493839 0.000000
v -27.241911 20.727150 0.000000
v -36.168411 15.913510 0.000000
v -36.618149 17.609119 0.000000
v -47.523392 16.666611 0.000000
v -43.761410 20.457001 0.000000
v -50.654289 16.330770 0.000000
v -12.990980 28.556471 0.000000
v -29.443661 27.368320 0.000000
v -62.627270 25.763889 0.000000
v -59.610760 25.235380 0.000000
v -46.380150 28.562210 0.000000
v -66.462143 26.986530 0.000000
v -65.580963 20.568451 0.000000
v -40.496670 0.431262 0.000000
v 40.506840 -1.457524 0.000000
v -49.770061 -2.255546 0.000000
v 49.822990 -2.743666 0.000000
v 50.869541 -4.863903 0.000000
v 36.205669 -4.960648 0.000000
v 38.587521 -3.929475 0.000000
v -15.546020 -4.587101 0.000000
v -41.595661 -4.835329 0.000000
v -20.625139 -5.601413 0.000000
v -21.875561 -6.170224 0.000000
v 50.163021 -7.348814 0.000000
v 36.769321 -7.842859 0.000000
v -37.406448 -8.840294 0.000000
v -38.621971 -8.452741 0.000000
v -14.442030 -6.871446 0.000000
v -33.463928 -6.378697 0.000000
v -14.230870 -8.679516 0.000000
v -21.577200 -7.808039 0.000000
v 37.229630 -9.270242 0.000000
v -15.470970 -9.550595 0.000000
v -8.695900 -9.594018 0.000000
v -37.330410 -11.864710 0.000000
v 36.389191 -10.567960 0.000000
v -13.219870 -9.976428 0.000000
v 53.723808 -12.122910 0.000000
v 39.205570 -11.174980 0.000000
v -40.320541 -11.241160 0.000000
v 44.931000 -12.650700 0.000000
v -18.454050 -12.824110 0.000000
v 57.324520 -13.701100 0.000000
v -46.866772 -17.269051 0.000000
v -30.577299 -16.735760 0.000000
v -19.754990 -13.049660 0.000000
v -2.220615 -20.021830 0.000000
v -30.434990 -15.364700 0.000000
v -35.753750 -14.323960 0.000000
v -61.909859 -16.146509 0.000000
v -60.019070 -16.219330 0.000000
v -64.682877 -13.220840 0.000000
v -49.396709 -12.310370 0.000000
v 4.865485 -13.763770 0.000000
v 16.819201 -16.793470 0.000000
v 22.946220 -15.224430 0.000000
v 18.552620 -14.200970 0.000000
v 32.255169 -15.536580 0.000000
v 56.038460 -21.145081 0.000000
v 15.320350 -21.988041 0.000000
v 27.861401 -21.783911 0.000000
v 31.270729 -22.986790 0.000000
v 28.474970 -23.271641 0.000000
v 49.019138 -25.243219 0.000000
v 60.541950 -24.279930 0.000000
v 59.030960 -24.802361 0.000000
v 49.664810 -28.720119 0.000000
v 46.526630 -28.830940 0.000000
v 63.866459 -26.307489 0.000000
v 66.465271 -27.284910 0.000000
v 64.433594 -29.170740 0.000000
v -64.446083 -15.655490 0.000000
v 24.118290 -24.823059 0.000000
v -59.643421 -24.926380 0.000000
v -64.231720 -26.948851 0.000000
v -45.777168 -29.124491 0.000000
v -66.381218 -28.657749 0.000000
v 63.627548 -18.168091 0.000000
v 75.859444 -24.328360 0.000000
v 91.442863 -1.839356 0.000000
v 100.901802 3.540288 0.000000
v 91.182327 7.224115 0.000000
v 94.981194 8.733317 0.000000
v 101.540802 10.487440 0.000000
v 64.889160 17.881451 0.000000
v 63.190369 20.871620 0.000000
v -97.336227 2.816792 0.000000
v -89.381393 -23.032419 0.000000
v -78.068008 16.106569 0.000000
v 21.696289 30.000000 3.657513
v 21.372999 30.000000 2.347346
v -21.448299 30.000000 7.078024
v -22.270380 -30.000000 3.325995
v -20.538601 -30.000000 3.450553
v -3.190935 -9.238812 10.000000
v -3.813061 -10.601100 10.000000
v -23.026739 -13.710320 10.000000
v 27.826620 -16.696770 10.000000
v 26.516430 -19.332899 10.000000
v 27.768961 -18.373760 10.000000
v 24.004660 -18.329510 10.000000
v 17.664579 -17.357080 10.000000
v -27.875879 -23.685280 10.000000
v -19.263769 -23.727650 10.000000
v 18.192369 1.228814 10.000000
v 3.536769 6.647757 10.000000
v 48.447578 15.649990 10.000000
v 43.322491 15.042430 10.000000
v 43.310322 13.728070 10.000000
v 27.166901 18.643450 10.000000
v 20.945410 16.870979 10.000000
v -3.936667 6.741965 0.000000
v -3.303061 8.220091 0.000000
v -3.482117 10.455100 0.000000
v -23.432570 13.275380 0.000000
v -22.114759 13.120670 0.000000
v -19.843760 13.326990 0.000000
v 26.992701 15.947070 0.000000
v 17.748270 17.185511 0.000000
v -27.928699 23.609779 0.000000
v 18.295389 -1.218994 0.000000
v 3.507643 -6.638949 0.000000
v 27.260429 -19.057940 0.000000
v 49.572361 30.000000 1.061909
v -26.359711 -30.000000 8.935934
v 50.268009 -30.000000 9.067830
v -101.071899 -14.824680 1.018031
v -13.612860 -1.161834 10.000000
v -10.069150 -1.607919 10.000000
v 41.584049 -2.892205 10.000000
v -28.421591 -3.613959 10.000000
v -23.392719 -6.650811 10.000000
v -23.631689 -8.032572 10.000000
v -31.673130 -7.434203 10.000000
v -22.870199 -10.558720 10.000000
v -32.373650 -10.454840 10.000000
v 48.966999 -16.391581 10.000000
v -22.965719 -15.069940 10.000000
v -16.978781 -15.454960 10.000000
v 50.915131 -23.110960 10.000000
v 53.722240 -23.739719 10.000000
v 56.006359 -26.251381 10.000000
v 60.809330 -23.675320 10.000000
v 25.021851 -28.482380 10.000000
v 33.391590 -27.260929 10.000000
v -46.333248 -17.214041 10.000000
v -40.675919 -27.558300 10.000000
v -20.256069 1.906901 10.000000
v 16.892210 3.472042 10.000000
v 18.342211 2.970841 10.000000
v -22.047779 4.680073 10.000000
v -28.133560 5.537846 10.000000
v -46.413319 6.778783 10.000000
v -43.407021 6.794322 10.000000
v -45.732300 8.211251 10.000000
v -45.876900 10.676980 10.000000
v 39.511860 14.993050 10.000000
v -20.876499 12.488980 10.000000
v -17.619520 14.154980 10.000000
v -37.962742 18.244850 10.000000
v 12.498040 15.899600 10.000000
v 73.516586 17.377371 10.000000
v -25.003139 0.860206 0.000000
v -24.256069 -0.739057 0.000000
v -12.936750 1.910508 0.000000
v -9.872092 1.304855 0.000000
v -17.552299 2.998068 0.000000
v 41.576160 2.893369 0.000000
v -21.686750 4.383896 0.000000
v -20.609680 3.354617 0.000000
v 46.422722 3.787714 0.000000
v -19.600889 11.966920 0.000000
v 40.798790 15.602100 0.000000
v 46.467819 16.739550 0.000000
v -22.653580 14.756360 0.000000
v -15.350660 15.305870 0.000000
v 58.202061 21.618059 0.000000
v 63.158180 22.186300 0.000000
v -40.886791 27.777460 0.000000
v 17.499660 -3.720473 0.000000
v 18.558241 -2.730060 0.000000
v -28.353310 -3.483979 0.000000
v -21.620100 -4.683284 0.000000
v -28.025419 -4.760377 0.000000
v -48.883259 -5.957580 0.000000
v -43.444031 -6.804667 0.000000
v -58.930801 -7.682782 0.000000
v -46.330250 -9.591375 0.000000
v -20.878260 -12.489390 0.000000
v -17.614229 -14.162550 0.000000
v -37.962921 -18.244850 0.000000
v 7.629705 -14.677050 0.000000
v 11.904710 -14.082710 0.000000
v 47.780571 -24.389830 0.000000
v 40.231049 -23.612579 0.000000
v 13.113520 30.000000 3.054594
v -13.523700 30.000000 5.636961
v -17.500971 -30.000000 2.401174
v 17.209970 -30.000000 7.060523
v -21.547911 -2.970972 10.000000
v -14.948440 -13.523650 10.000000
v -11.697670 -13.064450 10.000000
v -9.247187 -12.338320 10.000000
v -55.943272 -12.940260 10.000000
v -61.835011 -14.288720 10.000000
v -6.489425 -14.144630 10.000000
v 33.055660 -19.366650 10.000000
v 21.501619 -13.394880 10.000000
v 19.825380 -15.521750 10.000000
v 12.522500 -17.420389 10.000000
v 14.326150 -15.346950 10.000000
v 16.846439 -16.010410 10.000000
v 15.767090 -14.916150 10.000000
v 47.244820 -20.838341 10.000000
v -10.087570 -23.852840 10.000000
v -2.310064 -23.254780 10.000000
v -36.696838 -23.633980 10.000000
v -12.809450 -27.900040 10.000000
v 19.060301 4.402421 10.000000
v 25.797770 13.984740 10.000000
v 62.396259 14.316910 10.000000
v 35.118671 18.487061 10.000000
v 66.405586 23.150129 10.000000
v 66.749924 21.974030 10.000000
v 67.904808 22.667030 10.000000
v 67.661423 -23.208799 10.000000
v -66.491982 22.837410 10.000000
v -22.808170 5.646463 0.000000
v -18.609430 12.879290 0.000000
v -60.955261 12.918100 0.000000
v -5.831608 14.169470 0.000000
v -5.159321 15.447590 0.000000
v 31.593861 19.096970 0.000000
v 44.664940 18.645580 0.000000
v -10.639190 24.238171 0.000000
v -2.336974 23.450781 0.000000
v -36.820541 23.422331 0.000000
v 19.199249 -4.290675 0.000000
v 22.591061 -11.028010 0.000000
v 48.656250 -12.544510 0.000000
v 20.281380 -14.207040 0.000000
v 25.065689 -13.950890 0.000000
v 33.055408 -14.325370 0.000000
v 52.136139 -17.521490 0.000000
v 31.512800 -18.515699 0.000000
v 14.415890 -20.904800 0.000000
v 70.791054 -27.249500 0.000000
v 66.430359 -22.891331 0.000000
v 101.441597 -6.410072 0.000000
v -66.417282 -22.695150 0.000000
v 79.331772 14.346290 2.340380
v 81.985733 13.253360 8.714546
v 64.082199 30.000000 4.063847
v -20.952761 30.000000 0.875887
v -9.098955 30.000000 1.440038
v 66.097481 30.000000 7.491377
v 16.646851 30.000000 6.673172
v 21.753429 30.000000 6.901174
v -23.389690 30.000000 8.788394
v -55.033009 30.000000 5.747656
v -63.438351 30.000000 7.394513
v 20.941360 -30.000000 0.878202
v -65.787491 -30.000000 7.207850
v -16.696350 -30.000000 7.221331
v -13.898250 -30.000000 6.541473
v 22.772449 -30.000000 3.815810
v 67.239723 -30.000000 1.213978
v 57.247929 -30.000000 5.041286
v 31.985790 -30.000000 9.001745
v 63.803970 -30.000000 5.948515
v 60.969921 -30.000000 8.976295
v -74.437729 29.998880 4.058296
v 47.942280 1.442460 10.000000
v 35.296299 1.351371 10.000000
v -43.278431 -1.538484 10.000000
v -43.556149 -3.027634 10.000000
v -32.261330 -1.851556 10.000000
v 8.576883 -3.825905 10.000000
v 8.385293 -2.576437 10.000000
v 5.691854 -2.692816 10.000000
v 43.467209 -4.795234 10.000000
v 22.094320 -3.216881 10.000000
v 25.453671 -3.218819 10.000000
v -42.496651 -4.282984 10.000000
v -36.190159 -4.464534 10.000000
v -34.877090 -5.019645 10.000000
v 16.194229 -4.311006 10.000000
v -47.406250 -6.358283 10.000000
v -44.449360 -6.014841 10.000000
v -42.922329 -5.811634 10.000000
v -43.443550 -7.363394 10.000000
v 21.730391 -7.591788 10.000000
v -45.553120 -9.158686 10.000000
v -47.075829 -9.260530 10.000000
v 52.949650 -9.529646 10.000000
v 48.197449 -9.531596 10.000000
v 30.221359 -9.806570 10.000000
v 21.117371 -10.409610 10.000000
v 23.778400 -9.725998 10.000000
v -36.919842 -10.008430 10.000000
v 19.998119 -11.470590 10.000000
v 62.125629 -15.420110 10.000000
v 62.678040 -14.052430 10.000000
v 20.389040 -12.646890 10.000000
v 19.203960 -12.760150 10.000000
v 56.771980 -16.071640 10.000000
v 60.567692 -18.045719 10.000000
v -31.613701 -13.477870 10.000000
v -32.959278 -14.572060 10.000000
v -10.935410 -18.157379 10.000000
v 43.692390 -23.353821 10.000000
v 22.976770 -22.576210 10.000000
v 41.627899 -27.025669 10.000000
v 50.950352 -27.673389 10.000000
v 66.883957 -27.947550 10.000000
v 56.011211 -28.889799 10.000000
v -41.129509 -14.605200 10.000000
v -57.235210 -19.140961 10.000000
v -55.450432 -25.241610 10.000000
v -43.085171 1.416416 10.000000
v -34.530300 1.002500 10.000000
v -46.732990 0.968159 10.000000
v 48.487370 2.686788 10.000000
v -39.931431 4.524055 10.000000
v -18.650450 2.247447 10.000000
v -32.002731 5.552635 10.000000
v -40.337460 5.929138 10.000000
v -16.381941 5.479566 10.000000
v 2.063499 6.053840 10.000000
v -42.331242 7.926216 10.000000
v -24.311171 6.363734 10.000000
v -21.405750 9.439780 10.000000
v -23.970200 9.320559 10.000000
v -37.471691 10.388290 10.000000
v -38.816990 11.211370 10.000000
v -47.434059 10.647190 10.000000
v -22.825769 10.560920 10.000000
v -34.624531 11.849790 10.000000
v -29.481741 11.482270 10.000000
v -36.098030 11.131690 10.000000
v -35.861401 12.626710 10.000000
v -47.430550 14.677020 10.000000
v -23.789141 13.520480 10.000000
v -28.258619 13.384970 10.000000
v -29.598021 13.079130 10.000000
v -48.947048 14.601510 10.000000
v -44.545319 15.708140 10.000000
v -45.263988 17.053749 10.000000
v -6.420666 13.924060 10.000000
v -5.524181 15.206350 10.000000
v -11.040410 17.705450 10.000000
v -32.805740 15.741440 10.000000
v -14.874350 13.577800 10.000000
v -52.742352 19.172581 10.000000
v -62.128399 14.471090 10.000000
v -56.853691 13.909690 10.000000
v -53.068878 13.351340 10.000000
v -17.796600 19.819300 10.000000
v 6.648515 15.012260 10.000000
v 27.878710 15.775950 10.000000
v 25.061199 15.505040 10.000000
v 37.623810 19.195551 10.000000
v 23.031321 22.199949 10.000000
v 31.393950 23.070950 10.000000
v 24.156759 23.274700 10.000000
v 20.003790 22.467400 10.000000
v 51.277130 24.313669 10.000000
v -53.948261 28.691681 10.000000
v -90.708328 -7.311419 10.000000
v 47.739731 -1.453565 0.000000
v 35.591412 -1.254435 0.000000
v -35.998951 1.268044 0.000000
v 8.576786 3.828465 0.000000
v 8.385285 2.576736 0.000000
v 5.692053 2.693346 0.000000
v -35.824959 3.021531 0.000000
v 43.838581 5.087584 0.000000
v 25.450581 3.139906 0.000000
v -46.350128 5.359935 0.000000
v -46.013889 4.142567 0.000000
v -38.773960 5.763436 0.000000
v -41.545330 3.820990 0.000000
v 15.956880 5.068384 0.000000
v 20.983500 6.499993 0.000000
v 19.075371 8.885100 0.000000
v 21.326330 7.766695 0.000000
v 52.048149 9.766815 0.000000
v 13.031760 9.351903 0.000000
v 21.503260 10.321280 0.000000
v 23.824320 9.575107 0.000000
v 55.892040 11.793930 0.000000
v -55.360020 12.035870 0.000000
v 63.467121 14.555640 0.000000
v 50.367199 12.770990 0.000000
v 19.836981 12.059340 0.000000
v 19.829269 13.572230 0.000000
v 38.292320 13.155680 0.000000
v 60.822491 17.920509 0.000000
v -31.850611 14.079990 0.000000
v 44.838428 25.377380 0.000000
v 16.120581 23.474100 0.000000
v 15.329000 28.545370 0.000000
v -26.915840 19.153080 0.000000
v -43.259960 16.203300 0.000000
v -55.533939 18.104139 0.000000
v -55.326118 25.342770 0.000000
v -34.585361 -1.058238 0.000000
v -46.822510 -1.214789 0.000000
v -44.515881 -1.877388 0.000000
v -39.952831 -4.488586 0.000000
v -32.023819 -5.563418 0.000000
v -40.354671 -5.928755 0.000000
v 2.057187 -6.055480 0.000000
v -42.404381 -7.888041 0.000000
v -24.494120 -6.785333 0.000000
v -21.435400 -9.412607 0.000000
v -24.121599 -9.367582 0.000000
v -37.471661 -10.388290 0.000000
v -38.815708 -11.211630 0.000000
v -47.283031 -10.765970 0.000000
v -22.868780 -10.566560 0.000000
v -34.624550 -11.849800 0.000000
v -29.443810 -11.569970 0.000000
v -36.098030 -11.131690 0.000000
v -35.861408 -12.626710 0.000000
v 55.040058 -12.386340 0.000000
v -47.441010 -14.702010 0.000000
v -23.791590 -13.520660 0.000000
v -28.259270 -13.385060 0.000000
v -29.597460 -13.080580 0.000000
v -48.816570 -14.809800 0.000000
v -44.542229 -15.703620 0.000000
v -45.263672 -17.052851 0.000000
v -5.606650 -13.814860 0.000000
v -5.912626 -15.378170 0.000000
v -10.983560 -17.508190 0.000000
v -2.471081 -18.580610 0.000000
v -32.806030 -15.741490 0.000000
v -14.898370 -13.566090 0.000000
v -62.158749 -14.445710 0.000000
v -56.837040 -13.819680 0.000000
v -52.903019 -13.041500 0.000000
v 6.207482 -15.859630 0.000000
v 27.320641 -15.757370 0.000000
v 24.555759 -15.455080 0.000000
v 20.189220 -23.632450 0.000000
v 51.462830 -23.386410 0.000000
v 56.263100 -25.587311 0.000000
v 56.143429 -28.890141 0.000000
v -55.818920 -25.144039 0.000000
v -62.458790 -23.926291 0.000000
v -53.389809 -28.528391 0.000000
v 87.993134 -15.212880 0.000000
v -89.443428 7.187909 0.000000
v -76.264320 -15.910260 0.000000
v 30.897699 30.000000 2.282299
v -33.512951 30.000000 6.498213
v 76.187332 -29.964939 7.354907
v -31.193480 -30.000000 2.148438
v 33.218578 -30.000000 6.351906
v 31.173401 -30.000000 7.923893
v -27.155470 -14.959860 10.000000
v 32.407082 -17.073481 10.000000
v 21.084049 -16.477560 10.000000
v -28.755960 -26.290331 10.000000
v -20.608530 -26.020109 10.000000
v -11.478320 -25.882050 10.000000
v -3.068943 -25.879459 10.000000
v -69.550728 -24.197670 10.000000
v 32.075581 2.183521 10.000000
v 24.904659 12.955860 10.000000
v 32.755981 12.608890 10.000000
v 40.279461 16.608940 10.000000
v 19.353729 17.338430 10.000000
v 29.615250 20.562349 10.000000
v 11.689550 17.610270 10.000000
v -99.762383 -8.031056 10.000000
v -12.934520 14.027240 0.000000
v 28.633440 16.159321 0.000000
v 4.476777 17.434160 0.000000
v -28.734970 26.349430 0.000000
v -11.364250 25.552080 0.000000
v -69.313026 24.182051 0.000000
v 32.064140 -2.154826 0.000000
v 32.415199 -11.201150 0.000000
v 64.901672 -17.614679 0.000000
v 59.792370 -18.239170 0.000000
v 28.396999 -20.506680 0.000000
v 19.985470 -19.487690 0.000000
v 5.237924 -17.399830 0.000000
v 40.437809 30.000000 2.585145
v -16.946739 30.000000 2.251561
v 35.357410 30.000000 8.536415
v 9.666199 30.000000 8.534661
v -65.189613 30.000000 2.953948
v -40.375710 30.000000 8.360998
v -49.012581 30.000000 7.176572
v -56.835911 30.000000 7.537658
v -65.045410 30.000000 7.329871
v 80.806358 -29.422960 1.227703
v 75.724861 29.980230 2.576410
v -56.678799 -30.000000 2.763116
v -64.576027 -30.000000 2.776766
v 31.177561 -30.000000 1.242512
v -36.008011 -30.000000 8.460557
v -13.652000 -30.000000 7.853064
v -75.998352 -29.971411 2.468205
v 24.316820 -0.758409 10.000000
v 21.082760 -0.001373 10.000000
v 25.315861 0.427532 10.000000
v -7.652659 -3.210402 10.000000
v -12.147150 -1.035814 10.000000
v -10.789720 -0.633090 10.000000
v -14.867090 -3.782728 10.000000
v 48.593369 -4.296518 10.000000
v 33.026669 -4.155618 10.000000
v 36.714199 -3.015932 10.000000
v 57.586819 -4.295659 10.000000
v -29.031950 -6.440170 10.000000
v -28.288679 -5.288295 10.000000
v -15.391800 -5.312411 10.000000
v -20.443911 -7.888454 10.000000
v -28.727819 -8.821371 10.000000
v 33.231831 -8.902412 10.000000
v 29.787710 -11.098970 10.000000
v -21.866060 -11.808730 10.000000
v -37.218220 -12.804980 10.000000
v 24.654131 -12.570720 10.000000
v 41.329979 -14.584540 10.000000
v 38.008591 -15.192770 10.000000
v 36.305882 -17.382290 10.000000
v 49.248909 -19.020781 10.000000
v 49.209110 -23.554110 10.000000
v 24.465670 -25.649200 10.000000
v 15.182120 -25.902800 10.000000
v -32.603439 -17.306480 10.000000
v -46.305809 -25.222420 10.000000
v -56.883282 -28.538040 10.000000
v -27.690689 0.921851 10.000000
v -57.716850 1.760239 10.000000
v -37.109989 3.779951 10.000000
v 27.073170 4.392909 10.000000
v 29.802099 3.748143 10.000000
v 30.620781 6.556104 10.000000
v -34.906361 7.078986 10.000000
v -34.825001 10.293290 10.000000
v 30.712490 10.485240 10.000000
v -33.411739 9.349881 10.000000
v -59.744320 10.776330 10.000000
v 34.513981 12.270570 10.000000
v -50.566090 12.239240 10.000000
v -27.238840 12.153910 10.000000
v -39.905708 12.585800 10.000000
v -49.344810 16.284510 10.000000
v -48.996861 18.778021 10.000000
v -47.494320 18.917721 10.000000
v -44.678459 19.715561 10.000000
v 20.847710 15.383560 10.000000
v 22.289200 16.067129 10.000000
v 26.333441 16.371870 10.000000
v 33.275570 21.159000 10.000000
v 36.024609 19.848730 10.000000
v 35.806919 21.460390 10.000000
v 34.445549 22.033199 10.000000
v 50.615589 20.216379 10.000000
v 35.826000 23.163759 10.000000
v 38.187790 24.828581 10.000000
v -63.388031 16.729349 10.000000
v -51.459839 28.669941 10.000000
v -57.787521 27.396761 10.000000
v 88.242439 17.306589 10.000000
v 65.420372 -20.107981 10.000000
v -90.391487 -14.431490 10.000000
v 24.652880 0.890192 0.000000
v 20.789150 0.004644 0.000000
v 25.368650 -0.392700 0.000000
v -21.888510 1.252356 0.000000
v -8.784020 2.211074 0.000000
v -10.667720 -0.079957 0.000000
v 48.653141 4.502833 0.000000
v 36.719139 3.006512 0.000000
v 57.401180 4.666613 0.000000
v -32.204208 6.190681 0.000000
v -33.981541 6.043790 0.000000
v -28.802679 6.989169 0.000000
v -31.073620 9.327287 0.000000
v 58.559879 9.827921 0.000000
v 29.834490 10.556900 0.000000
v -27.831360 13.506740 0.000000
v 32.740921 13.076150 0.000000
v 31.058821 12.784510 0.000000
v 24.567261 12.698260 0.000000
v 35.985210 17.034229 0.000000
v -10.739120 17.415359 0.000000
v 55.528469 26.514750 0.000000
v -48.358898 15.164060 0.000000
v -46.576988 25.169359 0.000000
v -56.797279 27.620359 0.000000
v -27.371710 -1.100565 0.000000
v -25.747181 -1.611034 0.000000
v -25.689840 -3.059015 0.000000
v -37.062881 -3.776989 0.000000
v 27.032110 -4.401050 0.000000
v 29.772100 -3.768023 0.000000
v -34.906448 -7.078983 0.000000
v -50.994671 -7.985115 0.000000
v -34.824989 -10.293290 0.000000
v -33.458679 -9.337507 0.000000
v -52.597752 -10.195580 0.000000
v -50.600040 -12.255000 0.000000
v -27.240110 -12.153860 0.000000
v -39.901909 -12.588550 0.000000
v 37.704441 -14.439030 0.000000
v -10.110490 -16.177059 0.000000
v -2.520433 -17.149349 0.000000
v -53.038719 -15.824530 0.000000
v -49.319359 -16.264380 0.000000
v -49.020012 -18.751711 0.000000
v -47.496670 -18.915119 0.000000
v -44.678551 -19.715530 0.000000
v 5.102010 -15.029940 0.000000
v 25.999611 -16.363279 0.000000
v 32.692860 -20.881479 0.000000
v 34.134331 -20.112129 0.000000
v 35.564991 -20.774900 0.000000
v 35.472832 -22.232370 0.000000
v 49.491539 -20.551590 0.000000
v 38.121750 -22.124390 0.000000
v 37.674999 -24.707291 0.000000
v -63.389561 -16.728821 0.000000
v 25.231831 -25.455780 0.000000
v -51.574711 -28.636749 0.000000
v -57.718689 -27.429110 0.000000
v 66.123917 -17.091209 0.000000
v 22.866659 30.000000 2.667552
v -0.695101 30.000000 5.136474
v 55.484489 30.000000 3.730217
v -23.488979 30.000000 5.082480
v -22.139999 30.000000 8.404413
v -23.319929 -30.000000 4.470247
v -56.042900 -30.000000 4.176579
v 3.638587 -30.000000 4.713388
v 23.579140 -30.000000 4.860542
v 55.431999 -30.000000 5.373351
v 22.378851 -30.000000 8.690124
v 4.629918 -30.000000 8.895494
v -8.945785 -4.056921 10.000000
v -10.259900 -4.729245 10.000000
v -7.373999 -6.045018 10.000000
v -7.892107 -7.285748 10.000000
v -8.622229 -8.620488 10.000000
v -7.774184 -9.737493 10.000000
v -15.952190 -11.292220 10.000000
v 4.671964 -13.089740 10.000000
v -65.542107 -12.923530 10.000000
v 32.766201 -20.808121 10.000000
v 7.336192 -13.761120 10.000000
v 2.212388 -17.300779 10.000000
v 31.696180 -21.709530 10.000000
v 34.145630 -20.859800 10.000000
v 34.791019 -22.487009 10.000000
v 49.712170 -21.815310 10.000000
v -9.510410 -21.272921 10.000000
v -27.262220 -22.372549 10.000000
v -45.060711 -21.423429 10.000000
v -52.700630 -21.063290 10.000000
v -74.071953 -28.135920 10.000000
v -69.006119 -26.635530 10.000000
v -68.479660 -25.374540 10.000000
v -66.254967 -23.907089 10.000000
v 8.366558 3.673370 10.000000
v -0.551913 7.753697 10.000000
v -4.679291 8.430668 10.000000
v -4.068511 9.722118 10.000000
v 5.960911 9.742172 10.000000
v 22.231159 11.939780 10.000000
v 12.667270 13.973690 10.000000
v 34.248508 15.073970 10.000000
v 32.647629 17.077299 10.000000
v 71.975380 28.728960 10.000000
v 84.690018 -20.361620 10.000000
v -82.924103 26.080570 10.000000
v -70.382187 28.687260 10.000000
v -69.458633 27.040979 10.000000
v -68.253120 25.706711 10.000000
v -65.937813 24.260941 10.000000
v -8.007586 4.923034 0.000000
v -7.479117 6.569333 0.000000
v -15.786600 5.864714 0.000000
v -5.047753 5.660083 0.000000
v -7.292590 8.329001 0.000000
v 0.741972 8.150264 0.000000
v -6.761828 10.750850 0.000000
v 4.957787 12.648490 0.000000
v -17.158150 12.502600 0.000000
v -42.730339 13.691970 0.000000
v -50.316059 13.546370 0.000000
v -49.842091 14.939030 0.000000
v 7.742140 13.722970 0.000000
v 13.898440 21.623850 0.000000
v 32.213402 21.068260 0.000000
v 34.248371 22.459150 0.000000
v -45.048679 21.461029 0.000000
v -52.444511 21.349661 0.000000
v -69.083580 26.545429 0.000000
v -65.999001 23.950680 0.000000
v -65.283218 22.387501 0.000000
v -66.551651 21.497801 0.000000
v 8.389652 -3.664005 0.000000
v 15.349350 -7.822200 0.000000
v -4.676468 -8.428223 0.000000
v -4.051738 -9.696797 0.000000
v 6.120083 -9.879730 0.000000
v 22.722830 -12.486640 0.000000
v 63.404301 -12.873480 0.000000
v 65.038483 -12.746110 0.000000
v 52.179878 -20.300039 0.000000
v 58.369808 -20.662430 0.000000
v 2.994383 -16.160460 0.000000
v 31.872160 -16.982401 0.000000
v -0.331247 -22.049330 0.000000
v 73.417236 -28.851641 0.000000
v 66.307037 -24.462280 0.000000
v 94.495483 15.369050 0.000000
v 64.459587 21.840469 0.000000
v 61.844250 21.642300 0.000000
v -82.889648 -26.034710 0.000000
v -69.953247 -27.221531 0.000000
v -68.062714 -25.667490 0.000000
v -65.730072 -23.839109 0.000000
v 69.726562 30.000000 0.000000
v 60.900879 30.000000 0.000000
v 69.992493 30.000000 1.746480
v 32.812500 30.000000 0.000000
v 24.023439 30.000000 0.000000
v 4.687500 30.000000 0.000000
v -4.687500 30.000000 0.000000
v -24.023439 30.000000 0.000000
v -41.717960 30.000000 1.168709
v -42.773441 30.000000 0.000000
v 26.114550 30.000000 7.057860
v 41.996231 30.000000 8.746058
v 42.773441 30.000000 10.000000
v -4.687500 30.000000 10.000000
v -14.062500 30.000000 10.000000
v -42.773441 30.000000 10.000000
v -72.417488 30.000000 8.694762
v 74.214432 -29.999660 8.810884
v 104.464897 -5.555706 0.000000
v 73.516571 29.999969 8.374710
v -70.898438 -30.000000 0.000000
v -32.812500 -30.000000 0.000000
v -14.062500 -30.000000 0.000000
v 23.437500 -30.000000 0.000000
v 41.779160 -30.000000 1.523394
v 42.187500 -30.000000 0.000000
v 6.301439 -30.000000 4.657005
v -42.187500 -30.000000 10.000000
v -24.023439 -30.000000 10.000000
v 4.687500 -30.000000 10.000000
v 14.062500 -30.000000 10.000000
v 32.812500 -30.000000 10.000000
v 51.562500 -30.000000 10.000000
v 61.523441 -30.000000 10.000000
v 70.312500 -30.000000 10.000000
v -74.089989 29.999611 8.839181
v 35.588120 -0.179951 10.000000
v -49.266621 -1.704778 10.000000
v -50.780529 -0.715895 10.000000
v 52.751080 -3.008072 10.000000
v 9.543319 -1.774428 10.000000
v 28.154490 -3.179726 10.000000
v -51.353451 -3.467815 10.000000
v -49.591610 -3.652901 10.000000
v 23.684460 -4.926658 10.000000
v -48.500179 -5.116578 10.000000
v -45.133202 -3.356505 10.000000
v 15.336220 -2.898377 10.000000
v 8.561299 -6.261995 10.000000
v -51.774960 -6.266222 10.000000
v -37.231781 -7.139996 10.000000
v -46.379799 -7.710441 10.000000
v -36.211460 -8.669369 10.000000
v -51.310081 -7.804290 10.000000
v -52.350380 -9.014400 10.000000
v -53.753769 -8.687437 10.000000
v -37.703331 -11.232540 10.000000
v 59.051781 -10.221650 10.000000
v -39.762329 -12.215780 10.000000
v 60.570179 -12.121190 10.000000
v 22.592390 -10.799750 10.000000
v 65.072220 -12.681290 10.000000
v 51.457119 -15.466090 10.000000
v 54.341202 -15.096830 10.000000
v 26.083160 -12.682580 10.000000
v 22.993059 -12.555880 10.000000
v 16.125610 -23.278589 10.000000
v 56.716160 -27.657860 10.000000
v 49.672249 -28.441830 10.000000
v -50.175289 0.484168 10.000000
v -47.893230 1.149090 10.000000
v 55.626808 3.449675 10.000000
v 35.384048 3.939308 10.000000
v 33.058250 3.099016 10.000000
v 41.501339 3.447750 10.000000
v -56.786720 2.829783 10.000000
v 57.213619 3.446292 10.000000
v -10.646530 4.269576 10.000000
v -9.291718 4.255031 10.000000
v 43.335880 5.802039 10.000000
v -57.313000 5.843736 10.000000
v 59.263142 9.731675 10.000000
v 44.608860 8.883491 10.000000
v -7.260335 9.762094 10.000000
v 44.968380 10.585190 10.000000
v -61.272282 10.786900 10.000000
v -8.022610 11.109890 10.000000
v -63.872662 11.997210 10.000000
v 7.147074 13.779470 10.000000
v -30.961229 18.206659 10.000000
v -3.866153 15.208830 10.000000
v -0.131127 16.960320 10.000000
v -9.576237 20.047291 10.000000
v -1.528998 21.483660 10.000000
v 25.419470 23.543150 10.000000
v 42.607792 24.935860 10.000000
v 57.458488 25.585079 10.000000
v 49.144489 27.720169 10.000000
v 72.478271 19.608130 10.000000
v -72.109177 16.347870 10.000000
v -86.976753 -26.425329 10.000000
v 48.691959 -0.140972 0.000000
v -4.343628 -0.536769 0.000000
v -58.280781 1.376070 0.000000
v -56.715771 1.548799 0.000000
v -49.420799 2.212735 0.000000
v -34.130661 2.997410 0.000000
v -50.550880 0.018236 0.000000
v 52.763821 2.820738 0.000000
v 9.543456 1.774448 0.000000
v 28.283489 2.995876 0.000000
v 23.771770 5.001077 0.000000
v -4.268742 3.549221 0.000000
v 15.179650 2.764790 0.000000
v 8.571920 6.314514 0.000000
v 58.557480 7.156320 0.000000
v 7.616000 7.688951 0.000000
v -59.772171 8.947697 0.000000
v -45.068588 10.742000 0.000000
v 61.043159 11.347180 0.000000
v -61.457550 11.446110 0.000000
v 41.208370 12.713960 0.000000
v 22.240601 11.559350 0.000000
v 45.681591 13.856920 0.000000
v 50.317902 15.370690 0.000000
v 25.755239 13.377910 0.000000
v 34.435360 14.784150 0.000000
v 61.736351 20.250280 0.000000
v 55.737080 27.724911 0.000000
v 48.727600 28.658270 0.000000
v 41.378479 28.883039 0.000000
v 52.531750 27.658199 0.000000
v -49.284431 -0.843648 0.000000
v 55.564880 -3.362182 0.000000
v 35.459259 -3.927250 0.000000
v -56.662540 -2.609301 0.000000
v 57.339020 -3.463123 0.000000
v -10.519880 -4.095193 0.000000
v -9.244093 -4.210238 0.000000
v 43.371960 -4.870652 0.000000
v 43.954578 -6.259484 0.000000
v -7.255991 -9.761354 0.000000
v -61.027981 -10.324900 0.000000
v -7.999214 -11.127590 0.000000
v 45.777889 -11.469340 0.000000
v -63.885872 -11.984350 0.000000
v -30.961981 -18.206791 0.000000
v 0.703691 -16.992519 0.000000
v -9.680704 -20.066360 0.000000
v 19.469521 -15.539050 0.000000
v 42.222080 -25.991859 0.000000
v 60.785332 -22.800070 0.000000
v 63.225319 -24.970659 0.000000
v 41.521160 -28.546829 0.000000
v 68.904984 -29.035580 0.000000
v 98.291878 -16.870230 0.000000
v -64.536911 10.722060 3.264660
v -69.074257 -13.760240 4.269015
v 62.105942 -7.637693 3.521316
v -19.779551 -0.789459 10.000000
v -30.637131 -6.129917 10.000000
v 27.018629 -13.963800 10.000000
v -50.085979 -27.283260 10.000000
v -48.993710 -25.882610 10.000000
v -23.828220 4.640409 10.000000
v -15.019890 4.393789 0.000000
v -50.211891 27.170429 0.000000
v -23.107519 -4.979643 0.000000
v 85.759171 -19.960190 0.000000
v 87.326950 14.018910 0.000000
v 62.919060 8.871109 7.242022
v -29.203251 -2.124744 10.000000
v -54.583500 -14.025190 10.000000
v 11.587530 -16.091520 10.000000
v 95.341377 18.845751 10.000000
v -30.470310 6.546428 0.000000
v 55.792290 -13.809690 0.000000
v -78.187111 -29.814190 0.000000
v -75.391869 14.982040 8.662539
v 64.494507 10.682630 1.534291
v 61.476898 -6.440501 8.812719
v -20.595791 30.000000 4.664639
v 104.347198 -6.174690 1.455303
v -20.046949 -30.000000 1.092794
v 20.517071 -30.000000 4.555163
v 20.585279 -2.777177 10.000000
v 33.984261 -3.462399 10.000000
v 22.761290 -6.144914 10.000000
v 32.894440 -10.621220 10.000000
v 18.207600 -9.784135 10.000000
v -61.058430 -13.029080 10.000000
v 15.144990 -12.390770 10.000000
v -44.469231 2.485989 10.000000
v -42.034321 16.961201 10.000000
v 46.604610 19.370029 10.000000
v 60.837238 28.497730 10.000000
v 84.254463 -14.616050 10.000000
v -83.051811 -27.633060 10.000000
v -37.458179 0.485516 0.000000
v 20.204090 2.340039 0.000000
v 21.276680 1.165104 0.000000
v 34.015789 3.613051 0.000000
v 31.964041 8.775618 0.000000
v 18.352480 10.061190 0.000000
v 57.398491 14.187440 0.000000
v 12.856130 13.543480 0.000000
v 55.801220 16.510210 0.000000
v 40.100491 22.554211 0.000000
v 67.196800 26.424250 0.000000
v -44.606350 -3.230153 0.000000
v -18.388029 -4.357891 0.000000
v 63.803600 -11.588420 0.000000
v -42.034321 -16.961189 0.000000
v 88.071251 -24.318501 0.000000
v 90.701622 21.288589 0.000000
v 81.189056 29.324480 0.000000
v 84.918266 11.229870 3.502020
v 2.395853 30.000000 1.429553
v -2.272182 -2.706586 10.000000
v 10.232040 -18.833420 10.000000
v 27.770920 -20.036949 10.000000
v 23.275890 13.355350 10.000000
v -2.914390 2.770041 0.000000
v -30.381411 13.405140 0.000000
v -20.812599 14.383990 0.000000
v -63.416569 9.511059 5.903946
v -63.623890 9.752202 3.428239
v 40.635159 30.000000 8.331244
v -38.544868 -30.000000 2.398577
v -84.789467 -28.346640 1.512390
v -78.516457 -29.783871 3.118158
v -31.986710 -0.654848 10.000000
v 6.310881 0.349506 10.000000
v -20.135880 -2.331826 10.000000
v -29.636240 -4.940069 10.000000
v -22.402330 -9.216047 10.000000
v 49.831360 -9.489262 10.000000
v 49.156120 -7.990170 10.000000
v 36.767799 -12.207410 10.000000
v 31.351160 -12.863490 10.000000
v 33.559841 -14.884850 10.000000
v -11.861250 -16.873091 10.000000
v 61.986328 -23.948931 10.000000
v -43.016781 -29.000521 10.000000
v -35.801849 4.599045 10.000000
v -49.801109 9.474240 10.000000
v -5.624382 12.492900 10.000000
v -54.927959 17.994249 10.000000
v 32.856430 28.735149 10.000000
v -14.590400 -0.065014 0.000000
v 6.310752 -0.349637 0.000000
v -20.368839 1.871392 0.000000
v -29.858141 4.011510 0.000000
v -20.223709 8.833947 0.000000
v 49.692551 8.814241 0.000000
v 49.241310 7.702744 0.000000
v 33.103409 16.751440 0.000000
v 43.774529 15.962930 0.000000
v -55.804890 -4.691466 0.000000
v -35.797329 -4.600260 0.000000
v -50.131802 -9.322063 0.000000
v -5.341591 -12.295720 0.000000
v -54.912449 -18.173559 0.000000
v 33.327679 -25.112690 0.000000
v 32.256340 -26.099369 0.000000
v -89.326370 4.407907 3.013594
v -83.232689 12.523560 7.279360
v -83.576462 -12.289460 7.865448
v -88.767067 -5.909428 2.817164
v 62.443871 8.183861 8.608628
v 85.912613 -10.267830 8.442225
v 60.012550 -0.257746 4.180832
v -31.943171 30.000000 5.788121
v 77.699028 29.866520 8.491485
v -28.076870 -30.000000 2.547325
v -1.021882 -30.000000 3.606385
v -15.713620 -30.000000 4.602599
v -48.679920 -30.000000 4.295672
v 32.000259 -30.000000 5.271639
v 15.632080 1.366664 10.000000
v 8.209968 9.158373 10.000000
v 8.346228 10.760170 10.000000
v 31.818939 11.509700 10.000000
v 60.158371 16.285509 10.000000
v 60.864559 19.045410 10.000000
v 72.981842 24.988880 10.000000
v 97.200531 -6.949931 10.000000
v 98.649811 -7.901031 10.000000
v -99.527733 -9.759382 10.000000
v -9.156507 5.897263 0.000000
v -13.549180 7.249028 0.000000
v -7.357411 9.622681 0.000000
v -9.731274 11.360360 0.000000
v -10.122150 12.963160 0.000000
v -44.435490 13.198610 0.000000
v 15.748760 -1.323813 0.000000
v 8.313095 -9.299403 0.000000
v 8.656021 -10.760280 0.000000
v 7.516086 -11.719690 0.000000
v 28.786810 -13.438180 0.000000
v 74.220993 -24.596590 0.000000
v 97.232033 6.691900 0.000000
v -89.222351 18.714491 0.000000
v -97.345497 -5.852349 0.000000
v -73.223633 14.878230 6.780613
v -69.669861 14.008830 4.584948
v -67.907143 -13.205980 4.309705
v 76.532753 14.914960 6.630096
v 81.786682 -13.362050 7.586634
v 60.194271 -2.339051 7.632885
v 60.304470 -2.906334 2.233847
v -37.724018 30.000000 2.376239
v 65.122391 30.000000 5.194459
v 33.217140 30.000000 5.754802
v 34.094261 30.000000 7.233708
v 52.497711 30.000000 8.475412
v 33.871059 30.000000 8.985909
v -67.263786 30.000000 8.520074
v 5.084228 -30.000000 3.931638
v -30.844040 -30.000000 5.845840
v -34.567261 -30.000000 7.529431
v -52.087280 -30.000000 8.412690
v -6.973556 -30.000000 6.645959
v 64.714592 -30.000000 3.192838
v -102.895103 -11.010110 1.366265
v 42.344688 0.110070 10.000000
v -36.410568 -3.095742 10.000000
v 15.952160 -1.409398 10.000000
v -37.492310 -3.790916 10.000000
v 58.403500 -5.449113 10.000000
v 59.005150 -4.149538 10.000000
v -54.590710 -5.042952 10.000000
v 18.374451 -6.036243 10.000000
v 17.655590 -4.617704 10.000000
v -59.670620 -5.266472 10.000000
v -59.989960 -7.026211 10.000000
v 10.733700 -7.920049 10.000000
v 17.874920 -8.397253 10.000000
v -53.897350 -7.471989 10.000000
v 45.854939 -11.654590 10.000000
v 47.924660 -11.179340 10.000000
v 50.754910 -10.997630 10.000000
v 30.016689 -12.442780 10.000000
v 42.190029 -13.213440 10.000000
v -3.592106 -18.210529 10.000000
v 46.969349 -22.305149 10.000000
v -61.914200 -16.993830 10.000000
v -35.185799 -28.634609 10.000000
v -47.994671 -28.760300 10.000000
v -68.985390 -15.679700 10.000000
v -31.661819 0.588914 10.000000
v 40.674568 2.559001 10.000000
v -31.803040 4.280433 10.000000
v -49.881519 5.054050 10.000000
v -22.554770 8.790123 10.000000
v -60.387409 9.400875 10.000000
v -61.235600 13.436440 10.000000
v -48.372910 17.461309 10.000000
v -19.131550 14.238480 10.000000
v -60.882679 20.049940 10.000000
v -59.124001 15.105240 10.000000
v 4.688049 16.578699 10.000000
v 33.022518 15.486370 10.000000
v 47.194462 25.064480 10.000000
v 60.092209 22.223410 10.000000
v 61.959129 23.780411 10.000000
v 52.135670 26.561100 10.000000
v -61.252979 25.139509 10.000000
v 88.357719 25.047319 10.000000
v 96.548019 19.173401 10.000000
v 97.603447 4.699156 10.000000
v 83.660690 -17.779461 10.000000
v -94.312683 -12.858250 10.000000
v 42.486179 -0.025269 0.000000
v 16.016939 1.621370 0.000000
v 59.118912 4.593526 0.000000
v 18.287149 5.773112 0.000000
v 17.567970 4.544182 0.000000
v 19.559641 6.126522 0.000000
v -37.253700 8.429702 0.000000
v 10.717980 7.947982 0.000000
v -36.336441 10.928980 0.000000
v 46.802101 11.166740 0.000000
v 29.696409 11.701760 0.000000
v 53.098282 13.694180 0.000000
v 35.395020 12.426800 0.000000
v -1.058623 18.702940 0.000000
v -3.278212 17.852730 0.000000
v -2.322111 18.769350 0.000000
v 50.820629 21.161020 0.000000
v 50.041340 24.087219 0.000000
v -37.727348 16.429621 0.000000
v -61.250561 16.945589 0.000000
v -35.198639 28.634090 0.000000
v -48.059521 28.786819 0.000000
v -63.752640 27.001751 0.000000
v -31.716570 -0.530483 0.000000
v 41.231770 -2.906474 0.000000
v 37.029751 -3.862874 0.000000
v -16.685249 -3.684674 0.000000
v -31.873190 -4.271572 0.000000
v -22.703970 -8.846668 0.000000
v -60.098228 -9.000702 0.000000
v -48.372639 -17.455330 0.000000
v -19.129391 -14.249560 0.000000
v -60.889801 -20.055780 0.000000
v -59.129280 -15.042980 0.000000
v 39.102570 -21.210360 0.000000
v 41.880650 -18.048290 0.000000
v 54.628990 -21.210581 0.000000
v 12.646510 -22.636860 0.000000
v 58.219421 -22.280970 0.000000
v -61.825390 -24.979879 0.000000
v 81.512619 18.269960 0.000000
v -93.160240 15.477160 0.000000
v -90.059052 21.826071 0.000000
v -23.061510 30.000000 7.415921
v 23.408970 -30.000000 7.458977
v 22.611900 -15.815730 10.000000
v 49.803349 15.765470 10.000000
v 42.007931 14.539880 10.000000
v -101.594498 1.185749 10.000000
v 21.508930 16.056610 0.000000
v 20.799910 -18.258659 0.000000
v -18.986931 -25.071911 0.000000
v 55.550442 30.000000 8.441422
v 26.466150 30.000000 8.627969
v -48.300671 30.000000 8.860428
v 69.726288 -30.000000 5.308260
v 71.168587 30.000000 4.285969
v -55.108589 -30.000000 7.280332
v -50.438770 -30.000000 6.358175
v -24.630779 -30.000000 8.887300
v 54.545940 -30.000000 3.795539
v -70.604912 30.000000 5.737986
v -71.104431 -30.000000 4.530012
v -12.732610 -2.419310 10.000000
v 45.463680 -2.903504 10.000000
v -20.818689 -5.411205 10.000000
v 28.016710 -5.917123 10.000000
v 26.529989 -27.660789 10.000000
v -44.655590 -17.633970 10.000000
v -16.877680 2.777598 10.000000
v -49.727310 6.726977 10.000000
v -18.290461 15.681720 10.000000
v -23.043840 15.691850 10.000000
v -45.844410 18.583969 10.000000
v 39.250000 23.564131 10.000000
v 21.784229 26.294979 10.000000
v 80.871147 19.291401 10.000000
v 45.442581 2.758250 0.000000
v 27.939430 5.565684 0.000000
v 27.873421 14.753450 0.000000
v 49.086109 17.351330 0.000000
v 59.252232 22.414511 0.000000
v 56.738770 24.163780 0.000000
v -42.369999 19.302891 0.000000
v -51.575481 -9.287624 0.000000
v -18.228630 -15.738480 0.000000
v -23.049110 -15.693430 0.000000
v -45.844540 -18.583771 0.000000
v 47.580269 -23.063669 0.000000
v 19.178930 -26.950880 0.000000
v -89.777153 2.523651 7.705546
v -82.786942 12.805360 5.843411
v -82.619759 -12.896390 5.446071
v 13.875290 30.000000 1.473234
v 14.502060 30.000000 4.006432
v -13.021180 -30.000000 2.745492
v 15.075700 -30.000000 8.646794
v -24.542379 -5.622641 10.000000
v -24.886089 -7.004158 10.000000
v -10.379470 -13.082780 10.000000
v -57.414749 -13.256180 10.000000
v -62.623032 -15.554980 10.000000
v -12.697640 -15.625750 10.000000
v 13.961420 -18.266960 10.000000
v 15.413830 -16.367081 10.000000
v 16.085810 -20.126310 10.000000
v 17.282221 -20.102791 10.000000
v 43.082039 -19.046770 10.000000
v -44.956139 -22.869860 10.000000
v -10.187190 -28.440210 10.000000
v 22.991310 1.941411 10.000000
v 23.600960 0.706264 10.000000
v 25.196690 9.229484 10.000000
v 27.323780 13.572520 10.000000
v 53.088570 18.705311 10.000000
v 12.370590 20.458639 10.000000
v -8.662976 23.678400 10.000000
v -13.407690 22.168070 10.000000
v -52.460629 21.777510 10.000000
v -19.192560 3.418211 0.000000
v -24.861839 4.274970 0.000000
v -21.313271 5.974231 0.000000
v -24.247219 5.508525 0.000000
v -18.234100 6.767039 0.000000
v -24.229660 9.812004 0.000000
v -23.036770 10.630850 0.000000
v -63.346500 15.271640 0.000000
v -12.790690 15.573900 0.000000
v 13.730860 18.042379 0.000000
v 43.277931 18.724689 0.000000
v -44.969250 22.854561 0.000000
v -12.116060 27.029131 0.000000
v 22.728750 -1.680450 0.000000
v 23.669540 -0.422971 0.000000
v 25.072929 -9.662278 0.000000
v 27.481409 -14.156690 0.000000
v 50.711491 -17.680149 0.000000
v 12.153560 -19.921761 0.000000
v -16.544630 -27.088150 0.000000
v 100.161903 -2.857148 0.000000
v -99.177437 -6.287366 0.000000
v 60.498562 30.000000 1.550112
v -22.498310 30.000000 1.142683
v -10.647250 30.000000 2.186190
v -11.013430 30.000000 3.939804
v 19.425480 30.000000 6.618995
v -70.321350 30.000000 1.349011
v -56.113380 30.000000 1.209203
v -57.478489 30.000000 6.082409
v -60.494350 -30.000000 1.426425
v 22.309019 -30.000000 1.119989
v 10.276310 -30.000000 2.474698
v -19.500690 -30.000000 6.501192
v -13.451420 -30.000000 9.039377
v 69.650208 -30.000000 2.465677
v 60.498970 -30.000000 7.849463
v 44.273159 2.703020 10.000000
v -44.650810 -0.661769 10.000000
v 7.049390 -1.929190 10.000000
v 45.569000 -4.501235 10.000000
v 19.604570 -3.634034 10.000000
v 37.534328 -5.626565 10.000000
v 9.714603 -9.071318 10.000000
v -42.682671 -8.877100 10.000000
v 26.634399 -11.452280 10.000000
v 16.756580 -9.349370 10.000000
v 10.187850 -10.549640 10.000000
v -46.232391 -10.834920 10.000000
v 46.321320 -12.749260 10.000000
v 63.586040 -15.181810 10.000000
v 50.121120 -12.373500 10.000000
v 55.445381 -16.006180 10.000000
v -15.266330 -19.140869 10.000000
v 40.942268 -23.000380 10.000000
v 12.998890 -24.154680 10.000000
v -36.270760 -15.213690 10.000000
v -42.520199 -15.408440 10.000000
v -64.946426 -28.722670 10.000000
v -58.535461 -28.695339 10.000000
v 49.664291 1.942677 10.000000
v -21.224020 3.290740 10.000000
v -27.430380 3.785307 10.000000
v -28.419861 2.388957 10.000000
v 51.763649 3.767308 10.000000
v 51.941730 5.210938 10.000000
v -45.297588 9.431207 10.000000
v -30.135090 8.855117 10.000000
v -42.543930 9.723232 10.000000
v -21.160900 10.950850 10.000000
v -43.688660 16.972710 10.000000
v -8.824317 15.276080 10.000000
v -8.339190 17.985580 10.000000
v -54.443329 13.027230 10.000000
v -53.726479 14.418790 10.000000
v -16.780069 20.993219 10.000000
v 7.748757 15.894910 10.000000
v 29.062811 22.135260 10.000000
v 21.519600 23.051620 10.000000
v 52.694012 23.897520 10.000000
v 56.985359 27.824499 10.000000
v 57.630001 28.879169 10.000000
v -20.730230 28.659050 10.000000
v -19.268169 28.154221 10.000000
v -16.626471 29.065281 10.000000
v 65.152107 -15.157980 10.000000
v 43.701000 -2.427089 0.000000
v -44.953239 0.689529 0.000000
v -45.660660 2.919895 0.000000
v 20.567450 3.706442 0.000000
v 7.049394 1.929332 0.000000
v 45.116001 4.487791 0.000000
v -52.067570 3.719316 0.000000
v 18.899929 3.430766 0.000000
v 37.546940 5.617861 0.000000
v 9.818364 9.069496 0.000000
v 26.941090 10.717210 0.000000
v 17.477020 8.787218 0.000000
v 10.092570 10.505880 0.000000
v -54.042160 10.911890 0.000000
v 49.600399 11.560900 0.000000
v 47.912552 12.056250 0.000000
v -53.908661 12.453450 0.000000
v 21.384809 12.871350 0.000000
v 54.759010 15.639800 0.000000
v 59.385361 18.216669 0.000000
v -13.258080 18.714609 0.000000
v -15.365670 19.842489 0.000000
v 42.736671 23.114740 0.000000
v 36.020370 22.724701 0.000000
v -41.875969 16.363680 0.000000
v -48.481380 17.784760 0.000000
v -64.883621 28.210510 0.000000
v -57.257099 28.880779 0.000000
v -16.231680 -2.096856 0.000000
v -20.966511 -3.172638 0.000000
v -26.995560 -3.914181 0.000000
v -28.716850 -2.069642 0.000000
v 52.011730 -5.451835 0.000000
v 52.813400 -8.842917 0.000000
v -29.519960 -8.750431 0.000000
v -42.400311 -10.245200 0.000000
v 54.760311 -10.676690 0.000000
v -21.166189 -10.950100 0.000000
v -43.688499 -16.972361 0.000000
v -9.188187 -15.071660 0.000000
v -8.321148 -18.220501 0.000000
v -53.723660 -14.401380 0.000000
v -16.820200 -20.809891 0.000000
v 11.380400 -16.821630 0.000000
v 52.511280 -24.137960 0.000000
v 65.615448 -28.298050 0.000000
v 13.887080 -23.810120 0.000000
v 15.560200 -23.382099 0.000000
v -49.512249 -24.410629 0.000000
v -21.034500 -28.837469 0.000000
v -19.500811 -28.234840 0.000000
v 10.076500 30.000000 3.532552
v 29.579651 30.000000 3.406361
v 73.925438 -30.000000 6.370757
v -10.070490 -30.000000 3.622951
v -29.341921 -30.000000 3.640668
v 29.896400 -30.000000 7.818242
v 14.757410 -30.000000 7.337821
v -73.985893 29.999809 6.423957
v -16.494740 -14.035310 10.000000
v -4.956089 -14.093140 10.000000
v 25.926310 -15.637250 10.000000
v -26.225500 -23.346760 10.000000
v -26.843390 -24.819651 10.000000
v 27.011129 20.083790 10.000000
v 20.029079 20.943689 10.000000
v -30.243250 23.714081 10.000000
v 68.995064 21.423309 10.000000
v 14.580100 15.406060 0.000000
v 25.771370 19.272270 0.000000
v 19.050060 16.576370 0.000000
v 25.266371 17.865231 0.000000
v -26.725109 24.628380 0.000000
v -9.881763 25.763929 0.000000
v 47.233212 -16.391300 0.000000
v 39.534931 -16.647499 0.000000
v 19.241810 -21.004230 0.000000
v -30.232380 -23.818239 0.000000
v -101.964996 13.112250 0.000000
v -91.897362 20.198860 0.000000
v -89.990402 -0.070372 2.415343
v 89.297951 -4.486763 7.302439
v -30.409611 30.000000 1.365520
v -29.365440 30.000000 1.819843
v -30.830650 30.000000 2.401200
v -18.196939 30.000000 1.459848
v -18.285431 30.000000 3.130753
v 35.809021 30.000000 6.914833
v 14.473940 30.000000 8.645103
v 15.828170 30.000000 8.245539
v 10.940660 30.000000 9.095836
v -35.476429 30.000000 3.013207
v -41.823151 30.000000 7.690829
v 18.304411 -30.000000 2.885827
v -36.279541 -30.000000 7.179508
v -14.768850 -30.000000 8.801907
v -12.268520 -30.000000 8.490558
v 36.461239 -30.000000 2.627004
v 39.013550 -30.000000 3.936836
v 42.664841 -30.000000 7.796257
v -67.814247 30.000000 5.839564
v -80.977867 -29.388680 1.182806
v -33.354931 -1.042104 10.000000
v 14.449840 0.882029 10.000000
v -30.220989 -3.355658 10.000000
v 42.464439 -7.432844 10.000000
v 27.823429 -7.532277 10.000000
v 38.206100 -8.118249 10.000000
v 57.783619 -7.807464 10.000000
v 51.308281 -9.554295 10.000000
v 42.751450 -8.912004 10.000000
v 41.265141 -8.507433 10.000000
v 29.573380 -14.862180 10.000000
v 42.902821 -14.444490 10.000000
v 40.718609 -16.031380 10.000000
v -24.416189 -14.723100 10.000000
v -25.470791 -17.165541 10.000000
v -1.027546 -17.296881 10.000000
v -0.149353 -16.149969 10.000000
v 56.288380 -22.137730 10.000000
v 31.322550 -25.605721 10.000000
v 13.839920 -26.060390 10.000000
v 30.664080 -28.681530 10.000000
v -38.228748 -18.877150 10.000000
v -42.443378 -27.885799 10.000000
v -19.654570 3.382204 10.000000
v -41.490768 1.844943 10.000000
v 28.464979 4.825088 10.000000
v 28.221861 3.372954 10.000000
v -59.518890 4.924437 10.000000
v 27.334749 5.754658 10.000000
v 25.954531 5.226459 10.000000
v 29.374559 11.078320 10.000000
v -51.892021 11.300420 10.000000
v -55.759899 10.443860 10.000000
v -28.498520 12.236540 10.000000
v -38.448040 12.857050 10.000000
v -9.535348 16.815331 10.000000
v -38.964981 17.059681 10.000000
v 46.362339 23.648569 10.000000
v 39.738029 25.058870 10.000000
v 36.291512 27.360130 10.000000
v 39.129131 27.388109 10.000000
v -34.172741 26.476120 10.000000
v -35.427471 28.830540 10.000000
v -56.067940 27.378210 10.000000
v -59.942032 25.905371 10.000000
v 92.558533 -7.247812 10.000000
v -11.602510 -1.260167 0.000000
v 14.464910 -0.875329 0.000000
v -11.669710 0.985170 0.000000
v 53.168091 5.371230 0.000000
v 24.998831 5.832369 0.000000
v 42.439671 7.443424 0.000000
v -28.348480 8.612576 0.000000
v 26.294100 9.361051 0.000000
v 27.331720 6.838837 0.000000
v 57.743820 8.377578 0.000000
v 33.318420 9.198434 0.000000
v 50.855949 9.322877 0.000000
v 42.584919 8.999510 0.000000
v 41.189098 8.480984 0.000000
v 56.766861 7.121594 0.000000
v -31.442301 10.832630 0.000000
v -32.466740 9.797555 0.000000
v 53.241890 9.529897 0.000000
v -30.274160 11.791660 0.000000
v -23.324699 12.016400 0.000000
v 42.218750 15.731200 0.000000
v 46.878922 15.111430 0.000000
v 51.429409 17.888599 0.000000
v -26.420349 16.268061 0.000000
v -23.997080 15.682520 0.000000
v -0.657644 17.393650 0.000000
v 56.921421 22.435150 0.000000
v 47.405300 23.610689 0.000000
v 42.295292 24.648750 0.000000
v 22.386080 25.706430 0.000000
v 13.668700 25.732019 0.000000
v -47.889511 26.023319 0.000000
v -20.805170 -1.456656 0.000000
v -19.441420 -3.342428 0.000000
v 28.371300 -4.888044 0.000000
v 28.208929 -3.378646 0.000000
v -53.719810 -3.534250 0.000000
v 27.122370 -5.829055 0.000000
v 25.834391 -5.206423 0.000000
v 31.792219 -6.545268 0.000000
v -49.476688 -7.584930 0.000000
v -55.111931 -10.969430 0.000000
v -28.497780 -12.238280 0.000000
v -38.447819 -12.857100 0.000000
v -8.699849 -16.262190 0.000000
v -9.252429 -17.326679 0.000000
v -38.965080 -17.059700 0.000000
v 45.195179 -23.038469 0.000000
v 36.778770 -27.713449 0.000000
v 25.664009 -26.848921 0.000000
v 24.219200 -26.371290 0.000000
v -34.597111 -26.495991 0.000000
v -34.816051 -28.660170 0.000000
v -42.665112 -28.345881 0.000000
v -40.056728 -27.048100 0.000000
v -56.150131 -26.784969 0.000000
v -60.225010 -25.987530 0.000000
v 87.098511 -22.180969 0.000000
v 84.881149 -12.729060 0.000000
v 99.550522 -7.912825 0.000000
v 92.799103 6.843806 0.000000
v -84.491188 -23.178850 0.000000
v 19.405890 30.000000 4.814244
v 37.384850 30.000000 3.412345
v 39.969410 30.000000 5.368467
v 57.867088 30.000000 4.078568
v -20.159849 30.000000 5.909667
v 3.431624 30.000000 6.549436
v 3.970915 30.000000 7.866593
v -7.303035 30.000000 8.392689
v -3.792650 -30.000000 2.999674
v -1.614228 -30.000000 5.184431
v -37.205879 -30.000000 3.324696
v -39.131729 -30.000000 5.897810
v -57.355270 -30.000000 4.107907
v 38.055569 -30.000000 4.913633
v 4.108515 -3.006074 10.000000
v -14.298230 -2.456865 10.000000
v -20.433720 -3.968709 10.000000
v -10.111930 -8.560618 10.000000
v -10.836380 -9.739223 10.000000
v -9.257063 -9.810012 10.000000
v -11.467980 -10.812260 10.000000
v -44.186501 -12.848840 10.000000
v -49.466381 -11.588870 10.000000
v -6.940934 -15.820030 10.000000
v 6.848998 -15.120190 10.000000
v 0.245338 -19.962410 10.000000
v 5.596015 -20.304819 10.000000
v 37.774700 -16.891180 10.000000
v 44.454651 -18.140909 10.000000
v -12.516770 -21.847799 10.000000
v -3.556883 -22.319189 10.000000
v -29.913950 -22.094839 10.000000
v -23.119480 -23.721781 10.000000
v -3.971360 -23.609301 10.000000
v -37.704311 -21.440849 10.000000
v -37.991428 -22.626511 10.000000
v -53.981400 -21.722260 10.000000
v -38.300541 -23.991570 10.000000
v -4.279452 -25.074421 10.000000
v -13.119870 -26.478140 10.000000
v -4.617321 -26.798790 10.000000
v -22.173950 -26.275110 10.000000
v -3.914341 -28.541040 10.000000
v -7.055338 1.734982 10.000000
v 15.727970 2.906214 10.000000
v 6.869720 3.102538 10.000000
v 7.109864 4.692508 10.000000
v 14.889520 5.519983 10.000000
v 16.601740 6.063224 10.000000
v 10.574890 7.234550 10.000000
v 12.572430 8.802229 10.000000
v 18.246481 8.306866 10.000000
v 48.956940 12.114360 10.000000
v 12.363800 12.431290 10.000000
v 11.551040 13.299860 10.000000
v 24.661320 14.188940 10.000000
v 31.119490 12.776670 10.000000
v 63.933361 12.179740 10.000000
v 63.730431 13.784530 10.000000
v 58.686470 15.741640 10.000000
v 50.291920 17.264259 10.000000
v 49.209290 18.231251 10.000000
v 52.939461 17.076500 10.000000
v 6.736964 18.353331 10.000000
v 14.133390 18.397480 10.000000
v 7.933715 19.418961 10.000000
v 22.458620 20.619249 10.000000
v 23.961910 20.825880 10.000000
v 8.876766 20.650190 10.000000
v -6.271008 22.870041 10.000000
v 0.005994 23.358700 10.000000
v 0.429766 24.766500 10.000000
v -8.213266 27.556511 10.000000
v -35.907631 21.907261 10.000000
v 64.553658 20.594950 10.000000
v 4.121264 2.990742 0.000000
v -6.442156 5.400305 0.000000
v -6.926820 3.882065 0.000000
v -5.429698 4.384545 0.000000
v -15.143570 7.487686 0.000000
v -17.427679 9.509974 0.000000
v -8.240353 10.786390 0.000000
v -18.228760 10.995580 0.000000
v -48.945450 13.608040 0.000000
v -56.798199 13.195250 0.000000
v -63.588032 12.563320 0.000000
v -2.837931 16.384171 0.000000
v 6.718151 14.846670 0.000000
v 8.251250 15.244810 0.000000
v 2.585244 19.456680 0.000000
v 4.840920 20.056379 0.000000
v 7.416526 20.194120 0.000000
v 43.908588 17.575199 0.000000
v -3.600353 22.379040 0.000000
v -21.364790 21.667000 0.000000
v -30.196911 22.120480 0.000000
v -22.566730 23.132790 0.000000
v -3.853509 23.818331 0.000000
v -14.466710 22.908890 0.000000
v -37.594639 21.077379 0.000000
v -38.031311 22.490200 0.000000
v -53.957298 21.847160 0.000000
v -38.363449 23.739349 0.000000
v -4.198706 25.346519 0.000000
v -12.976870 25.603041 0.000000
v -4.799971 26.910709 0.000000
v -3.762022 28.493919 0.000000
v -7.566548 -1.608260 0.000000
v 6.879076 -3.098742 0.000000
v 14.886500 -5.483487 0.000000
v 16.352079 -6.327924 0.000000
v 18.275970 -8.323961 0.000000
v 17.639790 -10.689480 0.000000
v 50.038960 -12.833290 0.000000
v 12.862420 -12.892720 0.000000
v 30.053450 -12.699550 0.000000
v 44.450008 -13.931500 0.000000
v 51.474510 -13.040750 0.000000
v 47.929871 -17.739780 0.000000
v 58.499069 -18.272659 0.000000
v 51.452358 -18.949280 0.000000
v 50.793701 -20.493231 0.000000
v 56.768970 -20.030331 0.000000
v 6.951238 -17.506809 0.000000
v 23.024429 -19.555611 0.000000
v 29.929970 -20.466961 0.000000
v 1.172038 -22.638500 0.000000
v -6.068385 -22.692280 0.000000
v 0.205442 -25.117830 0.000000
v -2.681201 -25.297661 0.000000
v 0.386770 -27.889721 0.000000
v 1.214171 -28.880070 0.000000
v -20.737080 -27.089350 0.000000
v -35.840679 -21.820129 0.000000
v 72.791107 -23.680309 0.000000
v 90.752571 17.042641 0.000000
v 72.026711 21.751440 0.000000
v -96.146347 12.541210 0.000000
v 49.218750 30.000000 0.000000
v 39.843750 30.000000 0.000000
v 31.054689 30.000000 0.000000
v 15.506190 30.000000 1.253476
v 63.109909 30.000000 2.783227
v 55.395130 30.000000 2.456129
v -7.307598 30.000000 1.363878
v -5.661920 30.000000 1.466046
v -39.257809 30.000000 0.000000
v -40.879551 30.000000 2.376314
v -39.272060 30.000000 2.334108
v -24.146090 30.000000 2.953685
v 30.547470 30.000000 4.729868
v 15.550170 30.000000 5.204043
v 23.050619 30.000000 6.585761
v 32.653782 30.000000 8.121784
v 58.644150 30.000000 8.690744
v 58.007809 30.000000 10.000000
v 39.843750 30.000000 10.000000
v 37.670830 30.000000 8.881682
v 27.688141 30.000000 8.942277
v 28.912840 30.000000 8.460522
v 30.216249 30.000000 8.862759
v 5.480240 30.000000 8.433850
v -63.530849 30.000000 3.464107
v -50.680790 30.000000 3.457724
v -50.949669 30.000000 4.808745
v -56.460018 30.000000 3.489028
v -59.138649 30.000000 3.813368
v -2.645271 30.000000 9.044881
v -2.929688 30.000000 10.000000
v -29.684490 30.000000 8.590302
v -21.093750 30.000000 10.000000
v -30.468750 30.000000 10.000000
v -55.413361 30.000000 7.496618
v -39.843750 30.000000 10.000000
v -49.218750 30.000000 10.000000
v 69.510307 30.000000 6.530592
v -49.218750 -30.000000 0.000000
v -64.380234 -30.000000 1.030084
v -31.054689 -30.000000 0.000000
v -21.093750 -30.000000 0.000000
v -63.410469 -30.000000 1.708317
v -55.813171 -30.000000 1.470452
v -54.023949 -30.000000 2.914531
v 7.369587 -30.000000 1.329418
v 37.369671 -30.000000 1.253110
v 39.843750 -30.000000 0.000000
v 23.963850 -30.000000 3.256876
v -30.365810 -30.000000 4.631799
v -22.648270 -30.000000 5.937598
v -23.765110 -30.000000 7.394668
v -31.381540 -30.000000 7.295497
v -33.377949 -30.000000 8.685095
v -58.640209 -30.000000 8.604608
v -58.007809 -30.000000 10.000000
v -39.027489 -30.000000 8.791320
v -37.428051 -30.000000 9.212418
v -29.143690 -30.000000 8.277253
v -25.781250 -30.000000 10.000000
v -5.387397 -30.000000 6.745474
v -5.823449 -30.000000 9.001699
v -4.125378 -30.000000 8.891057
v 63.443722 -30.000000 2.318393
v 59.776791 -30.000000 3.937163
v 1.430804 -30.000000 8.794611
v 21.093750 -30.000000 10.000000
v 31.054689 -30.000000 10.000000
v 64.652603 -30.000000 8.618318
v 62.325809 -30.000000 9.025534
v -68.928680 -30.000000 5.839638
v 58.796131 -0.537697 10.000000
v 40.159451 -0.979226 10.000000
v 13.205040 1.518582 10.000000
v -38.067551 -0.291636 10.000000
v 55.729240 -1.867974 10.000000
v -54.905571 -1.753121 10.000000
v 54.216942 -2.461223 10.000000
v 48.375820 -2.742862 10.000000
v 46.785419 -2.169818 10.000000
v 30.169621 -0.842884 10.000000
v 13.742170 -2.803802 10.000000
v -57.056530 -5.251511 10.000000
v -38.887650 -2.842995 10.000000
v -48.022861 -4.028560 10.000000
v 22.415251 -4.734612 10.000000
v 41.840569 -4.486951 10.000000
v -57.064571 -7.754440 10.000000
v 16.419720 -7.843468 10.000000
v 30.861090 -6.383171 10.000000
v -47.930370 -7.812168 10.000000
v 9.178093 -7.653929 10.000000
v -58.937649 -10.401070 10.000000
v 56.378559 -10.062250 10.000000
v -60.126759 -11.747160 10.000000
v 51.741409 -12.285340 10.000000
v -54.587929 -12.325050 10.000000
v -38.598030 -12.487970 10.000000
v 41.902740 -11.055940 10.000000
v -39.803429 -13.598900 10.000000
v 45.775768 -14.002960 10.000000
v 56.045269 -14.898150 10.000000
v 64.351089 -13.896960 10.000000
v 64.168678 -11.576020 10.000000
v 53.167961 -17.732059 10.000000
v 58.938290 -17.710180 10.000000
v -21.551861 -17.487881 10.000000
v -27.021580 -16.585279 10.000000
v 51.320789 -19.870300 10.000000
v 54.944729 -21.312040 10.000000
v 37.513882 -20.022301 10.000000
v 66.167549 -26.224550 10.000000
v 43.878479 -28.921150 10.000000
v 35.809101 -26.503210 10.000000
v 27.453150 -24.570000 10.000000
v 18.522110 -23.280130 10.000000
v 10.159580 -22.470150 10.000000
v 8.848872 -24.627600 10.000000
v 26.338390 -28.950340 10.000000
v 25.781250 -30.000000 10.000000
v 6.073356 -28.759199 10.000000
v 6.445312 -30.000000 10.000000
v 0.543055 -22.591789 10.000000
v -9.843268 -20.194929 10.000000
v -8.403451 -20.431641 10.000000
v -8.313787 -21.854610 10.000000
v -16.763849 -18.796270 10.000000
v -25.409620 -20.345320 10.000000
v -33.289490 -18.732340 10.000000
v -41.141628 -12.860730 10.000000
v -49.400551 -14.706610 10.000000
v -34.031502 -21.716339 10.000000
v -51.652149 -19.040701 10.000000
v -58.869541 -19.024960 10.000000
v -2.929688 -30.000000 10.000000
v -12.304690 -30.000000 10.000000
v -18.467791 -28.551390 10.000000
v -30.256729 -28.599859 10.000000
v -36.086029 -25.979179 10.000000
v -53.801250 -29.054079 10.000000
v -67.926964 -27.689810 10.000000
v -71.241943 -28.265320 10.000000
v -49.151390 1.300008 10.000000
v -35.793030 1.499026 10.000000
v 33.700840 1.831411 10.000000
v -37.085499 2.201086 10.000000
v 42.936741 2.997290 10.000000
v -31.056021 3.149194 10.000000
v 31.499319 3.487151 10.000000
v -20.474220 4.727921 10.000000
v -8.069676 4.900205 10.000000
v -17.333851 4.433341 10.000000
v 36.908218 3.744520 10.000000
v 42.445499 4.571097 10.000000
v 37.529739 5.167626 10.000000
v -36.202129 7.905577 10.000000
v -30.889759 6.321434 10.000000
v 6.992023 8.612766 10.000000
v 37.630890 8.255205 10.000000
v -60.998531 8.009822 10.000000
v -13.211370 7.672392 10.000000
v -15.845630 8.125473 10.000000
v -28.739269 7.187683 10.000000
v -17.005220 6.985325 10.000000
v 38.765339 9.105112 10.000000
v 60.974091 10.266640 10.000000
v -57.110249 10.379050 10.000000
v -36.238029 9.592692 10.000000
v 46.778198 10.901100 10.000000
v -48.294060 11.874110 10.000000
v -57.485321 12.187330 10.000000
v -59.741489 13.677850 10.000000
v -8.849896 12.408690 10.000000
v -43.631611 14.439310 10.000000
v -4.799039 13.885870 10.000000
v -19.967079 17.883390 10.000000
v -3.996481 17.964350 10.000000
v -3.347352 19.490789 10.000000
v -12.410210 19.864031 10.000000
v -3.830571 21.168671 10.000000
v -54.001499 21.235420 10.000000
v -15.378120 20.799110 10.000000
v -18.146400 21.381420 10.000000
v -22.810591 18.777590 10.000000
v -16.250509 19.512421 10.000000
v -9.657149 21.448441 10.000000
v -12.344000 21.362720 10.000000
v 1.196956 22.209471 10.000000
v 1.012874 20.652470 10.000000
v 2.940233 17.775930 10.000000
v 14.150190 16.685841 10.000000
v 33.555099 13.880420 10.000000
v 45.469292 21.986349 10.000000
v 39.243191 17.533871 10.000000
v 53.258228 22.164890 10.000000
v 51.936020 19.513580 10.000000
v 16.657391 21.496929 10.000000
v 61.495140 21.439280 10.000000
v 62.502159 22.442030 10.000000
v 58.924911 24.901461 10.000000
v 64.105713 24.599609 10.000000
v 44.760990 28.787319 10.000000
v 52.213558 25.276430 10.000000
v 65.815727 24.662130 10.000000
v 58.951759 26.327681 10.000000
v 50.751469 27.292931 10.000000
v 40.251339 28.270571 10.000000
v 35.577961 28.698071 10.000000
v 35.156250 30.000000 10.000000
v -41.979191 26.439480 10.000000
v -13.472770 28.795990 10.000000
v -34.081791 28.359579 10.000000
v -67.678757 27.216761 10.000000
v 96.574966 8.993226 10.000000
v 93.412033 -8.585984 10.000000
v 85.707764 -12.256790 10.000000
v 66.213608 -13.899120 10.000000
v 40.188450 0.961569 0.000000
v 50.286781 -0.343585 0.000000
v 13.219020 -1.481799 0.000000
v -37.412189 2.037218 0.000000
v -57.202671 0.030822 0.000000
v 55.987061 2.190340 0.000000
v -48.800701 3.416021 0.000000
v 54.400169 2.527875 0.000000
v 48.498150 2.701946 0.000000
v 47.026520 2.372647 0.000000
v 30.355009 0.996876 0.000000
v -56.192650 3.036175 0.000000
v -44.438160 3.517916 0.000000
v 13.741170 2.787671 0.000000
v 23.984520 3.642958 0.000000
v -36.255878 4.590683 0.000000
v 22.291700 4.114764 0.000000
v 41.779091 4.456003 0.000000
v -52.707951 4.892326 0.000000
v -53.294682 6.255113 0.000000
v -44.690300 5.255951 0.000000
v 16.850780 7.561394 0.000000
v 30.419661 6.475225 0.000000
v -60.240219 7.283168 0.000000
v 9.247076 7.689135 0.000000
v -38.724579 7.371021 0.000000
v 58.480030 11.259680 0.000000
v 57.054119 9.487788 0.000000
v 57.212189 10.812330 0.000000
v 51.462219 11.853470 0.000000
v -41.651081 12.867410 0.000000
v 45.317402 15.474890 0.000000
v 51.659088 16.251030 0.000000
v 55.914131 14.903120 0.000000
v 35.717159 13.889140 0.000000
v 57.041031 17.465580 0.000000
v -12.616410 17.230600 0.000000
v 57.097038 20.697910 0.000000
v 53.528370 21.225571 0.000000
v 41.592911 22.108360 0.000000
v 44.413380 22.620211 0.000000
v 41.905701 26.167641 0.000000
v 66.484543 27.753969 0.000000
v 62.586731 27.420790 0.000000
v 26.971010 25.762501 0.000000
v 18.999790 22.724550 0.000000
v 9.321114 23.423580 0.000000
v 34.570309 30.000000 0.000000
v 25.781250 30.000000 0.000000
v 8.202362 27.536489 0.000000
v 16.406250 30.000000 0.000000
v 7.689405 28.823490 0.000000
v 7.031250 30.000000 0.000000
v 0.731550 21.216311 0.000000
v -9.769061 20.424391 0.000000
v -7.891813 22.027700 0.000000
v -16.676430 19.377630 0.000000
v -16.916220 21.910980 0.000000
v -35.092670 16.847851 0.000000
v -40.903671 13.992520 0.000000
v -42.262611 15.046170 0.000000
v -34.094490 21.908409 0.000000
v -51.325840 17.731421 0.000000
v -55.370499 16.442329 0.000000
v -52.178051 18.649549 0.000000
v -58.493790 19.256821 0.000000
v -51.377640 22.286119 0.000000
v -2.929688 30.000000 0.000000
v -12.304690 30.000000 0.000000
v -21.093750 30.000000 0.000000
v -30.231010 28.561291 0.000000
v -58.787498 22.302311 0.000000
v -43.711128 28.756840 0.000000
v -68.073776 27.587919 0.000000
v -69.884117 29.095631 0.000000
v -71.266418 28.779181 0.000000
v -35.863628 -1.647818 0.000000
v -47.831848 -0.301386 0.000000
v -36.908211 -2.397417 0.000000
v 42.827389 -3.371095 0.000000
v -31.240870 -3.119735 0.000000
v 31.527800 -3.532293 0.000000
v -20.098520 -4.527492 0.000000
v -8.153265 -4.953539 0.000000
v -16.981871 -5.232378 0.000000
v 42.440578 -5.766108 0.000000
v 37.524181 -5.240642 0.000000
v -13.399440 -6.078807 0.000000
v 45.291828 -6.683141 0.000000
v -36.202110 -7.905542 0.000000
v -30.909630 -6.386293 0.000000
v 6.937760 -8.833773 0.000000
v -60.003971 -6.784193 0.000000
v -13.096420 -7.442351 0.000000
v -15.876920 -8.044466 0.000000
v -28.757870 -7.443584 0.000000
v -17.132339 -6.920386 0.000000
v 61.048149 -9.992421 0.000000
v -57.285751 -9.508647 0.000000
v -36.238029 -9.592690 0.000000
v -60.555710 -12.025430 0.000000
v 47.035580 -10.802790 0.000000
v -48.353119 -11.747080 0.000000
v -57.510349 -12.259110 0.000000
v -59.774441 -13.516210 0.000000
v -8.838274 -12.412370 0.000000
v 35.609032 -12.206920 0.000000
v 43.140739 -14.132850 0.000000
v -43.605671 -14.465080 0.000000
v -20.358040 -18.544001 0.000000
v -11.162890 -19.138790 0.000000
v -3.465623 -20.933130 0.000000
v -53.986870 -21.156231 0.000000
v -18.868931 -22.527880 0.000000
v -22.837839 -18.725420 0.000000
v -9.922771 -21.433109 0.000000
v 3.694740 -17.531010 0.000000
v 14.055130 -17.312229 0.000000
v 43.960651 -22.023720 0.000000
v 51.680141 -21.840750 0.000000
v 57.219292 -21.347370 0.000000
v 48.857899 -23.444580 0.000000
v 57.864811 -23.824129 0.000000
v 67.422287 -28.460819 0.000000
v 9.899319 -22.226839 0.000000
v 26.628719 -25.618200 0.000000
v 50.176311 -25.934509 0.000000
v 57.533440 -25.435459 0.000000
v 63.901871 -23.808290 0.000000
v 35.156250 -30.000000 0.000000
v 13.531270 -29.006689 0.000000
v -42.408730 -26.802570 0.000000
v -57.365700 -25.811501 0.000000
v -15.310030 -28.436399 0.000000
v -33.149670 -28.577749 0.000000
v 97.034607 0.001358 0.000000
v 85.771881 12.000140 0.000000
v 47.481041 14.782300 10.000000
v -29.133410 14.216400 0.000000
v 20.341690 16.995380 0.000000
v 47.085629 30.000000 5.859572
v -46.609589 -30.000000 1.353099
v -7.699273 -1.952680 10.000000
v 27.489100 -12.445990 10.000000
v -18.639690 -15.647270 10.000000
v 26.977711 -26.090990 10.000000
v -42.028271 -16.922110 10.000000
v -53.389511 6.764831 10.000000
v -41.125622 18.259470 10.000000
v 28.429770 27.605970 10.000000
v 28.009781 13.371410 0.000000
v 45.023861 17.120199 0.000000
v -19.703590 15.873980 0.000000
v -38.132542 -2.715625 0.000000
v -46.468651 -6.808010 0.000000
v -41.125721 -18.259489 0.000000
v -35.487640 -30.000000 2.610324
v 41.500622 -30.000000 7.170513
v -104.935799 1.775449 4.884311
v -25.490950 -2.413887 10.000000
v -58.905682 -13.822150 10.000000
v -57.800758 -14.532600 10.000000
v -10.737700 -14.322480 10.000000
v -8.428124 -23.558130 10.000000
v -43.331242 -23.736980 10.000000
v -10.180920 -26.840031 10.000000
v 57.080379 19.415930 10.000000
v -10.164400 28.703211 10.000000
v -44.901970 23.523760 10.000000
v -8.634011 12.584740 0.000000
v -57.662380 14.701050 0.000000
v 11.605410 15.816420 0.000000
v 41.840401 18.564720 0.000000
v -8.467468 23.185680 0.000000
v -43.460991 23.519970 0.000000
v 28.681240 -15.110530 0.000000
v 56.036308 -18.366320 0.000000
v 55.253010 -19.776390 0.000000
v -44.904228 -23.525320 0.000000
v -25.509081 30.000000 3.100276
v -59.348381 30.000000 2.274294
v -61.900509 30.000000 4.095012
v -24.724600 30.000000 9.132917
v -59.340771 30.000000 7.152679
v -62.085430 -30.000000 1.492119
v -25.033661 -30.000000 1.134440
v -25.317640 -30.000000 6.674775
v -29.183270 -30.000000 5.352768
v 25.507910 -30.000000 3.254810
v 59.347939 -30.000000 1.373538
v 62.428761 -30.000000 1.276820
v 25.875740 -30.000000 8.858691
v -38.767879 -4.495693 10.000000
v -40.149490 -6.674361 10.000000
v 35.919621 -7.332622 10.000000
v -41.783241 -7.366059 10.000000
v 23.837700 -8.474047 10.000000
v 17.120180 -10.681640 10.000000
v 57.205490 -17.562571 10.000000
v 58.310379 -16.254259 10.000000
v 39.666550 -22.788691 10.000000
v 37.297272 -22.702320 10.000000
v 60.915089 -28.951731 10.000000
v 12.201960 -28.646730 10.000000
v -52.769520 -19.552259 10.000000
v -55.234612 -20.945009 10.000000
v -42.523460 3.997149 10.000000
v -24.508890 3.598517 10.000000
v -13.887510 3.855497 10.000000
v -25.864889 6.704033 10.000000
v -46.585442 12.212380 10.000000
v 59.527790 11.257800 10.000000
v 48.205471 13.377770 10.000000
v -10.136440 15.305960 10.000000
v -7.910583 19.427361 10.000000
v -55.790421 19.255791 10.000000
v 42.930851 19.932989 10.000000
v 43.788761 18.854130 10.000000
v 24.722490 22.175900 10.000000
v 26.214050 22.407940 10.000000
v 57.401501 24.108089 10.000000
v 53.842602 23.641420 10.000000
v -57.786091 23.460039 10.000000
v -41.638550 5.257598 0.000000
v 35.892990 7.707172 0.000000
v 23.690290 8.002655 0.000000
v 17.060909 10.580320 0.000000
v 48.979271 13.153020 0.000000
v 50.214020 25.904490 0.000000
v 12.232480 28.670691 0.000000
v -36.986481 14.808880 0.000000
v -39.653881 14.813060 0.000000
v -39.249081 15.980830 0.000000
v -43.187752 -1.526042 0.000000
v -43.049931 -3.940591 0.000000
v -14.004170 -4.086055 0.000000
v -25.793131 -6.501566 0.000000
v -46.793789 -12.297770 0.000000
v 59.473358 -11.984150 0.000000
v -7.979126 -19.544291 0.000000
v -55.801571 -19.326851 0.000000
v 56.404709 -24.251150 0.000000
v 53.761410 -24.106230 0.000000
v -57.189999 -24.493469 0.000000
v 26.844500 30.000000 3.309128
v -28.747890 30.000000 7.503388
v 1.831907 30.000000 6.574480
v 0.295576 30.000000 6.597743
v 28.325960 -30.000000 7.192190
v -2.192010 -30.000000 6.795207
v -7.963960 -13.395630 10.000000
v 55.852070 15.798810 10.000000
v 40.831558 15.369350 10.000000
v -7.110632 26.997370 10.000000
v -26.372259 23.126209 0.000000
v 60.644150 -16.997330 0.000000
v 42.215649 -16.768961 0.000000
v -8.014858 -26.084339 0.000000
v 41.981419 30.000000 3.141293
v 61.097740 30.000000 6.651183
v -44.863258 30.000000 3.047566
v -57.882950 30.000000 2.882309
v -60.600750 30.000000 3.184991
v -46.177639 30.000000 3.988542
v -42.482571 -30.000000 2.462189
v 57.463428 -30.000000 3.286449
v 60.427479 -30.000000 2.616959
v 43.880440 -30.000000 4.157546
v 54.355961 -5.086712 10.000000
v -23.133881 -5.207359 10.000000
v 37.240879 -7.024401 10.000000
v 31.983620 -7.767428 10.000000
v 46.699730 -8.972924 10.000000
v 45.397079 -8.513418 10.000000
v 40.659389 -11.024160 10.000000
v -27.353910 -13.231020 10.000000
v 32.164398 -14.071430 10.000000
v 45.037609 -15.497600 10.000000
v 42.425121 -15.940970 10.000000
v 54.619431 -18.430161 10.000000
v 56.010410 -18.407249 10.000000
v -22.896460 -16.665010 10.000000
v 61.535759 -22.596270 10.000000
v -39.682491 -28.901791 10.000000
v 25.857639 3.992366 10.000000
v -51.359901 2.671058 10.000000
v -48.867760 4.169294 10.000000
v 24.463060 4.416327 10.000000
v -44.912090 6.909598 10.000000
v -20.890270 16.823099 10.000000
v -24.248980 17.877710 10.000000
v -37.549801 16.630779 10.000000
v -33.515999 17.108271 10.000000
v -38.573662 19.918381 10.000000
v 49.185768 20.759979 10.000000
v 33.910542 24.763800 10.000000
v -58.413368 26.177401 10.000000
v -11.031480 3.833575 0.000000
v 31.746201 5.600132 0.000000
v 34.720310 5.089245 0.000000
v 37.338459 7.048696 0.000000
v -26.695850 8.974844 0.000000
v 46.665779 9.768058 0.000000
v 46.647888 8.218484 0.000000
v -27.575010 10.262230 0.000000
v 40.632511 11.168600 0.000000
v 15.599570 14.312280 0.000000
v 30.028891 15.587190 0.000000
v 39.388279 15.544780 0.000000
v 53.530590 18.470221 0.000000
v 54.593990 18.806259 0.000000
v -9.217827 16.833771 0.000000
v 25.836269 -3.987859 0.000000
v -51.358120 -2.368414 0.000000
v -48.356861 -4.516455 0.000000
v 24.415340 -4.367379 0.000000
v -44.926010 -6.909015 0.000000
v 37.994850 -16.005630 0.000000
v -20.959000 -16.934570 0.000000
v -24.255131 -17.874460 0.000000
v -37.549919 -16.630800 0.000000
v -33.516300 -17.108330 0.000000
v -38.573490 -19.919411 0.000000
v 8.724295 -13.779260 0.000000
v 9.178493 -15.063110 0.000000
v 48.252708 -20.204620 0.000000
v 41.852638 -23.648840 0.000000
v 43.573502 -23.743670 0.000000
v 29.632799 -26.150610 0.000000
v 5.756142 30.000000 4.057201
v 11.781250 30.000000 5.580981
v 32.173859 30.000000 4.623521
v -9.811907 30.000000 7.193247
v -8.402703 30.000000 7.048512
v -11.328280 -30.000000 2.303205
v -11.746020 -30.000000 3.458829
v -3.882344 -30.000000 4.536511
v 9.856662 -30.000000 7.443163
v 8.567287 -30.000000 7.120394
v 48.310829 -30.000000 5.570120
v -13.359050 -3.689892 10.000000
v -14.302950 -4.802958 10.000000
v -14.333510 -9.156436 10.000000
v -12.648650 -9.867287 10.000000
v -8.438236 -10.986250 10.000000
v -17.675449 -11.744560 10.000000
v -47.635159 -14.384280 10.000000
v 8.910865 -17.024580 10.000000
v 18.332230 -15.910310 10.000000
v 7.356560 -17.490761 10.000000
v 23.953880 -21.297831 10.000000
v 22.681650 -19.320860 10.000000
v -22.444229 -27.491800 10.000000
v 12.177250 3.017667 10.000000
v 12.377450 4.537130 10.000000
v 11.196670 4.445436 10.000000
v 10.150140 5.707610 10.000000
v 14.093020 8.883233 10.000000
v 10.951530 8.595329 10.000000
v 11.824340 11.065630 10.000000
v 58.486500 19.879330 10.000000
v 34.292961 16.738100 10.000000
v 23.264339 19.360170 10.000000
v -37.009338 23.242100 10.000000
v -11.337540 2.353905 0.000000
v -12.934920 5.892108 0.000000
v -16.125120 9.000526 0.000000
v -15.126440 10.486950 0.000000
v -12.660800 12.439210 0.000000
v -45.241520 12.018270 0.000000
v 21.767969 17.450729 0.000000
v 23.026131 18.033060 0.000000
v 22.169460 20.211969 0.000000
v 39.779549 16.978590 0.000000
v -5.531218 28.501169 0.000000
v 12.302260 -2.695639 0.000000
v 11.041570 -5.534782 0.000000
v 9.841873 -5.976644 0.000000
v 14.185360 -9.057942 0.000000
v 11.073030 -8.693718 0.000000
v 12.137720 -11.610760 0.000000
v 60.515079 -13.126290 0.000000
v 61.003311 -15.541270 0.000000
v 58.410889 -14.948240 0.000000
v 54.820820 -16.977880 0.000000
v -21.728161 -21.114321 0.000000
v -37.272320 -22.860149 0.000000
v 48.091019 30.000000 0.777460
v 11.718750 30.000000 0.000000
v 30.525860 30.000000 1.155243
v -16.406250 30.000000 0.000000
v -31.054689 30.000000 0.000000
v -33.483150 30.000000 1.483305
v -53.320309 30.000000 0.000000
v -67.968750 30.000000 0.000000
v -72.656250 30.000000 0.000000
v -43.500938 30.000000 1.647556
v -26.320660 30.000000 1.510406
v -27.017309 30.000000 2.921530
v -7.914447 30.000000 3.825428
v 47.654270 30.000000 8.445636
v 72.656250 30.000000 10.000000
v 67.968750 30.000000 10.000000
v 43.573441 30.000000 8.495567
v 28.765650 30.000000 6.685144
v 27.524389 30.000000 7.615642
v 29.736330 30.000000 10.000000
v 16.799931 30.000000 10.000000
v -29.008751 30.000000 4.489834
v -64.387619 30.000000 8.642822
v -48.711651 -30.000000 1.206147
v -30.153370 -30.000000 1.110734
v 10.546880 -30.000000 0.000000
v 16.406250 -30.000000 0.000000
v 30.468750 -30.000000 0.000000
v 53.320309 -30.000000 0.000000
v 67.968750 -30.000000 0.000000
v 72.802727 -30.000000 0.000000
v 44.293678 -30.000000 2.604864
v 43.324261 -30.000000 1.349604
v 26.016069 -30.000000 1.485688
v 27.033520 -30.000000 2.966397
v -48.117489 -30.000000 6.808853
v -72.656250 -30.000000 10.000000
v -67.382812 -30.000000 10.000000
v -40.963661 -30.000000 8.941998
v -43.752892 -30.000000 8.398630
v -53.906250 -30.000000 10.000000
v -28.169050 -30.000000 6.923119
v -8.173525 -30.000000 7.381480
v -9.712352 -30.000000 5.244699
v -31.944880 -30.000000 8.694710
v 35.630730 -30.000000 4.069449
v 65.803497 -30.000000 1.106035
v 11.718750 -30.000000 10.000000
v 51.747921 -0.452797 10.000000
v 54.426338 0.359184 10.000000
v 51.279789 -2.073629 10.000000
v 34.112640 -2.238981 10.000000
v -55.879169 -4.350482 10.000000
v 28.835030 -4.587814 10.000000
v -38.701000 -6.140592 10.000000
v 15.229220 -8.867470 10.000000
v 52.274879 -10.927640 10.000000
v 46.858109 -10.527600 10.000000
v 44.414021 -11.040180 10.000000
v 60.013779 -13.315470 10.000000
v 49.218342 -13.709880 10.000000
v 49.882351 -15.064250 10.000000
v 56.876171 -13.646550 10.000000
v 59.970959 -16.569521 10.000000
v 49.828621 -17.555590 10.000000
v -34.354050 -13.493760 10.000000
v 36.827579 -21.504850 10.000000
v 29.193970 -23.958111 10.000000
v -25.259480 -18.825029 10.000000
v -34.256672 -17.556770 10.000000
v -46.941219 -15.636250 10.000000
v -54.310810 -18.557751 10.000000
v -56.700352 -20.410780 10.000000
v -65.423447 -25.176769 10.000000
v -67.334930 -26.488501 10.000000
v -58.754440 0.848442 10.000000
v 41.893990 1.824990 10.000000
v 39.378731 2.406250 10.000000
v -10.611640 1.733679 10.000000
v 40.611240 5.992316 10.000000
v 39.283428 5.350623 10.000000
v 40.029308 3.725562 10.000000
v -28.960039 4.000779 10.000000
v -6.689298 6.932381 10.000000
v -56.231960 7.001288 10.000000
v -15.416810 6.453031 10.000000
v -29.956930 7.282948 10.000000
v -25.462669 9.491117 10.000000
v -54.786911 11.292930 10.000000
v -27.807171 11.051410 10.000000
v 43.194820 12.374020 10.000000
v -62.940720 13.272490 10.000000
v 44.733040 14.323490 10.000000
v -42.086559 14.607930 10.000000
v -20.909800 14.120990 10.000000
v -43.239922 20.663691 10.000000
v -42.381210 22.160151 10.000000
v -25.416981 21.622520 10.000000
v -8.200349 20.977791 10.000000
v -5.082430 22.016859 10.000000
v 7.222075 17.113319 10.000000
v 17.796591 13.437220 10.000000
v 30.646099 15.298470 10.000000
v 42.301392 18.637350 10.000000
v 29.924271 23.027660 10.000000
v 47.358898 27.933550 10.000000
v 63.451740 27.130880 10.000000
v 65.426773 28.568140 10.000000
v 68.574707 28.599390 10.000000
v 28.540510 25.094440 10.000000
v 9.018726 24.660130 10.000000
v 46.532589 26.402731 10.000000
v 44.977020 26.375839 10.000000
v 41.800308 28.542150 10.000000
v 9.357183 27.441259 10.000000
v 24.601471 28.793180 10.000000
v 7.617188 30.000000 10.000000
v -40.945259 25.235809 10.000000
v -45.490719 24.865150 10.000000
v -30.423210 27.521441 10.000000
v -11.841100 28.776991 10.000000
v 51.438580 0.716480 0.000000
v 54.363670 -0.048097 0.000000
v -50.575588 3.214396 0.000000
v -54.724579 3.163604 0.000000
v 51.329990 2.242172 0.000000
v 24.258129 2.268794 0.000000
v 34.083851 2.270818 0.000000
v -37.400330 5.192516 0.000000
v 28.765921 4.456934 0.000000
v 14.449250 9.019608 0.000000
v 51.005890 10.614940 0.000000
v 32.338711 11.755830 0.000000
v -53.767139 13.729650 0.000000
v 60.583111 14.360620 0.000000
v 48.001801 16.317841 0.000000
v 50.360199 16.849060 0.000000
v -3.450237 20.876900 0.000000
v 50.037731 22.483749 0.000000
v 44.962250 23.911900 0.000000
v 44.402489 28.337320 0.000000
v 59.684711 27.544741 0.000000
v -25.476120 19.110840 0.000000
v -33.863091 17.699301 0.000000
v -38.026642 18.151510 0.000000
v -52.565460 28.485571 0.000000
v -68.636223 28.853239 0.000000
v 42.222820 -1.743197 0.000000
v 39.563999 -2.608924 0.000000
v -11.046790 -2.617485 0.000000
v 52.134960 -2.267991 0.000000
v -52.751179 -5.075756 0.000000
v 40.591030 -5.615184 0.000000
v 39.077660 -5.440782 0.000000
v 40.127071 -4.071254 0.000000
v -29.209709 -4.500714 0.000000
v -55.024342 -6.238362 0.000000
v -55.872940 -7.420218 0.000000
v -6.707460 -6.938807 0.000000
v -15.731920 -6.132973 0.000000
v -29.980040 -7.357115 0.000000
v -25.514931 -9.492036 0.000000
v -27.823271 -11.064540 0.000000
v 43.990139 -11.491310 0.000000
v -62.981831 -13.240970 0.000000
v -42.076191 -14.638210 0.000000
v -20.912830 -14.125530 0.000000
v -2.385002 -15.844290 0.000000
v -43.240891 -20.663250 0.000000
v -42.405491 -22.145920 0.000000
v -25.494720 -21.693119 0.000000
v -8.390101 -21.011600 0.000000
v -4.884170 -21.735319 0.000000
v 8.040421 -16.277451 0.000000
v 16.790359 -14.222430 0.000000
v 29.728090 -16.155411 0.000000
v 30.943830 -15.701070 0.000000
v 38.066959 -20.599991 0.000000
v 36.831329 -21.535250 0.000000
v 38.148930 -17.547340 0.000000
v 40.876492 -18.861860 0.000000
v 54.134621 -22.648911 0.000000
v 32.822788 -23.653570 0.000000
v 62.742889 -23.425911 0.000000
v 52.435169 -28.892099 0.000000
v 62.667751 -27.048571 0.000000
v 69.041290 -27.755270 0.000000
v 11.162530 -23.147110 0.000000
v 45.023411 -26.314899 0.000000
v 43.143501 -28.520321 0.000000
v 25.989910 -28.621920 0.000000
v 4.219747 -29.028879 0.000000
v -40.815281 -24.674030 0.000000
v -45.513630 -24.870350 0.000000
v -30.588530 -27.317970 0.000000
v -10.921930 -28.778530 0.000000
v -62.761688 -26.263741 0.000000
v -18.462330 30.000000 6.162151
v 18.280939 -30.000000 5.815542
v -28.640659 -15.823440 10.000000
v 29.053289 -19.159849 10.000000
v -17.818840 -23.792450 10.000000
v 17.538980 17.444780 10.000000
v -31.785879 23.869699 10.000000
v -25.598190 13.809060 0.000000
v -24.326010 14.152930 0.000000
v 22.789841 15.127640 0.000000
v -17.423189 24.860661 0.000000
v 19.435989 -12.968530 0.000000
v 46.729790 -14.955050 0.000000
v 42.015869 -14.580850 0.000000
v -31.732269 -23.988131 0.000000
v 24.178961 30.000000 9.036354
v -51.406078 30.000000 8.762005
v -21.140141 -30.000000 8.630390
v -24.873831 0.803834 10.000000
v -19.183790 0.681299 10.000000
v 39.176380 -3.676819 10.000000
v -24.045040 -4.442380 10.000000
v 51.448860 -3.866254 10.000000
v -20.769020 -6.654703 10.000000
v 24.064430 -13.765920 10.000000
v 45.785519 -17.006510 10.000000
v 48.349800 -17.838020 10.000000
v -15.798100 -16.348009 10.000000
v -15.326090 -14.935530 10.000000
v 62.878819 -22.666830 10.000000
v 63.562050 -23.701599 10.000000
v 22.129999 -26.439030 10.000000
v 22.137791 -27.817459 10.000000
v -45.437340 -18.650150 10.000000
v -35.990711 -17.964800 10.000000
v -52.536461 -25.766830 10.000000
v -46.908810 -27.614639 10.000000
v -17.218700 16.670860 10.000000
v -36.505680 17.817240 10.000000
v -41.960861 19.450439 10.000000
v 14.156150 14.860310 10.000000
v 48.845669 22.500731 10.000000
v 41.049740 23.854361 10.000000
v 26.811831 27.348850 10.000000
v -48.607719 25.788010 10.000000
v -18.034401 0.216595 0.000000
v 39.190289 3.683736 0.000000
v -16.470869 4.281763 0.000000
v 51.462620 3.849333 0.000000
v -15.489900 12.328900 0.000000
v 47.627880 17.824490 0.000000
v -16.870420 15.457670 0.000000
v 58.151539 23.385639 0.000000
v 55.371910 24.953480 0.000000
v 21.490141 28.571400 0.000000
v -45.598358 18.523720 0.000000
v -35.444050 18.488411 0.000000
v -52.639439 25.857130 0.000000
v -48.002819 -7.022964 0.000000
v -17.043760 -16.644791 0.000000
v -36.505871 -17.817240 0.000000
v -41.961021 -19.450430 0.000000
v 13.550740 -14.406240 0.000000
v 48.270409 -21.776409 0.000000
v 50.108311 -22.275209 0.000000
v 38.612461 -23.534719 0.000000
v -48.706261 -25.720520 0.000000
v 8.381054 30.000000 3.316069
v 10.312570 30.000000 4.974713
v -46.161449 30.000000 5.432883
v -16.060209 -30.000000 1.351504
v -11.202930 -30.000000 4.680844
v 10.392730 -30.000000 6.131064
v 45.373508 -30.000000 6.268196
v -22.867640 -0.971537 10.000000
v -9.688032 -15.526070 10.000000
v -4.006856 -14.889800 10.000000
v 15.146080 -19.290770 10.000000
v 45.861969 -20.273750 10.000000
v 45.855740 -18.776501 10.000000
v 47.039669 -18.095730 10.000000
v -46.594059 -23.540689 10.000000
v -47.676842 -24.751450 10.000000
v 20.711189 1.675853 10.000000
v 17.497860 4.539462 10.000000
v 18.136141 5.518593 10.000000
v 18.132771 6.793756 10.000000
v 21.042540 7.863994 10.000000
v 21.377951 10.623770 10.000000
v 18.665701 12.264310 10.000000
v 26.772791 14.868640 10.000000
v 51.764999 17.894550 10.000000
v -9.944490 24.406370 10.000000
v -15.485890 23.602619 10.000000
v -38.035309 24.284580 10.000000
v -48.244831 22.445869 10.000000
v -16.680559 7.270289 0.000000
v -17.705040 8.195353 0.000000
v -21.876829 11.595490 0.000000
v -26.472481 12.909210 0.000000
v -56.058060 14.784280 0.000000
v -3.785593 15.469810 0.000000
v 18.393869 20.625669 0.000000
v 44.695160 21.137791 0.000000
v -46.689442 23.504749 0.000000
v -48.137829 24.612530 0.000000
v 20.945921 -1.443267 0.000000
v 17.781380 -5.212866 0.000000
v 18.085489 -6.783670 0.000000
v 19.703159 -7.312026 0.000000
v 21.721870 -10.018110 0.000000
v 18.779470 -11.527550 0.000000
v 55.227940 -15.356300 0.000000
v 15.176110 -19.568670 0.000000
v -11.027600 -25.325140 0.000000
v -38.217060 -24.309999 0.000000
v -48.243259 -22.443119 0.000000
v 56.270432 30.000000 1.357622
v 17.202410 30.000000 1.070057
v -19.468420 30.000000 0.757493
v -49.218750 30.000000 0.000000
v -12.156890 30.000000 2.568893
v -8.048731 30.000000 2.503662
v 22.006300 30.000000 5.241606
v 57.041019 30.000000 7.667548
v 10.818350 30.000000 7.870656
v 14.806990 30.000000 6.828520
v -55.303089 30.000000 2.513661
v -54.900391 30.000000 4.072157
v -53.287300 30.000000 3.826160
v -60.365749 30.000000 4.757846
v -49.841911 30.000000 5.717980
v -55.886761 30.000000 8.806203
v 21.109779 -30.000000 2.003180
v 19.360260 -30.000000 1.400988
v 49.218750 -30.000000 0.000000
v 11.954540 -30.000000 2.208477
v 16.766451 -30.000000 2.858969
v 7.910899 -30.000000 2.702493
v 13.249060 -30.000000 3.513483
v -49.218750 -30.000000 10.000000
v -10.901310 -30.000000 7.719831
v -15.230270 -30.000000 7.519168
v 55.071381 -30.000000 2.581031
v 66.174492 -30.000000 8.704054
v 46.341290 1.348721 10.000000
v -41.767410 -1.029727 10.000000
v 7.291209 -3.372084 10.000000
v 26.618530 -2.492490 10.000000
v -41.242001 -4.199259 10.000000
v 35.232460 -3.323072 10.000000
v 34.636730 -4.857963 10.000000
v -44.011631 -4.511880 10.000000
v 33.394772 -5.692705 10.000000
v -45.893501 -6.216840 10.000000
v 25.009920 -7.399436 10.000000
v 22.388800 -9.075181 10.000000
v 20.315479 -7.508011 10.000000
v 12.721680 -10.507240 10.000000
v 8.043139 -11.074390 10.000000
v -44.070641 -8.910976 10.000000
v 45.584949 -10.016320 10.000000
v 20.765699 -8.981250 10.000000
v -43.153542 -10.273990 10.000000
v -39.156830 -11.061560 10.000000
v 51.116772 -13.760500 10.000000
v 48.541401 -12.396390 10.000000
v 54.353451 -16.763420 10.000000
v -12.439500 -20.443609 10.000000
v -10.120780 -19.028120 10.000000
v 41.747559 -21.518801 10.000000
v 68.260330 -27.767811 10.000000
v 16.669359 -28.647141 10.000000
v -16.652590 -21.023600 10.000000
v -38.965118 -15.896270 10.000000
v -38.402699 -14.215840 10.000000
v -56.133160 -18.180880 10.000000
v -60.106701 -28.790359 10.000000
v -65.071808 -27.360760 10.000000
v -12.880300 0.195541 10.000000
v 45.616871 2.672123 10.000000
v -45.971062 3.599364 10.000000
v -44.144760 4.176820 10.000000
v -33.134411 4.820032 10.000000
v -42.955990 5.276735 10.000000
v -41.883369 6.341160 10.000000
v -37.575932 7.038842 10.000000
v -19.753000 5.910091 10.000000
v 50.157909 9.099819 10.000000
v 51.200748 10.614420 10.000000
v -47.809330 13.353410 10.000000
v -39.957619 16.036631 10.000000
v -46.207142 15.550010 10.000000
v -52.989799 15.699350 10.000000
v -25.983351 20.386351 10.000000
v -22.906610 20.356760 10.000000
v 40.070831 19.867571 10.000000
v 46.801010 20.887131 10.000000
v 60.421638 23.883850 10.000000
v 55.459549 28.107161 10.000000
v 41.327400 27.016520 10.000000
v 19.282610 27.729710 10.000000
v -23.995230 27.983231 10.000000
v -55.370960 28.766670 10.000000
v 49.292599 -1.558787 0.000000
v 45.861622 -1.250235 0.000000
v -41.760769 1.302845 0.000000
v 7.291297 3.373830 0.000000
v 26.723499 2.465116 0.000000
v -55.663261 4.228653 0.000000
v 35.293621 3.392811 0.000000
v 39.102009 5.093386 0.000000
v 25.012630 7.274629 0.000000
v 22.339371 8.920031 0.000000
v 20.008820 7.575251 0.000000
v 20.705059 9.008661 0.000000
v -49.510311 8.555262 0.000000
v 7.504348 10.749090 0.000000
v 38.814240 9.341368 0.000000
v 22.795389 10.356060 0.000000
v -52.327229 11.420680 0.000000
v 54.550270 14.295160 0.000000
v 58.961182 15.206030 0.000000
v 54.298389 17.140230 0.000000
v 52.760799 17.410271 0.000000
v 58.126930 18.353100 0.000000
v -15.544790 18.377060 0.000000
v -12.760420 20.115030 0.000000
v -10.317170 19.015181 0.000000
v -7.410551 19.098850 0.000000
v -6.022806 18.718069 0.000000
v 38.526360 24.353460 0.000000
v 65.907944 26.463131 0.000000
v 16.897280 28.676970 0.000000
v -16.432461 20.678631 0.000000
v -40.420910 17.056320 0.000000
v -43.864792 14.732480 0.000000
v -48.199940 19.215151 0.000000
v -20.517910 28.926270 0.000000
v -52.600430 24.347389 0.000000
v -55.628559 28.616579 0.000000
v -60.170139 28.778111 0.000000
v -65.216843 26.811220 0.000000
v -13.633670 -2.888930 0.000000
v -46.000511 -4.096746 0.000000
v -44.503471 -4.618099 0.000000
v 48.444191 -3.026703 0.000000
v -33.147541 -4.816737 0.000000
v 48.213329 -4.778375 0.000000
v -43.132389 -5.364421 0.000000
v -41.925072 -6.351215 0.000000
v -37.575699 -7.038281 0.000000
v -19.372311 -5.782199 0.000000
v 50.626751 -10.344980 0.000000
v 52.347549 -11.939860 0.000000
v -48.059879 -13.351110 0.000000
v -39.957661 -16.036650 0.000000
v -46.205898 -15.543710 0.000000
v -6.846005 -14.313950 0.000000
v -12.619310 -18.250311 0.000000
v -52.167889 -14.701700 0.000000
v -51.679958 -15.903290 0.000000
v -25.996889 -20.395000 0.000000
v -22.943489 -20.278090 0.000000
v 20.255810 -22.197540 0.000000
v 31.242161 -21.555010 0.000000
v 64.156403 -27.758739 0.000000
v 51.237782 -26.607969 0.000000
v 42.162800 -27.388470 0.000000
v 17.945410 -27.699110 0.000000
v 9.421384 -29.166620 0.000000
v -18.073240 -27.554079 0.000000
v -23.999800 -27.836420 0.000000
v 32.508171 30.000000 2.390748
v -33.954739 30.000000 8.048528
v -33.729359 -30.000000 2.922059
v -32.195011 -30.000000 3.210125
v 28.726761 -30.000000 5.505004
v 31.634661 -30.000000 6.733512
v 32.695210 -30.000000 7.862849
v -8.105496 -14.914770 10.000000
v 23.616980 -16.932989 10.000000
v -31.071381 -24.403851 10.000000
v -14.086390 -25.122669 10.000000
v 48.772621 16.848591 10.000000
v 43.263550 16.456810 10.000000
v 28.288919 17.908260 10.000000
v 27.385370 17.240931 10.000000
v 28.549841 19.286819 10.000000
v -28.151871 14.837150 0.000000
v 6.309601 17.515779 0.000000
v 12.757030 19.114691 0.000000
v 20.890450 19.951950 0.000000
v 28.794781 19.655920 0.000000
v 22.956039 16.611870 0.000000
v 28.800119 17.944960 0.000000
v 27.610229 17.323219 0.000000
v -31.793381 25.471960 0.000000
v 33.888008 -11.733550 0.000000
v 32.661430 -12.843570 0.000000
v 56.285858 -16.622190 0.000000
v 63.580879 -16.594641 0.000000
v 58.938389 -17.259380 0.000000
v 48.828461 -16.404280 0.000000
v 43.190639 -17.876141 0.000000
v 40.835178 -17.394449 0.000000
v 28.173161 -18.084900 0.000000
v 27.177530 -17.351379 0.000000
v 28.851009 -19.191919 0.000000
v -31.944571 30.000000 1.465683
v -27.779249 30.000000 1.532267
v -21.186119 30.000000 2.167746
v -15.489810 30.000000 2.934463
v 58.429359 30.000000 6.990157
v 36.800480 30.000000 8.095106
v 17.134411 30.000000 8.145214
v 31.889040 -30.000000 2.537711
v 27.639099 -30.000000 1.433190
v 15.535750 -30.000000 1.466343
v -42.047352 -30.000000 4.970932
v -36.455471 -30.000000 6.003027
v 55.344830 -30.000000 8.731008
v -25.464531 -0.548668 10.000000
v -27.030960 -0.363598 10.000000
v 20.174450 -1.205061 10.000000
v -17.454020 -3.093230 10.000000
v 56.077969 -4.612555 10.000000
v -26.050690 -5.897094 10.000000
v -18.330271 -6.376524 10.000000
v 45.985958 -6.020739 10.000000
v 58.922119 -6.767608 10.000000
v 56.502930 -7.110762 10.000000
v 55.472061 -6.162899 10.000000
v 44.685581 -5.585251 10.000000
v -16.905069 -5.991660 10.000000
v 26.405439 -8.251740 10.000000
v -26.937429 -8.886935 10.000000
v 37.499100 -9.193297 10.000000
v 43.952160 -8.016322 10.000000
v 61.038731 -8.406919 10.000000
v -30.460039 -12.413080 10.000000
v 28.757771 -13.576520 10.000000
v 39.195881 -16.432011 10.000000
v 50.690411 -18.771250 10.000000
v 56.631939 -20.610880 10.000000
v -0.273788 -18.735941 10.000000
v 0.605436 -17.517759 10.000000
v 44.857971 -24.266500 10.000000
v 47.914471 -24.772791 10.000000
v 17.467670 -27.249929 10.000000
v -47.603649 -18.191740 10.000000
v -45.013210 -26.031290 10.000000
v -21.920280 1.759383 10.000000
v -48.626862 2.647416 10.000000
v -38.451870 4.284583 10.000000
v 31.011930 4.954013 10.000000
v -33.811749 7.800393 10.000000
v -52.071480 7.827938 10.000000
v -50.539631 8.212905 10.000000
v 32.116989 10.194860 10.000000
v 26.863291 9.856209 10.000000
v 28.220409 10.399330 10.000000
v -50.421669 10.829750 10.000000
v -51.660271 9.546660 10.000000
v -41.338570 12.352280 10.000000
v 35.508339 15.408340 10.000000
v -26.900049 13.493150 10.000000
v -27.848480 14.775630 10.000000
v -20.000589 15.513220 10.000000
v -12.513240 15.508190 10.000000
v -15.294130 15.187600 10.000000
v -36.058510 16.095301 10.000000
v -46.368382 20.277361 10.000000
v -31.159740 19.721519 10.000000
v 5.112920 15.398510 10.000000
v 37.019070 22.257540 10.000000
v 40.206699 22.280531 10.000000
v 44.007450 22.521231 10.000000
v 47.208889 22.365210 10.000000
v 37.179070 26.064650 10.000000
v 35.694351 26.100109 10.000000
v 14.492210 27.507311 10.000000
v -36.801819 28.632050 10.000000
v -47.188461 28.279430 10.000000
v -48.452801 28.811399 10.000000
v -55.040569 26.320101 10.000000
v -26.013380 -0.232436 0.000000
v 19.906059 0.926859 0.000000
v -7.424073 2.349303 0.000000
v -15.843160 2.757444 0.000000
v 55.929340 4.771829 0.000000
v 54.566158 5.108207 0.000000
v 55.482670 6.215491 0.000000
v 45.114792 5.904346 0.000000
v 26.527981 8.045291 0.000000
v -34.139999 9.982063 0.000000
v -29.385771 9.649564 0.000000
v -26.146080 11.471710 0.000000
v 34.190189 13.439400 0.000000
v 32.946781 15.373640 0.000000
v 38.373291 16.831619 0.000000
v 50.194401 18.329540 0.000000
v 52.361980 18.987070 0.000000
v -27.762110 15.991540 0.000000
v 1.564143 17.504690 0.000000
v 55.841679 21.393089 0.000000
v 46.097809 24.573580 0.000000
v 36.580952 25.474960 0.000000
v 37.555859 26.866409 0.000000
v 38.998280 26.797220 0.000000
v 54.162689 25.805111 0.000000
v 35.916069 26.944941 0.000000
v 17.288879 27.445761 0.000000
v 35.364349 28.536600 0.000000
v -33.094688 19.884199 0.000000
v -45.112030 25.946480 0.000000
v -5.983828 -0.786351 0.000000
v -22.055201 -2.222953 0.000000
v -48.827660 -3.297554 0.000000
v -38.419331 -4.232748 0.000000
v 30.883551 -5.061532 0.000000
v 27.923670 -8.133836 0.000000
v -33.811939 -7.800684 0.000000
v -41.374180 -12.381780 0.000000
v -26.901291 -13.493240 0.000000
v -27.849640 -14.775830 0.000000
v -20.003559 -15.563090 0.000000
v -15.276400 -15.140360 0.000000
v -36.058620 -16.095320 0.000000
v -46.368771 -20.277020 0.000000
v -31.160730 -19.721870 0.000000
v 9.755429 -16.599440 0.000000
v 36.875938 -23.230761 0.000000
v 39.592331 -22.353781 0.000000
v 32.715500 -27.548710 0.000000
v 12.931940 -26.654301 0.000000
v 15.225210 -26.869230 0.000000
v -36.554180 -28.680161 0.000000
v -47.175892 -28.275560 0.000000
v -48.479851 -28.821880 0.000000
v -54.693470 -26.185940 0.000000
v -0.770287 30.000000 1.508570
v -5.180470 30.000000 3.047431
v 24.141220 30.000000 1.793402
v 54.090939 30.000000 4.177635
v -56.355900 30.000000 5.039295
v -34.540131 30.000000 5.425044
v 1.052554 30.000000 7.691393
v -8.965998 30.000000 8.584341
v -2.498982 -30.000000 1.622749
v 3.536872 -30.000000 3.264094
v -24.005890 -30.000000 1.953177
v -6.050858 -30.000000 4.379797
v -54.680500 -30.000000 4.388921
v 6.244664 -30.000000 6.207842
v 5.624341 -30.000000 7.410741
v 34.716320 -30.000000 6.381157
v -6.263169 -2.213122 10.000000
v -6.389426 -3.816696 10.000000
v -7.674083 -4.756699 10.000000
v -6.259323 -5.270648 10.000000
v -14.141010 -6.013655 10.000000
v -6.322509 -9.617056 10.000000
v -14.348950 -10.712990 10.000000
v -7.042732 -10.983100 10.000000
v -42.719910 -12.871340 10.000000
v -56.713402 -16.909439 10.000000
v -59.321209 -17.644581 10.000000
v 1.141643 -16.350639 10.000000
v 5.227565 -15.615190 10.000000
v 4.918591 -17.099810 10.000000
v 11.366320 -21.566490 10.000000
v 19.805510 -20.902000 10.000000
v 26.529221 -20.909809 10.000000
v 0.247226 -24.010839 10.000000
v -17.206150 -22.468769 10.000000
v -0.333393 -25.497669 10.000000
v -33.923611 -23.104549 10.000000
v -35.115200 -24.022440 10.000000
v -50.517281 -22.008080 10.000000
v -35.993359 -24.840191 10.000000
v -2.233578 -28.655121 10.000000
v 8.699780 5.094716 10.000000
v 7.622316 6.005997 10.000000
v 15.970500 4.445983 10.000000
v 6.830004 7.107480 10.000000
v 16.034389 10.849460 10.000000
v 40.540562 12.413370 10.000000
v 37.690331 17.434811 10.000000
v 59.808849 14.636790 10.000000
v 61.685459 16.813580 10.000000
v 60.173779 20.408340 10.000000
v -6.445312 30.000000 10.000000
v 65.492592 22.002220 10.000000
v -12.608270 3.293601 0.000000
v -9.474984 4.353198 0.000000
v 5.732231 16.067680 0.000000
v 4.397193 15.970260 0.000000
v 1.650136 20.358641 0.000000
v 4.776873 21.578831 0.000000
v 0.613893 22.444571 0.000000
v -33.941170 23.669060 0.000000
v -35.502659 24.216339 0.000000
v -35.931889 25.744350 0.000000
v -2.146918 27.687281 0.000000
v -18.855129 27.206600 0.000000
v -2.291297 28.984180 0.000000
v 8.592547 -5.043813 0.000000
v 7.311152 -5.675789 0.000000
v 14.664810 -10.521340 0.000000
v 10.743110 -11.933320 0.000000
v 21.407591 -11.500150 0.000000
v 41.908581 -13.155630 0.000000
v 49.161652 -14.065090 0.000000
v 53.730080 -20.010950 0.000000
v 60.359081 -19.284969 0.000000
v 59.632339 -21.807791 0.000000
v 4.211664 -19.998890 0.000000
v 12.947020 -21.168600 0.000000
v 1.665886 -24.305599 0.000000
v -0.403606 -28.866949 0.000000
v -22.268299 -27.567400 0.000000
v 73.242188 30.000000 0.000000
v 67.968750 30.000000 0.000000
v 53.906250 30.000000 0.000000
v 44.531250 30.000000 0.000000
v 67.147568 30.000000 1.545971
v 33.649342 30.000000 1.217121
v 34.063480 30.000000 2.764790
v 25.395720 30.000000 1.185888
v 65.679367 30.000000 3.747701
v 47.663689 30.000000 3.127264
v -25.781250 30.000000 0.000000
v -44.531250 30.000000 0.000000
v -58.593750 30.000000 0.000000
v -7.797423 30.000000 5.437968
v 50.013100 30.000000 4.855597
v 33.628040 30.000000 4.337033
v 34.802212 30.000000 5.520818
v 24.423620 30.000000 4.807196
v 7.320431 30.000000 4.477059
v 63.281250 30.000000 10.000000
v 44.531250 30.000000 10.000000
v 22.265619 30.000000 10.000000
v 8.465014 30.000000 8.661420
v 2.343750 30.000000 10.000000
v -66.542877 30.000000 3.731194
v -25.781250 30.000000 10.000000
v -34.201241 30.000000 9.169761
v -35.156250 30.000000 10.000000
v -58.214161 30.000000 7.259809
v -66.532784 30.000000 6.949018
v -67.822311 30.000000 7.198255
v -44.531250 30.000000 10.000000
v -53.054440 30.000000 8.733744
v -53.906250 30.000000 10.000000
v -68.921471 30.000000 8.259577
v -58.593750 30.000000 10.000000
v -63.720699 30.000000 10.000000
v -67.968750 30.000000 10.000000
v -73.242188 30.000000 10.000000
v -72.656250 -30.000000 0.000000
v -67.968750 -30.000000 0.000000
v -63.281250 -30.000000 0.000000
v -53.906250 -30.000000 0.000000
v -44.531250 -30.000000 0.000000
v -67.381851 -30.000000 1.723162
v -25.781250 -30.000000 0.000000
v -16.406250 -30.000000 0.000000
v -6.525461 -30.000000 1.299993
v -34.235130 -30.000000 1.499010
v -25.297501 -30.000000 2.484802
v -66.270844 -30.000000 3.119013
v 43.945309 -30.000000 0.000000
v 57.725719 -30.000000 1.501128
v 58.593750 -30.000000 0.000000
v 63.281250 -30.000000 0.000000
v 7.344227 -30.000000 3.874128
v 7.656173 -30.000000 5.390394
v -50.193771 -30.000000 4.629553
v -33.276051 -30.000000 4.566942
v -34.678459 -30.000000 5.231435
v -6.537582 -30.000000 5.514335
v -62.695309 -30.000000 10.000000
v -8.174150 -30.000000 5.769225
v 44.842850 -30.000000 4.984812
v 34.962872 -30.000000 8.893494
v 65.007133 -30.000000 5.880343
v 67.056702 -30.000000 7.322711
v 44.531250 -30.000000 10.000000
v 52.112900 -30.000000 9.018984
v 53.767490 -30.000000 8.963156
v 53.320309 -30.000000 10.000000
v 58.593750 -30.000000 10.000000
v 63.281250 -30.000000 10.000000
v 68.554688 -30.000000 10.000000
v 72.622269 -30.000000 8.872476
v 72.070312 -30.000000 10.000000
v 47.155540 0.095951 10.000000
v 46.468109 -0.995203 10.000000
v 44.060970 -2.126609 10.000000
v 39.607738 0.209921 10.000000
v 42.669971 -1.589103 10.000000
v 49.018341 0.139058 10.000000
v -48.033440 -2.829850 10.000000
v -40.360409 -1.946522 10.000000
v -34.724609 -1.510392 10.000000
v -35.694401 -0.196692 10.000000
v -48.762711 -0.107143 10.000000
v -51.572338 0.967212 10.000000
v -52.547710 -0.431536 10.000000
v 52.964539 -1.438511 10.000000
v 8.202264 -1.069031 10.000000
v 10.791470 -1.083187 10.000000
v 55.234039 -3.504978 10.000000
v 49.516281 -1.601489 10.000000
v -33.557732 -5.509214 10.000000
v 11.167900 -5.370428 10.000000
v 14.716410 -4.145895 10.000000
v 15.559740 -5.298493 10.000000
v -37.391460 -5.408722 10.000000
v 47.348179 -6.492757 10.000000
v 48.570641 -6.892697 10.000000
v 13.731370 -8.304715 10.000000
v -35.736179 -7.421184 10.000000
v -49.661251 -8.135984 10.000000
v -38.467461 -9.793254 10.000000
v -34.577530 -8.509875 10.000000
v 61.793880 -9.923136 10.000000
v 55.552200 -11.064370 10.000000
v -52.049511 -10.490470 10.000000
v -36.204948 -11.624820 10.000000
v 47.447750 -13.685360 10.000000
v 44.369080 -14.190210 10.000000
v 64.422081 -16.172541 10.000000
v 63.125568 -16.801790 10.000000
v 62.085522 -18.312691 10.000000
v 60.934662 -19.588739 10.000000
v -15.821560 -17.804680 10.000000
v -18.292040 -18.538811 10.000000
v 13.453930 -22.819229 10.000000
v 22.119900 -23.496490 10.000000
v 34.129238 -24.573860 10.000000
v 30.848360 -24.254250 10.000000
v 61.773811 -26.381229 10.000000
v 40.266109 -25.969431 10.000000
v 40.063671 -27.627710 10.000000
v 39.988022 -28.920179 10.000000
v 4.549929 -21.514999 10.000000
v 4.730710 -22.827021 10.000000
v 5.001188 -24.270000 10.000000
v 2.115980 -28.412821 10.000000
v 3.228886 -28.803301 10.000000
v -29.512461 -19.662830 10.000000
v -29.691280 -20.789200 10.000000
v -46.719391 -20.770210 10.000000
v -60.329048 -18.796431 10.000000
v -32.814651 -26.952330 10.000000
v -32.041901 -28.499870 10.000000
v -50.160591 1.946224 10.000000
v -39.228100 0.136149 10.000000
v -12.390270 1.660438 10.000000
v 58.014679 2.102894 10.000000
v 45.106232 4.118452 10.000000
v -9.855794 3.051571 10.000000
v 55.956539 6.689013 10.000000
v 41.560520 8.376937 10.000000
v -58.047070 8.979629 10.000000
v -17.603630 8.538088 10.000000
v 43.557850 9.697796 10.000000
v -5.685688 9.761493 10.000000
v -16.823570 9.738562 10.000000
v -16.019291 11.167340 10.000000
v 36.001759 11.145880 10.000000
v 48.148071 11.105860 10.000000
v -13.427840 11.292600 10.000000
v 43.335819 10.951560 10.000000
v 36.249470 12.626230 10.000000
v -63.036991 15.380920 10.000000
v -37.151779 14.997700 10.000000
v -9.892188 13.778800 10.000000
v -3.242391 13.811110 10.000000
v -20.370680 19.308969 10.000000
v -2.274457 20.612221 10.000000
v 10.629750 16.332251 10.000000
v 18.684460 23.335100 10.000000
v 33.048790 22.479219 10.000000
v 32.664890 25.727980 10.000000
v 41.145470 25.579729 10.000000
v 56.086880 24.904520 10.000000
v 38.669590 28.612061 10.000000
v 54.496399 26.857130 10.000000
v 63.083920 25.725540 10.000000
v 62.486629 28.466631 10.000000
v 70.274811 28.639151 10.000000
v 14.051270 22.423660 10.000000
v 21.649191 24.225981 10.000000
v -62.452202 22.464680 10.000000
v -63.706310 23.452160 10.000000
v 47.009781 -0.065711 0.000000
v 46.253792 1.214279 0.000000
v 44.060379 2.119419 0.000000
v 39.626289 -0.175152 0.000000
v 42.679111 1.622428 0.000000
v 37.208981 -1.335221 0.000000
v -40.286430 1.915378 0.000000
v -34.824829 1.812384 0.000000
v -47.457981 0.911319 0.000000
v -51.827621 -0.930387 0.000000
v 53.629730 1.370920 0.000000
v 8.202369 1.069009 0.000000
v 10.792210 1.083384 0.000000
v 55.239281 3.632859 0.000000
v -34.863850 4.576207 0.000000
v -35.851059 6.071726 0.000000
v 11.138830 5.378209 0.000000
v 14.764940 4.002436 0.000000
v -43.012440 5.949126 0.000000
v 48.979221 6.207419 0.000000
v 13.454970 8.117080 0.000000
v -57.107719 8.186682 0.000000
v -34.742859 7.455731 0.000000
v -41.227470 7.672686 0.000000
v 6.363811 8.691128 0.000000
v -58.244320 9.292385 0.000000
v -35.381859 8.727379 0.000000
v -36.186859 9.691923 0.000000
v -43.659458 10.101170 0.000000
v 55.822418 10.159400 0.000000
v 60.372681 9.791938 0.000000
v -59.421070 10.247230 0.000000
v -37.834381 13.447970 0.000000
v -39.264542 13.622170 0.000000
v 64.517868 15.532420 0.000000
v 42.928162 14.539700 0.000000
v 11.426400 12.778930 0.000000
v 62.359879 17.629919 0.000000
v 57.047249 19.066200 0.000000
v -16.997990 17.902781 0.000000
v 48.773628 24.616501 0.000000
v 47.157299 28.539579 0.000000
v 40.084450 28.266340 0.000000
v 23.072990 24.252590 0.000000
v 4.903305 23.066641 0.000000
v 5.052640 24.273430 0.000000
v 4.431849 25.406540 0.000000
v 20.106001 28.953671 0.000000
v 2.690807 27.532940 0.000000
v 3.158041 29.103661 0.000000
v -12.253560 21.508280 0.000000
v -29.502480 19.256149 0.000000
v -30.128330 20.480930 0.000000
v -46.601479 15.512410 0.000000
v -62.208012 18.298300 0.000000
v -59.432751 18.390940 0.000000
v -46.531189 21.060499 0.000000
v -61.597481 19.765779 0.000000
v -32.995590 26.781469 0.000000
v -32.050949 28.478630 0.000000
v -62.569729 22.180389 0.000000
v -63.690140 22.907379 0.000000
v -50.559280 -1.299986 0.000000
v -39.021709 -0.274322 0.000000
v 57.961491 -2.089411 0.000000
v -24.221910 -3.724394 0.000000
v 56.488991 -7.619117 0.000000
v 34.596951 -6.962626 0.000000
v 42.437248 -8.449306 0.000000
v -58.756142 -9.290774 0.000000
v -17.614759 -8.526524 0.000000
v 43.154530 -10.132840 0.000000
v -5.670810 -9.745195 0.000000
v -16.826260 -9.730760 0.000000
v -16.020969 -11.166200 0.000000
v -13.448440 -11.300130 0.000000
v 36.944931 -11.718080 0.000000
v -63.044182 -15.376930 0.000000
v -37.151829 -14.997710 0.000000
v -9.888823 -13.554630 0.000000
v -2.943092 -14.374280 0.000000
v -3.572948 -16.060381 0.000000
v 0.461578 -19.493340 0.000000
v 0.790056 -21.050470 0.000000
v 39.537991 -18.219200 0.000000
v 62.085838 -22.266510 0.000000
v 62.232471 -25.644421 0.000000
v 64.848747 -25.153080 0.000000
v 40.117359 -28.680651 0.000000
v 70.283562 -28.800800 0.000000
v 21.610941 -23.225670 0.000000
v 21.085039 -24.650030 0.000000
v -62.421810 -22.477890 0.000000
v -63.504929 -23.498230 0.000000
v 89.994186 -25.971649 2.533957
v -69.790947 -30.000000 4.863913
v 75.290283 -14.982280 7.190308
v 75.949951 -14.955540 8.560773
v -87.268402 27.362921 2.621027
v -93.842697 -20.676580 10.000000
v 85.434517 -26.708639 0.000000
v 12.158480 -14.673590 10.000000
v -87.852341 -15.191090 10.000000
v -77.888657 17.920040 10.000000
v -59.500671 13.267600 0.000000
v 13.901090 -16.029421 0.000000
v 94.140587 -17.452921 0.000000
v 81.744537 13.388600 3.442691
v 69.475952 22.913271 10.000000
v -71.779320 24.797359 10.000000
v -71.868973 -24.753340 0.000000
v -90.799988 19.110430 0.000000
v -84.599777 11.507130 4.607882
v -60.996929 5.324638 6.259706
v 82.168167 13.155320 6.245227
v 39.694969 30.000000 7.002078
v -13.355390 -16.849970 10.000000
v -93.231720 -4.904168 10.000000
v -89.878464 21.066650 10.000000
v -21.419889 10.065120 0.000000
v -34.156910 11.837140 0.000000
v -58.993221 -12.170620 0.000000
v 100.465202 6.157143 0.000000
v 76.570023 25.828270 0.000000
v -93.216988 4.886698 0.000000
v -86.159363 -12.466520 0.000000
v -77.367310 -16.555229 0.000000
v -89.621437 -3.283093 7.606460
v 73.170891 14.876310 6.243068
v 88.078934 -7.315162 6.787702
v -99.791969 -16.874439 2.787115
v -76.345619 -29.937771 0.000000
v -5.069748 4.210953 10.000000
v 9.352049 8.185201 10.000000
v -12.623150 8.345798 0.000000
v -18.738350 9.232289 0.000000
v -4.965978 -3.934843 0.000000
v -1.498067 -14.967050 0.000000
v 89.474503 -22.320940 0.000000
v 97.258797 -10.810190 0.000000
v -94.810982 13.156190 0.000000
v 61.214600 5.868017 8.829225
v 74.182869 14.968760 1.796714
v 75.763786 -29.979071 8.675511
v 71.484383 -30.000000 0.000000
v -59.325909 -3.697818 10.000000
v 47.727821 -7.850343 10.000000
v -64.831329 -16.921530 10.000000
v 54.748428 -26.332621 10.000000
v -33.627621 -28.494011 10.000000
v -51.085999 5.833426 10.000000
v 72.585991 20.983240 10.000000
v 83.870796 23.156179 10.000000
v 47.886360 7.358079 0.000000
v 15.696560 8.204827 0.000000
v -59.720299 17.125660 0.000000
v -33.648628 28.482941 0.000000
v -54.262760 -4.971549 0.000000
v 93.880997 -16.036150 0.000000
v 102.992401 -6.077735 0.000000
v -73.685913 17.622709 0.000000
v -19.638371 24.159241 10.000000
v -20.537640 -25.199551 0.000000
v 51.226749 30.000000 7.231240
v -25.495110 -9.740807 10.000000
v 25.405140 -26.726120 10.000000
v -22.625330 17.053261 10.000000
v 20.056210 26.407930 10.000000
v -52.312729 27.219379 10.000000
v -94.178574 2.717765 10.000000
v -93.300430 6.489006 10.000000
v -21.288231 16.131720 0.000000
v 27.574381 27.374250 0.000000
v -22.650780 -17.053391 0.000000
v -52.384029 -27.249359 0.000000
v -94.157692 -2.763528 0.000000
v 2.930037 -10.550630 10.000000
v 21.318810 -14.894160 10.000000
v 36.197659 -18.790171 10.000000
v 20.766140 4.613538 10.000000
v -4.080691 12.489830 10.000000
v -12.404360 22.804939 10.000000
v -50.950470 22.354891 10.000000
v -23.768829 6.810246 0.000000
v -25.750410 7.964329 0.000000
v 15.960520 19.521219 0.000000
v 36.005459 18.553539 0.000000
v -11.322220 28.508200 0.000000
v 20.939980 -4.210069 0.000000
v -4.149362 -13.284130 0.000000
v 11.300600 -21.389509 0.000000
v -12.766200 -22.897190 0.000000
v -50.944210 -22.314510 0.000000
v 34.659210 2.798727 10.000000
v -14.237410 -18.073280 10.000000
v -23.376570 -28.562830 10.000000
v -56.810001 -24.197029 10.000000
v -27.893379 8.543458 10.000000
v 55.827000 9.950699 10.000000
v 65.256310 16.015440 10.000000
v -17.992510 28.766310 10.000000
v 34.642799 -2.352038 0.000000
v 64.964539 14.226220 0.000000
v 52.860500 25.175051 0.000000
v -23.023911 29.035231 0.000000
v -56.713928 24.415859 0.000000
v -27.942369 -8.640208 0.000000
v 55.709099 -9.105764 0.000000
v 15.394210 -28.592649 0.000000
v -18.295780 -28.875111 0.000000
v 45.654839 16.567181 10.000000
v 74.373306 25.370371 10.000000
v -2.890011 9.334537 0.000000
v -17.090839 30.000000 0.980761
v 66.332993 30.000000 6.162424
v 13.385710 30.000000 7.751366
v -66.321457 -30.000000 5.853162
v -10.225220 -3.224296 10.000000
v -14.331800 -7.544495 10.000000
v 25.029690 -8.942402 10.000000
v 56.407040 -8.649178 10.000000
v 65.164543 -23.546709 10.000000
v -42.278069 -26.508560 10.000000
v 20.045919 3.141909 10.000000
v 32.221340 8.812396 10.000000
v -22.659309 14.523000 10.000000
v 37.817890 27.354601 10.000000
v -39.709991 29.140739 10.000000
v 25.068899 8.736011 0.000000
v 32.431919 27.299150 0.000000
v -33.486969 16.211559 0.000000
v -38.564240 19.758751 0.000000
v -41.953190 26.857050 0.000000
v 20.135080 -2.913174 0.000000
v -22.662470 -14.524370 0.000000
v 33.933571 -26.640320 0.000000
v -78.570129 -17.612869 0.000000
v -70.830353 14.391400 8.240671
v 65.893997 11.908250 7.453712
v 0.717695 -30.000000 7.552337
v 58.204788 -30.000000 6.566756
v 5.739664 -14.209860 10.000000
v 21.334551 -18.718611 10.000000
v 1.461344 -18.818871 10.000000
v 40.072319 -18.992060 10.000000
v 35.779888 -20.160990 10.000000
v 14.403580 10.311280 10.000000
v 54.325352 17.950420 10.000000
v -2.709411 22.165649 10.000000
v -1.486501 22.897301 10.000000
v -0.660706 26.093769 10.000000
v -62.554722 20.670719 10.000000
v -92.919777 -15.955450 10.000000
v -12.149520 4.674387 0.000000
v 14.964850 17.003250 0.000000
v 35.848240 19.956600 0.000000
v 43.796860 -16.580540 0.000000
v 4.443130 -16.179489 0.000000
v 8.257561 -20.305981 0.000000
v -4.558146 -23.136681 0.000000
v -1.105051 -25.977819 0.000000
v -4.499396 -28.798000 0.000000
v -62.548210 -20.709070 0.000000
v 70.407272 -14.267540 7.279347
v 48.046879 30.000000 0.000000
v 20.507811 30.000000 0.000000
v 1.757812 30.000000 0.000000
v 44.553921 30.000000 3.846990
v 53.121761 30.000000 2.884825
v -3.411599 30.000000 2.846067
v 31.694830 30.000000 5.863100
v 38.271969 30.000000 7.523273
v 38.085941 30.000000 10.000000
v -51.450859 30.000000 1.398395
v -1.171875 30.000000 10.000000
v -28.261580 30.000000 8.805770
v -19.335939 30.000000 10.000000
v -54.522770 30.000000 8.691594
v -47.460941 30.000000 10.000000
v -47.460941 -30.000000 0.000000
v -19.335939 -30.000000 0.000000
v 38.085941 -30.000000 0.000000
v -32.302101 -30.000000 5.944890
v -38.679920 -30.000000 7.424080
v -38.671879 -30.000000 10.000000
v 1.757812 -30.000000 10.000000
v 48.632809 -30.000000 10.000000
v -79.497337 -29.650970 0.908851
v 10.425740 1.418598 10.000000
v -54.844021 -3.418866 10.000000
v -57.091110 -6.580523 10.000000
v -50.862228 -5.007514 10.000000
v 54.030621 -6.768167 10.000000
v -62.596279 -12.649830 10.000000
v -65.478439 -18.313440 10.000000
v 44.414181 -27.571020 10.000000
v 35.742191 -30.000000 10.000000
v 27.486361 -28.676300 10.000000
v -7.057717 -19.313919 10.000000
v -32.890808 -21.055750 10.000000
v -57.580582 -21.552160 10.000000
v -20.507811 -30.000000 10.000000
v 54.153042 2.952077 10.000000
v -10.449220 12.025030 10.000000
v -5.490917 17.935141 10.000000
v -49.924702 19.853239 10.000000
v -44.943871 20.973070 10.000000
v 44.265110 20.628639 10.000000
v 10.752440 22.739611 10.000000
v 35.152901 24.722380 10.000000
v 36.328121 30.000000 10.000000
v -43.404209 26.254700 10.000000
v -15.172670 28.626940 10.000000
v 99.831291 6.867437 10.000000
v 10.447010 -1.416344 0.000000
v -41.712261 6.497612 0.000000
v 54.030891 6.562193 0.000000
v 64.005043 23.437059 0.000000
v 43.428928 25.769890 0.000000
v 62.261921 28.851139 0.000000
v 35.883862 24.298809 0.000000
v 28.289410 24.935390 0.000000
v 10.459270 22.864759 0.000000
v -24.477579 18.196289 0.000000
v -15.246100 21.365210 0.000000
v -32.887119 21.092171 0.000000
v -50.635620 19.261431 0.000000
v -19.921881 30.000000 0.000000
v -54.590740 -0.910138 0.000000
v 53.789982 -2.711604 0.000000
v -10.451440 -12.002970 0.000000
v -49.949940 -19.812670 0.000000
v -44.943958 -20.973080 0.000000
v -15.607380 -21.372850 0.000000
v 66.334702 -25.986200 0.000000
v 27.507950 -24.465691 0.000000
v 17.791910 -26.314171 0.000000
v 36.328121 -30.000000 0.000000
v 25.195311 -30.000000 0.000000
v -43.418980 -26.064659 0.000000
v 102.863701 7.153755 0.000000
v -21.695980 -24.729441 10.000000
v -23.685350 24.488291 10.000000
v -21.208630 25.197809 0.000000
v -23.329990 -24.689131 0.000000
v -51.846470 -30.000000 6.844705
v -25.707609 -11.181600 10.000000
v 58.118790 -24.173140 10.000000
v -42.571060 -19.336130 10.000000
v -45.220051 -27.618750 10.000000
v 40.944271 21.066360 10.000000
v -45.532959 27.347179 0.000000
v -36.562069 30.000000 6.832077
v -35.960388 -30.000000 4.553126
v 36.150749 -30.000000 6.489417
v 40.273960 -30.000000 6.441152
v 10.869820 -20.169050 10.000000
v -10.955720 27.451941 10.000000
v -46.702511 23.490240 10.000000
v -45.740330 21.972811 10.000000
v 42.494080 19.943871 0.000000
v -5.762609 -24.177811 0.000000
v -8.427898 -28.790840 0.000000
v -46.704659 -23.488880 0.000000
v -45.740601 -21.972860 0.000000
v 25.849211 30.000000 5.542709
v -26.396049 -30.000000 4.692792
v 60.635700 -30.000000 5.237828
v 19.662979 -10.129280 10.000000
v 27.835140 -21.628380 10.000000
v 14.233150 -24.935280 10.000000
v -25.132601 -28.814301 10.000000
v -61.690880 -28.772490 10.000000
v -62.907391 27.561920 10.000000
v 22.999649 2.794732 0.000000
v 19.871090 10.456370 0.000000
v 48.296169 27.467621 0.000000
v 13.711610 28.514660 0.000000
v 24.331921 -23.371161 0.000000
v -56.257870 -23.532070 0.000000
v -63.674641 -28.558689 0.000000
v 6.712299 30.000000 2.754130
v -9.223581 -24.839970 10.000000
v -7.272020 25.561251 10.000000
v -24.973829 25.239479 10.000000
v -26.584921 24.880791 10.000000
v -28.832840 23.393900 10.000000
v -7.499751 13.867450 0.000000
v -27.466181 22.192369 0.000000
v -9.213854 24.483801 0.000000
v -24.869320 -25.425810 0.000000
v -26.283001 -24.622810 0.000000
v -28.822849 -23.399910 0.000000
v -42.424198 30.000000 6.388913
v -41.561249 30.000000 8.999430
v -42.738449 30.000000 8.631206
v -41.751011 -30.000000 1.191266
v 41.601009 -30.000000 8.680516
v 43.328541 -30.000000 8.804999
v 27.673100 -9.178330 10.000000
v 30.918671 -15.306710 10.000000
v 58.655842 -22.527540 10.000000
v 14.328720 -27.157709 10.000000
v -36.586262 -20.741430 10.000000
v -57.408951 -27.230539 10.000000
v 23.505289 9.149317 10.000000
v 24.264839 10.536230 10.000000
v 25.783689 10.845010 10.000000
v -53.381660 18.016090 10.000000
v 42.679729 23.247339 10.000000
v -25.018801 6.878404 0.000000
v 27.677240 9.284803 0.000000
v 30.252710 8.116796 0.000000
v -25.292431 9.129675 0.000000
v -28.966459 11.070880 0.000000
v 30.703489 27.075121 0.000000
v 14.434970 27.047310 0.000000
v -35.835480 21.159830 0.000000
v -57.981232 26.912081 0.000000
v -42.479469 28.245581 0.000000
v 39.214550 -24.846149 0.000000
v 5.045232 30.000000 2.554460
v 60.843140 30.000000 4.726502
v -16.738180 30.000000 5.965097
v -5.201462 -30.000000 2.245262
v -12.853530 -5.117376 10.000000
v 8.608191 -18.656950 10.000000
v 9.356475 -20.121540 10.000000
v -20.246550 -22.574810 10.000000
v -54.067921 -23.202570 10.000000
v -5.607015 -28.407419 10.000000
v 28.472851 0.838962 10.000000
v 6.246352 19.763029 10.000000
v -24.242800 22.146860 10.000000
v -38.668911 24.930830 0.000000
v -22.261431 26.325470 0.000000
v 28.473850 -0.837072 0.000000
v -24.375320 -22.382669 0.000000
v 12.890620 30.000000 0.000000
v -66.210938 30.000000 0.000000
v -23.709261 30.000000 1.594372
v -5.024080 30.000000 4.622724
v 48.379379 30.000000 4.579340
v 45.018841 30.000000 7.760971
v 71.484383 30.000000 10.000000
v 10.496580 30.000000 6.456839
v 17.980961 30.000000 10.000000
v 12.890620 30.000000 10.000000
v -12.890620 30.000000 10.000000
v -12.304690 -30.000000 0.000000
v 12.587960 -30.000000 1.007109
v 66.210938 -30.000000 0.000000
v 23.650600 -30.000000 1.592810
v -29.895250 -30.000000 7.081019
v -45.024220 -30.000000 7.706019
v -10.869860 -30.000000 6.175372
v 12.183740 -30.000000 4.476372
v 12.890620 -30.000000 10.000000
v 62.944172 -30.000000 6.841600
v 67.721527 -30.000000 8.766072
v 61.642029 -12.976980 10.000000
v 42.449100 -28.998819 10.000000
v 62.563011 -27.546120 10.000000
v 65.511703 -27.647631 10.000000
v 25.942419 -25.124640 10.000000
v -26.886539 -21.015221 10.000000
v 54.244080 10.715670 10.000000
v -24.397141 20.669630 10.000000
v -23.846491 19.387939 10.000000
v -8.254565 22.386721 10.000000
v 47.900650 23.822330 10.000000
v 29.960251 25.437201 10.000000
v 4.872460 24.814590 10.000000
v 6.560660 24.056410 10.000000
v 43.443459 26.290131 10.000000
v 57.692009 26.741011 10.000000
v 43.336700 28.707670 10.000000
v 5.273438 30.000000 10.000000
v -8.714279 28.683800 10.000000
v -32.527691 28.611950 10.000000
v -52.875519 10.135100 0.000000
v -54.229801 9.216543 0.000000
v -37.454350 10.112680 0.000000
v -4.848588 19.872610 0.000000
v -3.443104 19.367661 0.000000
v 28.312229 21.136700 0.000000
v 47.283112 26.905439 0.000000
v 7.676582 21.537649 0.000000
v 7.951488 23.220570 0.000000
v 6.465278 29.003201 0.000000
v -38.912128 17.174940 0.000000
v -45.862049 17.002300 0.000000
v -42.306641 20.970119 0.000000
v -59.921120 19.882339 0.000000
v -59.785851 21.440830 0.000000
v -17.130989 -0.926982 0.000000
v 51.100182 -6.360713 0.000000
v -57.416950 -7.172468 0.000000
v 51.724918 -7.914601 0.000000
v 38.707649 -9.564001 0.000000
v 53.081848 -10.413910 0.000000
v -24.432659 -20.705730 0.000000
v -23.858721 -19.379351 0.000000
v -7.461240 -22.141491 0.000000
v 8.507147 -22.737480 0.000000
v 6.971511 -23.104700 0.000000
v 44.838150 -28.838200 0.000000
v 9.247165 -27.856850 0.000000
v -24.910860 -26.835270 0.000000
v 19.803480 30.000000 2.120710
v 18.733589 30.000000 3.329859
v -19.305309 -30.000000 2.282217
v -22.665260 -30.000000 2.178228
v -18.551220 -24.977140 10.000000
v -14.231170 26.220301 10.000000
v -18.807060 25.606400 0.000000
v 52.223148 30.000000 1.702512
v -49.864071 30.000000 8.792974
v -49.926159 -30.000000 1.987779
v -51.628551 -30.000000 1.691308
v 57.636452 0.492562 10.000000
v 52.530590 -22.754120 10.000000
v 52.260872 -24.230030 10.000000
v 31.591351 -27.127991 10.000000
v -42.952351 -17.973040 10.000000
v -49.535900 -28.685740 10.000000
v 13.301590 11.443760 10.000000
v -15.961260 16.726700 10.000000
v -16.731581 15.425790 10.000000
v -49.988571 24.851219 10.000000
v 57.544788 -0.628719 0.000000
v -17.354710 16.690729 0.000000
v -49.667931 28.656561 0.000000
v -15.694540 -16.754101 0.000000
v -16.687389 -15.426650 0.000000
v -50.351601 -25.229540 0.000000
v -44.145050 30.000000 6.201844
v 30.504040 -18.618700 10.000000
v 16.556440 -18.688311 10.000000
v 38.920509 -17.925640 10.000000
v -11.287380 -22.836491 10.000000
v -46.217609 -22.169880 10.000000
v 21.755510 2.960759 10.000000
v 22.014709 9.189289 10.000000
v 22.829651 10.508120 10.000000
v 23.666121 11.866330 10.000000
v 16.096371 20.170759 10.000000
v -11.520540 25.021971 10.000000
v -38.714859 23.114491 10.000000
v -40.414478 22.379431 10.000000
v -61.851589 15.512320 0.000000
v -11.381190 15.934350 0.000000
v 30.133739 17.060049 0.000000
v 44.036098 20.020121 0.000000
v -11.483440 22.849150 0.000000
v -12.182010 24.171520 0.000000
v -46.158459 22.247101 0.000000
v -13.751390 27.133060 0.000000
v 21.826361 -2.904423 0.000000
v 20.779860 -8.740891 0.000000
v 23.901600 -11.140480 0.000000
v 58.931320 -13.455120 0.000000
v -38.858551 -23.143351 0.000000
v -40.442341 -22.365801 0.000000
v 65.339783 30.000000 1.307923
v 50.976238 30.000000 3.808109
v -48.046879 30.000000 0.000000
v 55.514561 30.000000 5.247022
v 20.645809 30.000000 5.844796
v 30.119610 30.000000 7.507104
v 18.212460 30.000000 7.476053
v 16.845949 30.000000 9.225145
v -63.813641 30.000000 1.093151
v -65.829422 -30.000000 1.417772
v -31.503941 -30.000000 0.991588
v -50.993118 -30.000000 3.037845
v 47.460941 -30.000000 0.000000
v 9.108271 -30.000000 2.909568
v -54.149990 -30.000000 5.905901
v -21.045179 -30.000000 6.075834
v -49.045719 -30.000000 8.816617
v -9.545214 -30.000000 6.793559
v -18.123280 -30.000000 6.958624
v 30.424240 -30.000000 8.921888
v -16.522030 -0.093673 10.000000
v -41.416000 -5.558012 10.000000
v -48.492970 -9.149985 10.000000
v 8.747078 -10.020170 10.000000
v 40.237499 -9.674440 10.000000
v 59.483120 -14.932770 10.000000
v 25.288950 -21.688601 10.000000
v 33.150822 -22.203400 10.000000
v 52.018620 -26.932449 10.000000
v 42.885559 -27.856409 10.000000
v 69.266823 -28.795650 10.000000
v 8.845165 -23.235430 10.000000
v 16.703911 -25.863800 10.000000
v -26.536650 -19.546310 10.000000
v -51.547821 -24.923300 10.000000
v -33.496201 2.158589 10.000000
v -40.432030 14.870290 10.000000
v -12.442630 18.470160 10.000000
v 21.356621 21.650631 10.000000
v 42.665298 27.360661 10.000000
v 17.062361 28.819950 10.000000
v 15.234950 30.000000 10.000000
v 9.810353 28.946951 10.000000
v -51.844318 24.602320 10.000000
v -52.897831 25.696220 10.000000
v -16.764351 27.845381 10.000000
v -22.265619 30.000000 10.000000
v -54.704781 27.675890 10.000000
v -56.927650 28.651430 10.000000
v 45.130909 -2.310761 0.000000
v -16.734270 0.353960 0.000000
v -55.921669 5.640028 0.000000
v -46.851841 7.659909 0.000000
v 8.700016 9.860926 0.000000
v -50.174541 9.844074 0.000000
v -48.788300 9.689393 0.000000
v 40.121990 9.648491 0.000000
v 60.543869 15.504590 0.000000
v -6.311478 20.239550 0.000000
v 20.453119 23.059450 0.000000
v 29.138660 22.256189 0.000000
v 33.150021 23.613131 0.000000
v 19.087339 24.039270 0.000000
v -17.869040 20.584669 0.000000
v -19.490829 21.206100 0.000000
v -50.730751 21.017429 0.000000
v -21.255350 27.710461 0.000000
v -19.132870 28.760660 0.000000
v -51.021660 25.474360 0.000000
v -60.566540 24.374781 0.000000
v -33.512341 -2.154377 0.000000
v 48.877838 -7.001178 0.000000
v 47.900742 -6.274938 0.000000
v 49.368591 -9.748270 0.000000
v 47.885990 -9.299212 0.000000
v -40.431389 -14.871430 0.000000
v -12.749230 -19.733410 0.000000
v -3.725121 -19.331560 0.000000
v -17.851070 -18.898331 0.000000
v 40.435360 -21.122040 0.000000
v 21.786030 -21.749170 0.000000
v 60.513630 -28.466869 0.000000
v 56.242680 -27.763981 0.000000
v 8.213451 -24.221359 0.000000
v 15.234380 -30.000000 0.000000
v 8.104869 -28.854071 0.000000
v -51.889091 -24.632780 0.000000
v -53.112190 -25.705950 0.000000
v -22.265619 -30.000000 0.000000
v -54.929951 -27.681339 0.000000
v -56.310459 -28.328039 0.000000
v 29.228710 -17.621059 10.000000
v -28.429090 -21.530140 10.000000
v -20.593700 -23.800930 10.000000
v -29.921169 -25.238850 10.000000
v -12.578510 -24.947260 10.000000
v 21.232130 20.362921 10.000000
v 14.681580 19.942530 10.000000
v 12.645710 20.622881 0.000000
v -28.806330 22.756069 0.000000
v -30.151110 25.687080 0.000000
v 13.624510 -19.758539 0.000000
v 48.605049 30.000000 1.991019
v 36.912849 30.000000 1.055291
v 39.044960 30.000000 2.876579
v -13.133540 30.000000 1.369025
v -52.134499 30.000000 2.689061
v -62.250702 30.000000 2.521435
v -35.567459 30.000000 4.450790
v -47.657848 30.000000 7.558725
v -39.959270 -30.000000 1.380745
v -36.853821 -30.000000 0.770041
v 33.504639 -30.000000 2.420834
v -40.897961 -30.000000 6.130930
v -17.809731 -30.000000 8.499816
v 41.571190 -30.000000 3.047925
v 45.503071 -30.000000 2.318084
v 55.419411 -30.000000 7.207832
v 63.330681 -30.000000 8.277003
v 48.225269 -30.000000 7.151756
v 31.656000 -9.428219 10.000000
v 37.468491 -10.575780 10.000000
v -24.268740 -16.138420 10.000000
v 55.027512 -22.958380 10.000000
v 18.323709 -25.834841 10.000000
v 7.648198 -25.277100 10.000000
v 35.613430 -29.081110 10.000000
v -36.389469 -27.394030 10.000000
v -52.889759 -26.996571 10.000000
v -64.260818 -25.898550 10.000000
v -38.231049 -28.877199 10.000000
v -48.459419 -27.398689 10.000000
v -30.522470 4.573112 10.000000
v 31.018801 9.317483 10.000000
v 29.612619 9.354633 10.000000
v -25.576260 15.412230 10.000000
v -58.589371 16.592381 10.000000
v -50.487930 18.421970 10.000000
v -38.748981 15.391390 10.000000
v -34.146679 18.423660 10.000000
v -44.265690 18.262730 10.000000
v 37.232559 20.890619 10.000000
v -63.433590 19.270140 10.000000
v 37.077370 28.629440 10.000000
v 10.727590 26.945070 10.000000
v -38.595959 26.810940 10.000000
v -39.207249 25.396061 10.000000
v -41.408630 27.628201 10.000000
v -61.353020 26.726351 10.000000
v -12.107700 -0.170163 0.000000
v 30.773211 9.747923 0.000000
v 36.639729 10.201010 0.000000
v 37.876110 10.485300 0.000000
v 38.183620 11.961610 0.000000
v -34.559399 13.542820 0.000000
v 54.728859 20.441130 0.000000
v 61.144279 25.224751 0.000000
v 18.552931 26.710951 0.000000
v 7.006970 26.379520 0.000000
v 25.197010 28.605579 0.000000
v -36.374130 27.332701 0.000000
v -52.873001 27.059059 0.000000
v -64.151314 25.578840 0.000000
v -38.454041 28.852909 0.000000
v -48.785912 27.279221 0.000000
v -40.076351 28.861670 0.000000
v -5.108112 0.800438 0.000000
v -30.625879 -4.678806 0.000000
v 29.268820 -8.109994 0.000000
v 25.577221 -8.072617 0.000000
v 30.072769 -9.478758 0.000000
v -25.578501 -15.412610 0.000000
v -58.588661 -16.581400 0.000000
v -50.600620 -18.261930 0.000000
v -38.749020 -15.391410 0.000000
v -34.147018 -18.423670 0.000000
v -44.265720 -18.262659 0.000000
v -63.444752 -19.295191 0.000000
v 34.230572 -28.423719 0.000000
v -38.718182 -27.133570 0.000000
v -39.437168 -25.535061 0.000000
v -41.265350 -27.700550 0.000000
v -61.412289 -26.151030 0.000000
v -0.860483 30.000000 3.341941
v -7.138475 30.000000 6.806640
v -17.373501 30.000000 7.314177
v 1.841843 -30.000000 2.422824
v -0.839205 -30.000000 1.430010
v -7.429829 -30.000000 4.429067
v -0.491323 -30.000000 6.485011
v 53.515011 -30.000000 5.104617
v -4.308041 -16.578831 10.000000
v 3.076113 -18.357510 10.000000
v 2.954413 -21.030630 10.000000
v -42.056980 -22.468611 10.000000
v -49.736179 -23.381950 10.000000
v -44.970299 -24.431170 10.000000
v 0.262594 -26.800211 10.000000
v -18.220011 -27.039671 10.000000
v -19.556499 -27.180519 10.000000
v 12.912220 10.042740 10.000000
v 43.168442 17.704069 10.000000
v 49.642971 19.396780 10.000000
v 3.475158 19.399990 10.000000
v 11.083240 21.136370 10.000000
v 20.352421 19.487780 10.000000
v 18.414080 21.627029 10.000000
v 3.705587 20.909451 10.000000
v -4.509621 27.253281 10.000000
v -5.826816 26.171200 10.000000
v -17.191120 26.196171 10.000000
v -18.072519 27.470690 10.000000
v -22.985390 27.182159 10.000000
v 74.540489 -28.658550 10.000000
v -73.572037 28.772350 10.000000
v -11.018620 8.631463 0.000000
v -47.958698 12.200230 0.000000
v -58.164749 17.529131 0.000000
v 3.274337 20.698351 0.000000
v 1.992932 21.769300 0.000000
v 3.361860 22.413429 0.000000
v 1.891834 23.219120 0.000000
v -7.742353 24.439310 0.000000
v -0.159090 25.596701 0.000000
v -42.102638 22.494381 0.000000
v -45.013920 24.354839 0.000000
v 13.021740 -10.311100 0.000000
v 34.727249 -14.871140 0.000000
v 3.084641 -18.989010 0.000000
v 3.214140 -20.707661 0.000000
v 4.486578 -21.577539 0.000000
v -0.841357 -27.498840 0.000000
v -9.487367 -26.157650 0.000000
v -6.793637 -26.695280 0.000000
v -5.526129 -25.771210 0.000000
v -23.484079 -26.320009 0.000000
v -72.114777 -28.718250 0.000000
v 71.484383 30.000000 0.000000
v 62.695309 30.000000 0.000000
v 57.421879 30.000000 0.000000
v 52.148441 30.000000 0.000000
v 35.378811 30.000000 1.438821
v 8.789062 30.000000 0.000000
v 58.445141 30.000000 2.952079
v -1.171875 30.000000 0.000000
v -2.426407 30.000000 1.337463
v -56.835941 30.000000 0.000000
v 44.976379 30.000000 9.011099
v 50.714901 30.000000 8.620444
v 64.453117 30.000000 10.000000
v 21.453880 30.000000 8.467995
v 7.051009 30.000000 8.541388
v -16.010281 30.000000 4.587491
v -62.522751 30.000000 1.088844
v -8.203125 30.000000 10.000000
v -24.023439 30.000000 10.000000
v -33.398441 30.000000 10.000000
v -52.148441 30.000000 10.000000
v -60.365089 30.000000 8.090211
v -57.421879 30.000000 10.000000
v -62.109379 30.000000 10.000000
v -70.715637 30.000000 8.522338
v -66.796883 30.000000 10.000000
v -71.484383 30.000000 10.000000
v 66.808243 30.000000 4.703679
v -66.796883 -30.000000 0.000000
v -61.523441 -30.000000 0.000000
v -58.007809 -30.000000 0.000000
v -52.148441 -30.000000 0.000000
v -35.594440 -30.000000 1.060456
v 0.858588 -30.000000 1.164283
v 5.825092 -30.000000 1.197922
v 56.835941 -30.000000 0.000000
v -33.839359 -30.000000 6.111975
v -44.949741 -30.000000 8.982368
v 14.889900 -30.000000 4.522528
v 8.203125 -30.000000 10.000000
v 24.044010 -30.000000 8.797445
v 24.609381 -30.000000 10.000000
v 34.159019 -30.000000 7.720661
v 33.501251 -30.000000 8.979115
v 33.984379 -30.000000 10.000000
v 42.773441 -30.000000 10.000000
v 66.796883 -30.000000 10.000000
v -66.690971 -30.000000 4.588471
v -58.711380 -0.785190 10.000000
v 33.029171 -0.094179 10.000000
v -57.465099 -1.702473 10.000000
v -36.065289 -1.832213 10.000000
v -58.967682 -2.278516 10.000000
v 57.394211 -1.372604 10.000000
v 29.396790 -1.909326 10.000000
v -52.704182 -7.546674 10.000000
v 16.884510 -5.820076 10.000000
v -53.497059 -10.061890 10.000000
v 63.034119 -10.823590 10.000000
v 63.294819 -12.521420 10.000000
v 44.709499 -22.627960 10.000000
v 54.262482 -27.642910 10.000000
v 41.906441 -25.822531 10.000000
v 38.636688 -26.788000 10.000000
v 66.049423 -28.981951 10.000000
v 32.944771 -25.784250 10.000000
v 23.474051 -24.265181 10.000000
v 23.195990 -25.817261 10.000000
v 4.609287 -25.861191 10.000000
v 22.851561 -30.000000 10.000000
v 13.530330 -28.536430 10.000000
v 3.515625 -30.000000 10.000000
v -3.357459 -20.899830 10.000000
v -10.952530 -21.308340 10.000000
v -21.478260 -18.844400 10.000000
v -28.831100 -18.643370 10.000000
v -47.611431 -19.597530 10.000000
v -60.484779 -22.191669 10.000000
v -16.421570 -28.951679 10.000000
v -31.103640 -27.066250 10.000000
v -29.296881 -30.000000 10.000000
v -33.984379 -30.000000 10.000000
v -39.019840 -25.419500 10.000000
v -50.194260 -24.805731 10.000000
v -61.968819 -22.834049 10.000000
v -63.678558 -22.870070 10.000000
v -57.020519 -25.733351 10.000000
v -43.945309 -30.000000 10.000000
v -51.040001 -28.599159 10.000000
v -47.460941 -30.000000 10.000000
v -65.499893 -20.805611 10.000000
v -34.718491 2.306345 10.000000
v -58.504841 3.463293 10.000000
v -59.069759 2.307019 10.000000
v 54.339611 4.223615 10.000000
v 58.062939 4.695081 10.000000
v 54.999550 5.180897 10.000000
v 33.324612 5.414749 10.000000
v -52.118809 6.482658 10.000000
v -9.591759 5.611812 10.000000
v 57.613689 6.113881 10.000000
v 33.565769 6.647663 10.000000
v 44.713871 5.611667 10.000000
v 44.257069 7.210768 10.000000
v 56.094238 8.428041 10.000000
v 33.618580 8.169682 10.000000
v 45.824600 7.979527 10.000000
v -59.313900 7.940827 10.000000
v 42.068741 9.829581 10.000000
v 58.283539 10.625850 10.000000
v -9.520027 10.897990 10.000000
v 53.862862 12.293590 10.000000
v -18.443590 17.282780 10.000000
v -15.350320 18.023380 10.000000
v -9.547932 18.559429 10.000000
v -61.071720 21.556179 10.000000
v -58.254189 21.208340 10.000000
v -47.004539 21.780500 10.000000
v -26.794680 18.886950 10.000000
v 15.658250 22.527121 10.000000
v 17.143049 22.811640 10.000000
v 43.703541 23.969210 10.000000
v 49.925201 24.837561 10.000000
v 52.213551 29.128050 10.000000
v 48.339840 30.000000 10.000000
v 53.320309 30.000000 10.000000
v 60.026901 27.263590 10.000000
v 61.763432 26.839041 10.000000
v 65.818024 26.056360 10.000000
v 61.523441 30.000000 10.000000
v 31.322260 24.708130 10.000000
v 20.869829 25.196270 10.000000
v 19.027040 24.995060 10.000000
v 40.067322 26.537991 10.000000
v 54.943890 25.561569 10.000000
v 3.515625 30.000000 10.000000
v -59.627369 22.057421 10.000000
v -47.177139 26.722639 10.000000
v -59.699539 27.449381 10.000000
v -61.177601 29.211580 10.000000
v -58.754601 -0.102193 0.000000
v 52.834869 0.277749 0.000000
v 33.072411 -0.135440 0.000000
v 29.402229 1.980397 0.000000
v -59.287411 3.922434 0.000000
v -41.337238 2.600533 0.000000
v 58.181290 3.438802 0.000000
v -44.184151 7.004910 0.000000
v -45.778130 6.571295 0.000000
v 17.095119 6.164752 0.000000
v -55.010738 7.938307 0.000000
v -55.822289 8.814021 0.000000
v -45.244911 8.097213 0.000000
v -42.219280 9.111406 0.000000
v -58.193611 10.786600 0.000000
v -56.868519 9.835650 0.000000
v -44.838032 9.462884 0.000000
v -42.517281 10.860840 0.000000
v -35.613121 12.030390 0.000000
v -62.985161 11.272140 0.000000
v -43.965858 11.604420 0.000000
v 44.137310 14.196240 0.000000
v 59.633308 10.929530 0.000000
v -7.654888 16.715731 0.000000
v -15.799770 16.837271 0.000000
v 27.162710 24.006969 0.000000
v 62.558079 24.485180 0.000000
v 56.759491 25.866510 0.000000
v 38.587238 28.471460 0.000000
v 54.941841 28.810551 0.000000
v 59.676590 25.994370 0.000000
v 50.956409 27.542339 0.000000
v 45.858860 27.722710 0.000000
v 33.572811 24.729321 0.000000
v 24.402731 23.395050 0.000000
v 21.497450 24.370190 0.000000
v 23.846569 25.686350 0.000000
v 6.333996 23.841160 0.000000
v 22.265619 30.000000 0.000000
v 3.515625 30.000000 0.000000
v -2.077960 21.907230 0.000000
v -11.301410 20.259109 0.000000
v -14.087260 20.002689 0.000000
v -25.937140 17.832291 0.000000
v -47.369350 13.934260 0.000000
v -56.697418 17.320061 0.000000
v -61.511299 23.112120 0.000000
v -61.191818 21.418381 0.000000
v -6.445312 30.000000 0.000000
v -14.575240 28.571510 0.000000
v -22.771420 27.873421 0.000000
v -31.172489 27.015301 0.000000
v -29.296881 30.000000 0.000000
v -33.984379 30.000000 0.000000
v -63.188240 24.367260 0.000000
v -56.654480 26.067970 0.000000
v -50.978970 28.617380 0.000000
v -62.695309 30.000000 0.000000
v -43.367950 0.921322 0.000000
v -34.726921 -2.333162 0.000000
v -15.112820 -3.293206 0.000000
v 54.075272 -4.021049 0.000000
v 58.209980 -4.950217 0.000000
v 54.964760 -5.093747 0.000000
v 32.443310 -4.774127 0.000000
v -9.605654 -5.562241 0.000000
v 57.336021 -6.250917 0.000000
v 55.724930 -6.312107 0.000000
v 33.484760 -5.933697 0.000000
v 44.915100 -5.167643 0.000000
v 54.965141 -7.662704 0.000000
v 33.198570 -7.446989 0.000000
v 33.046539 -8.702374 0.000000
v 43.992920 -7.579175 0.000000
v 41.641769 -10.153940 0.000000
v 58.685699 -11.023320 0.000000
v -9.517645 -10.898410 0.000000
v -18.020550 -17.402260 0.000000
v -15.401700 -18.244930 0.000000
v -9.544544 -18.643259 0.000000
v -1.087027 -16.669781 0.000000
v -1.069723 -19.135401 0.000000
v -0.693758 -20.520670 0.000000
v -61.094360 -21.569920 0.000000
v -58.236382 -21.273701 0.000000
v -47.004978 -21.780140 0.000000
v -26.797251 -18.887680 0.000000
v 15.907610 -20.841930 0.000000
v 16.661409 -22.202259 0.000000
v 23.176950 -21.114210 0.000000
v 57.320610 -26.926229 0.000000
v 61.523441 -30.000000 0.000000
v 19.231630 -25.044001 0.000000
v 55.568352 -26.540661 0.000000
v -59.643051 -22.104231 0.000000
v -54.743698 -23.765409 0.000000
v -47.181641 -26.700211 0.000000
v -39.257809 -30.000000 0.000000
v -67.665443 -28.562531 0.000000
v 17.136061 -1.268301 10.000000
v 56.137501 -23.491440 10.000000
v 17.294729 1.175606 0.000000
v -56.377930 -14.389820 10.000000
v 48.654690 26.217440 0.000000
v 50.416088 -27.549549 0.000000
v 3.493827 30.000000 2.628855
v -4.681519 30.000000 7.569352
v -3.766765 -30.000000 1.604211
v 4.248756 -30.000000 7.401734
v 42.657200 30.000000 5.829792
v -42.396568 -30.000000 6.355660
v 48.613110 -5.734159 10.000000
v -26.731359 17.528839 10.000000
v -35.324581 19.156349 10.000000
v -33.163181 21.192369 10.000000
v 34.199558 28.734079 10.000000
v -26.733459 -17.529209 0.000000
v -35.324928 -19.155750 0.000000
v -33.174671 -21.190741 0.000000
v -14.410100 -30.000000 3.634496
v -17.910999 -4.708452 10.000000
v 16.818411 7.864501 10.000000
v 5.344857 18.672150 0.000000
v 16.850740 -7.953524 0.000000
v -38.392700 30.000000 1.134871
v 70.355492 30.000000 8.806241
v 14.139870 -30.000000 0.889901
v -64.690376 -30.000000 5.853956
v -70.124947 -30.000000 8.769159
v -34.645729 -30.000000 8.909797
v 16.931810 -2.895213 10.000000
v -58.242180 -4.536329 10.000000
v 32.038330 -23.211990 10.000000
v 70.791710 -28.629311 10.000000
v -60.659328 -17.262720 10.000000
v 49.303188 4.928840 10.000000
v 34.814610 5.528043 10.000000
v -61.966141 18.996960 10.000000
v -60.628979 18.582100 10.000000
v -59.458721 19.251551 10.000000
v 40.632660 18.386580 10.000000
v 48.606430 25.097450 10.000000
v 17.282471 2.705609 0.000000
v -53.604389 1.947344 0.000000
v 29.725260 20.912621 0.000000
v 49.625931 -4.134656 0.000000
v 34.935379 -5.430048 0.000000
v -61.967720 -19.001209 0.000000
v -60.630562 -18.582371 0.000000
v -59.462582 -19.254120 0.000000
v 39.588131 -19.873819 0.000000
v -21.609261 -30.000000 4.661493
v -15.628570 25.374680 10.000000
v -18.508110 24.994829 10.000000
v -18.557751 23.145670 10.000000
v -16.406200 -25.653099 0.000000
v -15.270780 -24.984261 0.000000
v 49.690941 30.000000 7.367885
v -49.301392 -30.000000 7.418993
v -55.569908 -30.000000 5.744050
v 52.782421 -30.000000 3.845330
v 50.873810 -30.000000 3.839807
v -53.377460 11.895140 10.000000
v -24.203609 16.272200 10.000000
v 22.558680 27.398331 10.000000
v 21.576460 28.730030 10.000000
v 18.416031 26.479099 10.000000
v -51.404190 26.095831 10.000000
v -49.959221 26.731380 10.000000
v -20.634190 11.357220 0.000000
v 24.611641 27.069771 0.000000
v -54.410751 -12.713970 0.000000
v -24.208071 -16.272690 0.000000
v 23.037319 -27.443729 0.000000
v 21.764360 -27.091520 0.000000
v -51.459949 -26.134609 0.000000
v -50.019821 -26.773251 0.000000
v 17.308781 30.000000 3.431697
v 15.922180 30.000000 3.715360
v 13.557190 -30.000000 6.533693
v -53.649029 -15.503900 10.000000
v 18.584730 -20.053659 10.000000
v 38.621960 -19.113079 10.000000
v 59.604290 18.806761 10.000000
v 13.620890 21.083860 10.000000
v -9.737371 22.897190 10.000000
v -11.208710 23.580090 10.000000
v -7.434188 23.848249 10.000000
v -8.621896 25.006630 10.000000
v -14.610260 22.193119 10.000000
v -14.197240 27.590891 10.000000
v -15.533590 26.961540 10.000000
v -52.249100 23.168610 10.000000
v 23.257401 -9.792199 0.000000
v -8.389555 -24.818159 0.000000
v -14.238700 -22.223480 0.000000
v -13.808740 -25.719271 0.000000
v -15.103990 -26.669060 0.000000
v -52.246059 -23.132509 0.000000
v 56.838039 30.000000 2.941021
v 24.541031 30.000000 6.446805
v 36.129131 -9.525219 10.000000
v -13.657680 -19.606760 10.000000
v -12.567050 -18.215759 10.000000
v 48.334030 -27.746059 10.000000
v 57.847210 -27.638969 10.000000
v 57.682758 -28.941320 10.000000
v -19.711321 -21.147289 10.000000
v 51.312740 2.237717 10.000000
v 65.145370 14.603270 10.000000
v 22.950790 23.761881 10.000000
v 13.860610 28.825899 10.000000
v 16.033480 27.539749 10.000000
v -20.314440 27.155600 10.000000
v -52.656460 8.775943 0.000000
v -11.804610 18.773161 0.000000
v 14.685100 24.284821 0.000000
v -18.039900 -21.441641 0.000000
v 45.442471 -21.343519 0.000000
v 13.973820 -27.606569 0.000000
v 26.480040 -17.622789 10.000000
v -19.259680 -25.956230 10.000000
v 12.648340 18.851999 10.000000
v 5.497905 17.489849 10.000000
v -30.855040 24.990580 10.000000
v -33.449749 23.809481 10.000000
v -34.495300 25.003111 10.000000
v 25.591749 16.602600 0.000000
v -30.485680 -25.701191 0.000000
v -34.066669 -23.758011 0.000000
v 50.183109 30.000000 2.374604
v -15.933530 30.000000 1.263250
v -38.562790 30.000000 3.459885
v -58.148602 -30.000000 2.772176
v 42.319778 -30.000000 4.656785
v 49.699150 -30.000000 7.716447
v -65.448143 -30.000000 4.473381
v 39.754780 -8.207726 10.000000
v 57.744770 -9.451601 10.000000
v -25.716949 -15.691520 10.000000
v 50.758190 -24.662750 10.000000
v 56.695480 -24.582170 10.000000
v -36.488171 -19.365580 10.000000
v -35.367809 -20.036100 10.000000
v -41.367470 -28.934179 10.000000
v 29.694429 5.314764 10.000000
v -60.191929 6.477379 10.000000
v -37.263779 21.032160 10.000000
v 25.373989 26.279930 10.000000
v 28.002411 26.393900 10.000000
v -35.764950 26.060841 10.000000
v -37.033699 27.155899 10.000000
v -35.547970 27.504299 10.000000
v 39.811520 8.101562 0.000000
v 59.443279 8.467877 0.000000
v 49.537182 9.957879 0.000000
v 40.759159 25.078720 0.000000
v -35.525021 20.022530 0.000000
v 29.508350 -5.394856 0.000000
v -37.244801 -21.065149 0.000000
v 38.249569 -28.454340 0.000000
v 28.173010 -25.985291 0.000000
v -37.093800 -27.254700 0.000000
v -59.450680 -27.457729 0.000000
v 1.059172 30.000000 5.308860
v -21.833710 30.000000 5.315297
v -1.111723 30.000000 6.882229
v -38.461029 30.000000 4.818132
v -5.522906 30.000000 8.713068
v -1.813925 -30.000000 2.506062
v 21.232590 -30.000000 5.986431
v 22.096050 -30.000000 4.841990
v 2.255227 -30.000000 5.547091
v 39.113258 -30.000000 5.642956
v -61.190849 -15.802580 10.000000
v 7.854116 -16.056740 10.000000
v 2.732421 -19.723410 10.000000
v 4.109477 -19.913111 10.000000
v -39.972790 -24.220369 10.000000
v 15.588250 9.098533 10.000000
v 50.745998 18.765160 10.000000
v 3.623050 23.901030 10.000000
v -5.026936 23.650631 10.000000
v 2.015800 26.534800 10.000000
v -9.443168 27.385750 10.000000
v -3.301447 27.054420 10.000000
v -21.665331 25.984659 10.000000
v -23.415770 25.723940 10.000000
v -19.969110 25.572010 10.000000
v 7.354116 16.348000 0.000000
v 1.423362 19.030800 0.000000
v 8.436293 19.337360 0.000000
v 3.863646 19.097710 0.000000
v -40.236462 25.067770 0.000000
v 15.714150 -9.222366 0.000000
v 38.154739 -12.001850 0.000000
v 21.512880 -19.440310 0.000000
v 29.583969 -22.036779 0.000000
v 3.852964 -23.091999 0.000000
v 3.077877 -24.106270 0.000000
v 1.658804 -25.956940 0.000000
v -2.328865 -26.861601 0.000000
v -9.644625 -27.923531 0.000000
v -3.480264 -27.745100 0.000000
v -21.994459 -25.777491 0.000000
v -19.298571 -26.524200 0.000000
v 50.390621 30.000000 0.000000
v 41.015621 30.000000 0.000000
v 46.748932 30.000000 1.789368
v -8.203125 30.000000 0.000000
v -41.015621 30.000000 0.000000
v 23.234560 30.000000 7.799983
v 41.102001 30.000000 6.481384
v 60.279480 30.000000 8.966027
v 59.765621 30.000000 10.000000
v 41.015621 30.000000 10.000000
v -31.640619 30.000000 10.000000
v -41.015621 30.000000 10.000000
v -50.390621 30.000000 10.000000
v -50.390621 -30.000000 0.000000
v -41.015621 -30.000000 0.000000
v 29.422529 -30.000000 1.352088
v 41.015621 -30.000000 0.000000
v -47.633282 -30.000000 5.523654
v -46.214409 -30.000000 5.200554
v -21.979099 -30.000000 7.361848
v -41.522911 -30.000000 7.499602
v -59.765621 -30.000000 10.000000
v -40.429691 -30.000000 10.000000
v -3.772614 -30.000000 6.096364
v -5.101789 -30.000000 8.049776
v -7.726033 -30.000000 8.935298
v 41.015621 -30.000000 10.000000
v 50.390621 -30.000000 10.000000
v 56.609440 1.859097 10.000000
v -56.283859 -2.756570 10.000000
v -51.966270 -1.950343 10.000000
v -46.996410 -5.013073 10.000000
v 51.532631 -5.473956 10.000000
v 8.202677 -8.757785 10.000000
v -50.748520 -10.908500 10.000000
v -61.518150 -11.437160 10.000000
v 41.414791 -24.583269 10.000000
v 17.360390 -22.809219 10.000000
v 50.817139 -26.172880 10.000000
v 43.158100 -26.507090 10.000000
v 64.878998 -26.223780 10.000000
v 35.753632 -24.988319 10.000000
v 15.820310 -30.000000 10.000000
v -0.125651 -21.285360 10.000000
v -7.043857 -20.954430 10.000000
v -17.549170 -19.855379 10.000000
v -35.330101 -22.632240 10.000000
v -43.583092 -21.965759 10.000000
v -49.025349 -19.160259 10.000000
v -60.026169 -20.461229 10.000000
v -59.022282 -21.767210 10.000000
v -11.797030 -28.772711 10.000000
v -19.935120 -28.706470 10.000000
v -22.265619 -30.000000 10.000000
v -21.636841 -28.660940 10.000000
v -52.789021 -24.134081 10.000000
v -8.028050 3.236154 10.000000
v -10.100910 8.461448 10.000000
v 60.280910 8.858578 10.000000
v 38.961689 10.495750 10.000000
v -52.760120 20.399670 10.000000
v -55.454769 20.766510 10.000000
v -54.635731 15.522620 10.000000
v -17.117620 18.172291 10.000000
v -11.033380 22.079849 10.000000
v 58.707169 21.538580 10.000000
v 54.748661 22.636511 10.000000
v 67.823181 27.077000 10.000000
v 8.414697 22.172421 10.000000
v 25.895639 24.829531 10.000000
v 15.066830 26.158630 10.000000
v 48.060261 26.441191 10.000000
v 33.984379 30.000000 10.000000
v 1.431409 28.704479 10.000000
v -45.869759 26.107651 10.000000
v -64.756332 24.253130 10.000000
v -65.279518 25.610081 10.000000
v -24.586620 28.959410 10.000000
v -66.045380 27.174170 10.000000
v 56.598530 -1.890061 0.000000
v 56.842251 0.822402 0.000000
v 49.765499 1.370105 0.000000
v -57.405022 6.356200 0.000000
v 51.741348 5.534433 0.000000
v -58.384289 4.925869 0.000000
v 8.499389 8.651164 0.000000
v -60.767910 10.223090 0.000000
v -46.266899 9.497420 0.000000
v -39.957699 11.182390 0.000000
v -20.656340 18.662411 0.000000
v 37.297459 19.477209 0.000000
v 15.508990 21.093250 0.000000
v 17.662069 23.496531 0.000000
v 30.195551 23.477381 0.000000
v 56.912460 27.392941 0.000000
v 43.118519 28.955919 0.000000
v 72.117653 29.032169 0.000000
v 63.983711 26.583691 0.000000
v 62.669220 25.908581 0.000000
v 42.773441 30.000000 0.000000
v 33.115608 25.836029 0.000000
v 34.829571 25.468580 0.000000
v 25.815889 24.498940 0.000000
v 25.371321 25.780519 0.000000
v 14.648440 30.000000 0.000000
v 5.859375 30.000000 0.000000
v -18.100920 18.879339 0.000000
v -25.758120 20.299980 0.000000
v -35.398930 22.721701 0.000000
v -43.604931 21.956499 0.000000
v -49.354221 18.842590 0.000000
v -19.938761 27.817390 0.000000
v -21.817699 28.963631 0.000000
v -22.265619 30.000000 0.000000
v -56.075550 -1.220248 0.000000
v -57.720310 -1.328837 0.000000
v -58.153648 -2.843812 0.000000
v -8.075643 -3.249631 0.000000
v -60.055470 -5.401879 0.000000
v -10.115180 -8.440554 0.000000
v 6.728760 -7.149719 0.000000
v -54.001030 -9.659781 0.000000
v -55.444832 -20.802160 0.000000
v -54.625980 -15.564880 0.000000
v -16.748871 -17.885380 0.000000
v -11.422580 -22.072620 0.000000
v 34.973850 -25.487810 0.000000
v 14.999550 -25.137360 0.000000
v 16.412920 -25.864719 0.000000
v 33.984379 -30.000000 0.000000
v 24.491791 -29.090309 0.000000
v -45.949501 -26.049660 0.000000
v -24.691280 -28.988970 0.000000
v -57.464611 -28.849331 0.000000
v -42.773441 -30.000000 0.000000
v -21.817940 22.901871 10.000000
v -23.201530 23.193090 10.000000
v -24.613680 23.663380 10.000000
v -23.092991 -23.204519 0.000000
v -24.636101 -23.832840 0.000000
v -46.679989 30.000000 8.792326
v -45.089359 -30.000000 1.380474
v 45.344299 -30.000000 7.817408
v 57.276569 -23.020910 10.000000
v -46.186649 -26.565140 10.000000
v -25.809059 3.769463 10.000000
v -45.785301 27.500811 10.000000
v 28.483860 26.260290 0.000000
v 29.093349 27.414379 0.000000
v -40.899120 18.681660 0.000000
v -25.700581 -4.620618 0.000000
v 41.175442 -22.342470 0.000000
v -45.559471 -27.510071 0.000000
v 34.804569 30.000000 4.041012
v -39.684841 30.000000 5.776244
v -34.804100 -30.000000 4.033287
v 37.074181 -30.000000 7.628285
v -58.792690 -15.354330 10.000000
v 10.091150 -21.190201 10.000000
v 12.515970 -20.410160 10.000000
v 42.897049 -20.403669 10.000000
v -43.255581 23.536640 10.000000
v -41.332100 23.741440 10.000000
v -60.213951 15.740310 0.000000
v -9.152388 27.236601 0.000000
v 53.477840 -17.298599 0.000000
v 10.759180 -19.683130 0.000000
v -8.809534 -22.157829 0.000000
v -43.264999 -23.534920 0.000000
v -41.563900 -23.580959 0.000000
v 23.383190 30.000000 5.415681
v 27.360950 30.000000 6.052381
v -61.013672 30.000000 1.627238
v -63.198738 30.000000 5.015857
v -25.893860 30.000000 8.808192
v -24.178780 -30.000000 5.713705
v 61.397049 -30.000000 3.829945
v 35.658409 -11.010710 10.000000
v 25.493401 -22.836599 10.000000
v 10.783590 -28.796379 10.000000
v -22.256741 -19.754650 10.000000
v -53.988621 -20.211630 10.000000
v -55.558121 -19.551220 10.000000
v -50.465019 -19.428989 10.000000
v -24.774630 -27.503201 10.000000
v -26.782221 -28.772181 10.000000
v -57.085480 19.105160 10.000000
v -54.185661 19.521990 10.000000
v -20.494049 20.871910 10.000000
v -21.642780 19.839531 10.000000
v 27.668150 22.474010 10.000000
v 35.205360 10.850010 0.000000
v 11.427310 27.697929 0.000000
v -53.837189 20.311781 0.000000
v -55.477539 19.568001 0.000000
v -24.221180 28.333349 0.000000
v -26.772110 28.743561 0.000000
v -61.785431 28.755091 0.000000
v -57.089451 -19.123440 0.000000
v -54.321941 -19.655640 0.000000
v -20.506220 -20.348249 0.000000
v 25.786020 -22.526770 0.000000
v 61.661499 -28.212061 0.000000
v -7.743436 -30.000000 2.282701
v -25.329321 -24.551950 10.000000
v -8.033769 -25.246370 10.000000
v 44.557381 17.425730 10.000000
v 8.964807 16.761690 10.000000
v -24.955750 24.156950 0.000000
v -8.454966 25.852150 0.000000
v 23.102289 -16.496000 0.000000
v 8.695910 -17.816910 0.000000
v 10.355870 -18.110870 0.000000
v 43.909248 30.000000 1.273612
v 64.619667 30.000000 6.983858
v -43.464180 -30.000000 1.297913
v -62.101620 -30.000000 6.989024
v 45.202461 -30.000000 3.665513
v 41.621490 -9.927643 10.000000
v 43.652260 -15.472200 10.000000
v 49.427319 -25.301001 10.000000
v 59.580051 -23.851971 10.000000
v 60.750561 -25.057831 10.000000
v -38.090561 -20.215851 10.000000
v -58.685299 -26.074520 10.000000
v -43.794010 -28.116461 10.000000
v -44.625179 -28.956051 10.000000
v 23.269159 5.554329 10.000000
v 26.249430 6.727482 10.000000
v 25.390181 7.733153 10.000000
v -25.629829 16.835501 10.000000
v -55.622780 16.670820 10.000000
v -39.846111 20.918671 10.000000
v -36.050129 20.427349 10.000000
v -20.786770 7.437078 0.000000
v -24.171761 8.253740 0.000000
v 43.919430 9.809313 0.000000
v 39.274818 10.914690 0.000000
v 41.483631 9.994427 0.000000
v 29.868910 28.619961 0.000000
v -44.895321 28.569139 0.000000
v 23.263590 -5.375444 0.000000
v 25.816360 -6.656673 0.000000
v -25.632540 -16.835751 0.000000
v -55.593601 -16.752899 0.000000
v -39.847389 -20.918779 0.000000
v -36.047779 -20.422979 0.000000
v 28.577000 -28.509960 0.000000
v -43.846161 -27.327471 0.000000
v 6.669648 30.000000 1.221684
v 16.914900 30.000000 4.888612
v -11.216730 30.000000 7.116801
v -62.036308 -30.000000 4.356058
v 11.168580 -30.000000 7.208406
v 49.830730 -30.000000 5.096854
v 8.945362 -30.000000 8.470208
v -18.991020 -12.768350 10.000000
v -63.392891 -14.118970 10.000000
v 6.793072 -18.980221 10.000000
v -23.006981 -22.081631 10.000000
v -5.473341 -24.058479 10.000000
v -39.484390 -22.788521 10.000000
v -55.291168 -22.328470 10.000000
v -6.368672 -26.913240 10.000000
v -7.343418 -28.389879 10.000000
v 13.621100 6.532525 10.000000
v 30.038059 14.055730 10.000000
v 51.353470 13.298660 10.000000
v -20.330391 22.666161 10.000000
v -22.962400 21.755831 10.000000
v -58.339470 22.384649 10.000000
v -62.174191 12.457640 0.000000
v 6.557003 19.215090 0.000000
v 9.511013 18.246731 0.000000
v -5.163674 22.723400 0.000000
v -23.124041 21.929970 0.000000
v -5.384734 24.156851 0.000000
v -39.520840 22.689251 0.000000
v -55.392578 22.424231 0.000000
v -5.732509 25.584690 0.000000
v -6.371586 27.050920 0.000000
v -24.015329 26.827259 0.000000
v -7.169997 28.571350 0.000000
v 13.641280 -6.467597 0.000000
v 29.978081 -14.424890 0.000000
v 59.144001 -19.391701 0.000000
v 8.750703 -21.459450 0.000000
v -20.407881 -22.122471 0.000000
v -22.995550 -21.743620 0.000000
v 29.296881 30.000000 0.000000
v 10.546880 30.000000 0.000000
v 10.838840 30.000000 1.491318
v -10.546880 30.000000 0.000000
v -15.234380 30.000000 0.000000
v -11.604100 30.000000 1.193402
v -35.742191 30.000000 0.000000
v -55.078121 30.000000 0.000000
v -69.140617 30.000000 0.000000
v -74.414062 30.000000 0.000000
v -9.343212 30.000000 3.092005
v 13.247730 30.000000 6.200571
v 31.476789 30.000000 7.117634
v 55.078121 30.000000 10.000000
v 31.054689 30.000000 10.000000
v 27.099609 30.000000 10.000000
v 11.132810 30.000000 10.000000
v -12.793710 30.000000 4.092789
v -31.684380 30.000000 4.075238
v -27.814541 30.000000 3.938280
v -49.189251 30.000000 2.721746
v -47.831390 30.000000 1.823120
v -49.182930 30.000000 1.302540
v -11.132810 30.000000 10.000000
v -29.296881 -30.000000 0.000000
v -10.546880 -30.000000 0.000000
v -11.002470 -30.000000 1.052199
v -28.573681 -30.000000 1.201604
v -45.645851 -30.000000 2.727031
v 8.349609 -30.000000 0.000000
v 11.865230 -30.000000 0.000000
v 32.226559 -30.000000 0.000000
v 55.078121 -30.000000 0.000000
v 69.726562 -30.000000 0.000000
v -12.435100 -30.000000 5.634638
v -69.140617 -30.000000 10.000000
v -55.078121 -30.000000 10.000000
v -35.742191 -30.000000 10.000000
v -31.054689 -30.000000 10.000000
v -10.546880 -30.000000 10.000000
v 46.823410 -30.000000 3.005359
v 49.490551 -30.000000 3.598671
v 47.610432 -30.000000 1.551039
v 29.296881 -30.000000 10.000000
v 62.021969 -30.000000 7.919361
v 45.328789 -1.420795 10.000000
v 61.104019 -14.330060 10.000000
v -1.150825 -19.988480 10.000000
v 26.569851 -22.313240 10.000000
v 30.351120 -21.257509 10.000000
v 30.584370 -22.785480 10.000000
v 13.829490 -21.450529 10.000000
v 59.101250 -25.389099 10.000000
v 57.577930 -25.971260 10.000000
v 63.375401 -26.253380 10.000000
v 28.553610 -25.529190 10.000000
v 10.183400 -23.907450 10.000000
v 28.916010 -28.691099 10.000000
v 8.387437 -27.436741 10.000000
v -24.276630 -21.175980 10.000000
v -35.412510 -16.469931 10.000000
v -43.655300 -16.561190 10.000000
v -52.807720 -18.086559 10.000000
v -53.982380 -16.988729 10.000000
v -26.184040 -27.522160 10.000000
v -28.473591 -28.774330 10.000000
v -42.372581 -25.127371 10.000000
v -57.996029 -23.013510 10.000000
v -62.398300 -27.472389 10.000000
v 53.087479 4.100256 10.000000
v 37.946991 6.747911 10.000000
v 39.584080 6.928119 10.000000
v 54.797691 7.772989 10.000000
v 39.969769 8.198435 10.000000
v 54.551720 9.208770 10.000000
v -11.036430 10.631840 10.000000
v -38.138390 14.114650 10.000000
v -4.817550 19.101219 10.000000
v -44.163761 22.064039 10.000000
v -27.463671 20.332010 10.000000
v -26.682949 21.765869 10.000000
v 38.558270 21.979410 10.000000
v 25.631411 20.834801 10.000000
v 45.707890 25.065651 10.000000
v 63.982750 28.552080 10.000000
v 11.763700 23.913410 10.000000
v 29.998079 24.189280 10.000000
v 30.936411 26.273769 10.000000
v 11.441280 25.636190 10.000000
v 45.627411 27.644930 10.000000
v 60.427608 25.592840 10.000000
v 6.806637 26.494770 10.000000
v 25.411831 27.787920 10.000000
v -47.051399 25.160280 10.000000
v -48.330719 24.125160 10.000000
v -54.110649 0.499266 0.000000
v -53.749100 7.689904 0.000000
v -55.500561 10.407670 0.000000
v -41.089931 10.264500 0.000000
v 59.007969 13.544300 0.000000
v 27.294910 22.240440 0.000000
v 65.124390 25.627790 0.000000
v 70.434914 29.029890 0.000000
v 9.049716 24.694870 0.000000
v 26.879761 28.704229 0.000000
v 27.539061 30.000000 0.000000
v -24.534060 21.424919 0.000000
v -52.884930 17.697430 0.000000
v -28.452410 28.779989 0.000000
v -42.498379 25.759041 0.000000
v -57.806229 23.308479 0.000000
v -62.228050 27.254311 0.000000
v 52.416111 -4.006734 0.000000
v 37.882381 -6.685401 0.000000
v 39.506500 -6.971006 0.000000
v 54.124660 -9.002051 0.000000
v 40.157619 -10.114420 0.000000
v -11.041400 -10.622450 0.000000
v -38.138390 -14.114660 0.000000
v -6.398932 -16.970369 0.000000
v -5.324986 -18.454990 0.000000
v -44.164829 -22.064039 0.000000
v -27.468201 -20.334351 0.000000
v -26.724689 -21.794689 0.000000
v 36.799801 -18.397129 0.000000
v 25.765690 -21.033920 0.000000
v 30.025890 -23.820459 0.000000
v 10.874930 -24.774019 0.000000
v 10.335600 -26.488060 0.000000
v 9.713865 -23.767509 0.000000
v 6.775344 -24.624460 0.000000
v 5.715123 -27.004459 0.000000
v 27.472290 -28.945320 0.000000
v 26.953119 -30.000000 0.000000
v 24.445259 -27.949850 0.000000
v 4.393212 -27.735861 0.000000
v -47.072010 -25.145020 0.000000
v -48.301472 -24.089390 0.000000
v -10.958890 -27.131081 0.000000
v -12.270130 -28.163839 0.000000
v -68.604820 -27.135590 0.000000
v -70.374321 -28.675659 0.000000
v 20.240110 30.000000 3.410869
v 24.263460 30.000000 3.306227
v -24.370461 30.000000 6.312580
v -18.647680 30.000000 7.605675
v -25.026150 -30.000000 4.276789
v 24.337420 -30.000000 6.148012
v 18.956730 -30.000000 7.301478
v -16.433121 -23.892879 10.000000
v -17.205690 -25.213989 10.000000
v -16.395100 24.197479 0.000000
v 14.592600 -18.358971 0.000000
v 22.982590 30.000000 8.815778
v 19.677710 30.000000 8.411411
v -22.840361 -30.000000 8.735544
v -19.443220 -30.000000 8.305204
v 20.805189 -27.108379 10.000000
v -51.600861 -27.153761 10.000000
v -43.738029 -26.950430 10.000000
v -19.469589 16.667351 10.000000
v 23.201790 26.887590 0.000000
v 20.024860 27.621660 0.000000
v -51.616322 27.124640 0.000000
v -43.740761 27.066860 0.000000
v -19.419760 -17.009560 0.000000
v -11.923590 30.000000 5.513936
v -46.118710 30.000000 7.246868
v 11.999920 -30.000000 5.796923
v 39.292980 -20.224991 10.000000
v -13.866020 -22.668810 10.000000
v -47.620880 -22.146441 10.000000
v -48.310822 -23.363131 10.000000
v -15.031490 -26.487749 10.000000
v -15.979310 -27.742300 10.000000
v 21.902531 5.418138 10.000000
v 19.401051 5.742661 10.000000
v 17.525230 20.218281 10.000000
v -15.838070 22.050489 10.000000
v -16.994431 22.601971 10.000000
v -12.760070 24.179131 10.000000
v -49.544731 23.135670 10.000000
v -21.478590 8.528553 0.000000
v -57.120850 16.107960 0.000000
v -58.649990 15.959390 0.000000
v 15.045320 18.527210 0.000000
v -47.528450 22.102970 0.000000
v -48.538582 23.118980 0.000000
v -14.569430 25.709539 0.000000
v -15.299720 27.110491 0.000000
v -15.948750 28.541800 0.000000
v 21.860250 -5.526702 0.000000
v 19.122351 -5.766874 0.000000
v 21.327841 -7.160849 0.000000
v 59.991051 -14.539910 0.000000
v 16.715269 -19.540119 0.000000
v -15.482840 -23.136690 0.000000
v -9.748471 -24.347010 0.000000
v -14.041870 -23.955959 0.000000
v -49.508072 -23.104389 0.000000
v 19.166180 30.000000 0.903467
v -50.320110 30.000000 0.949704
v -50.390621 30.000000 0.000000
v 62.042999 30.000000 5.708556
v 30.162479 30.000000 6.072869
v 49.877930 30.000000 10.000000
v 20.563080 30.000000 7.249058
v -21.002001 30.000000 8.636224
v 50.172131 -30.000000 0.983090
v 50.390621 -30.000000 0.000000
v 13.735760 -30.000000 2.017152
v 15.112250 -30.000000 3.085977
v 16.354280 -30.000000 4.267903
v -61.229450 -30.000000 5.715863
v -18.404011 -30.000000 5.192903
v -50.390621 -30.000000 10.000000
v 56.278141 -30.000000 0.996153
v 21.039829 -30.000000 8.510612
v 50.823620 -30.000000 6.539022
v -44.922112 -7.574660 10.000000
v 19.671419 -22.537260 10.000000
v 52.110161 -25.662130 10.000000
v 49.571442 -26.901711 10.000000
v 17.809219 -24.432779 10.000000
v 18.320999 -28.598890 10.000000
v 17.578119 -30.000000 10.000000
v -49.767899 -20.668850 10.000000
v -54.068810 -24.739679 10.000000
v -63.253300 -28.784309 10.000000
v 48.066429 3.862933 10.000000
v 50.540798 6.165803 10.000000
v -18.030861 5.834057 10.000000
v 51.229481 7.812482 10.000000
v 51.629681 9.113214 10.000000
v -41.045052 13.585750 10.000000
v -25.735390 18.063669 10.000000
v 39.025509 18.775221 10.000000
v 56.307720 28.968559 10.000000
v 14.137240 24.840639 10.000000
v 13.346210 26.310030 10.000000
v -50.820721 23.716391 10.000000
v -60.920521 23.317440 10.000000
v -28.039070 28.771730 10.000000
v 55.923351 13.393280 0.000000
v 22.583799 13.828980 0.000000
v 51.856892 26.287920 0.000000
v 19.155121 25.393700 0.000000
v 18.627529 28.473379 0.000000
v 18.164061 30.000000 0.000000
v -24.362949 19.783350 0.000000
v -49.317879 20.189051 0.000000
v -50.085129 22.634661 0.000000
v -54.006680 24.829821 0.000000
v 47.165272 -3.851624 0.000000
v 49.525829 -5.833360 0.000000
v -18.123449 -5.933759 0.000000
v 50.478149 -8.839939 0.000000
v 49.147621 -8.233039 0.000000
v 51.725571 -9.531894 0.000000
v -41.033630 -13.617510 0.000000
v -12.639500 -15.303570 0.000000
v -25.738199 -18.064039 0.000000
v 44.100578 -20.372780 0.000000
v 46.634319 -22.291651 0.000000
v 20.497730 -27.760071 0.000000
v 16.599171 -27.451521 0.000000
v -50.745029 -23.804590 0.000000
v -54.330231 -24.922970 0.000000
v -61.016140 -23.293159 0.000000
v -22.869011 -28.956570 0.000000
v -27.214020 -27.605249 0.000000
v -28.232821 -28.760160 0.000000
v 11.656950 -18.875179 10.000000
v 13.960920 -19.878170 10.000000
v 12.920910 -18.962910 10.000000
v 30.113621 -19.906509 10.000000
v -31.263901 -22.864000 10.000000
v -33.554489 -25.833389 10.000000
v -23.310989 -25.348660 10.000000
v -14.887780 -23.845011 10.000000
v 21.753000 19.264210 10.000000
v 8.470863 18.046881 10.000000
v -29.138359 15.596170 0.000000
v -6.784242 15.401560 0.000000
v 14.286190 19.792089 0.000000
v 21.922701 18.854300 0.000000
v -33.090561 25.174601 0.000000
v -23.672871 25.329870 0.000000
v 37.964241 30.000000 1.826501
v 54.800781 30.000000 1.261294
v -19.614059 30.000000 1.877487
v 42.230572 30.000000 7.410264
v 11.973700 30.000000 7.121939
v -35.870029 30.000000 5.639320
v -38.188339 -30.000000 1.030235
v -37.011509 -30.000000 1.822353
v -54.578979 -30.000000 1.436304
v 35.007221 -30.000000 2.573302
v -42.703201 -30.000000 7.625331
v -12.224850 -30.000000 7.084344
v 42.856300 -30.000000 2.882460
v 36.644058 -30.000000 5.239716
v 39.835190 -30.000000 8.816891
v 46.459358 -30.000000 8.796650
v 39.257809 -30.000000 10.000000
v 11.780870 1.421547 10.000000
v 60.321362 -6.957384 10.000000
v 59.316818 -8.442341 10.000000
v 60.302509 -9.558945 10.000000
v 34.967331 -14.139860 10.000000
v -28.184641 -17.365009 10.000000
v 53.896030 -22.397079 10.000000
v 46.033428 -23.229780 10.000000
v 39.932079 -24.219320 10.000000
v 34.429630 -25.956020 10.000000
v 34.655720 -27.235991 10.000000
v 34.156540 -28.647030 10.000000
v -31.782789 -18.638990 10.000000
v -32.367149 -19.954611 10.000000
v -33.979710 -20.199551 10.000000
v -40.906540 -19.813540 10.000000
v -55.354839 2.539454 10.000000
v 32.210869 7.379205 10.000000
v 28.069340 8.792274 10.000000
v -44.035889 8.490395 10.000000
v -11.168570 16.170000 10.000000
v -28.945049 16.151030 10.000000
v -28.009010 17.610069 10.000000
v -57.162842 16.698780 10.000000
v -50.825230 16.909189 10.000000
v -49.619701 17.552891 10.000000
v -48.208611 20.512739 10.000000
v -32.681999 25.364420 10.000000
v -64.350922 26.840981 10.000000
v 11.812400 -1.386067 0.000000
v -26.259581 6.710648 0.000000
v 56.663509 5.725700 0.000000
v 61.219681 8.612734 0.000000
v 43.545750 11.347160 0.000000
v 62.121380 9.925264 0.000000
v -25.054831 16.659821 0.000000
v -28.771450 16.994631 0.000000
v 39.353958 25.410179 0.000000
v 54.234718 27.442360 0.000000
v 8.705009 26.208469 0.000000
v 36.328121 30.000000 0.000000
v -32.458488 18.666010 0.000000
v -31.810690 20.111950 0.000000
v -34.188042 20.551069 0.000000
v -55.358261 26.950279 0.000000
v -54.887691 -2.305923 0.000000
v 30.065670 -6.610182 0.000000
v 28.467581 -6.609389 0.000000
v -43.998699 -8.287220 0.000000
v 28.290670 -9.821113 0.000000
v -58.153210 -10.694870 0.000000
v -4.932365 -16.623739 0.000000
v -12.649540 -16.757360 0.000000
v -28.946171 -16.151230 0.000000
v -28.010580 -17.610359 0.000000
v -57.155281 -16.707439 0.000000
v -50.662312 -16.744169 0.000000
v -49.623329 -17.501249 0.000000
v -48.212391 -20.508341 0.000000
v 37.005169 -28.980339 0.000000
v 23.065670 30.000000 4.118438
v 25.615030 30.000000 4.090791
v -4.903388 30.000000 6.221098
v -22.764521 30.000000 6.193418
v -19.848560 30.000000 7.343045
v 2.454586 30.000000 7.786018
v -6.002040 30.000000 7.342071
v 3.367088 -30.000000 2.015185
v -5.040844 -30.000000 3.707712
v -58.863289 -30.000000 4.206638
v 5.003911 -30.000000 5.655474
v 22.788500 -30.000000 6.145677
v 20.400459 -30.000000 7.320063
v 41.475842 -30.000000 5.860448
v 40.605289 -30.000000 4.919002
v 54.078209 -30.000000 6.468313
v -2.470354 -30.000000 8.545703
v 3.028037 -30.000000 8.847134
v -18.533710 -10.238820 10.000000
v -63.045181 -11.089190 10.000000
v -58.285412 -16.679319 10.000000
v 6.003678 -21.834061 10.000000
v 12.616890 -21.907190 10.000000
v 18.189079 -21.538240 10.000000
v 21.321899 -22.095600 10.000000
v 37.530590 -18.354450 10.000000
v -0.783886 -22.825010 10.000000
v -1.208207 -24.254801 10.000000
v -1.738228 -25.390600 10.000000
v -34.733810 -25.383860 10.000000
v -1.335529 -26.975599 10.000000
v -0.573001 -28.453920 10.000000
v -1.171875 -30.000000 10.000000
v 17.113939 9.495133 10.000000
v 14.621580 11.831170 10.000000
v 41.943340 17.308670 10.000000
v 62.057289 18.384319 10.000000
v 28.086380 21.009689 10.000000
v -1.610977 28.673771 10.000000
v -4.284831 28.727119 10.000000
v -7.102108 28.566481 10.000000
v 21.625050 21.648439 0.000000
v -0.608494 21.432131 0.000000
v -0.873738 23.016199 0.000000
v -1.292782 24.540720 0.000000
v -34.358231 25.453430 0.000000
v -0.788207 28.497259 0.000000
v 17.166121 -9.446797 0.000000
v 16.258980 -10.642090 0.000000
v 13.666150 -11.703080 0.000000
v 62.610222 -15.367200 0.000000
v 20.783239 -20.680040 0.000000
v 5.367973 -20.148399 0.000000
v 6.765471 -20.191299 0.000000
v 1.654051 -27.443520 0.000000
v -6.930861 -28.212870 0.000000
v 64.453117 30.000000 0.000000
v 55.664059 30.000000 0.000000
v 46.289059 30.000000 0.000000
v -36.500511 30.000000 2.214505
v -45.703121 30.000000 0.000000
v -59.751862 30.000000 0.951470
v -60.351559 30.000000 0.000000
v -64.453117 30.000000 0.000000
v 49.032181 30.000000 5.994111
v 66.989868 30.000000 8.689020
v 45.703121 30.000000 10.000000
v 20.507811 30.000000 10.000000
v 23.583981 30.000000 10.000000
v 3.017868 30.000000 8.945586
v -16.844530 30.000000 3.599539
v -67.178963 30.000000 1.305486
v -67.974823 30.000000 2.823507
v -17.578119 30.000000 10.000000
v -15.820310 30.000000 10.000000
v -24.562189 30.000000 7.955431
v -35.744320 30.000000 8.572539
v -26.953119 30.000000 10.000000
v -32.754429 30.000000 8.938678
v -36.328121 30.000000 10.000000
v -45.703121 30.000000 10.000000
v -55.078121 30.000000 10.000000
v -60.351559 30.000000 10.000000
v -69.726562 30.000000 10.000000
v -74.414062 -30.000000 0.000000
v -69.140617 -30.000000 0.000000
v -59.765621 -30.000000 0.000000
v -55.078121 -30.000000 0.000000
v -45.703121 -30.000000 0.000000
v -35.742191 -30.000000 0.000000
v -33.984379 -30.000000 0.000000
v -27.539061 -30.000000 0.000000
v -24.023439 -30.000000 0.000000
v -32.689739 -30.000000 1.664494
v -17.578119 -30.000000 0.000000
v -15.234380 -30.000000 0.000000
v 0.000000 -30.000000 0.000000
v 19.921881 -30.000000 0.000000
v 21.679689 -30.000000 0.000000
v 44.882259 -30.000000 1.212789
v 35.819462 -30.000000 1.233613
v 45.703121 -30.000000 0.000000
v 59.765621 -30.000000 0.000000
v 64.453117 -30.000000 0.000000
v 6.375176 -30.000000 2.845850
v -49.075760 -30.000000 5.854323
v -45.703121 -30.000000 10.000000
v -7.617188 -30.000000 10.000000
v 6.143714 -30.000000 8.745867
v 49.433010 -30.000000 6.455750
v 45.703121 -30.000000 10.000000
v 55.078121 -30.000000 10.000000
v 59.765621 -30.000000 10.000000
v 73.828117 -30.000000 10.000000
v 58.982391 0.976431 10.000000
v 54.384850 -0.845947 10.000000
v 59.318840 -3.012634 10.000000
v 58.928551 -1.875478 10.000000
v 61.854630 -11.577960 10.000000
v -17.430401 -17.111179 10.000000
v 38.477268 -28.535770 10.000000
v 64.442772 -28.846920 10.000000
v 60.099628 -26.644960 10.000000
v 54.364441 -28.865879 10.000000
v 20.944210 -25.380350 10.000000
v 3.587560 -23.534861 10.000000
v 3.258537 -24.750219 10.000000
v -4.694579 -21.266291 10.000000
v -30.886061 -19.885469 10.000000
v -55.260151 -17.266020 10.000000
v -39.003899 -21.498310 10.000000
v -61.659420 -19.921450 10.000000
v -62.727341 -21.496990 10.000000
v -48.909271 -24.519800 10.000000
v -64.746353 -23.959949 10.000000
v -58.258251 -24.554399 10.000000
v -61.399158 -24.935360 10.000000
v 59.221039 2.570768 10.000000
v 33.910721 4.202747 10.000000
v 43.808151 4.295120 10.000000
v 59.372810 4.125392 10.000000
v 56.553970 4.936346 10.000000
v 60.278702 6.312568 10.000000
v 41.958950 5.931600 10.000000
v 57.609711 7.590676 10.000000
v 35.138020 7.343330 10.000000
v 42.621269 7.138300 10.000000
v 61.587490 8.832447 10.000000
v 47.309170 8.487707 10.000000
v 43.126968 8.449409 10.000000
v -10.172540 9.706791 10.000000
v 57.582829 9.292731 10.000000
v 34.831329 8.996592 10.000000
v 37.221199 9.862934 10.000000
v 62.494049 9.957520 10.000000
v 47.799469 9.868015 10.000000
v 37.566139 11.503820 10.000000
v -0.117594 18.353670 10.000000
v -1.244493 17.724470 10.000000
v -1.636936 18.977190 10.000000
v -60.787201 17.303160 10.000000
v -56.269669 15.362850 10.000000
v -29.910521 22.248720 10.000000
v -29.810600 19.217211 10.000000
v -29.501221 17.778290 10.000000
v -13.807860 20.698240 10.000000
v -11.031180 19.185579 10.000000
v 51.850040 21.127050 10.000000
v 53.752251 28.522070 10.000000
v 64.558609 25.878469 10.000000
v 69.389740 27.163401 10.000000
v 14.823760 23.576220 10.000000
v 31.611980 28.847099 10.000000
v -63.871151 21.893850 10.000000
v -65.007858 22.938789 10.000000
v -66.733101 25.748091 10.000000
v -44.133709 28.945721 10.000000
v 58.944649 -1.176772 0.000000
v 55.178761 1.076552 0.000000
v -55.138519 1.666800 0.000000
v 52.405159 1.478651 0.000000
v -59.118481 2.508304 0.000000
v 58.933041 2.112904 0.000000
v -61.311798 8.732597 0.000000
v -43.718182 8.547185 0.000000
v -33.752041 8.783404 0.000000
v -47.825161 8.825629 0.000000
v -62.210709 10.075210 0.000000
v 62.702888 11.069760 0.000000
v 62.262241 12.303200 0.000000
v -9.539625 17.994780 0.000000
v 13.281380 23.206100 0.000000
v 21.165239 25.746559 0.000000
v 68.823402 28.988590 0.000000
v 30.844879 24.745661 0.000000
v 3.446115 24.064270 0.000000
v 2.872877 25.731710 0.000000
v 1.569623 28.173281 0.000000
v -4.947580 21.308260 0.000000
v -13.722980 21.447929 0.000000
v -28.412901 18.463440 0.000000
v -28.466600 19.899891 0.000000
v -28.777580 21.398260 0.000000
v -39.105598 21.319941 0.000000
v -46.815399 19.634790 0.000000
v -55.420849 21.007641 0.000000
v -58.144211 25.170500 0.000000
v -61.808819 24.580420 0.000000
v -54.108471 28.981079 0.000000
v 36.311131 -2.583273 0.000000
v 33.953991 -4.292045 0.000000
v 58.935959 -3.955016 0.000000
v 59.794910 -5.434943 0.000000
v 56.529518 -4.916044 0.000000
v 46.551411 -5.416442 0.000000
v 42.672710 -6.722228 0.000000
v -56.710461 -5.885359 0.000000
v 57.977169 -7.511092 0.000000
v 35.554192 -7.831391 0.000000
v 46.575352 -7.155911 0.000000
v 61.410252 -8.923284 0.000000
v -10.173310 -9.703974 0.000000
v 57.412090 -9.104793 0.000000
v 59.826691 -10.487140 0.000000
v -0.119960 -18.107361 0.000000
v -1.474175 -17.959810 0.000000
v -60.788502 -17.300880 0.000000
v -56.246479 -15.341480 0.000000
v -29.910400 -22.251341 0.000000
v -29.811590 -19.217390 0.000000
v -29.502300 -17.778481 0.000000
v -14.163850 -20.505730 0.000000
v 14.138220 -22.324209 0.000000
v 51.607430 -25.127850 0.000000
v 67.667526 -25.364321 0.000000
v 54.009010 -28.781700 0.000000
v 59.803741 -27.053301 0.000000
v 22.736799 -24.215269 0.000000
v 14.058230 -26.293480 0.000000
v 40.861389 -25.070660 0.000000
v 54.650879 -25.373871 0.000000
v 53.921989 -26.449051 0.000000
v 29.971291 -28.649639 0.000000
v 31.691059 -28.682871 0.000000
v -63.685970 -22.083450 0.000000
v -66.619453 -25.551600 0.000000
v -44.206589 -28.746580 0.000000
v 91.616562 -10.116690 10.000000
v -84.229263 -28.534821 2.879979
v 54.588051 14.786280 10.000000
v -31.086189 5.045506 0.000000
v -97.958618 19.292610 1.143944
v -97.742828 -19.548990 2.503803
v 86.885384 24.157591 10.000000
v -1.847091 -1.457965 0.000000
v 85.636909 -22.838070 0.000000
v -79.764847 14.210610 8.287710
v 73.103828 14.876310 9.078842
v 79.426430 -14.321110 6.543993
v 87.764931 27.139099 1.491064
v 0.432155 13.390680 10.000000
v 63.991180 16.060020 10.000000
v -97.674561 7.232695 10.000000
v -74.013641 23.531450 10.000000
v -0.301390 -14.031440 0.000000
v -99.354713 -7.868583 0.000000
v -78.114410 14.658400 8.357140
v -62.726879 8.597450 8.750167
v 61.556808 -6.626276 2.518376
v 52.856159 -30.000000 1.293624
v 95.759048 -4.549183 10.000000
v 73.946899 20.221439 0.000000
v -89.898529 1.621752 5.367750
v -88.286270 20.417089 10.000000
v 37.843269 -4.156263 10.000000
v 53.585430 13.871240 10.000000
v 96.117371 -5.847360 10.000000
v 37.880241 4.185850 0.000000
v 11.454110 30.000000 2.642774
v 2.237198 -10.633710 0.000000
v -16.368561 -4.344985 10.000000
v -16.943371 -7.565933 10.000000
v -25.435471 15.143190 0.000000
v -85.808617 -23.782770 0.000000
v -83.978523 -27.192310 0.000000
v -65.534126 -11.610900 3.398324
v -75.127419 -29.993530 6.050496
v 5.867416 -1.044735 10.000000
v 13.500610 5.006325 10.000000
v 5.867449 1.044878 0.000000
v 13.473010 -4.937167 0.000000
v 88.956413 -26.533859 0.000000
v -14.959510 2.664288 10.000000
v 12.553680 10.565720 0.000000
v -30.527031 16.604349 0.000000
v -68.865288 14.601430 0.000000
v -55.575920 -3.618370 0.000000
v 95.658707 -8.468784 0.000000
v 12.187160 17.421120 0.000000
v 25.087299 -17.132669 10.000000
v 56.964588 30.000000 6.109378
v -56.743679 -30.000000 5.312563
v -44.893021 11.825390 10.000000
v -45.224449 -12.662810 0.000000
v -70.626190 -14.332410 7.029480
v -51.524429 30.000000 6.151925
v 99.771851 16.899950 3.147629
v -8.855403 -5.756625 10.000000
v -71.406372 -26.837469 10.000000
v -70.897820 26.782200 0.000000
v -46.575871 -30.000000 6.901324
v 58.112301 -19.958191 10.000000
v -20.455500 -16.872919 10.000000
v 51.017139 -28.921379 10.000000
v -52.855339 3.601964 10.000000
v -26.367979 8.232292 10.000000
v -17.719090 11.282860 10.000000
v 44.094559 27.525961 10.000000
v -25.498230 27.903669 10.000000
v -65.948570 13.854340 0.000000
v -26.388109 -8.224993 0.000000
v -17.719900 -11.282620 0.000000
v 26.708220 -21.739929 0.000000
v -25.609261 -27.923149 0.000000
v -53.262539 -11.461020 10.000000
v -60.582970 14.831020 10.000000
v 15.974370 24.841190 10.000000
v 65.056168 27.315580 0.000000
v -60.610062 -14.769490 0.000000
v 22.488569 -17.547800 10.000000
v -24.857731 12.636340 0.000000
v 68.085289 24.848410 0.000000
v -21.945721 -7.658691 10.000000
v 38.786789 -9.455791 10.000000
v 62.377171 -21.584539 10.000000
v -30.316080 -18.623520 10.000000
v -49.859489 -16.120159 10.000000
v 32.195709 5.999244 10.000000
v 54.699841 21.802820 0.000000
v -31.193190 17.907591 0.000000
v 38.223701 -25.827379 0.000000
v 22.099791 14.483350 10.000000
v 55.864281 20.208160 10.000000
v -8.793185 7.527995 0.000000
v 0.308814 -26.645910 0.000000
v -14.428340 30.000000 4.325811
v -68.683479 -30.000000 2.712365
v -74.762451 29.997499 1.269126
v 31.252171 -11.258540 10.000000
v 52.586681 -13.228740 10.000000
v -24.123289 -17.732700 10.000000
v -39.114811 -1.214283 10.000000
v -15.849440 1.288093 10.000000
v -50.460609 15.318760 10.000000
v -44.989990 14.250440 10.000000
v -58.315540 13.813470 10.000000
v 42.044319 11.458570 0.000000
v 59.846539 16.657940 0.000000
v 10.116250 11.995940 0.000000
v -67.535088 14.304880 0.000000
v 47.375660 13.588210 0.000000
v 43.118832 21.448799 0.000000
v 38.018051 25.451981 0.000000
v -60.709629 18.383600 0.000000
v -50.502048 -15.125120 0.000000
v -44.964531 -14.199950 0.000000
v -58.310768 -13.733610 0.000000
v 52.763371 -22.878380 0.000000
v -24.472010 -5.464135 0.000000
v 58.711151 -27.570860 0.000000
v 63.483700 30.000000 5.602900
v -2.754137 -19.684870 10.000000
v 15.796810 12.318540 10.000000
v 52.594429 -15.980280 0.000000
v -48.002510 6.720368 10.000000
v -33.204750 -11.428740 10.000000
v -55.401718 -15.818090 10.000000
v 44.480999 -19.614479 10.000000
v -13.841690 23.386881 10.000000
v 67.132767 -30.000000 4.293964
v 11.404960 -9.495783 10.000000
v -55.414600 -23.727600 10.000000
v 18.524450 28.874380 10.000000
v 11.427000 9.535573 0.000000
v 21.999201 23.185101 0.000000
v -55.376438 23.826059 0.000000
v 19.178360 -18.211750 0.000000
v -11.145610 -30.000000 8.983130
v -26.203859 1.003871 10.000000
v -30.255720 10.518220 0.000000
v 14.422810 -13.105450 0.000000
v 65.245796 13.230910 10.000000
v -3.889638 22.817640 10.000000
v 61.496620 30.000000 2.961064
v 59.658501 30.000000 6.072919
v 14.323570 30.000000 5.287222
v -62.784611 -30.000000 2.977448
v -59.513359 -30.000000 5.878624
v -50.537361 -30.000000 7.963313
v 57.292332 -6.080432 10.000000
v -57.799110 -17.911091 10.000000
v -62.127918 12.123020 10.000000
v 38.680359 20.350370 10.000000
v 5.764775 21.481640 10.000000
v -44.687191 26.064800 10.000000
v -66.820847 28.776079 10.000000
v -57.842258 3.111615 0.000000
v 7.407571 9.219197 0.000000
v -62.160400 -12.043550 0.000000
v -44.668331 -26.122101 0.000000
v -58.217659 19.831289 10.000000
v -55.222240 22.351540 10.000000
v 46.266739 12.382200 0.000000
v -58.222038 -19.842239 0.000000
v -55.162029 -22.335239 0.000000
v 27.755260 -1.489389 10.000000
v 27.778980 1.477316 0.000000
v 30.927790 -27.141081 0.000000
v -2.707137 -30.000000 3.511526
v 17.127729 -30.000000 5.484786
v 52.197880 14.478230 10.000000
v 15.369910 -11.929160 0.000000
v -26.651251 -30.000000 7.583197
v -42.104340 -11.504630 10.000000
v -52.478931 5.242926 10.000000
v -42.643509 12.859830 10.000000
v -59.545780 17.707430 10.000000
v 10.421850 24.317909 10.000000
v -51.688190 6.070229 0.000000
v -42.541931 -13.344410 0.000000
v -59.546669 -17.705540 0.000000
v 65.223763 -26.805130 0.000000
v 9.379891 -25.229530 0.000000
v 11.699890 -27.172091 0.000000
v 8.051822 -27.462250 0.000000
v -18.860161 18.772921 10.000000
v 46.462582 -23.788639 0.000000
v -38.710041 21.709900 10.000000
v -13.016740 22.824480 0.000000
v -38.699402 -21.746870 0.000000
v -62.825199 -30.000000 8.038321
v 12.829440 -9.178718 10.000000
v -53.179569 -12.925450 10.000000
v 38.532681 -21.724970 10.000000
v 51.773190 12.069430 10.000000
v -12.309550 14.099950 10.000000
v 10.842040 28.296940 10.000000
v -58.434231 28.721569 10.000000
v 51.740150 -10.848550 0.000000
v -29.718201 -23.632030 10.000000
v 57.348412 15.152200 10.000000
v -17.063440 24.353510 10.000000
v -31.403311 21.329420 10.000000
v -17.757700 14.137000 0.000000
v 30.195940 18.590460 0.000000
v -22.323980 24.606489 0.000000
v -31.410931 -21.336670 0.000000
v -32.816769 30.000000 3.026077
v 54.191509 -30.000000 7.813973
v 21.288719 -6.121607 10.000000
v 44.242882 -9.444212 10.000000
v 10.064820 -25.366289 10.000000
v 35.715630 -27.912979 10.000000
v 34.288269 26.076130 10.000000
v -49.882721 28.470739 10.000000
v -8.112927 1.019460 0.000000
v 22.310080 5.727292 0.000000
v 16.938231 26.110430 0.000000
v 10.162660 25.761620 0.000000
v -34.118771 19.188070 0.000000
v -49.956921 -28.497471 0.000000
v 3.322749 27.239120 10.000000
v -22.420240 24.425409 10.000000
v -36.217018 24.586121 10.000000
v -9.611307 8.459310 0.000000
v 3.005048 -25.357969 0.000000
v -5.892642 -28.906919 0.000000
v -21.843599 -24.128851 0.000000
v 68.690430 30.000000 8.773170
v -15.074640 30.000000 8.589187
v -65.484703 30.000000 6.043463
v 2.443011 -30.000000 0.941271
v -1.757812 -30.000000 0.000000
v -68.461311 -30.000000 8.683604
v 66.256897 -30.000000 2.723508
v 58.906460 -30.000000 7.789812
v -90.903976 25.422400 1.379885
v -47.688419 -1.444891 10.000000
v 6.018510 -7.488373 10.000000
v 59.441780 -20.811180 10.000000
v 44.459499 -21.117661 10.000000
v 32.452190 -24.505699 10.000000
v 12.752600 -25.491329 10.000000
v 12.744530 -27.056999 10.000000
v -37.113369 -17.010429 10.000000
v -60.908890 -27.523411 10.000000
v -7.769795 8.060592 10.000000
v -62.852032 10.746630 10.000000
v -58.377079 10.625310 10.000000
v 63.974751 22.128870 10.000000
v 25.341801 30.000000 10.000000
v -62.484180 24.215240 10.000000
v -61.335159 28.119049 10.000000
v -51.049381 27.489220 10.000000
v 5.976494 7.501282 0.000000
v -35.082890 10.403280 0.000000
v -40.259041 12.574020 0.000000
v -8.297768 17.889500 0.000000
v 53.476349 19.789351 0.000000
v 12.919780 24.600229 0.000000
v 12.098930 25.589520 0.000000
v 12.724730 27.090200 0.000000
v -21.631201 19.724039 0.000000
v -45.299850 20.017830 0.000000
v -60.613911 27.501789 0.000000
v -53.236992 -0.516250 0.000000
v -7.791451 -8.066354 0.000000
v -23.271460 -7.681792 0.000000
v -62.846870 -10.711770 0.000000
v 42.601070 -22.469009 0.000000
v 42.314770 -21.058270 0.000000
v -61.084160 -27.470539 0.000000
v -51.062302 -27.490641 0.000000
v 20.653440 -26.204330 0.000000
v 23.510281 6.785216 10.000000
v 55.776241 18.668989 10.000000
v 47.150391 16.437630 10.000000
v 18.967939 19.898211 10.000000
v 18.355120 -19.569441 0.000000
v -4.202033 25.992350 10.000000
v 9.165278 22.139200 0.000000
v -3.936501 -26.265711 0.000000
v -11.304660 -5.214474 0.000000
v 51.753429 -27.769699 0.000000
v -3.539842 30.000000 6.746370
v 3.620003 -30.000000 6.301206
v 46.137119 17.846821 10.000000
v -34.261829 30.000000 2.621513
v 67.218338 30.000000 3.220417
v 34.103279 -30.000000 3.717489
v -67.506378 -30.000000 3.645092
v 52.629822 -28.362980 10.000000
v -58.258190 -20.302679 10.000000
v -43.974010 24.854280 10.000000
v -26.239811 26.433460 10.000000
v -38.661770 9.032967 0.000000
v 58.768761 -26.255289 0.000000
v -43.971699 -24.863779 0.000000
v -26.214880 -26.426029 0.000000
v 55.112728 -24.636101 10.000000
v -29.648041 28.749559 10.000000
v 30.936569 22.026440 0.000000
v -29.917240 -28.678490 0.000000
v -21.682140 -23.022610 10.000000
v 59.745090 -5.449955 10.000000
v 34.826641 27.459190 10.000000
v 9.918766 25.863831 10.000000
v 11.994340 27.212370 10.000000
v 59.659740 6.030846 0.000000
v 39.606049 -27.674160 0.000000
v 39.453770 -26.226561 0.000000
v 11.116130 19.303900 10.000000
v 5.020130 18.825480 10.000000
v -1.302275 24.476610 10.000000
v 11.841580 -18.365749 0.000000
v 4.593778 -18.762289 0.000000
v -0.010244 -23.613350 0.000000
v 58.300781 30.000000 0.000000
v -9.144463 -17.826460 10.000000
v 3.017331 -26.312559 10.000000
v 58.487831 27.651859 10.000000
v -4.322518 -19.647221 10.000000
v 52.910332 -18.833469 0.000000
v 85.319351 -10.859980 1.059790
v 45.623058 20.479040 10.000000
v 13.185730 27.766340 10.000000
v 17.192060 -28.795811 0.000000
v 19.023190 -28.619381 0.000000
v -38.346619 28.254999 10.000000
v 57.949638 5.895751 0.000000
v -38.216721 -28.564560 0.000000
v -59.793941 -16.229111 10.000000
v 1.695581 23.607559 10.000000
v -4.959925 25.099520 10.000000
v 0.903369 25.852180 10.000000
v -8.491422 26.384130 10.000000
v 2.510135 -23.043249 0.000000
v -4.272964 -24.694820 0.000000
v 58.165531 30.000000 5.416695
v 39.061810 30.000000 8.612509
v -57.909882 -30.000000 5.544158
v -60.027100 -30.000000 8.627805
v -39.999199 -30.000000 7.424657
v 38.271320 -8.118751 0.000000
v 42.617401 21.370070 10.000000
v 10.129230 20.373449 10.000000
v 62.481461 -30.000000 5.234857
v -31.069000 22.752081 10.000000
v -31.072910 -22.770840 0.000000
v 9.704857 30.000000 1.102251
v -17.567221 30.000000 4.721566
v 17.665600 -30.000000 4.300556
v 28.417971 30.000000 10.000000
v -34.261269 30.000000 3.897472
v 9.667969 -30.000000 0.000000
v -51.057461 -16.565910 10.000000
v 54.588131 21.056400 10.000000
v 12.343770 22.229839 10.000000
v -42.475361 24.985781 10.000000
v -26.168659 28.824240 10.000000
v 5.609290 -28.657530 0.000000
v -42.343109 -25.074619 0.000000
v -26.489630 -28.935900 0.000000
v 22.568350 25.073820 10.000000
v -47.338840 30.000000 6.026379
v -60.422050 -30.000000 4.306214
v 10.579100 -28.206520 0.000000
v -37.183800 30.000000 9.083125
v -45.267281 30.000000 8.753794
v -39.105042 -27.930380 10.000000
v -31.354080 26.393890 10.000000
v -32.734261 27.038719 10.000000
v -39.385689 27.657230 0.000000
v 8.843527 -26.563190 0.000000
v 7.955954 -25.660110 0.000000
v -31.551861 -26.258881 0.000000
v -32.165951 -27.473391 0.000000
v 2.056256 24.982750 10.000000
v 0.568447 27.120859 10.000000
v 3.058197 -26.903971 0.000000
v -9.237597 30.000000 5.894234
v -8.935547 -30.000000 0.000000
v -7.177734 -30.000000 0.000000
v -5.419922 -30.000000 0.000000
v -3.662109 -30.000000 0.000000
v 1.757812 -30.000000 0.000000
v 3.515625 -30.000000 0.000000
v 5.273438 -30.000000 0.000000
v 54.828209 -9.454527 10.000000
v 67.681412 -28.982660 10.000000
v 59.072060 6.805589 10.000000
v 60.543171 7.566242 10.000000
v 58.866371 -6.399167 0.000000
v 59.923141 -7.023224 0.000000
v 60.914310 -7.718542 0.000000
v 46.273151 -9.698517 0.000000
v -14.102150 -18.960991 0.000000
v -76.920174 14.868010 2.746792
v -98.109528 -19.112770 3.872819
v 61.698212 6.898221 1.267716
v 92.368767 15.347520 10.000000
v 96.738693 14.652920 10.000000
v -62.514889 8.296833 6.087929
v -63.561352 -9.687569 7.780191
v 102.650101 -11.604530 2.232041
v -77.864113 -29.848600 6.182369
v 18.361450 14.256520 0.000000
v 86.786209 -9.255767 8.679199
v 81.879013 -29.186710 7.211549
v 101.533897 13.969890 3.419458
v -103.823303 8.277619 7.642302
v -103.538696 9.205016 6.948584
v 60.023449 0.477125 2.862076
v 72.582031 -14.788710 1.182593
v -96.277390 -21.129869 1.068644
v -74.901176 -29.998320 9.071980
v -74.430542 -29.994690 10.000000
v 88.533737 8.980576 10.000000
v -91.946632 11.227770 10.000000
v 94.891006 -10.660320 0.000000
v -14.478830 -30.000000 1.719584
v 73.662567 -30.000000 1.074163
v 58.451488 -30.000000 4.083102
v -73.442337 29.999981 1.172651
v -98.083580 -3.238673 0.000000
v -66.284882 -12.189620 6.076175
v -82.831360 12.777510 0.905831
v -56.228432 1.365348 10.000000
v 91.662018 -5.896700 10.000000
v 90.133972 18.510160 0.000000
v 1.878832 30.000000 4.273349
v -3.699855 24.522800 10.000000
v -95.522476 -15.293620 10.000000
v -87.816788 7.770837 8.124907
v -55.917278 3.754549 10.000000
v -82.863770 19.188589 10.000000
v -73.404922 20.490841 0.000000
v -41.738441 -1.814888 0.000000
v 103.754402 -1.351718 0.000000
v -39.149940 -1.690439 0.000000
v 26.584890 -3.956663 10.000000
v 26.937969 4.082684 0.000000
v -68.150909 23.403681 0.000000
v -54.496910 -30.000000 8.717422
v 30.404209 -4.783220 10.000000
v -81.517502 -17.372169 10.000000
v 30.292721 4.961859 0.000000
v -54.341869 -7.937239 0.000000
v 23.565420 3.017311 10.000000
v 23.559299 -2.952113 0.000000
v -24.919270 7.966483 10.000000
v -31.749941 9.173888 10.000000
v -23.418550 12.159930 10.000000
v -15.800710 12.682670 10.000000
v -25.016020 -7.968990 0.000000
v -31.911659 -9.803443 0.000000
v -23.427389 -12.160180 0.000000
v -15.805280 -12.682430 0.000000
v -31.736771 -3.010854 10.000000
v -26.466101 4.467295 0.000000
v 31.480591 -19.950411 10.000000
v 31.044500 17.427851 10.000000
v 40.881920 -11.689550 0.000000
v -32.334530 30.000000 7.477577
v 74.560547 -30.000000 0.000000
v 8.985180 -30.000000 1.494936
v 19.882231 -30.000000 3.027987
v 8.853405 -12.981600 10.000000
v 66.157944 20.731020 10.000000
v -51.252548 12.329230 0.000000
v 56.459309 -12.366870 0.000000
v -11.492820 -16.049829 0.000000
v -55.968651 -7.256014 10.000000
v 45.965000 15.230920 10.000000
v -31.959410 -11.974360 10.000000
v 2.799664 18.229259 0.000000
v -36.985191 30.000000 3.749681
v 20.110661 -13.928220 10.000000
v 28.821390 6.228364 10.000000
v -36.983910 19.445250 0.000000
v 55.000278 13.094960 10.000000
v -61.519459 -6.550676 6.426782
v -28.390079 21.672680 10.000000
v 2.892883 28.632931 10.000000
v -28.397779 -21.671619 0.000000
v 26.895290 14.122270 0.000000
v -56.891350 20.339451 10.000000
v -56.886471 -20.357929 0.000000
v -33.105320 30.000000 4.772994
v 10.781060 -15.071000 10.000000
v 9.370466 -15.532460 10.000000
v -55.813370 -5.830197 10.000000
v -57.658100 -9.116353 10.000000
v -12.789570 9.012030 10.000000
v -31.070351 28.795361 10.000000
v -12.771440 -8.934072 0.000000
v -31.584160 -28.706570 0.000000
v -26.845341 14.598220 0.000000
v -39.489300 18.431089 10.000000
v -39.489429 -18.431089 0.000000
v 18.667290 -14.344480 10.000000
v -41.124481 -16.080950 10.000000
v -49.577351 4.671186 0.000000
v -50.378738 7.139793 0.000000
v 48.201931 8.967799 0.000000
v -34.200771 22.368380 10.000000
v -34.283958 -22.289700 0.000000
v -38.671532 30.000000 8.828273
v -58.176899 -30.000000 7.084420
v 38.123871 -30.000000 8.809866
v 36.587059 24.711420 10.000000
v 26.950781 25.618429 10.000000
v 47.703430 5.832048 0.000000
v 26.574690 -10.181020 0.000000
v -15.668750 -9.876347 10.000000
v -18.713400 -22.440001 10.000000
v 57.060371 18.165180 10.000000
v 69.437370 30.000000 7.753854
v -21.578520 30.000000 3.770283
v -52.508011 30.000000 5.050507
v -69.476196 -30.000000 7.348739
v 21.470591 -30.000000 3.432323
v 33.631378 -30.000000 5.153889
v -46.438339 -2.428039 10.000000
v -41.833988 -2.758895 10.000000
v -37.766830 -8.633448 10.000000
v 8.392476 -14.609210 10.000000
v 19.459030 -24.446470 10.000000
v 11.367630 -27.600281 10.000000
v 37.775871 2.241145 10.000000
v -56.874470 21.999359 10.000000
v 37.935669 -2.575101 0.000000
v 47.900768 -25.917480 0.000000
v 47.395790 -27.411800 0.000000
v -56.746422 -21.945181 0.000000
v -52.115711 -11.682310 0.000000
v -49.011490 5.998746 0.000000
v 52.669369 23.638990 0.000000
v 29.973650 -27.656370 10.000000
v 24.160080 27.411510 10.000000
v -2.504420 25.479910 10.000000
v 62.959030 20.963421 10.000000
v -3.052726 -28.929840 0.000000
v 24.199980 7.820312 10.000000
v 23.960979 -8.356529 0.000000
v 46.231049 30.000000 8.691618
v -31.213011 30.000000 8.631419
v -46.288139 -30.000000 8.628620
v 32.604610 -30.000000 3.747941
v -52.154678 7.414023 0.000000
v 30.820841 8.076044 10.000000
v -51.646111 15.884680 10.000000
v 4.465904 30.000000 3.641756
v -50.277599 -13.682420 10.000000
v 5.176508 -18.620970 10.000000
v -58.574009 20.849300 0.000000
v -62.053638 -9.937055 10.000000
v 38.683010 26.172890 10.000000
v 53.130459 -21.473631 0.000000
v -64.225143 30.000000 6.076567
v 65.348091 30.000000 8.654682
v -65.229424 -30.000000 8.375192
v -14.738400 19.342079 10.000000
v 33.401081 27.361090 10.000000
v -29.964050 8.140330 0.000000
v 7.203987 -20.796120 10.000000
v -19.912251 22.934700 0.000000
v -8.226999 -27.342440 0.000000
v -52.830521 30.000000 1.330119
v -49.257839 30.000000 4.245707
v -44.053051 -19.086670 10.000000
v 31.654409 23.471439 0.000000
v -22.928560 3.258372 10.000000
v -22.626329 -3.519346 0.000000
v -8.289289 -30.000000 1.040565
v 25.195311 -20.237579 10.000000
v 28.997999 -30.000000 8.702969
v 6.102232 27.902941 10.000000
v -15.937670 22.998369 0.000000
v 22.583429 4.289679 10.000000
v 22.617680 -4.184639 0.000000
v 57.065891 30.000000 8.965145
v -57.175709 -30.000000 8.485041
v -48.531891 7.347216 0.000000
v 28.583929 10.558520 0.000000
v -12.959500 -23.670959 10.000000
v -13.730160 24.276199 0.000000
v -37.510151 30.000000 7.886969
v -40.780560 -25.723680 10.000000
v -14.185160 16.452980 10.000000
v -40.454231 26.474430 0.000000
v -14.087860 -16.087580 0.000000
v 3.199364 30.000000 3.981622
v -51.723728 -21.952080 10.000000
v -5.711993 27.743740 10.000000
v -57.943378 30.000000 1.321172
v 6.187441 -23.112341 10.000000
v 4.105576 -27.438009 10.000000
v -14.313180 -27.743910 10.000000
v -63.594379 18.160410 0.000000
v -58.497181 -5.869200 0.000000
v -69.725616 15.503320 0.000000
v 51.671761 -6.983572 10.000000
v 51.776958 7.187814 0.000000
v 87.140984 27.419910 2.894080
v 44.350910 -27.724171 0.000000
v 96.273613 -8.099853 10.000000
v -76.476128 -14.915730 1.217323
v 88.518356 -21.530331 0.000000
v -91.706146 10.432210 0.000000
v -100.014397 13.411240 10.000000
v 101.404999 14.212330 1.850297
v -100.833603 15.226370 1.340932
v -95.774620 -21.629101 3.845645
v 97.326973 -0.167026 10.000000
v 89.771584 -2.536530 1.321159
v -104.966499 -1.170416 2.353656
v -24.004570 -30.000000 3.104693
v 96.861473 -14.177420 0.000000
v -93.508987 -12.170030 0.000000
v -71.932983 30.000000 1.220401
v -84.565063 28.423910 2.153871
v -14.244920 17.706940 0.000000
v 17.402901 -30.000000 1.409783
v -44.270489 10.293920 10.000000
v 81.910782 -16.274599 0.000000
v -74.845650 20.930170 0.000000
v -4.501473 0.402800 10.000000
v -87.119461 18.223370 10.000000
v 60.316662 3.016522 1.640239
v 66.255028 12.168730 1.046159
v 4.407808 30.000000 5.128267
v -8.886651 -2.595775 10.000000
v 11.616350 -12.838560 0.000000
v -19.900900 -30.000000 4.930418
v 13.334980 -6.931516 10.000000
v 13.100650 6.869672 0.000000
v -28.227980 -10.102500 10.000000
v 47.299992 19.288330 0.000000
v -24.543530 -22.927959 10.000000
v -37.410141 25.650721 10.000000
v 67.448769 24.250450 10.000000
v -14.371660 5.928169 0.000000
v -24.078751 22.927839 0.000000
v 49.332371 -17.745630 0.000000
v -37.667721 -25.795389 0.000000
v -73.903572 -28.647430 0.000000
v 67.917641 -30.000000 2.648338
v 34.243549 -0.885085 10.000000
v 34.233871 0.849444 0.000000
v 52.310329 22.060049 0.000000
v 47.277020 -19.207331 0.000000
v -43.301979 19.203569 10.000000
v -43.302059 -19.203569 0.000000
v -53.988770 16.762350 10.000000
v -53.856628 -17.053949 0.000000
v 53.650711 -8.167293 10.000000
v 14.597730 -23.703341 10.000000
v 4.045210 30.000000 1.306325
v 38.706612 -1.162596 10.000000
v 38.821838 1.183106 0.000000
v 30.290060 27.737009 10.000000
v 10.700360 -12.280700 10.000000
v -38.961060 1.216473 0.000000
v 53.870430 -3.791313 10.000000
v 53.756168 3.987301 0.000000
v 12.629280 -8.957846 0.000000
v 27.473049 -30.000000 8.569369
v -6.309511 8.390645 10.000000
v -39.799740 9.682999 0.000000
v -51.889900 -6.700713 0.000000
v -6.312117 -8.390096 0.000000
v -8.223121 -30.000000 3.338320
v -22.745399 9.106174 0.000000
v -60.691170 14.349000 0.000000
v -18.390051 -30.000000 1.148147
v 61.264431 22.752529 10.000000
v 17.479959 25.383739 10.000000
v 26.600651 8.291331 10.000000
v 33.502159 9.695048 10.000000
v -3.270031 28.138720 10.000000
v -52.711140 -30.000000 5.695941
v -35.291908 -30.000000 6.235877
v 12.416340 0.000696 10.000000
v 10.901250 -3.949627 10.000000
v 2.921340 -27.609831 10.000000
v -21.505739 -21.280661 10.000000
v 35.761471 9.810811 10.000000
v -39.447361 13.904770 10.000000
v 15.107760 21.320339 10.000000
v 20.271839 23.889050 10.000000
v 12.420150 0.004162 0.000000
v 10.899690 3.947196 0.000000
v -43.042980 4.343584 0.000000
v -40.838669 8.926525 0.000000
v -37.299671 11.822730 0.000000
v 10.878030 28.816179 0.000000
v 4.172629 28.174850 0.000000
v -23.370411 -6.417477 0.000000
v -39.446812 -13.905410 0.000000
v 85.635941 10.567800 8.450754
v 18.694490 9.684893 10.000000
v 18.577360 -9.823447 0.000000
v -48.572479 27.476650 10.000000
v -48.603748 -27.484619 0.000000
v 25.314739 -18.731251 10.000000
v -51.327492 -23.455700 10.000000
v -27.285021 -26.157370 10.000000
v -51.216610 23.648899 0.000000
v -27.192890 26.076401 0.000000
v -61.034512 -8.586877 10.000000
v -20.628860 -19.863911 10.000000
v -51.477131 19.451900 10.000000
v 16.461241 24.657101 0.000000
v -51.587490 -19.270870 0.000000
v 6.846420 -27.351009 10.000000
v 6.625896 27.763430 0.000000
v -5.142722 20.427851 10.000000
v 56.008301 21.755939 10.000000
v -5.030883 -20.252251 0.000000
v -41.113529 -30.000000 2.247941
v 36.903130 -28.684460 10.000000
v 60.314011 7.283531 0.000000
v -5.079981 -30.000000 5.206187
v 1.935271 -20.054689 0.000000
v -35.198040 30.000000 1.441608
v 36.268101 30.000000 5.674463
v -47.289860 -30.000000 4.069285
v 6.207321 -25.872669 10.000000
v 15.367500 25.743530 0.000000
v 5.982880 25.265270 0.000000
v 22.504089 -25.812790 0.000000
v -18.082239 -14.243460 10.000000
v -74.943939 -20.331369 10.000000
v 84.573898 11.522580 8.563333
v 91.885063 -24.786360 3.621977
v -102.189201 12.646330 2.133304
v 86.103607 -11.672540 0.000000
v -76.576134 26.692570 0.000000
v -98.354317 0.705483 0.000000
v -79.215424 29.691919 1.821054
v -33.140888 -12.849790 10.000000
v 69.125153 -26.244680 0.000000
v -102.195999 12.634690 0.930283
v -104.895599 -2.379814 2.609648
v 103.156898 -4.500411 10.000000
v -94.551620 -1.330994 10.000000
v -86.037048 11.641080 10.000000
v -3.614943 -13.176270 10.000000
v 76.703033 -24.895470 10.000000
v -73.219810 -27.160080 0.000000
v 11.402680 -30.000000 3.532428
v 72.873459 25.031151 0.000000
v 96.600159 8.137640 0.000000
v -88.490288 -6.517900 3.862422
v 36.904099 12.866250 0.000000
v -96.419373 -20.985600 2.401811
v -13.741860 -14.497340 10.000000
v -6.794546 20.650841 10.000000
v -20.196640 17.288771 0.000000
v -7.115706 -20.757099 0.000000
v 32.860470 -30.000000 1.180653
v 24.651150 -17.178480 0.000000
v 2.670493 30.000000 5.292549
v -34.855099 -18.920670 10.000000
v -46.400341 0.302209 0.000000
v 40.382278 -30.000000 1.404170
v -54.724289 -6.620869 10.000000
v 50.037159 28.787600 0.000000
v 50.918530 -3.297590 0.000000
v 18.256861 -18.800289 10.000000
v 9.811273 30.000000 2.343782
v -8.396080 15.483080 0.000000
v 58.372700 3.418069 10.000000
v 58.872799 -2.932452 0.000000
v 48.188969 -28.723370 0.000000
v -29.877451 -9.751808 10.000000
v -41.314960 30.000000 5.306690
v -46.311508 13.839820 10.000000
v -46.342579 -13.793730 0.000000
v -37.022110 0.632444 10.000000
v 33.533920 10.700020 0.000000
v -25.903320 30.000000 7.311096
v 45.380569 -14.776120 0.000000
v 16.428600 30.000000 2.345040
v 11.668470 30.000000 4.061138
v 65.603821 -30.000000 4.462146
v 52.131969 27.998360 10.000000
v -54.035740 27.732309 0.000000
v -12.836670 -21.289660 0.000000
v -27.208759 23.288191 10.000000
v -27.328110 -23.220501 0.000000
v 43.644779 -6.463747 10.000000
v 43.736889 6.582805 0.000000
v 32.150688 10.275500 0.000000
v 64.053291 -15.026450 0.000000
v -41.537399 -30.000000 3.526715
v -48.950211 -6.524064 10.000000
v -54.725029 -10.919360 10.000000
v 46.588348 -15.297940 10.000000
v 47.493370 -23.417681 10.000000
v -43.484089 -14.068130 10.000000
v 43.434811 1.375548 10.000000
v -15.649900 4.041399 10.000000
v -28.773560 20.119160 10.000000
v 44.216270 25.129271 10.000000
v 43.957550 -1.081952 0.000000
v -28.775021 -20.119431 0.000000
v 31.656891 -24.526291 0.000000
v -19.231951 20.271429 10.000000
v -19.198290 -19.618601 0.000000
v -2.938138 -23.671070 0.000000
v -1.829108 13.384100 10.000000
v 48.542252 -30.000000 2.614538
v -20.553200 -30.000000 7.306047
v -54.045681 -26.248699 10.000000
v 26.144070 27.249580 0.000000
v -53.984379 26.302240 0.000000
v -61.310600 -13.338340 0.000000
v 9.782732 21.742451 10.000000
v 9.357177 30.000000 7.452849
v 25.016399 -24.067020 10.000000
v 44.693371 -10.034400 0.000000
v -11.332870 -20.599510 0.000000
v -22.680361 16.481930 0.000000
v 44.129929 30.000000 5.273180
v -44.857521 -30.000000 4.297684
v 12.517200 25.451290 10.000000
v -19.055441 19.754770 0.000000
v -64.248459 28.588680 10.000000
v -16.527229 -24.093349 0.000000
v 31.946960 27.414890 10.000000
v 46.136761 5.419934 10.000000
v 59.665409 29.058559 0.000000
v 59.609989 30.000000 0.000000
v -56.037849 7.279938 0.000000
v 3.768942 26.751810 0.000000
v 59.939171 30.000000 7.694151
v -59.422321 -30.000000 7.463654
v -16.995180 -28.643530 0.000000
v 93.141373 -5.903320 10.000000
v 97.785927 -19.499790 3.201840
v 63.541401 -9.649559 1.335147
v -81.670280 -29.238661 5.283678
v -74.932457 28.407970 10.000000
v -82.071877 14.570660 10.000000
v 12.033330 -30.000000 8.517121
v -104.730499 3.925269 1.256188
v 92.466507 -12.923300 10.000000
v -72.244278 14.730760 7.910084
v 65.183609 -11.320200 8.092837
v 62.164780 -7.741142 2.241101
v 88.471481 25.199190 0.000000
v -69.188507 -19.996309 10.000000
v 93.673523 -14.850350 0.000000
v -3.893167 -0.890780 10.000000
v -85.723763 18.598881 10.000000
v 49.232750 21.355749 0.000000
v 12.333840 -1.633708 10.000000
v 12.334930 1.633160 0.000000
v -38.511860 1.300317 10.000000
v 69.566498 13.968010 6.861524
v 78.733231 14.521060 8.473127
v 45.770222 30.000000 5.009787
v -46.142021 -30.000000 3.871028
v -66.757393 -30.000000 8.588943
v 11.776850 -6.731561 10.000000
v 11.588210 6.750423 0.000000
v 47.459469 -19.378750 10.000000
v 9.861065 -17.700081 10.000000
v 68.668114 25.478260 10.000000
v -21.018650 -30.000000 2.212638
v 14.237420 12.515500 0.000000
v 50.712440 0.661697 10.000000
v 50.720421 -1.785666 0.000000
v -64.177727 13.941550 0.000000
v -1.844475 20.169069 0.000000
v 13.544840 -30.000000 8.307222
v 49.560959 26.289961 10.000000
v 31.007860 -16.978781 10.000000
v 25.058319 16.898970 10.000000
v -1.340874 -24.405399 0.000000
v 50.365269 30.000000 6.254727
v -43.622799 -25.457510 10.000000
v -43.547562 25.126900 0.000000
v -59.906670 -13.104780 10.000000
v 24.802549 19.435101 10.000000
v -64.063057 -30.000000 8.815077
v -41.360180 20.865219 10.000000
v -41.362400 -20.864149 0.000000
v 24.522110 -18.772699 0.000000
v 48.879902 -30.000000 1.222858
v -54.019180 -27.670191 10.000000
v 52.203999 1.129649 10.000000
v 48.793831 6.306493 10.000000
v 60.575390 17.801729 10.000000
v 52.458420 -14.597600 0.000000
v 68.638657 30.000000 2.459710
v 68.030708 30.000000 5.576156
v -67.607483 -30.000000 5.324669
v -62.463848 17.790529 10.000000
v -47.723728 10.467160 0.000000
v -62.465450 -17.791599 0.000000
v -85.137589 22.816601 10.000000
v 84.748077 11.379960 7.343663
v 27.822430 -23.107450 10.000000
v -28.877741 27.480320 10.000000
v -28.866560 -27.274500 0.000000
v -32.413300 20.163660 10.000000
v -32.414600 -20.163710 0.000000
v 26.385330 -23.635370 10.000000
v -53.348949 -18.520161 0.000000
v 51.382629 -30.000000 1.424936
v -11.051400 20.633961 10.000000
v -58.741920 24.728901 10.000000
v -58.668732 -26.117929 0.000000
v -44.834309 15.778620 0.000000
v 24.287849 -22.780729 10.000000
v 57.241779 15.805950 0.000000
v 37.283360 8.822035 0.000000
v 54.460430 19.505819 10.000000
v 64.232597 -24.867500 10.000000
v 19.558849 18.574570 10.000000
v 22.038080 -0.218589 0.000000
v 12.337310 -24.185801 0.000000
v -89.576477 26.203279 1.288113
v 78.855408 -15.407010 10.000000
v 58.127880 -18.676270 10.000000
v 3.600940 0.961877 10.000000
v 3.640034 -0.928384 0.000000
v -61.439560 -30.000000 8.338624
v -40.317310 26.567440 10.000000
v -40.284809 6.423916 0.000000
v 83.799454 12.122220 1.394379
v 68.821747 -17.440430 10.000000
v -60.507500 3.837392 5.490452
v 101.633797 -3.109025 0.000000
v 85.695839 11.721840 10.000000
v 97.314301 15.577490 0.000000
v 84.168114 26.925600 0.000000
v -85.755188 -16.678539 0.000000
v 25.018909 30.000000 8.160424
v 63.568310 -9.689974 3.891100
v -94.077423 -7.280400 0.000000
v 38.552029 16.159519 10.000000
v -103.601799 9.022589 5.396650
v 47.422932 12.186860 10.000000
v -16.233471 13.982860 10.000000
v -85.041451 16.963209 10.000000
v 53.369511 -1.210581 0.000000
v -16.234131 -13.979540 0.000000
v -90.069122 24.337860 0.000000
v -104.706802 4.081203 2.666909
v 31.971741 -18.294350 10.000000
v -30.717350 13.997000 10.000000
v -30.717720 -13.997060 0.000000
v 25.842600 17.995750 10.000000
v -57.004028 18.747480 0.000000
v -31.182989 -4.609551 10.000000
v -17.060261 -10.405600 10.000000
v 70.127533 -23.909161 0.000000
v 19.282290 -2.352897 10.000000
v 47.555279 21.845530 0.000000
v -96.502663 20.901791 2.511598
v -22.087339 -6.075893 10.000000
v 67.003197 28.556601 10.000000
v 32.690910 30.000000 6.840974
v 10.939330 2.871273 10.000000
v 11.096740 -2.832851 0.000000
v -9.709802 -29.140680 0.000000
v 46.037701 -30.000000 4.694925
v -28.975639 12.638440 0.000000
v 8.929306 16.725540 0.000000
v 9.175433 1.469823 10.000000
v 49.150318 23.956930 10.000000
v 9.181380 -1.470884 0.000000
v -52.749161 14.718100 0.000000
v 45.250759 30.000000 1.239348
v 48.318111 -30.000000 4.085048
v -27.268520 27.646450 10.000000
v -15.441320 -19.765471 0.000000
v 53.842701 -15.632470 0.000000
v 17.565331 -18.218559 0.000000
v 7.632806 -18.965969 0.000000
v 52.063469 -30.000000 2.656365
v 43.043350 -10.311200 10.000000
v -26.513050 -1.580013 10.000000
v -20.005260 30.000000 3.345605
v -50.966209 -9.377005 10.000000
v -0.638981 14.160030 10.000000
v 52.291180 6.641445 10.000000
v 23.118549 21.092171 0.000000
v 55.125778 1.645196 10.000000
v -58.960079 6.283209 0.000000
v -46.475300 11.369250 0.000000
v -8.020240 20.631741 0.000000
v 55.056099 -1.564964 0.000000
v -54.977310 -8.090103 10.000000
v 22.349960 -8.525468 0.000000
v 11.443200 -24.722509 10.000000
v -63.219978 -17.013020 10.000000
v 53.147011 -27.660431 0.000000
v 19.836969 -6.063173 10.000000
v 49.849781 19.856590 0.000000
v 65.835854 -11.853690 8.918277
v 20.546650 18.392120 0.000000
v 57.412411 16.881300 10.000000
v 48.371250 20.258810 0.000000
v -101.701797 13.652790 2.884922
v -104.210503 -6.789928 3.668725
v -61.931099 -7.336905 2.578805
v 75.180473 16.527510 10.000000
v 75.388634 18.719191 0.000000
v 74.415756 14.974410 3.420511
v -12.016230 30.000000 8.533323
v 81.682678 -29.238430 8.743222
v -103.775497 -8.442214 3.516224
v 10.488510 14.641140 0.000000
v -60.805099 4.789252 4.746402
v 89.941193 -1.150420 5.130070
v -79.050392 29.714411 6.269646
v 83.508507 -19.365280 10.000000
v 67.346497 -16.960760 10.000000
v 1.865575 -8.139112 10.000000
v 5.264677 -11.634570 10.000000
v 2.157766 8.459061 0.000000
v 5.006601 11.366360 0.000000
v 67.664490 -26.803329 0.000000
v -4.875547 -5.842135 10.000000
v 68.497490 16.024910 0.000000
v 89.520203 -3.715271 6.083545
v 32.004902 18.592461 10.000000
v -97.798218 8.720992 0.000000
v 9.856111 4.150872 10.000000
v 10.090890 -4.291838 0.000000
v 20.156170 -11.908020 0.000000
v -71.865471 -30.000000 1.448233
v -38.873959 -7.649076 10.000000
v -31.599791 15.863050 10.000000
v -31.600250 -15.863140 0.000000
v -13.564370 30.000000 8.517264
v 56.160030 14.130070 10.000000
v -25.733280 -21.863951 10.000000
v 65.194878 12.746140 0.000000
v 46.620029 -26.490820 0.000000
v -41.809799 30.000000 3.775010
v 9.571043 -0.063576 10.000000
v 9.572756 0.063445 0.000000
v 20.785580 6.219666 10.000000
v -59.060051 30.000000 8.565531
v 29.016020 -24.846889 0.000000
v -68.933113 -28.597481 0.000000
v 88.807426 5.817513 8.915897
v 53.094742 8.160652 10.000000
v 53.378231 -7.707960 0.000000
v -27.923960 24.559200 10.000000
v -27.901779 -24.535561 0.000000
v -20.979031 24.335180 10.000000
v 13.486260 19.788839 10.000000
v 29.610640 -30.000000 4.151706
v -53.441132 -30.000000 7.435996
v -27.784290 -27.496620 10.000000
v -27.713779 27.489540 0.000000
v -63.425331 -25.088980 0.000000
v 41.144772 30.000000 1.661238
v -5.558178 28.988350 10.000000
v 67.295418 28.966881 0.000000
v 43.008339 30.000000 4.213539
v 35.447830 -27.089760 0.000000
v -17.318270 23.343229 0.000000
v 33.635490 -17.807961 10.000000
v -64.568161 -10.750740 4.447997
v -60.201141 2.362232 7.614913
v 94.812500 -22.511000 1.063450
v 90.140831 -13.029890 0.000000
v 75.089851 17.542681 0.000000
v -61.277168 6.024847 4.729752
v -82.812401 28.952400 4.765755
v 101.683800 -10.528520 0.000000
v 74.084793 28.743441 0.000000
v 36.263008 -4.514773 10.000000
v 91.534492 -12.820720 0.000000
v 68.569801 13.525680 8.819254
v -6.311277 7.797846 0.000000
v -41.790100 11.165670 10.000000
v -41.576778 -11.175310 0.000000
v 26.240959 -12.982060 0.000000
v -66.735458 -28.861561 10.000000
v -67.137032 28.757090 0.000000
v -16.994150 12.710790 10.000000
v -16.995609 -12.711500 0.000000
v 16.957899 2.072625 10.000000
v 17.119350 -2.110112 0.000000
v 20.755039 30.000000 4.513113
v -2.256049 30.000000 5.928604
v 46.220379 9.500793 10.000000
v 31.099871 -10.526050 0.000000
v 38.654671 23.048429 0.000000
v 53.240669 15.551590 0.000000
v 27.679859 7.205457 10.000000
v 63.364071 23.477711 10.000000
v -48.033279 2.046871 0.000000
v -53.622910 16.243361 0.000000
v -11.772500 26.312820 10.000000
v 0.506778 30.000000 3.962332
v 1.497986 30.000000 8.850069
v -0.847982 -30.000000 8.072567
v -58.437931 -24.418560 0.000000
v -55.700371 25.007010 10.000000
v 16.048771 -18.203011 0.000000
v 37.211281 -30.000000 3.920552
v 52.863110 -7.223211 10.000000
v 91.177948 -25.248751 5.073687
v -75.247070 -29.990360 4.676262
v -43.956059 30.000000 8.769382
v 88.966881 -5.427519 8.600174
v 89.466766 -23.515720 0.000000
v -64.397751 -10.581150 6.039268
v -0.493929 11.067700 10.000000
v -92.531036 18.711040 0.000000
v 89.906837 1.515253 7.799118
v 78.004128 29.833229 6.904945
v 44.441460 11.859270 10.000000
v -81.359749 -19.200920 0.000000
v 91.805298 21.206530 10.000000
v 37.347519 14.145180 0.000000
v 85.353752 23.496731 10.000000
v 101.097603 -11.899840 0.000000
v 53.137150 0.067251 10.000000
v 10.132270 -6.485012 10.000000
v -32.596218 3.348661 10.000000
v 10.099970 6.506794 0.000000
v -32.647530 -3.331141 0.000000
v 21.256109 14.501750 0.000000
v 0.240716 18.248430 0.000000
v 21.260900 -20.378651 10.000000
v 32.619961 22.271900 0.000000
v 65.601883 -30.000000 7.259625
v -24.164360 14.865030 10.000000
v -24.166960 -14.865530 0.000000
v 0.132440 -30.000000 8.858636
v -50.532902 30.000000 2.148270
v -27.905479 -30.000000 8.662642
v 63.644611 13.115480 0.000000
v -12.386400 10.868970 0.000000
v -55.090549 13.555570 0.000000
v -61.873760 9.402286 10.000000
v -61.801300 -9.318719 0.000000
v 36.622070 -25.997749 0.000000
v 10.139780 17.825850 10.000000
v 34.405510 -8.674792 0.000000
v -47.147160 3.170636 0.000000
v -63.502491 28.496000 0.000000
v -12.980890 25.545099 10.000000
v 52.650009 30.000000 6.724207
v -68.657722 -13.578230 8.686027
v 103.864899 8.139020 7.604466
v 45.306702 10.853930 0.000000
v 103.228600 -10.132810 7.181022
v 71.078613 20.344740 0.000000
v 68.734062 -26.374269 10.000000
v -89.306793 4.431300 5.732936
v 47.437759 -16.599630 10.000000
v -29.328190 5.441784 0.000000
v -21.289431 -10.499990 10.000000
v 36.167320 -6.424444 0.000000
v -78.345131 -14.601440 7.675323
v -19.675690 -23.746799 0.000000
v 43.650040 -25.410740 0.000000
v 54.350861 -18.549440 0.000000
v 29.054420 -20.748400 10.000000
v -44.089901 18.918890 0.000000
v 69.771179 -27.506470 10.000000
v -64.013672 -30.000000 10.000000
v 51.209251 -16.139231 0.000000
v 9.414774 23.199631 10.000000
v 51.024872 -28.887630 0.000000
v 103.466698 -4.767062 0.000000
v 104.420998 5.821160 8.815788
v -60.704060 -4.473186 3.628435
v 82.188492 -13.142560 3.460383
v -52.735760 -3.126575 10.000000
v 37.105770 16.585381 0.000000
v -56.156658 -10.130660 10.000000
v 26.139210 28.842609 10.000000
v -27.262489 7.505314 0.000000
v 59.315769 20.960180 0.000000
v -10.563520 27.067600 0.000000
v -77.392464 -14.794920 8.801218
v -21.711399 -22.660549 0.000000
v -54.736698 9.412895 10.000000
v 27.392771 18.724730 0.000000
v 37.914959 -30.000000 2.606775
v -60.974121 -30.000000 10.000000
v 8.061941 23.632700 10.000000
v 29.265280 7.646915 10.000000
v 27.646811 28.794920 10.000000
v 0.071824 -30.000000 2.399272
v -6.076181 9.252765 0.000000
v 58.760910 -9.733725 0.000000
v -18.987341 -18.278650 0.000000
v -4.364558 9.340137 0.000000
v -30.432440 -30.000000 8.608658
v 63.486870 -9.586772 9.009174
v 37.662540 22.109320 0.000000
v 94.409737 6.139465 0.000000
v -60.071690 1.285310 3.703060
v 94.353523 17.961420 10.000000
v 71.736107 14.622600 1.223358
v -93.393227 -1.666878 10.000000
v 3.784252 -11.813350 10.000000
v 94.631973 -11.439080 10.000000
v 2.966429 3.307960 0.000000
v -21.627520 -30.000000 1.096798
v 69.225967 17.451220 0.000000
v 97.320679 20.030970 2.759020
v 95.121758 22.239290 2.736305
v 92.637306 24.256920 2.752720
v -93.903061 -23.284149 2.782162
v -91.315567 -25.164970 2.764486
v -24.769039 -12.006460 10.000000
v 8.012836 30.000000 1.590663
v -25.376419 13.783660 10.000000
v -25.378380 -13.783820 0.000000
v 34.125252 -17.781580 0.000000
v -55.928761 -11.577120 10.000000
v -94.646828 14.613190 0.000000
v -52.315552 -4.680233 10.000000
v 26.439070 17.653931 0.000000
v -46.645409 9.359796 10.000000
v 53.142509 15.489190 10.000000
v -53.261421 10.299880 10.000000
v -32.363480 8.552832 0.000000
v -58.275848 13.629420 0.000000
v -57.004749 -12.069020 10.000000
v -66.885170 -25.246759 10.000000
v -45.310230 -16.166920 10.000000
v -57.024189 -4.027296 10.000000
v -53.991871 23.322861 0.000000
v -45.030449 -13.822680 10.000000
v 66.417000 -30.000000 5.850611
v 19.801260 -30.000000 8.734545
v -99.203148 17.706770 7.430505
v 89.421707 -4.069687 1.567919
v 76.335701 29.961981 8.167022
v 102.750000 -11.372460 6.220307
v 76.829720 29.934731 7.195671
v 60.761631 4.674216 8.266735
v -103.894699 8.021540 1.108140
v 94.689133 -5.916305 10.000000
v 90.677032 -14.994470 10.000000
v -93.929428 -15.293730 0.000000
v 100.755798 -2.722637 10.000000
v 33.270569 -16.756399 0.000000
v -102.470802 12.026610 0.000000
v 38.077599 0.489631 10.000000
v 38.070572 -0.075348 0.000000
v -47.147350 -8.184187 0.000000
v -27.485149 5.824674 0.000000
v -11.555210 -27.349440 10.000000
v -26.104620 2.052734 0.000000
v 13.675910 13.017580 10.000000
v -1.943078 -28.342649 0.000000
v -63.769020 -30.000000 4.352751
v 4.393580 22.137369 10.000000
v -2.720501 23.674080 10.000000
v -62.514858 20.823750 0.000000
v -38.869289 12.203180 0.000000
v -22.616819 28.833651 10.000000
v -51.978130 30.000000 3.964191
v 36.327530 6.211518 10.000000
v 46.756371 -8.442369 0.000000
v -27.726250 -25.902361 0.000000
v -59.174129 14.635040 0.000000
v 31.977770 -8.063385 0.000000
v -2.123268 15.092420 10.000000
v -26.303770 10.876090 10.000000
v -26.313499 -10.875960 0.000000
v -13.731720 30.000000 2.849084
v -19.640320 30.000000 8.757537
v -81.231697 29.328529 8.777592
v -74.832703 25.079411 0.000000
v -76.475632 29.951450 8.235258
v -104.859100 -2.776930 5.179163
v 93.019547 14.144980 10.000000
v 85.502960 -10.680350 3.522933
v -76.406342 -29.957300 8.453964
v 74.071991 27.718910 10.000000
v -60.247261 2.600082 4.482358
v 99.443489 17.376230 1.739931
v -104.961800 1.304673 0.890517
v -99.289742 11.982520 10.000000
v 2.803240 -12.146160 0.000000
v -76.154694 19.860201 0.000000
v -65.287491 11.425370 4.327268
v 89.787819 -2.416888 8.882978
v 74.419548 -14.969100 8.536518
v 104.933296 -1.836121 6.135473
v 72.555054 30.000000 3.453115
v -87.921539 27.063360 7.649745
v 91.601196 15.492080 0.000000
v 83.862778 20.974970 0.000000
v -61.302761 6.069593 8.800349
v -60.379799 -3.297478 2.408222
v -63.786518 -9.934615 0.879281
v -65.014954 -11.175530 8.641517
v -89.722366 -2.809105 1.230863
v -89.886230 -1.743822 2.349056
v 79.039291 -29.714720 7.964541
v 102.697998 -11.445460 0.000000
v 103.717201 -8.664015 4.952336
v 104.175499 6.939577 1.818267
v 84.285873 28.510851 2.760582
v 89.844940 16.622869 10.000000
v 92.812683 -10.000630 10.000000
v 78.876266 -18.053049 10.000000
v -88.916328 12.498690 10.000000
v -0.383487 9.080893 0.000000
v 91.853554 -22.965700 0.000000
v 89.642159 -9.947071 0.000000
v 79.090668 17.997669 0.000000
v -103.671700 3.245653 0.000000
v -89.184799 -11.186240 0.000000
v -77.044548 -19.391359 0.000000
v -78.612022 28.795429 0.000000
v -77.385963 29.033220 0.000000
v -75.922867 28.879259 0.000000
v 74.828552 -29.001190 0.000000
v -89.978523 0.567216 0.000052
v -90.124168 13.416850 10.000000
v -88.479683 -6.544523 5.262209
v 102.120201 4.583772 10.000000
v 76.009598 17.532320 10.000000
v 91.226044 9.207423 10.000000
v 90.019073 -22.594931 10.000000
v 88.991417 -24.912910 10.000000
v -92.814323 -9.070403 10.000000
v -93.740799 8.351097 10.000000
v -70.697662 15.629580 10.000000
v 73.632362 -17.460621 0.000000
v -93.483757 -20.547400 0.000000
v -74.107719 -21.838551 0.000000
v -89.984917 0.253085 8.537704
v -0.803555 -5.105254 10.000000
v 73.193520 -28.449530 10.000000
v -98.144829 -14.617240 10.000000
v -80.190536 -25.010389 10.000000
v -75.963676 -14.956690 6.732908
v -74.267067 29.999720 2.475925
v 88.929092 7.831284 10.000000
v 64.715759 -17.393980 10.000000
v -89.765182 -13.208390 10.000000
v -4.019011 -11.976830 0.000000
v -82.492706 -12.974340 2.077365
v -89.679169 -3.009370 6.343999
v 86.273483 -27.786110 7.654835
v 98.517403 -18.609209 3.940294
v 98.822762 -18.217091 5.174174
v 104.817200 -3.204662 8.884712
v 100.354301 15.981720 10.000000
v -84.891479 28.312510 6.410076
v -104.446404 -5.667060 2.595654
v -104.532997 -5.208950 3.976033
v -5.189815 -12.818230 10.000000
v 81.862297 26.725269 10.000000
v -95.868057 -19.051781 10.000000
v 8.902493 12.763370 0.000000
v -0.253152 -11.076330 0.000000
v 72.080803 -26.041180 0.000000
v 91.678589 -21.102600 0.000000
v 72.769524 26.355930 0.000000
v -95.099564 11.860110 0.000000
v -90.004410 15.861140 0.000000
v -81.786049 -20.642611 0.000000
v -79.690826 29.620411 3.576985
v -96.919037 20.463539 1.201057
v -104.265900 6.537281 1.346767
v -36.048092 -6.053684 10.000000
v -70.350647 -15.332710 10.000000
v -30.827921 12.473740 10.000000
v 67.800056 17.135250 10.000000
v 93.907883 -4.588092 10.000000
v -95.186234 -8.087996 10.000000
v -95.113907 -20.435579 10.000000
v -79.234337 28.060970 10.000000
v -90.712219 -24.469179 10.000000
v -79.339119 -26.294260 10.000000
v -81.648613 -25.425140 10.000000
v 6.221858 11.753370 0.000000
v -33.209591 14.666900 0.000000
v 43.131241 27.307480 0.000000
v -71.374863 19.104170 0.000000
v -30.825109 -12.473640 0.000000
v 74.143867 -16.225201 0.000000
v 83.028580 -20.194880 0.000000
v 85.350098 -15.430740 0.000000
v 93.911827 7.947489 0.000000
v 77.939667 17.494789 0.000000
v -95.538620 -3.599271 0.000000
v -99.730179 -14.345330 0.000000
v -98.830559 -15.647890 0.000000
v -88.338173 -23.868139 0.000000
v -70.884697 -20.766090 0.000000
v -60.247959 2.595982 2.706709
v 29.448549 -16.150660 10.000000
v 87.227524 8.657019 4.627569
v -82.411171 -29.059231 1.313384
v 39.088390 -5.080647 10.000000
v -64.544456 19.440081 0.000000
v 9.551539 2.750174 10.000000
v -14.347530 8.817073 0.000000
v 9.596126 -2.759285 0.000000
v -104.959396 1.294369 2.046951
v -104.930397 -1.811497 1.246126
v -14.499200 10.384030 10.000000
v -64.990669 12.759150 0.000000
v 48.819759 22.929750 0.000000
v 69.517799 27.836361 0.000000
v -14.492130 -10.368250 0.000000
v 38.188148 -19.060221 0.000000
v -69.057678 30.000000 6.489009
v 25.377239 -14.020230 10.000000
v 19.031300 -1.061400 10.000000
v -29.865841 3.037453 10.000000
v -7.182987 15.287020 10.000000
v -33.213291 14.129890 10.000000
v 18.475149 0.354561 0.000000
v -29.831619 -3.204801 0.000000
v -33.213421 -14.129920 0.000000
v 29.327440 -17.747110 0.000000
v 45.664310 -16.428570 0.000000
v -20.833639 0.421567 10.000000
v -19.340561 -8.838684 10.000000
v -30.925961 -10.912620 10.000000
v 26.913530 12.456760 0.000000
v 41.251171 17.075100 0.000000
v 32.699390 -22.237169 0.000000
v 12.929180 -15.748770 10.000000
v -72.625023 -27.743509 10.000000
v 17.869671 10.945730 10.000000
v -28.749929 2.804336 0.000000
v 59.981030 -20.431709 0.000000
v 73.900398 -30.000000 3.587365
v -17.020460 -30.000000 5.617358
v 32.530392 0.989031 10.000000
v -33.412861 -2.514731 10.000000
v -35.007061 -3.217721 10.000000
v 40.559601 -13.482340 10.000000
v -62.502701 -24.152710 10.000000
v 86.129753 -16.955931 10.000000
v 32.258690 -1.021079 0.000000
v 39.667400 12.553450 0.000000
v -57.276348 -8.351027 0.000000
v 47.265999 -12.226720 0.000000
v -16.590481 -19.227461 0.000000
v 61.079319 -21.285231 0.000000
v 64.138603 18.933411 0.000000
v -19.201811 14.390660 0.000000
v 81.566544 13.472620 7.504926
v -27.230000 30.000000 8.178183
v -66.525162 30.000000 2.413192
v -1.312930 1.997660 0.000000
v 50.636181 14.596080 10.000000
v 47.010101 -3.661823 10.000000
v 47.561440 3.668231 0.000000
v -50.317699 -6.408338 0.000000
v -11.240300 -15.633100 10.000000
v 93.292770 -17.489120 10.000000
v 54.804562 24.242140 10.000000
v 36.388371 4.600636 0.000000
v -29.617430 26.162630 10.000000
v -29.368950 -26.111811 0.000000
v 50.336361 21.780930 10.000000
v -57.384232 -4.333356 0.000000
v -16.203960 -12.652050 10.000000
v -33.143089 13.019530 0.000000
v 66.043320 30.000000 2.499155
v -61.523441 30.000000 0.000000
v 24.734310 -30.000000 1.010176
v 50.408569 -0.685146 10.000000
v 52.084499 -18.815310 10.000000
v -43.740990 -20.500750 10.000000
v -45.781921 1.714307 10.000000
v -32.000099 17.100060 10.000000
v -32.000591 -17.100149 0.000000
v -26.782181 -11.830900 10.000000
v -29.377951 -11.270890 10.000000
v 9.825352 15.615160 0.000000
v -24.802151 30.000000 4.582328
v 24.974100 -30.000000 4.670567
v 37.479488 -13.601130 10.000000
v -13.806090 6.313506 10.000000
v 24.378309 21.889589 0.000000
v 67.997009 27.765310 0.000000
v -12.356280 -3.781201 0.000000
v 62.021240 -12.954070 0.000000
v -1.202839 30.000000 8.469992
v -9.486832 -30.000000 2.054704
v -36.948181 19.451990 10.000000
v -36.948120 -19.452431 0.000000
v 11.295480 9.805643 10.000000
v -9.902631 2.922116 0.000000
v 9.808482 -9.712852 0.000000
v 11.324890 -10.306410 0.000000
v -6.468711 30.000000 4.298820
v -65.450623 30.000000 1.421447
v 15.131500 -0.126671 10.000000
v -12.218720 6.612813 10.000000
v -60.491871 12.219590 10.000000
v 15.162630 0.190095 0.000000
v 26.036140 6.705479 0.000000
v 23.639561 -27.219130 10.000000
v -21.796690 2.875807 0.000000
v 33.021751 4.565939 0.000000
v 47.001499 -30.000000 5.901719
v -23.218611 3.927703 0.000000
v 23.817101 -3.462925 10.000000
v 7.355298 -9.972928 10.000000
v 55.760300 -17.168320 10.000000
v -26.989241 9.693117 10.000000
v 43.879082 8.160257 0.000000
v -34.631630 15.295950 0.000000
v -27.015091 -9.712310 0.000000
v 14.824600 30.000000 2.653406
v 15.205290 -17.763149 10.000000
v 30.290680 19.759340 0.000000
v 61.212070 -18.341841 0.000000
v 61.187031 -21.122101 10.000000
v -63.847240 25.069090 10.000000
v 21.036020 30.000000 1.092842
v -2.307446 30.000000 4.168698
v -37.007080 30.000000 5.367938
v 0.984715 -30.000000 6.133434
v -11.727790 -3.845641 10.000000
v -9.025776 -26.178301 10.000000
v 11.935010 5.992267 10.000000
v 58.583599 14.318190 10.000000
v -20.656010 0.204754 0.000000
v -42.857071 12.357070 0.000000
v -12.278890 -26.376341 0.000000
v -9.303716 30.000000 4.551051
v -43.027500 30.000000 4.999717
v -70.174057 -30.000000 1.688364
v -32.838589 -30.000000 7.367820
v 64.148849 -30.000000 4.721141
v 57.660980 -30.000000 7.600705
v 6.686224 -8.773678 10.000000
v -51.869869 -11.959940 10.000000
v -51.746490 -13.607630 10.000000
v 23.271130 -28.779230 10.000000
v -62.492729 -18.474541 10.000000
v -15.079490 -28.868500 10.000000
v -70.040039 -28.820810 10.000000
v -68.491493 -28.863260 10.000000
v 40.955391 4.838560 10.000000
v -7.009172 5.610025 10.000000
v 45.656219 6.634062 10.000000
v 10.242910 13.413370 0.000000
v 61.880520 18.879610 0.000000
v 60.309090 19.592621 0.000000
v 52.168339 20.456860 0.000000
v 24.572920 24.619181 0.000000
v -45.640400 14.398120 0.000000
v -54.087879 17.609610 0.000000
v -64.604912 24.060539 0.000000
v -9.622178 -2.973763 0.000000
v -7.056742 -5.635721 0.000000
v -3.795527 -17.685591 0.000000
v 71.859451 -28.747000 0.000000
v -5.301888 -27.469330 0.000000
v -60.478580 -28.745090 0.000000
v -50.827881 -26.000669 10.000000
v 46.823502 -25.914009 10.000000
v 53.613121 25.375231 10.000000
v 31.649929 17.669331 0.000000
v -20.089979 -18.410820 10.000000
v 26.933969 -20.549101 0.000000
v 12.266660 30.000000 8.560541
v 23.563000 26.139990 10.000000
v -0.657446 27.569000 10.000000
v 34.454399 19.410830 0.000000
v -89.509918 3.746907 4.096319
v -79.972954 -14.133150 7.444531
v 52.833752 -6.007432 10.000000
v -59.362900 26.474400 0.000000
v -36.809151 30.000000 1.101337
v -37.677509 -15.543560 10.000000
v 7.502738 25.073521 10.000000
v 8.500458 28.792801 10.000000
v 6.445312 30.000000 10.000000
v 5.382926 -23.372700 0.000000
v 21.862329 -30.000000 7.359923
v -18.668760 23.965830 0.000000
v 48.118469 30.000000 7.135082
v 7.613905 -28.681629 10.000000
v 8.923172 -26.193920 10.000000
v 63.817741 11.792570 0.000000
v -38.101269 30.000000 6.353995
v 49.475609 27.365610 0.000000
v 14.837300 -30.000000 5.909516
v -9.887567 28.548130 0.000000
v -7.250058 -23.722830 0.000000
v -10.230060 -25.378580 10.000000
v -57.286449 -30.000000 1.427238
v 56.140301 8.656735 0.000000
v -59.399921 -2.855589 0.000000
v 31.723379 -9.386561 0.000000
v -39.991219 -28.540199 0.000000
v 56.806080 30.000000 4.575190
v -3.819489 30.000000 8.356804
v -59.625740 20.709780 10.000000
v 2.167514 -21.635580 0.000000
v -59.640869 -20.722790 0.000000
v -57.743649 30.000000 4.482031
v -56.174068 -1.232757 10.000000
v -37.669880 -26.289030 10.000000
v 51.588619 28.865061 0.000000
v -49.976231 17.753780 0.000000
v -37.502300 26.087681 0.000000
v -65.908730 -27.097820 0.000000
v 28.785770 30.000000 4.980451
v 61.914719 -30.000000 2.495065
v -58.301750 28.325399 0.000000
v -24.553480 26.800730 10.000000
v 29.943020 -26.363720 10.000000
v -52.408009 16.874350 10.000000
v 24.575649 -7.240767 0.000000
v -41.523579 -28.994080 0.000000
v -5.796336 -25.471041 10.000000
v 24.482010 -20.320471 0.000000
v 29.902010 -25.177629 10.000000
v -42.244850 -20.859190 10.000000
v -25.169640 19.201639 10.000000
v -41.404579 11.699300 0.000000
v 36.759312 21.047251 0.000000
v -25.175779 -19.204870 0.000000
v 4.272943 -24.528959 0.000000
v -52.569538 -28.224449 10.000000
v 27.085991 11.102110 10.000000
v 18.097530 30.000000 5.812679
v -5.117962 -18.027321 10.000000
v 48.259838 7.614927 10.000000
v 48.695240 8.868323 10.000000
v -49.769699 -13.631370 0.000000
v 18.475691 -22.221979 0.000000
v 16.073030 -30.000000 5.731227
v -32.196571 -25.389280 10.000000
v 23.108070 19.492399 0.000000
v -15.185610 24.301600 0.000000
v 36.674122 30.000000 2.168937
v 38.627239 30.000000 5.914688
v 35.003571 -30.000000 5.218794
v -37.898628 -27.638861 10.000000
v -57.059120 4.337705 10.000000
v -33.722420 19.726370 10.000000
v 20.866150 27.523211 10.000000
v 7.700173 27.533541 10.000000
v -41.231300 20.077770 0.000000
v -37.919510 27.524059 0.000000
v -33.723259 -19.725580 0.000000
v 47.686089 18.082010 10.000000
v 5.005569 26.741011 10.000000
v -53.328449 24.112341 10.000000
v -49.692711 12.215800 0.000000
v 3.255566 -22.024710 0.000000
v -53.338829 -24.049471 0.000000
v 49.343979 30.000000 3.349783
v -4.045886 30.000000 1.515448
v 9.375987 -30.000000 5.192911
v 36.467400 -30.000000 8.812598
v 45.896069 -27.091841 10.000000
v -60.781349 -23.571020 10.000000
v -56.488609 17.953430 10.000000
v 51.626011 22.742571 10.000000
v -42.655338 7.463759 0.000000
v -60.220371 22.719040 0.000000
v -56.486832 -17.997040 0.000000
v 75.339310 29.990860 1.256992
v 66.264488 15.137840 10.000000
v 16.467831 -24.427780 0.000000
v -18.995390 -19.792521 10.000000
v -21.226471 23.647100 0.000000
v 8.315505 26.109489 10.000000
v -11.322690 5.474412 10.000000
v 30.700979 -8.019864 0.000000
v -41.028648 -26.124420 0.000000
v 43.387661 -26.953119 0.000000
v -1.518919 -22.932699 0.000000
v -62.736599 -8.614896 7.666163
v 89.712593 -2.805533 4.637766
v -24.662621 11.045140 10.000000
v -24.699440 -11.050470 0.000000
v -18.156561 -21.113911 10.000000
v 52.589581 -6.587626 0.000000
v -29.231541 24.821480 10.000000
v 36.876671 -19.940580 0.000000
v 44.841839 1.222640 10.000000
v 13.978070 10.701660 0.000000
v -86.360329 12.986870 10.000000
v 54.049381 30.000000 8.765195
v 42.458401 -24.754181 0.000000
v 53.948151 30.000000 7.456845
v -21.679150 15.641730 10.000000
v -21.689730 -15.655070 0.000000
v 15.431520 28.882681 10.000000
v 50.061600 -6.578252 10.000000
v 50.364792 6.605571 0.000000
v -87.326309 8.532010 5.648130
v -87.156647 -8.769557 6.256089
v 60.238609 2.568913 8.886106
v 104.027199 -7.541145 2.426392
v -94.902397 7.225132 10.000000
v -62.591621 -8.397005 3.946053
v 100.697800 4.636564 10.000000
v 84.223839 11.810970 4.789698
v 90.570534 25.631420 1.393128
v -87.296928 -21.944111 10.000000
v -89.334312 -4.373863 7.080876
v 60.015831 0.415187 7.040576
v 85.211647 -28.196550 3.511067
v 104.258499 -6.580071 3.817786
v -92.260323 24.523790 7.362453
v -103.610100 -3.106068 10.000000
v -95.405457 11.066730 10.000000
v -60.503460 3.802143 3.878479
v -87.277397 -8.584708 1.770567
v -88.070663 -7.330156 2.572439
v 60.971920 -5.255537 2.822669
v 103.884300 -8.063637 3.724972
v -83.246811 28.831020 1.755911
v -104.363701 6.094161 4.513643
v 90.631477 17.501329 10.000000
v 95.980263 5.313634 10.000000
v 65.980301 -20.253420 0.000000
v 76.946960 -16.013710 0.000000
v 84.242699 -15.004140 0.000000
v 93.309151 3.791304 0.000000
v -94.421982 -5.838879 0.000000
v -88.792908 -14.216340 0.000000
v -82.179848 16.410089 0.000000
v -85.094391 11.065280 5.743799
v 90.938362 -14.543260 0.000000
v 85.651901 28.038500 6.944046
v 100.372902 7.911729 0.000000
v 69.239487 23.780741 0.000000
v 90.977257 12.070930 10.000000
v 103.482597 -1.264305 10.000000
v -102.815598 6.014122 10.000000
v -87.165573 -24.543350 0.000000
v -89.906563 1.567293 2.670850
v 77.814980 -25.647671 10.000000
v 69.310791 -19.925659 0.000000
v 87.891739 22.164000 0.000000
v -101.174301 3.598118 0.000000
v -77.254707 -17.991489 0.000000
v -71.494423 -16.952351 0.000000
v 82.314880 -24.853380 0.000000
v 67.043800 12.702050 3.766665
v 77.403976 -14.786850 8.549943
v 86.275864 21.106510 10.000000
v -82.775352 20.496691 10.000000
v -92.793411 17.072769 0.000000
v -74.052849 -23.531851 0.000000
v -89.904617 -1.495191 5.942153
v -74.694633 14.974350 5.756593
v -67.202911 12.796650 7.528027
v -60.982101 -5.295450 9.205730
v 79.934639 -29.579420 2.258113
v -35.626942 -13.097810 10.000000
v -4.391382 2.970706 10.000000
v 92.478622 11.374800 10.000000
v 88.155098 10.355000 10.000000
v 94.609772 -3.209674 10.000000
v 93.866982 -19.026381 10.000000
v 79.071503 -26.767200 10.000000
v -99.890648 15.033400 10.000000
v 5.085264 14.441230 0.000000
v 93.899612 0.240041 0.000000
v 90.164597 22.702080 0.000000
v 80.303619 28.200661 0.000000
v 75.360313 20.086069 0.000000
v -103.754799 1.571484 0.000000
v -93.812660 1.969318 0.000000
v 44.175732 -18.986650 0.000000
v -52.104939 -3.549164 0.000000
v -60.016682 -0.122009 8.003356
v -104.449097 5.696353 2.931275
v 56.594231 12.486590 10.000000
v -72.381302 26.295071 10.000000
v -70.040871 14.140800 1.766425
v -18.982821 -3.427779 10.000000
v 29.336620 2.030121 10.000000
v 37.856010 12.953540 10.000000
v 19.038670 14.731940 10.000000
v 48.142849 19.642639 10.000000
v 87.911758 21.788090 10.000000
v 53.771740 22.724360 0.000000
v 34.253529 27.020140 0.000000
v 29.333260 -2.030632 0.000000
v -51.244068 -5.026600 0.000000
v 4.820946 -30.000000 2.403683
v -3.749229 -30.000000 7.495634
v 0.438413 -9.070738 10.000000
v -66.700821 -21.140591 10.000000
v -11.646170 13.366880 0.000000
v -33.355122 -7.143782 10.000000
v -7.064041 -8.377150 10.000000
v 57.602119 -12.578000 10.000000
v 35.024879 -15.466740 10.000000
v -58.293850 4.876953 10.000000
v 45.247829 7.359303 0.000000
v 20.947800 11.477190 0.000000
v -18.171560 -0.427590 10.000000
v -61.060478 -5.495824 7.867655
v 66.402580 16.637100 10.000000
v 104.893898 2.431902 1.279168
v -95.475060 -21.916821 1.222788
v 9.450562 15.169960 10.000000
v 67.640381 13.056530 5.053090
v 55.357342 11.531480 10.000000
v -45.314220 13.028870 10.000000
v 30.547609 21.798019 10.000000
v -39.930450 27.911680 10.000000
v -82.540283 12.944860 8.604352
v 61.302681 15.256110 10.000000
v 36.939442 -0.626759 10.000000
v 27.628981 -10.852110 10.000000
v 58.557720 0.580399 0.000000
v -49.048981 0.791160 0.000000
v 37.072651 1.262310 0.000000
v 62.186409 23.021151 0.000000
v -6.453967 -30.000000 2.993844
v 39.130730 6.532697 0.000000
v 53.328991 7.885671 0.000000
v -10.145280 -6.089778 10.000000
v -2.640716 -17.031780 10.000000
v 17.063040 12.238670 10.000000
v 11.946610 -4.251269 0.000000
v -28.640221 30.000000 2.933168
v 36.777950 0.921380 10.000000
v -8.571888 -23.299179 0.000000
v -18.811060 -30.000000 3.615542
v -28.592279 -14.156620 10.000000
v 64.569298 -22.475950 10.000000
v -29.416451 5.660239 10.000000
v 41.733700 20.880171 0.000000
v 43.302761 -22.039490 10.000000
v -41.696079 0.514192 10.000000
v 22.427250 7.212071 0.000000
v -49.045872 21.622339 0.000000
v 28.644190 -30.000000 2.774037
v -27.439240 -6.253573 10.000000
v -46.526661 -19.015100 10.000000
v 21.801060 -28.388479 0.000000
v 12.782580 -27.838320 0.000000
v 35.706509 30.000000 3.038627
v -45.355598 -12.109830 10.000000
v -64.141434 -12.393980 10.000000
v -8.480185 3.435771 0.000000
v 32.742489 30.000000 3.495592
v 13.275600 -4.215458 10.000000
v 12.668030 -5.560772 10.000000
v 60.499649 -10.889010 10.000000
v 56.190399 -12.400060 10.000000
v 19.998140 -28.578699 10.000000
v -47.358070 -26.192869 10.000000
v 36.689640 18.486940 10.000000
v 48.757179 28.963560 10.000000
v 53.248840 27.076941 10.000000
v 47.932892 1.204478 0.000000
v 13.266470 4.205784 0.000000
v 12.612670 5.566165 0.000000
v 31.496840 25.898920 0.000000
v -51.495258 13.778540 0.000000
v -4.493251 -14.942280 0.000000
v -40.812592 30.000000 6.780050
v 42.374889 30.000000 1.450072
v 58.914761 -30.000000 2.757123
v -3.680035 30.000000 5.076361
v 9.083138 30.000000 5.973001
v -37.506672 -1.126642 0.000000
v -26.033871 21.624920 0.000000
v -49.644630 21.485649 10.000000
v -10.654240 14.535070 0.000000
v -12.519730 -24.576571 0.000000
v -49.642872 -21.474390 0.000000
v 55.509319 30.000000 6.740856
v 55.251980 -13.684350 10.000000
v 23.090490 22.655430 0.000000
v -58.804062 -28.726650 0.000000
v 38.566959 7.828893 0.000000
v 26.969049 -7.399913 0.000000
v 0.435577 30.000000 2.570561
v -15.911790 30.000000 7.240814
v -65.860680 -26.418680 10.000000
v 50.218800 23.378151 10.000000
v 43.780479 24.208590 0.000000
v -65.849083 25.434429 0.000000
v -51.367680 -20.522600 10.000000
v 39.533340 30.000000 1.362329
v -41.474010 28.916361 0.000000
v -65.948463 30.000000 8.559610
v 58.114700 28.514059 0.000000
v -14.451930 18.892031 0.000000
v -14.353590 30.000000 7.134620
v 33.751141 28.553881 0.000000
v 2.355775 -30.000000 7.270470
v 1.484137 -20.440180 10.000000
v -21.678749 27.495991 10.000000
v 9.430329 -7.872091 0.000000
v 7.501263 -21.548710 0.000000
v 6.031541 -21.672199 0.000000
v 59.048729 -11.948020 10.000000
v 36.144001 2.520540 10.000000
v -25.342300 28.879980 0.000000
v 57.716640 -28.566090 0.000000
v 63.788380 30.000000 8.567558
v 62.724491 30.000000 7.243110
v 61.397701 30.000000 8.296576
v -41.306412 28.891180 10.000000
v -28.403601 18.964491 10.000000
v -25.829201 27.408421 0.000000
v -28.405081 -18.964809 0.000000
v 51.370789 -30.000000 7.885471
v -52.603100 -30.000000 2.941746
v 17.690611 27.677540 10.000000
v -59.966560 28.921690 10.000000
v 6.902883 -28.174360 0.000000
v 23.955721 -19.777229 10.000000
v 22.454800 17.787020 10.000000
v 40.429249 26.576969 0.000000
v -6.234785 30.000000 5.813738
v -18.887110 26.624041 10.000000
v 8.127013 30.000000 7.210049
v -49.691910 -30.000000 3.188132
v -42.501171 -30.000000 8.794591
v 19.700090 21.339310 0.000000
v 41.602440 27.712669 0.000000
v -59.031799 -4.166268 0.000000
v 24.188480 18.008011 10.000000
v -23.447201 7.648275 10.000000
v -12.530550 -14.027610 0.000000
v 17.990549 25.140680 0.000000
v 20.003111 28.822849 10.000000
v 19.674351 -0.519131 0.000000
v 51.240479 22.961620 0.000000
v 49.906639 -15.360860 0.000000
v -17.109831 -22.470539 0.000000
v 1.076975 -30.000000 4.796908
v 88.930634 22.858179 0.000000
v 90.725868 -8.620506 0.000000
v -42.196800 -14.016410 10.000000
v -21.753420 17.891769 0.000000
v 51.141731 19.400829 0.000000
v 83.215797 27.814220 0.000000
v -47.752361 4.709268 0.000000
v -31.512461 7.721851 0.000000
v 46.364140 -30.000000 1.290391
v 2.090680 -30.000000 4.049317
v 38.873299 -1.344754 0.000000
v -44.424252 17.297590 0.000000
v 36.671452 -0.247887 0.000000
v 104.596802 -4.835543 8.888051
v 84.470047 -25.603251 0.000000
v 2.272189 -17.378630 0.000000
v 22.184139 -18.479250 0.000000
v 32.006920 30.000000 1.162984
v 81.833054 -28.315149 10.000000
v -64.312073 -10.498550 7.443431
v -89.082092 5.130708 4.018580
v 88.172997 7.149289 6.721965
v 95.237061 -22.129049 3.595594
v -87.940773 -27.053049 4.143561
v -102.464104 -2.991152 10.000000
v 80.151863 -24.760330 0.000000
v 89.568123 3.505809 2.321651
v 68.576271 -13.540790 4.699981
v 97.038437 -20.338810 1.053461
v -0.468600 9.355129 10.000000
v 97.012619 -16.151541 10.000000
v -101.531197 -4.361862 10.000000
v -0.541781 -7.960729 0.000000
v 92.938690 -1.120914 0.000000
v 77.842247 21.779961 0.000000
v -93.043190 10.459040 0.000000
v 100.001701 13.517130 10.000000
v -78.040024 24.634590 10.000000
v -31.081909 -14.781760 10.000000
v -65.276123 14.566490 10.000000
v 76.187080 21.847071 10.000000
v 91.222679 -22.339130 10.000000
v -65.279968 -14.564670 0.000000
v -92.204376 14.671750 0.000000
v -94.343933 -19.438721 0.000000
v -1.509091 -11.083890 10.000000
v 93.990402 9.543538 10.000000
v -76.860863 -20.812910 0.000000
v -75.970917 -25.868870 0.000000
v 92.462837 -24.381500 2.447203
v -103.934402 7.882911 8.766739
v 2.281660 16.524851 10.000000
v 86.083328 -19.677799 10.000000
v -97.953468 -17.172630 10.000000
v 86.228256 -9.923081 1.281745
v -98.486023 5.852242 10.000000
v -73.020073 14.857920 10.000000
v 96.373901 -3.965045 0.000000
v 102.301697 2.699257 0.000000
v 99.761551 12.105110 0.000000
v 79.556427 21.065901 0.000000
v 67.933678 14.755130 0.000000
v -93.983147 11.128560 0.000000
v -99.195763 -17.718410 1.331030
v -68.565437 13.535800 4.847817
v 32.722240 19.776171 0.000000
v 55.719910 18.137369 0.000000
v 63.600060 -19.478149 0.000000
v -19.734560 -6.033027 10.000000
v -34.821621 -14.845650 10.000000
v 34.694069 -19.052130 10.000000
v 102.126404 -2.146232 10.000000
v 3.055753 16.663410 0.000000
v -37.597839 -30.000000 8.041627
v 43.442631 -12.817700 0.000000
v 35.574169 0.246137 0.000000
v 76.235909 14.926900 5.273123
v -61.402241 -18.306471 10.000000
v -53.576889 -11.405970 0.000000
v -43.188709 -0.082320 10.000000
v 26.245119 -10.020510 10.000000
v 41.117661 -0.263222 0.000000
v -29.699869 -30.000000 2.374184
v 98.934998 9.904909 0.000000
v -4.057084 1.935311 0.000000
v 1.568672 -21.807871 10.000000
v -0.413898 20.148741 10.000000
v -0.183611 21.819790 10.000000
v 16.207001 23.618900 10.000000
v 17.315760 -23.269390 0.000000
v -27.613701 -30.000000 5.364547
v -46.217041 12.895370 0.000000
v 24.428711 20.270910 0.000000
v -47.786968 30.000000 3.291893
v 38.949200 14.112310 0.000000
v -32.504120 -25.276939 0.000000
v 46.098660 18.358320 0.000000
v -11.256250 -23.673809 0.000000
v 29.375750 30.000000 1.864012
v 56.834690 -15.178160 0.000000
v 62.239540 -17.528700 0.000000
v -26.586750 14.732400 10.000000
v 37.570839 23.442921 10.000000
v 33.229111 14.180950 0.000000
v -26.588320 -14.732660 0.000000
v -10.404760 7.042394 0.000000
v 10.561410 17.033960 0.000000
v -1.084276 26.901291 0.000000
v 48.342731 -15.132290 0.000000
v 65.047493 -23.360830 0.000000
v 36.017910 30.000000 4.494348
v -62.915298 -30.000000 5.755075
v -18.603519 -30.000000 10.000000
v 28.878481 -10.263370 10.000000
v 35.496189 -23.589371 10.000000
v -44.180759 -15.160220 10.000000
v -61.390800 -21.434851 10.000000
v -25.694401 -26.099390 10.000000
v -55.721691 -26.999090 10.000000
v -22.864140 6.059741 10.000000
v -58.734680 6.177245 10.000000
v 59.353279 3.124276 0.000000
v 44.329029 -3.636550 0.000000
v -21.667549 -19.543501 0.000000
v 54.325291 16.389570 10.000000
v 42.335300 -23.244110 10.000000
v -21.620440 21.409000 10.000000
v 7.482056 -22.313311 10.000000
v -55.289490 -30.000000 2.858156
v 30.161489 16.518591 10.000000
v -6.445312 -30.000000 10.000000
v -15.747070 -30.000000 10.000000
v 59.206570 5.544774 10.000000
v -56.708069 26.202299 10.000000
v -49.287930 25.773279 0.000000
v 54.926960 -27.944550 0.000000
v -51.669529 10.145550 0.000000
v -30.164551 30.000000 3.337831
v -2.773245 -24.464960 10.000000
v -10.692510 21.696939 0.000000
v -4.687500 -30.000000 10.000000
v -44.560810 27.643730 10.000000
v 7.496388 24.959471 0.000000
v -47.850441 -30.000000 8.121541
v 28.074579 -30.000000 4.080962
v 38.758301 7.878716 10.000000
v 19.335939 30.000000 0.000000
v 51.699730 30.000000 2.778447
v 64.792603 -30.000000 1.746692
v 20.928780 -23.739019 10.000000
v 56.656212 -30.000000 8.231699
v -56.048199 -12.416970 0.000000
v -16.737619 -26.651011 10.000000
v -9.177011 21.854910 0.000000
v -17.591511 -25.178120 0.000000
v 63.687000 -30.000000 1.121236
v 22.112030 -24.853960 10.000000
v -60.337151 -26.200769 10.000000
v -55.380520 14.150980 10.000000
v -1.662699 16.698830 10.000000
v 1.007385 19.241739 10.000000
v -59.869732 5.522187 0.000000
v -58.570690 7.728037 0.000000
v 25.761580 22.866671 0.000000
v 35.854130 -9.099030 0.000000
v -55.050491 -29.095470 0.000000
v 22.071671 1.201864 10.000000
v -55.310249 -28.683331 10.000000
v 6.896189 -26.316429 0.000000
v 0.652157 -30.000000 3.613538
v -50.627769 -30.000000 9.142996
v -15.092920 30.000000 5.797867
v 19.601820 0.375895 10.000000
v 88.135910 7.213315 8.473289
v -36.688251 -24.518370 0.000000
v -50.402161 5.767160 0.000000
v 91.397827 -19.812160 10.000000
v 60.389519 21.290859 0.000000
v 10.806820 -2.498245 10.000000
v 10.806810 2.497655 0.000000
v 50.632729 3.242676 10.000000
v 94.959320 -22.381479 4.809245
v -25.807880 5.620196 0.000000
v 43.512402 30.000000 2.722427
v 41.401821 -12.151230 10.000000
v -104.873299 -2.655681 3.945179
v 62.984558 -14.098560 0.000000
v 37.272461 -1.746148 10.000000
v 66.280724 12.191070 4.974344
v 88.871696 -5.674034 1.275657
v 90.510330 14.392370 0.000000
v 99.940208 0.889737 0.000000
v -97.851158 -12.464860 0.000000
v 88.608391 6.284655 6.211493
v -102.310097 -12.389090 1.441731
v -1.235377 -1.649857 10.000000
v -94.883926 0.151314 10.000000
v 96.594742 4.173476 0.000000
v -84.439247 16.009199 0.000000
v 92.974312 -22.272530 0.000000
v -72.168404 -14.721430 9.016175
v -96.461403 -17.663570 10.000000
v -1.617897 4.823219 0.000000
v -75.859009 -16.898491 0.000000
v -89.963158 24.302299 10.000000
v 100.251198 -16.177830 8.391058
v -84.337387 19.781530 10.000000
v 83.994087 -28.608030 8.925442
v 80.695473 -24.605129 10.000000
v -4.057741 5.075333 0.000000
v 81.378510 -24.373119 0.000000
v -73.214348 30.000000 7.547987
v 84.138397 16.996161 10.000000
v 84.818123 -18.723841 10.000000
v -99.017967 -13.459740 10.000000
v -103.805901 -0.030507 0.000000
v 66.895447 23.645149 0.000000
v 28.446220 14.549180 10.000000
v 61.134548 23.939489 0.000000
v 32.037411 21.369490 10.000000
v 16.243959 -4.632553 0.000000
v 70.366783 26.495661 0.000000
v -71.396400 -14.546530 8.140867
v -103.536400 9.222638 1.028594
v -11.456850 2.914934 10.000000
v -25.161890 5.158947 10.000000
v 31.133459 2.236042 0.000000
v 28.194889 30.000000 2.588493
v 44.187592 3.637666 0.000000
v 30.025240 -30.000000 6.700383
v 13.344480 -14.220360 10.000000
v -40.273022 -8.224264 10.000000
v -23.899521 -19.451300 10.000000
v -56.720161 30.000000 2.236739
v 18.256069 -30.000000 8.654684
v -21.328739 8.140014 10.000000
v -62.678429 25.913670 10.000000
v 12.849270 -17.084780 0.000000
v -8.552289 -1.180659 10.000000
v -14.149490 -17.497860 0.000000
v -62.735249 16.767799 0.000000
v -49.717899 -5.372838 10.000000
v 12.238810 -13.124490 10.000000
v 33.740520 -23.454350 10.000000
v 59.021938 8.246224 10.000000
v -19.448339 11.409360 10.000000
v -63.752399 14.360220 10.000000
v -37.330269 3.659408 0.000000
v -19.449129 -11.409650 0.000000
v 37.922421 -10.715640 0.000000
v -63.766102 -14.352730 0.000000
v -53.591690 -4.245275 10.000000
v -62.592129 -27.424721 0.000000
v 43.138000 -24.849461 10.000000
v 27.364111 -27.364000 0.000000
v 0.347367 23.945869 0.000000
v 7.552497 -30.000000 8.763062
v -45.292549 -19.931749 10.000000
v 25.840321 -24.172930 0.000000
v 9.996200 20.044609 0.000000
v -19.198040 -17.035339 10.000000
v -35.215050 23.530930 10.000000
v -35.137138 -24.853550 0.000000
v -46.541981 26.405500 0.000000
v 53.036911 30.000000 5.318985
v -1.939660 -21.434610 10.000000
v 15.994160 27.247210 0.000000
v -1.837936 -21.394390 0.000000
v -24.165600 -24.435749 10.000000
v 13.640800 -12.765570 10.000000
v 5.557522 30.000000 1.390180
v -41.364571 25.624990 0.000000
v -19.524290 18.625540 0.000000
v 39.495762 19.884939 0.000000
v -39.943409 23.898840 0.000000
v 17.482269 -20.930281 0.000000
v 12.434390 -11.859080 10.000000
v 52.883099 9.885876 10.000000
v -12.501480 17.011629 10.000000
v -25.622610 22.859671 10.000000
v -25.823481 -23.083160 0.000000
v -42.893299 28.003361 10.000000
v 25.802311 21.078039 0.000000
v -17.556320 26.501789 0.000000
v -33.970341 -25.321190 0.000000
v 4.264962 30.000000 9.082867
v 30.303040 -30.000000 2.632817
v -40.331291 -17.100639 10.000000
v -23.564230 -26.958241 10.000000
v -57.328030 24.895161 10.000000
v -59.824471 11.599220 0.000000
v -97.347038 -20.001419 5.098826
v -52.028332 16.229580 0.000000
v -33.148010 -26.799730 0.000000
v -63.934589 -30.000000 7.305645
v 6.897516 28.819889 10.000000
v 96.039360 5.622531 0.000000
v -9.949967 15.843130 0.000000
v 46.171230 30.000000 3.384714
v -77.100594 -28.765890 0.000000
v -60.579868 -30.000000 7.193404
v 51.603760 30.000000 5.518410
v 15.210880 -14.250710 0.000000
v 20.327950 -5.696918 0.000000
v -67.506317 26.021030 0.000000
v 80.527199 -29.474199 7.668699
v 48.409691 -29.114429 10.000000
v -98.746361 -15.769110 10.000000
v -25.473030 -30.000000 5.494002
v -18.115789 -23.914339 0.000000
v 94.125664 12.016060 10.000000
v -51.220081 14.954520 0.000000
v 13.427130 30.000000 9.034765
v 85.145462 -28.220921 1.850017
v 76.144630 14.937350 3.759802
v 8.829499 -21.604971 10.000000
v -55.328011 -13.977550 0.000000
v 71.158203 22.734619 0.000000
v 88.780930 5.897912 5.039784
v -88.263000 6.975963 8.820867
v -75.966393 14.947570 3.377658
v -101.243896 -2.946483 10.000000
v -61.237480 -5.929646 5.550119
v -83.559853 16.714911 10.000000
v -74.643784 24.768780 10.000000
v 79.873779 -28.250351 10.000000
v 2.650741 -2.015101 0.000000
v 72.663406 -25.145411 10.000000
v -89.271606 9.813068 10.000000
v -74.192757 26.352310 10.000000
v -82.337830 -13.082550 10.000000
v 67.381493 -12.903560 7.380345
v 1.629882 -6.588135 10.000000
v 86.160393 -18.166840 10.000000
v 72.806107 -26.679859 10.000000
v -73.057030 28.820480 0.000000
v 87.739578 -25.968269 10.000000
v -92.834930 20.613661 10.000000
v 103.741898 -2.621658 0.000000
v 89.964821 -0.853788 6.348543
v -72.822906 27.530199 10.000000
v -31.787390 14.691430 10.000000
v -31.787710 -14.691490 0.000000
v -20.779850 -9.048447 10.000000
v -43.183498 -9.547362 0.000000
v -68.480339 24.940100 0.000000
v 5.058375 -3.863277 10.000000
v 42.955349 -3.164685 10.000000
v 5.059713 3.864840 0.000000
v -89.010132 -5.321959 1.703686
v 40.212730 -13.276540 0.000000
v 3.587373 16.123280 10.000000
v 31.906281 -4.980610 10.000000
v 49.027279 30.000000 8.534770
v 31.517651 -3.523982 10.000000
v 61.668190 25.045691 10.000000
v -6.183298 -21.303619 0.000000
v -41.810848 17.809971 0.000000
v 42.994511 4.437283 0.000000
v 62.515709 -25.018400 10.000000
v -32.834621 22.481590 0.000000
v 34.312160 -13.434660 0.000000
v 47.021481 30.000000 10.000000
v 7.783785 30.000000 5.834036
v -61.607719 -26.398109 10.000000
v -54.206680 25.345659 10.000000
v -53.783829 18.892160 0.000000
v -62.563831 23.457630 0.000000
v 41.759300 -4.358757 0.000000
v -47.130680 27.311239 0.000000
v -16.282539 -19.858650 10.000000
v 49.656940 7.619555 10.000000
v -25.275459 22.688761 0.000000
v -53.904049 30.000000 2.634987
v -17.950121 -20.223881 0.000000
v 22.722080 -21.001419 10.000000
v 16.028950 -3.037746 0.000000
v 39.409512 -30.000000 2.673934
v 47.463409 29.108009 10.000000
v 17.084040 20.765770 0.000000
v 44.550789 -26.033951 10.000000
v -45.313332 30.000000 1.539240
v -35.999870 -26.031151 0.000000
v -33.582870 -24.562370 10.000000
v -56.391880 23.568010 10.000000
v -4.973364 8.128652 0.000000
v 0.160467 27.289631 0.000000
v 13.138900 -18.585720 0.000000
v 21.577869 -28.763519 10.000000
v 64.161911 25.013121 0.000000
v -59.073959 -1.637669 0.000000
v 43.856949 -8.974735 0.000000
v -57.958801 -22.966221 0.000000
v 27.235950 -30.000000 6.248269
v 52.747662 11.459970 10.000000
v 84.867241 -17.146839 10.000000
v 3.454541 25.755211 10.000000
v -27.830259 25.968069 10.000000
v 45.620499 -25.685591 10.000000
v -67.208832 -27.191240 0.000000
v -84.552040 11.539340 2.249504
v -13.669550 -27.482531 0.000000
v 33.407070 -1.487480 0.000000
v 2.488833 11.858390 0.000000
v 1.731596 12.844100 0.000000
v -17.230320 5.680074 0.000000
v -24.529680 -25.932051 10.000000
v 35.782631 -28.745510 0.000000
v -33.020531 -24.176809 0.000000
v -55.889622 -30.000000 8.455403
v -64.395477 10.591720 0.680845
v -86.509262 -27.692430 7.417092
v 77.814934 -14.718460 6.092894
v -104.875999 2.650570 0.964578
v -80.872162 15.014350 10.000000
v -77.716858 -15.786290 10.000000
v 80.012878 28.457130 10.000000
v 89.199226 18.067591 10.000000
v 102.879097 5.680630 10.000000
v 103.509903 -9.297135 2.654769
v 61.355438 -6.183461 6.564620
v -82.083893 16.152260 10.000000
v -51.194199 -10.749770 0.000000
v -88.205788 -22.515209 0.000000
v 67.582367 13.011540 8.637830
v -98.773140 7.264440 10.000000
v 71.687233 -17.266710 10.000000
v 61.114491 -5.621560 7.545774
v 65.771873 -24.943060 10.000000
v -20.770950 -13.036790 10.000000
v 73.218033 14.886710 2.504042
v -10.660500 5.234915 0.000000
v 54.060371 30.000000 5.769845
v -17.089880 -30.000000 0.981292
v 26.357639 -30.000000 4.362486
v 42.612808 -15.529880 0.000000
v 25.468300 -6.045660 10.000000
v -63.725731 -27.383820 10.000000
v 39.940090 -8.415896 0.000000
v 31.179100 28.158430 0.000000
v -54.830170 23.895750 10.000000
v 15.797110 18.644461 10.000000
v -5.823938 -16.884150 10.000000
v -32.434341 7.061527 10.000000
v -32.435349 -7.068933 0.000000
v -5.538118 -15.554670 10.000000
v 5.234175 6.915657 10.000000
v 7.393144 -10.221460 0.000000
v -65.860321 13.390170 10.000000
v 16.201530 3.347569 0.000000
v 23.226200 12.804430 0.000000
v -65.865517 -13.387470 0.000000
v -13.853300 -29.034821 0.000000
v 72.958504 14.846570 1.401687
v 45.048882 1.278597 0.000000
v -44.592331 30.000000 4.682905
v -19.442390 -2.168410 0.000000
v 45.261669 -8.408807 0.000000
v 5.755973 29.015360 10.000000
v 20.316099 9.459865 10.000000
v -11.094550 -19.838961 10.000000
v -1.862711 26.107830 0.000000
v 18.183210 21.882931 0.000000
v 59.334671 -28.508751 0.000000
v 32.967079 -28.852070 0.000000
v -30.454741 10.063280 10.000000
v -30.610781 -9.433836 0.000000
v -31.908560 10.313320 10.000000
v 55.834560 17.343960 10.000000
v -42.862751 17.628780 0.000000
v 46.116928 22.852091 0.000000
v 76.752892 -17.432501 0.000000
v -35.301350 -27.468210 0.000000
v 34.481159 -24.186680 0.000000
v 2.873148 22.374540 10.000000
v 73.195061 -17.563919 10.000000
v 63.867870 28.468081 0.000000
v -5.062995 -22.720619 10.000000
v -20.778799 -23.569740 0.000000
v -25.801439 24.031139 10.000000
v 45.869122 21.464979 0.000000
v 83.603477 -13.874550 0.000000
v -71.832123 27.633060 0.000000
v -92.163177 3.730551 10.000000
v 83.722939 -12.184210 9.152588
v -90.305367 25.793280 8.549144
v -97.222061 20.136250 3.885295
v 80.966904 -20.177410 10.000000
v 70.154007 -16.638590 10.000000
v 86.918404 19.602091 0.000000
v 91.244766 7.453996 10.000000
v 79.114883 27.573799 10.000000
v -73.673752 -24.715040 0.000000
v -85.793602 -27.978479 5.325269
v 70.444946 23.690651 0.000000
v -97.174347 -9.031219 0.000000
v 73.705566 30.000000 1.200562
v -49.797810 -11.139310 0.000000
v 75.262413 -23.405630 0.000000
v -99.438904 -12.073590 0.000000
v 34.133751 -18.903151 0.000000
v -22.117599 -13.023540 10.000000
v -2.105777 30.000000 2.671010
v -7.917605 6.451167 10.000000
v -29.158119 8.406867 10.000000
v -7.976386 -6.480063 0.000000
v -79.922653 -14.158330 5.088153
v 61.859009 -24.032480 0.000000
v 41.098782 0.321781 10.000000
v -49.212189 -13.243660 10.000000
v 47.210449 -12.104460 10.000000
v -6.184268 21.547701 10.000000
v -65.812180 28.771481 0.000000
v 25.093109 -30.000000 7.511501
v 20.286320 26.370390 0.000000
v -44.771919 -9.777404 0.000000
v -13.995810 14.639920 0.000000
v -30.846590 24.090790 0.000000
v -15.531870 -6.847512 10.000000
v 8.118170 -20.062719 10.000000
v 7.023286 -4.659485 0.000000
v -17.977640 -26.180309 0.000000
v 62.937061 16.020679 0.000000
v 65.642822 28.822580 0.000000
v 56.791981 -22.731670 0.000000
v -75.674889 -14.963520 8.323177
v 83.846352 12.100340 7.645585
v 0.934242 30.000000 1.546432
v -26.711349 -17.972370 10.000000
v -37.526211 22.274900 10.000000
v -7.221646 21.966021 10.000000
v 53.010601 -30.000000 7.728029
v 40.670349 -30.000000 2.690278
v 48.767460 -19.186670 0.000000
v 15.763500 -30.000000 7.064548
v -50.474579 30.000000 7.206695
v 17.367950 -7.064550 10.000000
v -63.943008 30.000000 2.143433
v -52.721859 28.613440 10.000000
v 56.123810 -30.000000 2.117399
v -12.025400 -19.206779 10.000000
v 54.346020 30.000000 2.747077
v -51.792389 -30.000000 4.255947
v 44.942841 23.766590 10.000000
v 46.609211 30.000000 7.476001
v 7.611253 -26.396830 10.000000
v -10.152720 -16.790890 10.000000
v 41.043930 -8.639154 0.000000
v 89.849899 -24.150400 10.000000
v -43.407730 30.000000 3.483034
v -73.634689 -14.918840 8.770788
v 104.899696 -2.303984 1.372063
v -83.478897 -12.354840 4.409758
v 80.231331 29.529289 7.408022
v 67.511574 14.582630 10.000000
v 39.393909 -12.267640 0.000000
v 78.095207 -22.395700 0.000000
v -95.134033 6.817973 0.000000
v 99.415169 6.429903 0.000000
v -86.152649 18.120600 0.000000
v 103.348801 9.790633 5.072833
v -94.858994 20.698971 10.000000
v -32.587101 -4.089348 10.000000
v -50.233891 -17.715820 10.000000
v 44.935909 -17.950260 0.000000
v -28.315220 -5.810030 0.000000
v 10.572940 21.308090 0.000000
v 19.948919 -19.108280 10.000000
v -45.613060 -8.153944 0.000000
v 21.842360 27.287531 0.000000
v -29.608900 -5.918018 0.000000
v 16.304760 16.107670 0.000000
v 4.132233 17.856430 10.000000
v 17.159241 -0.669375 0.000000
v -48.319649 -30.000000 2.601281
v 44.336510 -3.949915 10.000000
v 36.091450 -22.639971 10.000000
v -31.346189 -26.097071 10.000000
v -1.999922 26.990410 10.000000
v 4.695942 20.489700 10.000000
v -13.450130 9.757563 0.000000
v 61.283772 -28.051750 10.000000
v 62.264130 -10.604520 0.000000
v -60.568439 -24.629360 0.000000
v 40.594501 -20.380619 10.000000
v -12.361070 10.492230 10.000000
v -18.021749 -26.039030 10.000000
v 29.363750 24.942570 0.000000
v 63.110088 19.646170 10.000000
v -23.260481 30.000000 4.077674
v -29.835779 -26.326820 10.000000
v 30.496969 29.026390 10.000000
v 60.058201 -8.634545 0.000000
v -46.584202 -13.480620 10.000000
v -8.368853 -16.513470 10.000000
v -29.695360 23.653641 0.000000
v 3.976742 -30.000000 1.047884
v -52.460049 -21.289129 0.000000
v 40.251862 9.596272 10.000000
v 1.684774 30.000000 3.090122
v 83.395882 -28.786680 7.200903
v 46.861488 -28.825729 10.000000
v -6.748534 -17.527430 10.000000
v 70.847473 14.399650 2.455438
v -7.888564 -18.128040 10.000000
v -29.011700 -25.004499 0.000000
v -64.727943 -22.284130 0.000000
v 15.479490 17.461109 10.000000
v 103.904900 1.727531 0.000000
v 1.955879 19.342529 10.000000
v -41.173500 -18.145809 10.000000
v -45.306961 30.000000 6.103697
v -73.536217 -30.000000 8.837677
v -3.908059 30.000000 3.869723
v 48.433472 -30.000000 8.637300
v 40.766361 -30.000000 3.798836
v -30.212151 1.685502 10.000000
v -69.186020 13.803570 1.192517
v 88.238312 -11.791010 10.000000
v 78.072250 -19.303961 0.000000
v 102.912201 10.966100 1.594329
v 85.901993 26.449249 10.000000
v 76.464828 -19.061710 0.000000
v 1.223267 -4.747977 10.000000
v -83.635406 -24.446880 0.000000
v 60.057270 1.129143 8.463857
v 13.252070 -1.228188 10.000000
v -51.345798 -18.080770 10.000000
v 2.496847 1.742893 10.000000
v 13.256030 1.229980 0.000000
v 64.705421 -13.757560 0.000000
v -31.472960 -9.109979 10.000000
v 46.142311 5.102724 0.000000
v 61.269840 -25.291410 0.000000
v 63.087681 18.428129 0.000000
v 33.527161 -3.260400 0.000000
v -59.759941 -10.743520 0.000000
v -53.086311 30.000000 6.279714
v -31.354380 -24.996620 0.000000
v -33.962608 -27.728991 0.000000
v 58.907211 -7.918493 0.000000
v -60.534100 -7.881019 0.000000
v 11.021440 18.863461 0.000000
v -38.780201 -17.124109 10.000000
v 29.286240 26.257420 10.000000
v 10.713690 24.627529 0.000000
v -12.358410 -10.519030 0.000000
v -65.074371 -25.487749 0.000000
v 11.593840 20.394911 0.000000
v 20.814060 -17.822889 10.000000
v -96.297333 2.138454 0.000000
v 74.392380 18.926809 0.000000
v -63.578369 -24.565319 10.000000
v -5.811419 -18.852480 10.000000
v 60.043919 1.024147 6.027098
v -36.553059 -14.170020 10.000000
v 44.313122 -15.482090 0.000000
v -52.879978 -20.119329 0.000000
v 60.029091 -0.514859 9.217705
v -74.638107 -14.987015 8.876217
v 84.891685 28.291916 9.507527
v 87.167946 -27.400194 0.420743
v 86.213371 9.921289 9.339170
v -70.977058 -14.433521 9.207026
v -69.806038 -14.019401 9.437656
v -70.563339 -14.318739 9.450884
v -71.366730 -14.523065 9.540846
# 13611 vertices, 0 vertices normals

f 6127 8573 11946
f 9353 9235 9644
f 6596 1537 9132
f 9870 11530 13337
f 565 320 1122
f 565 4322 320
f 9540 6582 6581
f 10408 13027 7973
f 10947 10948 5688
f 5780 6835 6327
f 13556 3871 9381
f 6678 5266 1135
f 1804 1805 7206
f 12681 7199 9590
f 6245 6865 9549
f 323 4722 542
f 4312 323 542
f 11543 9683 10852
f 12062 8669 10939
f 6616 565 1122
f 10740 10739 5276
f 13179 10529 12237
f 10256 12596 4463
f 5978 7757 9430
f 13595 4860 5775
f 8698 12416 8702
f 10660 2702 8429
f 10276 13062 10445
f 10379 10292 3615
f 11487 7427 9135
f 644 2236 2235
f 7047 10091 8417
f 12228 6274 12952
f 6034 5586 5585
f 1192 11030 315
f 3715 12992 12319
f 13239 11186 11883
f 10851 10109 7984
f 10527 10267 13253
f 13243 5295 9112
f 10223 10517 8142
f 4636 12503 4633
f 629 3466 1650
f 11439 2432 7989
f 5 2525 4015
f 12402 1534 563
f 4936 559 4937
f 3945 8803 10658
f 4718 1296 1298
f 4429 3489 3150
f 10207 10206 6554
f 8944 4762 2555
f 108 107 2955
f 108 4552 107
f 4764 1122 1121
f 11543 11056 9299
f 8926 6303 12563
f 12589 13489 7962
f 4733 2890 52
f 9356 6602 11671
f 11947 2678 4906
f 11160 7674 3204
f 2662 3703 11936
f 9698 9696 9694
f 1130 3566 2920
f 9941 9942 9983
f 6811 13185 8899
f 6154 9186 7248
f 12824 12097 8853
f 7742 10807 10264
f 7114 12831 5518
f 10002 10937 11255
f 5982 6470 7435
f 2835 7837 2701
f 9733 10852 9683
f 9733 10318 10852
f 8981 3187 4471
f 1828 1202 2968
f 6766 3946 10418
f 11671 9125 10840
f 9054 10840 9125
f 13474 9393 11183
f 914 8867 10931
f 1592 2859 4034
f 6207 6579 5175
f 11452 2585 4966
f 11960 8169 6857
f 11982 8468 8469
f 13027 1254 6147
f 7223 1546 12786
f 9495 9961 9496
f 9353 9644 8418
f 10540 11879 8497
f 10025 7113 9531
f 5886 11671 13378
f 11965 9207 11377
f 8408 12631 9346
f 9523 5952 5452
f 10203 9475 8384
f 3504 4760 2234
f 8843 9761 10622
f 6392 10285 7308
f 3052 3051 13236
f 6201 5817 5466
f 11687 11855 13574
f 4462 11131 10370
f 2632 2634 1167
f 7742 7824 7373
f 7627 8900 9338
f 9910 5426 7355
f 11928 6069 3528
f 9824 9110 12525
f 9824 8200 9110
f 11639 10300 2730
f 12238 2078 4291
f 8672 11893 5416
f 2345 97 98
f 4808 98 97
f 9457 6258 7142
f 6427 7958 3870
f 4167 2960 9005
f 10994 2149 6648
f 12588 9360 8156
f 4636 4640 11489
f 9050 4462 10491
f 6786 7143 9557
f 12403 2827 8166
f 9114 12526 13447
f 5221 4644 6041
f 9835 10570 10571
f 10544 8094 9842
f 11331 7815 7279
f 9335 2918 8093
f 7512 6028 6022
f 7081 7080 7079
f 1787 4152 13504
f 13181 9557 9218
f 8841 11353 9970
f 9551 5228 5229
f 12628 9312 8340
f 10073 9621 12619
f 6723 740 2754
f 8373 10945 8895
f 2515 2518 4707
f 8092 11215 10727
f 6099 8393 6819
f 1797 715 4527
f 519 3460 12718
f 3545 3543 11065
f 4301 2107 4302
f 6750 11763 4606
f 4019 1310 645
f 12511 12508 4047
f 8452 8454 5811
f 13268 637 11944
f 12141 3171 8082
f 7632 5695 9837
f 10010 10713 8152
f 7858 9784 7143
f 7521 9149 5577
f 12441 12442 3918
f 2543 1115 2546
f 2229 2228 894
f 7858 13234 13078
f 734 735 52
f 9800 3535 3534
f 1592 3400 3967
f 2326 13355 746
f 8094 5424 9842
f 3781 8963 1113
f 1822 4180 2966
f 9169 7305 10945
f 3176 3798 10368
f 521 3042 2105
f 2710 8239 11124
f 6234 5048 6026
f 4903 2681 6834
f 6814 9571 8388
f 6597 44 1834
f 7429 10123 2450
f 8339 12621 11650
f 6419 6421 2411
f 6936 10391 6935
f 11135 6274 7160
f 3179 2255 10571
f 13472 8587 12888
f 6812 4077 10387
f 8643 8642 12772
f 9221 8886 6548
f 10205 6934 5942
f 2412 9172 8265
f 2412 9476 9172
f 3753 6702 11891
f 5000 12794 3183
f 5059 7775 10706
f 9630 4459 10941
f 10209 2261 7645
f 10527 6328 10267
f 9229 10229 9187
f 5694 9402 9835
f 7348 6885 12519
f 7134 6983 9760
f 9455 6327 5947
f 9121 12275 7377
f 6993 9121 7377
f 12677 11201 9188
f 12352 12353 1953
f 7827 12873 11418
f 10671 8265 5942
f 8208 5881 7321
f 9567 10725 13087
f 5957 6149 8425
f 7311 10569 9402
f 11352 11916 11088
f 8835 6515 5606
f 3650 12070 2597
f 10860 8808 9365
f 5814 8736 6451
f 4687 4689 4690
f 12207 1622 4395
f 8423 3285 13089
f 6847 1445 2767
f 13221 13214 3327
f 3259 2385 4557
f 11790 5254 8081
f 4794 4791 10211
f 5192 3338 9990
f 3819 3205 12364
f 12588 8156 12065
f 8283 7090 11347
f 12574 10034 11535
f 12562 13450 7645
f 2264 11640 6928
f 9366 1566 5828
f 7339 7047 7046
f 1630 2878 12997
f 13241 694 13142
f 8641 13376 6708
f 9369 13555 7708
f 1713 8256 8657
f 8299 2830 5028
f 4099 8131 12432
f 8602 11518 12647
f 1904 2987 797
f 13357 4972 353
f 4122 4121 1146
f 5029 5980 8302
f 4767 5358 4045
f 3067 4328 572
f 12868 9260 9074
f 5855 8535 4050
f 7445 8778 6960
f 6662 10030 7121
f 7464 7463 5832
f 9865 7190 7037
f 7367 7366 7968
f 10468 9776 8833
f 10669 9513 12895
f 682 11415 2598
f 2506 4697 12769
f 8085 7167 7594
f 5169 9699 5482
f 1457 8939 1939
f 13597 10880 8022
f 6876 6297 1710
f 5957 8425 9689
f 2772 1459 1941
f 2779 1955 2780
f 9302 11873 6449
f 9302 6449 9716
f 4604 5478 13299
f 1085 284 2514
f 9643 11333 11277
f 5082 12413 13166
f 10960 9855 2576
f 12323 11460 6410
f 8135 8934 6573
f 4652 597 2198
f 10745 9182 13352
f 11639 13317 10300
f 7719 10759 3023
f 12425 8454 8452
f 9715 9686 9687
f 9715 9687 12545
f 6942 6442 9297
f 8582 10646 9053
f 10131 13198 9708
f 9691 10118 9242
f 10118 9691 9306
f 5503 8305 1270
f 7448 9704 9705
f 11727 9959 9960
f 5513 3332 10690
f 6697 1256 5307
f 8279 11517 11462
f 4002 2514 4704
f 681 11614 4120
f 11015 11980 11908
f 11523 10604 9533
f 3629 10987 11997
f 11079 9433 10023
f 9525 10309 7980
f 12491 13131 5401
f 2278 4519 2637
f 5838 5793 1571
f 10252 12842 11236
f 1920 1918 356
f 9561 10329 8364
f 250 251 2782
f 251 250 4824
f 4210 11403 142
f 13402 9859 7650
f 118 7416 10863
f 4926 4927 2015
f 5942 8265 9172
f 10986 6136 9879
f 2503 6615 1623
f 8720 10597 9681
f 6748 11145 8476
f 12635 5293 10342
f 8746 8748 13292
f 1479 1978 1477
f 7460 11523 10601
f 9223 5107 4492
f 10537 6944 9427
f 8442 5806 12224
f 10662 7270 8049
f 10194 13108 9820
f 9647 3867 5014
f 11692 3558 3559
f 7297 5379 10364
f 8296 6205 5479
f 7546 9321 11063
f 13351 10276 13233
f 11815 9153 12171
f 4530 1801 1802
f 7597 8371 3546
f 4136 198 1761
f 10282 4649 3398
f 6106 6107 4964
f 7544 10471 7549
f 9257 1127 5245
f 7613 11712 9334
f 6052 9776 10467
f 6989 8842 11686
f 453 3888 455
f 6705 11022 3437
f 5081 3553 6088
f 9092 6906 7269
f 7856 5227 12790
f 8296 8297 12076
f 10671 7082 8265
f 6282 10936 7873
f 11469 5055 7699
f 11796 4341 6764
f 1406 1876 346
f 5370 5369 13461
f 8942 133 134
f 2508 134 133
f 11733 1739 4121
f 11741 3435 396
f 3857 11626 187
f 799 3863 800
f 194 193 4138
f 194 2369 193
f 681 682 2598
f 12447 4062 6540
f 3752 6905 5215
f 10605 2435 12860
f 3263 5292 13172
f 2575 10634 2576
f 5564 9756 10896
f 1049 5178 4940
f 11017 13596 4142
f 6039 9760 10912
f 9940 10560 11197
f 11512 11271 13413
f 3457 7561 6996
f 6911 5858 3162
f 7869 9397 5253
f 6636 13472 13544
f 819 11033 6651
f 7275 5349 7272
f 1278 11006 3751
f 5315 6590 5819
f 12744 2671 3709
f 11535 10473 8064
f 1229 2385 149
f 9860 13492 8913
f 4246 1966 1968
f 8272 7086 5945
f 11209 11301 11559
f 8345 8837 5606
f 8892 8200 10543
f 5592 10462 11148
f 12203 854 5350
f 10120 9365 8808
f 12828 12886 10039
f 10960 10634 8394
f 8548 12556 11254
f 6548 8886 9109
f 6281 12178 4063
f 9266 7891 9226
f 1887 5414 1885
f 12091 6501 9752
f 5113 4784 5774
f 10542 9822 7174
f 4143 3675 1772
f 5079 10042 3552
f 4121 4122 1145
f 4254 1484 13505
f 12002 7813 11196
f 2873 4675 150
f 10012 10036 11219
f 13006 2635 3676
f 1131 3676 2635
f 7698 3664 4135
f 12464 12569 7783
f 6420 6933 3867
f 1799 986 4154
f 3222 4515 12366
f 2632 456 703
f 11260 12580 4076
f 10205 9049 6426
f 6934 10205 6426
f 9120 7807 7376
f 9377 9573 6585
f 13480 3271 8162
f 2412 9058 7952
f 2412 7952 2255
f 9621 12904 12264
f 4976 12871 6184
f 3271 1443 8700
f 9972 9026 10156
f 12053 10227 10360
f 5695 7632 10489
f 11225 1246 10820
f 7352 12663 6425
f 1586 8037 5570
f 11193 9784 6258
f 7305 11574 12644
f 11091 13116 5885
f 7069 11705 3796
f 13098 11991 7616
f 10944 9467 4458
f 2729 10532 8156
f 4077 9569 12654
f 6813 13314 9573
f 10204 9475 9836
f 11355 11064 10169
f 6197 8229 13117
f 4414 1300 3774
f 9476 8384 9172
f 4429 3150 1305
f 6040 13286 12034
f 10571 2255 7952
f 10820 6995 9157
f 5942 9172 7631
f 8384 7631 9172
f 10560 10559 8239
f 6934 8457 5942
f 2855 8185 11648
f 10205 5942 7631
f 10204 10205 7631
f 10232 10548 9518
f 8384 10204 7631
f 1117 3493 12380
f 12714 4202 13570
f 10238 11150 13086
f 7703 10409 5443
f 10204 8384 9475
f 10668 2730 10300
f 4562 4463 12596
f 8652 7629 9653
f 9654 9653 7629
f 7959 1441 8678
f 4900 4172 4170
f 5650 4917 6381
f 11355 10169 8693
f 5226 3108 4991
f 9326 9325 10000
f 8652 7313 7629
f 10204 9836 9049
f 13385 3112 12658
f 9476 10203 8384
f 10820 9157 6433
f 11225 10820 6433
f 13262 1349 7343
f 10784 11676 13523
f 5208 8500 6229
f 7305 12644 11582
f 11217 11479 10069
f 834 3954 4360
f 13400 8215 13556
f 5268 6293 3584
f 3403 10917 10619
f 9839 6812 10387
f 9839 10387 11721
f 12593 4976 11583
f 6384 6713 8382
f 5943 4562 5422
f 10372 10374 7936
f 10205 10204 9049
f 9572 4077 12654
f 6245 9151 8518
f 3271 11051 13582
f 11279 3629 11997
f 9570 8094 10544
f 13480 8162 9362
f 9013 13483 1594
f 12663 9654 7629
f 3657 13553 405
f 7540 6906 5593
f 4782 9047 2635
f 7595 7015 6625
f 2607 2942 4132
f 9550 6251 6250
f 12592 12139 12039
f 693 1753 2274
f 603 2872 3990
f 11533 5256 12792
f 7016 3546 8371
f 5300 418 415
f 184 10720 185
f 1408 184 185
f 10483 10188 5678
f 8882 4783 13467
f 3225 3224 5006
f 5601 8056 5600
f 10901 8820 7513
f 3970 2861 2862
f 4781 6538 9808
f 6542 9807 7593
f 3975 3977 1600
f 6614 10100 5063
f 3073 12206 9021
f 3971 3409 1595
f 8551 9564 11084
f 12182 13122 12555
f 1582 4367 3101
f 9741 11769 10886
f 6991 10618 8345
f 5449 7486 4351
f 6283 6547 10186
f 6075 7162 5246
f 6702 3753 7266
f 1977 1979 3002
f 1411 11626 3857
f 12192 7711 3968
f 5672 5670 6626
f 1020 1409 2756
f 8636 10782 11891
f 12604 6325 9412
f 10065 8632 9091
f 13004 2742 2741
f 3755 6163 1281
f 1886 3858 1413
f 189 12025 4855
f 5913 5911 5912
f 7597 11914 6625
f 190 189 4855
f 190 2368 189
f 7020 5078 12200
f 11023 6269 12465
f 12240 6692 12242
f 6614 9773 8839
f 792 12401 1419
f 11087 4374 2184
f 7208 12851 13055
f 10804 9109 8886
f 10804 7949 9109
f 8548 11254 7871
f 1349 2276 4514
f 13163 12826 4960
f 11916 11271 11088
f 11961 5601 10159
f 191 190 3674
f 191 12204 190
f 7965 10672 6430
f 8547 12949 7167
f 1484 1992 1991
f 12401 2378 1419
f 11626 186 187
f 12039 187 186
f 6086 5664 11103
f 6789 604 1612
f 1072 1611 1613
f 8270 11046 12882
f 2277 3223 4516
f 10934 185 10720
f 6844 8270 12882
f 13006 4782 2635
f 8198 5865 7171
f 2976 1871 12326
f 7600 11084 9564
f 2368 12204 13548
f 9969 3753 11891
f 12673 239 13441
f 3658 5111 1342
f 7814 1280 6839
f 12592 186 185
f 6598 185 186
f 8370 8369 12094
f 4065 7872 9564
f 1165 12393 1766
f 7595 6625 11914
f 4784 13579 12554
f 2944 3673 2945
f 4782 12039 9047
f 5171 9897 12701
f 7105 8477 9065
f 2020 2792 2023
f 7976 10988 10989
f 704 2631 11017
f 8367 7595 10624
f 9466 11103 5664
f 4512 4140 2631
f 5309 7810 11663
f 8084 6872 5665
f 2711 7064 3407
f 11254 9564 7872
f 2021 2022 2025
f 6517 8996 3408
f 3973 12376 1061
f 7016 6086 11103
f 2981 169 170
f 7264 170 169
f 2619 2621 2943
f 13486 8590 6325
f 5258 7347 6422
f 12962 6422 7347
f 10305 12872 13128
f 3857 187 188
f 4782 188 187
f 1222 1886 2757
f 3972 7064 4384
f 1422 2386 5415
f 2370 195 3258
f 10604 6485 5040
f 12452 3677 5773
f 4442 2244 13029
f 11916 11352 5593
f 11537 7542 592
f 257 258 1481
f 258 257 1342
f 6283 8556 10724
f 7922 5594 7728
f 7782 7544 6515
f 1071 3429 2871
f 6933 3264 11139
f 6547 6283 10724
f 12075 3827 4515
f 11313 5151 5013
f 4784 12452 13579
f 3218 698 2943
f 13157 4659 1602
f 11387 172 10893
f 5594 11714 11088
f 6623 11914 8368
f 194 4138 1766
f 2713 4386 2198
f 992 3239 3838
f 554 4935 4934
f 12744 4888 2671
f 644 4723 1649
f 6415 5116 11030
f 4322 2153 4323
f 4935 556 4936
f 3240 4164 3837
f 554 2667 2670
f 4722 539 542
f 4311 542 539
f 561 2446 4937
f 2667 5776 2670
f 2149 10994 2148
f 993 4890 317
f 2446 315 6648
f 902 12712 1678
f 343 3256 773
f 563 5116 316
f 12402 563 316
f 2462 1673 1672
f 5776 13368 12397
f 720 2662 11936
f 6601 12706 1473
f 629 1310 3466
f 11668 12493 10295
f 2154 2152 2151
f 556 559 4936
f 559 556 3709
f 7366 7367 9414
f 3706 989 3835
f 10316 9732 10881
f 8401 12639 5741
f 8975 536 2445
f 12397 3709 2670
f 554 556 4935
f 556 554 2670
f 4316 2130 2133
f 2177 9604 10553
f 12812 545 548
f 4883 548 545
f 12397 12744 3709
f 1192 2671 4888
f 2446 561 315
f 1192 315 561
f 8707 6439 12032
f 8707 9645 6439
f 317 318 9132
f 317 4890 318
f 2529 6 4015
f 2135 12214 4933
f 11926 13245 11337
f 3055 3054 2129
f 3349 3930 3947
f 7384 6191 9418
f 7098 317 9132
f 5114 718 1802
f 1192 561 2671
f 4323 3909 568
f 2897 1682 4041
f 989 12336 12989
f 5539 10882 13102
f 3141 9097 877
f 4532 2957 12369
f 4530 3835 989
f 563 6648 315
f 11030 563 315
f 3348 10881 10448
f 555 558 3510
f 555 4319 558
f 2299 993 3241
f 993 317 316
f 7098 316 317
f 623 4415 4413
f 5916 6914 9028
f 7098 12402 316
f 556 2670 3709
f 993 5116 3241
f 2141 2139 2138
f 13514 10938 13459
f 5538 13309 10882
f 12890 9538 8022
f 559 3709 2671
f 559 561 4937
f 561 559 2671
f 10677 13073 7388
f 1806 11030 1192
f 13073 6329 6190
f 12877 7816 13317
f 1806 1192 4888
f 990 4157 4158
f 2239 3505 6519
f 564 10994 1534
f 12341 3138 13159
f 563 1534 6648
f 563 11030 5116
f 550 552 4933
f 552 550 2666
f 553 3785 12381
f 2297 2296 719
f 993 316 5116
f 552 4934 4933
f 552 2666 2667
f 552 2667 554
f 552 554 4934
f 13309 13102 10882
f 2445 536 538
f 5938 4537 4969
f 10449 10609 9217
f 241 2196 457
f 241 457 1042
f 5946 8269 9413
f 10151 4641 5567
f 11660 1547 7830
f 8671 11973 10804
f 5682 8671 10804
f 11672 6783 7542
f 12872 12060 7820
f 5080 9469 10481
f 8238 9972 9971
f 6179 12895 9513
f 3109 11341 7275
f 9106 10089 11538
f 11469 5133 8041
f 5682 9818 8089
f 8671 5682 8089
f 7522 5579 10905
f 7949 9511 5812
f 6077 8359 8361
f 12594 9889 9221
f 10918 13536 11657
f 5015 9824 12525
f 10092 11764 7345
f 10092 7345 5812
f 3752 7129 4372
f 11588 11548 9891
f 7918 8628 12029
f 2479 1600 12985
f 7862 5240 7786
f 12809 12762 1209
f 10093 8887 7346
f 12895 10093 7346
f 2033 2032 2035
f 2771 1937 1940
f 8671 10305 11973
f 5704 9931 8392
f 7345 11764 6548
f 10467 9776 9316
f 9288 2764 7965
f 12898 11829 8090
f 1252 12294 3734
f 12060 12872 10093
f 4174 1000 4173
f 9943 9008 11878
f 12933 8887 6549
f 4480 12499 8656
f 13377 9412 8590
f 2853 842 8823
f 8041 4371 5055
f 12895 12060 10093
f 10628 8379 10629
f 8505 9069 11675
f 5677 9889 8885
f 8819 6238 838
f 5081 8089 9818
f 7048 11781 11024
f 8674 10245 12851
f 7711 10035 13589
f 4460 10949 2917
f 13486 9113 8590
f 10094 5295 13243
f 1483 411 2426
f 7603 9163 7173
f 12645 12851 7208
f 5779 10523 5778
f 13233 9040 7914
f 8671 8089 10187
f 13484 8720 7827
f 6431 9321 8688
f 7965 6431 8688
f 5081 6088 9163
f 12594 7790 9889
f 2195 2194 594
f 5217 2853 4947
f 11348 3968 7968
f 7366 11348 7968
f 10744 9871 8262
f 3558 10284 4071
f 11297 921 9930
f 7517 6505 5346
f 10467 8058 4649
f 8683 8674 12855
f 1891 1415 3859
f 7345 7949 5812
f 7345 6548 9109
f 7949 7345 9109
f 5075 5243 5244
f 5295 10305 13128
f 5081 9818 3553
f 861 3992 4394
f 10626 7790 9817
f 11209 8526 11301
f 5345 7261 4949
f 11764 12594 6548
f 2841 7843 7451
f 12571 11707 12676
f 9146 8163 10537
f 5792 11511 9273
f 9735 10852 5540
f 9735 11543 10852
f 10660 11581 10551
f 7402 7401 13018
f 7404 6851 6447
f 9216 7404 6447
f 9497 7386 12209
f 9497 7046 7386
f 10058 11281 12902
f 9143 13547 13549
f 7671 12196 11806
f 12180 8064 10473
f 1078 1079 4692
f 10552 8227 9386
f 10292 11806 3615
f 9888 4983 11122
f 8622 10774 10776
f 11879 9605 8497
f 11025 1327 12288
f 4346 3944 10701
f 6930 11835 8417
f 10236 12861 8182
f 9211 3284 13035
f 9903 12655 939
f 7955 2413 11564
f 12539 9127 7397
f 7695 13346 13397
f 8321 5042 8320
f 9104 8121 4493
f 11671 10840 13378
f 7092 5454 13076
f 12547 13076 5454
f 6741 8730 8728
f 7747 8713 10838
f 10224 10838 8713
f 7119 10438 10424
f 10851 7984 9944
f 11545 10477 10000
f 12683 11807 4493
f 3179 2729 13228
f 7726 6900 9605
f 9356 5782 11867
f 5018 9357 8597
f 12102 7811 9598
f 96 2344 2343
f 10605 12860 2844
f 13119 7948 3813
f 10142 11288 10141
f 2816 2143 2140
f 5849 2858 6365
f 10244 8584 9882
f 7472 8017 9442
f 9606 10777 2179
f 10641 5103 11467
f 10647 10580 7045
f 3235 4880 3834
f 11169 7474 3318
f 11613 10527 8717
f 6401 7653 13392
f 11886 5144 3811
f 4585 7976 10107
f 7976 4585 10988
f 6694 458 7216
f 11613 8717 8597
f 10700 10699 7473
f 10651 11294 11069
f 9081 3708 1189
f 13060 12232 10442
f 13202 6353 12477
f 6740 13115 5450
f 5043 6970 9249
f 10318 9194 5540
f 6767 9370 8286
f 7401 7987 11338
f 10503 11803 12918
f 10236 8182 9194
f 2844 9533 8495
f 5890 5324 4984
f 1578 6862 11120
f 11511 9993 9273
f 5303 12439 10595
f 9143 4620 13598
f 12530 10297 9227
f 13387 9600 13390
f 12507 9713 8177
f 3289 13179 10606
f 8216 5886 13378
f 11268 9961 9962
f 3051 3052 2123
f 10879 9729 6582
f 8017 7113 13473
f 10555 2178 9724
f 11676 10071 13523
f 10380 9346 8409
f 9054 11835 10840
f 6968 10442 7708
f 8141 12681 11357
f 9683 11543 9299
f 12495 9903 10338
f 6738 7397 9127
f 5537 12057 6153
f 5326 9600 12831
f 10087 11277 7336
f 10536 10111 8163
f 7339 10091 7047
f 10226 8711 10992
f 10226 10307 8711
f 13097 2702 10531
f 10317 7121 10540
f 13088 9735 9425
f 7404 5813 6851
f 3946 1044 10418
f 7402 10418 1044
f 6887 7896 7897
f 7695 9983 13346
f 10598 6333 7411
f 10738 8405 13184
f 6333 9686 9715
f 8910 3580 2921
f 8769 11187 3316
f 13448 7495 12551
f 3190 6399 3189
f 1265 2159 1263
f 12607 11332 7333
f 11000 1133 906
f 4980 5315 5819
f 3612 5103 12937
f 5464 5465 2847
f 822 823 3064
f 9062 6336 6335
f 8034 6016 5044
f 7759 6608 6957
f 652 653 8869
f 3362 6496 12679
f 2182 10148 4357
f 1704 7025 6818
f 5383 12588 12065
f 5877 5734 8115
f 5092 2923 7798
f 12414 8919 5721
f 13530 4640 10456
f 6166 13461 6919
f 7056 5827 8174
f 2430 8280 11619
f 9706 5521 11236
f 5980 8308 8302
f 2448 6010 6489
f 2243 3518 11000
f 3919 12830 6336
f 4791 9851 4795
f 8926 10737 12870
f 4605 1267 3311
f 8981 2261 4469
f 8232 10557 1577
f 7927 5362 9098
f 7288 6711 7731
f 10155 9372 9759
f 13177 11096 8017
f 6610 5506 3327
f 4456 3542 2251
f 10509 11362 9352
f 7258 8232 1577
f 6286 7024 8386
f 9745 12679 6496
f 12503 5046 12679
f 2243 11000 906
f 5053 12218 5219
f 4441 11211 8534
f 6525 2562 8852
f 10610 2467 2466
f 8981 4471 2261
f 12765 4356 1055
f 7506 5557 5561
f 11768 3172 13242
f 10222 1725 10515
f 7099 6650 4627
f 3549 8375 11253
f 3586 7649 3582
f 8220 5165 5465
f 5992 5989 5993
f 4356 11623 1055
f 9429 5021 11098
f 4327 8603 8604
f 11960 6857 2826
f 11754 11713 13456
f 5368 6712 6711
f 5723 6107 6106
f 1389 12067 12113
f 5196 13508 10140
f 8910 10242 6289
f 3804 12288 1329
f 8374 9827 7616
f 7527 3393 11805
f 2470 6020 13180
f 5583 10906 5582
f 909 4443 908
f 6970 10113 7400
f 7399 7400 10113
f 5031 8308 8303
f 6799 12127 7586
f 11510 7904 5318
f 6376 4447 7283
f 9322 12585 7368
f 12585 9322 13403
f 6521 1133 4468
f 5059 11191 3389
f 3094 12440 6158
f 5802 9057 12197
f 7505 4636 11489
f 2837 5896 9022
f 6980 2475 6025
f 11291 5651 9327
f 3141 878 4020
f 6202 6209 7903
f 3158 5851 8532
f 9764 12916 10708
f 11027 13463 8480
f 89 13335 12601
f 11380 8595 9893
f 6777 5571 5847
f 7301 7303 12677
f 10052 5123 12492
f 8191 4955 1687
f 4996 6166 6919
f 12808 9429 3949
f 7859 8640 9098
f 8191 4080 4961
f 775 1218 1015
f 12830 11053 6336
f 10458 11713 3386
f 5571 12085 5847
f 667 665 8917
f 6399 8917 11667
f 8037 7131 12186
f 11952 5798 3756
f 6562 665 5396
f 6381 4917 12194
f 11903 10651 10652
f 5361 7927 9098
f 8167 7831 4939
f 8327 12478 6611
f 6401 666 2733
f 6378 13154 7285
f 8443 8903 9837
f 4750 2892 2546
f 6037 3383 5346
f 2161 2160 820
f 2469 8502 13388
f 7122 6013 2465
f 12808 3949 8165
f 642 1679 12712
f 12082 5273 5003
f 5091 5708 7797
f 12022 6382 12384
f 6157 3091 3748
f 6528 13124 8857
f 1685 12457 908
f 648 11035 7001
f 4369 8827 9025
f 8363 12384 1318
f 4961 13401 7177
f 5810 2731 1325
f 9700 1544 5478
f 5171 5476 6203
f 4940 5172 6858
f 5825 12158 8172
f 9855 13067 2576
f 8392 9931 8394
f 8475 1551 1552
f 8768 12701 9897
f 7491 6948 10885
f 8912 9857 9854
f 6816 13313 8103
f 6553 9932 10956
f 9344 10497 5727
f 10080 10793 10794
f 8507 12634 8506
f 5646 5072 5647
f 8297 8299 5027
f 8126 6316 8127
f 1715 7319 8257
f 10495 10494 8102
f 4001 4003 2881
f 2473 7259 8820
f 7108 7102 2832
f 4999 3185 3184
f 5170 5818 5467
f 5646 7583 9795
f 11436 2829 2828
f 11580 6802 6276
f 7102 11788 5488
f 6958 11126 6954
f 8130 7804 11113
f 8744 8291 3299
f 8454 6176 5811
f 11631 5026 12857
f 8720 13484 10597
f 12821 6455 5479
f 6758 8007 5509
f 9743 835 10884
f 5491 6655 7106
f 11660 6458 1547
f 9481 2577 10965
f 13247 11136 3193
f 12731 13426 1145
f 10533 8259 9510
f 7632 9837 8904
f 6838 5795 3381
f 8334 2473 12638
f 5828 1566 6350
f 8767 1548 8475
f 121 10687 122
f 121 122 6599
f 6563 8112 11818
f 5969 13292 7431
f 6956 7705 12822
f 10426 6856 7424
f 6316 8126 6826
f 5705 9931 11765
f 8097 11527 12955
f 8301 9064 8481
f 7159 8538 4054
f 12886 11915 8364
f 3199 6311 3810
f 5181 10269 3926
f 8097 6816 8103
f 6957 7433 8004
f 6951 1548 12459
f 3808 2926 13295
f 7103 4940 6858
f 6953 5173 7832
f 9542 9543 11546
f 11129 6799 7006
f 11571 8619 5787
f 12146 10964 13109
f 5672 3174 13218
f 12432 8411 6311
f 5788 6639 8149
f 11166 1279 12458
f 11474 7124 10031
f 9931 5704 11765
f 13347 9788 2560
f 8000 11644 1048
f 7423 5474 7424
f 6816 7641 13313
f 9941 6930 13466
f 12118 8039 8822
f 4087 6927 12082
f 12794 6292 7180
f 11945 11992 9174
f 8779 3326 7110
f 7302 13462 13540
f 5344 7920 12496
f 5398 5746 8125
f 8002 6460 2828
f 5171 10124 8168
f 1318 6387 12362
f 10611 11986 10613
f 7179 6291 7180
f 12252 8848 12955
f 8000 4604 6605
f 4456 12772 3542
f 76 77 13562
f 77 76 11041
f 8909 11770 6555
f 8581 3628 10984
f 10956 9854 9850
f 6953 5025 12403
f 8000 5479 11644
f 5707 6817 11527
f 3323 11095 8311
f 5706 7648 12161
f 781 782 12243
f 9525 10421 10309
f 12105 10576 8259
f 8257 7319 11698
f 5392 7564 4470
f 8334 10613 10614
f 123 122 8485
f 123 1915 122
f 6218 5512 4616
f 7029 12689 9341
f 7756 7832 5173
f 2903 4053 5074
f 10899 7503 7509
f 9244 12822 13058
f 5347 10358 7263
f 13187 13221 11658
f 12206 2168 6342
f 5002 4087 5003
f 6545 8545 4059
f 7676 9018 4802
f 6698 1540 12087
f 6754 6753 26
f 8479 5969 11788
f 5707 8097 8103
f 6816 5702 8096
f 6559 9855 7650
f 13580 7643 6172
f 9700 5478 7425
f 5171 8168 5476
f 8748 5467 5818
f 8296 12076 6205
f 13418 8131 4099
f 921 5921 12521
f 7756 5173 5027
f 8013 1564 5515
f 3920 7431 2827
f 7268 9611 12790
f 3754 13074 11457
f 9481 8394 10635
f 8844 11247 12524
f 11705 12917 3796
f 1925 9594 10526
f 10944 10366 7300
f 12220 12249 5399
f 2683 4544 4175
f 1441 7356 9285
f 5695 6169 9509
f 7195 11727 5761
f 8649 5387 12614
f 10752 9593 7214
f 7353 9910 1039
f 7353 1039 9572
f 2951 3723 5777
f 5683 9823 9333
f 11013 36 1841
f 4945 5555 6022
f 7894 4225 8594
f 10074 12053 9006
f 11493 8549 7168
f 12653 10241 6875
f 7063 9231 12690
f 3796 10373 10668
f 9231 12051 12690
f 7297 9627 8645
f 11098 1539 11038
f 9474 6392 7628
f 10043 11475 9262
f 5681 12898 10186
f 3178 13219 10369
f 9150 9546 6243
f 1041 11324 8528
f 11363 11583 11503
f 7857 9154 11209
f 9833 12262 8905
f 5423 8455 7953
f 8904 5423 7953
f 12058 10288 12917
f 10387 12581 11721
f 10623 11296 11902
f 4563 7959 8678
f 10288 4563 8678
f 7302 3795 13462
f 9001 6812 9839
f 8695 8694 10822
f 10288 12910 12917
f 10463 7781 7780
f 9833 9338 8902
f 10823 9120 4574
f 10623 10823 4574
f 9953 11249 9013
f 10474 10166 9783
f 13027 10408 6693
f 7632 8904 7953
f 7970 5121 4220
f 12813 4949 2858
f 5957 9428 6149
f 5122 12455 11778
f 9001 8904 8903
f 13552 8151 13386
f 2448 3352 6010
f 9838 8456 4563
f 10489 9838 4563
f 2249 5650 4453
f 8455 7081 7079
f 7953 8455 7079
f 10229 10228 9187
f 10401 13038 10402
f 8647 10667 1321
f 9839 7954 5423
f 9001 9839 5423
f 6934 1440 8457
f 9262 5385 10200
f 7301 12677 11562
f 9664 7744 8693
f 9664 8693 10169
f 5423 7954 8455
f 12581 6730 10805
f 1951 1953 1949
f 1245 5297 6691
f 10816 8458 6180
f 8550 5376 4454
f 12581 10805 11721
f 13228 8651 2255
f 9001 5423 8904
f 10824 10102 11542
f 11367 7556 7140
f 4563 8456 7959
f 5386 11704 7628
f 10696 7458 10695
f 9574 7353 9572
f 9910 7355 6730
f 7632 9838 10489
f 10288 8678 12910
f 10264 9516 7824
f 9839 11721 7954
f 10288 10489 4563
f 10489 10288 12058
f 9838 7079 7080
f 1039 12581 10387
f 4077 1039 10387
f 9838 7632 7953
f 9838 7953 7079
f 9838 7080 8456
f 10786 7815 11590
f 9661 11346 9268
f 6812 9569 4077
f 5694 5420 7630
f 9514 7630 5420
f 7696 11492 6440
f 11813 10730 11784
f 12581 9910 6730
f 1039 9910 12581
f 1039 4077 9572
f 5695 10489 12058
f 12494 7855 5848
f 7634 9264 10545
f 7623 10200 8647
f 12588 4919 9360
f 9940 9939 9006
f 8068 11366 12466
f 3868 12646 4974
f 6909 9026 11124
f 10674 4975 8592
f 5385 5925 10200
f 10716 12254 12181
f 12655 9904 939
f 12126 6771 8329
f 10200 8648 8647
f 8648 10200 5925
f 9264 9077 10545
f 6391 5692 11259
f 10583 9377 9842
f 5041 6449 10134
f 6888 10134 6449
f 9428 7412 10424
f 7119 10424 7412
f 1334 6410 3205
f 12860 13333 10538
f 11867 12209 6602
f 6344 6348 5895
f 10309 8731 7829
f 8735 3896 10856
f 4622 8735 10856
f 8464 8283 10592
f 8219 4281 3024
f 3735 12485 13379
f 10606 2435 10605
f 10606 13179 2435
f 5748 5934 9873
f 2584 7324 7320
f 5186 3742 6659
f 10058 12954 6330
f 7461 8617 10250
f 12912 10306 12913
f 7411 9715 13333
f 7411 6333 9715
f 13469 6830 7684
f 5169 10862 10863
f 6204 4604 13299
f 9602 12903 13030
f 8126 12691 12415
f 7750 12485 7393
f 7090 3286 11347
f 7127 12095 10320
f 3629 11279 8413
f 5445 6943 11461
f 5946 9659 10097
f 2838 7109 8487
f 393 4245 394
f 393 394 1290
f 10529 10758 12237
f 9713 9712 13101
f 7411 12860 2435
f 12237 7411 2435
f 9436 6349 6348
f 8285 10592 9684
f 5531 6448 7465
f 12804 3932 5513
f 10250 9201 9272
f 358 1926 9119
f 4381 358 9119
f 3628 10219 10984
f 11724 5530 11711
f 7058 2838 6580
f 1721 6314 8578
f 5899 6896 5901
f 3627 13034 3621
f 6431 10101 8062
f 6431 6430 10101
f 4622 9140 7457
f 13300 10471 8344
f 8970 1186 4874
f 6969 10609 13382
f 8614 7115 8492
f 11322 7975 9053
f 6487 11059 6002
f 7975 2430 11619
f 7975 11322 2430
f 6222 9712 9713
f 8600 8724 3736
f 7071 13053 8449
f 4101 12144 10218
f 4979 9200 5159
f 7391 12188 7094
f 3813 7340 11502
f 9959 12849 9960
f 4473 10375 4475
f 9483 10638 9482
f 5887 13179 3289
f 1496 7750 7393
f 8302 6479 5987
f 9368 5194 5833
f 5105 5286 10004
f 11906 11817 9309
f 6292 10044 7179
f 5746 5931 4484
f 10130 10603 6002
f 9435 8619 11571
f 4943 8171 7839
f 5493 11234 12542
f 6926 5273 9405
f 10844 6942 5950
f 10439 13490 11711
f 5901 5035 3743
f 7750 7983 13379
f 13560 13322 13477
f 11385 9710 9692
f 3316 8304 3327
f 3069 575 573
f 13479 5887 3289
f 9687 5832 12545
f 5193 5041 8318
f 6745 12442 9697
f 3220 4510 2743
f 12144 4101 6317
f 4334 3073 9021
f 4585 8463 10514
f 10513 4585 10514
f 11323 11322 8415
f 11873 6888 6449
f 9521 10678 11285
f 12850 8581 10005
f 5781 9357 11867
f 2294 1799 4154
f 3504 1674 4760
f 7940 9635 11662
f 13179 12237 2435
f 7420 8760 5482
f 8733 12236 12133
f 11206 8484 7107
f 9437 10130 6002
f 4087 12082 5003
f 9436 6344 6347
f 8488 7111 5512
f 8913 4792 10961
f 8664 9035 6929
f 156 155 2869
f 156 13607 155
f 10645 12849 3631
f 8566 7643 9850
f 8284 5448 8723
f 458 13114 12944
f 6758 13455 8006
f 10645 6881 11269
f 6178 9102 6131
f 10843 11323 3631
f 9890 7688 8413
f 10868 5525 5039
f 6836 13458 9686
f 12172 9890 11279
f 5790 11766 5331
f 10057 6603 11517
f 7753 9687 9686
f 7839 7445 8779
f 1295 2718 1294
f 9441 10604 5040
f 11221 938 11375
f 7339 8667 10090
f 2264 13478 11640
f 10506 12572 11068
f 10843 2430 11323
f 2430 10843 8280
f 11817 6222 9309
f 4593 11572 10424
f 10438 4593 10424
f 10765 22 12853
f 10318 5540 10852
f 514 13358 304
f 12317 514 304
f 4306 2110 2112
f 2103 3041 2106
f 1309 3785 3510
f 4310 4311 539
f 2663 720 11936
f 4020 901 1650
f 4018 3462 2532
f 4311 4312 542
f 323 4312 4313
f 4161 12744 12397
f 2234 4760 4761
f 5411 4885 12369
f 553 555 3785
f 553 4318 555
f 2121 4312 4311
f 4019 3466 1310
f 13268 4029 1109
f 5964 5963 3303
f 1533 4321 2147
f 1533 4322 4321
f 3141 4020 4418
f 3060 2818 2153
f 4439 4438 1311
f 1533 2153 4322
f 4532 3710 3711
f 323 12379 12361
f 1801 5114 1802
f 4785 9815 10724
f 3143 4020 1650
f 324 4310 539
f 12998 324 539
f 642 2233 1679
f 3049 537 2119
f 11895 7415 5461
f 4019 645 1649
f 3464 4419 13146
f 4300 326 3907
f 546 11752 12812
f 4316 4315 2130
f 2132 2131 2134
f 3512 320 568
f 4323 568 320
f 2446 560 4937
f 1311 3786 12342
f 643 2234 1675
f 3056 2137 2133
f 6417 4921 4534
f 8944 4724 12379
f 12989 4883 4882
f 5115 2663 721
f 987 1801 988
f 4036 1675 2233
f 1362 336 11018
f 1860 1397 12578
f 8107 12562 4471
f 4157 2298 4158
f 2048 1257 12278
f 12413 12489 10939
f 8944 2555 900
f 3511 1681 4040
f 3400 5602 3967
f 3143 1650 3466
f 2118 2121 4311
f 3236 4157 3835
f 4765 1123 3157
f 3046 3047 2114
f 9676 10832 12885
f 10832 9676 5017
f 1675 2235 2233
f 558 562 6519
f 562 558 2146
f 3834 3701 12396
f 719 2662 720
f 8957 3250 738
f 2536 6261 4418
f 8914 7660 10736
f 2470 13180 3367
f 4531 2956 2663
f 4308 4307 2114
f 9409 8672 4561
f 2123 2124 4313
f 13252 324 12998
f 4417 2536 8947
f 566 2156 2154
f 8805 8755 6488
f 3140 13252 12998
f 311 312 1532
f 312 311 2747
f 3143 4418 4020
f 4163 7206 1805
f 4317 4316 2133
f 324 535 3908
f 324 13252 535
f 902 1309 3503
f 3143 2536 4418
f 2349 100 101
f 4893 101 100
f 903 12383 4764
f 644 4761 4763
f 13197 8145 9591
f 12695 12697 6734
f 3706 990 4884
f 12946 4126 4124
f 4020 878 901
f 2663 2956 720
f 8160 13353 3814
f 313 3702 544
f 5163 313 544
f 1534 10994 6648
f 1871 2976 4200
f 3504 2234 643
f 3236 3835 4530
f 3705 12989 4882
f 12812 548 4932
f 6318 5760 8922
f 13008 8975 2445
f 2428 453 4977
f 4883 2748 548
f 550 4933 4932
f 8944 12379 4762
f 13140 6637 4602
f 12361 13146 4722
f 4764 1682 6616
f 4883 12989 12336
f 2297 2956 2298
f 4312 2123 4313
f 12379 4724 12361
f 3464 12361 4724
f 9423 9945 8599
f 4322 4323 320
f 2556 4437 2555
f 6415 3241 5116
f 12998 4722 13146
f 4722 12998 539
f 323 12361 4722
f 2117 4310 3908
f 324 3908 4310
f 4198 6 777
f 322 4762 12379
f 322 4313 4314
f 322 323 4313
f 323 322 12379
f 6336 11053 6335
f 3689 12394 3691
f 2142 2144 2141
f 629 898 899
f 4315 4314 2127
f 3702 4882 544
f 12215 2135 4934
f 2117 2118 4310
f 2135 4933 4934
f 4310 2118 4311
f 2123 4312 2121
f 2656 11615 4877
f 3140 13146 4419
f 3140 12998 13146
f 12396 3701 540
f 548 550 4932
f 548 2748 550
f 4314 2124 2127
f 815 3020 3734
f 8637 10157 7922
f 3464 13146 12361
f 6419 9646 10483
f 9646 6419 2411
f 2956 2297 719
f 1680 4037 2896
f 629 1650 898
f 4313 2124 4314
f 8944 900 4724
f 11672 6784 8344
f 10394 2414 6844
f 10394 10618 2414
f 12532 3105 5573
f 8630 8230 7255
f 8771 11984 2455
f 4654 3117 4659
f 8672 12472 11284
f 12775 6634 970
f 9059 5944 4567
f 3889 12673 6189
f 6419 8669 5416
f 8669 6419 10939
f 4514 704 7343
f 10092 9649 12612
f 10092 5417 9649
f 3009 1998 3010
f 6414 6546 13122
f 5681 6547 9815
f 12203 3118 1605
f 4561 8669 12062
f 4561 8672 8669
f 12062 10939 12489
f 9969 8637 7922
f 11893 8672 11284
f 9652 4219 3264
f 3827 971 972
f 7016 11103 3546
f 9059 6731 10306
f 9646 10188 10483
f 2634 971 1167
f 10188 12075 4515
f 12062 7604 13468
f 5680 4070 9813
f 5256 9048 8556
f 4881 2662 719
f 10833 2429 13110
f 2429 10833 7388
f 13262 13439 1349
f 13441 239 8668
f 12075 8668 239
f 12366 4515 3827
f 6627 5082 11077
f 6731 9673 8676
f 10240 4072 10331
f 6844 12882 12697
f 4144 3677 1774
f 12155 4516 7343
f 13499 167 4651
f 9648 5151 11313
f 12898 9648 11313
f 9673 11284 8676
f 4163 3239 992
f 11077 13161 5409
f 8669 8672 5416
f 12075 10188 8668
f 10122 4601 12177
f 3759 11637 5913
f 9775 6614 8839
f 2632 12075 239
f 4139 2946 11935
f 4928 12213 4927
f 8840 8057 10916
f 1771 3221 702
f 2276 1771 702
f 1889 787 13021
f 8968 3671 4141
f 3221 8968 4141
f 3266 8590 9113
f 4383 2191 3113
f 13421 10802 13468
f 5082 5148 11077
f 5257 7171 8551
f 3266 13092 9410
f 3222 3828 13166
f 7830 8472 8760
f 6627 7604 12489
f 414 13565 260
f 1286 851 1285
f 421 11607 1486
f 1771 971 8968
f 2626 2625 12774
f 595 2479 4915
f 8135 5935 8934
f 3979 2197 12985
f 9019 1726 9496
f 2664 4160 1189
f 5449 4351 7985
f 5460 5449 7985
f 4317 2133 2137
f 6616 4042 321
f 624 6791 4720
f 4318 4319 555
f 4319 2143 2146
f 4036 1681 1675
f 11557 5951 13239
f 2897 4042 1682
f 13301 11715 8121
f 4161 12397 13368
f 319 568 3909
f 319 3513 568
f 2300 995 12993
f 2169 6893 10349
f 2149 2148 2145
f 10521 6417 13344
f 10583 10582 8266
f 9377 10583 8266
f 1215 1396 2350
f 3512 1122 320
f 992 3838 3241
f 5338 7485 6356
f 11143 10594 11361
f 2130 4315 2127
f 2817 3059 2150
f 12169 11883 4588
f 6014 5558 8329
f 6007 11811 10608
f 9353 11294 9235
f 2555 4437 900
f 547 549 2555
f 549 547 4315
f 1309 902 2557
f 1309 3510 3505
f 564 566 2154
f 11143 13245 10594
f 5334 9274 10147
f 3049 2118 2117
f 6165 6707 1646
f 3052 2124 2123
f 7517 5346 3383
f 549 4315 4316
f 8964 11669 6917
f 11241 13102 13309
f 562 2239 6519
f 566 12402 7098
f 897 1123 2558
f 3511 1675 1681
f 2237 1311 3156
f 12455 10266 11778
f 903 4764 1121
f 564 2154 2151
f 11834 11143 11504
f 2229 1669 6370
f 4320 4321 321
f 9403 11576 9033
f 5871 7026 7644
f 1300 6707 6165
f 3138 2222 2221
f 6226 13063 9249
f 10316 9249 9732
f 3512 1121 1122
f 2149 2446 6648
f 2465 7496 1576
f 12151 19 1853
f 9949 6864 9011
f 3235 1799 12247
f 2142 4935 4936
f 7399 11834 11504
f 4321 4322 565
f 6616 1682 4042
f 3144 3145 884
f 4321 4320 2147
f 3786 3511 4040
f 4321 565 321
f 6616 321 565
f 7902 7903 9270
f 2814 2095 3037
f 5449 9914 10416
f 12548 5449 10416
f 547 322 4314
f 322 547 4762
f 6400 667 8917
f 1706 928 4472
f 3786 1311 2237
f 3504 643 3156
f 4764 6616 1122
f 13068 7671 10292
f 547 4314 4315
f 4762 547 2555
f 2663 2665 721
f 2239 562 4042
f 5460 13557 2820
f 4317 4318 553
f 10308 11186 13239
f 4041 1682 4040
f 2556 12381 2557
f 549 2556 2555
f 4318 2140 4319
f 1309 2557 3785
f 558 4319 2146
f 558 6519 3510
f 11888 12633 9537
f 5449 5460 9914
f 3785 555 3510
f 3510 6519 3505
f 562 321 4042
f 562 4320 321
f 4320 562 2146
f 1357 2749 3838
f 11888 13063 13112
f 1806 4888 1191
f 3050 3049 2120
f 2557 12381 3785
f 2557 902 5616
f 4318 2137 2140
f 13354 11578 2798
f 2239 4042 2897
f 4318 4317 2137
f 2139 3057 2136
f 551 4317 553
f 551 553 12381
f 3786 2237 3511
f 2556 551 12381
f 2556 5616 4437
f 551 4316 4317
f 1357 3838 3239
f 549 4316 551
f 2556 549 551
f 2556 2557 5616
f 1535 4323 2153
f 1535 3909 4323
f 1123 4440 3157
f 2142 2141 2138
f 11861 4587 5951
f 903 1121 12382
f 11754 3386 11713
f 9061 9693 10022
f 6357 6356 8023
f 3298 3912 6854
f 4551 12349 1217
f 13528 9591 6831
f 4764 12383 1682
f 10973 3614 6129
f 9258 3167 6916
f 2160 3301 1572
f 3575 3572 8389
f 11167 10795 8655
f 8191 4961 4955
f 5871 11569 7026
f 5009 3856 1019
f 3588 5710 8398
f 9390 6159 6640
f 5907 9024 10557
f 12529 7902 9270
f 14 13360 2552
f 4447 6376 12079
f 8098 12490 3576
f 8995 5547 6772
f 1025 1419 4556
f 5262 6288 6289
f 4081 6267 5617
f 7724 12462 8221
f 3355 11038 1539
f 6533 5640 4445
f 6375 6376 7283
f 8606 12024 5024
f 649 4441 8534
f 4459 9632 923
f 6273 6594 11560
f 9263 9841 10952
f 5722 10211 4795
f 2823 12808 2824
f 9062 6335 11628
f 12024 4605 3311
f 6861 3949 11098
f 1687 5855 4050
f 6037 12420 3383
f 4450 8979 13525
f 8640 5361 9098
f 6652 5165 5888
f 11262 4795 13450
f 642 4036 2233
f 9901 11559 11301
f 7757 5978 5979
f 5971 11436 8294
f 5852 5620 2921
f 2923 10242 7798
f 8562 4468 4469
f 8516 6041 3384
f 11620 10705 6979
f 9737 7488 6009
f 5817 13183 5466
f 11568 5839 6583
f 12503 12487 5046
f 13180 5562 3367
f 3141 4418 9097
f 3550 4068 8376
f 1706 3186 1133
f 5115 3238 722
f 12533 7177 5620
f 13411 7031 3595
f 5463 7250 5202
f 644 2235 4761
f 9981 10579 10577
f 7797 5708 9846
f 1317 5802 654
f 6652 7223 12786
f 6341 8609 11510
f 7122 7494 6972
f 5137 5801 3788
f 1704 9340 7025
f 12410 8821 5221
f 2698 574 2699
f 8193 8535 5855
f 3610 7801 3609
f 1316 13154 5800
f 5165 6652 6578
f 2182 7495 10148
f 2472 6020 2470
f 5565 6023 6022
f 3360 7769 10237
f 7798 10242 11114
f 11114 6586 11694
f 11026 6202 1542
f 11126 6755 6954
f 12487 5044 5046
f 8981 4468 3186
f 4332 4330 3919
f 8828 11805 10280
f 4331 8606 6337
f 5472 6456 6457
f 8244 8964 6917
f 9979 9405 5927
f 8610 8608 6340
f 6637 13140 2161
f 2160 1572 820
f 11078 13288 6210
f 6915 1694 8243
f 4794 3586 4791
f 6926 9405 9979
f 6980 6025 6020
f 12561 6557 6556
f 7755 7757 13176
f 1696 9955 5860
f 5094 12388 5095
f 4994 4956 11455
f 8563 7177 7026
f 3079 2172 4338
f 8247 3790 5920
f 8655 10795 9635
f 10691 7452 8148
f 3097 2850 3099
f 4635 6233 8502
f 7938 4474 7939
f 5802 4917 654
f 9011 4647 7528
f 9909 7318 10793
f 12974 4365 6360
f 5839 6972 7494
f 7502 586 6699
f 13036 11990 9625
f 7458 11208 1569
f 6013 6861 2465
f 5167 8468 7721
f 8910 11569 6586
f 5870 7027 5872
f 5021 1539 11098
f 5851 3158 12256
f 4800 8920 4799
f 4994 12256 4956
f 3919 12529 9270
f 3190 6400 6399
f 6400 3192 667
f 11569 8563 7026
f 8167 4939 2825
f 5827 7706 10865
f 9270 7903 8607
f 12529 3919 6336
f 6475 7442 6215
f 4984 6894 12462
f 2834 8482 11633
f 7859 13376 8641
f 5871 7644 5710
f 7621 7622 5085
f 11262 13450 8107
f 12529 6336 9062
f 8498 5836 6972
f 912 5137 913
f 10967 10498 4797
f 5372 5369 8195
f 11062 13190 3375
f 7731 9232 4453
f 11449 12085 8818
f 3100 4362 4365
f 2162 11851 11623
f 1267 1266 3311
f 107 2661 2955
f 6629 6818 7646
f 11000 926 928
f 11473 5992 5993
f 12219 5277 5098
f 1711 1714 1708
f 582 584 583
f 4791 11278 9851
f 1686 5067 9459
f 8562 4469 7314
f 13392 6715 6716
f 9955 1696 8964
f 9399 11184 9400
f 5044 11799 7770
f 6025 11448 12686
f 11808 8827 4369
f 12876 7638 7640
f 7018 9169 9828
f 12453 5805 6643
f 8807 3355 1539
f 5068 9558 3572
f 10228 10361 10227
f 13169 8027 8810
f 8165 3949 6013
f 5919 10664 5920
f 7966 10585 12616
f 7122 2465 1576
f 12808 2823 9429
f 7527 10560 9940
f 13203 6319 5761
f 3124 1622 4396
f 912 4449 4446
f 8910 6289 3580
f 4327 5316 8603
f 4357 4356 12765
f 11076 7164 5248
f 7519 6038 6037
f 2250 2248 920
f 6013 3949 6861
f 11089 13050 11220
f 6911 3163 2900
f 13170 6583 6019
f 5464 5167 8220
f 4327 8604 5024
f 5137 5800 5801
f 4363 4362 2850
f 4048 5068 6668
f 8977 2182 4357
f 8977 4359 2182
f 5021 8325 1539
f 6521 2244 906
f 7285 7284 7283
f 1575 12765 1574
f 13154 6378 5800
f 4035 1673 2461
f 3238 5411 1805
f 2098 2097 3038
f 12398 2675 1810
f 2536 627 8947
f 10564 7732 10565
f 644 645 2236
f 10491 4461 7633
f 1679 645 1310
f 3236 2296 2297
f 3 4 4201
f 3 2884 4
f 3911 12282 2158
f 4019 627 3466
f 1206 752 4191
f 10668 11201 2730
f 8962 2524 4717
f 1675 2234 2235
f 2956 4531 2298
f 7826 10307 9241
f 13068 4802 7671
f 313 5163 13008
f 1804 722 1805
f 5411 2957 1805
f 1096 2534 2532
f 22 23 1850
f 22 10765 23
f 2887 1676 1677
f 5327 7114 7115
f 13008 2445 540
f 1679 2233 2236
f 9 5008 8
f 3462 9 8
f 3706 12336 989
f 2120 3049 2119
f 13088 7984 11056
f 898 1650 901
f 10206 9173 10731
f 4308 2116 3908
f 3710 4532 12369
f 4876 985 13444
f 1679 1310 1678
f 3504 3156 3508
f 1797 984 13440
f 550 2748 2666
f 3236 4530 1802
f 627 628 8947
f 3237 4531 722
f 3143 3466 627
f 2296 1802 718
f 3708 3710 12119
f 2136 2132 2134
f 12067 1392 12113
f 1868 10 4197
f 2445 538 540
f 12396 540 538
f 4147 2639 1780
f 2957 5411 12369
f 2237 3156 643
f 2297 2298 4157
f 3238 4885 5411
f 2296 3236 1802
f 4019 628 627
f 1092 2531 2533
f 2976 778 2979
f 4019 1649 628
f 1092 2530 2531
f 12347 6261 4417
f 4885 12119 12369
f 1679 2236 645
f 13202 12477 11566
f 314 11410 543
f 2955 2661 4156
f 2294 4527 11615
f 3139 2533 3463
f 4884 990 4158
f 2132 3055 2129
f 3695 1356 2746
f 2956 719 720
f 5115 4531 2663
f 4883 12336 2748
f 987 12247 1801
f 12549 12083 7485
f 3705 4882 3702
f 12812 11410 545
f 2666 4884 2667
f 1678 629 899
f 2235 2234 4761
f 1678 1310 629
f 3710 12369 12119
f 2296 4881 719
f 3143 627 2536
f 4881 2296 718
f 3136 623 4411
f 3238 5115 721
f 722 3238 1805
f 2236 2233 2235
f 3233 11011 1356
f 4532 3711 1357
f 3504 3508 1674
f 3048 3049 2117
f 3237 722 1804
f 11752 543 11410
f 2957 4163 1805
f 2551 2238 4440
f 1679 1678 12712
f 12214 2135 2131
f 5760 3625 12987
f 2665 2663 11936
f 7619 12065 11574
f 3238 721 4885
f 4017 1094 2532
f 313 3701 3702
f 5163 544 543
f 3462 4017 2532
f 4531 3237 2298
f 4531 5115 722
f 644 1649 645
f 3707 721 2665
f 3054 3055 2130
f 3142 877 9097
f 313 13008 540
f 3701 313 540
f 4035 3948 12374
f 2957 3239 4163
f 3707 4885 721
f 3511 643 1675
f 3707 12119 4885
f 314 543 544
f 4882 314 544
f 7725 3084 7470
f 3062 3912 2819
f 12885 10832 12566
f 4883 314 4882
f 314 4883 545
f 314 545 11410
f 12812 11752 11410
f 10994 2151 2148
f 11578 7399 11504
f 3235 12247 987
f 546 12214 2128
f 11677 13487 2044
f 2237 643 3511
f 3706 2748 12336
f 2748 3706 2666
f 4760 4763 4761
f 12067 341 1392
f 4038 3509 3508
f 4889 12758 2300
f 2131 2135 2134
f 3706 4884 2666
f 3236 2297 4157
f 2298 3237 4158
f 3714 1193 2673
f 9605 6225 8497
f 9357 11613 8597
f 4532 1357 3239
f 2957 4532 3239
f 9194 10540 8497
f 3140 4419 11428
f 9442 5532 5533
f 10236 9194 8497
f 6225 10236 8497
f 6111 5094 3595
f 10109 10110 11056
f 7401 11338 9128
f 12567 9729 9443
f 2797 9299 2799
f 6850 10851 9944
f 7988 12931 9733
f 905 6669 925
f 9128 7218 3894
f 11543 13088 11056
f 470 2058 2806
f 13088 9944 7984
f 11351 5508 5535
f 8182 12861 9540
f 2054 4283 2052
f 11885 8117 8207
f 5737 3611 2586
f 5835 10030 7845
f 10109 11056 7984
f 12861 6582 9540
f 9735 5540 6767
f 9208 7740 8142
f 7387 11142 6191
f 7988 10679 12931
f 11216 7383 10105
f 5442 10105 7383
f 8228 12861 6225
f 8625 9604 2177
f 6850 9190 2044
f 6446 6662 9733
f 12931 6446 9733
f 9735 6767 8286
f 9735 8286 9425
f 13115 11144 9425
f 9734 5450 10596
f 13115 10596 5450
f 10030 10114 7845
f 10223 10244 9882
f 12836 10259 9348
f 9067 11584 10447
f 9522 10112 9896
f 10502 8118 10260
f 9915 6193 6739
f 12057 10277 10445
f 9902 5276 10335
f 10236 6225 12861
f 9519 9241 10106
f 9962 9380 8212
f 11543 9735 13088
f 8182 5540 9194
f 10317 6662 7121
f 12567 6581 6582
f 5198 7476 10700
f 4942 2839 9139
f 2958 4164 3240
f 9370 6767 9540
f 12567 6582 9729
f 11186 11926 4588
f 5782 5781 11867
f 11144 6850 9944
f 2797 2799 3893
f 2797 3893 9896
f 11879 9067 10447
f 9067 11879 10540
f 7242 5333 7241
f 10446 5537 7482
f 9961 11268 9019
f 10552 10553 8227
f 7988 9683 9299
f 9522 11338 10112
f 10775 3945 10658
f 5199 11584 5835
f 5165 3917 5888
f 12931 10679 10112
f 6446 7987 10114
f 10030 6446 10114
f 8653 13465 6397
f 12567 10539 6581
f 11910 13234 7858
f 7726 10447 3085
f 8726 9127 9682
f 7242 5905 5333
f 7241 10315 10876
f 12289 11622 4169
f 10907 13103 10154
f 13232 5042 11497
f 9370 9734 10596
f 6637 2161 2164
f 10110 2799 11056
f 2799 9299 11056
f 3335 3942 6224
f 7987 10112 11338
f 5835 11584 9067
f 5835 7121 10030
f 7121 5835 9067
f 8228 6582 12861
f 8228 10879 6582
f 9370 6581 9734
f 10317 10540 9194
f 10318 10317 9194
f 9370 9540 6581
f 11168 3284 7748
f 9370 10596 8286
f 13115 8286 10596
f 13115 9425 8286
f 12931 10112 7987
f 6446 10030 6662
f 6446 12931 7987
f 11144 9944 9425
f 11144 9190 6850
f 11613 6328 10527
f 8585 11216 11700
f 13483 8701 6056
f 5596 5062 11714
f 80 9805 81
f 13355 80 81
f 8696 12045 5154
f 492 496 2076
f 1303 13506 4426
f 3484 637 13268
f 1522 11843 13358
f 2891 3491 4031
f 6045 3391 6985
f 498 494 4291
f 498 4739 494
f 11852 637 13151
f 879 4420 630
f 9517 12527 10674
f 5915 6374 4434
f 7010 8366 9325
f 4905 997 998
f 8906 656 6395
f 6786 5607 7143
f 1594 13310 9453
f 3045 530 3046
f 2952 12368 1788
f 1110 1111 13366
f 8349 9456 6056
f 12147 5633 12097
f 10332 9196 5698
f 5291 11024 5884
f 10389 6938 5434
f 4180 12157 2966
f 6518 4754 3495
f 1377 1378 11398
f 4716 4410 622
f 9263 5087 12618
f 12104 13234 13329
f 4290 491 488
f 2721 488 491
f 11331 3110 9974
f 8965 12471 916
f 1783 6142 4867
f 5604 6513 10161
f 10906 9924 11896
f 7380 6184 10103
f 9072 7380 10103
f 12580 5087 9263
f 1588 11904 12650
f 3565 1701 4078
f 10286 10951 10285
f 3897 7055 13156
f 6203 12459 1548
f 4522 3232 3685
f 2961 728 999
f 4183 1827 738
f 1368 1369 12760
f 2326 79 80
f 12411 80 79
f 6094 11131 9050
f 9669 3406 9785
f 3562 11953 7627
f 4871 4523 495
f 7625 10564 9831
f 12214 2131 2128
f 7373 12609 7823
f 3270 5949 3272
f 9782 12606 9762
f 10947 8897 10948
f 8700 9122 8701
f 12322 2686 2685
f 4538 1360 2308
f 2443 1514 482
f 1662 4427 2225
f 4153 4524 12757
f 45 44 1663
f 44 45 1834
f 11852 638 3149
f 3680 3683 66
f 11910 7784 13234
f 12756 639 2893
f 3230 2288 7344
f 4043 5358 4767
f 1661 890 888
f 11921 11232 2062
f 3481 332 13506
f 3031 2808 2072
f 3507 4757 1672
f 5117 2752 736
f 2323 1006 13562
f 295 296 11232
f 295 11947 296
f 10362 11526 7784
f 4523 4871 2291
f 3028 12717 2063
f 3459 2523 1089
f 7971 6187 12897
f 13442 13367 6679
f 12784 895 8954
f 3251 75 76
f 4079 76 75
f 4739 3479 494
f 2642 13502 2280
f 11157 13385 13329
f 10286 10285 13311
f 1816 469 1196
f 4200 4201 4198
f 3506 1677 1676
f 4305 4303 1529
f 4071 10284 11257
f 10362 9782 9762
f 892 1113 891
f 478 2063 2807
f 1787 1175 4152
f 2884 2525 4
f 56 1819 4177
f 2103 2106 4300
f 9082 11845 4187
f 2889 3472 4026
f 4415 2219 2221
f 3460 12976 12969
f 4742 2543 2546
f 533 536 4309
f 1868 1867 5008
f 64 1824 63
f 64 63 6142
f 7 2974 6
f 2529 7 6
f 1097 1098 1647
f 3045 3046 2112
f 3460 12969 12718
f 10736 4086 7665
f 498 4291 4292
f 1505 2442 1504
f 11232 1512 2062
f 4734 4731 3778
f 1526 1525 305
f 1003 1201 737
f 1521 4298 3906
f 525 4303 527
f 525 527 1299
f 11421 4550 4970
f 7972 5442 7383
f 2106 2107 4301
f 2103 4300 3907
f 342 4192 769
f 5355 4412 4416
f 2525 6057 4015
f 11555 10265 3268
f 4717 3461 4013
f 6358 5339 3090
f 2 3458 3459
f 2675 3716 1810
f 3839 5412 8955
f 9841 9050 10952
f 5 4015 6
f 4198 5 6
f 4857 4862 1776
f 3460 1297 1296
f 4526 715 13440
f 12718 5064 326
f 3483 8963 2541
f 882 1655 883
f 4069 7790 10626
f 2802 4571 3293
f 4198 4201 4
f 2117 3908 2116
f 3458 2523 3459
f 2072 1516 3902
f 4182 2968 1827
f 4222 3269 8276
f 2359 2 1873
f 1 2 2359
f 2 1 3458
f 1397 1860 13451
f 10232 10826 11364
f 6419 10483 10939
f 519 522 3460
f 522 519 4301
f 522 4301 4302
f 3460 522 1297
f 10122 8756 4601
f 4 2525 5
f 4198 4 5
f 2884 1089 4013
f 519 4300 4301
f 519 12718 326
f 4300 519 326
f 3139 4418 6261
f 3500 2462 4757
f 4759 3506 1119
f 3035 11407 2088
f 529 531 4412
f 529 4306 531
f 13159 4416 3775
f 8276 7824 7743
f 11 1862 4194
f 309 310 6743
f 310 309 4875
f 8001 10121 12233
f 2259 4466 724
f 4720 3463 2531
f 13294 4199 6687
f 11843 2094 304
f 1780 2639 707
f 3499 3501 1672
f 2884 4013 2525
f 1570 3948 4623
f 1003 737 2312
f 6932 6722 3234
f 7625 9831 6093
f 2101 2103 3907
f 4300 2106 4301
f 13268 1109 13366
f 879 4021 1651
f 2719 513 1301
f 4715 2523 3458
f 2521 5064 876
f 3482 8948 1112
f 4729 12743 3473
f 1520 510 2814
f 3460 1296 12976
f 2356 2355 110
f 3491 3494 2547
f 776 1870 2974
f 9122 7379 8278
f 1214 1393 1012
f 2338 91 2339
f 1826 3845 6685
f 7478 10141 11288
f 759 1209 1384
f 4720 6791 3463
f 876 12969 13266
f 3 4201 1873
f 516 3907 326
f 5064 516 326
f 1298 1296 1297
f 4858 2637 4860
f 2973 1867 6686
f 2 3 1873
f 3 2 3459
f 2884 3 3459
f 5064 12718 12969
f 1246 1925 10819
f 6124 7672 8405
f 8001 7427 11487
f 4877 716 1184
f 3479 4739 2539
f 10750 5780 10588
f 2632 703 2634
f 7211 5780 10750
f 1787 727 2682
f 4016 4017 7
f 1594 6056 9456
f 9253 6666 11650
f 3042 3041 2105
f 876 5064 12969
f 4013 3461 2525
f 9626 10564 10565
f 11420 4519 3689
f 1660 4029 11944
f 2098 4299 2097
f 4200 4198 777
f 2525 3461 6057
f 3568 2571 11597
f 4023 3471 2888
f 741 1005 2318
f 13581 7662 6561
f 632 4735 633
f 13268 11944 4029
f 9888 6892 7723
f 11248 9784 12922
f 3042 2107 2106
f 716 4873 2655
f 1095 12347 4417
f 4159 4894 1808
f 6821 8914 13581
f 2533 6261 12347
f 4873 11939 2655
f 4876 3833 984
f 4864 1350 1351
f 8972 1873 4201
f 4718 12976 1296
f 2884 3459 1089
f 4732 4733 52
f 1305 3150 3490
f 11852 4741 11944
f 2052 2803 2804
f 12771 4739 498
f 1661 2226 4427
f 9671 11151 4575
f 12897 9671 4575
f 1831 2317 2315
f 4291 494 3903
f 10372 10371 3797
f 494 491 3903
f 494 3479 491
f 4290 3902 1516
f 3478 887 4740
f 54 4025 3471
f 4538 1000 3841
f 4177 4180 4181
f 850 849 12791
f 1819 1820 4177
f 13506 485 4426
f 3029 2066 12717
f 3479 3478 4740
f 4183 4182 1827
f 5480 9696 9698
f 7253 7252 6359
f 8274 8275 13318
f 7971 12897 4575
f 9800 9801 8870
f 488 4426 485
f 3902 488 485
f 3251 2320 75
f 12678 12652 10472
f 3685 2292 2649
f 1360 3841 3842
f 12841 3174 5672
f 8522 10462 5592
f 888 13282 4425
f 5615 1107 2540
f 46 1110 13359
f 4289 3902 485
f 6940 5016 8591
f 7379 1443 5948
f 1374 1373 1838
f 11284 12472 8676
f 478 3028 2063
f 3905 12995 3036
f 2078 4292 4291
f 3484 13366 1111
f 2524 5065 2527
f 1811 2959 1138
f 13009 743 1838
f 4523 2291 1353
f 4431 2231 6371
f 2681 4906 6834
f 11608 1518 499
f 13107 8870 8866
f 3686 4152 2648
f 6612 5057 7710
f 8876 8870 6536
f 10388 8386 9655
f 6939 10388 9655
f 4870 12368 2952
f 5974 12373 5174
f 2336 89 757
f 2074 3903 4290
f 2068 2067 2070
f 921 6389 13010
f 12075 1167 3827
f 4897 4172 4539
f 11147 12504 6775
f 887 886 4028
f 2074 4290 1516
f 331 12771 498
f 331 498 4292
f 76 11597 11041
f 10188 4515 5678
f 4712 4711 2520
f 4461 3562 11551
f 10827 6056 8701
f 9122 10827 8701
f 7291 8246 12141
f 5066 3473 881
f 4296 2088 11407
f 3028 478 2064
f 5082 12489 12413
f 488 2721 4426
f 4290 488 3902
f 2721 1303 4426
f 1594 13483 6056
f 3026 465 2803
f 2647 712 4870
f 4182 1828 2968
f 4223 6940 12609
f 332 4289 485
f 13506 332 485
f 710 8985 2289
f 1668 11899 4428
f 2372 4555 5939
f 4289 2072 3902
f 4290 3903 491
f 6186 8696 5154
f 7858 6258 9784
f 8696 7745 12045
f 5949 6187 7971
f 2537 631 3468
f 2225 636 11624
f 13181 11247 6786
f 29 9698 9694
f 1116 4746 11899
f 2090 3035 2087
f 9395 11670 5371
f 6187 11226 8697
f 3480 3147 889
f 13181 6786 9557
f 1515 12371 11959
f 3831 3232 4522
f 12115 998 7076
f 1659 889 3147
f 3613 12672 10290
f 2058 2059 474
f 7742 10264 7824
f 76 13562 12785
f 10178 6539 13235
f 7379 5016 6186
f 3479 2721 491
f 3479 4740 2721
f 4740 1303 2721
f 4740 3480 1303
f 1303 4425 13506
f 3032 2809 2074
f 13149 479 1304
f 3901 13430 2063
f 9667 3270 3872
f 12671 3564 7633
f 11515 1924 13582
f 10582 12137 10403
f 3270 4222 5435
f 4032 1666 6370
f 11693 11832 8893
f 6872 8196 2912
f 10584 9267 7821
f 8892 10543 10628
f 12574 11359 5604
f 7425 5478 5469
f 6808 8087 12941
f 10305 5295 11973
f 9331 3553 9818
f 13084 13098 7616
f 10942 11832 8891
f 3105 12532 11196
f 10470 8060 8054
f 9450 12700 7969
f 9416 9450 7969
f 9354 1922 9355
f 7212 11627 11759
f 9650 12851 12645
f 12933 12386 7603
f 9210 10263 4218
f 12962 6144 8419
f 6460 9700 11161
f 5646 6071 5072
f 12933 7603 12926
f 921 13010 5921
f 8213 4217 7048
f 5686 11712 5685
f 8683 12855 7893
f 3754 8432 3395
f 6917 6916 5248
f 12100 11426 13544
f 9048 4069 10626
f 9552 9071 8836
f 4893 99 4895
f 12180 10473 8189
f 451 269 4272
f 451 598 269
f 7968 3968 13536
f 10392 11141 5294
f 7015 8369 6625
f 2004 12211 2008
f 13243 5296 8677
f 5838 5837 12087
f 5417 10016 13092
f 6993 7377 12264
f 5295 13128 9112
f 8089 12386 10187
f 11777 4057 10283
f 6276 9559 5245
f 6885 5884 12519
f 8589 6323 10524
f 13091 10628 10629
f 10581 13091 10629
f 1999 2003 4262
f 10899 11683 5559
f 7614 9334 10197
f 10341 7614 10197
f 8671 10187 10191
f 10305 8671 10191
f 4071 11257 11256
f 11693 5685 11832
f 8213 9226 8686
f 12662 8682 9410
f 11506 6255 8525
f 11654 9891 9266
f 12933 12926 8887
f 8634 11940 7538
f 11214 10725 3558
f 12872 10305 10191
f 10093 10191 6549
f 10093 12872 10191
f 9331 9221 9889
f 12662 8677 9287
f 5682 10804 8886
f 6549 10191 10187
f 5417 9361 9649
f 8271 9290 11816
f 9331 9889 5677
f 6809 8885 7790
f 8682 12662 9287
f 9889 7790 8885
f 6784 5597 13300
f 11844 2502 2209
f 10329 9465 8364
f 6667 10164 5432
f 6735 5432 10164
f 8832 1590 5595
f 11214 10484 10725
f 10581 9354 12525
f 16 3499 4035
f 5553 7503 5559
f 5910 4375 12862
f 7967 7365 7366
f 11588 13544 11426
f 10814 8161 10534
f 3263 10486 5292
f 7174 8888 9821
f 5567 8633 2854
f 7603 10042 12926
f 5150 7820 6179
f 1469 2782 1962
f 8686 9226 7891
f 8200 5684 13514
f 7603 12386 9163
f 13489 2765 9288
f 6809 7790 4069
f 12063 11821 9112
f 11297 9930 9469
f 7711 13589 11657
f 5677 8552 3553
f 3974 1062 1597
f 5296 9287 8677
f 10092 12612 11764
f 13246 3266 9410
f 9331 5677 3553
f 13308 4217 8686
f 12594 11764 9817
f 12594 9221 6548
f 10016 9410 13092
f 13128 7820 12063
f 5081 12386 8089
f 9332 5683 9333
f 13128 12063 9112
f 5081 9163 12386
f 9409 5014 5418
f 4567 7382 11894
f 4511 3826 4513
f 5150 5152 7820
f 5150 6179 9513
f 9250 9388 5212
f 5243 5075 10283
f 12060 6179 7820
f 11832 10942 8893
f 9100 10182 9031
f 9449 7969 12700
f 9354 9355 10523
f 10814 8689 1593
f 8689 10814 10534
f 13308 12875 4217
f 5429 10393 9414
f 10301 9234 7070
f 5294 5884 11781
f 9511 10094 8677
f 1898 1897 2382
f 6987 6047 5224
f 5150 9513 4974
f 13589 10468 11657
f 8684 6732 6733
f 13300 5597 8838
f 8553 8554 11108
f 6808 12556 12949
f 7267 8237 10066
f 7603 7173 10042
f 5152 12063 7820
f 9651 11345 10382
f 3559 9651 10382
f 5564 6502 6505
f 6052 10467 8053
f 12985 1600 2864
f 1253 1252 3734
f 8968 971 2634
f 2019 438 2791
f 2037 2793 13498
f 4582 1252 13441
f 4675 1611 4674
f 12294 4582 1493
f 2632 239 456
f 12673 456 239
f 6627 12489 5082
f 9815 6547 10724
f 4967 12775 4854
f 8312 13455 8778
f 5082 13166 5148
f 12093 5670 12200
f 11672 8344 6783
f 4202 12714 13599
f 6817 10955 11527
f 9773 13300 8838
f 3222 5678 4515
f 4666 3764 2487
f 5147 1348 4141
f 6627 8378 7604
f 3891 3278 2794
f 10724 8556 3554
f 12673 3889 456
f 7605 9164 13421
f 12366 3827 972
f 453 455 4977
f 3825 2628 967
f 349 12710 1416
f 10670 13486 7350
f 4582 9646 2411
f 2041 2040 453
f 5771 4503 4502
f 6547 5681 10186
f 12366 972 11748
f 11893 6421 5416
f 3430 605 12709
f 7382 3278 3279
f 272 6788 427
f 4262 272 427
f 11334 8459 11140
f 847 2196 12283
f 10471 9773 9772
f 3266 9113 13092
f 2795 6848 1493
f 1252 12673 13441
f 2376 11929 200
f 9458 2575 2576
f 3019 2428 12117
f 11512 3106 7728
f 2479 2197 4915
f 13369 2983 4205
f 1252 1253 6189
f 4782 13006 188
f 8369 7871 7872
f 12062 12489 7604
f 4561 12062 13468
f 455 6189 4275
f 2634 703 3671
f 455 4275 4977
f 8968 2634 3671
f 7965 6430 6431
f 7591 3539 5654
f 4582 12294 1252
f 1253 4275 6189
f 1493 4582 2411
f 4852 2946 4513
f 3888 453 2040
f 9164 9647 13421
f 6550 10626 9817
f 5596 7782 5062
f 6991 8345 5606
f 9673 5440 11284
f 12695 6844 12697
f 10802 9409 4561
f 10802 4561 13468
f 3825 967 4851
f 4517 3225 9162
f 4654 1284 3117
f 265 4581 3887
f 2795 11893 5440
f 12240 3277 1042
f 8057 7964 11961
f 5911 8639 5912
f 3222 13166 5678
f 1763 1762 196
f 5417 10092 5812
f 696 697 4506
f 1409 1410 2980
f 12826 5866 6414
f 4785 12612 9649
f 6848 12294 1493
f 4967 703 266
f 11935 448 1166
f 5680 9813 10186
f 7599 5666 8883
f 7698 1760 3664
f 2016 2019 2790
f 443 4269 4270
f 1771 972 971
f 1167 971 3827
f 3514 598 12360
f 12038 9310 6352
f 10158 12464 7783
f 606 4678 3992
f 2028 442 2030
f 2042 3019 12117
f 3222 12366 3828
f 9162 6413 5866
f 5148 12740 11077
f 438 2792 2791
f 1482 1483 2426
f 2696 1232 352
f 8297 6605 6204
f 9658 11556 12912
f 2194 3114 8953
f 3890 2794 3278
f 956 3214 13028
f 1995 4258 11052
f 3981 3983 1068
f 5148 13166 3828
f 8556 6283 8199
f 9289 7963 5439
f 9289 6368 7963
f 438 2026 2792
f 6421 6419 5416
f 9361 2763 9649
f 9409 12472 8672
f 6627 11077 5409
f 6627 5409 8378
f 794 1897 3861
f 965 3218 1764
f 13010 6389 5382
f 421 1486 261
f 2742 421 261
f 4203 1407 1879
f 2620 431 429
f 4924 429 431
f 2771 2998 1456
f 6325 8590 9412
f 12213 2018 2014
f 3891 815 3734
f 3891 12294 6848
f 9361 5417 13092
f 9648 8263 5151
f 2945 12071 1768
f 1244 7893 12855
f 12454 4554 8959
f 7460 10604 11523
f 8013 5515 5825
f 5511 6216 6483
f 6951 8475 1548
f 12400 9245 7109
f 6951 13520 8479
f 3924 9137 11652
f 5969 5488 11788
f 5506 3316 3327
f 8299 6204 13297
f 12513 4611 8305
f 8850 12252 12955
f 5096 7659 13527
f 1495 5954 11517
f 3299 2449 10426
f 6481 3323 8311
f 6856 12459 7424
f 4104 7890 12046
f 6953 7832 5025
f 10493 5705 11765
f 5828 6350 6221
f 8231 10557 8232
f 9577 10735 8567
f 5932 6928 12170
f 3082 3081 6899
f 6151 5186 11875
f 8774 8485 10689
f 10310 11981 7107
f 11469 8041 5055
f 13199 10339 10513
f 7316 5394 10375
f 7705 4613 12822
f 9405 5273 5141
f 5398 5931 5746
f 807 11838 2403
f 12486 3929 6657
f 8621 11511 8150
f 11436 2828 6460
f 4820 4819 2595
f 8788 10695 10133
f 4612 6958 11658
f 5034 7836 5180
f 13402 7650 10965
f 8916 8913 13336
f 5969 7431 5488
f 12425 3618 1332
f 7650 9855 10960
f 5164 11161 9700
f 6221 6350 4341
f 7647 4792 8101
f 3752 12634 8507
f 3084 13422 4343
f 12513 10125 12542
f 1544 13299 5478
f 8578 8127 6316
f 10844 10843 3631
f 10843 10844 5950
f 8015 11189 7455
f 10376 8124 7737
f 8453 8452 5811
f 6344 11456 6347
f 9344 13194 5720
f 8745 10426 7424
f 6405 7681 7328
f 4686 393 1290
f 12146 9858 9857
f 6348 6349 4340
f 8809 8326 2466
f 12146 9857 8912
f 6134 8936 9878
f 5000 6292 12794
f 829 2171 6219
f 8126 8127 12691
f 4999 6264 1125
f 9382 9500 8149
f 3600 1327 2733
f 933 9858 12146
f 13054 5936 6411
f 5275 6301 4090
f 6291 5264 7180
f 6458 8168 1547
f 12486 6657 3332
f 10310 9433 7836
f 10634 10960 2576
f 5456 5436 6946
f 13124 11855 8857
f 5724 13109 5720
f 6089 10002 11709
f 10268 12617 3895
f 5109 11529 11528
f 10252 11236 11123
f 11208 11717 1569
f 4341 6350 5332
f 9529 11094 6607
f 7072 5143 8451
f 8463 7983 7982
f 4490 3198 3197
f 13222 8335 10614
f 5729 8112 6563
f 13026 5702 8848
f 7235 6899 11123
f 8225 7235 11123
f 11391 13402 12267
f 7648 5707 8102
f 5639 4772 13171
f 7762 3337 11189
f 4798 9860 8916
f 1142 674 3644
f 12602 9579 12680
f 9931 5705 10635
f 12622 11540 5271
f 13347 12446 9788
f 9807 6676 7593
f 9458 11802 8351
f 3539 6803 5654
f 12095 12191 10704
f 1880 2981 785
f 5168 11020 8166
f 5702 13026 8096
f 12696 7888 7889
f 8299 5028 5027
f 3081 13529 8316
f 2584 8399 11194
f 10574 11994 9404
f 6203 5476 7423
f 4111 3637 12335
f 6291 7179 7182
f 6205 13132 5479
f 7999 5476 8168
f 13520 6856 8746
f 6380 4449 913
f 8099 10493 11765
f 7648 10494 12161
f 11391 12267 9483
f 5176 7832 7756
f 7774 7699 5055
f 10043 8202 11475
f 8761 5474 7423
f 10778 12102 12136
f 6764 5902 5521
f 6927 4087 6718
f 1978 1981 1979
f 11870 5089 8099
f 3621 8410 6134
f 6344 5895 11456
f 8566 6292 7643
f 12166 8149 6639
f 9560 11915 5243
f 4303 2108 1529
f 1799 4528 12247
f 2289 8985 12222
f 3776 12341 3140
f 2108 4303 4302
f 7638 9845 5266
f 6561 7662 11154
f 9676 12885 10225
f 2528 2529 4015
f 527 3774 1299
f 2886 3465 2887
f 4307 2112 2114
f 59 4856 12324
f 59 12324 2750
f 3148 2226 1661
f 2113 2115 5313
f 624 2885 4413
f 2107 2108 4302
f 11244 6237 4639
f 7 3257 2974
f 4552 4551 107
f 2535 4018 2534
f 776 2974 3257
f 1188 2664 1189
f 1094 4017 4016
f 10 2535 1647
f 1097 2535 2534
f 6825 7666 11112
f 8 5008 3257
f 13252 3775 535
f 3462 4018 9
f 4018 2535 10
f 1300 4414 6707
f 3204 7674 13542
f 12736 8957 2967
f 1299 1300 1298
f 11031 763 2691
f 8119 9282 13225
f 325 4307 4308
f 11 2886 2887
f 1868 5008 9
f 2974 777 6
f 1680 4757 3507
f 525 1299 1297
f 525 522 4302
f 522 525 1297
f 4808 97 3626
f 4308 2114 2116
f 1868 4197 6686
f 4016 2529 4719
f 4308 3908 535
f 12 2887 1677
f 4303 4305 527
f 4197 4194 6686
f 1508 5162 291
f 2536 4417 6261
f 9423 8599 3282
f 4017 3462 8
f 3043 2108 2107
f 3913 11516 9914
f 1647 1098 2886
f 2353 4551 1217
f 2534 4018 2532
f 1570 6768 3948
f 3700 1800 2955
f 1094 4016 4719
f 13275 4194 4197
f 1862 12 4193
f 4309 537 534
f 4721 1097 2534
f 1868 9 10
f 4018 10 9
f 6892 9888 5892
f 3494 3491 2891
f 4016 7 2529
f 12 1862 11
f 12 11 2887
f 1097 1648 1098
f 1642 875 619
f 1860 1861 13451
f 2357 12721 111
f 2528 4015 6057
f 8 3257 7
f 4017 8 7
f 2979 12350 12713
f 12332 2218 2885
f 343 1218 774
f 626 3142 9097
f 623 4413 2218
f 13275 1647 2886
f 325 4416 531
f 4307 325 531
f 13444 4878 2747
f 3140 12341 13252
f 1299 1298 1297
f 12247 4529 1801
f 4309 536 8975
f 2659 12734 718
f 3044 2110 1529
f 7186 4086 4796
f 626 11428 3142
f 2535 1097 1647
f 3234 1795 11011
f 6113 6112 6110
f 13088 9425 9944
f 13275 10 1647
f 10 13275 4197
f 12279 3040 2100
f 2110 4305 1529
f 6285 7176 13208
f 13159 3137 4416
f 3049 3048 537
f 4412 5355 4414
f 527 529 3774
f 527 4305 529
f 3139 9097 4418
f 4603 7421 9134
f 13139 311 1532
f 13581 8914 10736
f 11871 12411 11065
f 631 3469 3467
f 3700 4156 1803
f 8970 109 1800
f 12221 12230 5892
f 1865 1864 4194
f 1832 1365 1367
f 4875 309 2746
f 1179 1180 9020
f 717 2656 2658
f 2886 2554 3465
f 1862 1865 4194
f 1181 11939 12733
f 2886 1098 2554
f 717 11615 2656
f 4415 2221 2222
f 12343 342 770
f 3329 2169 10349
f 301 7075 4931
f 301 3830 7075
f 1869 776 3257
f 986 4879 4154
f 4528 2294 11615
f 8962 4717 4013
f 5776 12397 2670
f 409 1981 1480
f 11421 341 764
f 13275 11 4194
f 11 13275 2886
f 5355 6707 4414
f 12341 13159 3775
f 12341 3775 13252
f 8145 13197 5763
f 4412 531 4416
f 4307 4306 2112
f 4306 4307 531
f 3698 4874 1186
f 112 3697 4872
f 4305 2110 4306
f 529 4412 3774
f 4305 4306 529
f 4412 4414 3774
f 1299 3774 1300
f 12713 8972 4201
f 2111 2113 530
f 325 4308 535
f 3775 325 535
f 325 3775 4416
f 3139 3463 626
f 4303 525 4302
f 3137 5355 4416
f 5924 10789 9826
f 9549 6981 2855
f 6909 10911 7531
f 11210 11249 9954
f 7244 5335 5905
f 11639 2730 7303
f 10253 7730 10459
f 10785 11676 7375
f 9588 11326 12603
f 12644 11574 10532
f 10458 9149 7521
f 7013 7010 6080
f 7822 13494 7958
f 8340 9312 8046
f 11536 13523 10071
f 12536 10391 6936
f 3792 7065 3791
f 10301 3180 3797
f 9006 12053 10360
f 13116 12900 5885
f 11754 7776 3386
f 13461 2913 6919
f 12677 4919 11562
f 12036 11225 6433
f 6993 12264 12904
f 10548 10232 11364
f 11722 8684 7084
f 12677 9188 4919
f 10569 11582 12644
f 5057 5056 8337
f 7088 11721 10805
f 11013 35 36
f 12142 36 35
f 9157 9977 9976
f 7741 7356 1441
f 8513 5218 10707
f 9454 6995 9045
f 9961 9019 9496
f 9121 6993 6994
f 745 339 1375
f 9619 12928 9939
f 9119 12492 7374
f 7311 9400 11582
f 11051 7371 11515
f 11091 9661 13116
f 12264 10169 8348
f 10078 9908 6168
f 12065 8156 10532
f 10745 7193 10046
f 10266 8693 7744
f 11676 9617 10071
f 9229 13424 10229
f 10203 8651 5389
f 12167 5692 6875
f 4590 9726 12138
f 4590 10446 9726
f 12725 2442 290
f 7309 5387 5925
f 8284 8723 10850
f 12588 11562 4919
f 10228 11218 9187
f 11201 7303 2730
f 11218 10227 12053
f 11218 10228 10227
f 12677 7303 11201
f 7515 5569 11244
f 11373 13341 10069
f 9359 9938 2710
f 10671 5942 8457
f 13424 13224 10229
f 10712 8518 9763
f 11184 10945 7305
f 8201 2916 10950
f 11150 11289 9156
f 9621 12264 8348
f 12261 11536 11427
f 7069 3796 10300
f 7816 7069 10300
f 6508 1588 12479
f 7816 10300 13317
f 9121 6994 9045
f 7313 8650 5388
f 7311 9402 6923
f 8146 10750 10526
f 9454 9157 6995
f 13216 11586 10079
f 12036 12900 11225
f 11064 11290 12619
f 11150 9156 13086
f 10820 10819 6995
f 10820 1246 10819
f 9157 7555 6433
f 13342 11290 11975
f 10037 11324 9554
f 10823 11355 8693
f 10266 10823 8693
f 13064 6583 5839
f 7083 10816 6180
f 9594 12889 9268
f 9054 7047 8417
f 2434 9724 2178
f 10823 10623 11355
f 11472 10805 6730
f 8239 9938 11197
f 9938 8239 2710
f 9455 5947 9664
f 9455 9664 12264
f 2055 1506 1507
f 12644 10532 2729
f 9971 9972 10156
f 11138 10068 8048
f 5947 7744 9664
f 9664 10169 12264
f 3550 6806 5373
f 10246 5153 11773
f 5919 9232 10664
f 7524 11713 7522
f 8584 10244 5764
f 9940 11197 9939
f 7936 7313 7312
f 9940 9006 10360
f 3271 13582 1443
f 7929 4452 13525
f 12834 7960 8456
f 10051 10749 5780
f 11536 11309 9095
f 10588 6327 9455
f 11472 12527 9517
f 12065 10532 11574
f 10560 8239 11197
f 2254 9477 13079
f 6930 8417 13466
f 11223 12185 13423
f 5018 7747 10838
f 13346 9983 9982
f 7898 11164 2046
f 8717 7747 8597
f 117 7416 118
f 13603 117 118
f 12796 6737 8596
f 6602 12209 7386
f 10276 9040 13233
f 8510 11171 12080
f 5018 9497 12209
f 6851 7396 10536
f 11314 3336 13549
f 9356 11867 6602
f 10572 13248 9033
f 5964 6465 8298
f 97 96 13396
f 96 97 2344
f 12543 10126 8776
f 5197 5834 8019
f 9714 5530 11724
f 9125 6602 7386
f 7046 9125 7386
f 13328 10775 10658
f 12163 9007 13423
f 11723 6696 13519
f 1726 9498 8586
f 5903 9385 5132
f 11263 5711 5719
f 7987 7401 10114
f 2702 10660 10530
f 10701 13555 9193
f 10145 10146 9040
f 9054 8417 11835
f 6945 7093 7480
f 11502 7340 939
f 11630 12837 10595
f 4594 13546 10856
f 10684 4594 10856
f 9236 9235 11294
f 12535 13346 9982
f 7333 11312 6409
f 6715 12498 6716
f 10145 10536 8163
f 8626 8624 5905
f 9607 7481 2178
f 9941 9983 6930
f 2047 9599 3292
f 7236 2175 10551
f 10224 11069 8418
f 8496 5834 5197
f 11671 6602 9125
f 11822 10110 11860
f 5505 2460 4610
f 10380 12185 10230
f 9040 10146 7914
f 7047 9125 7046
f 1255 5886 8216
f 11867 9357 12209
f 7941 4475 11662
f 6402 1328 8657
f 11298 7385 11492
f 6328 9937 7395
f 8443 10667 8903
f 9358 13531 10531
f 9424 6944 11810
f 11268 6320 9019
f 10138 7476 5198
f 7092 8288 6194
f 3936 13177 10272
f 7338 2266 11381
f 5160 11231 5020
f 5886 9356 11671
f 6854 1538 2821
f 10841 13397 6441
f 11416 10841 6441
f 8408 9872 12631
f 7695 6930 9983
f 6465 5964 3303
f 13487 3282 12920
f 10840 8714 13378
f 10840 11835 8714
f 5018 8597 7747
f 6328 7395 10267
f 4718 621 12976
f 9353 11069 11294
f 7047 9054 9125
f 9642 11563 7819
f 5971 2453 11436
f 11168 7990 3284
f 7339 7046 8667
f 11392 10977 11976
f 9424 10111 7395
f 7239 11635 13213
f 8667 8418 9644
f 6125 12563 6303
f 8994 8804 8803
f 12547 10555 9724
f 9206 3812 12597
f 6695 9905 5305
f 10537 11810 6944
f 3283 5305 5953
f 3021 9269 8715
f 12836 3202 10259
f 7032 13289 3592
f 8240 3111 9393
f 10650 7046 9497
f 5018 10838 9497
f 10650 9497 10838
f 10650 8667 7046
f 10650 10224 8418
f 10224 10650 10838
f 2580 3591 8915
f 9597 8728 8730
f 6843 13099 13466
f 9725 13535 13522
f 11223 10230 12185
f 13097 10554 2702
f 4346 3086 10353
f 9607 13531 10007
f 9644 9235 9189
f 11552 5502 11706
f 7244 5905 7242
f 6966 11238 9215
f 5986 8308 9213
f 5619 5620 5852
f 10380 10230 9282
f 5033 7759 2458
f 8907 5703 7875
f 9993 11511 12688
f 13076 12547 9724
f 11581 9385 7236
f 11314 8315 3336
f 12414 5718 5725
f 11136 7321 10795
f 9718 11317 10873
f 6668 3572 3575
f 11629 5881 669
f 3346 8319 3083
f 11058 2841 7451
f 5166 5816 5021
f 8108 5091 5716
f 5129 2841 11058
f 11785 10977 9485
f 3316 5506 8004
f 6878 12135 9079
f 3743 5035 6610
f 8312 8778 8009
f 3302 1047 6198
f 2734 3197 1329
f 13390 5894 7230
f 13301 9348 11756
f 9903 8206 5281
f 12562 7645 2261
f 6945 6194 7093
f 12490 7797 8389
f 8785 12571 12676
f 7940 8655 9635
f 6334 8601 10854
f 10244 10992 5764
f 1712 4479 4481
f 11728 7056 4337
f 8609 5323 5320
f 9865 6567 7672
f 9344 11339 13383
f 6560 11667 8917
f 9979 8256 11994
f 3083 8621 10530
f 5721 8919 8918
f 931 1325 3803
f 12128 8393 1135
f 13288 12428 6210
f 5511 1050 6216
f 10517 10223 9882
f 2160 1541 1264
f 7472 9442 9310
f 12797 7405 10115
f 9427 6944 10595
f 10428 8491 5518
f 3923 6211 5175
f 11707 9720 10272
f 1043 8583 10835
f 9520 1043 10835
f 6637 2164 3309
f 4490 4803 3198
f 7222 5166 1542
f 4093 10500 3609
f 11785 9981 10977
f 10501 10737 12563
f 13315 6964 7471
f 4479 4476 12977
f 4095 5742 668
f 7656 5718 5721
f 3627 9878 9181
f 3321 5989 5992
f 8261 11641 9589
f 9184 10340 11155
f 8614 3078 7115
f 3622 8662 6570
f 11356 12923 4584
f 8305 5503 9432
f 6608 6756 6957
f 7037 3609 7801
f 7843 5826 9531
f 5530 9714 11593
f 7795 6097 3570
f 12020 4611 576
f 5896 11473 9022
f 6120 5102 7035
f 1557 12019 12798
f 10267 7396 7748
f 13539 11314 13549
f 10506 10293 4492
f 4333 3740 12798
f 8098 6556 12490
f 5323 5324 5320
f 1719 668 6717
f 11596 7654 10210
f 9866 8982 4803
f 11228 8666 10842
f 11228 10842 9596
f 9863 10216 9487
f 10638 10637 9482
f 11239 11524 7765
f 9988 6964 3346
f 10500 10501 3609
f 5996 11470 11737
f 5534 8019 12232
f 2835 12481 7837
f 13491 12462 6660
f 13210 10135 10428
f 13183 1543 5463
f 2837 8170 6484
f 9209 10502 7740
f 8157 1328 5929
f 3197 3198 1329
f 3072 576 575
f 827 826 12990
f 11641 9588 9589
f 9865 6124 7190
f 9420 8725 13487
f 12450 11976 7039
f 739 338 1367
f 2167 12020 6342
f 10967 4797 10211
f 3194 5141 5930
f 11540 9578 6926
f 6590 5314 2163
f 7470 7469 6351
f 8167 6889 7831
f 11234 4328 573
f 8625 12894 11589
f 5735 13212 7673
f 7903 6209 8607
f 8563 5620 7177
f 7178 6629 7644
f 11851 2164 2161
f 4331 12024 8606
f 7177 13401 7026
f 4607 6755 11126
f 11027 8480 8474
f 1663 2546 8948
f 3472 4025 4026
f 4547 57 58
f 2520 58 57
f 3738 1262 3063
f 984 1797 985
f 8949 12269 12229
f 11596 9342 5875
f 12098 11972 3171
f 1667 3490 3488
f 11893 11284 5440
f 4070 9816 2914
f 1788 4153 8956
f 2632 1167 12075
f 3889 6189 455
f 3867 6933 11139
f 2720 4727 511
f 6042 10152 10279
f 11825 3406 8704
f 1387 26 12762
f 10178 13235 8876
f 112 2357 111
f 3697 112 111
f 8805 7847 8755
f 8698 8702 6736
f 882 3779 4024
f 2315 2317 2316
f 5918 10363 5371
f 2282 2283 12028
f 8990 9698 28
f 8906 13312 8905
f 10016 5417 5812
f 515 5312 2099
f 4953 2719 1301
f 9872 9902 10642
f 55 4177 4181
f 4953 2720 2719
f 2719 2720 512
f 6883 2970 2969
f 10170 10168 10714
f 4729 5066 3778
f 46 13359 47
f 1830 46 47
f 3145 12719 4423
f 4520 5775 706
f 4420 4725 3468
f 1591 3498 4034
f 3566 2919 2920
f 3485 1111 1112
f 4450 5366 9624
f 1833 739 1365
f 12762 27 1209
f 4037 4759 2896
f 6784 11672 7543
f 1820 1819 6882
f 3485 1112 4747
f 1643 619 621
f 67 2313 2314
f 5504 12179 11488
f 10170 10714 5610
f 24 1849 762
f 1818 11018 731
f 3707 1188 2668
f 974 4861 975
f 2814 510 2095
f 12736 2967 3845
f 8966 7662 13581
f 11555 5949 5435
f 29 28 9698
f 29 1384 28
f 9186 9502 11299
f 5520 3934 5519
f 2977 2979 778
f 1110 1112 1111
f 73 74 2318
f 73 2960 74
f 2326 2325 79
f 1654 55 3471
f 1819 4547 6882
f 11830 5013 6933
f 9515 7370 12137
f 3831 711 2291
f 11597 2571 11041
f 11334 4219 7210
f 744 2324 2325
f 9284 10817 12501
f 4898 4169 11432
f 4879 986 3834
f 9831 11953 6093
f 1099 13141 1088
f 1523 12408 12286
f 8748 5818 13292
f 1443 9122 8700
f 8949 5918 11670
f 13428 1100 1653
f 6597 1835 1836
f 2537 1652 9014
f 2951 1177 1814
f 1099 1100 9014
f 4039 1680 2896
f 739 1367 1365
f 7349 5419 5941
f 981 2652 979
f 4861 2279 975
f 4712 1099 1088
f 714 6722 3694
f 1652 1099 9014
f 6685 6883 2969
f 18 12374 6768
f 3497 4033 4433
f 1168 4859 4145
f 3726 4539 4172
f 1785 2646 1176
f 11252 10180 12629
f 1053 9721 10691
f 3484 13268 13366
f 7013 8366 7010
f 1523 2099 12408
f 3779 4734 3778
f 5480 12233 10121
f 4298 512 3906
f 3230 2286 2287
f 6882 731 1363
f 2085 3033 3034
f 4061 3544 3543
f 5582 6256 8824
f 2952 3686 2648
f 1844 756 758
f 4083 7716 8204
f 1119 3506 1676
f 10933 9805 6539
f 1846 759 1384
f 7291 3534 3535
f 1117 2228 3783
f 12014 11931 8958
f 5700 2910 3565
f 3150 639 3490
f 2949 4150 2280
f 893 2229 6370
f 9667 3872 10828
f 1104 4733 1106
f 4547 731 6882
f 13249 7635 5699
f 1662 2225 11019
f 11248 9557 9784
f 882 13370 11008
f 13428 4023 4728
f 13064 5839 5552
f 8338 6030 11774
f 8593 10751 7808
f 4785 8670 9815
f 10565 12269 10255
f 12668 7777 10278
f 12473 9662 10264
f 1827 2968 2970
f 9790 10176 11152
f 2416 8692 10818
f 2328 13355 81
f 7112 2701 10025
f 4582 13441 8668
f 10962 8106 9342
f 3331 3330 3931
f 12338 1 2359
f 6883 6685 2967
f 2170 7475 11549
f 1005 2319 2318
f 6080 10478 3534
f 4733 4732 1106
f 1829 1365 1832
f 13428 1653 1654
f 3095 11444 6902
f 1657 3477 1108
f 1829 2969 2970
f 1722 2929 5287
f 487 2073 13431
f 2960 73 2677
f 6454 6435 13156
f 724 11432 11622
f 4293 330 3904
f 12186 7131 4638
f 6562 6560 665
f 1387 25 26
f 6754 26 25
f 6361 585 3099
f 1115 1114 4030
f 2073 2070 484
f 4025 2890 4026
f 10188 9646 8668
f 4582 8668 9646
f 2571 3545 11105
f 11012 1832 1367
f 13269 13274 2230
f 7369 13482 6183
f 5994 7761 3324
f 311 2657 2747
f 8169 13013 6857
f 5053 6031 12218
f 6612 6981 5058
f 985 13137 13444
f 4012 1643 621
f 4632 6499 12649
f 8502 5558 13388
f 12703 736 733
f 6833 4522 12757
f 1401 13294 6687
f 9661 9268 13116
f 4188 1203 741
f 755 12202 12399
f 1710 10213 11443
f 5949 3270 5435
f 12618 8387 8680
f 5602 13191 8824
f 3485 3486 2542
f 3725 2960 2677
f 9417 9662 9843
f 10096 7353 9574
f 10096 5426 7353
f 5700 6395 656
f 6811 10255 9395
f 3485 2542 1111
f 2753 1829 2970
f 1829 2753 1365
f 3484 2542 11431
f 5602 8824 6256
f 4904 3721 2680
f 4021 1641 1651
f 13235 6539 5918
f 3232 3831 2291
f 6165 4014 1298
f 3484 1111 2542
f 4968 12318 1186
f 4420 3468 630
f 5195 10698 11081
f 5424 11564 9118
f 7131 8037 1586
f 4721 1096 8947
f 8565 5090 6098
f 3684 2647 2645
f 5504 12230 12221
f 2357 12722 12721
f 4550 764 766
f 952 4130 1341
f 4721 1648 1097
f 2295 2659 718
f 1369 1203 740
f 1389 1210 12067
f 1094 1095 2532
f 105 4160 2664
f 63 2641 6142
f 2217 2527 5065
f 12743 327 509
f 3905 509 327
f 12743 509 4727
f 4953 1301 6840
f 8966 13581 10736
f 1093 12347 1095
f 1653 2520 57
f 3500 4757 11729
f 56 1654 1653
f 625 626 6791
f 4759 1119 1674
f 13502 5410 2280
f 3700 2955 4156
f 1793 4872 1794
f 1354 305 520
f 1525 520 305
f 8349 9457 7142
f 5610 11825 4575
f 4171 3725 2677
f 11046 12604 9412
f 9840 10953 13312
f 2461 2462 4624
f 12673 1252 6189
f 7605 13421 10189
f 1491 3889 455
f 442 11600 2030
f 266 703 456
f 1491 266 456
f 3889 1491 456
f 3888 1491 455
f 12592 185 10934
f 10486 7610 5292
f 10486 10485 7610
f 10483 12413 10939
f 6421 11893 2795
f 10483 5678 12413
f 6421 1493 2411
f 6421 2795 1493
f 13166 12413 5678
f 2692 186 11626
f 12592 10934 10935
f 192 2944 1768
f 2368 1884 189
f 9466 5664 5660
f 12091 6503 6501
f 7440 6962 8311
f 13489 11541 7962
f 780 12243 2364
f 10935 10934 6538
f 846 5601 9774
f 8882 13579 4783
f 2211 3131 4402
f 2369 1022 8987
f 161 3418 162
f 2371 161 162
f 183 10718 184
f 2366 183 184
f 10934 10720 6538
f 2277 4516 12155
f 11777 11790 8081
f 4065 7599 8883
f 7011 5649 7012
f 7155 5075 5244
f 12182 6873 13122
f 13398 12204 191
f 956 957 12739
f 1596 1597 3407
f 204 3660 3659
f 414 260 261
f 414 261 1486
f 1165 1766 4138
f 3106 7922 7728
f 5113 12452 4784
f 2944 2945 1768
f 9647 6420 3867
f 9647 9164 6420
f 206 4837 207
f 2384 206 207
f 859 11397 3764
f 9203 7730 8067
f 195 194 1766
f 195 2370 194
f 11500 7865 7864
f 1165 12071 12008
f 241 7963 2712
f 7963 241 6438
f 12182 5666 5865
f 13467 5660 5664
f 2944 3674 3673
f 4626 8756 8755
f 12569 12864 6785
f 12592 10935 12139
f 2381 2379 205
f 9466 8368 11103
f 195 1766 1164
f 12210 1775 1773
f 2370 2369 194
f 6598 1408 185
f 7016 8371 5666
f 3106 12002 3753
f 5659 5658 3539
f 12647 11285 7994
f 1163 12316 2629
f 6803 12094 8367
f 10099 11833 7361
f 9813 6283 10186
f 2453 2829 11436
f 6550 4785 10724
f 11425 964 3217
f 12039 4782 187
f 2630 2627 2629
f 457 267 6692
f 457 647 267
f 679 12737 12077
f 10574 5271 11994
f 6048 8433 6248
f 6086 12554 8882
f 1476 1977 3002
f 10068 11329 3757
f 5177 5028 6212
f 8342 5592 11148
f 5673 11958 12003
f 2369 2370 1022
f 3664 4134 4135
f 3857 188 1884
f 189 13006 12025
f 6598 186 2692
f 12139 6081 9047
f 12039 12139 9047
f 12592 12039 186
f 6808 11999 11853
f 3857 1884 4204
f 11894 5440 9673
f 1890 2371 162
f 6975 5546 10450
f 5029 8302 7758
f 13157 1602 1068
f 2197 2479 12985
f 3004 2786 1985
f 10643 12779 5105
f 1158 3663 1157
f 4855 12210 3675
f 4855 3675 3674
f 4144 5773 3677
f 12521 11200 8439
f 11857 2757 1412
f 2380 4556 203
f 6495 8808 11769
f 5679 9816 8090
f 5594 11088 7728
f 12814 2757 2985
f 7597 8883 8371
f 704 11017 3672
f 6366 7536 842
f 12732 2607 1156
f 1884 188 189
f 13006 189 188
f 4855 12025 12210
f 3750 3376 839
f 4371 2183 5055
f 4134 1757 4135
f 11190 2474 8335
f 6538 8875 9808
f 1880 2983 169
f 10151 13543 4641
f 1471 2782 251
f 4646 168 167
f 13369 167 168
f 10040 8875 10718
f 191 3674 2944
f 13364 1964 3883
f 217 1031 11319
f 1165 4138 12071
f 9552 9155 7552
f 8882 12554 13579
f 6325 9985 7350
f 4783 12452 5773
f 1964 11400 3883
f 604 12728 4673
f 1163 2629 6832
f 4065 9564 8551
f 8074 6527 10926
f 672 673 1731
f 4252 1481 12307
f 8875 10720 10718
f 220 219 4119
f 219 220 2393
f 219 13426 4119
f 184 10718 10720
f 2366 184 1408
f 192 191 2944
f 192 13398 191
f 13398 192 8987
f 6206 5169 5482
f 3377 3102 12783
f 2197 1683 4915
f 190 4855 3674
f 12204 2368 190
f 193 1768 4138
f 193 192 1768
f 193 2369 192
f 2369 8987 192
f 4138 1768 12071
f 4127 3653 214
f 961 4845 2616
f 11405 11607 4258
f 217 216 11733
f 216 217 11319
f 10981 10413 7977
f 2431 7977 10413
f 7016 12555 6086
f 8952 1023 349
f 9047 8879 2635
f 1411 2692 11626
f 3876 12304 13250
f 1411 3857 4204
f 2276 11748 972
f 145 4208 12111
f 9427 12439 5952
f 2943 699 13434
f 1683 596 4915
f 12576 9031 4455
f 12986 4702 4700
f 1251 3020 3277
f 7951 13043 6144
f 6991 5606 9320
f 6086 12555 12554
f 8637 7542 6783
f 8637 6783 10157
f 2277 1772 1773
f 446 2030 11600
f 2898 3514 2199
f 9056 595 4915
f 3020 1492 3277
f 11637 3759 11866
f 5679 9565 9816
f 2428 2041 453
f 3020 1253 3734
f 1251 12117 2428
f 11894 3279 5440
f 3279 6848 2795
f 3279 2795 5440
f 1881 2984 4204
f 11833 7821 11140
f 7599 7171 5865
f 9911 3890 11513
f 6546 12554 12555
f 11801 13488 10464
f 11821 2765 11859
f 3010 1998 2002
f 1347 6633 2625
f 2042 12117 6692
f 6275 7154 7589
f 11352 7539 5593
f 10584 12913 11116
f 10306 11556 5944
f 2012 3014 3013
f 6368 4383 2712
f 6623 7595 11914
f 602 12766 13255
f 533 4309 5313
f 12203 2485 3118
f 7779 5060 9152
f 4133 4502 1758
f 13262 4516 3223
f 794 12116 1229
f 126 2402 125
f 7448 126 125
f 10782 6703 11891
f 2384 2383 12971
f 1227 12710 349
f 4387 1064 2199
f 3887 3888 452
f 13533 7281 11537
f 3020 4275 1253
f 1251 12242 12117
f 13533 11537 592
f 3271 13480 11051
f 13157 3422 2486
f 7782 5596 5061
f 2016 2790 3014
f 8996 3975 4385
f 11217 12657 2188
f 6546 12555 13122
f 11334 11046 8459
f 11755 7714 9016
f 2019 2791 2790
f 13436 13361 3515
f 2377 2376 201
f 4834 208 207
f 5415 207 208
f 1286 1603 852
f 5147 4141 3671
f 3020 1251 4275
f 2005 2004 2007
f 2201 3419 3118
f 5596 5594 10157
f 1769 2946 4139
f 9059 11894 9673
f 6734 12697 12150
f 3106 3753 9969
f 13320 12924 7913
f 12775 970 2633
f 10116 7405 12797
f 1124 847 596
f 11541 9288 9656
f 3891 3734 12294
f 11785 9036 9981
f 8057 8840 5427
f 12366 11748 3828
f 2191 2192 3113
f 5439 6438 2794
f 8083 9466 5660
f 4275 1251 4977
f 7963 6368 2712
f 3114 3759 8953
f 7548 5911 11637
f 2559 1124 4766
f 1061 1597 1596
f 2241 598 451
f 4268 2023 4269
f 256 13553 408
f 12811 256 408
f 854 12203 1605
f 3011 2002 2005
f 1892 1889 6726
f 9911 5439 3890
f 11942 8820 7259
f 7519 6665 9025
f 6331 7393 12485
f 10895 9754 8812
f 12192 3968 11348
f 11335 8960 9116
f 9749 12552 9752
f 8334 12638 13316
f 9261 13211 11725
f 1852 12301 1391
f 7703 7972 9124
f 4641 9754 4642
f 8874 7590 7589
f 8439 8441 12187
f 8812 13543 10454
f 6503 12118 8822
f 2491 3429 1071
f 5236 7562 11656
f 88 2336 2334
f 10395 10918 5432
f 5429 10395 5432
f 144 12111 1902
f 12198 7993 7397
f 1280 8633 4370
f 10192 12868 9074
f 1047 3302 11161
f 6366 6781 7536
f 8554 8555 11108
f 5655 9807 6542
f 3365 7850 5209
f 12646 7209 4974
f 10902 8823 8819
f 5631 6619 5069
f 12460 7571 5859
f 176 10883 10860
f 8628 6359 12029
f 5375 4455 6675
f 10901 12091 10894
f 9777 11686 8842
f 13369 12078 167
f 9316 13589 8058
f 11870 11765 5704
f 11634 2912 8196
f 6075 4777 7162
f 1866 1398 4196
f 8297 6204 8299
f 6160 6701 840
f 7084 8684 6733
f 11634 12003 2912
f 176 13570 12705
f 6083 6084 7014
f 8434 3754 1281
f 13043 7049 6144
f 9550 6050 11148
f 6781 6367 5591
f 7774 5055 11942
f 12656 6613 11282
f 8025 5544 13453
f 6674 11500 6673
f 12557 10194 9820
f 9164 7605 3555
f 7207 10523 9355
f 55 56 4177
f 56 55 1654
f 5470 9699 9365
f 5659 4780 6543
f 6871 7712 11481
f 9390 6364 9389
f 7104 5025 7832
f 6238 840 838
f 5592 8342 9195
f 3855 2359 1873
f 6543 8085 7594
f 6278 4057 8081
f 7299 6921 5922
f 5183 8487 7109
f 6006 7478 11288
f 13048 6545 8544
f 12788 2854 4947
f 8812 9754 13543
f 4847 4849 2620
f 11476 9757 12815
f 6204 6605 4604
f 11683 8819 838
f 5113 3677 12452
f 3183 12446 6172
f 6640 2184 6364
f 3752 3103 6905
f 6542 7593 7166
f 8442 8441 6167
f 3974 3410 3411
f 5649 11500 7864
f 3551 7020 6390
f 9956 11812 10195
f 9389 6364 8234
f 11276 13511 3173
f 9921 5548 10611
f 2362 1403 1874
f 8554 8557 4073
f 13077 9741 10886
f 8039 5797 4370
f 5961 8749 6971
f 11130 8888 12884
f 10898 5559 11683
f 6516 10163 11874
f 9561 9560 5249
f 3541 3540 7868
f 8521 13047 6254
f 9811 13108 10194
f 8847 6869 13399
f 8445 8444 13306
f 6292 8566 10044
f 8000 6605 8296
f 5060 11320 9152
f 10723 8555 12926
f 973 2948 3224
f 8442 6167 5806
f 6871 11481 5806
f 9703 6474 4609
f 7539 10913 5593
f 5680 12898 8090
f 3759 3114 11866
f 7553 7552 9155
f 6181 7553 9155
f 7609 6422 8673
f 7609 12901 6422
f 3862 1230 1425
f 10328 3532 10719
f 10581 10629 8264
f 4947 2854 5845
f 6281 4455 9031
f 7019 12892 7602
f 5673 12003 11634
f 9117 9552 8836
f 10094 7949 10804
f 9331 9818 8886
f 10725 10484 13087
f 4375 7923 8511
f 9398 11107 8249
f 7967 6845 7365
f 10034 10161 11507
f 6802 5662 4060
f 10812 7546 5599
f 5662 11580 7007
f 7011 7591 8080
f 4057 6278 8544
f 10240 9017 4072
f 3413 5850 2865
f 5465 8498 2847
f 6161 9926 7538
f 11632 11863 4775
f 10889 4634 8028
f 6160 7263 6701
f 2942 4837 206
f 7360 5429 5432
f 12447 9562 6085
f 7594 8370 12094
f 3362 7770 3355
f 3232 4871 2292
f 11916 6906 9092
f 6405 8660 11554
f 11007 2861 3970
f 8419 12855 8674
f 4140 12776 2631
f 11017 2631 12776
f 2185 11007 3970
f 3075 11327 10249
f 6561 11264 12143
f 3988 3427 3426
f 6088 8088 12892
f 1485 3006 1993
f 8555 10723 11108
f 10462 9550 11148
f 7542 8637 592
f 6077 6541 8365
f 2908 6167 7869
f 5765 9884 13344
f 4438 3508 3156
f 1311 4438 3156
f 11433 3571 3574
f 11483 11159 10290
f 2341 93 94
f 12143 94 93
f 4088 12639 11110
f 1807 3711 3710
f 12276 4283 334
f 4609 6474 11993
f 3698 3697 111
f 12578 1865 1862
f 12838 8148 6150
f 7441 11070 11794
f 3348 9723 12667
f 12549 7986 12083
f 11421 1391 1392
f 2143 4319 2140
f 310 4875 2657
f 8612 10766 11146
f 12719 4735 4423
f 89 90 1385
f 90 89 12601
f 1858 13495 1857
f 10064 3085 11584
f 6564 11264 11154
f 982 3832 981
f 11693 5686 5685
f 7213 5431 7212
f 3138 3137 13159
f 3716 2675 4159
f 1208 754 2335
f 1091 2530 1092
f 2461 4624 4623
f 6681 11651 11907
f 11822 3022 3893
f 3060 2817 2152
f 1011 1855 2347
f 4619 6768 3330
f 4162 3711 1807
f 3499 1672 1673
f 670 4969 5287
f 4861 12777 2279
f 3839 8955 3243
f 4196 1398 12349
f 3281 11142 7746
f 11168 12138 7990
f 99 98 4895
f 99 2346 98
f 5157 5158 11792
f 5498 5494 6754
f 10022 8718 6191
f 6195 3910 5462
f 6304 10215 7038
f 6474 9701 6757
f 1119 1676 11441
f 7083 11983 1923
f 11264 6561 11154
f 6753 6754 5490
f 10975 10976 12918
f 1858 4192 12343
f 6885 7348 10196
f 8799 5533 9721
f 11609 2122 11752
f 754 756 1844
f 3137 2221 2220
f 3500 4756 641
f 6196 6198 6903
f 12890 8324 9538
f 8843 10622 11247
f 11651 10336 10215
f 10751 7213 7212
f 7585 6536 13107
f 12751 3716 1809
f 6576 766 6725
f 528 526 1530
f 13590 4071 11256
f 8021 6006 11288
f 13151 11431 12756
f 10766 10249 11327
f 7654 11596 5875
f 12480 12035 5733
f 7824 9516 7743
f 9261 9222 6090
f 3509 1674 3508
f 1869 3256 774
f 3948 2461 4623
f 12992 4162 1807
f 7439 5502 10127
f 3043 3042 521
f 12477 9193 11566
f 4038 3508 4438
f 4720 2530 2885
f 6591 7441 5892
f 515 3039 3038
f 10942 923 8893
f 10534 8161 10097
f 8637 6703 592
f 5740 6564 8113
f 11468 11487 9135
f 9139 8992 3931
f 2177 10552 3347
f 8181 12567 9443
f 5490 7427 9917
f 1090 6057 3461
f 11184 7305 11582
f 8799 10874 8800
f 11074 5738 6128
f 8001 6750 9134
f 4875 4876 2657
f 1009 1207 2335
f 5490 9135 7427
f 1207 12299 2337
f 5538 9538 13382
f 8938 8937 6139
f 11286 5461 11092
f 11732 1519 2086
f 1091 12332 2530
f 9731 580 5339
f 767 3852 11050
f 2347 2346 99
f 4875 3833 4876
f 1010 2340 2341
f 4894 12337 1808
f 5739 9581 11176
f 96 5740 13396
f 12214 4932 4933
f 2144 2142 4936
f 3062 11032 12109
f 11588 9891 13544
f 11853 12003 11958
f 9972 8238 9392
f 9222 9283 10196
f 6885 10196 9283
f 7277 7278 11309
f 923 10943 8893
f 11705 5139 6169
f 7822 7958 13326
f 2860 9998 10162
f 8269 10262 10746
f 5803 5804 7164
f 5685 11712 9567
f 11214 4071 13590
f 6865 6245 8518
f 4067 8375 8376
f 11356 8140 10516
f 11937 10097 8161
f 9049 9836 10287
f 8589 5015 6323
f 5934 5748 10978
f 13228 2729 8156
f 8047 13475 9314
f 9111 9825 8894
f 9111 6636 9825
f 12100 13544 12888
f 11726 5685 9567
f 4459 923 10942
f 10904 5579 13104
f 7048 11024 11767
f 7613 7614 9651
f 12217 9651 7614
f 9448 9319 11063
f 7530 6511 8047
f 3869 11722 7084
f 10725 7611 3558
f 9566 13459 10627
f 9825 6424 8894
f 9825 11654 6424
f 8379 10628 8558
f 10903 10905 10904
f 10281 13071 8341
f 5564 11242 6502
f 3550 9329 6806
f 9119 1926 12492
f 10193 12793 8557
f 9331 8886 9221
f 10810 8682 9287
f 11382 11227 11381
f 2266 11382 11381
f 13120 11498 5070
f 8214 7048 4217
f 8213 8686 4217
f 5884 11024 11781
f 7613 9334 7614
f 11832 5685 8891
f 11693 6424 5686
f 8214 11781 7048
f 11654 6636 9891
f 5685 11726 8891
f 3868 7208 13055
f 8213 7048 11767
f 8894 11693 8893
f 13472 6636 9111
f 11692 3559 10382
f 9266 9891 11548
f 9448 8346 5605
f 7892 5294 11781
f 11726 9567 13087
f 11859 5296 13243
f 5910 7923 4375
f 6090 10196 7612
f 7348 7612 10196
f 11693 8894 6424
f 1922 9354 10581
f 1384 1209 28
f 9266 11548 7891
f 10184 6089 11709
f 13331 10943 923
f 6090 9222 10196
f 4856 59 2636
f 3402 9766 8831
f 13211 9261 6090
f 3402 13033 9766
f 6423 9568 5684
f 11214 3558 4071
f 10094 11973 5295
f 10627 13459 3557
f 11128 9291 9449
f 13384 10331 7347
f 9777 6867 9012
f 9111 8894 10943
f 8841 9970 11685
f 10524 10747 5119
f 1922 10581 8264
f 7175 9261 11725
f 7212 11759 7808
f 10627 3557 9471
f 10383 5291 7950
f 5604 6053 6513
f 11654 13215 6424
f 11935 2946 4852
f 7611 3559 3558
f 13215 11654 9266
f 6636 11654 9825
f 5292 5119 7806
f 1593 8689 9951
f 9779 8834 8346
f 9952 11673 9778
f 7348 11780 8264
f 7611 10725 9567
f 11712 7611 9567
f 3350 6611 12478
f 5583 11071 6779
f 12375 5049 6027
f 2282 3229 2285
f 6518 1114 4752
f 3495 2549 4030
f 2968 1202 2753
f 11109 8902 9338
f 1379 1008 3849
f 74 75 2320
f 74 4167 75
f 8990 6753 9917
f 997 4903 7076
f 9626 10565 9000
f 3066 4980 4981
f 1668 4428 2893
f 13287 12035 6126
f 2549 4753 4030
f 77 2323 13562
f 9394 11884 10324
f 13078 8531 7142
f 2093 2096 2095
f 8957 738 2967
f 10323 12668 10709
f 12234 5386 7308
f 6998 3570 3573
f 4898 11432 4786
f 8870 9801 8866
f 1827 6883 738
f 7546 8688 9321
f 8641 6375 12854
f 13151 4428 638
f 8094 9570 11784
f 3234 4526 13440
f 2442 12725 2053
f 907 4787 6095
f 11251 6800 9804
f 4963 8100 11666
f 4079 11597 76
f 4948 6031 11448
f 8033 3956 4638
f 4189 1371 12761
f 3719 4172 4897
f 1581 1579 12225
f 9563 5667 12517
f 7076 4902 8956
f 3489 1668 2893
f 4034 3498 1671
f 12782 12726 504
f 78 11065 79
f 2325 78 79
f 13355 2328 746
f 7292 10363 9805
f 11526 13329 7784
f 12380 4749 335
f 1008 12399 12720
f 9924 9923 11896
f 74 2320 2318
f 13562 1006 12785
f 2413 8273 13318
f 13065 5554 9753
f 2328 2327 746
f 10933 82 81
f 2328 81 82
f 3569 4168 2573
f 1833 1366 739
f 11690 10479 11665
f 11013 748 750
f 11368 9574 9572
f 1205 2327 2329
f 13160 517 12777
f 13237 11972 12098
f 12725 290 5162
f 2417 9457 8349
f 6472 11984 8771
f 2550 1060 2894
f 78 11105 11065
f 9833 9339 9338
f 10068 7276 8048
f 65 66 2312
f 65 3680 66
f 2331 2332 340
f 12606 9782 9761
f 4430 2547 11009
f 4167 3569 4079
f 2228 3152 3783
f 3358 1573 7123
f 3967 5229 2859
f 2305 726 2679
f 12395 12396 538
f 7291 7732 8246
f 11101 7516 5569
f 5633 6998 11761
f 12404 5700 656
f 4993 9066 3939
f 3567 924 4078
f 5700 6396 6395
f 1835 338 1836
f 1366 1004 11393
f 4907 467 730
f 10178 6536 10929
f 8565 7715 6290
f 743 1204 2324
f 73 2318 2319
f 3565 2920 1701
f 4879 13137 4154
f 13137 4878 13444
f 10933 81 9805
f 11260 8387 5087
f 13355 2326 80
f 77 78 2323
f 78 77 11105
f 10929 82 10933
f 10178 10933 6539
f 11477 13267 3254
f 3568 2919 3566
f 7908 13454 7475
f 624 4720 2885
f 3046 532 3047
f 1369 740 12760
f 725 2304 1359
f 3136 4415 623
f 77 11041 11105
f 2325 2323 78
f 1178 1168 4145
f 12726 510 508
f 7777 10153 11482
f 2546 2892 8948
f 2329 2328 82
f 11904 1588 8519
f 4435 1591 4954
f 6778 12606 9761
f 750 11398 1378
f 44 43 4744
f 44 6597 43
f 72 73 2319
f 73 72 2677
f 1205 6645 2327
f 2316 72 2319
f 6043 5582 8824
f 1114 1115 2543
f 7709 8503 5560
f 12290 1376 1840
f 1374 12290 339
f 64 4868 65
f 64 65 2311
f 9203 8067 10474
f 734 52 53
f 2890 53 52
f 1003 2312 2314
f 986 1799 3235
f 7292 9805 80
f 6984 8037 9948
f 4304 12012 526
f 1376 749 6644
f 7511 11244 8813
f 2329 2327 2328
f 12411 7292 80
f 8001 11487 6750
f 10208 10207 6554
f 12411 79 11065
f 2965 337 2751
f 110 109 4874
f 110 2355 109
f 1528 308 1530
f 10178 10929 10933
f 3543 11871 11065
f 11031 12067 1851
f 9805 10363 6539
f 12289 4171 4170
f 2330 2329 82
f 2111 4304 1531
f 3681 1783 1171
f 1374 339 1373
f 5602 6256 3967
f 6840 1641 4021
f 4148 976 1782
f 11112 7665 6129
f 2660 2662 4881
f 12357 12005 12358
f 1680 11729 4757
f 2953 1791 116
f 11814 7662 7666
f 63 3843 62
f 2641 63 62
f 715 4873 716
f 11615 4527 4877
f 1219 1361 4546
f 625 11428 626
f 9218 9557 11248
f 7525 11157 10153
f 1005 741 1203
f 8943 476 2059
f 744 1374 743
f 3569 11597 4079
f 10909 3961 8519
f 6853 3293 4596
f 463 2048 12278
f 9668 2417 5154
f 2417 9668 9457
f 4146 4862 12778
f 974 975 1778
f 6186 5154 8278
f 12045 8703 5154
f 12594 9817 7790
f 10909 12916 11800
f 5016 5948 8591
f 3270 3272 3872
f 72 5777 2677
f 9417 9843 10809
f 12148 10809 9843
f 4905 998 2650
f 3251 76 12785
f 9511 8677 12662
f 3725 4169 9005
f 4461 11551 7633
f 6392 5086 10285
f 12290 6575 1376
f 4906 2678 3720
f 4167 4079 75
f 2802 3293 6853
f 3025 1500 5127
f 7720 5312 515
f 5358 12436 5359
f 10565 10255 9000
f 2089 2086 1519
f 2960 4167 74
f 1670 2894 1671
f 8038 12272 6240
f 9545 3390 11172
f 6391 11259 8901
f 1510 473 8943
f 3566 3545 2571
f 8269 12089 9413
f 2572 4078 1701
f 11482 11156 10278
f 12277 2260 4543
f 6713 12558 8382
f 12126 1056 7492
f 1007 12290 744
f 4996 6919 9396
f 6394 12560 6395
f 10362 7784 4382
f 10285 10951 7308
f 10582 10403 8266
f 9071 8525 11553
f 3961 10909 11800
f 11260 4076 10492
f 5777 1194 2677
f 11131 12234 10370
f 71 72 2316
f 71 5777 72
f 3719 11622 12289
f 1835 1367 338
f 7515 11101 5569
f 7742 7373 7823
f 9545 6779 3392
f 6817 5707 7648
f 9263 6286 9841
f 5696 9840 9571
f 12141 8246 3171
f 11193 12922 9784
f 8385 12234 10633
f 7742 11591 10807
f 3494 1115 4751
f 7525 10153 10279
f 9773 6614 9772
f 9478 10953 4076
f 12045 9667 10828
f 9336 8201 12956
f 1591 5228 4954
f 3545 11065 11105
f 8274 7372 8591
f 5356 9623 11840
f 3182 2257 2259
f 9924 10906 11172
f 11825 8704 4575
f 7971 4575 8704
f 12580 9263 10952
f 9782 10362 4382
f 11193 8703 12922
f 2571 11105 11041
f 12104 13310 8531
f 4811 673 671
f 13181 12524 11247
f 3568 3566 2571
f 3567 4078 2572
f 892 4745 1113
f 3727 1815 4173
f 976 4864 1782
f 13107 6536 8870
f 1837 1836 6723
f 593 10919 4954
f 743 1374 1838
f 3569 3568 11597
f 3840 4902 6834
f 6940 6186 5016
f 4546 2964 1818
f 6721 2952 1788
f 2960 3725 9005
f 7720 3037 2095
f 1833 1202 1004
f 2640 8969 1780
f 12577 12965 12157
f 4147 1780 8969
f 3494 2891 4750
f 1667 3488 4747
f 1814 12735 2680
f 13256 11972 13237
f 13285 12784 2231
f 9619 9454 9620
f 2049 462 12016
f 6684 12577 1200
f 1667 4031 3490
f 11414 634 4735
f 4152 3686 13504
f 11440 13299 1544
f 8002 11440 1544
f 120 10862 6749
f 2409 237 238
f 11770 238 237
f 12124 8757 10861
f 163 2482 12007
f 3272 7971 8704
f 9757 11476 11021
f 4405 3134 4406
f 9434 8008 3325
f 5469 5478 1048
f 6953 11020 12076
f 9848 10958 11388
f 5694 6923 9402
f 120 11300 121
f 2406 120 121
f 11770 8909 10923
f 9741 6495 11769
f 2408 6728 2360
f 121 11300 10687
f 11300 6748 8476
f 2413 6939 8273
f 5169 10863 9699
f 5436 8989 4580
f 12710 6635 2759
f 2406 6599 13372
f 7107 8484 7102
f 3975 8996 6517
f 1899 4971 1420
f 10687 11300 8476
f 119 10863 10862
f 8000 8296 5479
f 12440 5469 9695
f 7550 3404 6785
f 1880 169 2981
f 5089 11870 7563
f 2206 608 3121
f 6132 6927 7737
f 5818 2827 7431
f 6615 2503 1625
f 12176 1234 1233
f 13567 1732 3640
f 11300 6749 6748
f 8774 10864 9704
f 118 119 2360
f 119 118 10863
f 5073 2903 5074
f 12270 12680 7184
f 1916 13372 6599
f 1981 1479 1480
f 2406 121 6599
f 9702 6752 5975
f 3924 8477 8478
f 4406 3134 5914
f 2417 8278 5154
f 6874 5257 8199
f 1615 3992 4678
f 175 12705 2364
f 3662 12739 957
f 4578 4577 6946
f 4694 1079 4951
f 3660 203 1756
f 1339 1338 1141
f 873 13279 4992
f 1030 3731 2389
f 2406 2408 120
f 12579 9137 7830
f 2360 6728 1016
f 7416 9699 10863
f 178 1017 177
f 12823 178 177
f 1049 4940 7103
f 8880 7165 6676
f 13570 4202 12705
f 1878 1879 6589
f 120 6749 11300
f 2407 235 236
f 10958 236 235
f 7420 10861 7422
f 11464 8639 7281
f 117 779 13570
f 10172 12823 9375
f 3457 1052 12018
f 5169 6749 10862
f 119 120 2408
f 120 119 10862
f 119 2408 2360
f 2519 11930 13433
f 9782 10622 9761
f 9796 9326 10477
f 9925 12606 6778
f 13001 6518 4752
f 13234 12104 13078
f 9291 11128 2415
f 9291 2415 1442
f 6811 9395 13185
f 10491 4462 4461
f 10827 8349 6056
f 8843 11247 8844
f 11157 7525 3112
f 6811 9000 10255
f 11910 7143 5607
f 9545 5583 6779
f 10168 10167 12524
f 7625 6093 12559
f 10016 12662 9410
f 4650 3399 4755
f 9923 9924 6778
f 11551 9338 9339
f 3565 2910 2920
f 9832 12671 9833
f 1115 3494 4750
f 1007 744 2325
f 9669 9785 10828
f 3872 9669 10828
f 1969 1970 398
f 11813 10633 6094
f 13235 3535 9800
f 12404 656 5255
f 11157 3112 13385
f 12334 4755 2550
f 4056 11967 6277
f 11109 8900 9000
f 2417 10827 8278
f 10827 2417 8349
f 3554 9048 10626
f 9457 11193 6258
f 6372 5609 6371
f 9626 9000 8900
f 9096 9923 6778
f 12404 5255 11595
f 10094 10804 11973
f 5610 4575 11151
f 1499 6435 9670
f 7010 9326 10478
f 2547 3494 4751
f 8902 5255 12262
f 593 9096 10919
f 9626 11953 9831
f 13185 9395 6918
f 9478 12671 9832
f 41 2321 9082
f 5085 8381 7794
f 11910 5607 4382
f 10093 6549 8887
f 10828 12922 8703
f 12045 10828 8703
f 4429 1305 3152
f 9218 11248 3406
f 10714 9218 11825
f 9797 10478 9326
f 3401 13393 12984
f 8706 6454 240
f 8706 240 9623
f 10808 10807 8680
f 8387 10808 8680
f 1839 1841 37
f 5949 7971 3272
f 750 748 11398
f 9668 11193 9457
f 7858 13078 6258
f 9626 8900 7627
f 8696 6940 4223
f 8521 9550 10462
f 9668 5154 8703
f 11193 9668 8703
f 8093 5690 6810
f 9336 12956 11912
f 2096 11948 1522
f 10622 6786 11247
f 11526 11482 10153
f 5229 3967 6256
f 3784 5357 8954
f 10098 8960 6646
f 4744 4752 2543
f 3272 9669 3872
f 9291 9416 7969
f 9449 9291 7969
f 2809 490 493
f 9669 8704 3406
f 9669 3272 8704
f 12104 13329 13385
f 9925 11172 3390
f 10954 7955 8094
f 4572 11226 3268
f 9218 3406 11825
f 11764 12612 9817
f 12504 7516 6775
f 11248 9785 3406
f 13078 7142 6258
f 2544 3781 1113
f 8696 4223 7745
f 10827 9122 8278
f 7378 11542 10102
f 11490 7378 10102
f 11736 2051 2050
f 10094 13243 8677
f 9511 12662 10016
f 9511 10016 5812
f 5682 8886 9818
f 4192 768 769
f 9254 8523 9767
f 12635 7207 5293
f 12576 13010 5382
f 10094 9511 7949
f 7867 10330 9465
f 10726 8559 7609
f 10726 7609 9650
f 12933 6549 10187
f 13128 12872 7820
f 12933 10187 12386
f 12060 12895 6179
f 12962 7951 6144
f 5431 814 5430
f 9901 11301 7552
f 11970 12891 9768
f 12192 11348 10396
f 7365 10396 11348
f 7086 7085 9450
f 6750 4606 13196
f 10193 8557 8553
f 13425 13415 11958
f 9950 12574 11535
f 5254 9559 6276
f 11272 9055 11469
f 6871 5806 6167
f 11271 11916 9092
f 8432 8434 5798
f 5862 7166 7593
f 8547 2912 11999
f 9559 9257 5245
f 9470 5676 9819
f 10193 3551 9819
f 12557 9822 10195
f 10611 13316 11890
f 13055 12851 10245
f 7186 4796 10213
f 6048 6248 8236
f 9895 10672 2764
f 5074 7155 5244
f 12093 6626 5670
f 7778 7779 9152
f 6235 9543 9542
f 7579 13303 2899
f 6082 5659 3539
f 11118 4373 2707
f 11297 12132 6389
f 6804 4057 8544
f 6988 12817 8053
f 11242 13448 8032
f 3551 9165 7020
f 8636 3970 10782
f 10468 9316 9776
f 5077 7788 2568
f 7020 9165 5078
f 6937 10587 9413
f 5962 2447 6455
f 6809 4069 12941
f 9448 11063 9321
f 6048 8236 13162
f 3108 5226 6249
f 11859 7702 5296
f 13041 3175 11634
f 5382 6390 4457
f 13090 7509 7503
f 4641 4642 8633
f 844 6510 2187
f 6646 11335 7363
f 6281 4063 4059
f 5257 8551 11084
f 5594 7922 10157
f 8883 5666 8371
f 12226 1279 11166
f 124 12199 123
f 8774 124 123
f 13074 3104 8051
f 10465 8055 5600
f 1042 3277 1492
f 2253 6089 10184
f 6075 7156 8080
f 4785 6550 12612
f 6429 6845 7967
f 8433 6048 3395
f 8523 7537 13488
f 10395 13536 10918
f 7167 8370 7594
f 7396 7395 10111
f 10814 8064 11246
f 8161 10814 11246
f 11827 10468 8833
f 13331 4464 10943
f 3551 9470 9819
f 7086 8461 5945
f 7551 8346 8062
f 5601 846 10159
f 7208 4974 9513
f 10884 9038 6491
f 9844 5088 3570
f 29 9694 30
f 1845 29 30
f 9043 3377 12815
f 8430 11272 5795
f 6279 6802 4060
f 9152 7537 8523
f 10783 6988 10282
f 5380 5381 10182
f 11646 7600 12556
f 8419 6144 1244
f 5375 12576 4455
f 1991 415 412
f 7779 9610 10298
f 6735 7360 5432
f 4641 13543 9754
f 12180 12192 10396
f 1244 7049 7357
f 12576 5382 4457
f 5597 12096 7545
f 6516 8054 10163
f 8434 10783 7061
f 7015 12094 8369
f 10524 8685 10747
f 4260 423 4259
f 5292 7806 13172
f 2908 6871 6167
f 2948 1773 1774
f 3557 9468 9471
f 10158 7539 11352
f 7299 5922 7713
f 11507 10035 8189
f 12570 6675 5253
f 6269 8356 12465
f 8874 5653 6079
f 12431 7935 4064
f 7551 8836 7139
f 9610 8431 10298
f 2474 5054 7259
f 3288 2431 8289
f 13511 11276 9167
f 9398 8249 3175
f 6253 7856 9611
f 11282 9055 11272
f 6161 11940 5845
f 4267 2017 2020
f 7138 11301 8526
f 1289 4392 9158
f 13428 1654 4023
f 3532 7157 10330
f 1691 5859 13577
f 9254 11340 8523
f 9926 8342 10617
f 11107 7601 7019
f 6252 8832 6249
f 7968 13536 10395
f 7367 7968 10395
f 8862 6071 13394
f 13273 2890 4733
f 11890 13316 12637
f 11190 10359 2474
f 6804 11751 5249
f 6238 6160 840
f 9416 9291 1442
f 8555 9814 8887
f 12002 7266 3753
f 10077 7298 3173
f 10898 11675 9751
f 6366 7923 6781
f 6501 8815 10895
f 8815 8822 9754
f 12821 12835 6455
f 10899 8819 11683
f 8511 842 2853
f 8507 8506 10704
f 4780 8084 5665
f 10787 11130 12884
f 6238 8823 842
f 4649 6988 8053
f 9568 11812 9956
f 5217 8511 2853
f 3752 4372 3103
f 5375 6675 12570
f 6804 7596 11751
f 6501 6503 8815
f 11940 6161 7538
f 6838 8430 5795
f 7867 12447 6540
f 3380 10359 11190
f 12170 11892 11119
f 8749 5474 8761
f 9559 5254 11790
f 8511 6366 842
f 5214 6701 7263
f 5662 12430 7712
f 9566 12938 11213
f 11780 9964 9963
f 11759 11588 11426
f 8888 9820 12884
f 5294 6886 5884
f 9117 9155 9552
f 9117 7364 9155
f 11790 11777 7155
f 7084 6733 6181
f 11362 8416 9352
f 10185 11297 9469
f 6808 11853 8087
f 5910 12862 6250
f 11827 11559 6667
f 13308 814 12929
f 9901 6667 11559
f 11506 6254 13047
f 11506 13047 6255
f 7609 8673 9650
f 8554 8553 8557
f 12868 10940 2915
f 8051 3104 10358
f 6048 3104 3395
f 5797 6839 4370
f 7865 5247 7864
f 5853 5068 4048
f 5645 7156 5246
f 418 3006 415
f 10617 8342 11148
f 8357 4052 2901
f 12841 5672 7601
f 6281 4059 4455
f 10039 8364 9465
f 5073 7861 2903
f 12447 7867 10329
f 8334 13316 10613
f 5384 5924 7304
f 3920 5488 7431
f 8880 3536 1129
f 28 1209 27
f 8990 28 27
f 7157 10328 12516
f 12143 11264 94
f 3545 4061 3543
f 1845 1846 1384
f 1009 757 1207
f 6150 8148 7452
f 4946 3372 3371
f 6753 8990 27
f 12762 26 27
f 6753 27 26
f 904 447 269
f 13605 269 447
f 3777 1302 880
f 10906 11896 5582
f 2554 11441 3465
f 1521 2814 3037
f 1680 3507 4037
f 4625 11423 5473
f 11793 8771 7435
f 12745 2964 7077
f 5001 7180 5264
f 12298 1206 33
f 11433 3574 3578
f 8100 9002 7181
f 760 1387 12809
f 8188 7137 6866
f 11493 8435 8549
f 5053 11448 6031
f 8321 8320 12582
f 18 6768 4619
f 13611 13145 16
f 7432 4608 11468
f 1845 1384 29
f 5893 10349 6893
f 8990 5480 9698
f 6753 5490 9917
f 1587 5050 5220
f 9739 8024 6228
f 759 12809 1209
f 6518 3495 1114
f 8966 7666 7662
f 12303 1219 1872
f 11477 1847 13267
f 3047 532 534
f 12781 1845 30
f 12809 1387 12762
f 12834 8456 7080
f 3614 10973 10741
f 5893 3075 6609
f 6773 6025 6021
f 1869 12704 776
f 1820 6882 1363
f 4726 1101 4728
f 12068 752 1381
f 5480 9917 12233
f 502 4729 4731
f 5480 8990 9917
f 9138 10765 12853
f 11233 6456 8750
f 12537 9238 11773
f 3359 8327 5206
f 1400 12326 2975
f 7038 9957 6130
f 1820 4180 4177
f 1820 12157 4180
f 10121 9134 7421
f 7709 9744 8503
f 1300 6165 1298
f 9800 3534 9801
f 11430 6494 10702
f 1 4711 3458
f 9797 9801 10478
f 32 9738 7126
f 2638 4146 1169
f 497 2083 2810
f 1819 57 4547
f 1824 1821 3843
f 4147 4146 12778
f 4184 11002 1830
f 12761 1371 1838
f 9753 8813 4639
f 31 4191 753
f 1090 2526 12332
f 13261 13096 9957
f 3930 3931 1570
f 3699 1185 2656
f 3509 4759 1674
f 10765 11552 23
f 1213 12151 767
f 11596 10962 9342
f 1397 1865 12578
f 173 10888 174
f 8986 173 174
f 1984 3004 1982
f 8548 7871 8370
f 13605 4271 4272
f 4091 7668 8921
f 10883 10886 11769
f 7366 7365 11348
f 3974 1597 1061
f 11003 1888 786
f 10860 10883 8808
f 9365 9699 7416
f 12705 780 2364
f 2512 4701 1081
f 5645 5246 11599
f 13221 4612 11658
f 6079 10624 5661
f 173 8986 1877
f 3981 1066 4657
f 166 4651 167
f 12078 166 167
f 2736 3817 3818
f 8808 10883 11769
f 10860 9365 7416
f 10968 9052 8911
f 3973 1061 1596
f 10034 8189 10473
f 7734 3174 9205
f 176 117 13570
f 117 176 10860
f 11733 4121 7203
f 8356 5632 8076
f 174 10888 13077
f 13533 592 10782
f 12532 8635 7266
f 10455 9750 9043
f 7264 7265 5348
f 7542 11537 7543
f 13173 8847 2899
f 4205 9083 2982
f 11073 7604 8378
f 1896 2760 3861
f 3357 11889 12124
f 54 3471 55
f 54 55 4181
f 174 175 2364
f 175 174 10886
f 1881 1222 2984
f 4777 5653 7162
f 3546 8368 11914
f 175 176 12705
f 176 175 10883
f 3884 3001 1971
f 9742 3366 9740
f 6055 3404 9768
f 8986 174 12243
f 6145 11459 6691
f 10995 12226 11021
f 7253 584 582
f 9757 9311 12815
f 7999 12475 8761
f 9748 10885 8809
f 7497 11525 5550
f 7422 10861 8757
f 13189 10890 11386
f 10621 9452 9978
f 5470 9365 10120
f 3868 4974 7208
f 9746 10887 9741
f 6635 1024 790
f 794 1229 2382
f 10883 175 10886
f 1065 4656 4657
f 12291 3259 4557
f 12354 4247 402
f 7448 6480 126
f 3517 5624 3183
f 1439 2361 6728
f 5394 4478 10375
f 10812 9656 8688
f 10812 8688 7546
f 731 11018 1363
f 12243 174 2364
f 174 13077 10886
f 2596 679 11850
f 13077 10888 11386
f 12723 2407 1037
f 3435 394 396
f 4246 396 394
f 1881 1884 2368
f 11857 1882 2985
f 404 12742 402
f 4247 404 402
f 9747 10891 9751
f 6867 12574 9950
f 10193 10192 12793
f 7086 9450 9416
f 11878 13246 8682
f 7550 6785 11783
f 7207 9413 12089
f 12180 10396 11246
f 6845 11246 10396
f 12817 13164 6052
f 6667 9901 10164
f 3546 11103 8368
f 1590 6254 9154
f 9997 8527 12700
f 6808 11646 12556
f 10581 12525 9110
f 7209 5152 5150
f 13041 5922 3175
f 1590 6252 6254
f 8545 5253 6675
f 11254 7872 7871
f 8439 9330 9930
f 13091 8892 10628
f 10467 4649 8053
f 7791 7950 9283
f 5291 9283 7950
f 3402 11673 11072
f 6238 8819 8823
f 9611 7268 10066
f 12118 4371 8039
f 12190 10160 12171
f 11209 11559 8833
f 3905 3036 1520
f 12938 9566 10627
f 11541 9656 10812
f 6732 8684 8683
f 2793 2036 2039
f 5430 8686 7891
f 11427 11329 10068
f 12180 8189 12192
f 12792 7600 11646
f 8189 7711 12192
f 9657 9943 13298
f 3108 12027 4991
f 11962 6733 6732
f 13422 10352 7240
f 10470 11063 8061
f 8673 8674 9650
f 12817 6052 8053
f 7365 6845 10396
f 9469 9930 9330
f 1280 4370 6839
f 13536 3968 11657
f 10669 7208 9513
f 5382 6389 12132
f 7857 8833 5595
f 12104 8531 13078
f 10723 12926 10042
f 9316 10468 13589
f 12864 12569 8837
f 4375 8634 12862
f 10619 10162 10620
f 7264 11137 7265
f 6774 6237 6504
f 10185 11567 11297
f 1038 10669 12895
f 618 1642 4409
f 4054 12829 4055
f 7299 7713 6676
f 9398 6921 9205
f 13172 7806 5120
f 8684 10245 8683
f 7602 12892 8088
f 8237 7540 10066
f 9449 12700 9998
f 9100 12630 10182
f 5380 13218 4064
f 6804 5249 10283
f 11200 5921 12570
f 8524 5227 8187
f 8834 7137 8188
f 7139 9071 11553
f 879 4022 880
f 7979 4580 8989
f 12564 7979 8989
f 6050 9550 6250
f 5591 8051 5347
f 6988 10783 6163
f 10262 8685 10746
f 12096 2193 7545
f 6735 10164 7553
f 9901 7553 10164
f 12921 11128 9449
f 9963 9964 10342
f 9895 2764 11821
f 12217 11767 11345
f 10585 9115 7357
f 11130 10787 9468
f 5293 9963 10342
f 5099 11779 7323
f 7734 6921 2911
f 8521 10462 13047
f 8434 8432 3754
f 2908 5250 4060
f 12841 7601 11107
f 13384 9260 10331
f 10161 3398 11507
f 7951 10381 13043
f 6667 5432 10918
f 7551 10101 7363
f 6646 7363 10101
f 10263 7966 12616
f 12049 13222 10614
f 7065 13516 7868
f 6413 5774 5866
f 5436 5456 10414
f 11827 10918 11657
f 7367 5429 9414
f 7857 11209 8833
f 7138 9552 7552
f 11948 2093 12782
f 4711 4712 4715
f 12338 58 1
f 4711 1 58
f 735 51 52
f 4732 52 51
f 12761 1838 1373
f 2812 508 3036
f 879 880 4021
f 6821 13586 5875
f 6840 2521 875
f 4297 3905 1520
f 13141 1099 1652
f 12749 2279 4863
f 630 3467 13000
f 506 1350 303
f 506 303 12372
f 1169 4149 3678
f 879 1651 4420
f 4420 1651 618
f 12536 11376 8681
f 42 12334 6518
f 12290 1840 339
f 3906 512 511
f 2720 511 512
f 1842 750 1843
f 2720 1302 4727
f 13370 13000 11008
f 836 834 3749
f 1644 5065 2524
f 5615 2540 4738
f 4297 3906 511
f 4185 11422 69
f 336 12157 1363
f 2651 13160 3688
f 4953 4021 880
f 4711 4715 3458
f 13595 4858 4860
f 3470 4726 4728
f 1820 1363 12157
f 2719 512 513
f 4298 513 512
f 5615 4027 1107
f 10730 11813 6094
f 1526 1524 1525
f 12416 6853 5161
f 2097 3037 3038
f 3095 6902 6903
f 11606 3780 2538
f 4184 12819 2969
f 9015 3470 4728
f 9014 1101 4726
f 336 1363 11018
f 1302 3777 12743
f 3777 4022 3473
f 12743 3777 3473
f 509 511 4727
f 509 4297 511
f 1654 3471 4023
f 1822 2966 1823
f 13428 4728 1101
f 2965 732 337
f 4421 11008 3469
f 337 12703 2751
f 4178 1821 2965
f 4184 2969 1829
f 11910 7858 7143
f 3416 3417 850
f 330 11606 12771
f 4022 3777 880
f 2520 1653 1100
f 497 2810 2078
f 4547 58 12338
f 1101 9014 1100
f 4742 2546 1663
f 5216 6045 9948
f 43 6597 1837
f 8245 11493 8153
f 1840 1375 339
f 7515 1586 5570
f 13001 1837 2321
f 7515 7511 1586
f 8949 12229 3535
f 1841 1839 1375
f 745 12761 1373
f 46 45 3482
f 45 46 11012
f 4147 12778 2639
f 12290 1374 744
f 711 3230 2287
f 1350 3679 303
f 1130 3545 3566
f 4547 12338 731
f 3846 1825 3845
f 1822 4181 4180
f 1822 13264 4181
f 2537 9014 4726
f 1925 10526 12275
f 4022 881 3473
f 12726 2093 510
f 4022 13000 881
f 4953 6840 4021
f 1520 3036 508
f 1520 508 510
f 1641 6840 875
f 2964 1362 11018
f 3905 4297 509
f 13141 11742 1088
f 4023 2888 9015
f 4023 9015 4728
f 8386 10954 11784
f 12456 12501 10817
f 4024 3779 3778
f 2890 4025 53
f 13428 1101 1100
f 13181 9218 10714
f 65 2312 2311
f 1302 12743 4727
f 13345 1003 2314
f 3772 3133 1294
f 2060 1511 3296
f 2522 1301 513
f 6840 1301 2521
f 2653 305 1354
f 4421 3469 12707
f 12694 4027 1106
f 5459 1515 484
f 4712 1088 4715
f 2522 513 516
f 4299 516 513
f 1521 2097 4298
f 2097 1521 3037
f 1108 4029 1660
f 1103 1104 1105
f 2311 2312 737
f 3679 12317 304
f 13595 5775 707
f 2092 4297 1520
f 4297 2092 3906
f 2092 1520 2814
f 1521 2092 2814
f 2092 1521 3906
f 4953 1302 2720
f 4953 880 1302
f 2520 4711 58
f 4298 4299 513
f 6821 5875 8914
f 2097 4299 4298
f 2522 2521 1301
f 2522 5064 2521
f 4299 2101 3907
f 516 4299 3907
f 2522 516 5064
f 4712 1100 1099
f 4712 2520 1100
f 56 1653 57
f 1819 56 57
f 2078 12238 2077
f 3850 1381 1382
f 6044 13103 10907
f 10828 9785 12922
f 11248 12922 9785
f 2638 1169 3678
f 1216 5007 1861
f 12142 6774 6504
f 2462 1672 4757
f 12221 7441 11794
f 3252 12761 745
f 1835 1834 11012
f 497 2077 2079
f 4721 628 1648
f 12448 8914 5875
f 4868 3680 65
f 496 5310 2079
f 1168 4858 4859
f 10672 10098 6646
f 5604 10161 10034
f 3781 2541 8963
f 1443 7379 9122
f 2894 3495 4754
f 7745 9667 12045
f 2055 2804 12073
f 4032 6370 1669
f 2061 2807 2063
f 2413 13318 11564
f 1594 8531 13310
f 12729 3635 3636
f 2804 2803 12073
f 11321 8527 9997
f 13459 10938 3557
f 6088 3553 8552
f 9468 3557 9821
f 4331 574 4909
f 10065 9091 7919
f 10384 10386 5422
f 4731 4729 3778
f 10470 5599 7546
f 12313 6380 913
f 6071 8862 5072
f 12646 3869 9116
f 7175 11255 11256
f 11627 5430 7891
f 2725 6084 11402
f 10535 1442 2415
f 12841 9205 3174
f 11506 8525 8526
f 7138 8525 9071
f 605 3991 4678
f 5862 7593 7713
f 9168 10721 9829
f 11239 9716 9247
f 8684 11722 13055
f 9660 12929 814
f 12862 8634 6050
f 12027 3108 3755
f 7550 11874 3404
f 7358 8272 5945
f 11709 11725 11213
f 1593 11535 8064
f 9153 11173 12171
f 10619 11072 10162
f 3528 6070 7785
f 7606 11812 9017
f 12217 8213 11767
f 11271 11512 7728
f 9823 8890 11726
f 13514 5684 10542
f 10050 11426 12100
f 5778 10746 6323
f 6885 5291 5884
f 11823 10466 3403
f 13472 12888 13544
f 9927 11874 10163
f 7175 10002 11255
f 9402 10570 9835
f 12101 8593 1926
f 7170 5668 6805
f 8507 10704 9543
f 9778 9777 9012
f 9261 7175 11257
f 10587 5946 9413
f 13240 12652 12584
f 5779 5015 12525
f 9950 11535 1593
f 7547 3404 6055
f 5013 3264 6933
f 7209 5150 4974
f 3404 11874 9768
f 11283 11203 7954
f 5945 12635 10342
f 2763 9113 13486
f 9115 6732 7893
f 1697 9955 8244
f 13514 10542 7174
f 11937 6845 6429
f 10814 1593 8064
f 11512 13413 12002
f 10392 8272 11141
f 8888 12557 9820
f 9950 1593 9951
f 8272 7358 11141
f 10131 9708 6001
f 5291 10383 11024
f 6051 6989 9447
f 7085 9060 13257
f 9115 11962 6732
f 11859 13243 9112
f 11673 2860 11072
f 6323 10746 10524
f 8269 7359 10262
f 7085 13257 5433
f 5294 11141 6886
f 12226 7269 1279
f 12938 11709 11213
f 9448 5605 9319
f 11192 11303 3405
f 9997 12700 5433
f 13043 13172 7049
f 7209 10098 5152
f 7815 10786 7279
f 12583 9318 12190
f 1207 2337 1208
f 6806 7293 5373
f 11725 13211 11213
f 11780 1922 8264
f 11927 7554 8066
f 12616 7049 5120
f 11303 10469 11823
f 8787 13101 9712
f 10487 10199 12877
f 5430 814 13308
f 3405 11321 9997
f 5233 4769 6525
f 8271 12573 10673
f 6733 7360 6735
f 9267 5419 11139
f 10584 5419 9267
f 11536 11275 11427
f 9290 8214 12875
f 9986 7359 10097
f 4381 10165 358
f 11827 8833 11559
f 7551 7139 9779
f 8271 10673 9290
f 3960 3385 6983
f 7293 5668 5374
f 8461 7086 9416
f 11535 10034 10473
f 7085 7086 8272
f 4569 10811 11556
f 3989 11413 12345
f 6703 9969 11891
f 6702 8636 11891
f 13011 6625 8369
f 10453 10455 12049
f 7869 6167 9397
f 6906 11916 5593
f 11830 11829 11313
f 11830 11313 5013
f 3008 1995 1997
f 5375 5921 13010
f 4140 1770 2947
f 4140 2947 12776
f 9659 10535 10813
f 5151 9985 9652
f 11637 5911 5913
f 1899 794 3861
f 4783 13579 12452
f 12155 7343 3672
f 3221 4512 702
f 2191 4383 6368
f 12210 1772 3675
f 7597 3546 11914
f 8839 8055 10465
f 11512 12002 3106
f 5111 13003 5769
f 6546 4784 12554
f 10513 10514 8139
f 6623 8368 10480
f 846 11866 10159
f 4839 2275 4504
f 6546 5774 4784
f 13011 8883 7597
f 7364 8460 9155
f 3106 9969 7922
f 12226 13069 7269
f 6696 10109 10851
f 3973 3409 3971
f 13011 8369 7872
f 12182 5865 6873
f 11460 2418 11417
f 4514 2631 704
f 13262 3223 13439
f 6086 8882 5664
f 3977 2864 1600
f 12600 7589 7154
f 3971 1595 2861
f 11821 11859 9112
f 5456 5955 7978
f 8687 8839 10465
f 2277 12155 1772
f 2194 2711 594
f 1026 3860 1025
f 3225 5006 6413
f 4518 3677 5113
f 13262 7343 4516
f 9398 9205 11107
f 4666 2870 3427
f 10782 3970 2862
f 2711 3408 594
f 6705 2208 609
f 1876 782 346
f 7281 13533 2862
f 8882 13467 5664
f 11073 10189 13421
f 13439 12740 5148
f 10394 12695 9771
f 10914 10394 9771
f 7599 5865 5666
f 8087 6809 12941
f 8537 7148 9161
f 12002 11196 7266
f 4518 3224 2948
f 4065 8551 7599
f 11335 7364 9117
f 7064 3972 3407
f 5168 11655 13132
f 13157 1068 3422
f 2196 2712 12283
f 7016 5666 12555
f 9361 13092 9113
f 5246 7162 12829
f 788 1224 13259
f 9044 12674 12810
f 7205 1157 12392
f 856 602 12280
f 13011 7597 6625
f 6702 12820 8636
f 13377 12882 9412
f 1597 3408 3407
f 2711 3407 3408
f 409 5438 1481
f 8832 6252 1590
f 13316 12638 12637
f 12792 11084 7600
f 8545 6675 4059
f 12556 7600 11254
f 793 1896 1897
f 1595 2862 2861
f 9816 5680 8090
f 4202 1875 780
f 11254 7600 9564
f 10572 9033 11576
f 1886 1413 1412
f 2200 3417 3416
f 6088 8552 8088
f 11741 396 399
f 12958 399 396
f 8551 7171 7599
f 7602 8088 13415
f 6867 9777 11359
f 8639 2193 11245
f 1891 6726 1414
f 11271 9092 13413
f 5552 7494 8333
f 4661 4390 4664
f 2011 2015 2014
f 272 430 3420
f 272 4263 430
f 6703 8637 9969
f 592 6703 10782
f 9812 9162 12826
f 12412 7172 8885
f 8370 7871 8369
f 4518 2948 1774
f 4518 1774 3677
f 3972 1596 3407
f 1986 12307 1482
f 12182 12555 5666
f 4376 5909 12820
f 3972 3973 1596
f 13069 9092 7269
f 13069 7813 13413
f 13069 13413 9092
f 7892 11781 8214
f 11533 12941 4069
f 11970 9315 8187
f 12635 5945 9415
f 9660 8690 12929
f 6163 3755 12817
f 219 2393 2392
f 11271 7728 11088
f 9254 6514 8188
f 11853 11958 12412
f 13011 7872 4065
f 8559 12901 7609
f 7711 11657 3968
f 6808 12949 11999
f 10481 9469 9330
f 11457 12027 1281
f 9117 8836 7363
f 11335 9117 7363
f 3104 13074 3395
f 9811 5080 10481
f 7281 8639 11245
f 13011 4065 8883
f 1900 351 1899
f 5013 9652 3264
f 11335 9116 7364
f 8424 6149 13174
f 10672 7965 2764
f 8088 8552 13415
f 8527 9998 12700
f 9769 5428 5598
f 4960 6873 2914
f 7019 7173 12892
f 6516 5598 12863
f 8996 594 3408
f 8996 4385 594
f 704 3672 7343
f 13533 10782 2862
f 6414 5774 6546
f 7543 11537 11245
f 11714 11352 11088
f 3972 4384 3409
f 6413 5006 5113
f 3972 3409 3973
f 7281 2862 1595
f 11297 6389 921
f 2277 1773 2948
f 7281 11245 11537
f 6413 5113 5774
f 7813 12002 13413
f 6414 5866 5774
f 4779 10480 8083
f 8061 9319 11801
f 10995 12037 7813
f 2277 2948 973
f 2277 973 3223
f 3213 3823 953
f 1999 3009 3010
f 1611 4675 1613
f 7964 8057 5427
f 7964 5427 11224
f 4512 969 12979
f 9774 5601 5600
f 4512 12979 4140
f 3979 12985 2864
f 3979 2864 1599
f 12979 1770 4140
f 1795 13440 984
f 1758 4504 1759
f 3975 1600 4385
f 1896 3861 1897
f 11464 1595 3409
f 11464 3409 4384
f 7998 3357 12124
f 612 4692 4694
f 1961 391 1959
f 2185 3970 8636
f 11464 5912 8639
f 11464 7281 1595
f 4518 5006 3224
f 4518 5113 5006
f 2185 8636 12820
f 180 179 13066
f 180 11625 179
f 6476 10024 3319
f 5912 11464 4384
f 3020 815 1492
f 13436 1063 3412
f 5408 973 3224
f 7979 11460 11417
f 11460 7979 6410
f 9059 10306 5944
f 2191 6368 8840
f 1459 3881 1941
f 1918 812 13372
f 12310 611 4688
f 9901 7552 7553
f 6514 11801 9319
f 4135 202 201
f 2377 201 202
f 8087 11853 12412
f 7551 8062 10101
f 12589 7962 13298
f 8552 7172 13415
f 3396 9195 8342
f 8832 6052 13164
f 5429 7367 10395
f 8523 13488 9767
f 11373 11328 10067
f 7065 7868 3791
f 6613 12656 12790
f 9116 8460 7364
f 11340 4950 9195
f 7551 7363 8836
f 12468 10913 12669
f 10781 9926 6161
f 5677 8885 7172
f 5079 3552 6626
f 13283 11434 254
f 11801 9767 13488
f 6283 9813 8199
f 10585 7357 12616
f 5913 4384 7064
f 11302 11173 10469
f 7136 10464 13488
f 7139 8836 9071
f 12521 8439 9930
f 10013 12224 5806
f 12669 6055 12891
f 6514 8834 8188
f 11970 9927 9315
f 11073 13468 7604
f 9927 11970 9768
f 7173 3552 10042
f 5671 13218 5380
f 5375 13010 12576
f 9632 13200 10790
f 12891 6055 9768
f 6514 9254 9767
f 9146 10144 10146
f 12862 6050 6250
f 8085 8547 7167
f 6809 12412 8885
f 11823 10619 10620
f 6675 4455 4059
f 7138 9071 9552
f 8832 13164 6249
f 5227 7856 8187
f 7734 12431 4064
f 9769 5598 11783
f 8834 6514 5605
f 10915 8055 8838
f 5677 7172 8552
f 5671 5380 10182
f 7138 7552 11301
f 8434 1281 6163
f 8270 8459 11046
f 6327 6835 5947
f 8056 11961 4569
f 7892 10392 5294
f 9823 11726 13087
f 9927 6782 9315
f 11970 8187 12891
f 6808 12941 11646
f 8087 12412 6809
f 7019 3552 7173
f 7136 6782 10464
f 7136 9315 6782
f 6181 6735 7553
f 7066 5138 12187
f 10586 12863 5598
f 3869 8460 9116
f 2765 7702 11859
f 7044 13034 12675
f 8249 11107 7602
f 11937 6429 9986
f 7173 9163 12892
f 6514 9767 11801
f 7299 6676 2911
f 9055 11282 10298
f 8547 11999 12949
f 13489 12589 7702
f 10586 9770 12863
f 10586 13298 9770
f 10470 8061 8060
f 8670 2763 10670
f 6367 11457 5591
f 9397 12570 5253
f 921 12521 9930
f 11107 7019 7602
f 12792 5257 11084
f 9773 10471 13300
f 11128 12939 2415
f 8439 11200 8441
f 8524 8343 5227
f 9397 11200 12570
f 3755 13164 12817
f 8237 1279 7269
f 9771 12695 6734
f 5941 8676 5418
f 3174 4064 13218
f 11999 2912 12003
f 8524 7537 8343
f 5795 11272 7699
f 7272 5349 9277
f 12656 8430 7268
f 7540 5593 10913
f 5679 8090 3555
f 10672 6646 6430
f 2415 12939 10813
f 10535 2415 10813
f 9415 8461 1442
f 8289 13484 2800
f 4005 1635 4002
f 1622 12207 4396
f 12206 3073 2168
f 144 3439 3996
f 3622 6830 8662
f 218 217 7203
f 218 1031 217
f 141 3998 1621
f 2876 3434 4685
f 11125 11230 11643
f 3993 4682 3433
f 1084 2881 1636
f 2938 4828 2599
f 1752 1152 1153
f 1916 13365 13372
f 446 2032 2030
f 2503 139 138
f 13429 138 139
f 3213 2274 5769
f 5612 3996 3439
f 157 1606 2868
f 11741 3767 3435
f 1615 2874 11610
f 4127 12315 3653
f 2499 4690 4689
f 140 141 6689
f 140 3998 141
f 7030 9345 10639
f 3081 8316 10252
f 2383 351 1900
f 5145 11956 4496
f 1996 3008 3009
f 3994 3993 3433
f 2876 145 3996
f 278 4686 4687
f 146 2876 4685
f 148 147 4682
f 147 148 3259
f 12327 12709 3766
f 3001 1973 12293
f 12248 13016 4683
f 11796 8494 6221
f 2876 3996 11424
f 7105 9065 10024
f 2999 1957 2780
f 3767 3436 3435
f 2494 148 4682
f 12327 13363 4392
f 11466 6114 3597
f 216 4825 11733
f 13016 4684 12742
f 7698 201 200
f 2376 200 201
f 1975 403 12293
f 250 2782 2423
f 1620 1619 6706
f 796 1230 2389
f 1023 11929 1024
f 2514 2516 4704
f 687 685 4128
f 1488 11607 421
f 2410 1402 6729
f 2401 1910 5012
f 3427 603 3426
f 11741 399 4684
f 1473 12706 1965
f 12999 216 11319
f 12271 4648 13104
f 12201 7205 12392
f 7105 11145 8477
f 9746 13077 11386
f 145 12111 144
f 145 144 3996
f 3457 6996 1052
f 146 145 2876
f 145 146 4208
f 3884 12958 1968
f 6635 3730 2759
f 1623 1079 7560
f 3212 691 13136
f 12203 6593 2485
f 402 4684 399
f 12354 402 399
f 960 1346 1759
f 147 4685 4682
f 12958 12354 399
f 1346 959 1759
f 1625 138 137
f 1907 137 138
f 7572 5624 3517
f 13016 862 4684
f 1913 11846 12000
f 4844 2617 6588
f 1611 2871 4674
f 9779 7139 11553
f 152 151 4674
f 151 152 1898
f 4250 1980 4251
f 4391 5351 3765
f 151 2382 150
f 4675 151 150
f 1073 1613 1614
f 3658 13553 13003
f 4394 1617 4683
f 12291 147 3259
f 3433 4682 4685
f 7559 3438 7144
f 12958 4246 1968
f 4246 12958 396
f 5772 957 1344
f 4247 12354 1971
f 402 12742 4684
f 147 146 4685
f 147 12291 146
f 3884 12354 12958
f 2377 4556 2693
f 4854 3826 5147
f 10327 9258 6916
f 11128 12921 8347
f 4248 404 4247
f 146 12291 4208
f 11741 4684 862
f 12354 3884 1971
f 11741 862 3767
f 12174 276 4251
f 1983 12174 4251
f 2385 3259 148
f 7413 8290 4595
f 6759 13455 8312
f 7332 1332 3810
f 13222 13339 8335
f 1983 1985 12174
f 13071 10360 10227
f 7530 11909 6511
f 3110 12099 9392
f 3960 3959 3385
f 7211 10051 5780
f 4732 11743 1106
f 10001 8373 9827
f 6037 6038 12420
f 10458 7522 11713
f 3733 12900 12036
f 9467 9328 8376
f 9057 3789 3788
f 7936 10374 9834
f 7134 3960 6983
f 5860 5805 5917
f 3560 9168 10630
f 10095 9834 10374
f 10095 7351 9834
f 5056 5058 8042
f 6282 7598 10001
f 1358 1817 11734
f 7521 5577 5578
f 9292 3405 9997
f 8629 586 8631
f 10706 7775 7134
f 5372 11199 8197
f 7521 5578 5579
f 1533 3060 2153
f 13071 10361 8341
f 4648 6510 13104
f 10484 7608 9333
f 7134 7775 6982
f 5328 13187 11658
f 10664 4068 5920
f 12887 10334 7182
f 9809 7873 11253
f 7169 10721 4066
f 11991 13098 7617
f 8979 12406 13525
f 3960 12420 3959
f 10903 13031 10905
f 4361 7256 12531
f 10393 10585 9414
f 6867 11359 12574
f 10588 7377 12275
f 9121 1925 12275
f 7966 7967 7366
f 3868 3869 12646
f 10751 7212 7808
f 11991 9467 8375
f 12512 7430 6463
f 8061 11063 9319
f 9292 9997 5433
f 9292 5433 13257
f 8375 9467 8376
f 10098 9895 5152
f 10789 10790 13200
f 12573 9060 10673
f 8277 11051 13480
f 9093 8829 6512
f 3385 3386 7776
f 5366 5364 9624
f 2249 9232 5919
f 9826 10789 10788
f 9359 9976 9977
f 6916 3167 5248
f 6995 10819 9045
f 8360 6073 8361
f 7284 6375 7283
f 4068 3550 5373
f 5242 5916 9028
f 5572 2706 4645
f 9328 10944 8086
f 4451 3169 1695
f 5563 12410 8818
f 3799 924 3800
f 11824 13217 5083
f 3383 12420 6982
f 4362 3099 2850
f 11909 10912 6511
f 7735 9631 3176
f 8047 6511 7776
f 6617 8908 11659
f 11754 13456 13475
f 8197 9376 9810
f 11336 7219 11047
f 11700 9962 8212
f 546 12812 4932
f 10831 10522 12047
f 6356 7485 8023
f 11911 10049 7201
f 8707 12032 4597
f 12214 546 4932
f 11394 2120 2119
f 3058 557 12968
f 2132 2129 2131
f 4884 5776 2667
f 4533 13437 8955
f 3706 3835 990
f 990 3835 4157
f 3057 3056 2136
f 11895 4587 7415
f 11839 567 2818
f 6415 992 3241
f 564 1534 12402
f 3705 987 988
f 994 11642 2674
f 1309 3505 3503
f 3705 988 12989
f 12383 4040 1682
f 537 3048 534
f 9645 10522 6439
f 4351 11412 7985
f 13557 7985 11412
f 13245 11143 11834
f 3051 2123 2121
f 10994 564 2151
f 12215 2138 2134
f 3056 3057 2137
f 2128 2129 2126
f 4158 13368 5776
f 3237 13368 4158
f 2139 2136 2138
f 2144 4936 4937
f 4161 11029 12744
f 7200 6138 8586
f 3054 2130 2127
f 3059 2817 2147
f 3237 4161 13368
f 626 3463 6791
f 2115 13139 1532
f 5674 13593 13511
f 4968 12734 2659
f 5951 9913 13239
f 11833 12914 7821
f 8725 10851 6850
f 8143 11298 11492
f 1191 11029 7206
f 1806 1191 13569
f 566 564 12402
f 5386 6392 7308
f 9495 10647 9380
f 8181 10539 12567
f 2138 2136 2134
f 6007 9732 13063
f 1804 7206 11029
f 12056 11677 9190
f 1806 13569 6415
f 10308 13056 10594
f 2181 4354 641
f 3061 567 2157
f 2152 2817 2150
f 3050 2118 3049
f 2299 3241 3838
f 2817 1533 2147
f 1191 7206 13569
f 6415 13569 992
f 13551 8938 2303
f 2317 71 2316
f 625 2222 3776
f 13595 2639 4859
f 11861 11229 4587
f 11895 9061 4587
f 3837 2299 3838
f 13557 5460 7985
f 11504 11336 2798
f 877 4724 878
f 5163 541 13008
f 2142 12215 4935
f 2135 12215 2134
f 541 8975 13008
f 4880 3702 3701
f 8975 541 2119
f 4884 4158 5776
f 3834 4880 3701
f 12215 2142 2138
f 12215 4934 4935
f 9945 6849 2798
f 11394 2119 541
f 3705 4880 987
f 2129 2128 2131
f 902 1678 899
f 3235 987 4880
f 2149 560 2446
f 560 2149 2145
f 560 2144 4937
f 11029 4888 12744
f 12882 11046 9412
f 1681 4041 4040
f 1191 4888 11029
f 3718 4165 1811
f 13049 8571 8570
f 3282 7389 12920
f 13528 4495 5762
f 11888 9537 11811
f 3280 10019 10755
f 3913 5460 2820
f 1308 3089 3093
f 8324 13382 9538
f 12968 560 2145
f 12968 2144 560
f 12968 2141 2144
f 3062 3738 3912
f 2180 4352 3092
f 1804 11029 4161
f 6357 6157 4352
f 7388 13073 6190
f 11609 11752 546
f 11609 546 2128
f 988 989 12989
f 4530 989 988
f 11609 2128 2126
f 3142 11428 4419
f 710 2289 2644
f 10677 7389 13073
f 3683 3680 1172
f 9676 12599 5017
f 1123 4765 2558
f 1537 6649 4324
f 6596 4891 13244
f 10147 10608 8181
f 6355 11412 4351
f 12758 3717 3242
f 8568 6293 5717
f 7989 5450 7484
f 7989 2432 5450
f 11996 2839 12546
f 6007 10608 11127
f 10064 3086 3085
f 12615 13592 5763
f 1806 6415 11030
f 3062 12109 1262
f 6157 3092 4352
f 481 3481 2722
f 8729 9217 10609
f 2151 2150 2148
f 12633 7484 5450
f 4324 7098 9132
f 4324 2155 2156
f 4324 566 7098
f 4324 2156 566
f 11746 9645 11642
f 2299 4890 993
f 10998 5163 543
f 10998 541 5163
f 567 2156 2155
f 2157 567 2155
f 10998 2122 11394
f 2122 10998 11752
f 3705 3702 4880
f 10998 11394 541
f 11752 10998 543
f 8372 9810 8884
f 8047 11754 13475
f 5383 11562 12588
f 7531 11909 10156
f 3550 9328 9329
f 12307 1483 1482
f 13031 6512 8829
f 8375 4067 11253
f 9228 9973 3757
f 9149 3386 3385
f 6282 13242 9396
f 5804 1697 8244
f 8086 10944 7300
f 8048 11713 7524
f 7293 8247 5373
f 8048 13456 11713
f 9197 11583 10822
f 5803 11076 8154
f 4068 10664 9809
f 7301 10367 7303
f 9328 9467 10944
f 6039 9446 13223
f 6983 3385 7776
f 10706 13223 8515
f 6807 11872 6805
f 7296 11471 10076
f 5924 9826 7300
f 9473 7301 11562
f 10945 8373 9828
f 6432 10054 8638
f 12061 6432 8638
f 13530 4643 8821
f 9544 13046 12218
f 5578 13104 5579
f 3959 9149 3385
f 4067 9809 11253
f 7522 7521 5579
f 6247 6246 11087
f 4068 9809 4067
f 7619 5383 12065
f 9760 6511 10912
f 9399 4998 13084
f 13031 13032 6512
f 9544 12218 12134
f 11872 8086 9826
f 3378 2705 2706
f 5652 11104 7009
f 4917 12197 12194
f 11909 7523 10912
f 5863 7169 11820
f 9898 10616 9764
f 10326 10563 6672
f 5576 5846 13190
f 3549 11991 8375
f 12271 13104 5578
f 12832 4373 11118
f 7528 9313 7852
f 7530 8047 9314
f 9329 9328 8086
f 12271 5578 6509
f 7873 10936 11253
f 11872 9826 10788
f 9760 6983 7776
f 11618 8372 12899
f 11076 8153 8154
f 7930 5370 6166
f 7598 6919 2913
f 1694 10326 6672
f 6919 7598 9396
f 2494 2873 149
f 2472 2470 2471
f 12948 3560 11258
f 5370 4452 8195
f 9758 8183 10155
f 12453 6643 7714
f 10487 12877 13317
f 11153 8363 9462
f 8154 11028 7169
f 10001 9827 8374
f 6038 5577 3959
f 3549 10936 8374
f 6038 6509 5577
f 591 8816 6362
f 9758 7520 10541
f 10367 11639 7303
f 9827 8373 8895
f 12260 4379 10067
f 7505 5557 12487
f 6039 10912 9446
f 6282 10001 8374
f 8247 5920 5373
f 5577 6509 5578
f 7531 7523 11909
f 5484 7430 5970
f 10903 10904 6510
f 5044 7770 5046
f 10936 6282 8374
f 3550 8376 9328
f 10458 7521 7522
f 6807 5668 6806
f 11805 3393 10280
f 10458 3386 9149
f 10280 3393 10360
f 7523 9446 10912
f 10904 10905 5579
f 6863 8514 6777
f 5265 7875 5703
f 3959 5577 9149
f 4068 4067 8376
f 1697 5804 6643
f 7017 8373 10001
f 5668 6807 6805
f 9826 8086 7300
f 6502 8816 589
f 7524 7522 8829
f 7524 8829 9093
f 3561 7301 11258
f 5954 7393 6331
f 7134 6982 3960
f 8787 9712 6000
f 8047 7776 11754
f 5804 5863 6643
f 5920 4068 5373
f 2248 1317 920
f 3378 3376 2705
f 8340 10461 10460
f 3743 6610 13214
f 4948 8043 9070
f 11727 7195 9959
f 5563 8818 8817
f 7280 10033 10325
f 8680 10807 11591
f 9949 10322 9544
f 3627 3621 9878
f 9352 8416 9494
f 6038 3959 12420
f 8516 11943 6041
f 13031 8829 10905
f 7522 10905 8829
f 4453 5650 6381
f 1696 7289 8980
f 8340 10460 9764
f 8372 8884 7618
f 5838 8230 5837
f 5426 10096 6427
f 10321 11674 6904
f 7288 4453 6381
f 7017 11618 12899
f 6282 7873 13242
f 9759 11558 7529
f 7017 10001 7598
f 6799 11129 4775
f 2472 3375 13190
f 10706 7134 6039
f 7598 6282 9396
f 10706 6039 13223
f 7134 9760 6039
f 5668 7293 6806
f 10904 13104 6510
f 5668 7170 5374
f 9329 6807 6806
f 9329 11872 6807
f 9329 8086 11872
f 13461 5864 2913
f 13046 9544 5218
f 7017 9828 8373
f 6864 12134 9070
f 11618 9810 8372
f 11991 4458 9467
f 4458 11991 7617
f 3549 7616 11991
f 9760 7776 6511
f 10936 3549 11253
f 3549 8374 7616
f 5083 11258 7301
f 11805 11181 6046
f 7852 10616 10322
f 7530 10156 11909
f 13084 7616 9827
f 13084 9827 8895
f 5803 7164 11076
f 4447 12079 13330
f 7168 10721 11028
f 6864 12698 9011
f 6091 5688 10199
f 7520 4647 7851
f 7526 6986 7529
f 11585 3387 9759
f 7017 7598 11618
f 6091 10199 8091
f 10461 8340 8046
f 3560 4066 9168
f 3176 4458 7617
f 5694 7630 9032
f 13038 4565 10402
f 9663 7214 8594
f 7070 9234 5923
f 11768 13242 7873
f 11768 9809 10664
f 11768 7873 9809
f 3960 6982 12420
f 13491 11314 13539
f 8280 8279 11462
f 6431 8062 9321
f 6942 9297 1495
f 7750 13379 12485
f 12660 10084 11332
f 13201 7466 10854
f 1496 7393 9297
f 10293 9223 4492
f 2265 10505 12691
f 8280 11462 7090
f 11322 11323 2430
f 5897 11496 7910
f 10591 8464 10592
f 10843 5950 8280
f 12849 10844 3631
f 8582 10220 10646
f 11362 3632 7974
f 8319 13315 10137
f 12474 7982 1496
f 9448 9321 8062
f 6937 9413 7207
f 9656 7965 8688
f 4570 6182 8690
f 8060 6782 10163
f 9770 13307 13323
f 9770 7962 13307
f 5296 7702 9287
f 8054 12863 13323
f 11303 10620 11321
f 9008 9943 9657
f 6867 9950 12651
f 7359 5946 10097
f 8460 6181 9155
f 11962 7360 6733
f 3868 11722 3869
f 9952 9012 8347
f 6430 6646 10101
f 10815 13230 7213
f 10585 7966 9414
f 8189 10035 7711
f 8834 5605 8346
f 13517 9612 7534
f 9777 8842 11359
f 9632 13331 923
f 10470 8054 5599
f 7892 8214 9290
f 13198 10128 9708
f 8935 5107 10983
f 9770 13323 12863
f 13298 7962 9770
f 6516 12863 8054
f 9167 7608 13590
f 7550 11783 5598
f 8054 13323 5599
f 10812 5599 13307
f 11541 10812 13307
f 13323 13307 5599
f 7962 11541 13307
f 10586 5598 5428
f 9657 10586 5428
f 9657 13298 10586
f 10673 10392 7892
f 8060 10464 6782
f 8060 8061 10464
f 2765 13489 7702
f 2765 11821 2764
f 11827 6667 10918
f 10470 7546 11063
f 9288 7965 9656
f 12875 8214 4217
f 9952 2860 11673
f 5589 11087 6640
f 9927 9768 11874
f 10165 8691 358
f 12101 358 8691
f 6908 9974 8238
f 7358 5945 10342
f 7332 8454 1332
f 12474 9183 7982
f 11505 10683 10685
f 10606 8318 10134
f 3289 10606 10134
f 3340 10867 9308
f 9680 7390 10850
f 1330 11640 8449
f 9965 12595 7054
f 7401 7402 9129
f 8085 6543 5665
f 3811 12572 10506
f 10914 9769 11783
f 12040 4805 11528
f 5899 3743 13175
f 13476 8737 8736
f 10653 5898 3744
f 6653 5819 7101
f 6881 8415 9181
f 9078 8252 9403
f 7707 2845 10436
f 12038 10440 7472
f 7663 12449 6563
f 5185 5033 2458
f 816 10682 7220
f 9961 9495 9380
f 7231 8615 5330
f 3080 6896 12520
f 10844 1725 6442
f 6942 10844 6442
f 1495 9297 7393
f 6125 6303 10971
f 5041 10134 8318
f 6836 10757 10528
f 5193 8318 8495
f 10296 13351 13213
f 9130 459 7410
f 459 9130 2179
f 13458 7753 9686
f 9368 9711 7117
f 6966 11653 8786
f 12507 12545 5832
f 13199 7687 10047
f 11485 11486 4986
f 13201 10854 3736
f 6407 12960 4490
f 7244 7242 10353
f 11653 5040 6485
f 6223 5040 9215
f 8935 8936 6134
f 10915 7545 7548
f 1568 10870 11523
f 10645 11269 9960
f 6596 9132 318
f 4891 6596 318
f 5528 9534 7462
f 3285 3735 13379
f 5308 10684 10234
f 10128 8791 9708
f 12664 5448 4586
f 10758 10529 2045
f 9716 6449 5041
f 3617 12425 8452
f 7231 10061 11522
f 8615 8616 5330
f 12569 12464 9780
f 6603 11462 11517
f 11607 1488 4258
f 8010 5515 6481
f 6888 3289 10134
f 10758 10598 12237
f 12595 5455 9684
f 3286 11462 6603
f 8408 9346 8119
f 6310 6132 8453
f 12131 13512 8618
f 5743 11978 12105
f 3019 2041 2428
f 6734 9657 5428
f 9991 6486 9992
f 8423 13174 7810
f 829 3932 12804
f 12620 12626 10436
f 11864 5332 6220
f 7234 10771 9384
f 10346 10855 7901
f 938 10516 11375
f 10222 8139 9183
f 10538 8178 8177
f 9492 10511 9350
f 7464 5832 9687
f 7753 7464 9687
f 8488 3933 7111
f 9438 5526 9306
f 1744 8984 683
f 2194 8953 2711
f 12607 12660 11332
f 9780 8835 5606
f 12096 7543 11245
f 432 4658 4389
f 10158 11352 11714
f 8953 5913 7064
f 11082 5196 3943
f 5061 10157 6783
f 3113 2192 3115
f 966 965 1764
f 4567 5944 10811
f 349 8959 1226
f 595 2195 4385
f 2196 647 457
f 451 4272 4273
f 4512 2631 702
f 3115 3114 2194
f 2927 7035 6631
f 9424 11810 10111
f 8626 5335 7483
f 6877 5878 9379
f 3938 12568 8494
f 8163 10111 11810
f 9715 12545 13333
f 5481 6949 3352
f 8601 9894 10756
f 11378 11570 11377
f 11378 11377 9207
f 5308 9528 13559
f 13333 12545 8178
f 10606 10605 8318
f 13325 12666 13343
f 6851 10536 6447
f 8173 5827 10865
f 13387 7230 13547
f 2835 9191 12481
f 1190 2669 1809
f 6567 7677 11819
f 7471 6964 8784
f 9905 5304 5305
f 11268 11216 6320
f 13177 3345 10272
f 10417 7484 13112
f 6968 13060 10442
f 9178 12943 7039
f 9408 9407 3203
f 10552 2177 10553
f 11382 13541 11227
f 11809 10422 11974
f 7231 9086 8615
f 5405 10082 7331
f 9010 12507 5832
f 5749 11068 12572
f 5528 7462 9440
f 11238 11995 3941
f 9247 9716 5041
f 10058 12902 12528
f 10130 10602 10026
f 7719 3023 7096
f 10345 10549 3737
f 13333 8178 10538
f 8219 8731 11966
f 7411 13333 12860
f 10598 7411 12237
f 10605 8495 8318
f 9577 8567 10733
f 10536 7396 10111
f 5792 9273 9502
f 8228 10553 10879
f 9369 10442 6860
f 9798 10179 9802
f 8729 12169 4588
f 12169 8729 10609
f 10839 8716 6440
f 13233 7914 7248
f 4350 10853 10356
f 12232 6860 10442
f 9989 13485 5998
f 3335 6224 5195
f 9364 9677 5442
f 9719 9385 4987
f 11351 2170 5508
f 6878 9958 12135
f 2978 2979 2977
f 939 7340 10338
f 12057 10446 10277
f 3813 7948 7340
f 12639 8401 6119
f 7740 10502 10260
f 1793 2954 114
f 11240 7120 8180
f 11955 11510 5319
f 2174 10769 6898
f 13205 8785 10865
f 9865 7801 6567
f 12683 13212 6409
f 13068 7676 4802
f 12943 10577 11826
f 12661 9495 9496
f 5791 7060 7059
f 5131 6153 11703
f 13550 12052 12268
f 11346 9661 10816
f 7703 10233 10409
f 10379 12163 13423
f 9178 9981 10577
f 11808 12271 8827
f 7045 10518 8212
f 11195 9503 5131
f 10231 9189 9235
f 8118 9408 10261
f 11223 10090 9189
f 5536 5454 7480
f 6945 7480 5454
f 10659 13351 13233
f 9040 9216 6447
f 6567 8120 7677
f 1718 7883 12480
f 2455 7229 2456
f 10764 11955 5319
f 10116 818 7405
f 9363 9364 5442
f 8405 11392 13184
f 9862 10498 10967
f 6200 3915 8325
f 5744 5283 5397
f 9685 12590 7466
f 13201 9685 7466
f 12453 11199 5917
f 12627 9193 12477
f 3615 10003 7675
f 11240 13588 7120
f 10555 12547 11594
f 10144 5337 10146
f 6964 13315 3346
f 7196 13417 13327
f 10552 9386 8801
f 11416 1255 8216
f 8150 5792 9358
f 9186 4912 9502
f 12258 9640 8666
f 2927 7717 8207
f 5303 5886 1255
f 11240 12582 13588
f 7884 12495 10045
f 9502 9273 11299
f 4346 10701 12627
f 8598 10754 11719
f 13351 10659 13213
f 7481 2434 2178
f 13057 2434 7481
f 2434 13057 9523
f 11594 12547 5536
f 7407 7479 13085
f 7249 13085 7479
f 8118 8117 11885
f 12571 7451 9720
f 5126 13035 7749
f 9942 9982 9983
f 13042 9036 10217
f 9358 10007 13531
f 8468 5464 8164
f 9248 5198 10029
f 10353 3086 10064
f 10139 6900 7726
f 12943 13254 7675
f 1645 621 4718
f 4223 7373 8276
f 9580 12219 12135
f 9487 11806 12196
f 11715 7673 8121
f 11096 7113 8017
f 9034 4483 8925
f 10223 11155 10244
f 2959 3716 12751
f 10379 13423 12185
f 8564 3579 7876
f 8117 9177 6308
f 9282 10230 10231
f 12490 8389 3576
f 3283 5952 12439
f 8288 3283 5953
f 9282 10231 13225
f 9523 9427 5952
f 10379 12185 7947
f 13057 10537 9523
f 7676 7881 9018
f 10974 11344 11202
f 11723 13519 5443
f 11760 7473 8018
f 8624 8626 10775
f 8584 8585 11700
f 11195 10657 8428
f 8315 13405 7468
f 9020 2654 12394
f 9883 12603 11326
f 6696 8725 12930
f 6822 3605 5732
f 3946 12648 9539
f 12052 11787 9236
f 8598 12827 10754
f 5791 11195 5131
f 11885 2928 10337
f 13232 7708 13555
f 10742 9582 5280
f 9248 10028 10315
f 5686 9334 11712
f 8616 5329 5330
f 12943 11826 13254
f 11351 13572 13508
f 9678 10676 9520
f 3565 4078 2258
f 6035 7518 5058
f 8092 9075 7620
f 5269 8397 5090
f 7512 6234 6028
f 7715 12876 7640
f 4452 7930 12140
f 6266 12854 8534
f 13367 6876 6679
f 8321 7444 5042
f 11669 6916 6917
f 11943 11449 6041
f 5364 5365 11220
f 3957 6979 12080
f 5805 12453 5917
f 8679 13326 7958
f 505 12726 508
f 11493 11028 8153
f 5216 3391 6045
f 1844 12781 3850
f 13405 13485 8314
f 5200 6974 6227
f 12471 9563 12385
f 7307 5925 5385
f 7130 9948 12227
f 11169 3318 3315
f 5608 9123 8529
f 2189 9359 12149
f 12273 8110 12687
f 6966 9215 11653
f 5207 6663 1057
f 5648 11545 10000
f 4043 4767 1702
f 11447 2469 1058
f 5583 9545 11172
f 7511 7515 11244
f 5551 6012 6015
f 13312 9832 8905
f 8093 9076 11475
f 7461 4621 8617
f 3355 7770 11038
f 2734 3600 5742
f 7670 5102 6120
f 7022 12613 10202
f 10705 7850 5842
f 9558 6267 7145
f 7290 6385 6386
f 8754 7487 6488
f 12720 12284 11931
f 7500 6233 4635
f 9576 6099 6819
f 11856 3353 3354
f 4773 13192 5634
f 7715 7640 6290
f 13036 7931 11990
f 6070 3526 11689
f 10932 11579 8362
f 4360 3954 2850
f 7955 5424 8094
f 5424 7955 11564
f 6060 7565 6064
f 8754 6489 7487
f 10286 3562 10951
f 11435 3574 3571
f 4948 9070 6031
f 6671 12436 4049
f 7428 7754 6747
f 12385 9563 12517
f 7132 6033 6027
f 3758 11343 8152
f 11040 10722 10663
f 7853 8184 5848
f 10711 6242 6776
f 6428 8679 7958
f 6428 7634 8679
f 5297 10399 6691
f 910 909 1315
f 9461 11579 10932
f 9342 12448 5875
f 12726 505 504
f 9563 4058 5667
f 4304 526 528
f 9336 8898 5691
f 11358 10837 10652
f 10361 13071 10227
f 8825 1059 5581
f 5228 1591 2859
f 6097 3573 3570
f 9259 11135 7163
f 12375 6027 6033
f 3358 5551 7768
f 10202 10631 8383
f 5667 5689 12517
f 7022 5691 5260
f 7135 7853 5848
f 10456 9756 9148
f 10286 6093 11953
f 1702 12423 7642
f 8244 6917 7164
f 5844 12225 6977
f 5200 6227 11134
f 2454 6468 6472
f 3525 11855 13124
f 8072 7003 5070
f 9042 5047 11061
f 2574 6551 7639
f 7518 11100 3379
f 5534 13060 12235
f 11761 6096 7639
f 5499 5500 13176
f 8510 12080 5568
f 5715 5714 4964
f 8191 9340 4080
f 12179 5504 12221
f 4603 4601 7421
f 10122 5472 6457
f 6980 2472 13190
f 4948 11448 2475
f 7369 7743 9516
f 11499 5648 8362
f 11465 2567 8366
f 8222 9600 5326
f 6469 8766 8003
f 10208 6554 12469
f 3497 2549 1670
f 11071 5583 5582
f 11482 11526 9762
f 11157 11526 10153
f 9050 10491 10952
f 10829 8702 9670
f 9924 9925 6778
f 7372 12609 8591
f 1592 3399 3400
f 4148 1779 12749
f 40 4650 4755
f 1176 1175 13143
f 492 1517 496
f 7097 8698 8697
f 44 4742 1663
f 13191 6043 8824
f 8336 7772 11774
f 11770 10923 238
f 4189 3252 39
f 4737 886 2539
f 4737 885 886
f 3364 8332 5208
f 12375 5220 5050
f 12649 6499 12805
f 3592 13289 6102
f 10457 8825 9547
f 3944 2846 10701
f 3075 10060 11327
f 12223 12177 13196
f 8800 830 7238
f 5269 3584 8397
f 6343 3329 12853
f 1702 7642 1134
f 8105 10962 6677
f 8309 5032 3320
f 8248 13407 12932
f 10686 3916 11679
f 3172 9232 7731
f 11985 4648 12271
f 5369 5370 8195
f 13313 7647 8101
f 6078 3533 9073
f 12410 5221 8818
f 4361 7257 7920
f 6203 1548 9897
f 8479 1551 8475
f 7916 5341 11034
f 6072 6797 8360
f 5907 5838 9068
f 3169 4451 915
f 11445 3184 3185
f 6031 12134 12218
f 13381 8301 5492
f 3185 4999 5264
f 7315 4467 5391
f 658 3581 3577
f 12153 6801 7864
f 7252 4355 5340
f 12788 8823 10902
f 7886 8122 5880
f 8123 5395 5745
f 8653 12030 7939
f 1713 12031 8257
f 11664 6502 11242
f 1049 7103 9244
f 12948 10181 11755
f 10212 663 661
f 2485 3420 4389
f 6101 3802 3583
f 1545 2831 1549
f 12513 12542 576
f 5896 3321 5992
f 7232 8491 10428
f 9916 6752 2451
f 5221 11449 8818
f 7250 10148 5202
f 4618 4619 3330
f 3752 5215 12634
f 10320 12095 11674
f 8719 10845 7981
f 5366 4450 12140
f 12932 13407 7607
f 6484 6479 3321
f 8746 2449 8748
f 6980 5846 2475
f 5869 5809 1703
f 6058 8351 8845
f 11870 8099 11765
f 403 1974 12293
f 6467 5493 7436
f 4949 7261 2858
f 4449 912 913
f 2377 2693 790
f 8080 7591 4777
f 6467 7436 12125
f 9389 9388 9250
f 2471 8814 3375
f 6711 6712 7731
f 12833 11036 4473
f 5566 8821 12410
f 2472 2471 3375
f 9024 10556 12044
f 6401 13392 666
f 6216 8170 12417
f 3072 12020 576
f 10686 9133 3916
f 5572 2186 2708
f 8630 7251 5837
f 12257 8186 6365
f 5623 7146 7564
f 652 651 3166
f 5001 4999 1125
f 7128 7849 7846
f 4358 7418 7100
f 10334 9578 12622
f 8758 571 6950
f 5047 2849 7771
f 11942 7513 8820
f 4448 3165 2904
f 3101 591 6362
f 8881 6624 3537
f 5392 11036 12833
f 393 1472 4245
f 11863 6799 4775
f 13481 6751 9702
f 2242 11925 1312
f 7071 8158 13053
f 1999 4262 4261
f 12800 6166 4996
f 3356 4629 581
f 12692 8326 6948
f 10704 12191 9543
f 4057 6804 10283
f 8335 2474 2473
f 11818 8916 13336
f 8392 8394 10634
f 649 6531 13029
f 11500 10041 6673
f 4334 1557 12798
f 10177 7006 7586
f 5485 6952 2451
f 13117 8229 1571
f 11496 11473 5993
f 6980 6020 2472
f 7250 5201 4356
f 5137 3788 913
f 11062 8818 12085
f 868 3124 1624
f 4473 11036 10375
f 658 3577 4789
f 5636 8533 12422
f 7917 7915 7916
f 8030 6493 12550
f 3363 581 583
f 6084 12129 7014
f 12257 7260 9371
f 7252 4629 4355
f 590 1589 4645
f 7008 7583 8999
f 3561 3560 10630
f 7251 6698 12087
f 10733 12887 7182
f 8991 8767 1552
f 9695 5469 1048
f 10454 13543 7509
f 11863 12867 8861
f 10047 9180 12046
f 6059 8850 10955
f 5171 12701 10124
f 2410 6729 2409
f 6942 8279 5950
f 571 5471 6651
f 819 831 11924
f 6196 3306 3302
f 12088 5868 13321
f 13111 6902 9387
f 5742 3600 668
f 7942 7321 11629
f 8056 10465 5600
f 7004 7000 6618
f 7254 10357 11034
f 2367 12753 13133
f 6622 9220 6073
f 11952 11876 6248
f 837 6360 3368
f 10686 11679 7418
f 648 8856 5626
f 13117 1571 5793
f 1349 11748 2276
f 7558 603 3427
f 9448 8062 8346
f 794 2382 1897
f 2201 3118 2485
f 1614 2494 3993
f 2009 2007 2011
f 2201 2485 4389
f 3886 4259 273
f 3760 4383 3113
f 1162 4136 1761
f 1762 4137 1761
f 3762 1683 2197
f 13004 2741 1344
f 12727 853 1603
f 4259 423 12355
f 4663 12355 423
f 1885 1413 8973
f 12360 3412 1283
f 5350 854 4390
f 3760 847 12283
f 12048 1897 1898
f 1229 150 2382
f 4663 423 4664
f 4847 963 2623
f 3118 853 1605
f 4255 275 4253
f 2031 2032 2033
f 4781 4779 6538
f 5802 1317 3789
f 1489 12285 422
f 4136 2613 199
f 2009 3012 2005
f 4661 424 427
f 4261 427 424
f 11425 965 964
f 4556 2377 202
f 3415 4386 3979
f 3980 1602 4659
f 1023 1227 349
f 3011 2005 3012
f 2016 3014 2012
f 4927 12213 2015
f 271 4269 443
f 6787 271 443
f 257 5438 408
f 257 408 3658
f 8635 6702 7266
f 7964 11224 10811
f 3826 2633 4513
f 3987 416 1287
f 12008 12776 2947
f 850 12791 851
f 1165 12008 2947
f 2036 2038 2039
f 2037 4274 4273
f 457 6692 12240
f 1489 422 1488
f 11425 7342 4506
f 8251 2254 13079
f 351 2383 1421
f 2373 2374 4555
f 13439 5148 3828
f 596 9056 4915
f 3419 2201 12120
f 1769 4509 3670
f 1996 1994 3008
f 3015 2023 2792
f 3415 3979 1599
f 1996 4261 4260
f 12755 1284 4654
f 2946 3670 4513
f 3825 4853 11848
f 12309 1069 601
f 1489 262 263
f 4842 263 262
f 9666 8162 8700
f 4387 2199 1283
f 347 1020 2756
f 5147 3826 2743
f 857 13255 2487
f 1993 2789 1487
f 6635 1227 1024
f 2833 12847 4982
f 2612 4840 5112
f 2633 3826 4854
f 2027 11005 11600
f 2039 2040 2041
f 1490 5156 450
f 12122 8997 1284
f 433 435 4926
f 433 4850 435
f 2006 4264 4263
f 6874 7171 5257
f 152 12048 1898
f 4386 3762 2197
f 9565 13163 2914
f 2480 3415 1599
f 2017 2790 2791
f 12212 2011 2007
f 437 2625 2626
f 3761 2713 3116
f 3416 852 12120
f 2295 4529 717
f 3416 851 852
f 2017 3014 2790
f 3416 850 851
f 1997 1995 11052
f 13065 10032 7126
f 861 606 3992
f 3221 4141 1348
f 3763 854 855
f 4663 4664 858
f 4680 3432 4677
f 12212 2015 2011
f 4924 4925 2008
f 151 4675 4674
f 4131 1154 4834
f 438 2021 2024
f 424 4664 423
f 4260 424 423
f 441 3668 11848
f 1994 4260 4259
f 2012 3013 2009
f 2006 3011 3012
f 10999 6787 5611
f 9742 10887 8811
f 2741 2742 261
f 3010 2002 3011
f 3667 700 2624
f 4661 4664 424
f 4261 424 4260
f 164 2863 165
f 11003 164 165
f 4661 427 6788
f 4261 4262 427
f 452 2040 2038
f 1994 1996 4260
f 12727 1603 13362
f 5351 603 3990
f 2374 2375 11929
f 854 3763 4390
f 272 3420 6788
f 4263 272 4262
f 3419 12120 852
f 3419 852 1603
f 6593 6788 3420
f 962 963 4847
f 12360 2241 3412
f 904 3514 2898
f 430 4389 3420
f 4263 4264 430
f 2009 3013 3012
f 3419 853 3118
f 858 4664 4390
f 2742 4838 1345
f 4924 431 4925
f 442 2027 11600
f 12774 966 12945
f 904 2898 13566
f 2483 2484 4653
f 7382 3279 11894
f 457 12240 1042
f 3221 969 4512
f 2034 4272 4271
f 6593 3420 2485
f 1999 4261 1996
f 4661 6788 5350
f 4661 5350 4390
f 1999 1996 3009
f 6593 5350 6788
f 2200 434 436
f 4266 436 434
f 450 2038 2035
f 2003 4263 4262
f 2003 2006 4263
f 2006 2003 3011
f 2003 3010 3011
f 2003 1999 3010
f 12203 5350 6593
f 3220 2743 4511
f 454 267 3515
f 454 2043 267
f 847 3760 9056
f 3136 4411 1646
f 2883 4410 4012
f 2656 4877 1184
f 2533 2531 3463
f 3697 3698 1796
f 12332 2526 2218
f 1188 3704 2661
f 4879 3834 12396
f 3047 2116 2114
f 2815 2108 3043
f 2651 2652 1354
f 3044 3045 2110
f 8962 4013 1089
f 5815 538 536
f 12378 2527 4411
f 309 6743 1530
f 8529 9123 8530
f 12395 4879 12396
f 5740 13195 12987
f 4528 11615 717
f 7372 7823 12609
f 4527 715 716
f 4720 2531 2530
f 12286 13358 514
f 526 1528 1530
f 2658 2656 1185
f 2805 4284 2054
f 1652 4725 2214
f 4529 5114 1801
f 12708 12006 1010
f 625 6791 2222
f 12395 4878 4879
f 3336 8315 7468
f 109 108 1800
f 109 4196 108
f 12332 2885 2530
f 3698 111 4874
f 308 309 1530
f 309 308 2746
f 2356 111 12721
f 3696 3697 1796
f 4413 2885 2218
f 1790 12394 3689
f 8970 1187 4155
f 12734 4881 718
f 310 2657 311
f 310 311 13139
f 2842 8173 8784
f 4039 11729 1680
f 2836 12482 5182
f 624 2222 6791
f 2214 4409 4713
f 8962 1644 2524
f 9015 12707 3470
f 1645 4718 4014
f 4309 8975 537
f 9374 9954 9953
f 4551 4552 12349
f 986 3235 3834
f 537 8975 2119
f 12286 12408 13358
f 4551 2353 106
f 106 105 2664
f 106 2353 105
f 12713 4201 4200
f 3136 2219 4415
f 2353 1217 1014
f 1864 2973 6686
f 106 2664 2661
f 3136 1646 2219
f 533 5815 536
f 716 2655 1184
f 1090 2528 6057
f 1401 6687 12722
f 13586 6821 12143
f 3139 6261 2533
f 623 12378 4411
f 12205 1088 11742
f 4526 714 4873
f 310 13139 6743
f 2355 4196 109
f 3329 4618 3331
f 107 106 2661
f 107 4551 106
f 3700 3703 1187
f 3330 1570 3931
f 2260 2259 724
f 7709 11170 9744
f 3507 2895 2552
f 1119 11441 4760
f 3853 12722 1400
f 12343 4192 342
f 4723 1648 1649
f 4094 10974 11202
f 3699 1796 12318
f 91 2338 1385
f 3697 3696 4872
f 7883 2586 6126
f 4245 1966 4246
f 4878 13137 4879
f 4309 534 5313
f 2098 2101 4299
f 1188 2661 2664
f 2661 3704 4156
f 3703 1803 11936
f 12395 2747 4878
f 11421 764 4550
f 2815 1529 2108
f 771 1216 1215
f 8612 11122 4983
f 1799 2294 4528
f 11967 7163 6642
f 1090 1091 2528
f 2572 2919 2573
f 1536 569 6649
f 1383 1847 759
f 5815 533 1532
f 3699 1184 1183
f 623 2218 12378
f 12378 2218 2526
f 1798 985 1797
f 4760 11441 4763
f 2660 3703 2662
f 3039 3040 2101
f 12300 95 2343
f 758 1383 1846
f 4430 11009 13269
f 2889 1103 1102
f 12368 3231 4524
f 11515 8275 1924
f 11579 11499 8362
f 715 1797 13440
f 1798 4154 13137
f 8970 4874 109
f 2294 1798 4527
f 1861 1860 772
f 624 4413 4415
f 4529 2295 5114
f 4527 716 4877
f 2295 717 2658
f 1523 517 518
f 13160 518 517
f 1782 4150 2949
f 8966 11112 7666
f 1093 2533 12347
f 2355 1866 4196
f 3139 626 9097
f 4529 4528 717
f 11849 4623 4624
f 12205 11742 4010
f 4528 4529 12247
f 624 4415 2222
f 3851 4549 12006
f 2295 2658 2659
f 108 2955 1800
f 4196 4552 108
f 4552 4196 12349
f 7439 10127 6609
f 111 110 4874
f 111 2356 110
f 1190 4159 1808
f 2639 13595 707
f 8970 1800 1187
f 11420 3689 3691
f 1177 1786 12735
f 715 4526 4873
f 68 69 11422
f 68 1785 69
f 2295 718 5114
f 1798 1797 4527
f 635 1658 4424
f 5344 8978 7920
f 7767 10354 7243
f 6287 8532 6288
f 13497 2973 6884
f 758 1846 1845
f 2294 4154 1798
f 3708 12119 2668
f 4037 2553 4759
f 11203 8455 7954
f 12976 13266 12969
f 2537 3468 4725
f 4998 5923 9234
f 1781 1782 2949
f 12719 4422 633
f 9252 5215 5213
f 528 1530 6743
f 1356 3833 4875
f 9002 11042 7181
f 312 5815 1532
f 1356 4875 2746
f 12395 312 2747
f 312 12395 538
f 5815 312 538
f 2112 3046 2114
f 2110 3045 2112
f 6707 2220 2219
f 775 2356 12721
f 12012 523 526
f 8001 12233 7427
f 9581 3614 10741
f 4625 3950 10702
f 611 11844 4396
f 13493 2511 12331
f 12123 251 4824
f 4827 12074 4125
f 4233 1944 4235
f 1625 137 2877
f 1745 1743 4830
f 1900 1899 3861
f 395 4500 951
f 12070 12077 12737
f 4829 11415 4828
f 2497 3436 3995
f 1247 2993 7050
f 9852 9848 11388
f 258 9185 411
f 258 411 1483
f 1031 2391 2390
f 3123 1622 3124
f 1740 684 4125
f 4121 1145 7203
f 3287 12617 7828
f 219 218 13426
f 218 219 2392
f 395 1473 1965
f 264 11935 12950
f 3652 12123 4824
f 1021 13375 1223
f 1031 218 2392
f 1234 2696 1233
f 364 4226 13250
f 10958 11389 11388
f 9174 9847 10493
f 1612 2874 1615
f 1235 4211 2393
f 9436 6348 6344
f 2206 3120 11610
f 11844 611 2498
f 2002 1998 2000
f 1471 3883 11400
f 3213 954 2274
f 1075 5612 3439
f 281 2507 378
f 4236 281 378
f 2393 4211 2392
f 7456 9308 6003
f 1437 811 809
f 1072 1613 1073
f 1471 11400 1962
f 216 215 4825
f 216 12999 215
f 9004 5937 2740
f 7569 8855 6527
f 3261 1431 2395
f 7559 5613 3438
f 12305 1471 251
f 12123 12305 251
f 1471 1962 2782
f 6322 4487 4809
f 217 11733 7203
f 1627 4398 3128
f 10171 9375 8909
f 11733 4825 1739
f 4212 805 1909
f 1739 4825 1147
f 11934 1345 1346
f 1076 2502 2498
f 12245 3438 3437
f 11844 1624 4396
f 12074 4827 4500
f 2273 682 681
f 1740 4125 950
f 8941 12292 8942
f 6847 2767 5155
f 1409 13133 1410
f 1052 8780 12346
f 7559 4688 5613
f 12074 12123 4125
f 395 1965 252
f 4500 395 252
f 5731 7945 13044
f 6478 8008 9305
f 411 3662 259
f 2426 411 259
f 202 1757 1756
f 13340 4695 1080
f 3274 12438 2994
f 12246 3125 2209
f 7205 5770 1157
f 7315 6397 13465
f 12009 8987 1022
f 1981 1982 1979
f 3653 215 214
f 4558 214 215
f 354 8941 803
f 11017 4142 3672
f 4680 861 4681
f 3864 1429 11004
f 12748 12945 966
f 1142 11621 1737
f 252 1965 3883
f 5770 3660 1158
f 1438 12723 1037
f 4237 4238 381
f 12074 4500 252
f 6615 4695 4951
f 12353 1956 1955
f 375 2715 4700
f 220 2394 2393
f 12305 12123 12074
f 4242 1958 3882
f 1336 1733 1140
f 2717 362 2517
f 4327 5024 3309
f 139 1623 7560
f 4121 1739 1146
f 1290 3435 3436
f 4129 1151 1747
f 221 1430 220
f 2937 221 220
f 2782 1469 2423
f 3934 7454 5190
f 12999 11319 2390
f 2990 1912 4214
f 2018 2022 2021
f 1911 1435 2988
f 690 2606 7697
f 3653 1147 4825
f 12316 2630 2629
f 1907 4559 137
f 3992 3120 4394
f 4655 6259 13362
f 3211 11614 5407
f 1471 12305 3883
f 12305 12074 252
f 12305 252 3883
f 4243 279 3882
f 5772 1344 2741
f 4839 3665 4505
f 2004 2008 2007
f 2870 7558 3427
f 151 1898 2382
f 4838 959 1346
f 13004 4838 2742
f 9013 1594 9453
f 3653 12315 1147
f 13426 218 7203
f 10987 13080 11997
f 2739 4827 684
f 3653 4825 215
f 12999 4558 215
f 805 2400 1909
f 3587 12689 7029
f 403 1975 1976
f 5019 13095 9526
f 1466 4239 11837
f 377 12967 4234
f 811 1437 810
f 4212 1909 12292
f 4500 2739 951
f 3998 7560 1078
f 678 3210 2596
f 1632 6369 1633
f 8942 134 12754
f 11660 8760 7422
f 7827 11418 5956
f 4254 1482 2426
f 13565 259 260
f 5772 260 259
f 1466 1467 4239
f 5772 259 3662
f 11749 4502 3214
f 11043 4829 2600
f 936 7885 1719
f 5637 7578 7000
f 6828 8660 7739
f 10981 11997 13080
f 353 12754 1237
f 4125 3652 950
f 10982 13408 11115
f 2507 4699 2715
f 1145 13426 7203
f 7033 6114 5726
f 1422 11611 1027
f 11319 1031 2390
f 1235 12176 4211
f 1249 361 1447
f 250 3651 4824
f 3652 3651 5407
f 139 7560 140
f 13429 139 140
f 398 1970 1972
f 3652 5407 950
f 3651 3652 4824
f 3652 4125 12123
f 7942 8656 12499
f 1713 9404 8256
f 13214 13221 13187
f 1713 8257 11698
f 5523 11653 6485
f 13392 6716 6717
f 3805 3804 1329
f 12180 11246 8064
f 9988 9039 6964
f 8255 7318 8254
f 6528 12043 8856
f 1719 4095 668
f 8139 10515 7194
f 11350 10410 8416
f 10410 11350 11461
f 8287 9426 5453
f 1265 3064 2165
f 8653 6397 12030
f 7316 10375 11036
f 3308 11854 13123
f 931 3589 1325
f 9635 12499 11662
f 11463 5503 1270
f 8304 11187 11126
f 936 8656 669
f 3600 2733 668
f 1715 10794 7319
f 6484 8170 6216
f 8581 4105 3628
f 10591 8285 8282
f 6319 7194 7195
f 3317 5511 13025
f 7606 9811 10194
f 12101 10751 8593
f 6177 7073 11274
f 1721 8578 4101
f 8308 5980 8303
f 10969 7800 9861
f 4611 12513 576
f 6715 664 12905
f 6958 6954 9432
f 12651 9951 12939
f 8304 13221 3327
f 11167 3193 11136
f 11619 7090 8283
f 6402 5141 3194
f 5031 6608 9213
f 5033 6608 7759
f 9488 10243 8579
f 9988 9989 9039
f 1715 3193 11167
f 936 669 7885
f 6479 8302 5986
f 1715 8257 5395
f 4091 8921 10081
f 936 4480 8656
f 2831 3067 1549
f 7758 8302 5987
f 7941 11662 12499
f 5397 5929 1328
f 6398 10080 7940
f 6956 6483 7705
f 7975 11619 8464
f 8157 5395 8257
f 3741 2173 2168
f 10938 13514 7174
f 5501 6655 5984
f 3069 3072 575
f 7877 3185 7874
f 2822 5477 6196
f 5511 6483 6956
f 11025 12288 3804
f 6483 6580 7705
f 7183 7874 6291
f 5178 7434 4940
f 8850 6059 12957
f 8491 8492 7114
f 12640 8410 3621
f 2174 6897 5524
f 6401 2732 4920
f 11571 5787 11701
f 7940 11662 4478
f 6958 4612 11126
f 5185 5184 11496
f 6204 13299 13297
f 8769 3316 8004
f 5393 7939 12905
f 7942 11629 8656
f 12156 12168 5353
f 11802 6997 8096
f 4792 10495 8101
f 12583 8059 12678
f 5967 6459 8758
f 5729 5099 7323
f 11945 9174 8099
f 8351 3516 8845
f 936 6717 6716
f 8157 8257 12031
f 5273 12082 5141
f 8746 10426 2449
f 5001 12794 7180
f 8293 2166 5486
f 9636 5399 4484
f 6444 8719 7981
f 8719 6444 8138
f 9931 10635 8394
f 917 655 13349
f 8255 10574 9404
f 8761 7423 5476
f 10310 7107 7108
f 8746 6856 10426
f 8157 12031 1328
f 11540 6926 9979
f 6058 8392 2575
f 5001 9281 12794
f 5170 2827 5818
f 5171 6203 9897
f 13580 9046 6553
f 13194 5727 10081
f 12821 13132 11655
f 11802 9458 6997
f 10956 9932 9854
f 6953 12403 11020
f 11924 13573 1263
f 7942 12499 9635
f 6927 6132 5004
f 6402 8657 5927
f 3600 12288 1327
f 9909 10793 10080
f 8656 11629 669
f 13025 5511 6956
f 6483 6216 12417
f 1709 11698 7318
f 6133 5930 5004
f 3600 2734 12288
f 11463 1270 6345
f 9130 8797 2179
f 4611 12020 2167
f 4478 11662 4475
f 2731 2732 1326
f 1713 8657 12031
f 5184 5035 5901
f 1709 1713 11698
f 9659 10587 10535
f 7653 664 6715
f 13182 7040 5104
f 3072 3069 9021
f 2734 1329 12288
f 7940 10080 8655
f 3321 6479 5986
f 1050 5511 3317
f 11167 11136 10795
f 5491 7106 5179
f 9958 10335 9580
f 4938 5793 1540
f 12513 8305 9432
f 11025 3803 1326
f 12433 4985 5899
f 3077 8426 7812
f 9039 2842 8784
f 7831 5820 11960
f 7996 10271 4592
f 7996 4592 4282
f 3632 12850 7692
f 5781 9937 6328
f 11540 9979 11994
f 5031 6756 6608
f 5506 6957 8004
f 5033 5989 9213
f 1922 11780 9963
f 5015 5779 6323
f 13091 10581 9110
f 8892 13091 9110
f 6989 9996 8842
f 7207 12089 10523
f 9778 3402 8831
f 3402 11072 13033
f 9566 10543 13459
f 13587 10365 13204
f 10524 10746 8685
f 8200 8892 9110
f 11328 13419 10067
f 7791 11692 7950
f 13296 6780 13517
f 7207 9355 5293
f 9778 8831 11686
f 8200 9824 5684
f 11780 7348 12519
f 6514 9319 5605
f 763 2344 2691
f 6513 3398 10161
f 12962 8673 6422
f 12793 10192 9074
f 9115 7893 7357
f 7066 13227 5138
f 8888 11130 9821
f 9222 9261 11257
f 11149 5603 4379
f 5252 1319 11402
f 10629 7612 8264
f 10629 8379 7612
f 9964 12519 6886
f 4456 13017 8643
f 7348 8264 7612
f 9778 11686 9777
f 8888 9822 12557
f 9956 10195 9822
f 10542 9956 9822
f 9354 5779 12525
f 8520 5587 6780
f 10619 10917 11072
f 10937 10002 5675
f 5779 5778 6323
f 9111 10943 4464
f 5884 6886 12519
f 6423 8589 8675
f 7613 9651 3559
f 8557 12793 8559
f 11130 9468 9821
f 3794 8440 7933
f 11692 10382 7950
f 10383 7950 10382
f 10937 3556 11255
f 10747 7806 5119
f 13384 5258 9074
f 13561 6974 12419
f 11815 12171 10160
f 7924 12925 12935
f 10940 11567 10185
f 10940 13532 2915
f 8553 11108 5078
f 6168 8642 8643
f 7607 10184 9471
f 10661 9505 9614
f 10463 7061 3397
f 9468 7607 9471
f 8841 9765 10917
f 10383 10382 11345
f 10383 11345 11767
f 8960 12646 9116
f 9895 11821 12063
f 5291 6885 9283
f 11341 11307 9613
f 8558 9566 11213
f 5293 9355 9963
f 11359 8842 9996
f 9996 6053 5604
f 7084 6181 8460
f 9814 8555 8554
f 11359 9996 5604
f 7138 8526 8525
f 9222 7791 9283
f 8675 5119 5292
f 5778 10523 12089
f 12938 10184 11709
f 12938 10627 9471
f 12938 9471 10184
f 9778 11673 3402
f 6423 8675 7610
f 9568 6423 7610
f 10002 11725 11709
f 13033 11072 10917
f 1922 9963 9355
f 9566 8558 10628
f 10938 9821 3557
f 11780 12519 9964
f 9651 12217 11345
f 13211 6090 8379
f 9111 4464 357
f 13472 9111 357
f 10002 6089 5675
f 13033 9765 9766
f 13033 10917 9765
f 13211 8558 11213
f 6423 5684 9824
f 5015 6423 9824
f 7791 11257 10284
f 7175 11256 11257
f 2887 3465 1676
f 11099 5586 6034
f 3076 11188 6591
f 4609 12179 11794
f 3700 1803 3703
f 8403 5732 3605
f 13049 8570 12219
f 1777 706 5775
f 4348 4347 9145
f 3148 888 889
f 7219 6190 6329
f 7716 5270 7878
f 2676 2959 12751
f 3855 12759 3729
f 8020 8322 10274
f 10518 10517 8212
f 10448 4348 9145
f 13337 11530 9224
f 12300 2342 2341
f 5740 96 6564
f 4353 11849 1273
f 6157 3748 2703
f 9107 9869 8937
f 12300 2341 94
f 13195 5740 8113
f 4911 5517 8148
f 763 2343 2344
f 2455 11984 10126
f 11264 95 94
f 12300 94 95
f 4718 1298 4014
f 9675 10832 6941
f 10832 9675 12566
f 6095 9479 9845
f 6357 12231 3091
f 3699 2656 1184
f 2228 2229 3152
f 11993 11763 11468
f 12300 2343 2342
f 10206 10731 6554
f 2572 1701 2919
f 7437 5502 7439
f 1010 2341 2342
f 10714 10168 12524
f 16 1856 3499
f 1856 16 13145
f 5495 9702 8765
f 1783 4868 6142
f 2564 12951 11532
f 2104 3041 12279
f 759 1847 12809
f 7200 9499 6321
f 4597 1262 5462
f 8995 6862 2851
f 3226 12028 4150
f 2098 3039 2101
f 2056 2806 12295
f 2341 2340 93
f 8710 9677 2796
f 8710 6140 9677
f 991 2673 4890
f 11264 6564 95
f 2552 13360 2553
f 9730 9723 13061
f 3716 2959 1810
f 771 5007 1216
f 1392 1391 12113
f 2352 105 2353
f 6681 7802 12672
f 1867 773 3256
f 8992 11996 2169
f 7636 2256 7637
f 5740 12987 13396
f 6353 6900 10139
f 96 2343 95
f 6564 96 95
f 4893 4892 101
f 6468 9701 6472
f 13266 621 619
f 8106 11443 4796
f 6474 9703 6473
f 9888 7723 4983
f 6576 1855 3255
f 9675 3633 12566
f 10444 9966 11122
f 9139 3931 3930
f 2352 2353 1014
f 97 13396 3626
f 4548 3254 13267
f 97 2345 2344
f 7694 12103 7805
f 6821 13581 6561
f 9177 10502 9209
f 7432 5494 11488
f 775 1015 2356
f 3592 6102 5272
f 10518 10580 8262
f 13096 6129 7665
f 13470 1858 12343
f 6294 1710 11666
f 11493 7168 11028
f 4194 1864 6686
f 9583 8923 7882
f 5242 10563 10326
f 1266 3309 3311
f 2971 1397 13451
f 5972 5964 8298
f 876 619 875
f 4085 4965 5272
f 6821 6561 12143
f 11070 7441 11188
f 3330 6768 1570
f 12014 12072 3849
f 12764 13600 13014
f 2232 4433 3154
f 1869 3257 5008
f 9584 12655 9903
f 4039 4038 3502
f 10517 10518 9208
f 13586 12143 93
f 12184 12162 4193
f 7432 11468 9135
f 4808 4895 98
f 2346 2345 98
f 3075 7722 11881
f 4606 11763 6757
f 8355 3529 8073
f 5280 9582 11710
f 10734 13513 7878
f 4166 1811 1138
f 104 4160 105
f 2352 104 105
f 778 2976 12326
f 7585 11989 13106
f 3137 2220 5355
f 5158 8465 11792
f 10502 9177 8117
f 3944 10876 10315
f 1718 6565 8576
f 11633 6211 11772
f 5490 5494 9135
f 2345 2691 2344
f 1356 11011 3833
f 12610 10121 7421
f 2554 4763 11441
f 12319 12992 1807
f 12987 3626 13396
f 13273 1104 1103
f 3499 1673 4035
f 2883 2216 2217
f 3855 3729 2359
f 1385 12299 757
f 10275 10607 10140
f 11082 13508 5196
f 12035 12480 6126
f 11142 12259 6191
f 12059 13592 2303
f 6822 5732 6307
f 8971 6143 13148
f 12467 8143 10014
f 7385 7973 9419
f 1398 4195 12349
f 8978 6699 586
f 1130 2909 4061
f 765 4970 4550
f 6465 2452 8298
f 4601 8756 4599
f 7580 3529 7581
f 12832 8235 8050
f 5208 5045 8500
f 6070 11689 7785
f 8186 2707 3963
f 1009 2336 757
f 13335 88 9786
f 9020 12394 1790
f 5022 9697 8753
f 1212 1855 6576
f 8227 8228 6225
f 3281 11361 10344
f 3633 11267 12566
f 6418 5938 13551
f 4354 1273 2463
f 1004 2315 2316
f 11049 11775 7799
f 4870 2952 2648
f 3179 10570 2729
f 3718 3244 4165
f 10444 5535 9966
f 3513 12382 1121
f 3281 3280 11361
f 1011 2347 2349
f 7767 7243 10273
f 4354 2463 641
f 10444 10875 8020
f 4891 2673 13244
f 3748 3091 3090
f 6143 4886 13148
f 10990 13551 670
f 4165 1810 1811
f 9139 2839 8992
f 13602 11710 2267
f 10060 6893 6765
f 6721 729 3686
f 3150 2893 639
f 3030 3029 2065
f 4652 2480 6868
f 2065 3028 2064
f 4152 1175 2648
f 11226 11555 3268
f 6187 11555 11226
f 7745 3269 9667
f 490 2809 3032
f 12819 6685 2969
f 1115 4750 2546
f 3474 12333 9015
f 10265 11555 5435
f 3483 890 8963
f 727 2307 2306
f 13181 10714 12524
f 1360 4538 3841
f 5610 10714 11825
f 1594 9456 8531
f 487 3032 2808
f 2069 3030 3031
f 640 4749 3493
f 5699 13457 7023
f 6940 8696 6186
f 6940 8591 12609
f 10265 5435 4222
f 10808 10264 10807
f 3269 3270 9667
f 13149 3781 2544
f 7142 8531 9456
f 2054 2052 2804
f 8349 7142 9456
f 3269 4222 3270
f 7143 9784 9557
f 3269 4223 8276
f 3269 7745 4223
f 7625 12559 12098
f 13310 12658 9453
f 3567 2572 12387
f 893 4429 3152
f 11555 6187 5949
f 2072 2808 1516
f 5127 12278 1257
f 11736 12370 2051
f 3480 4425 1303
f 3480 889 4425
f 1305 3783 3152
f 882 11008 1655
f 6187 8697 12897
f 10921 6374 10168
f 487 2808 2071
f 480 4743 1304
f 3478 886 887
f 7379 5948 5016
f 2077 2809 493
f 7379 6186 8278
f 3031 2068 2071
f 487 490 3032
f 3723 4901 4900
f 3148 1661 888
f 1073 1616 4679
f 7780 7781 6513
f 12238 4291 3903
f 5424 9118 10582
f 9411 10403 10402
f 1837 6597 1836
f 8705 6736 8702
f 8948 4747 1112
f 3498 4033 1671
f 7633 11551 9339
f 2060 478 2807
f 10951 10370 7308
f 8948 2892 4747
f 4540 1196 4907
f 1662 8963 890
f 2545 2548 4748
f 4027 12694 1107
f 12312 1105 1104
f 3478 3479 2539
f 2809 12238 2074
f 3478 2539 886
f 12238 2809 2077
f 2074 12238 3903
f 2229 893 3152
f 7023 13457 10809
f 996 2260 724
f 4746 4748 2548
f 473 11921 476
f 2805 12356 2806
f 9551 5229 11896
f 3399 1060 4755
f 4462 10370 4461
f 640 11840 240
f 3721 4901 1812
f 1503 12016 3026
f 1443 13582 1924
f 1443 1924 5948
f 3032 2074 1516
f 2808 3032 1516
f 1669 894 334
f 468 1669 334
f 4283 468 334
f 4740 887 3480
f 489 492 2075
f 3480 887 3147
f 2808 3031 2071
f 888 4425 889
f 3419 1603 853
f 3147 887 4028
f 3721 2305 2679
f 12756 3486 639
f 1000 3248 3841
f 3029 3028 2065
f 3028 3029 12717
f 3030 2065 2068
f 2224 636 4427
f 3030 2068 3031
f 477 13149 3487
f 1665 3489 893
f 3483 888 890
f 3483 13282 888
f 3489 1665 1668
f 3846 735 5413
f 2962 2306 2307
f 13430 4286 2061
f 4738 2540 636
f 4285 2056 472
f 4745 2544 1113
f 2061 3027 2807
f 1665 893 6370
f 37 36 11243
f 37 1841 36
f 11019 1113 8963
f 11929 2376 1024
f 4135 1757 202
f 1893 1225 1226
f 3377 12783 12815
f 2611 2612 5112
f 4928 2022 12213
f 9741 10887 6495
f 699 4507 13434
f 4134 1160 1757
f 411 9185 3662
f 2617 697 2614
f 13004 1344 958
f 260 2741 261
f 2373 4555 2372
f 3730 2378 1417
f 4838 1346 1345
f 11425 3217 7342
f 12078 5290 166
f 1765 4507 1767
f 6868 1066 3980
f 961 962 4845
f 698 2617 2619
f 1995 420 4258
f 792 5149 12401
f 7489 2447 5962
f 11661 7569 6527
f 6861 11038 11799
f 1024 2376 790
f 4136 199 198
f 2375 198 199
f 4925 433 4926
f 203 202 1756
f 203 4556 202
f 1160 3661 1756
f 2482 2481 12328
f 12213 2014 2015
f 2488 1610 2491
f 11210 8530 7381
f 4249 1980 4250
f 7929 12406 7928
f 4853 3825 4851
f 10935 4779 5657
f 698 4506 697
f 1991 5300 415
f 781 12243 780
f 10397 9451 11192
f 1416 789 11900
f 4842 2615 263
f 13005 701 2627
f 4133 3214 4502
f 4652 6868 2866
f 4253 410 12174
f 697 696 2614
f 1284 1601 3117
f 962 3216 963
f 12308 450 2035
f 2031 2030 2032
f 12213 2022 2018
f 11929 2375 199
f 1286 852 851
f 5156 6634 3887
f 4054 4055 12600
f 3177 7736 11880
f 5855 6911 2900
f 1960 391 389
f 2378 2693 4556
f 2039 2038 2040
f 698 3218 4506
f 2625 6633 12774
f 4268 2020 2023
f 6262 6264 6925
f 13263 1896 13138
f 4509 1769 968
f 4115 4818 1142
f 13237 12098 10488
f 1484 2426 13565
f 4846 2621 2619
f 13565 2426 259
f 5772 2741 260
f 1221 2366 1408
f 1289 3430 12709
f 2373 2375 2374
f 3428 4667 13255
f 5493 10125 7436
f 417 1486 11607
f 2375 2373 198
f 4848 2622 2624
f 7510 6500 10150
f 417 414 1486
f 10890 8811 9746
f 410 1288 13363
f 3993 2494 4682
f 4841 421 2742
f 12727 12309 1604
f 4841 2742 1345
f 6690 2362 1874
f 13499 4651 2478
f 1023 8952 2374
f 11425 4506 3218
f 1163 1762 1763
f 418 2789 3006
f 1484 4254 2426
f 4657 2480 3414
f 1891 1414 1415
f 4839 695 2610
f 13005 2627 2630
f 966 12774 6633
f 2985 4205 2982
f 9746 9741 13077
f 2613 200 199
f 11929 199 200
f 2602 2601 2600
f 3432 407 4676
f 651 3165 3166
f 5864 9810 2913
f 861 4677 606
f 4507 1765 13434
f 2009 2005 2007
f 4665 3986 12741
f 698 697 2617
f 12296 4505 3665
f 7698 4135 201
f 2608 12392 5771
f 1161 1760 2613
f 11824 9472 10198
f 2376 2377 790
f 7698 200 2613
f 4848 2621 2622
f 3430 6789 3991
f 11660 7422 6458
f 2381 205 206
f 2942 206 205
f 3886 1487 4259
f 2273 680 682
f 1160 1756 1757
f 7698 2613 1760
f 1761 198 197
f 2373 197 198
f 3730 6635 790
f 256 2425 405
f 256 405 13553
f 1161 2613 4136
f 2410 2409 238
f 4680 4681 12742
f 5772 3662 957
f 3587 7029 10493
f 5111 3658 13003
f 5909 2185 12820
f 11405 417 11607
f 2871 4672 4674
f 1221 1220 2366
f 2373 2372 197
f 8026 4600 5544
f 9174 10493 8099
f 8011 3325 12803
f 8356 7861 12465
f 7422 8757 6458
f 962 3215 3216
f 6495 10120 8808
f 3003 3004 1983
f 258 12307 1481
f 1754 694 6720
f 2489 2488 2490
f 4142 3673 4143
f 2488 2491 2490
f 3976 5850 3413
f 4660 1067 599
f 1021 3858 13548
f 5438 409 1480
f 692 1752 1153
f 1288 4392 13363
f 1755 956 13503
f 9161 7148 4774
f 3001 12293 1971
f 3323 2459 11095
f 10959 9852 9853
f 1343 12739 3662
f 7324 3603 11892
f 693 694 1754
f 4781 9808 7588
f 807 232 11838
f 3360 2847 7769
f 5863 8154 7169
f 3375 8814 8817
f 8826 6982 7775
f 11585 8515 13223
f 6863 10541 8514
f 3101 4367 4368
f 7770 11799 11038
f 8092 5259 9075
f 10241 13302 6875
f 6035 6036 8338
f 10241 2918 8381
f 5566 5561 11489
f 11808 841 11985
f 5360 6584 5361
f 4948 5846 8043
f 8862 12866 5072
f 13127 6914 6912
f 5571 5576 13190
f 5803 5863 5804
f 7477 13572 10443
f 5367 6383 8195
f 11568 2847 8498
f 4948 2475 5846
f 13490 10439 12591
f 5260 5691 6284
f 5370 7930 4452
f 7519 6509 6038
f 9313 7528 8341
f 12453 4959 11199
f 13217 10181 5083
f 9745 13448 4637
f 12698 6864 9070
f 9624 5364 11220
f 9026 6909 7531
f 2477 3387 9446
f 9312 10361 9278
f 13071 10280 10360
f 5801 5800 13330
f 8036 6021 12686
f 7519 9025 8827
f 7506 5561 5563
f 8514 8043 6777
f 11664 6361 8816
f 5564 10149 4637
f 6528 3524 13124
f 3541 2568 3540
f 6797 2565 8360
f 6385 13256 6386
f 10612 8333 1576
f 6076 11129 11039
f 5053 12686 11448
f 4647 9011 7851
f 2568 3541 2569
f 5908 6905 8236
f 820 1572 1055
f 5650 2249 3170
f 6360 4362 4363
f 11585 8516 3384
f 7526 10911 9975
f 7008 2565 7583
f 1282 8151 6162
f 5368 5366 12140
f 7169 11028 10721
f 5221 6041 11449
f 5365 7288 6710
f 5801 9057 3788
f 4360 2850 1575
f 6914 12511 6912
f 9278 13224 8046
f 9544 10322 5218
f 13530 11489 4640
f 7505 11489 5561
f 10149 4640 4636
f 5688 12877 10199
f 8036 11446 6021
f 8154 8153 11028
f 11199 6383 5917
f 649 7284 7285
f 12879 12800 4996
f 1317 654 920
f 7930 6166 12800
f 3170 3790 920
f 5564 6505 9756
f 12534 9806 6713
f 11820 7169 4066
f 8514 12698 8043
f 6505 589 5346
f 7527 11805 6046
f 5564 4637 11242
f 5053 5219 12686
f 8827 12271 6509
f 3561 10367 7301
f 11664 585 6361
f 7506 8817 8814
f 589 8816 591
f 7287 7928 8243
f 6010 3352 12478
f 11943 12085 11449
f 9799 9803 10479
f 12313 913 3788
f 6008 1573 6611
f 12974 12114 4367
f 3789 12313 3788
f 7517 9756 6505
f 9472 8380 7618
f 4450 9624 8979
f 12698 8514 7851
f 12948 11820 4066
f 7998 11988 3357
f 11755 5669 7714
f 1058 2469 13388
f 5803 8154 5863
f 6773 6020 6025
f 11585 9372 8516
f 12948 11258 10181
f 6116 5098 11452
f 832 4628 1274
f 10149 10896 4640
f 3389 4644 4643
f 10155 9759 7529
f 7517 3383 8826
f 11191 4644 3389
f 7519 8827 6509
f 8816 6361 6362
f 6379 6710 12194
f 7506 5563 8817
f 5059 8826 7775
f 5059 10706 8515
f 12974 4367 4365
f 4452 12140 13525
f 5566 12410 5561
f 1893 4554 3859
f 1985 4253 12174
f 1685 3518 2243
f 7289 7287 8980
f 12313 3789 915
f 1704 6818 6629
f 4645 6507 3962
f 5669 4959 7714
f 6031 9070 12134
f 10199 10630 8091
f 2477 9446 7523
f 5576 8043 5846
f 7517 8826 9148
f 1229 149 150
f 2873 150 149
f 606 605 4678
f 11943 5847 12085
f 8828 7520 11181
f 9758 10541 6863
f 8641 12854 12497
f 1275 3368 6017
f 6505 6502 589
f 11191 3384 4644
f 1697 5805 5860
f 7517 9148 9756
f 12879 9396 13242
f 9168 8091 10630
f 5235 7567 5635
f 5571 11062 12085
f 5241 3163 3162
f 1746 4128 2939
f 3766 606 4677
f 9044 12810 2861
f 13283 400 1340
f 1072 1071 1611
f 3424 1069 600
f 2760 1900 3861
f 3430 3991 605
f 4665 2867 3423
f 3432 4676 4677
f 957 13028 1344
f 406 4249 4250
f 11900 789 791
f 407 2714 4676
f 12327 2714 13363
f 12766 3428 13255
f 1415 1893 3859
f 4846 2622 2621
f 12674 2478 12810
f 8967 1343 3824
f 12037 11196 7813
f 4839 4504 695
f 1614 2873 2494
f 1990 3005 2788
f 418 11405 420
f 10688 10687 8476
f 9952 8347 12921
f 3002 1980 4249
f 1613 2873 1614
f 10689 8485 10688
f 351 1421 1423
f 3766 12709 605
f 2695 1427 4558
f 13045 12522 7817
f 10589 11908 1498
f 124 8774 9704
f 2697 1233 2391
f 1229 12116 2385
f 10810 11878 8682
f 4680 12742 404
f 1416 2758 8959
f 149 2385 148
f 2494 149 148
f 2873 1613 4675
f 782 8986 12243
f 3003 1983 1980
f 3002 3003 1980
f 10935 5657 12139
f 13189 10150 6500
f 12327 4392 12709
f 9742 6490 10887
f 1071 2871 1611
f 277 4248 4249
f 4206 1893 1415
f 11413 12767 155
f 153 12048 152
f 153 152 4672
f 6868 4657 1066
f 277 406 3432
f 406 277 4249
f 9060 10392 10673
f 407 406 4250
f 407 3432 406
f 407 4250 4251
f 152 4674 4672
f 3823 13003 13553
f 4130 3212 953
f 4133 13028 3214
f 4781 10480 4779
f 2203 1287 860
f 2765 2764 9288
f 4132 2942 3659
f 3004 1985 1983
f 1072 1073 2493
f 2601 11043 2600
f 3978 12328 2481
f 2714 12327 4676
f 276 410 13363
f 410 276 12174
f 9167 13590 3556
f 277 404 4248
f 277 4680 404
f 1758 4503 4504
f 4255 4256 274
f 1980 1983 4251
f 5414 11857 1412
f 1479 12811 1480
f 1612 1615 3991
f 276 13363 2714
f 3766 4677 4676
f 4680 277 3432
f 276 2714 407
f 276 407 4251
f 11476 12783 12037
f 160 3421 3982
f 1131 4783 5773
f 1758 4502 4503
f 5470 10120 11988
f 9630 13200 4459
f 8461 9416 1442
f 13017 11471 6168
f 153 13118 12048
f 692 1153 4836
f 13241 13142 1155
f 4680 4677 861
f 12201 13241 1155
f 12327 3766 4676
f 10890 9750 8811
f 5348 7265 5909
f 6688 5010 171
f 5290 1882 11857
f 10900 170 5052
f 10900 10893 171
f 1062 2863 5850
f 3989 1609 11413
f 160 3982 161
f 11858 160 161
f 1242 2992 2990
f 1438 1037 6729
f 3971 2861 12810
f 4844 1161 4846
f 1289 12709 4392
f 3766 605 606
f 2492 1071 1072
f 11208 7458 10696
f 2760 1896 13263
f 794 1899 12116
f 1992 1484 13565
f 2608 5771 11749
f 2490 2491 2492
f 12110 6434 9240
f 2788 415 3006
f 1894 791 789
f 1886 1222 3858
f 3978 3414 1599
f 6588 3664 1760
f 4328 4329 572
f 12048 793 1897
f 3765 5351 9158
f 793 12048 13118
f 3429 13435 2871
f 3858 1223 1413
f 5290 1883 166
f 1982 3004 3003
f 13435 4672 2871
f 4133 959 958
f 9986 9210 8685
f 9450 5433 12700
f 9450 7085 5433
f 7702 12589 10810
f 11726 8890 8891
f 8054 8060 10163
f 9060 12573 13257
f 6181 6733 6735
f 7966 7366 9414
f 8061 11801 10464
f 7359 8269 5946
f 10485 4072 9017
f 13532 10940 10185
f 1568 11523 9533
f 9659 5946 10587
f 2860 12921 9998
f 6516 7550 5598
f 6516 11874 7550
f 11827 11657 10468
f 9952 12921 2860
f 8960 11335 6646
f 8527 10162 9998
f 10672 9895 10098
f 6088 12892 9163
f 7137 11553 6255
f 11553 8525 6255
f 1038 12895 7346
f 9814 1038 7346
f 11209 9154 8526
f 6937 12635 9415
f 13489 9288 11541
f 7702 10810 9287
f 9927 10163 6782
f 7278 9095 11309
f 10484 13590 7608
f 8527 10620 10162
f 13246 9410 8682
f 8888 7174 9822
f 11479 10165 10069
f 9318 4380 9317
f 11507 8058 10035
f 10035 8058 13589
f 7966 10263 7967
f 11506 8526 9154
f 10263 12616 4218
f 9008 6734 12150
f 11368 12654 5261
f 9008 9657 6734
f 10813 9951 8689
f 9659 10813 8689
f 2860 10162 11072
f 6908 9971 9314
f 9060 7085 8272
f 1568 9533 2844
f 10585 10393 9115
f 9895 12063 5152
f 9952 9778 9012
f 12635 6937 7207
f 6874 9813 4070
f 11829 3555 8090
f 2763 13486 10670
f 10393 7360 11962
f 6429 9210 9986
f 10393 5429 7360
f 10393 11962 9115
f 7175 11725 10002
f 9210 4218 10747
f 9210 10747 8685
f 12557 10195 10194
f 7551 9779 8346
f 9943 11878 10810
f 4380 12583 10472
f 8269 10746 5778
f 10938 7174 9821
f 8269 5778 12089
f 7547 6785 3404
f 13246 12150 13209
f 9322 7368 13230
f 7358 10342 9964
f 7358 9964 6886
f 11141 7358 6886
f 9943 12589 13298
f 6866 6255 13047
f 10673 7892 9290
f 11627 7891 11548
f 10942 8891 10941
f 11627 11548 11588
f 11759 11627 11588
f 9506 13386 9391
f 9986 10262 7359
f 10262 9986 8685
f 12574 5604 10034
f 11302 10469 9553
f 9943 10810 12589
f 8890 10941 8891
f 13240 13403 11573
f 3869 7084 8460
f 885 1656 886
f 8555 8887 12926
f 8419 1244 12855
f 13246 9008 12150
f 9008 13246 11878
f 12962 8419 8673
f 9779 11553 7137
f 7209 8960 10098
f 7209 12646 8960
f 9779 7137 8834
f 6429 7967 10263
f 10034 11507 8189
f 6429 10263 9210
f 12651 8347 9012
f 6867 12651 9012
f 9164 3555 6420
f 6874 8199 9813
f 9267 3264 4219
f 9409 10802 5014
f 6731 8676 5941
f 11334 7210 12604
f 11533 11646 12941
f 10618 10394 8345
f 12826 9162 5866
f 6550 9817 12612
f 4960 6414 13122
f 13246 13209 3266
f 9652 9985 7210
f 6550 3554 10626
f 4070 5680 9816
f 5014 7349 5418
f 9409 5418 12472
f 5151 9652 5013
f 6874 8198 7171
f 5014 3867 7349
f 7605 10189 10190
f 11829 12898 11313
f 12898 5681 9648
f 12898 5680 10186
f 11116 6731 5941
f 2195 594 4385
f 4517 10482 5409
f 11334 12604 11046
f 2193 12096 11245
f 7349 5941 5418
f 11577 7361 8270
f 8344 5061 6783
f 10670 7350 8263
f 8263 7350 9985
f 10802 9647 5014
f 9647 10802 13421
f 12472 5418 8676
f 5151 8263 9985
f 11830 6420 11829
f 6420 11830 6933
f 9658 8056 4569
f 9658 4569 11556
f 6420 3555 11829
f 10482 8378 5409
f 9565 5679 10190
f 9530 8483 9987
f 11073 13421 13468
f 10803 5681 9815
f 10803 9648 5681
f 9648 10803 8263
f 4960 13122 6873
f 13209 13377 8590
f 13486 6325 7350
f 10803 8670 10670
f 8670 10803 9815
f 10803 10670 8263
f 7349 11139 5419
f 12604 7210 9985
f 6874 4070 8198
f 11140 9267 4219
f 9267 11139 3264
f 8198 6873 5865
f 6550 10724 3554
f 9320 6515 7549
f 10471 7544 8344
f 8670 4785 9649
f 8670 9649 2763
f 5869 5868 12088
f 12604 9985 6325
f 11533 12792 11646
f 7362 6992 5063
f 9652 7210 4219
f 6784 13300 8344
f 2191 8840 10916
f 9059 4567 11894
f 3115 2194 2195
f 9361 9113 2763
f 7821 9267 11140
f 10099 12914 11833
f 4070 2914 8198
f 9565 10190 9812
f 13334 10190 10189
f 9816 9565 2914
f 13334 9812 10190
f 8055 9773 8838
f 5408 3223 973
f 11116 5941 5419
f 7605 10190 5679
f 3867 11139 7349
f 10482 13334 10189
f 10482 10189 11073
f 10482 11073 8378
f 11316 9320 7549
f 3759 5913 8953
f 5913 5912 4384
f 3515 2559 4766
f 9048 3554 8556
f 13209 8590 3266
f 7605 5679 3555
f 6558 7641 13067
f 8294 11436 6460
f 10328 5247 12516
f 7445 5509 8779
f 1047 11161 5164
f 7833 2830 7434
f 7434 2830 13297
f 5510 6659 10690
f 6558 6559 7647
f 5471 5340 4355
f 6558 13067 9855
f 10735 5002 5003
f 11680 8763 5487
f 6827 7818 8450
f 6059 10955 9046
f 5177 5027 5028
f 5000 3183 6172
f 6553 6817 5706
f 5491 6656 6655
f 13347 6172 12446
f 5796 6839 5797
f 2736 5145 3816
f 10733 7179 10044
f 819 3065 11033
f 5495 5496 7433
f 8392 10634 2575
f 8002 1544 6460
f 6081 8879 9047
f 6858 2829 5492
f 3618 5933 1332
f 8002 5172 11440
f 6292 7179 7180
f 224 1734 12389
f 1049 9244 13058
f 6232 11546 12191
f 6458 8757 7999
f 8002 6858 5172
f 9281 5001 1125
f 8296 6605 8297
f 6858 2828 2829
f 6387 1318 2247
f 9458 2576 13067
f 11527 10955 8850
f 5273 11509 5003
f 5961 8291 8744
f 6059 9046 2560
f 6058 8350 8392
f 10732 10733 10044
f 5393 12905 664
f 5181 6657 10269
f 8002 2828 6858
f 11106 11158 6542
f 13580 6553 10956
f 6997 13067 7641
f 7978 6573 10414
f 5456 7978 10414
f 6816 8096 7641
f 6058 6520 8350
f 8124 3617 7737
f 5170 5467 7417
f 9458 13067 6997
f 12714 344 13599
f 10173 8070 7563
f 11992 11945 8071
f 8628 8629 7253
f 8350 5704 8392
f 5702 8097 12955
f 12095 10704 11674
f 11339 5713 10494
f 6203 7423 12459
f 13601 11779 12426
f 2265 13445 4485
f 7423 7424 12459
f 6268 7570 12460
f 10964 12146 8912
f 5168 8166 5170
f 4604 1048 5478
f 8299 13297 2830
f 8912 9932 12161
f 11598 10124 12701
f 5931 8445 13306
f 5010 2981 170
f 6553 10955 6817
f 7650 10960 10965
f 5178 7833 7434
f 6101 3583 5810
f 5170 7417 11655
f 13520 5969 8479
f 6802 5254 6276
f 12821 5479 13132
f 5705 9341 10635
f 13492 13383 4792
f 7877 7183 3188
f 8000 1048 4604
f 8767 8475 1552
f 4091 2926 6301
f 9854 7184 9850
f 8846 8845 3516
f 12403 3920 2827
f 8294 6460 11161
f 11870 8350 7563
f 5818 7431 13292
f 9530 10269 6657
f 3920 2832 5488
f 5168 5170 11655
f 6997 7641 8096
f 11527 8850 12955
f 13520 13292 5969
f 6951 8479 8475
f 5168 13132 6205
f 9932 8912 9854
f 12858 6478 10864
f 13521 8015 4340
f 12403 5025 3920
f 11644 5479 6455
f 9849 3590 3587
f 8297 5173 12076
f 8745 3299 10426
f 5170 8166 2827
f 6520 6058 8845
f 6365 2858 7261
f 9481 10960 8394
f 6348 13015 5895
f 9636 4090 5399
f 6951 6856 13520
f 4614 8009 8778
f 12682 11601 8138
f 8101 8102 8103
f 6058 2575 8351
f 5869 9078 5926
f 6951 12459 6856
f 4642 9754 8822
f 6559 9859 10961
f 8745 7424 5474
f 6559 10961 7647
f 13313 8101 8103
f 12252 8850 12957
f 10733 7182 7179
f 5658 5659 6543
f 7498 6498 10889
f 8479 11788 1551
f 8311 6962 8009
f 5000 7643 6292
f 10505 2265 4485
f 9748 6498 10885
f 7669 7323 13601
f 2577 9483 12267
f 6458 7999 8168
f 11795 4614 8778
f 9579 12602 12092
f 5168 6205 11020
f 12509 7861 6620
f 8158 11779 5099
f 7833 6212 5028
f 9854 9857 7184
f 7833 5028 2830
f 9046 13347 2560
f 11182 7192 10644
f 6553 9046 10955
f 13402 11818 13336
f 4792 7647 10961
f 8566 9850 7184
f 11440 13297 13299
f 8297 5027 5173
f 6553 5706 9932
f 5706 6817 7648
f 6460 1544 9700
f 12680 9577 10732
f 7999 8761 5476
f 5702 12955 8848
f 7104 10023 5025
f 10495 8102 8101
f 10023 2832 5025
f 9932 5706 12161
f 3920 5025 2832
f 9577 10733 10732
f 6607 3928 3926
f 7102 5488 2832
f 7648 8102 10494
f 829 6219 3932
f 7234 3932 6219
f 9529 7833 5178
f 13520 8746 13292
f 4243 1470 4244
f 11870 5704 8350
f 6205 12076 11020
f 12788 10902 5567
f 2602 2603 2601
f 11720 8928 8927
f 7571 12865 8846
f 2447 9695 11644
f 11656 7562 8848
f 12043 9159 11971
f 10041 7011 8080
f 10041 7156 6673
f 4940 7434 5172
f 9481 10965 10960
f 8767 8768 9897
f 7998 10861 5470
f 8159 1331 8658
f 8767 9897 1548
f 8789 10431 8016
f 6826 9488 8579
f 8102 5707 8103
f 6953 12076 5173
f 6927 5004 12082
f 3191 11509 6926
f 5034 13129 7836
f 2583 7320 5928
f 5707 11527 8097
f 8399 10639 11194
f 6718 10376 7737
f 10376 7322 5398
f 12403 8166 11020
f 12092 6173 5140
f 6656 12701 8768
f 9480 9481 10635
f 8913 13492 4792
f 9439 9919 12168
f 1285 599 4655
f 5030 5177 6212
f 10497 9344 13383
f 5491 11598 12701
f 5712 10635 9341
f 5712 9480 10635
f 5491 12701 6656
f 6760 7106 6655
f 7834 5984 8991
f 8159 13380 5143
f 5183 6658 6761
f 7681 11554 11113
f 7108 10023 9433
f 5645 6674 6673
f 12315 4826 4123
f 6476 10689 10688
f 12172 10590 5755
f 2212 3771 5353
f 6529 11162 8354
f 9921 5545 5548
f 12124 7997 8757
f 5238 5630 6268
f 7997 12475 7999
f 6927 6718 7737
f 6760 8005 7106
f 7103 5492 8481
f 7997 7999 8757
f 11660 7830 8760
f 11937 9986 10097
f 11440 7434 13297
f 8566 10732 10044
f 10732 8566 7184
f 5172 7434 11440
f 12825 13020 5632
f 9749 6498 9748
f 3517 3183 12794
f 2447 11644 6455
f 3517 12794 9281
f 5164 9700 7425
f 11802 3516 8351
f 6816 8097 5702
f 6559 6558 9855
f 6558 7647 13313
f 6558 13313 7641
f 13331 10792 4464
f 12858 10864 8774
f 6369 2879 12997
f 2271 13155 12752
f 812 1439 6728
f 7029 9341 5705
f 12579 1547 10124
f 13279 873 13272
f 7029 5705 10493
f 1547 8168 10124
f 7103 6858 5492
f 9458 8351 2575
f 13580 10956 9850
f 13580 9850 7643
f 5000 6172 7643
f 13347 9046 13580
f 11644 9695 1048
f 13347 13580 6172
f 10901 2473 8820
f 8880 1129 7165
f 4277 8730 7992
f 11212 6530 7578
f 11777 8081 4057
f 1129 5861 7165
f 12865 6520 8845
f 3300 7425 5469
f 6792 11802 8096
f 13026 6792 8096
f 11592 5528 13072
f 9936 9488 6826
f 1725 12849 9959
f 11523 13094 10601
f 11269 9878 8936
f 6319 7195 5761
f 8935 10983 8936
f 10870 13094 11523
f 6192 10412 11757
f 8787 13094 13101
f 4480 6716 12498
f 6346 9088 9601
f 11323 8415 6881
f 10591 10592 8285
f 10515 9959 7195
f 5445 10411 9295
f 9878 6881 9181
f 7982 7750 1496
f 9086 7231 6345
f 6881 9878 11269
f 10870 13101 13094
f 10604 10129 6485
f 1725 10222 6442
f 8279 1495 11517
f 11322 10646 8415
f 5091 7649 5716
f 7982 7983 7750
f 10512 10516 938
f 9126 5447 7391
f 9223 13203 5761
f 12474 1496 9297
f 8415 10646 9181
f 12849 1725 10844
f 10515 7195 7194
f 6222 11817 9712
f 11323 10645 3631
f 11727 8936 10983
f 5950 8279 8280
f 8464 11619 8283
f 11529 12040 11528
f 1495 7393 5954
f 10057 5954 6331
f 7695 10841 8714
f 8216 8714 10841
f 3286 7090 11462
f 12474 9297 6442
f 8280 7090 11619
f 11378 8715 11570
f 10219 3628 7043
f 10697 11208 10696
f 10642 7881 12631
f 9295 10591 8282
f 9912 8464 10591
f 11727 10983 5761
f 3621 6134 9878
f 12849 10645 9960
f 11913 9712 11817
f 13059 13188 8788
f 9428 7053 6149
f 9223 5761 10983
f 12474 6442 9183
f 10222 9183 6442
f 1725 9959 10515
f 10222 10515 8139
f 13034 3627 12675
f 10646 11322 9053
f 9223 10293 13203
f 9912 9493 8464
f 9493 7975 8464
f 7975 9493 9053
f 9684 10592 10593
f 8582 10219 10220
f 8582 9053 10005
f 8582 10005 10984
f 11913 11817 10270
f 9528 10021 13559
f 10220 10219 12675
f 12587 6333 10598
f 9223 10983 5107
f 11913 6000 9712
f 8281 10590 10589
f 10590 8281 5755
f 10645 11323 6881
f 10219 8582 10984
f 2176 10872 10871
f 10769 10601 8618
f 8283 10593 10592
f 8410 10797 9489
f 8400 3603 7324
f 11094 5985 6213
f 12105 8259 10533
f 829 12804 3742
f 9679 9595 12193
f 6334 9894 8601
f 9295 5444 9912
f 7692 12850 10005
f 12102 9598 9084
f 8596 6330 12954
f 8282 8285 11747
f 2172 8616 8615
f 9301 4279 11747
f 6608 5033 9213
f 11356 11383 8140
f 11356 10516 10512
f 4584 7390 9680
f 5036 5328 11658
f 1568 2844 10538
f 12510 8219 11966
f 8124 3618 12425
f 11362 10509 11179
f 8795 11592 10767
f 11180 13113 11370
f 9053 7692 10005
f 9493 7692 9053
f 9493 9912 5444
f 7692 9493 5444
f 11727 11269 8936
f 10057 11517 5954
f 11269 11727 9960
f 7460 10129 10604
f 6942 1495 8279
f 8734 12133 12236
f 10646 10220 9181
f 10758 12587 10598
f 10220 3627 9181
f 8283 11347 10593
f 10219 7044 12675
f 11653 9215 5040
f 10219 7043 7044
f 9141 11717 9535
f 12664 4586 4279
f 5192 10312 8494
f 12244 12372 507
f 3415 4652 2198
f 6487 10119 11059
f 6218 12486 5513
f 10866 8793 8792
f 5526 10118 9306
f 10759 9200 10760
f 10020 10681 7829
f 3773 12156 5353
f 2094 303 304
f 3679 304 303
f 3808 5143 7072
f 6965 10694 10128
f 13188 6349 9436
f 11383 13541 11382
f 11383 11382 8140
f 2583 9482 8399
f 1446 2767 1445
f 3337 8316 13529
f 9247 5041 5193
f 9248 10315 7241
f 11461 9422 8284
f 225 11409 2398
f 8216 13378 8714
f 7695 8714 11835
f 1241 3865 4215
f 6695 5303 1255
f 7695 11835 6930
f 3747 12624 10352
f 12827 10295 8715
f 7189 7190 6302
f 13301 11756 3610
f 11563 10801 9207
f 9353 8418 11069
f 7695 13397 10841
f 4721 2534 1096
f 9644 9189 10090
f 8496 12848 5834
f 7973 13027 6147
f 10297 12530 3088
f 3202 10578 13042
f 7340 7948 10045
f 13027 7052 1254
f 9871 9209 9208
f 5101 7191 11495
f 10650 8418 8667
f 9357 5018 12209
f 11416 8216 10841
f 5196 5197 3943
f 1085 4705 615
f 5982 7435 9431
f 13267 1847 1848
f 2660 4881 12734
f 3567 3800 924
f 1098 1648 4723
f 1397 1863 1865
f 778 12326 11750
f 4608 12179 4609
f 2109 524 12012
f 1096 4417 8947
f 1092 1093 4719
f 1397 2971 1863
f 1091 1092 4719
f 9498 9499 7200
f 1383 758 756
f 2975 1870 12704
f 2529 2528 4719
f 2974 1870 777
f 1095 4417 1096
f 1095 1096 2532
f 5355 2220 6707
f 2461 1673 2462
f 1093 1094 4719
f 2665 11936 1803
f 2331 2329 2330
f 4721 8947 628
f 1383 1848 1847
f 1793 114 113
f 1401 113 114
f 3349 3947 11849
f 12704 1870 776
f 1871 4200 777
f 2521 876 875
f 460 2438 10390
f 460 10390 12322
f 1869 774 12704
f 1091 4719 2528
f 1388 3254 761
f 7021 13302 8381
f 1864 1863 6884
f 3331 3931 8992
f 2659 2658 1185
f 12233 9917 7427
f 3707 2668 12119
f 2463 1273 4624
f 1386 1848 1383
f 2350 2351 11603
f 2755 1394 1854
f 1093 1095 1094
f 12749 1779 975
f 12708 1389 761
f 4304 528 1531
f 12577 12157 336
f 2553 3506 4759
f 12733 11939 714
f 1863 1864 1865
f 907 2562 4787
f 770 1861 772
f 2929 5288 5287
f 10265 7743 7369
f 1362 12577 336
f 2973 1864 6884
f 2111 530 3045
f 13145 1857 13495
f 12578 1862 4193
f 11530 11160 9224
f 3349 4353 12799
f 3509 2896 4759
f 1010 12006 2340
f 2815 3044 1529
f 631 3470 3469
f 3854 12302 1872
f 9395 5371 6918
f 9731 9730 10878
f 3040 2103 2101
f 1870 1871 777
f 4717 2526 3461
f 1013 1012 2348
f 7432 11488 4608
f 5502 11552 10127
f 4896 2676 4895
f 758 1845 12781
f 1090 12332 1091
f 532 5313 534
f 4038 2896 3509
f 5480 10121 9696
f 12610 9696 10121
f 5628 10476 9173
f 1676 3465 11441
f 1394 768 1857
f 3039 2098 3038
f 5893 6893 10060
f 5473 12610 7421
f 12343 770 772
f 2354 2971 13451
f 11477 12809 1847
f 13335 10208 12601
f 3042 3043 2107
f 11993 6474 6757
f 32 1206 4191
f 3696 1796 3699
f 4550 766 767
f 1015 2355 2356
f 1871 2975 12326
f 33 32 7126
f 33 1206 32
f 6165 2216 4014
f 1119 4760 1674
f 526 523 1528
f 1867 3256 5008
f 11188 12544 12543
f 11477 1388 760
f 1857 768 4192
f 3331 8992 2169
f 1210 1010 2342
f 308 1355 2746
f 7037 4093 3609
f 3853 775 12721
f 8387 12618 5087
f 1098 4723 2554
f 3707 2665 3704
f 9081 1189 4160
f 2654 1180 3690
f 6939 9655 11591
f 2554 4723 4763
f 1854 1394 11050
f 12205 4715 1088
f 3704 1803 4156
f 1867 1868 6686
f 3729 731 12338
f 13261 9957 7038
f 8972 3855 1873
f 12976 621 13266
f 3041 3042 2106
f 3729 1818 731
f 3729 12338 2359
f 3729 12759 1818
f 1859 13470 12343
f 1399 1400 2975
f 8906 9840 13312
f 10919 8843 8844
f 4546 1818 12759
f 1531 528 6743
f 2180 3089 11054
f 3256 1869 5008
f 9865 7672 6124
f 7186 10213 13023
f 12708 761 3254
f 774 1399 12704
f 13367 11531 6297
f 4195 1217 12349
f 3852 767 766
f 3717 12337 4894
f 1570 4623 3947
f 3930 1570 3947
f 70 2317 1831
f 9864 9378 13184
f 19 4619 4618
f 2660 12734 4155
f 343 774 3256
f 1388 761 1390
f 3076 12544 11188
f 5584 38 6506
f 6597 1834 1835
f 12151 1853 765
f 11147 11243 6504
f 747 1375 1840
f 5584 13191 12984
f 2215 4716 4714
f 341 11421 1392
f 532 3046 530
f 11993 6757 11763
f 1090 3461 2526
f 5498 5502 7437
f 3298 8940 7415
f 8105 4963 11443
f 2221 2219 2220
f 3700 1187 1800
f 12378 2526 2527
f 6143 8971 104
f 524 2815 3043
f 3138 2221 3137
f 3852 1854 11050
f 12184 14 13470
f 9138 12853 10349
f 23 24 762
f 23 11552 24
f 11756 8120 7801
f 10213 4796 11443
f 876 13266 619
f 1383 759 1846
f 13096 7665 4086
f 3040 12279 3041
f 3040 3041 2103
f 12205 4010 2523
f 12205 2523 4715
f 12684 760 1388
f 2354 1014 1217
f 3039 2100 3040
f 4942 5187 2839
f 2973 773 1867
f 1798 13137 985
f 2975 1871 1870
f 2976 2979 12713
f 2976 12713 4200
f 13160 2651 518
f 8962 1089 4011
f 12350 8972 12713
f 12350 12759 3855
f 12350 3855 8972
f 4011 1089 2523
f 4010 4011 2523
f 7720 3038 3037
f 8962 4011 1644
f 3695 3233 1356
f 10174 5071 10176
f 1863 2971 6884
f 644 4763 4723
f 4572 8692 2416
f 10930 8873 9799
f 7130 5216 9948
f 6373 4432 4434
f 6171 3799 1322
f 10713 11366 11367
f 4571 1040 3293
f 895 13269 11009
f 12320 2685 2684
f 4540 1816 1196
f 12725 1506 2053
f 1195 1815 725
f 12084 7635 8095
f 1259 1500 1258
f 12277 1817 1358
f 6863 6777 5847
f 1017 2410 177
f 12034 5575 12479
f 12621 5222 9253
f 7022 8383 2916
f 11691 6800 9327
f 2476 6040 7854
f 10313 5191 9246
f 11099 6242 10710
f 656 12262 5255
f 7289 5917 6383
f 1245 7376 7807
f 7624 10488 7626
f 7634 6428 9264
f 3382 6034 6030
f 3957 3379 11048
f 8512 6240 5219
f 7306 9262 11475
f 4056 6277 8245
f 4056 8245 8543
f 8509 12227 5560
f 3169 13349 13348
f 10241 8381 13302
f 11101 6044 3392
f 7624 5693 13237
f 5873 5267 7876
f 5874 3585 8395
f 6386 5693 5260
f 7021 6092 13414
f 8725 2044 13487
f 12764 8777 6215
f 10652 10405 11298
f 5974 5973 12373
f 8100 7181 12780
f 8863 9160 7785
f 5204 6772 5547
f 5084 7794 6810
f 10946 8896 10947
f 11824 9473 9472
f 8031 6974 6973
f 7133 6023 5565
f 9233 5808 7816
f 11465 12659 2567
f 11171 8042 7518
f 12878 10562 9027
f 6023 6241 5568
f 6035 11100 7518
f 11343 7063 8152
f 12956 13414 6092
f 12916 10910 10708
f 9655 8680 11591
f 9655 7024 8680
f 11704 10632 7628
f 10265 7369 3268
f 5426 7354 7355
f 11085 5259 10727
f 9899 12494 8184
f 4055 12829 7162
f 9042 7507 5047
f 9171 7624 7626
f 11459 10824 11542
f 9492 9350 9349
f 13414 12167 6875
f 9336 5691 2916
f 1915 1916 6599
f 4553 160 11858
f 10241 2917 2918
f 8267 6935 10386
f 12385 12517 9075
f 12484 10525 6326
f 914 6271 6272
f 7021 13414 13302
f 3101 9025 591
f 10475 9374 10562
f 7022 2916 5691
f 5222 11708 6042
f 11547 10710 12621
f 3177 11880 10490
f 5086 6392 9474
f 12915 9072 10103
f 9335 7794 8381
f 13185 11595 8899
f 6036 5574 8338
f 9900 845 12650
f 1110 3482 1112
f 8443 1321 10667
f 11620 6979 3957
f 13540 5808 9508
f 6865 6244 5574
f 2892 1667 4747
f 6284 5691 8898
f 9549 2855 11648
f 7135 11494 5057
f 11199 4959 8197
f 8519 1588 6508
f 4033 1670 1671
f 11191 8515 3384
f 6274 7161 7160
f 11620 6977 10705
f 2475 11448 6025
f 9592 12526 6324
f 6910 7525 10152
f 6489 8499 7487
f 10947 8896 8897
f 4630 8499 6489
f 5084 7793 7794
f 5359 3158 4045
f 7931 6537 11990
f 5223 8184 8517
f 5086 13311 10285
f 7961 12536 8681
f 5426 9910 7353
f 7398 6739 12539
f 9452 9953 9453
f 7721 11982 4980
f 9337 12653 6875
f 1587 6026 5048
f 10996 6271 6594
f 12956 6092 11912
f 6865 6036 9549
f 8508 8509 6664
f 7623 13305 9170
f 9170 10728 8560
f 11085 11040 5259
f 845 9899 12650
f 5571 13190 11062
f 10622 4382 5607
f 10460 11478 11800
f 7306 11475 9076
f 8201 10950 11259
f 9150 6243 10712
f 13412 5050 5048
f 7280 13474 10033
f 7133 6241 6023
f 13561 7492 1056
f 13561 12419 7492
f 7021 8381 5085
f 9662 9516 10264
f 7754 3304 3312
f 8513 3958 6032
f 8867 5644 8871
f 12375 6033 11950
f 5715 4965 4085
f 5697 4076 12580
f 11494 2856 7710
f 8320 13232 13588
f 7022 10202 8383
f 6242 3382 6776
f 8066 3111 9555
f 3562 7627 11551
f 6723 1836 12760
f 9171 5086 9474
f 12878 9150 10712
f 6257 10104 9666
f 8162 9666 10104
f 10096 9574 12896
f 8648 8649 10791
f 10388 10954 8386
f 10544 9842 6585
f 10282 7781 3397
f 1582 3100 4365
f 9547 8825 7853
f 7512 6022 5555
f 12840 8035 7501
f 6665 591 9025
f 2917 9076 2918
f 7855 11494 5848
f 5005 6408 12249
f 7408 13093 6742
f 5353 3771 1295
f 8991 8768 8767
f 11405 4258 420
f 4107 2736 3816
f 1622 3122 4395
f 8929 7072 8451
f 2736 11956 5145
f 1915 12199 1917
f 1140 12390 675
f 809 811 1916
f 8485 10687 10688
f 10687 8485 122
f 12463 1626 3127
f 9995 11137 4646
f 9995 12674 9044
f 2497 4686 1290
f 8446 3807 5403
f 1638 4006 1087
f 8774 123 8485
f 1624 3124 4396
f 2263 13012 4497
f 2784 2785 1968
f 12986 870 12330
f 1456 1941 4231
f 5519 12476 7453
f 12907 10798 10799
f 9913 13056 13239
f 2363 1018 11408
f 7033 9345 10496
f 7448 125 9704
f 7793 5084 8878
f 9514 10386 7630
f 2394 1235 2393
f 7459 10436 8016
f 9382 11456 11949
f 1498 11980 9947
f 12960 6566 4490
f 4342 1566 7453
f 6480 7447 7561
f 391 1961 2781
f 8984 1740 950
f 12858 8774 10689
f 6480 7561 127
f 7862 7786 11915
f 136 2877 137
f 4559 136 137
f 3622 5754 7684
f 1433 1432 1034
f 1915 6599 122
f 1637 873 4992
f 7998 12124 10861
f 11956 3818 3207
f 128 127 7561
f 128 4213 127
f 11861 11557 4589
f 12617 10268 7828
f 8649 12614 9569
f 4710 128 7561
f 125 2402 12199
f 125 124 9704
f 124 125 12199
f 13537 13585 11389
f 129 806 2989
f 129 128 4710
f 128 129 2989
f 11981 11206 7107
f 127 12000 126
f 6480 127 126
f 12000 2402 126
f 9530 11079 8483
f 9847 9174 6552
f 5923 9400 6170
f 9991 9992 5039
f 4486 13575 4801
f 5458 3874 4576
f 12839 4993 3135
f 8602 6148 11518
f 10930 9802 8873
f 5527 7456 6003
f 4213 1913 12000
f 4213 128 2989
f 11850 2273 4120
f 224 223 1734
f 224 2397 223
f 7773 9755 6500
f 1914 3866 1436
f 12579 7830 1547
f 5928 3604 12449
f 679 12077 680
f 6125 10971 9867
f 4403 615 4705
f 10310 7443 11981
f 5043 8323 6970
f 5043 11241 8323
f 1915 123 12199
f 11043 683 4829
f 3731 1426 2389
f 11770 10957 6555
f 7447 6480 9705
f 3997 1075 3439
f 1463 246 12069
f 8783 12523 579
f 3125 1624 11844
f 1620 6706 6705
f 1620 866 1619
f 4890 4891 318
f 364 13250 12304
f 7042 8412 11177
f 13281 2516 2514
f 7409 10268 9212
f 8310 8772 5500
f 2938 4829 4828
f 8986 782 1877
f 11945 8099 5089
f 173 1877 172
f 11387 173 172
f 6690 1402 11408
f 4827 4125 684
f 613 614 4398
f 13016 4681 4683
f 8467 10857 8737
f 10884 6491 9922
f 4213 12000 127
f 6880 11182 10644
f 3125 11844 2209
f 11847 2405 11014
f 1918 1920 812
f 2939 1742 1744
f 3980 1066 1602
f 1080 6615 1625
f 8984 949 2598
f 11043 2939 1744
f 12310 10993 2498
f 4395 3122 866
f 4828 682 680
f 4238 4237 1950
f 862 2875 3767
f 10864 9305 9705
f 1232 3260 798
f 344 1921 6690
f 11846 3262 2402
f 10864 9705 9704
f 3262 12199 2402
f 3262 1917 12199
f 6480 7448 9705
f 12000 11846 2402
f 9984 10647 9495
f 9676 2429 12599
f 2429 9676 10225
f 10449 13382 10609
f 12633 11888 7484
f 8612 4983 10766
f 9591 13528 7201
f 11143 11336 11504
f 1722 3718 4166
f 13334 9162 9812
f 13236 2120 11394
f 9274 10354 11127
f 9731 5339 10880
f 9881 6138 9224
f 9913 9061 10022
f 13056 9913 12259
f 12231 6357 8023
f 6304 11651 10215
f 10594 10344 11361
f 8729 12189 9217
f 12189 8729 4588
f 12667 10882 5539
f 2645 2647 1175
f 9920 8613 11327
f 12083 6969 5541
f 9537 10539 8181
f 11677 3282 13487
f 12059 6139 6831
f 9537 12633 10539
f 9729 11702 9443
f 7243 6354 10273
f 12667 9723 9730
f 12169 10609 6969
f 10879 10553 9604
f 570 11411 11412
f 4436 570 11412
f 13542 13602 2267
f 7051 7897 7896
f 5338 6356 4352
f 3911 11032 2819
f 6666 7777 12668
f 11401 2157 569
f 6774 9753 4639
f 9274 10608 10147
f 8712 9418 8718
f 9945 11047 6329
f 7767 10273 10274
f 4102 5288 2929
f 3062 1262 3738
f 1666 1116 1665
f 466 334 894
f 466 12276 334
f 12681 7693 11357
f 2959 2676 1138
f 1260 1261 3909
f 5951 4587 9061
f 10976 5733 10739
f 10831 12538 6439
f 10522 10831 6439
f 10340 10244 11155
f 12189 11337 10113
f 8323 12189 10113
f 2429 9499 13110
f 2231 5357 6372
f 13063 9732 9249
f 2798 11336 11047
f 2283 2642 2280
f 302 13168 503
f 2281 302 503
f 13438 2148 2150
f 1260 3909 3061
f 12444 5538 10882
f 8021 7767 10274
f 8624 10138 5905
f 3945 10775 7483
f 10015 13229 13207
f 3912 3738 6854
f 6226 6970 7400
f 5043 9249 10316
f 12672 7802 10290
f 6140 9498 1726
f 12661 9984 9495
f 6596 3910 1537
f 6138 10648 8586
f 11419 7957 10390
f 13280 10390 7957
f 7486 12434 4351
f 1726 8586 9496
f 3911 2158 11032
f 8324 6969 13382
f 6195 5462 1262
f 6849 13354 2798
f 13245 11834 11337
f 3052 13236 2125
f 4352 2180 11054
f 2805 2054 12356
f 7291 12141 6080
f 3487 2544 4745
f 2058 474 3027
f 465 2053 12073
f 13151 12756 4428
f 4746 2548 4745
f 4741 11624 636
f 1171 1783 4867
f 3781 1304 2541
f 3899 1046 1503
f 11899 892 1664
f 2060 2807 3027
f 2545 333 2548
f 4169 11622 11432
f 3153 3497 4433
f 10154 6985 8339
f 3134 4993 5914
f 12016 2441 3026
f 2061 12295 3027
f 4032 1669 468
f 3026 2441 465
f 2232 1306 4433
f 1499 13156 6435
f 10906 5583 11172
f 1130 2920 2910
f 2060 3027 474
f 1591 4034 2859
f 1591 4435 3498
f 2050 2051 461
f 9671 8705 11151
f 8705 9671 6736
f 1666 1665 6370
f 492 2076 2075
f 1669 2229 894
f 4284 471 468
f 4032 468 471
f 4031 3782 3490
f 2058 3027 2806
f 481 2722 4743
f 2055 12356 2804
f 3483 2541 2722
f 2055 470 12356
f 891 1113 11019
f 2722 2541 4743
f 4746 892 11899
f 11852 11624 4741
f 2284 708 4865
f 2066 3029 3030
f 3483 2722 13282
f 2066 4287 12717
f 2308 3247 726
f 472 2545 471
f 4285 472 471
f 1503 3026 2052
f 12295 2806 3027
f 2052 3026 2803
f 4746 4745 892
f 13430 2061 2063
f 481 4287 4288
f 472 333 2545
f 472 3900 333
f 1509 8943 2057
f 12312 12325 1105
f 470 2806 12356
f 1116 4748 4746
f 1116 1668 1665
f 1668 1116 11899
f 1658 3147 4028
f 479 480 1304
f 480 479 3901
f 479 13149 477
f 479 477 13430
f 3901 479 13430
f 480 3901 4287
f 332 4288 4289
f 4917 5650 654
f 12380 894 2228
f 13149 1304 3781
f 480 4287 481
f 480 481 4743
f 4748 1116 1666
f 4284 468 4283
f 4288 4287 2066
f 1304 4743 2541
f 5609 10829 6371
f 481 4288 332
f 3481 481 332
f 2056 3900 472
f 4429 893 3489
f 3899 1501 1046
f 477 3487 475
f 4286 477 475
f 477 4286 13430
f 12276 1503 2052
f 4283 12276 2052
f 4287 3901 12717
f 13149 2544 3487
f 3901 2063 12717
f 2054 2804 12356
f 2054 4284 4283
f 3899 12276 466
f 12276 3899 1503
f 3899 335 1501
f 4288 2069 4289
f 475 2548 333
f 3900 475 333
f 2069 2066 3030
f 2803 465 12073
f 3900 2056 12295
f 1118 13274 5356
f 2230 1118 3492
f 9545 10709 3390
f 1618 608 609
f 9925 9924 11172
f 2309 996 3719
f 11198 11904 8519
f 4286 3900 12295
f 2548 3487 4745
f 4286 12295 2061
f 4286 475 3900
f 475 3487 2548
f 2069 2072 4289
f 3481 13282 2722
f 2069 4288 2066
f 3481 13506 4425
f 3481 4425 13282
f 2069 3031 2072
f 4284 4285 471
f 4032 471 2545
f 6723 12760 740
f 12098 12559 10488
f 4032 2545 1666
f 9796 9797 9326
f 12380 466 894
f 3899 466 335
f 12380 335 466
f 2805 4285 4284
f 2056 2805 2806
f 2805 2056 4285
f 2545 4748 1666
f 3719 12289 4172
f 12404 11595 2909
f 4461 10951 3562
f 10152 7525 10279
f 9253 6042 10279
f 7736 9633 10201
f 7291 3535 12229
f 4187 2754 3848
f 11896 6256 5582
f 3544 11595 13185
f 11526 10362 9762
f 11547 12621 8339
f 9171 10202 12613
f 11156 9925 3390
f 12416 5161 8702
f 4744 2543 4742
f 3761 1063 848
f 12404 2909 2910
f 4751 4030 4753
f 4461 10370 10951
f 11664 8816 6502
f 37 6506 38
f 1839 37 38
f 12107 12579 11598
f 6666 12668 10323
f 7626 13311 5086
f 5229 6256 11896
f 657 4786 11432
f 6286 9263 12618
f 4190 742 1371
f 10460 12916 9764
f 12668 3390 10709
f 12404 2910 5700
f 13393 3401 39
f 1667 2891 4031
f 10565 7732 12269
f 6062 6528 8856
f 10946 10722 1132
f 11786 11478 10461
f 3544 2909 11595
f 3565 2258 6396
f 6043 8040 6775
f 9505 9447 7062
f 41 4755 12334
f 11595 5255 8899
f 1060 2550 4755
f 10910 5575 10707
f 11156 3390 10278
f 8697 6736 12897
f 1046 1501 2049
f 3567 12387 4786
f 3897 13156 1499
f 6237 6774 4639
f 3390 12668 10278
f 11109 9000 6811
f 742 3848 1370
f 12289 4170 4172
f 8899 5255 8902
f 2550 2894 4754
f 10286 11953 3562
f 4187 3848 742
f 1130 2910 2909
f 3497 3153 4753
f 11071 6043 6775
f 2894 1060 1671
f 45 11012 1834
f 2549 3497 4753
f 9626 7627 11953
f 998 3687 2650
f 1060 4034 1671
f 1060 1592 4034
f 12504 6237 5569
f 1667 2892 2891
f 9923 9551 11896
f 1817 1001 11734
f 7131 7511 4638
f 1115 4030 4751
f 9551 9096 593
f 11012 11002 1832
f 13290 13249 5390
f 9626 9831 10564
f 9445 5056 8042
f 11156 9762 12606
f 4222 8276 7743
f 11156 11482 9762
f 7627 9338 11551
f 749 1377 11398
f 12760 1836 338
f 1377 749 1205
f 9082 4187 742
f 13235 9800 8876
f 12504 5569 7516
f 3181 5390 6394
f 12334 2550 4754
f 2284 2285 13007
f 9326 10000 10477
f 12107 9137 12579
f 43 1837 13001
f 43 13001 4752
f 5229 5228 2859
f 11013 1841 748
f 6984 6985 13103
f 5602 3400 12984
f 7625 3171 8246
f 10154 8339 11650
f 7625 12098 3171
f 7777 10279 10153
f 10323 10154 11650
f 3897 4596 3295
f 3495 2894 1670
f 4744 43 4752
f 1924 8274 5948
f 5228 593 4954
f 4061 2909 3544
f 10694 1054 8791
f 1838 1371 1370
f 656 8905 12262
f 4954 10919 10920
f 12473 10289 9843
f 9662 12473 9843
f 12473 8387 10289
f 12148 9843 10289
f 7024 12618 8680
f 9833 8902 12262
f 9096 6778 9761
f 8843 9096 9761
f 10919 9096 8843
f 497 2079 2081
f 3495 1670 2549
f 2049 5127 462
f 4187 6723 2754
f 884 3780 12287
f 3495 4030 1114
f 7557 10170 11151
f 10170 5610 11151
f 4596 3293 2437
f 1063 1283 3412
f 4466 657 724
f 750 1378 1843
f 3897 6853 4596
f 7013 6080 12141
f 11055 6393 4465
f 9545 3392 10709
f 11972 8082 3171
f 13191 5602 12984
f 11109 6811 8899
f 7055 3025 5127
f 3497 1670 4033
f 657 3567 4786
f 657 3800 3567
f 3154 4433 4033
f 3154 3498 4435
f 4542 2309 4897
f 2258 4078 924
f 3154 4033 3498
f 4466 1322 3800
f 3496 2547 4751
f 3153 3496 4753
f 11616 7957 11419
f 3496 4751 4753
f 657 11432 724
f 7511 8813 4638
f 4189 40 4190
f 8529 8530 11699
f 745 1373 339
f 8040 6043 13191
f 10907 10154 10323
f 10564 8246 7732
f 7625 8246 10564
f 10907 10323 10709
f 3392 10907 10709
f 12915 6434 13226
f 11109 9338 8900
f 5700 3565 6396
f 7626 10488 13311
f 13311 10488 12559
f 7719 9242 5159
f 3227 2744 977
f 11884 8045 8044
f 9925 11156 12606
f 742 1370 1371
f 1060 3399 1592
f 9551 593 5228
f 6666 10323 11650
f 7777 6666 10279
f 7777 11482 10278
f 11604 8983 944
f 12227 12186 5560
f 3956 12186 4638
f 9551 9923 9096
f 11109 8899 8902
f 13311 12559 6093
f 6666 9253 10279
f 10286 13311 6093
f 11393 2316 2319
f 5183 6761 8487
f 6151 3742 5186
f 13089 13379 7983
f 8131 5750 12432
f 1285 851 12791
f 2310 60 61
f 2638 61 60
f 6151 12066 3742
f 8602 12647 9199
f 9366 5828 9367
f 11206 7835 8484
f 8013 8489 1564
f 8735 4622 7457
f 7117 11237 8789
f 7818 13380 9101
f 12400 7109 2838
f 7234 8488 6218
f 5788 8149 9500
f 9711 9368 5833
f 5237 12159 12254
f 11534 9368 12620
f 6448 6334 10854
f 2577 9481 9480
f 11189 3337 10550
f 816 9199 10682
f 10599 3292 12919
f 7438 10024 9065
f 7810 7053 11572
f 11266 3620 3619
f 10644 5286 8209
f 8010 5825 5515
f 701 3667 2627
f 5030 3926 10269
f 10425 9527 7414
f 13409 10989 8580
f 13025 6956 12822
f 12486 3332 5513
f 4496 11956 2268
f 1332 5933 3810
f 7887 6315 8209
f 10793 11698 7319
f 10745 10046 9126
f 11318 12165 8660
f 10656 8149 12166
f 1767 12297 4509
f 3742 12804 6659
f 10302 5283 5744
f 9709 10866 8792
f 10684 3896 10234
f 6706 3995 2208
f 8158 3604 13053
f 8211 8578 6316
f 13034 12640 3621
f 5609 7557 11151
f 12166 6639 9214
f 5882 11182 6880
f 1564 6481 5515
f 9382 11949 11875
f 10085 11221 8665
f 9691 8735 7457
f 9691 9243 8735
f 7843 2841 5826
f 5814 10021 12919
f 9990 13546 13251
f 12626 8789 8016
f 8399 10637 10639
f 10656 12166 10430
f 12779 3619 8450
f 10845 12953 9525
f 4000 1082 2511
f 2352 11603 104
f 4113 4813 3639
f 9140 4622 12666
f 7440 6760 6962
f 829 3742 12066
f 13199 10513 8139
f 7763 11189 8015
f 9521 11285 11544
f 12106 12188 7095
f 5526 8793 10118
f 10131 6001 9438
f 8794 7233 10063
f 4585 10339 10988
f 3451 2515 2210
f 10654 5524 8223
f 5181 3926 5510
f 3939 874 5914
f 2090 2091 5311
f 4943 7840 2840
f 6152 13594 11075
f 2926 3808 6301
f 10436 12626 8016
f 10643 5105 10004
f 4090 7879 4491
f 5034 4616 12443
f 10847 8719 9351
f 10847 10845 8719
f 7687 6319 13203
f 5312 1522 12408
f 7193 13352 12064
f 12587 6836 6333
f 9968 9384 10771
f 1218 3853 1399
f 10656 9382 8149
f 7119 11534 10438
f 1909 131 132
f 2880 132 131
f 7453 12476 8489
f 8423 7810 13338
f 10430 12166 5522
f 9968 10771 7455
f 5786 5788 9500
f 3356 581 3361
f 2265 6313 6312
f 13272 2718 1295
f 13220 12640 9874
f 7683 8209 8210
f 7762 10694 6965
f 4342 6350 1566
f 9579 5274 10735
f 6758 8307 8007
f 5983 5179 7106
f 11305 8933 10046
f 7040 8577 3616
f 6132 3617 8453
f 3082 9089 3081
f 10131 13325 13198
f 7681 6405 11554
f 9023 9090 7455
f 10599 12919 10021
f 11647 5105 5402
f 7193 12144 1724
f 9023 10771 6219
f 12664 8724 5448
f 7328 7681 8210
f 3338 4622 13546
f 4004 3132 3770
f 1337 12314 4817
f 8743 12340 1293
f 10056 12587 10758
f 8211 6317 8578
f 3133 4406 4404
f 6001 5526 9438
f 13025 12822 9244
f 7463 6859 5832
f 8793 5526 8792
f 3081 9089 13529
f 8225 8171 7235
f 12315 4123 1147
f 8414 12682 8138
f 11814 8113 11154
f 6724 13009 1370
f 2068 2070 2071
f 12694 1657 1108
f 4148 12749 976
f 12736 1825 736
f 2813 13168 12244
f 4856 4857 1776
f 2647 4870 2648
f 1362 12745 1200
f 1778 1779 1777
f 9920 8802 8613
f 618 1641 1642
f 1364 62 3843
f 2641 4867 6142
f 1362 2964 12745
f 329 328 3476
f 328 329 4294
f 4149 2641 3678
f 1778 1777 11735
f 4725 618 2214
f 2090 5311 11941
f 2094 12372 303
f 3829 4864 1351
f 4859 2639 12778
f 13141 1652 2214
f 5615 4738 2223
f 11080 7844 8175
f 12745 7077 2750
f 3470 12707 3469
f 4170 4171 1194
f 8943 2059 2057
f 4520 2949 5410
f 12777 12317 2279
f 4863 3679 1350
f 618 1651 1641
f 1364 2310 61
f 1779 706 1777
f 2755 1854 3255
f 12367 710 13007
f 4145 12778 4862
f 1793 1794 3692
f 5289 3848 2754
f 4147 1169 4146
f 4618 3330 3331
f 4147 8969 1169
f 2640 1780 5410
f 12324 60 2750
f 12324 1776 60
f 2310 2750 60
f 12733 714 3694
f 4171 2677 1194
f 4858 13595 4859
f 12780 7875 5265
f 11750 12722 6687
f 1355 3695 2746
f 4022 630 13000
f 2652 2651 3688
f 2653 3832 3693
f 2093 11948 2096
f 5410 1780 707
f 2537 4726 631
f 631 4726 3470
f 705 1789 1778
f 11843 304 13358
f 714 11939 4873
f 12317 12777 514
f 11008 13000 3467
f 5410 2949 2280
f 11008 3467 3469
f 4146 2638 1776
f 2638 3678 61
f 489 2075 13431
f 982 980 713
f 3340 10435 9307
f 1924 8275 8274
f 1661 1662 890
f 4148 1782 1781
f 2442 2053 1504
f 1522 13358 12408
f 1181 1792 3692
f 12777 517 514
f 12286 514 517
f 1776 2638 60
f 2710 10561 12149
f 13370 881 13000
f 982 981 980
f 4860 11735 1777
f 13345 3844 1003
f 3564 10491 7633
f 3678 62 61
f 1364 61 62
f 4863 12317 3679
f 12317 4863 2279
f 4411 2217 2216
f 1368 13265 1369
f 630 3468 3467
f 4520 5410 707
f 3678 2641 62
f 5775 4520 707
f 1781 4520 706
f 631 3467 3468
f 63 1824 3843
f 4179 2966 12157
f 4520 1781 2949
f 1515 11959 484
f 1814 1177 12735
f 1522 11948 11843
f 2752 12736 736
f 3144 12719 3145
f 4856 1776 12324
f 11608 2082 5310
f 2073 484 11959
f 4860 1777 5775
f 4420 618 4725
f 13141 2214 4713
f 478 2060 3296
f 12387 2572 2573
f 2654 12733 3694
f 523 12005 12357
f 4716 4012 4410
f 3228 977 2286
f 2640 5410 13502
f 3477 11841 1109
f 1833 1365 2753
f 2537 4725 1652
f 59 2750 2358
f 12394 2654 3694
f 11612 1523 12409
f 983 982 6932
f 13160 12777 4861
f 2651 1354 520
f 6993 12904 9999
f 2682 4904 2680
f 2325 2324 2323
f 730 467 464
f 1505 464 467
f 4178 1364 3843
f 3708 2668 1189
f 7077 2964 1361
f 3707 3704 1188
f 3255 1854 3852
f 8145 6831 9591
f 13497 773 2973
f 3686 729 13504
f 3847 4185 4182
f 5289 2322 1372
f 4179 2751 2966
f 7419 11776 11856
f 11948 2094 11843
f 4148 1781 706
f 1779 4148 706
f 711 2287 1353
f 879 630 4022
f 5191 11235 9246
f 1380 2333 12399
f 2225 4427 636
f 1517 1518 496
f 5924 10790 10789
f 10561 9972 9392
f 9399 5923 4998
f 9323 4573 7729
f 8461 9415 5945
f 6994 9620 9045
f 4549 2339 12006
f 9455 12264 7377
f 10588 9455 7377
f 6636 13544 9891
f 8587 13472 357
f 9521 11544 8462
f 2189 9976 9359
f 11331 9228 7815
f 10366 10944 4458
f 3387 11558 9759
f 12101 1926 358
f 11472 10018 10053
f 5694 9835 5420
f 9592 12100 12888
f 11064 12619 8348
f 5947 10821 7744
f 12900 12889 11225
f 11064 8348 10169
f 10821 10266 7744
f 10821 11778 10266
f 7088 11283 11721
f 9157 9976 7555
f 5384 10790 5924
f 12261 11427 11138
f 13608 13610 1213
f 6994 12928 9620
f 11276 7608 9167
f 9593 7895 7214
f 4562 10095 4463
f 4562 5943 10095
f 10786 12061 8638
f 3722 2683 3246
f 10373 9280 10668
f 8215 11360 10548
f 2062 3296 1511
f 10343 3733 12010
f 9121 9045 10819
f 1925 9121 10819
f 10749 6835 5780
f 8203 10544 9477
f 8652 10792 8650
f 11376 4566 7894
f 11283 11349 11203
f 7516 11071 6775
f 9797 8866 9801
f 5569 6237 11244
f 1835 11012 1367
f 3401 4650 39
f 6044 10907 3392
f 7013 3538 8366
f 40 39 4650
f 40 4189 39
f 6044 5570 13103
f 748 747 6644
f 1368 1366 13265
f 7291 6080 3534
f 10032 13065 9753
f 9739 9738 32
f 9738 9739 6228
f 7511 7131 1586
f 748 6644 11398
f 9738 6494 12649
f 3400 3401 12984
f 8949 11670 12269
f 4190 9082 742
f 7010 10478 6080
f 5554 13065 6499
f 8037 12186 12227
f 12142 11243 36
f 3780 885 4737
f 3683 1172 1174
f 1376 6644 1840
f 7516 11101 6779
f 748 1841 747
f 10255 12269 11670
f 3401 3399 4650
f 6044 11101 7515
f 7010 9325 9326
f 3399 3401 3400
f 6518 12334 4754
f 8040 5584 6506
f 44 4744 4742
f 13611 13608 13145
f 4189 12761 3252
f 6425 7629 7313
f 6425 12663 7629
f 6045 6985 6984
f 11423 5542 5473
f 8355 7573 5071
f 752 8958 11931
f 751 8958 752
f 13608 13611 17
f 37 11243 6506
f 9395 10255 11670
f 5584 13393 38
f 12312 4027 5615
f 39 3252 38
f 13393 39 38
f 11147 6506 11243
f 7504 6774 12142
f 3846 3845 1826
f 1841 1375 747
f 3482 1663 8948
f 753 12068 3850
f 497 2078 2077
f 5504 11488 7437
f 12142 6504 11243
f 1114 2543 4752
f 13235 8949 3535
f 5412 4533 8955
f 4626 4599 8756
f 10640 9484 8114
f 31 753 30
f 8024 31 30
f 6984 13103 5570
f 8037 12227 9948
f 7013 12141 8082
f 6044 7515 5570
f 6494 11430 12649
f 9739 31 8024
f 12610 5542 9696
f 10476 9929 4770
f 751 1843 8958
f 753 12781 30
f 3477 1657 49
f 2538 4737 2539
f 3475 883 12287
f 1003 3844 1201
f 45 1663 3482
f 3530 11212 12844
f 9738 6228 6494
f 8513 6032 8512
f 7504 12142 35
f 5413 733 736
f 11743 4732 51
f 42 2321 41
f 42 41 12334
f 42 13001 2321
f 13001 42 6518
f 13610 13608 17
f 41 40 4755
f 41 4190 40
f 4189 4190 1371
f 4190 41 9082
f 11147 8040 6506
f 1859 12343 772
f 5584 8040 13191
f 11147 6775 8040
f 1656 4028 886
f 10569 2729 10570
f 4191 752 12068
f 17 12374 18
f 13609 17 18
f 1204 1372 1006
f 8330 8331 5842
f 7516 6779 11071
f 1839 3252 745
f 7291 12229 7732
f 8037 6984 5570
f 6985 10154 13103
f 6043 11071 5582
f 12229 12269 7732
f 11101 3392 6779
f 12504 11147 6504
f 6237 12504 6504
f 7504 9753 6774
f 1839 745 1375
f 6091 5687 10946
f 747 1840 6644
f 1839 38 3252
f 12186 3956 5560
f 2331 2330 2332
f 10032 9753 7504
f 1206 751 752
f 5918 5371 11670
f 1203 4188 740
f 11831 9797 9796
f 1837 11845 2321
f 4187 11845 6723
f 13563 1077 1621
f 9801 3534 10478
f 11070 9703 11794
f 6473 9703 8776
f 6681 11907 10291
f 9703 4609 11794
f 3544 13185 6918
f 975 1779 1778
f 6045 6984 9948
f 11972 3538 8082
f 7013 8082 3538
f 13393 5584 12984
f 11845 1837 6723
f 2321 11845 9082
f 2951 5777 71
f 4186 4184 1830
f 8478 8472 7830
f 1230 1029 2389
f 10958 235 11389
f 9529 6212 7833
f 235 2407 2405
f 8909 9375 10923
f 10957 9848 6555
f 13194 8921 5724
f 2932 4107 940
f 9847 3587 10493
f 12248 2875 862
f 11391 9483 7663
f 11395 183 2366
f 11992 6552 9174
f 5983 11384 11652
f 1974 4247 1971
f 10412 10221 11757
f 10412 13409 10221
f 3981 4657 4656
f 238 10923 177
f 2410 238 177
f 2762 811 810
f 1880 9083 2983
f 3976 1598 3977
f 232 6630 13527
f 12210 1773 1772
f 12732 1155 4836
f 1148 1745 2940
f 2365 1406 346
f 2759 3730 1417
f 181 180 6794
f 180 181 1404
f 6534 7159 7154
f 1690 6527 8194
f 3808 13295 1331
f 5177 5176 7756
f 12579 10124 11598
f 5384 7304 7310
f 3590 12689 3587
f 237 1037 236
f 10957 237 236
f 2409 1037 237
f 4117 4818 1735
f 7738 7946 8446
f 2409 6729 1037
f 3773 5353 1295
f 10957 11770 237
f 5994 3324 7446
f 1049 5985 5178
f 4488 2263 4497
f 3413 12007 12328
f 10958 9848 10957
f 4584 12923 9494
f 10958 10957 236
f 2407 236 1037
f 5983 4610 11384
f 954 4501 4835
f 1021 1223 3858
f 3430 2205 6789
f 5401 13131 10796
f 9849 9847 6552
f 12753 1411 4204
f 8478 7830 9137
f 12731 1145 12391
f 5984 6656 8991
f 10963 8911 9852
f 12523 11235 5191
f 11339 5720 5713
f 6482 7446 12883
f 5612 11424 3996
f 6490 9147 11988
f 9849 3587 9847
f 12746 11745 5231
f 10993 1076 2498
f 1236 1235 1908
f 9577 9579 10735
f 12767 2869 155
f 3333 6481 1564
f 5446 10589 10590
f 12172 5446 10590
f 9853 3590 9849
f 1051 8007 11981
f 963 3216 3217
f 8126 9936 6826
f 7879 3808 7072
f 12376 2478 3410
f 10924 10172 5625
f 11304 6534 11718
f 11718 6534 10040
f 6690 11408 2362
f 2599 4826 4124
f 6476 10688 10024
f 12966 13138 793
f 2595 4819 1737
f 3924 11652 11384
f 4486 4801 4810
f 10171 6552 11992
f 1978 1976 1477
f 11182 4100 7192
f 7351 7352 9834
f 9323 10070 7279
f 6935 5943 5422
f 9285 6934 6426
f 10397 11192 3405
f 9058 10017 7952
f 10301 9631 9234
f 7083 6180 7082
f 8587 9592 12888
f 7312 5388 7310
f 11367 3969 9324
f 10384 9032 7630
f 10386 10384 7630
f 10391 5943 6935
f 11983 7083 10671
f 11427 10068 11138
f 9631 3798 3176
f 10373 10287 9836
f 6324 10052 7809
f 6425 7313 7936
f 10404 4573 4225
f 4573 10404 7729
f 9049 10287 6426
f 9475 5389 9280
f 1441 9285 6426
f 12910 10287 12917
f 11636 10036 10037
f 9634 8561 11880
f 7304 7300 10366
f 9026 9972 10561
f 4381 10784 12575
f 9399 13084 8895
f 9119 7374 7375
f 10784 9119 7375
f 9094 6512 13032
f 7932 10666 7933
f 13216 10490 9077
f 3732 3267 4220
f 7067 1319 5807
f 11341 11815 7275
f 10384 4562 12596
f 4562 10384 5422
f 7530 9971 10156
f 10786 9663 9323
f 9026 10561 11124
f 6432 12605 10054
f 7083 7082 10671
f 7735 3176 7617
f 10943 8894 8893
f 5388 5384 7310
f 9094 12261 9093
f 9399 9400 5923
f 10785 9617 11676
f 10384 12596 9032
f 11138 7524 9093
f 9156 11289 11354
f 9974 9973 9228
f 10385 10571 7952
f 10017 10385 7952
f 10404 9293 8069
f 9293 10404 12010
f 7374 5123 12605
f 9971 7530 9314
f 12261 11138 9093
f 11676 10784 7375
f 9399 8895 11184
f 9973 7276 3757
f 8277 6185 4221
f 3796 10668 10300
f 7735 9234 9631
f 9973 6908 9314
f 12910 8678 6426
f 1441 6426 8678
f 10068 3757 7276
f 11210 11699 8530
f 10070 9323 7729
f 10052 12090 5123
f 12910 6426 10287
f 1245 11459 11542
f 10072 12904 9621
f 7082 6180 9058
f 9973 9314 13475
f 9592 6324 12100
f 11937 8161 11246
f 7735 7617 13098
f 6425 7936 9834
f 7352 6425 9834
f 8190 11699 9954
f 4998 13098 13084
f 13113 10512 4494
f 10074 10072 12053
f 13348 2906 1695
f 11536 12261 11309
f 7277 9094 13032
f 11138 8048 7524
f 8649 9569 4075
f 2192 2191 10916
f 10916 8057 10159
f 12564 3205 6410
f 1349 4514 7343
f 2559 847 1124
f 7964 10811 4569
f 11961 7964 4569
f 1042 1492 6438
f 8198 2914 6873
f 11113 7804 7041
f 9289 9911 5427
f 8840 9289 5427
f 13161 5408 3224
f 2559 3515 647
f 4517 13161 3225
f 11077 5408 13161
f 7454 3934 5520
f 1251 3277 12242
f 12240 12242 3277
f 2042 13498 3019
f 7963 6438 5439
f 4383 3760 12283
f 13439 3223 12740
f 4383 12283 2712
f 8953 7064 2711
f 10394 10914 8345
f 702 2631 4514
f 11577 7362 7361
f 1124 848 4766
f 12740 3223 5408
f 9911 11224 5427
f 11077 12740 5408
f 10471 9772 7549
f 6704 3113 3115
f 241 2712 2196
f 847 9056 596
f 241 1042 6438
f 1771 2276 972
f 2559 647 2196
f 4517 13334 10482
f 4386 2197 3979
f 12308 2035 2032
f 3670 4511 4513
f 3221 1348 969
f 13439 3828 1349
f 1349 3828 11748
f 6438 1492 2794
f 3891 6848 3278
f 2276 702 4514
f 8057 11961 10159
f 8840 6368 9289
f 271 4268 4269
f 2192 10916 11866
f 11224 4567 10811
f 3225 13161 3224
f 3890 3278 7382
f 9289 5439 9911
f 846 11637 11866
f 2628 3825 11848
f 3891 2794 815
f 2621 699 2943
f 13163 4960 2914
f 432 4265 434
f 432 434 4658
f 2479 4385 1600
f 2479 595 4385
f 849 6787 10999
f 4265 4266 434
f 2559 2196 847
f 3278 6848 3279
f 10916 10159 11866
f 11513 3890 7382
f 11513 7382 4567
f 6704 595 9056
f 6704 2195 595
f 6704 3115 2195
f 647 3515 267
f 2010 3012 3013
f 2010 4264 2006
f 11224 11513 4567
f 1683 848 1124
f 1683 1124 596
f 1251 2428 4977
f 1771 8968 3221
f 9911 11513 11224
f 2192 3114 3115
f 2192 11866 3114
f 3760 3113 6704
f 6692 12117 12242
f 5439 2794 3890
f 3760 6704 9056
f 2794 1492 815
f 3762 848 1683
f 8666 7338 10842
f 2024 2025 2027
f 7548 11637 846
f 4517 5409 13161
f 9059 9673 6731
f 7548 846 9774
f 4580 7979 11417
f 11100 12816 3379
f 10414 6573 8934
f 10867 4595 9710
f 6781 5591 5347
f 3274 2994 7050
f 13545 2995 1933
f 8932 6571 7690
f 2997 1936 12351
f 13575 6403 6404
f 359 11460 12323
f 359 2418 11460
f 7685 6573 7978
f 2690 359 12323
f 4005 4704 3769
f 11887 11809 10423
f 7042 5759 8412
f 6322 1727 6174
f 11320 6613 8343
f 12340 13279 1293
f 874 13373 7456
f 1054 5038 3940
f 12521 5921 11200
f 2716 3132 11745
f 4497 13012 3635
f 12754 134 135
f 1631 135 134
f 7979 12564 6410
f 285 3878 13152
f 2777 1949 1953
f 11080 5354 579
f 13373 10132 7456
f 7995 9296 5955
f 363 2419 359
f 363 359 2689
f 12960 9637 937
f 2419 363 1450
f 141 1621 142
f 141 142 11403
f 9296 7978 5955
f 9296 7685 7978
f 10414 8934 8989
f 5436 10414 8989
f 13281 2514 283
f 6963 12514 5994
f 3273 4580 11417
f 4245 4246 394
f 8317 5527 6003
f 9528 12510 7901
f 1932 1934 2995
f 4230 3880 283
f 374 3881 4233
f 1334 12323 6410
f 13093 7408 13100
f 2769 2770 11404
f 2997 12351 2996
f 2771 2997 1937
f 6947 3290 3291
f 1627 3127 4397
f 6719 941 7341
f 3453 4706 12770
f 2419 2418 359
f 2690 2689 359
f 6241 11684 10615
f 11711 7465 12590
f 3387 13223 9446
f 8448 5403 3807
f 13089 12846 12055
f 13158 6369 12997
f 3937 11057 8490
f 4698 2504 2506
f 873 2211 13272
f 5145 4496 3815
f 12564 8989 8934
f 13281 3449 2516
f 4230 4228 12351
f 3445 4693 12975
f 6486 10434 5830
f 7685 8135 6573
f 4403 1291 3452
f 3874 3873 5155
f 5935 8135 11738
f 4005 3769 3129
f 12747 1729 2588
f 10341 13215 9226
f 1912 2988 12972
f 2590 4115 3644
f 1628 1081 3999
f 2422 1931 4226
f 829 12066 2171
f 363 2689 4908
f 7408 7752 13100
f 375 4233 4235
f 374 4702 372
f 3881 374 372
f 4952 2421 3876
f 1934 1935 2996
f 10869 11287 8738
f 13526 7764 3342
f 7537 8524 7136
f 6253 7540 10913
f 7923 6367 6781
f 7537 7136 13488
f 12669 10913 7539
f 8085 6872 8547
f 8548 12949 12556
f 6838 3381 12458
f 5849 6365 8186
f 8548 8370 7167
f 7299 2911 6921
f 11580 5245 9256
f 5798 8434 7061
f 8522 8188 6866
f 5796 5134 6839
f 13074 3754 3395
f 6367 12027 11457
f 7860 12509 5639
f 8440 7932 7933
f 9397 8441 11200
f 5671 5670 13218
f 8546 12178 5381
f 4950 11340 9254
f 11940 4947 5845
f 3754 11457 1281
f 6613 11320 5060
f 9550 8521 6251
f 7136 8524 9315
f 5673 13425 11958
f 12656 7268 12790
f 10328 12153 5247
f 8522 5592 9195
f 5861 12431 7165
f 9398 5922 6921
f 8546 5380 7935
f 5380 4064 7935
f 12656 11282 11272
f 5672 13218 5670
f 10481 9330 5138
f 9397 6167 8441
f 1699 12178 8546
f 12027 3755 1281
f 8052 7778 3396
f 8432 8433 3395
f 5382 12132 6390
f 11952 6248 8433
f 9630 8646 13200
f 10781 5134 8431
f 13037 7066 2727
f 5134 7814 6839
f 7267 6838 1279
f 5133 11469 9055
f 4378 9616 13419
f 13041 8196 5862
f 12790 5227 8343
f 7856 12790 9611
f 8547 6872 2912
f 845 7280 10325
f 8085 5665 6872
f 8442 12224 12187
f 1282 6162 11918
f 12191 11546 9543
f 9100 4457 12630
f 8430 7267 7268
f 13425 8249 7602
f 13425 7602 13415
f 5217 4375 8511
f 12630 5671 10182
f 5134 5796 8431
f 5134 10781 6161
f 12027 6367 4991
f 9926 10617 7538
f 6906 8237 7269
f 11853 11999 12003
f 4375 5217 8634
f 10783 8434 6163
f 8052 9926 10781
f 6838 12458 1279
f 8442 12187 8441
f 8432 5798 8433
f 6281 9031 5381
f 5381 9031 10182
f 5375 12570 5921
f 5672 6626 7601
f 6050 10617 11148
f 9398 3175 5922
f 11940 5217 4947
f 1699 4063 12178
f 8511 7923 6366
f 12656 11272 8430
f 8084 8196 6872
f 8430 6838 7267
f 10282 6988 4649
f 9369 6860 11566
f 7814 6161 5845
f 7870 7935 5861
f 13099 11826 9941
f 8634 5217 11940
f 7499 7497 5550
f 7165 2911 6676
f 11340 3396 7778
f 5861 7935 12431
f 7734 9205 6921
f 13041 5862 7713
f 8052 10781 9610
f 5673 11634 3175
f 10783 10282 3397
f 6613 12790 8343
f 7268 7267 10066
f 7870 1699 8546
f 7870 8546 7935
f 11282 5060 10298
f 8084 5862 8196
f 11272 11469 7699
f 8084 7166 5862
f 5060 7779 10298
f 8546 5381 5380
f 8634 7538 10617
f 8634 10617 6050
f 8237 7267 1279
f 8439 12187 5138
f 5226 6250 6251
f 7734 2911 12431
f 13041 7713 5922
f 8237 6906 7540
f 10781 8431 9610
f 9100 12576 4457
f 7156 6075 5246
f 8439 5138 9330
f 7061 10783 3397
f 6281 5381 12178
f 3104 6048 13162
f 6613 5060 11282
f 7923 5910 4991
f 12468 7856 6253
f 12468 6253 10913
f 7856 12468 8187
f 7165 12431 2911
f 7713 7593 6676
f 5133 8431 5796
f 5133 10298 8431
f 11340 9195 3396
f 12841 11107 9205
f 11340 9152 8523
f 11340 7778 9152
f 6253 10066 7540
f 6253 9611 10066
f 7601 3552 7019
f 4950 8522 9195
f 8052 7779 7778
f 8052 9610 7779
f 5226 6252 6249
f 6252 5226 6251
f 13425 3175 8249
f 7537 11320 8343
f 11320 7537 9152
f 8548 7167 12949
f 9926 8052 3396
f 9926 3396 8342
f 7734 4064 3174
f 7923 4991 6367
f 13041 11634 8196
f 12468 12669 12891
f 11958 13415 7172
f 11958 7172 12412
f 9315 8524 8187
f 12630 5670 5671
f 12630 12200 5670
f 3108 13164 3755
f 3108 6249 13164
f 5134 6161 7814
f 5133 9055 10298
f 5673 3175 13425
f 12468 12891 8187
f 5910 6250 5226
f 5910 5226 4991
f 9100 9031 12576
f 6988 6163 12817
f 4950 9254 8188
f 4950 8188 8522
f 7601 6626 3552
f 13074 5591 11457
f 13074 8051 5591
f 10267 7748 13253
f 8288 5452 5952
f 10555 10554 13097
f 11223 13423 9007
f 13057 10144 9146
f 13057 9146 10537
f 1272 10657 3745
f 8598 9597 12827
f 5781 5782 9937
f 9346 9282 8119
f 13057 7481 10144
f 6154 7248 5337
f 6945 7092 6194
f 9419 7973 6147
f 7092 13076 5452
f 13301 3610 11715
f 12539 9682 9127
f 11168 7748 1497
f 6001 8791 8792
f 9358 5792 4912
f 10145 9040 6447
f 10145 6447 10536
f 7898 10115 11719
f 9146 10146 10145
f 9146 10145 8163
f 6843 12163 13254
f 9867 10971 10970
f 4802 7880 7671
f 2434 13076 9724
f 13076 2434 5452
f 2434 9523 5452
f 6154 5337 9608
f 13083 7245 6156
f 5442 9677 10105
f 6320 10105 9677
f 7675 13254 12163
f 10879 9604 9729
f 11491 5725 5718
f 458 9598 7216
f 13099 6843 13254
f 8288 5952 3283
f 6843 9007 12163
f 7092 6945 5454
f 6194 8288 5953
f 9036 11785 10217
f 10603 6487 6002
f 5190 7842 7841
f 10267 7395 7396
f 10007 6154 9608
f 5337 7914 10146
f 7402 13018 6193
f 5337 7248 7914
f 9485 10977 11392
f 7339 9007 10091
f 10772 8620 7467
f 6887 9905 11416
f 9905 6887 5304
f 10296 11635 7059
f 11635 10296 13213
f 8226 12158 8171
f 10651 11903 12268
f 1497 7748 7396
f 2702 10554 8429
f 12255 6901 7727
f 9178 10577 12943
f 5792 9502 4912
f 9504 6155 5132
f 9942 10579 9982
f 6851 1497 7396
f 7247 10355 9275
f 10778 12136 459
f 10777 10778 459
f 9905 6695 1255
f 13062 10276 13351
f 10356 9275 10355
f 9941 11826 9942
f 10531 2702 10530
f 10776 5336 8627
f 3632 11179 12850
f 10555 11594 10554
f 13097 9607 2178
f 5337 10144 9608
f 10537 8163 11810
f 10537 9427 9523
f 13531 13097 10531
f 9427 10595 12439
f 9607 10007 9608
f 9237 11480 11787
f 9216 10276 10445
f 12547 5454 5536
f 7481 9608 10144
f 7092 5452 8288
f 10276 9216 9040
f 4594 10684 13559
f 10555 13097 2178
f 9905 1255 11416
f 13062 13351 10296
f 9300 10680 10415
f 9942 10577 10579
f 9186 10659 7248
f 10659 13233 7248
f 13531 9607 13097
f 9942 11826 10577
f 7239 9186 11299
f 10230 9189 10231
f 7239 10659 9186
f 10659 7239 13213
f 11223 9189 10230
f 9643 11277 12565
f 8261 9407 7948
f 3234 714 4526
f 8150 10531 10530
f 12031 8657 1328
f 7481 9607 9608
f 3284 13253 7748
f 11365 5835 7845
f 5130 5791 6352
f 12642 8803 13522
f 13099 13254 11826
f 8150 9358 10531
f 2993 1927 1446
f 12641 13479 12595
f 9200 7719 5159
f 12568 3938 13343
f 764 6725 766
f 8732 9689 9688
f 11059 10119 6451
f 5814 6451 10119
f 7719 9200 10759
f 11906 10270 11817
f 9243 9691 9242
f 13418 4101 10218
f 5446 8133 7977
f 5446 7977 11015
f 11204 13476 10761
f 2620 4849 431
f 10683 5159 9242
f 10599 2047 3292
f 9103 11979 3201
f 4622 3338 12666
f 10312 10130 10026
f 10128 10694 8791
f 10684 10856 3896
f 4622 10856 13546
f 7232 12903 9088
f 3630 11529 5756
f 11189 10550 7455
f 6223 9247 5193
f 8735 9243 3896
f 7818 9101 8450
f 5883 10985 9265
f 9438 7457 9140
f 7096 9243 9242
f 5814 12919 8736
f 7054 6888 11873
f 2045 8147 3286
f 763 1851 2343
f 5526 6001 8792
f 9866 6303 8116
f 6487 10603 9990
f 5329 7911 5330
f 8493 13325 13343
f 6487 9990 13251
f 13059 8788 10133
f 8225 8226 8171
f 12784 5357 2231
f 10683 9242 10118
f 4216 807 1242
f 5019 12541 13095
f 5814 13559 10021
f 6487 9131 10119
f 5814 10119 9131
f 12270 7184 9857
f 6947 11231 3290
f 6852 2800 6332
f 8424 6148 8425
f 12510 11966 2801
f 3024 4281 3023
f 8133 10981 7977
f 7235 8171 4943
f 7413 9527 5457
f 7838 5510 3928
f 9023 7455 10771
f 6568 4098 4097
f 1634 2508 133
f 5020 5959 10858
f 616 4952 13270
f 4280 9212 3290
f 10434 10027 5830
f 10058 12944 12954
f 9212 3291 3290
f 7234 9384 8488
f 5007 2354 13451
f 2668 1188 1189
f 12144 12064 10218
f 1851 2342 2343
f 7901 12510 2801
f 1720 5752 7683
f 3630 5756 9351
f 13546 4594 13251
f 12166 9214 5522
f 5786 9500 12400
f 9691 7457 9306
f 9438 9306 7457
f 4594 13559 9131
f 13251 4594 9131
f 4104 10507 11804
f 9384 9089 3933
f 5787 6639 5788
f 5814 9131 13559
f 6487 13251 9131
f 10412 7976 10989
f 10412 6192 7976
f 8567 12887 10733
f 5143 7818 8451
f 12400 11875 9245
f 8724 6445 8723
f 11207 3343 3941
f 8124 8125 3618
f 7738 3196 7329
f 11458 4798 8658
f 12568 3338 5192
f 4706 13270 12770
f 13443 5767 6719
f 7414 9527 8740
f 7235 4943 2840
f 3199 3810 5933
f 4342 7453 8489
f 6348 4340 9090
f 4090 4491 5399
f 8453 3617 8452
f 5005 12249 12220
f 4195 1398 13497
f 8113 6564 11154
f 11031 1851 763
f 9586 5287 5288
f 8109 7652 13515
f 2113 532 530
f 3041 2104 2105
f 12977 4476 4477
f 771 1014 5007
f 4519 11420 2293
f 9832 9833 8905
f 1644 622 5065
f 9581 5739 6825
f 4304 2111 2109
f 8001 9134 10121
f 11814 6128 8113
f 9701 6474 6473
f 3830 301 2745
f 10214 11530 11483
f 9002 6677 11042
f 8922 5760 13195
f 11074 6128 11814
f 8712 8718 11286
f 1092 2533 1093
f 1399 2975 12704
f 1212 2346 1855
f 4470 7146 6714
f 1216 1861 770
f 775 3853 1218
f 12722 3853 12721
f 713 11420 3691
f 4411 2216 1646
f 10806 3265 13326
f 739 1368 338
f 12448 7660 8914
f 6722 713 3691
f 12024 3311 5024
f 2954 2953 115
f 8922 13195 6128
f 12358 2105 2104
f 4410 5065 622
f 1791 2636 116
f 2346 1212 2345
f 11159 12608 9935
f 1212 2691 2345
f 7674 13602 13542
f 4167 9005 4168
f 628 1649 1648
f 6750 13196 9134
f 1531 6743 13139
f 4876 984 985
f 12409 1523 518
f 1182 1183 2655
f 5007 13451 1861
f 2354 5007 1014
f 10736 7660 4086
f 10972 5739 11176
f 3698 12318 1796
f 2113 2111 1531
f 1386 1383 756
f 2655 1183 1184
f 4968 1186 4155
f 1210 1851 12067
f 1791 2953 1792
f 2953 2954 1792
f 4738 636 2224
f 1180 1792 3690
f 524 3043 521
f 3320 12852 7228
f 6576 3852 766
f 11814 11154 7662
f 1210 12708 1010
f 6750 11487 11763
f 4968 4155 12734
f 4010 622 4011
f 4717 2524 2526
f 2755 768 1394
f 2964 4546 1361
f 13195 8113 6128
f 11031 341 12067
f 2972 1015 343
f 2972 1398 1866
f 1015 2972 1866
f 2060 474 1511
f 2660 4155 1187
f 2096 5312 7720
f 1789 705 2293
f 2977 1872 1219
f 2217 5065 4410
f 13160 4861 3688
f 6707 2219 1646
f 2111 3045 3044
f 2347 99 100
f 4893 100 99
f 59 2358 116
f 59 116 2636
f 8970 4155 1186
f 2675 4894 4159
f 3853 1400 1399
f 6978 1058 8035
f 754 1844 1382
f 6526 8907 8854
f 10142 9145 11288
f 10444 11122 10875
f 4195 2971 2354
f 4195 2354 1217
f 4195 6884 2971
f 4082 9173 11261
f 1355 983 3695
f 12672 3613 10741
f 2355 1015 1866
f 10546 12196 7671
f 8573 9379 11946
f 11682 10351 11299
f 3680 2950 1172
f 749 11398 6644
f 3699 12318 1185
f 1012 1393 1011
f 12722 11750 1400
f 3851 4548 4549
f 2637 705 11735
f 4968 2659 1185
f 1218 343 1015
f 1211 11031 2691
f 3569 4167 4168
f 12358 12005 521
f 3698 1186 12318
f 8105 6677 9002
f 532 2113 5313
f 533 2115 1532
f 2109 3044 2815
f 2109 2815 524
f 1795 3833 11011
f 3696 3699 1183
f 4010 11742 620
f 6165 1646 2216
f 2675 12398 723
f 2169 11996 6893
f 307 308 1528
f 307 1355 308
f 618 4409 2214
f 3696 1794 4872
f 1795 984 3833
f 2111 3044 2109
f 2115 533 5313
f 2657 4876 13444
f 2657 13444 2747
f 2115 1531 13139
f 2115 2113 1531
f 2977 4199 1872
f 523 12012 12005
f 3328 4339 828
f 7114 5327 12831
f 4963 1710 11443
f 4149 1169 8969
f 13485 13405 5998
f 13319 7039 10003
f 6399 662 3189
f 4802 9018 7880
f 2524 2527 2526
f 7037 7190 4093
f 2972 343 773
f 2972 773 13497
f 12469 6554 11042
f 8613 7478 11146
f 4195 13497 6884
f 4860 2637 11735
f 2665 1803 3704
f 6825 11074 7666
f 771 2352 1014
f 1851 1210 2342
f 1210 1389 12708
f 4548 3851 3254
f 1218 1399 774
f 4968 1185 12318
f 1214 1012 1013
f 1211 764 341
f 10521 9884 12047
f 9585 6308 6879
f 2278 1790 3689
f 4011 622 1644
f 2215 619 1643
f 2978 12350 2979
f 1789 979 974
f 7667 9862 6562
f 5651 11691 9327
f 8321 13600 6215
f 2660 1187 3703
f 11042 10731 7181
f 995 994 12993
f 13009 1838 1370
f 3569 2573 3568
f 3851 12006 12708
f 3851 12708 3254
f 2954 1793 3692
f 2338 12175 12299
f 2322 2320 3251
f 3712 3715 12319
f 4304 2109 12012
f 4857 1178 4145
f 2978 1219 4546
f 6006 11146 7478
f 2964 11018 1818
f 1180 1791 1792
f 11750 12326 1400
f 1401 114 13294
f 2358 12302 116
f 4857 4145 4862
f 11002 46 1830
f 4857 4856 2636
f 12303 7077 1361
f 2322 3251 12785
f 738 6883 2967
f 12202 2335 754
f 2358 7077 12303
f 5321 7226 7225
f 12350 2978 12759
f 2978 4546 12759
f 6409 13212 9868
f 10379 7675 12163
f 2322 741 2320
f 2215 1642 619
f 1794 1182 3692
f 2653 3693 306
f 2972 13497 1398
f 9378 8205 9379
f 9039 8961 2842
f 515 2102 2100
f 1641 875 1642
f 1204 743 13009
f 2093 12726 12782
f 1130 4061 3545
f 4898 4168 9005
f 6645 749 1376
f 9737 9444 1057
f 5302 8717 5125
f 9369 11566 9193
f 1592 3967 2859
f 10260 8118 10261
f 12943 7675 10003
f 11240 8180 10441
f 13315 7471 10137
f 11495 7191 5879
f 9719 6351 7468
f 9600 12636 6763
f 13572 5535 10443
f 11715 3610 10501
f 5532 9721 5533
f 12450 10216 9864
f 3190 3189 4476
f 9920 11327 10060
f 9585 11649 6308
f 10641 12937 5103
f 12462 13491 8221
f 10501 3610 3609
f 11715 10501 9486
f 7113 7452 13473
f 9037 12881 10580
f 9420 13487 12920
f 10380 9282 9346
f 12699 9018 6878
f 10773 8622 8620
f 12831 6763 5518
f 8422 5306 8726
f 5197 8019 3943
f 12627 12477 10139
f 7197 10835 8583
f 5102 5100 6631
f 8625 11589 11702
f 5268 8393 5717
f 1523 11612 2099
f 9863 6877 8205
f 6124 10738 11467
f 7471 8784 10865
f 3083 10660 10551
f 13319 12450 7039
f 10275 12894 10607
f 13232 13555 2846
f 7185 5873 8204
f 10700 9144 10699
f 10698 6224 7473
f 8573 6127 3608
f 7883 9584 5281
f 9863 9487 12196
f 10136 9143 7469
f 11117 11317 9718
f 8625 11702 9604
f 10214 7802 10291
f 12583 12678 10472
f 7656 5721 8918
f 9442 5533 9310
f 7904 7905 3921
f 6696 10851 8725
f 10504 8408 8119
f 8227 9605 6900
f 4092 6117 8571
f 8320 5042 13232
f 9585 7035 2927
f 10701 2846 13555
f 5733 12035 5736
f 7883 6126 12480
f 11803 4094 10975
f 9369 7708 10442
f 8625 10607 12894
f 10975 8576 6565
f 1308 1307 4440
f 10743 6822 6306
f 12442 12441 8752
f 3745 9144 7476
f 7475 2170 11082
f 10580 12881 8262
f 10699 9144 830
f 10138 8623 7476
f 8961 6660 6894
f 13319 10003 3615
f 8221 13491 13539
f 12394 3694 3691
f 12302 115 116
f 2953 116 115
f 3854 114 115
f 2954 115 114
f 1178 1790 1168
f 113 1401 2357
f 4010 620 622
f 8995 6772 6862
f 705 1778 11735
f 6932 982 713
f 1181 12733 3690
f 983 3233 3695
f 1178 9020 1790
f 4012 621 1645
f 1523 12286 517
f 4716 1643 4012
f 2215 1643 4716
f 6722 3691 3694
f 11612 11740 2102
f 4713 620 11742
f 3688 4861 974
f 981 2653 1354
f 12358 521 2105
f 1791 1179 2636
f 3233 6932 11011
f 1182 1794 1183
f 12303 1872 12302
f 1180 2654 9020
f 983 6932 3233
f 13130 2104 12279
f 1181 1182 11939
f 4714 4716 620
f 4716 622 620
f 2215 4714 4409
f 4519 705 2637
f 4411 2527 2217
f 6722 6932 713
f 12733 2654 3690
f 11612 12409 11740
f 1794 3696 1183
f 3832 982 983
f 1795 3234 13440
f 524 12005 12012
f 9337 6875 5692
f 2883 4012 1645
f 113 112 4872
f 112 113 2357
f 1180 1179 1791
f 845 9900 11501
f 2358 12303 12302
f 13294 3854 4199
f 778 6687 4199
f 3854 13294 114
f 1200 2310 1364
f 1789 4525 979
f 2215 4409 1642
f 979 3688 974
f 11740 13130 2102
f 4525 1789 2293
f 1182 1181 3692
f 3854 115 12302
f 2278 2637 4858
f 4713 4714 620
f 4713 4409 4714
f 778 11750 6687
f 1793 113 4872
f 1525 11740 12409
f 2358 2750 7077
f 4519 2278 3689
f 3854 1872 4199
f 2099 5312 12408
f 10178 8876 6536
f 705 4519 2293
f 13130 12279 2100
f 2652 3688 979
f 13130 2100 2102
f 12357 12358 1524
f 1525 1524 11740
f 980 981 4525
f 12409 518 520
f 2651 520 518
f 1525 12409 520
f 524 521 12005
f 2216 1645 4014
f 6932 3234 11011
f 11612 2102 2099
f 2954 3692 1792
f 2883 1645 2216
f 10806 13326 8679
f 10332 10806 8679
f 2978 2977 1219
f 1179 1178 4857
f 1179 4857 2636
f 2883 2217 4410
f 1179 9020 1178
f 12303 1361 1219
f 2977 778 4199
f 11939 1182 2655
f 980 11420 713
f 980 2293 11420
f 980 4525 2293
f 12358 2104 1524
f 981 979 4525
f 13130 1524 2104
f 1181 3690 1792
f 11740 1524 13130
f 1200 12745 2310
f 1526 305 306
f 2653 306 305
f 2652 981 1354
f 3832 2653 981
f 1401 12722 2357
f 3832 983 1355
f 1526 12357 1524
f 1168 1790 2278
f 1168 2278 4858
f 13141 4713 11742
f 3693 307 306
f 1527 306 307
f 1527 1526 306
f 1526 1527 12357
f 3832 1355 3693
f 1355 307 3693
f 1527 307 1528
f 523 1527 1528
f 1527 523 12357
f 6722 714 3234
f 11494 7710 5057
f 7730 9203 9204
f 8385 9477 11704
f 10332 8679 7634
f 5426 6427 7354
f 5260 5693 12613
f 8068 11296 11490
f 9617 11590 9618
f 6428 12896 9264
f 8202 7620 5690
f 10946 5687 10722
f 9402 10569 10570
f 9196 8561 13208
f 2476 5223 8517
f 6612 5056 5057
f 5867 11368 11586
f 10713 11367 7140
f 10096 6428 6427
f 6428 10096 12896
f 8803 9725 13522
f 9842 9377 6585
f 10569 12644 2729
f 10806 5698 4564
f 10806 4564 3265
f 3265 9411 10402
f 4564 5698 6813
f 6812 4075 9569
f 11368 9572 12654
f 5580 10707 5575
f 7369 9516 13482
f 10582 9118 12137
f 3294 3898 2437
f 6091 8091 9829
f 4564 6813 9411
f 3265 4564 9411
f 11346 10816 7083
f 9517 10674 8592
f 10043 11215 8202
f 7135 9547 7853
f 7021 5085 7622
f 7306 9076 10949
f 6427 6428 7958
f 9324 11490 10102
f 11536 10071 11275
f 6922 9401 8250
f 13116 12889 12900
f 10526 10750 12275
f 10074 9939 12928
f 9377 6813 9573
f 9411 8266 10403
f 9411 6813 8266
f 6813 9377 8266
f 7855 12494 10033
f 11085 1700 1132
f 5687 8549 10722
f 6939 13178 8273
f 12671 7633 9339
f 9782 4382 10622
f 4741 636 2540
f 9833 12671 9339
f 7380 9072 1041
f 7380 1041 11503
f 11704 9477 2254
f 3733 12036 12010
f 7021 7622 6092
f 8092 8202 11215
f 11447 1058 6978
f 1440 6934 9285
f 4565 7825 7822
f 9335 8093 6810
f 10332 5698 10806
f 8699 11364 10826
f 5608 8699 10826
f 3563 10567 8901
f 9077 5867 11586
f 5698 13314 6813
f 5222 6042 9253
f 6091 10947 5688
f 13214 13187 13175
f 7168 8549 5687
f 5608 10238 13086
f 6285 13208 8561
f 10332 7634 10545
f 5867 9077 9264
f 5867 9264 12896
f 6427 3870 7354
f 5424 10583 9842
f 10583 5424 10582
f 5867 9574 11368
f 5867 12896 9574
f 5574 3382 8338
f 9546 5222 10710
f 9546 10711 6243
f 5903 4987 9385
f 3084 3747 10352
f 1565 8961 6894
f 12699 8572 7880
f 1270 4611 2167
f 7246 10554 11594
f 7843 11096 3936
f 10297 3088 3746
f 10351 10440 11635
f 2735 11886 7331
f 7237 9718 10873
f 10642 10335 7881
f 12837 5782 9356
f 8926 12563 10737
f 9988 8314 13485
f 11187 8769 4607
f 6660 9989 5998
f 11321 10620 8527
f 946 3646 3647
f 13114 9595 12954
f 7337 11090 10800
f 10768 4621 8786
f 6578 12808 8165
f 8157 5929 5745
f 9950 9951 12651
f 1715 5395 3193
f 6715 12905 12498
f 8785 7471 10865
f 11785 9485 11819
f 5327 5326 12831
f 12796 8596 10753
f 9864 10216 9378
f 4005 4002 4704
f 12530 3087 3088
f 8173 10865 8784
f 9993 12688 12676
f 8926 8116 6303
f 7706 13205 10865
f 9178 11976 10977
f 10351 11635 7239
f 8180 7120 10028
f 12571 11058 7451
f 5782 11630 9937
f 2046 11164 7216
f 9937 9424 7395
f 6695 3283 12439
f 4570 12584 9451
f 8208 7321 11136
f 13281 12331 3449
f 2266 7338 10800
f 5786 12400 2838
f 10509 4105 11179
f 7338 11381 10842
f 9679 10842 11381
f 11096 7843 9531
f 13075 10853 10117
f 10853 13075 10356
f 11187 8304 3316
f 9295 9912 10591
f 9200 10059 10760
f 5445 9295 8282
f 2125 2122 11609
f 6737 6330 8596
f 8416 10410 9494
f 7337 10800 7338
f 9504 5132 11581
f 9717 10763 6334
f 11563 9641 7819
f 3740 826 12798
f 5303 6695 12439
f 12880 12535 9982
f 11277 11333 7336
f 5158 4978 7218
f 9981 9036 10579
f 5906 11594 5536
f 5195 6224 10698
f 9378 10216 8205
f 6351 9719 4987
f 5319 11510 5318
f 1928 361 364
f 3773 1295 1294
f 371 282 4231
f 371 12331 282
f 1930 1250 360
f 367 1085 615
f 3449 3769 2516
f 4230 1936 3880
f 9304 8290 8734
f 367 285 13152
f 285 367 615
f 10987 9879 13080
f 13493 12331 371
f 367 284 1085
f 367 4228 284
f 13281 282 12331
f 3880 282 283
f 13281 283 282
f 12770 13270 3452
f 3876 12011 286
f 12351 1933 2996
f 11404 3878 12011
f 3999 1625 2877
f 1637 5231 11745
f 2593 3209 2272
f 13493 12330 2511
f 12706 13364 1965
f 6136 5108 7803
f 13093 10849 7995
f 6136 9876 9879
f 1935 1937 2997
f 12963 615 3452
f 2931 4108 1728
f 2772 1943 2773
f 4245 1472 1966
f 11057 3935 8490
f 1291 12770 3452
f 13493 4702 12330
f 4002 1085 2514
f 374 4700 4702
f 3769 4704 2516
f 13276 2988 2991
f 375 374 4233
f 374 375 4700
f 1451 1931 2422
f 13493 372 4702
f 3339 10602 9437
f 284 283 2514
f 284 4230 283
f 4228 367 13152
f 4952 3876 286
f 4952 286 13270
f 4230 12351 1936
f 10518 7045 10580
f 2600 4829 1741
f 11782 6742 11230
f 13080 9491 6137
f 10138 5198 5333
f 3880 4231 282
f 9052 10968 3597
f 1444 8734 12236
f 13144 3645 246
f 4228 4230 284
f 8722 3623 5759
f 3881 1459 4233
f 12682 12164 8137
f 3341 5830 8993
f 2508 1083 1631
f 1456 2998 1941
f 12364 3207 941
f 10528 6331 12485
f 1943 1945 2773
f 1085 4002 4705
f 6486 5830 3341
f 1567 5829 9367
f 4821 6141 3648
f 3820 4176 1335
f 12011 3876 13250
f 5935 2268 12364
f 12011 285 286
f 12963 286 285
f 10656 11456 9382
f 1617 3121 12248
f 5458 4576 6453
f 11917 8176 13304
f 1628 1629 1081
f 12963 285 615
f 4403 13153 1291
f 1035 4560 2401
f 12963 3452 13270
f 11404 12011 13250
f 3878 285 12011
f 873 3131 2211
f 3274 1446 1445
f 12963 13270 286
f 3880 1456 4231
f 1935 2997 2996
f 1456 3880 1936
f 3443 2500 4691
f 10963 9852 11388
f 2771 1940 2998
f 12331 2511 3449
f 12351 4228 1933
f 1933 4228 13152
f 3211 5146 11614
f 6136 7689 9876
f 1250 1451 2422
f 6406 12437 8662
f 9877 10848 9490
f 9877 3287 10848
f 9437 10602 10130
f 4403 3452 615
f 12628 9764 10616
f 1402 2410 1017
f 6347 11456 10430
f 372 371 4231
f 372 13493 371
f 3881 372 4231
f 3881 4231 1941
f 7684 7689 7803
f 13452 5753 6570
f 3876 2421 12304
f 12775 2633 4854
f 13215 9266 9226
f 1945 13126 2774
f 13215 10341 10197
f 5686 10197 9334
f 4498 2269 3641
f 4811 3817 12747
f 5686 6424 10197
f 13215 10197 6424
f 965 966 6633
f 9566 10628 10543
f 10341 12217 7614
f 13211 8379 8558
f 7791 10284 11692
f 6090 7612 8379
f 12217 9226 8213
f 10284 3558 11692
f 10383 11767 11024
f 8200 13514 10543
f 5779 9354 10523
f 13514 13459 10543
f 8589 6423 5015
f 9956 10542 5684
f 8675 8589 5119
f 9568 9956 5684
f 8589 10524 5119
f 9222 11257 7791
f 12217 10341 9226
f 7611 7613 3559
f 7611 11712 7613
f 696 4506 7342
f 2427 12308 446
f 418 5300 11405
f 8997 12122 1064
f 4581 266 1491
f 3826 4511 2743
f 5156 1490 449
f 12727 1604 853
f 3668 2628 11848
f 3017 2033 3018
f 4929 11005 2027
f 438 2024 2026
f 5156 3887 452
f 450 452 2038
f 12711 2025 2022
f 1769 4139 968
f 12727 13362 12309
f 12316 1163 1164
f 12309 601 1604
f 6259 1069 12309
f 2372 5939 3258
f 1763 195 1164
f 2028 2030 2031
f 428 2618 429
f 4923 428 429
f 2036 2035 2038
f 1347 2625 3666
f 967 1767 968
f 4660 600 1067
f 264 12950 449
f 1490 264 449
f 4386 3415 2198
f 12360 1283 2199
f 4510 969 1348
f 783 1221 4203
f 6259 600 1069
f 12711 4929 2025
f 2012 2009 2011
f 265 3887 6634
f 12775 265 6634
f 2628 3668 12945
f 4655 599 1067
f 4854 5147 3671
f 2033 2035 2036
f 1769 3670 2946
f 3668 12774 12945
f 2019 2018 2021
f 2037 3018 2793
f 2010 4265 4264
f 3888 2040 452
f 4929 2027 2025
f 13362 6259 12309
f 4510 12979 969
f 5118 1026 1228
f 4137 1162 1761
f 4925 12212 2008
f 428 2615 2618
f 2019 2021 438
f 701 3219 4508
f 442 2024 2027
f 2026 2024 442
f 967 968 4851
f 4139 11935 1166
f 2000 2001 12211
f 12755 4654 599
f 196 3258 195
f 1763 196 195
f 265 12775 4967
f 1131 5773 4144
f 4851 4139 1166
f 4139 4851 968
f 3982 4656 1065
f 8874 6079 7590
f 4581 1491 3888
f 4842 11934 2615
f 2626 12774 3668
f 1764 3218 13434
f 264 448 11935
f 448 264 2427
f 4928 12711 2022
f 437 4928 4927
f 4930 446 11600
f 4930 2427 446
f 4930 11600 11005
f 4930 448 2427
f 4853 4851 1166
f 446 12308 2032
f 3218 2943 13434
f 2633 4852 4513
f 2427 1490 12308
f 11935 4852 12950
f 1490 450 12308
f 970 449 12950
f 2625 437 3666
f 4852 970 12950
f 437 435 3666
f 435 437 4927
f 2043 6692 267
f 4967 4854 3671
f 4967 3671 703
f 4581 3888 3887
f 3761 848 3762
f 441 4929 12711
f 265 4967 266
f 4581 265 266
f 445 4930 11005
f 1701 2920 2919
f 445 4853 1166
f 445 448 4930
f 448 445 1166
f 970 6634 449
f 5156 449 6634
f 264 1490 2427
f 2633 970 4852
f 450 5156 452
f 441 440 3668
f 440 441 12711
f 435 4927 4926
f 422 12285 11052
f 959 1758 1759
f 4848 699 2621
f 3213 953 13136
f 962 4847 4845
f 4928 440 12711
f 440 437 2626
f 437 440 4928
f 440 2626 3668
f 505 2812 11941
f 444 4929 441
f 444 441 11848
f 4929 444 11005
f 4853 444 11848
f 444 445 11005
f 445 444 4853
f 505 508 2812
f 6575 746 2327
f 11948 12782 2094
f 4864 3829 1782
f 4150 1782 3829
f 1368 12760 338
f 3840 6721 8956
f 4188 2754 740
f 3247 3726 2679
f 1005 1369 13265
f 12577 1362 1200
f 4145 4859 12778
f 2102 515 2099
f 4146 1776 4862
f 12289 4169 4171
f 2891 2892 4750
f 515 2100 3039
f 3725 4171 4169
f 13265 11393 2319
f 12367 3229 7344
f 1827 2970 6883
f 4865 1171 1170
f 2324 1204 1006
f 1789 974 1778
f 486 1515 5459
f 12749 975 2279
f 709 710 2644
f 6645 1376 6575
f 2094 12782 12372
f 5918 6539 10363
f 4741 2540 1660
f 302 2281 4866
f 1208 2337 1386
f 84 1379 2332
f 728 2961 729
f 5459 484 483
f 1833 1004 1366
f 1788 4524 4153
f 2093 2095 510
f 7292 5371 10363
f 2640 1170 8969
f 741 2318 2320
f 2961 999 1359
f 3685 3687 978
f 11831 10174 8866
f 2324 1006 2323
f 8355 8073 7573
f 4632 3952 2852
f 12072 340 3849
f 340 12072 3253
f 9360 5389 8651
f 1377 12072 1378
f 3723 1194 5777
f 4730 4422 4421
f 6918 5371 11871
f 7720 515 3038
f 12387 2573 4168
f 4898 9005 4169
f 4741 1660 11944
f 708 2284 12980
f 87 2334 2333
f 3568 2573 2919
f 6523 7566 6522
f 12729 3636 1727
f 11393 1004 2316
f 6724 1204 13009
f 3830 2286 4521
f 2096 1522 5312
f 11565 8277 4221
f 1372 12785 1006
f 1372 2322 12785
f 2084 2082 12004
f 12514 6963 8313
f 1110 13366 13359
f 2089 500 2086
f 222 221 4117
f 222 2396 221
f 3543 6918 11871
f 2813 507 504
f 1813 726 2305
f 7176 13079 9573
f 5437 370 11037
f 3642 11037 370
f 2326 1007 2325
f 11852 13151 638
f 2310 12745 2750
f 5311 505 11941
f 3230 3229 3228
f 1377 1205 3253
f 2304 2962 1359
f 3228 3227 977
f 505 5311 504
f 12411 11871 7292
f 53 54 13264
f 53 4025 54
f 1377 3253 12072
f 4149 8969 1170
f 9800 8870 8876
f 3358 7768 1573
f 6684 1200 1364
f 8813 11244 4639
f 1005 1203 1369
f 13235 5918 8949
f 744 743 2324
f 6684 12965 12577
f 1783 3681 2643
f 6575 1007 746
f 4900 4170 1194
f 1366 1368 739
f 11871 5371 7292
f 4866 2281 1351
f 4866 1351 1350
f 1366 11393 13265
f 3544 6918 3543
f 5289 6724 3848
f 6645 6575 2327
f 1007 2326 746
f 6724 5289 1372
f 1005 13265 2319
f 12387 4168 4898
f 3684 2645 4151
f 4524 6833 12757
f 12290 1007 6575
f 12782 507 12372
f 12749 4863 976
f 299 2292 495
f 10997 299 495
f 507 12782 504
f 976 4863 1350
f 4188 741 2322
f 3726 4172 4900
f 1518 5310 496
f 3687 3685 2649
f 12756 11431 3486
f 976 1350 4864
f 4603 12177 4601
f 11451 13411 5094
f 8306 5981 5032
f 8114 9484 5100
f 2965 1821 732
f 7002 6869 13173
f 4178 6684 1364
f 5542 9694 9696
f 4149 4867 2641
f 6724 1372 1204
f 8860 911 5644
f 12965 4179 12157
f 1659 3148 889
f 3485 4747 3488
f 496 2079 2076
f 6645 1205 749
f 1826 49 50
f 1657 50 49
f 12244 506 12372
f 2811 13168 2813
f 4868 64 6142
f 2283 2282 2285
f 67 68 2313
f 68 67 2646
f 635 4424 4736
f 2084 2083 2081
f 3145 4423 1656
f 2089 2087 500
f 2640 4865 1170
f 634 4736 4424
f 6724 1370 3848
f 4149 1170 4867
f 4178 12965 6684
f 1821 4178 3843
f 2096 7720 2095
f 709 13007 710
f 4188 5289 2754
f 3723 4900 1194
f 5289 4188 2322
f 12387 4898 4786
f 2444 12250 503
f 1352 503 12250
f 12325 5615 2223
f 4486 4487 11791
f 635 3146 1658
f 12724 13364 12706
f 11385 8741 9439
f 4706 616 13270
f 10859 8742 6436
f 2407 11014 2405
f 5713 12161 10494
f 11163 10989 10988
f 4798 13019 8658
f 672 1731 942
f 6242 10711 10710
f 12540 5958 11342
f 11385 6003 9710
f 13054 5406 3206
f 11306 1724 11086
f 2583 2582 9482
f 10796 11791 8447
f 8448 3807 3806
f 8176 8175 6661
f 222 1735 12730
f 6315 2264 7328
f 11390 13537 11389
f 673 4110 1731
f 6136 10986 5108
f 6406 7329 3196
f 9066 11917 13373
f 1637 5614 5231
f 8941 4212 12292
f 7329 7682 5747
f 874 3939 13373
f 10986 7804 5108
f 1458 11037 373
f 3643 373 11037
f 2773 1944 1459
f 1631 1083 1629
f 1639 8782 579
f 7682 7329 6406
f 5039 8739 10858
f 5020 10858 8739
f 13443 4813 5767
f 8448 3806 7817
f 3216 12296 7342
f 8493 10693 9706
f 1434 1910 1435
f 1335 5767 4813
f 1619 866 865
f 131 2400 130
f 4708 131 130
f 1118 5356 11840
f 12540 8733 5958
f 5958 8733 5457
f 4708 13371 2880
f 13093 13100 10849
f 1639 579 4408
f 12908 3319 12803
f 4226 2769 11404
f 7105 10024 10688
f 2932 12747 4107
f 1732 3638 3640
f 1905 799 800
f 4214 1912 4215
f 4404 3773 1294
f 4811 2588 1139
f 1336 11001 4114
f 12340 10859 9622
f 6175 8448 7817
f 8130 6828 4804
f 4579 5436 4580
f 8258 13044 8446
f 11611 1028 1027
f 12873 7409 11418
f 8721 9681 12911
f 8721 8720 9681
f 3924 8478 9137
f 4407 3456 6260
f 10425 6947 3291
f 11824 5083 9473
f 673 3638 4110
f 12195 10969 9861
f 7800 3601 9861
f 7446 3324 8011
f 5505 11095 2459
f 3260 1904 797
f 4810 3634 4108
f 7030 10639 9343
f 13012 3636 3635
f 7450 11923 5516
f 3641 2933 13564
f 3339 1567 10602
f 7879 7072 8128
f 10692 9366 5829
f 7829 10681 7980
f 10257 11119 11977
f 5142 8447 13045
f 2716 12746 5136
f 1149 1747 2603
f 4404 4406 5914
f 1250 2422 361
f 10425 3291 9303
f 9599 6332 10761
f 3820 1197 4176
f 1494 10678 9521
f 8933 7392 10046
f 12647 7994 10682
f 11458 9860 4798
f 5750 8411 12432
f 12747 3817 4107
f 7887 11647 13478
f 7818 6827 8451
f 9023 6219 2171
f 12078 1882 5290
f 10859 288 9622
f 288 10859 6436
f 3342 7764 6452
f 7327 5932 11318
f 7449 3333 1564
f 874 12156 3773
f 7078 12026 4209
f 9382 11875 9500
f 10845 10847 12953
f 5105 12779 13509
f 12106 7094 12188
f 3195 3603 5726
f 6571 13452 8132
f 356 355 12723
f 12859 3319 8775
f 4115 13564 4116
f 9439 6453 9919
f 1943 2772 12108
f 8738 11287 6451
f 8738 6451 8736
f 12514 7760 5994
f 13044 3807 8446
f 2263 5766 13012
f 1436 2990 2992
f 1144 11621 4119
f 6322 4809 4108
f 8930 4497 5406
f 2762 355 356
f 2936 1736 3648
f 11287 9437 6002
f 8338 11774 11100
f 12839 5354 8175
f 6996 7561 7447
f 871 3129 3769
f 1639 1640 12346
f 3650 1739 4123
f 3641 4113 2933
f 2213 4405 3133
f 3455 129 4710
f 617 2213 3772
f 1638 2882 4405
f 2519 3455 4710
f 3639 13443 942
f 2264 7327 7328
f 1286 1285 4655
f 2614 696 13135
f 12755 599 1285
f 1981 1984 1982
f 6758 6960 13455
f 11509 3191 10735
f 5399 4491 4485
f 12755 1285 12791
f 12400 9500 11875
f 5935 12564 8934
f 4849 4847 2623
f 5828 10026 9367
f 2171 12066 13015
f 7103 8481 9244
f 262 1488 421
f 4841 262 421
f 12942 1330 8449
f 2397 224 2398
f 5188 2840 7840
f 9023 2171 13015
f 8454 7332 6176
f 1163 1763 1164
f 13194 5724 5720
f 5034 5180 3929
f 6639 8619 9214
f 6827 8129 8451
f 5005 13445 3199
f 5399 12249 4484
f 12748 967 2628
f 5286 7887 8209
f 8942 12292 133
f 5140 5398 7322
f 9859 13336 8913
f 5274 9579 12092
f 13019 8112 5729
f 6173 8445 5140
f 2616 4845 2618
f 3219 4511 3670
f 1764 13434 1765
f 701 13005 3220
f 698 2619 2943
f 9870 12608 11159
f 1601 597 2866
f 13005 2630 1770
f 1161 4844 1760
f 425 428 4922
f 428 425 2615
f 2372 196 197
f 1762 197 196
f 2372 3258 196
f 2872 2489 2490
f 4660 2486 600
f 2000 426 2001
f 1286 4655 13362
f 4269 2023 4270
f 2021 2025 2024
f 961 6412 3215
f 12297 700 3667
f 964 2623 963
f 4652 2866 597
f 701 3220 3219
f 1762 1761 197
f 3667 6832 2627
f 700 4848 2624
f 1163 4137 1762
f 4654 4659 599
f 10313 9246 9192
f 13133 12814 2982
f 165 3411 166
f 1883 165 166
f 4508 3219 4509
f 1601 2866 3117
f 1347 4850 2623
f 701 4508 3667
f 12748 2628 12945
f 4660 599 4659
f 3980 3117 2866
f 1162 1161 4136
f 6832 3667 2624
f 6868 3980 2866
f 12748 1765 967
f 12297 3667 4508
f 12297 1767 4507
f 3220 13005 4510
f 6259 1067 600
f 700 699 4848
f 964 963 3217
f 386 389 1955
f 700 12297 4507
f 11934 2616 2615
f 11934 4842 1345
f 12296 3215 4505
f 6412 2275 4505
f 961 2616 4843
f 4850 4849 2623
f 12285 426 11052
f 2002 2000 2004
f 2012 2011 2014
f 962 961 3215
f 854 1605 855
f 12285 425 4922
f 11934 1346 960
f 13005 1770 12979
f 3415 2480 4652
f 3216 7342 3217
f 853 1604 1605
f 4926 2015 12212
f 435 4850 3666
f 855 1605 11396
f 4925 4926 12212
f 1604 11396 1605
f 3980 4659 3117
f 4924 2008 12211
f 964 965 6633
f 2016 2014 2018
f 2016 2018 2019
f 4655 1067 6259
f 2016 2012 2014
f 4844 6588 1760
f 12285 4922 426
f 2618 2620 429
f 4924 4923 429
f 4662 600 2486
f 8879 13467 4783
f 4923 4924 12211
f 4922 428 4923
f 4922 4923 2001
f 4922 2001 426
f 2615 2616 2618
f 12296 696 7342
f 13471 1416 11900
f 3984 3985 1606
f 1488 422 4258
f 1604 601 11396
f 696 12296 13135
f 12296 3216 3215
f 422 11052 4258
f 3978 2481 3414
f 4925 431 433
f 4849 433 431
f 4849 4850 433
f 13157 4660 4659
f 12212 2007 2008
f 1997 426 2000
f 11934 4843 2616
f 4845 4847 2620
f 2000 12211 2004
f 12297 4508 4509
f 2618 4845 2620
f 4923 12211 2001
f 11425 3218 965
f 1286 13362 1603
f 6412 4505 3215
f 425 263 2615
f 425 1489 263
f 1489 425 12285
f 4510 13005 12979
f 4843 11934 960
f 1997 11052 426
f 700 4507 699
f 12748 966 1764
f 12748 1764 1765
f 1347 964 6633
f 964 1347 2623
f 4850 1347 3666
f 4842 4841 1345
f 4842 262 4841
f 1489 1488 262
f 6412 961 4843
f 1998 1997 2000
f 6412 4843 960
f 2005 2002 2004
f 2759 1417 1894
f 10597 2431 10413
f 2420 2418 2419
f 3768 4399 870
f 2998 2772 1941
f 12364 2268 3207
f 368 1455 5437
f 872 4705 1635
f 6448 9717 6334
f 6448 5531 9717
f 2995 2996 1933
f 1635 4705 4002
f 10981 13080 10413
f 5614 2717 2517
f 1249 1447 2994
f 2422 4226 364
f 13583 8160 7074
f 13545 1933 13152
f 3819 6719 943
f 1958 1470 3882
f 1247 7050 5124
f 10268 11342 9212
f 3877 242 243
f 4814 243 242
f 9919 6453 8743
f 4576 8743 6453
f 5191 10313 5831
f 12514 7842 7760
f 2737 3820 1335
f 9304 5458 8741
f 2845 12620 10436
f 3999 1080 1625
f 3343 3344 10271
f 13545 2770 2995
f 7414 6452 5959
f 11279 9890 8413
f 12344 1258 5960
f 1744 1740 8984
f 2716 5136 1292
f 2273 679 680
f 1927 2993 8742
f 1906 800 6727
f 143 3997 3439
f 9991 5525 10434
f 3643 3642 6632
f 5073 5244 7786
f 3639 4813 13443
f 12050 9343 12689
f 9692 9304 8741
f 11385 9692 8741
f 3818 7341 3207
f 6486 3341 6004
f 11738 4496 2268
f 11404 13545 3878
f 7690 8132 5406
f 874 7456 5527
f 10314 10868 8790
f 10434 5525 10433
f 6146 5124 1447
f 3878 13545 13152
f 4699 12769 869
f 9879 9876 9491
f 11125 11782 11230
f 10061 7911 7909
f 8112 8916 11818
f 12959 2963 3821
f 2770 13545 11404
f 9527 7413 8740
f 2436 6004 10857
f 8467 2436 10857
f 3287 7751 10848
f 1928 364 12304
f 9439 8741 6453
f 5458 6453 8741
f 6136 7803 7689
f 2739 4500 4827
f 681 949 11614
f 4118 2937 4119
f 5011 13607 11696
f 2783 3000 12306
f 10897 3377 9043
f 4688 12207 4395
f 7116 9886 10235
f 143 144 1902
f 144 143 3439
f 4828 11415 682
f 7438 9065 11384
f 2499 3441 4690
f 2508 4001 1083
f 2271 4814 2589
f 4823 3211 6574
f 2783 1966 1472
f 5646 5647 8999
f 8931 6571 5757
f 6742 11782 12540
f 1950 2776 2777
f 4693 3123 867
f 4226 11404 13250
f 8290 7413 12133
f 806 130 2400
f 7810 11572 11663
f 6411 5936 3815
f 9919 8743 1293
f 1567 9367 10602
f 2932 2931 1729
f 12168 2212 5353
f 6632 3642 2591
f 3453 5614 2517
f 9992 6486 6004
f 2772 2773 1459
f 6146 1447 1928
f 871 3449 2511
f 871 3769 3449
f 2771 1456 1936
f 2771 1936 2997
f 10314 8790 13304
f 10959 6552 6555
f 4403 4705 872
f 2587 7804 10986
f 7828 10268 7409
f 13469 7803 4804
f 8931 5757 8134
f 10361 9312 8341
f 6847 5155 1444
f 8720 12873 7827
f 4403 872 13153
f 4579 4578 6946
f 3440 1075 3997
f 4401 1292 13153
f 1628 3999 2877
f 1952 2777 2778
f 7450 8012 7761
f 13258 3879 244
f 386 1955 1956
f 1291 5136 12770
f 1291 13153 5136
f 12541 5019 9085
f 11828 2468 12552
f 12015 13284 4971
f 11230 13093 7995
f 2431 10597 13484
f 9527 10425 9303
f 10849 9296 7995
f 10849 5759 9296
f 11231 6947 5020
f 1248 1249 2994
f 12340 4992 13279
f 1964 13364 3276
f 4749 640 463
f 13526 10868 5039
f 11059 11287 6002
f 1579 1578 11120
f 2436 8467 13095
f 2993 1446 7050
f 1447 361 1928
f 5286 5105 11647
f 11923 11057 5516
f 5759 7042 9296
f 6965 10128 13070
f 8290 12133 8734
f 4698 381 382
f 4238 382 381
f 2422 364 361
f 10173 7563 6520
f 6643 9016 7714
f 3771 13272 1295
f 940 5936 3206
f 874 4404 5914
f 3135 4407 6260
f 8661 10377 6175
f 3816 5145 3815
f 8176 6661 13304
f 2993 1247 6436
f 287 4952 616
f 4952 287 2421
f 3816 3815 5936
f 4707 617 3772
f 940 4107 3816
f 3131 3132 4402
f 5146 4823 948
f 1052 6996 8780
f 941 3207 7341
f 5108 4804 7803
f 12746 3453 12770
f 11956 3207 2268
f 5614 3453 5231
f 3453 12746 5231
f 10632 10568 12845
f 6245 9549 11648
f 2211 2718 13272
f 9532 11295 9886
f 3342 6452 8740
f 7414 8740 6452
f 1335 4176 5767
f 1628 11922 1629
f 7050 2994 5124
f 1447 5124 2994
f 4488 8661 12522
f 11385 9439 8317
f 12746 2716 11745
f 8743 4576 8742
f 13147 1315 3527
f 12746 12770 5136
f 11100 11774 12816
f 5160 5020 8739
f 3770 3132 2716
f 2993 6436 8742
f 8467 9526 13095
f 5614 1637 4992
f 12156 874 5527
f 7326 6175 10377
f 5354 11080 8175
f 3131 873 1637
f 11385 8317 6003
f 3873 3874 5458
f 10435 11917 13304
f 10859 12340 8743
f 10859 8743 8742
f 4595 9692 9710
f 4595 8290 9692
f 5514 4615 8012
f 10867 9710 9308
f 10868 13526 8790
f 288 362 2717
f 288 8988 362
f 3873 5458 9304
f 5754 7689 7684
f 3561 11258 3560
f 5565 6028 6029
f 11171 7518 3379
f 3622 6570 5753
f 6719 7341 942
f 10968 10963 13585
f 3275 2770 2769
f 10910 6508 5575
f 12421 5220 13286
f 6014 8329 6771
f 12156 8317 12168
f 1444 3873 8734
f 12541 11231 5160
f 5767 943 6719
f 3771 2212 13279
f 12541 5160 13095
f 12156 5527 8317
f 3771 13279 13272
f 11917 10132 13373
f 5958 9303 11342
f 3934 5190 7841
f 9439 12168 8317
f 13023 6130 9957
f 4007 3456 4008
f 10858 5959 6452
f 7764 10858 6452
f 9526 10761 6332
f 1249 1250 361
f 5767 4176 943
f 11400 5299 1962
f 379 12069 246
f 3645 379 246
f 9303 3291 11342
f 2436 9992 6004
f 8931 13452 6571
f 3131 11745 3132
f 6411 3815 10980
f 11828 8809 2466
f 2561 11802 6792
f 874 3773 4404
f 4496 10980 3815
f 13501 1335 4813
f 13443 6719 942
f 3790 5919 5920
f 11690 9799 10479
f 2718 3772 1294
f 3455 4708 130
f 7842 12514 7841
f 7454 10692 9532
f 6175 7817 12522
f 4113 3639 4112
f 12729 1727 2932
f 671 672 3818
f 12346 1640 4009
f 4811 12747 2588
f 672 7341 3818
f 12839 8176 9066
f 5189 3934 7841
f 7739 8660 12165
f 2515 4707 4402
f 8130 11113 11554
f 4407 3134 4008
f 5142 7817 7944
f 13420 1634 2880
f 8012 4615 9434
f 4107 3817 2736
f 5520 5519 1566
f 6174 5766 8447
f 6570 8662 12451
f 7844 5191 5831
f 6360 4365 4362
f 9898 10708 5218
f 8038 3374 12515
f 8435 10663 8549
f 1587 5048 5050
f 6036 6981 9549
f 9336 11912 8898
f 1578 8504 6862
f 8648 5387 8649
f 7306 5385 9262
f 1588 12650 9548
f 5345 7921 7260
f 8500 2848 3353
f 2250 8247 7293
f 10663 10722 8549
f 3382 6030 8338
f 3178 9633 3177
f 10180 11252 12263
f 8508 7130 8509
f 11620 3957 11048
f 8534 12854 7284
f 10232 6846 9123
f 5222 12621 10710
f 7866 8543 3167
f 12272 12686 5219
f 13342 11902 12466
f 7290 6386 6284
f 3391 8339 6985
f 6497 10148 7495
f 9170 922 10728
f 8541 11251 8965
f 11447 13410 13412
f 6040 12034 12479
f 6257 9666 13483
f 7018 8380 9169
f 8503 8509 5560
f 4776 11690 11665
f 12653 2917 10241
f 12659 11465 6385
f 1058 7501 8035
f 9547 7135 8337
f 11291 4776 11665
f 916 4995 7160
f 3958 6033 6032
f 11708 9150 2190
f 9374 10621 10562
f 12558 8898 11912
f 1581 1585 6664
f 8382 11912 6092
f 8382 6092 7622
f 12629 12534 7592
f 6024 12225 5844
f 1584 6239 8508
f 13412 5048 6236
f 5551 6015 8331
f 11215 8560 10727
f 12181 7863 9029
f 12664 8218 7900
f 5802 3789 9057
f 9556 12915 13226
f 10621 9978 9027
f 13410 6027 5049
f 12159 6273 12254
f 1379 340 2332
f 12621 9253 11650
f 7866 4056 8543
f 6026 6029 6028
f 845 11501 7280
f 8164 3360 11134
f 3790 3170 5919
f 6541 6077 12807
f 4442 12457 2243
f 3100 6362 6361
f 9151 10459 9204
f 2724 4074 11040
f 7822 13400 13494
f 10632 9474 7628
f 8093 2918 9076
f 9666 8700 8701
f 13483 9666 8701
f 13474 11183 10033
f 6378 7285 7283
f 6913 5242 10326
f 8977 3097 4359
f 6324 7809 10050
f 12628 10616 7852
f 11099 10710 11547
f 7624 13237 10488
f 2917 10949 9076
f 9401 8901 10567
f 6036 6865 5574
f 5386 7628 6392
f 3101 4369 9025
f 5059 3389 8826
f 4628 3301 1264
f 6087 12385 4074
f 5566 13530 8821
f 7164 6917 5248
f 5059 8515 11191
f 1697 5860 9955
f 7289 5860 5917
f 5804 8244 7164
f 4640 10896 10456
f 1582 6362 3100
f 10548 3871 13556
f 1686 9459 4050
f 2250 920 3790
f 8191 1687 4050
f 4450 13525 12140
f 6025 12686 6021
f 1317 918 3789
f 8807 1539 8325
f 1582 4365 4367
f 5800 4447 13330
f 13530 10456 4643
f 5566 11489 13530
f 5221 8821 4644
f 3367 8333 3370
f 1696 8980 6672
f 3101 4368 4369
f 915 3789 918
f 1697 6643 5805
f 10198 8884 5669
f 7133 11684 6241
f 825 3740 4333
f 5650 3170 654
f 8406 7038 6130
f 9232 11768 10664
f 6037 5346 6665
f 3100 3099 4362
f 11808 4369 4368
f 4630 6010 12478
f 8543 11076 5248
f 4367 12114 4368
f 841 4368 12114
f 3372 5568 12080
f 7519 6037 6665
f 7287 5367 7928
f 13192 7565 5634
f 3172 7731 6712
f 5737 2586 8574
f 3365 8330 5842
f 3161 12511 4047
f 6777 5576 5571
f 11950 13286 5220
f 3958 8513 10707
f 13330 12194 12197
f 2249 5919 3170
f 6712 12800 12879
f 6653 7101 11954
f 3172 12879 13242
f 6665 589 591
f 6665 5346 589
f 5564 10896 10149
f 9168 9829 8091
f 5364 6711 7288
f 5794 6017 3363
f 11808 11985 12271
f 3946 9539 1044
f 4643 4644 8821
f 1698 2248 3547
f 5656 11868 3540
f 5852 3580 6288
f 9232 3172 11768
f 2250 7293 5374
f 9758 10155 11181
f 1698 1317 2248
f 11062 3375 8817
f 8165 6013 5836
f 7287 8243 8980
f 3389 9148 8826
f 9955 8964 8244
f 6980 13190 5846
f 5802 12197 4917
f 4452 7929 8195
f 5365 6710 6379
f 5466 5202 8027
f 5871 5711 6586
f 2250 3790 8247
f 3389 4643 9148
f 1582 3101 6362
f 11089 5365 6379
f 12406 7929 13525
f 8814 3370 7508
f 7289 1696 5860
f 5367 8195 7929
f 2471 3370 8814
f 1696 6672 8964
f 3170 920 654
f 6861 7496 2465
f 8628 7253 6359
f 9258 10327 9029
f 1159 3663 3661
f 11560 8542 7151
f 9042 3374 13449
f 6708 6376 6375
f 11868 12693 3537
f 5372 8195 6383
f 11242 4637 13448
f 12879 4996 9396
f 7621 7592 6384
f 5581 2476 8517
f 11465 12869 6385
f 6710 6381 12194
f 5366 5368 6711
f 12515 3374 9042
f 7288 6381 6710
f 9844 8352 5088
f 9445 10615 11684
f 11251 8541 8871
f 5047 5840 2849
f 8512 6032 6240
f 11447 6978 13410
f 6579 5822 5175
f 7288 7731 4453
f 11174 13120 5070
f 5367 7287 7289
f 5367 7929 7928
f 6641 4442 13029
f 11062 8817 8818
f 3383 6982 8826
f 5563 5561 12410
f 6709 12406 8979
f 7506 8814 7508
f 6708 11089 6376
f 7286 7928 12406
f 3097 585 4359
f 6773 5562 13180
f 7859 8641 12497
f 6670 6265 12508
f 649 8534 7284
f 3172 6712 12879
f 6777 8043 5576
f 2250 5374 3547
f 2248 2250 3547
f 5372 6383 11199
f 6376 11089 6379
f 6014 13388 5558
f 3352 3350 12478
f 9791 3521 8851
f 3521 4773 5634
f 10327 6916 11669
f 13561 4598 6974
f 5358 5359 4045
f 6021 11446 12936
f 6773 6021 12936
f 6324 12090 10052
f 12921 9449 9998
f 13230 7368 7213
f 13050 9624 11220
f 7506 8034 5557
f 9232 2249 4453
f 5365 5364 7288
f 8193 2900 13350
f 5363 8979 9624
f 3100 6361 3099
f 5801 12197 9057
f 5801 13330 12197
f 3167 8543 5248
f 8810 8027 5202
f 13463 9063 8607
f 1685 1314 1313
f 10149 4633 4637
f 11664 11242 8032
f 12079 6379 12194
f 12079 12194 13330
f 11664 8032 585
f 3370 8333 10612
f 5368 7930 12800
f 6861 11799 7496
f 4956 12256 5359
f 6266 5854 12497
f 6266 11211 5854
f 6773 13180 6020
f 10563 11669 8964
f 10563 8964 6672
f 13170 10237 7769
f 6041 4644 3384
f 5370 13461 6166
f 5368 12800 6712
f 5368 12140 7930
f 12789 3964 8050
f 4643 10456 9148
f 5367 7289 6383
f 11808 4368 841
f 1317 1698 918
f 2160 1264 3301
f 6376 6379 12079
f 3367 5562 5552
f 7147 5854 6267
f 5851 12256 3161
f 3362 12679 5046
f 2182 4359 12551
f 13169 3362 3355
f 8640 5360 5361
f 5853 8640 7926
f 6911 3162 3163
f 1694 8980 8243
f 1694 6672 8980
f 2470 3367 3370
f 6708 13050 11089
f 2471 2470 3370
f 5365 11089 11220
f 10896 9756 10456
f 5364 5366 6711
f 8638 10054 7214
f 11331 7279 10070
f 10561 2710 11124
f 7735 13098 4998
f 9617 10785 11590
f 8069 9293 7555
f 9293 12036 6433
f 9293 6433 7555
f 5924 7300 7304
f 11536 9095 13523
f 9094 9093 6512
f 2189 9202 8069
f 9556 7554 11927
f 10404 4225 12010
f 10371 10368 3798
f 10366 3176 10368
f 2189 12149 12099
f 7276 13456 8048
f 7276 13475 13456
f 10366 4458 3176
f 10525 12484 3732
f 11330 11373 10069
f 12575 10784 13523
f 4573 8594 4225
f 10561 9392 12149
f 11184 11582 9400
f 7374 12492 5123
f 7735 4998 9234
f 8588 9286 13558
f 2766 11565 4221
f 8638 7214 9663
f 10786 8638 9663
f 10785 12061 11590
f 2845 11534 12620
f 7304 10366 10368
f 9278 10361 10228
f 9892 10054 12605
f 8561 10545 11880
f 10398 12274 11091
f 7375 7374 12605
f 7276 9973 13475
f 9663 4573 9323
f 4573 9663 8594
f 7368 5431 7213
f 9631 3797 3798
f 11472 10053 12527
f 9556 11927 12818
f 5153 10018 7355
f 2189 7555 9976
f 2189 8069 7555
f 10484 9333 13087
f 6380 4451 12021
f 6908 9973 9974
f 13400 12537 13494
f 3405 11303 11321
f 7701 5378 12001
f 9509 6169 5139
f 10037 10038 8528
f 12274 10398 8267
f 12036 9293 12010
f 10404 8069 7729
f 11459 8420 10824
f 6432 10785 7375
f 6432 7375 12605
f 8146 1923 7211
f 9515 13318 8275
f 6908 8238 9971
f 7894 10343 4225
f 10386 6935 5422
f 10484 11214 13590
f 12261 9094 11309
f 8069 9202 7729
f 12061 10785 6432
f 3871 11364 12110
f 7895 8594 7214
f 9196 10545 8561
f 7277 11309 9094
f 12934 10208 12469
f 13552 5588 8151
f 12061 10786 11590
f 6324 10050 12100
f 9359 9977 9938
f 9280 9188 11201
f 6936 10547 4566
f 10786 9323 7279
f 5420 9835 10385
f 5421 5420 10385
f 10749 10525 6835
f 9230 9229 11290
f 12527 9197 10674
f 7310 7304 10368
f 4975 9197 10822
f 9197 12593 11583
f 11823 3403 10619
f 10547 10398 5885
f 12183 6923 9032
f 10813 12939 9951
f 9659 8689 10534
f 5387 9279 12614
f 11983 10671 8457
f 12537 13400 9381
f 4647 10281 7528
f 9026 7531 10156
f 3177 10490 13216
f 9653 357 10792
f 9653 8587 357
f 8650 10792 13052
f 8652 9653 10792
f 10095 10374 4463
f 8268 7351 5943
f 11179 8581 12850
f 3179 13228 2255
f 7960 7959 8456
f 5421 9514 5420
f 13052 10792 13331
f 10017 5421 10385
f 10018 11472 6730
f 10371 7312 7310
f 11150 10166 8067
f 5297 1245 5121
f 10435 8790 9307
f 10753 8596 9595
f 13113 10511 11370
f 12586 9350 10511
f 8596 12954 9595
f 12595 13479 7054
f 10770 8787 6000
f 8932 9179 11177
f 9301 11747 8285
f 6592 8946 11485
f 12923 11180 9494
f 11461 6943 9422
f 13541 11383 9680
f 11369 9352 11180
f 8581 10984 10005
f 10411 5445 7974
f 10411 7974 3632
f 12193 9595 13114
f 8282 11747 6943
f 6943 11747 4586
f 9352 9494 11180
f 8141 3203 9589
f 4579 3273 3875
f 935 11025 3804
f 7390 11461 8284
f 10086 7335 8665
f 9679 11227 9595
f 1270 2167 6345
f 6836 12587 10757
f 7752 3287 9877
f 6222 9010 9309
f 11383 11356 4584
f 11383 4584 9680
f 13541 12796 10753
f 11350 8416 7974
f 5445 11350 7974
f 5445 8282 6943
f 4593 9142 7463
f 6223 5193 9441
f 11350 5445 11461
f 10439 11711 12590
f 13541 9680 12796
f 12923 11356 10512
f 2266 8140 11382
f 7390 8284 10850
f 12632 4494 938
f 11227 10753 9595
f 5934 8259 9873
f 7331 12625 9875
f 9104 7334 8121
f 9679 11381 11227
f 11227 13541 10753
f 5101 7717 6631
f 6334 10763 9894
f 9492 11178 11370
f 10233 10307 4278
f 4105 8581 11179
f 3184 6924 6925
f 10850 8723 6445
f 12632 938 11221
f 10655 5898 10653
f 10086 11375 10800
f 10086 11221 11375
f 13114 12954 12944
f 3079 4338 2173
f 3735 10528 12485
f 3735 13458 10528
f 11165 12641 10593
f 2266 10800 11375
f 2266 11375 10516
f 9422 4586 5448
f 11187 4607 11126
f 9035 10258 6929
f 6398 7940 4478
f 13260 13464 11561
f 6124 6302 7190
f 11362 7974 8416
f 11090 10086 10800
f 10410 4584 9494
f 4584 10410 7390
f 7390 10410 11461
f 2266 10516 8140
f 4494 10512 938
f 11178 11369 11370
f 6943 4586 9422
f 11362 11179 3632
f 7669 13601 13380
f 12796 10850 6737
f 6737 10850 6445
f 10684 5308 13559
f 11369 11180 11370
f 9422 5448 8284
f 13113 4494 10511
f 6949 13024 3350
f 11090 7335 10086
f 9680 10850 12796
f 1719 7885 5880
f 5503 6958 9432
f 8219 3024 8731
f 10685 10683 10118
f 8793 10685 10118
f 10411 3632 7692
f 10411 7692 5444
f 9295 10411 5444
f 4105 11920 3628
f 5531 11593 8798
f 4621 6966 8786
f 10869 10857 6004
f 3339 8993 1567
f 10509 11369 11178
f 10509 11178 10508
f 6695 5305 3283
f 13466 8417 10091
f 12923 10512 13113
f 12923 13113 11180
f 6133 3194 5930
f 10605 2844 8495
f 10509 9352 11369
f 10509 10508 4105
f 4279 4586 11747
f 6312 5285 6311
f 4593 7463 7464
f 4593 7464 7753
f 10252 11123 6899
f 6836 10528 13458
f 5751 5749 10083
f 7691 10221 9587
f 7691 1494 10221
f 8259 5934 9510
f 5274 5140 7322
f 6313 2265 12691
f 6965 8316 3337
f 4576 1927 8742
f 7686 9035 8136
f 12507 8177 8178
f 10268 3895 11342
f 11795 8171 12158
f 10132 9308 7456
f 6592 3744 5898
f 795 12291 4557
f 6928 11640 1330
f 3292 13476 12919
f 9720 3936 10272
f 4176 1198 943
f 12911 6137 9491
f 12017 1633 6369
f 8722 5759 10849
f 13100 8722 10849
f 10869 9707 11287
f 8134 3623 10294
f 13476 11204 8737
f 6529 1688 9789
f 13578 4806 5753
f 9875 4492 5107
f 12438 3274 3875
f 2431 13484 8289
f 2213 617 4709
f 3273 12438 3875
f 4993 4407 3135
f 6135 1720 8210
f 5749 12572 6176
f 11456 5895 11949
f 6683 9080 8580
f 2265 6312 13445
f 7888 5883 10243
f 8932 7690 13054
f 5106 5751 9180
f 8411 10083 7332
f 9918 13188 9436
f 11643 11230 5955
f 6137 9681 10413
f 10597 10413 9681
f 3127 3128 869
f 6852 8289 2800
f 12540 11782 8733
f 5020 6947 5959
f 6736 9671 12897
f 11125 1444 12236
f 11782 11125 12236
f 1248 360 1249
f 13526 9307 8790
f 9527 9303 5457
f 7042 7685 9296
f 7685 7042 5758
f 2930 10047 7890
f 7751 3287 7828
f 8931 8134 4807
f 8733 12133 5457
f 4498 2935 2934
f 5240 7861 5073
f 5757 11177 8412
f 5759 3623 8412
f 2995 1934 2996
f 5754 11292 7689
f 6137 12911 9681
f 10982 4806 4807
f 8737 10857 8738
f 10869 8738 10857
f 8931 13578 13452
f 7751 7828 12873
f 5621 7638 12876
f 10611 10613 13316
f 9212 11342 3291
f 2431 11015 7977
f 5565 6029 1059
f 3914 4598 13561
f 5829 9366 9367
f 2587 10986 10987
f 10993 12310 1074
f 8737 8738 8736
f 9877 9490 10294
f 13560 13477 9524
f 10982 11292 4806
f 5701 3571 5088
f 11260 10492 10289
f 3564 12671 9478
f 11761 7639 8853
f 11760 10700 7473
f 11772 12429 12482
f 8907 7875 8854
f 8652 8650 7313
f 11495 7884 2928
f 9902 10740 5276
f 6876 13367 6297
f 11111 11049 3602
f 8003 7755 12033
f 12544 11549 2457
f 8878 8877 12263
f 6294 6876 1710
f 89 2336 88
f 13335 89 88
f 13014 10441 3942
f 6095 9845 7638
f 13508 10275 10140
f 5834 12232 8019
f 6677 12469 11042
f 11066 11450 8110
f 4770 4768 5627
f 9904 12655 11905
f 8766 7754 8003
f 1578 6664 8504
f 7099 821 8752
f 4790 6096 3573
f 4630 6489 6010
f 6949 5963 13024
f 4790 6628 8390
f 8541 8965 916
f 7742 7823 11591
f 7226 6339 7224
f 13561 1056 6769
f 13513 12253 7716
f 12421 13286 6040
f 6973 2849 5840
f 757 12299 1207
f 8565 6290 5269
f 11910 4382 7784
f 6274 12228 7161
f 8352 9791 8851
f 4981 6208 12847
f 5270 8390 8391
f 6099 5717 8393
f 8570 6299 5277
f 7664 6108 7799
f 7792 4058 8877
f 8100 12780 12795
f 7638 5266 7640
f 6949 5481 3303
f 11691 5651 12263
f 10123 7429 6464
f 6677 10962 12469
f 9476 8651 10203
f 12869 3538 11972
f 5207 1057 8329
f 13024 8292 12843
f 8310 7442 6475
f 3365 5842 7850
f 6554 10731 11042
f 11761 6998 3573
f 5205 1057 6663
f 7475 11082 3943
f 5534 12235 13538
f 7754 3312 8003
f 12254 6273 12181
f 6820 6104 6109
f 8564 7876 5267
f 8805 5204 7847
f 4770 5627 6526
f 7795 1705 6097
f 9541 6014 6771
f 5978 5972 8298
f 11066 9051 5092
f 12235 11797 7228
f 4082 11261 8854
f 6229 3353 7490
f 5696 10492 4076
f 8564 2574 3579
f 11520 8751 8292
f 2170 11351 11082
f 9697 8752 8753
f 11454 7101 3305
f 12375 5050 5049
f 8600 6445 8724
f 6207 6208 6653
f 2925 13460 3599
f 5981 10600 6470
f 4083 8390 5270
f 8805 6488 7487
f 7848 3953 6772
f 12385 9075 4074
f 9803 12629 10479
f 3957 12080 11171
f 2566 12659 9625
f 10457 9547 11684
f 9259 8542 11135
f 3373 5568 3372
f 1581 6664 1578
f 9576 8104 13515
f 10962 11596 12469
f 10174 11831 9460
f 5551 8331 8330
f 5822 6579 824
f 7587 6069 11928
f 8753 821 6009
f 5088 3571 11433
f 2562 907 8852
f 90 12934 10210
f 11951 4092 5736
f 5876 2925 6108
f 3382 6242 6034
f 11813 11784 9570
f 6199 8603 7704
f 6034 8336 6030
f 6241 8510 5568
f 12670 10930 9799
f 10174 13107 8866
f 12128 1134 7642
f 11775 8401 7799
f 11468 11763 11487
f 4548 1848 12175
f 5634 11659 8851
f 5206 5209 5841
f 5963 8292 13024
f 8867 8860 5644
f 8098 3576 7145
f 11928 9160 8868
f 12544 2457 12543
f 1555 13288 12160
f 6526 6551 8907
f 9476 2255 8651
f 5974 5174 8762
f 13014 6967 10441
f 7185 1708 6679
f 8609 7904 11510
f 8907 6551 5703
f 10499 11695 7188
f 10499 8923 9583
f 6617 5621 12876
f 2456 7229 5325
f 12852 6959 5507
f 8404 3606 5396
f 13374 3927 6214
f 7566 9786 6522
f 6294 11666 12461
f 5728 12081 3593
f 8486 12482 12429
f 5325 7229 13454
f 1386 2337 12175
f 12234 11131 10633
f 6652 12786 2824
f 8611 11797 12947
f 4346 10876 3944
f 1543 5201 5463
f 6290 7640 5266
f 4082 8854 7875
f 12840 7507 8035
f 12126 7492 6771
f 11951 13287 5278
f 5315 11982 8469
f 8309 3315 6955
f 2457 7229 10126
f 8611 12947 7474
f 7796 8395 8391
f 7755 3312 9430
f 6468 12223 4606
f 6150 7452 10025
f 12659 2566 2567
f 10930 9798 9802
f 13120 11532 11498
f 12670 8863 9793
f 7772 5844 11048
f 7133 5565 1059
f 9830 13036 9625
f 9737 6009 9444
f 9541 6771 7492
f 11579 2564 11532
f 6207 6653 6579
f 7754 7428 3304
f 8805 7487 8499
f 7577 8859 6064
f 6018 10705 5842
f 3354 3353 2848
f 6287 6288 5262
f 6465 11519 2450
f 6100 4085 5272
f 12840 9541 8031
f 6670 4955 12533
f 12436 5358 4049
f 3526 6070 9791
f 8502 6233 5558
f 12147 12951 6068
f 11856 7490 3353
f 4790 3579 6096
f 11120 3953 5206
f 12097 5633 8853
f 4083 5873 7876
f 5314 8469 6227
f 7574 7582 11689
f 7574 3520 6999
f 12148 7023 10809
f 3726 4901 2679
f 5696 4076 10953
f 8276 7373 7824
f 4223 12609 7373
f 13329 13234 7784
f 10919 8844 10920
f 5697 3564 9478
f 13310 13385 12658
f 8387 11260 10289
f 7369 6183 3268
f 5696 10953 9840
f 6286 12618 7024
f 3564 10952 10491
f 3564 5697 10952
f 5697 9478 4076
f 5948 8274 8591
f 10954 8094 11784
f 6939 11591 13178
f 6094 9050 9841
f 10388 7955 10954
f 7955 10388 2413
f 10730 8386 11784
f 12735 2682 2680
f 13178 7372 8273
f 4462 9050 11131
f 1259 1258 461
f 11131 6094 10633
f 12104 13385 13310
f 2309 3249 4543
f 11157 13329 11526
f 1502 11736 2050
f 3655 689 3822
f 2257 3182 3801
f 11813 8203 10633
f 3249 2309 4542
f 6183 8692 3268
f 11203 7081 8455
f 8203 11813 9570
f 2259 1322 4466
f 12526 9114 13558
f 5696 9571 6814
f 5696 6814 10492
f 6286 8386 10730
f 11260 5087 12580
f 8273 8274 13318
f 9417 10809 12501
f 7055 1257 13156
f 13436 3515 4766
f 5697 12580 10952
f 12148 10289 10492
f 7961 8681 12500
f 10622 5607 6786
f 9417 12501 13482
f 10730 6094 9841
f 8386 7024 9655
f 9360 13228 8156
f 7023 6814 8388
f 656 8906 8905
f 10388 6939 2413
f 8273 7372 8274
f 8385 5386 12234
f 12473 10808 8387
f 10808 12473 10264
f 10265 4222 7743
f 12560 8906 6395
f 7055 3295 3025
f 10953 9832 13312
f 10953 9478 9832
f 12560 9571 9840
f 12560 9840 8906
f 12456 6183 12501
f 12501 6183 13482
f 12234 7308 10370
f 8385 10633 8203
f 8385 8203 9477
f 12148 6814 7023
f 9417 13482 9662
f 9662 13482 9516
f 12148 10492 6814
f 8844 10167 10920
f 8844 12524 10167
f 3181 6395 6396
f 12893 5699 8388
f 12320 12321 2685
f 4572 3268 8692
f 6286 10730 9841
f 11591 7823 13178
f 13178 7823 7372
f 2070 2067 483
f 2307 727 13504
f 4024 3778 5066
f 998 997 7076
f 2224 4427 2226
f 2284 4865 2642
f 4903 4902 7076
f 2070 483 484
f 729 2961 2307
f 2064 1512 1513
f 891 638 1664
f 487 2071 2073
f 2650 3687 2649
f 2071 2070 2073
f 1786 2682 12735
f 478 3296 2064
f 486 4905 2650
f 1518 11608 5310
f 3488 3490 639
f 2064 3296 1512
f 3684 1174 2647
f 489 13431 11959
f 3486 3488 639
f 11422 3847 2313
f 1812 1814 2680
f 1787 2682 13143
f 3149 2225 11624
f 634 4424 4423
f 300 1517 495
f 4523 300 495
f 11429 734 53
f 1833 2753 1202
f 4869 1784 2644
f 10451 10452 13090
f 726 3247 2679
f 3779 3475 4734
f 2073 11959 13431
f 710 12367 8985
f 4902 3840 8956
f 2055 1507 470
f 6721 1788 8956
f 2306 2962 2304
f 2084 500 2083
f 2065 2067 2068
f 3035 3034 2087
f 1664 638 4428
f 727 1787 13504
f 12115 12757 978
f 10997 12371 299
f 892 891 1664
f 489 10997 492
f 3840 6834 999
f 1658 1659 3147
f 2681 11947 4906
f 3727 726 1813
f 11899 1664 4428
f 7761 8012 9434
f 8943 473 476
f 13469 5747 7682
f 3149 638 891
f 2961 2962 2307
f 4901 3723 1812
f 3149 891 11019
f 2281 1352 2744
f 3149 11019 2225
f 4780 5665 6543
f 12368 4524 1788
f 1659 2226 3148
f 4871 3232 2291
f 4904 2306 2305
f 4904 727 2306
f 4904 2305 3721
f 3484 11431 637
f 13151 637 11431
f 2968 2753 2970
f 1658 3146 1659
f 2442 1505 467
f 3799 11438 2258
f 12325 2223 635
f 6721 3840 728
f 4902 4903 6834
f 1659 3146 2226
f 2290 12368 4870
f 5347 6160 7536
f 6721 3686 2952
f 8985 2288 12222
f 3229 12367 2285
f 729 2307 13504
f 6721 728 729
f 4901 3726 4900
f 3723 1814 1812
f 4183 738 3250
f 1813 2306 2304
f 12756 2893 4428
f 3685 3232 2292
f 1517 300 1518
f 1813 2305 2306
f 1175 1787 13143
f 12371 489 11959
f 299 298 2649
f 299 12371 298
f 2683 1195 3246
f 490 2075 493
f 3721 1812 2680
f 3146 2224 2226
f 11852 3149 11624
f 1786 13143 2682
f 11852 11944 637
f 3486 11431 2542
f 4522 3685 978
f 12115 3687 998
f 490 13431 2075
f 4522 978 12757
f 487 13431 490
f 2962 2961 1359
f 3227 3226 2744
f 12115 978 3687
f 3682 3681 11605
f 486 298 1515
f 298 486 2650
f 2079 493 2076
f 3229 3230 7344
f 12115 7076 8956
f 2076 493 2075
f 2090 11941 3035
f 3683 3684 4151
f 3726 3247 4539
f 2067 2064 1513
f 2065 2064 2067
f 728 3840 999
f 1662 11019 8963
f 6905 3103 13162
f 6238 842 7536
f 3094 6158 4989
f 8334 10614 8335
f 1656 4424 4028
f 8957 12736 2752
f 6238 7536 6160
f 10898 838 11675
f 2067 1513 483
f 1508 11617 5162
f 476 1511 2059
f 3451 2210 4004
f 11947 2681 296
f 12344 2439 1258
f 2050 461 2439
f 4907 1196 467
f 2257 11055 4465
f 300 1353 499
f 1518 300 499
f 300 4523 1353
f 12115 4153 12757
f 12115 8956 4153
f 4904 2682 727
f 2058 2057 2059
f 474 2059 1511
f 13280 2687 10390
f 4901 3721 2679
f 3485 3488 3486
f 1661 4427 1662
f 299 2649 2292
f 298 12371 1515
f 298 2650 2649
f 10997 489 12371
f 4871 495 2292
f 10997 495 1517
f 492 10997 1517
f 3846 51 735
f 3846 5413 1825
f 11841 3477 48
f 11743 51 50
f 3846 50 51
f 2315 1202 1828
f 2811 2444 503
f 12333 4730 12707
f 8506 11674 10704
f 6278 5251 13048
f 3381 7699 7774
f 4641 8633 5567
f 13039 1699 7870
f 12043 6528 8857
f 6085 12121 13039
f 10151 7509 13543
f 11525 4600 8026
f 1278 3751 3376
f 5652 8363 1318
f 6545 13048 8545
f 7007 9256 7152
f 12091 9752 10894
f 7158 9465 10330
f 4642 4370 8633
f 9069 9751 11675
f 5962 6455 12835
f 12052 9237 11787
f 6152 11075 6837
f 6781 5347 7536
f 6235 5214 7129
f 10901 12638 2473
f 9748 11828 12552
f 6545 4059 4063
f 9921 10610 5545
f 9069 9542 11546
f 1699 12121 4063
f 11942 5055 2183
f 10898 11683 838
f 7152 9256 8540
f 10901 7513 12091
f 7596 6804 8544
f 11675 838 840
f 2473 2474 7259
f 7156 5645 6673
f 3532 11102 10719
f 7774 11942 7259
f 10894 12637 12638
f 1280 2854 8633
f 6235 7129 9543
f 12121 7596 4063
f 6503 8822 8815
f 8075 5631 9219
f 5655 6542 11158
f 12121 6085 11751
f 11869 12475 7997
f 10329 7867 9465
f 10884 6492 9038
f 5649 10041 11500
f 7859 12497 7926
f 11102 3536 10719
f 3381 5054 12458
f 11106 7012 11158
f 9560 5243 10283
f 4628 13573 1274
f 5658 6543 7594
f 11474 10031 6232
f 4372 5214 7263
f 13171 7572 9789
f 5553 10891 12266
f 10358 4372 7263
f 11855 7575 13574
f 4062 1129 6540
f 9256 1127 8540
f 8236 6905 13162
f 7814 5845 1280
f 5659 6082 7789
f 8505 840 6701
f 3104 13162 10358
f 1280 5845 2854
f 10901 10894 12638
f 4062 13039 7870
f 8507 9543 7129
f 7570 10173 12865
f 10895 8815 9754
f 11915 9561 8364
f 13039 12121 1699
f 11166 12458 10359
f 5656 7788 5076
f 3168 2906 12022
f 10902 10151 5567
f 7012 6801 11158
f 12832 11118 8632
f 6904 11674 8506
f 9562 12447 10329
f 5658 12094 6803
f 12340 9622 4992
f 7789 7011 7012
f 11106 7789 7012
f 7596 6545 4063
f 10358 3103 4372
f 8505 6701 6235
f 9256 5245 1127
f 5795 7699 3381
f 8084 4780 7166
f 7157 3532 10328
f 8505 6235 9542
f 13080 6137 10413
f 12788 4947 2853
f 10359 12458 5054
f 7157 7158 10330
f 11777 5075 7155
f 3536 6540 1129
f 8039 4370 4642
f 5075 11777 10283
f 10899 7509 10151
f 9562 9561 5249
f 12788 5567 2854
f 6278 13048 8544
f 5649 6801 7012
f 10902 8819 10899
f 5347 7263 6160
f 3752 8507 7129
f 3536 11102 6540
f 12788 2853 8823
f 7596 8544 6545
f 12867 5641 8861
f 11442 7860 5639
f 1129 4062 5861
f 4062 7870 5861
f 6279 6278 8081
f 12430 5662 7007
f 6082 7591 7011
f 6082 3539 7591
f 10359 5054 2474
f 10610 2464 6011
f 9562 5249 11751
f 7774 7259 5054
f 3381 7774 5054
f 10039 12886 8364
f 10039 9465 7158
f 6235 6701 5214
f 5254 6279 8081
f 5796 5797 8041
f 10899 5559 7503
f 10175 1690 8194
f 8505 9542 9069
f 8041 5797 4371
f 5133 5796 8041
f 11106 4780 7789
f 3536 5655 10719
f 12121 11751 7596
f 2908 7712 6871
f 7712 2908 4060
f 10358 13162 3103
f 9807 8880 6676
f 4780 11106 7166
f 9807 3536 8880
f 9807 5655 3536
f 1047 4988 6198
f 6624 8881 5377
f 7712 12430 11481
f 12447 13039 4062
f 12447 6085 13039
f 5250 5251 6279
f 8545 5251 5253
f 11508 8998 8864
f 8029 5550 8030
f 5662 7712 4060
f 3539 5658 6803
f 5658 7594 12094
f 10041 8080 7156
f 8334 8335 2473
f 5659 7789 4780
f 6346 8492 9088
f 9489 10797 5405
f 6085 9562 11751
f 10902 10899 10151
f 9561 9562 10329
f 5249 9560 10283
f 6621 11790 7155
f 6621 9257 9559
f 6621 7155 5074
f 6621 9559 11790
f 8051 10358 5347
f 13399 8846 3516
f 5250 6279 4060
f 2468 10894 9752
f 2447 12440 9695
f 6802 6279 5254
f 7129 5214 4372
f 5250 7869 5253
f 12153 10328 10719
f 5247 12153 7864
f 12153 10719 5655
f 13090 10454 7509
f 12118 2183 4371
f 6075 8080 4777
f 11106 6542 7166
f 8039 4371 5797
f 11580 9256 7007
f 11915 9560 9561
f 11102 7867 6540
f 11942 2183 7513
f 11102 10330 7867
f 5251 6278 6279
f 13048 5251 8545
f 5251 5250 5253
f 11580 6276 5245
f 11580 5662 6802
f 5250 2908 7869
f 5203 7125 6230
f 9749 9748 12552
f 7786 5243 11915
f 5243 7786 5244
f 5649 7011 10041
f 6801 5649 7864
f 12091 7513 6503
f 6503 7513 2183
f 6503 2183 12118
f 12153 5655 11158
f 12153 11158 6801
f 8039 4642 8822
f 11102 3532 10330
f 8505 11675 840
f 6082 7011 7789
f 12911 9876 11115
f 11486 11522 10061
f 9383 6897 6898
f 7233 10350 11550
f 1451 1250 1930
f 4176 1197 1198
f 4579 3875 4578
f 2596 12737 679
f 11177 9179 5758
f 11418 4280 5956
f 1249 360 1250
f 5958 5457 9303
f 3131 1637 11745
f 2882 4008 4405
f 9876 7689 11292
f 2800 5956 6332
f 12352 1956 12353
f 1627 3128 3127
f 12617 3287 7752
f 9946 6852 9599
f 4097 8123 5745
f 9876 11292 11115
f 13484 7827 2800
f 9490 4807 10294
f 1626 1624 3125
f 7042 11177 5758
f 365 1450 363
f 365 363 4908
f 6852 6332 9599
f 6411 10980 9179
f 1633 4400 5352
f 3770 2716 1292
f 6859 7707 9010
f 6222 12507 9010
f 1199 943 1198
f 136 1628 2877
f 10982 11115 11292
f 385 386 1956
f 1453 1452 1451
f 5935 11738 2268
f 4577 4578 6847
f 4814 2270 1002
f 13258 12715 4227
f 11738 10980 4496
f 4577 6847 1444
f 12023 10980 11738
f 1932 2995 2770
f 1931 2769 4226
f 7409 9212 4280
f 4814 242 2589
f 12911 11115 13408
f 10982 4807 9490
f 5352 1635 4005
f 4499 1197 3820
f 12023 7685 5758
f 8932 5757 6571
f 6742 12540 3895
f 8135 7685 12023
f 5456 11643 5955
f 8135 12023 11738
f 12023 5758 9179
f 11643 5456 6946
f 11230 7995 5955
f 11125 11643 4577
f 12023 9179 10980
f 11125 4577 1444
f 4806 11292 5754
f 11418 7409 4280
f 4578 3875 1445
f 3819 12364 941
f 3275 4227 1932
f 4229 5298 1935
f 8931 4807 13578
f 13080 9879 9491
f 12438 1248 2994
f 11015 3288 11980
f 249 2738 3651
f 12335 3640 3638
f 6847 4578 1445
f 1950 2777 1952
f 2271 12970 13155
f 3875 3274 1445
f 8411 3810 6311
f 2510 3448 12017
f 3275 1932 2770
f 1199 3819 943
f 1199 1334 3819
f 9967 11766 6898
f 4545 4815 2591
f 1457 1939 5298
f 1450 365 1449
f 10015 3813 11502
f 4577 11643 6946
f 5239 6870 4957
f 379 3209 247
f 379 247 1465
f 1627 612 613
f 2688 4908 1197
f 9877 10294 3623
f 2468 9752 12552
f 10986 9879 10987
f 3274 7050 1446
f 1460 11731 1942
f 2963 3728 4114
f 9442 13473 5532
f 3879 4227 1454
f 2737 1335 13501
f 3879 13258 4227
f 4398 2878 4399
f 368 4229 12715
f 7828 7409 12873
f 10982 9490 13408
f 3643 4817 373
f 3275 1454 4227
f 6141 677 3648
f 3879 1454 3877
f 1082 4000 1630
f 13340 13278 12445
f 5436 4579 6946
f 2800 7827 5956
f 3895 12540 11342
f 2587 7041 7804
f 5956 9085 5019
f 4229 1935 1934
f 11782 12236 8733
f 10455 13222 12049
f 8932 6411 9179
f 11796 3938 8494
f 8932 11177 5757
f 1463 4234 4232
f 1939 8939 1942
f 3819 941 6719
f 2737 12970 3820
f 4806 13578 4807
f 6744 8748 2449
f 6063 11035 3160
f 11162 6529 9789
f 3299 12692 2449
f 6529 11437 8078
f 7571 7570 12865
f 4962 11036 5392
f 13303 7579 5642
f 8539 1693 13577
f 11645 2560 9788
f 10451 8029 10452
f 7499 5549 7497
f 9749 9752 6501
f 12702 5645 11599
f 5234 11023 8192
f 5632 8356 6269
f 8070 5089 7563
f 9038 7489 5962
f 13453 7417 5467
f 7497 6491 12909
f 8354 3519 3523
f 12251 12821 11655
f 6065 7002 13173
f 8747 11655 7417
f 5676 9470 11567
f 6870 7153 4957
f 11828 2467 2468
f 5624 1126 9788
f 11789 7150 12516
f 11656 12825 5234
f 6264 3184 6925
f 11119 11892 11977
f 9749 10892 6498
f 10703 9751 9069
f 2561 13399 3516
f 12509 7860 2903
f 8357 12828 4052
f 8744 3299 8745
f 8744 8745 5474
f 1693 12806 7865
f 10703 9747 9751
f 7860 11442 7584
f 7127 10320 7128
f 12251 12835 12821
f 7497 12909 11525
f 11986 10611 6976
f 8749 8744 5474
f 8749 8761 12475
f 4634 8812 10454
f 10451 7503 5553
f 10452 4634 10454
f 3300 5164 7425
f 10703 11546 6232
f 11023 12465 7005
f 7572 5232 9789
f 6744 5467 8748
f 2464 8326 8291
f 7579 2899 5856
f 10703 9069 11546
f 8030 6770 6493
f 11525 8026 5550
f 8353 2246 5640
f 5073 5074 5244
f 1404 5009 1019
f 5203 6230 7846
f 7570 5630 10173
f 6071 5646 9795
f 6797 5638 6795
f 7255 5343 7254
f 7861 12509 2903
f 10175 5238 12702
f 12692 8291 8326
f 8028 8029 12550
f 8538 7159 10717
f 5631 5069 9219
f 11437 2902 6870
f 11798 6744 2449
f 11869 8749 12475
f 6869 8847 13173
f 13125 6975 5548
f 2365 346 345
f 6744 13453 5467
f 10451 13090 7503
f 11437 6529 8354
f 13303 6065 13173
f 10892 9749 10895
f 11474 12095 7127
f 7149 2902 2563
f 9921 11890 2467
f 12450 9864 11976
f 5624 12446 3183
f 13453 8747 7417
f 8747 12251 11655
f 6520 7563 8350
f 6269 11023 5234
f 1693 8998 11508
f 8076 4772 6620
f 8026 6770 8030
f 2901 5236 8192
f 5961 6011 2464
f 835 7493 6492
f 8849 5856 2899
f 6971 5545 6011
f 10928 178 12823
f 10452 8029 8028
f 9747 11083 9743
f 5546 11889 3357
f 5238 10175 8194
f 13090 10452 10454
f 10891 10898 9751
f 10891 5559 10898
f 10891 5553 5559
f 2466 8326 2464
f 5630 5238 8194
f 11162 3519 8354
f 5624 9788 12446
f 11474 12191 12095
f 7562 5236 5622
f 10610 6011 5545
f 11798 8025 6744
f 9276 1047 5164
f 8026 8030 5550
f 5247 12806 12516
f 8609 7905 7904
f 8849 2561 6792
f 13125 5548 5545
f 7493 6158 6492
f 7125 4990 12787
f 5630 7570 6268
f 7499 10451 12266
f 4957 7153 1127
f 8029 8030 12550
f 3094 3300 5469
f 3575 8389 9846
f 5236 11656 5234
f 12702 6674 5645
f 9922 5549 12266
f 5203 4988 4990
f 10452 8028 4634
f 5239 11442 8078
f 7124 6231 10031
f 12692 3299 8291
f 12865 10173 6520
f 5176 9987 8483
f 9994 11889 5546
f 7497 5549 6491
f 9749 6501 10895
f 9743 10884 9922
f 7499 12266 5549
f 835 8501 7493
f 13020 12825 12957
f 9747 10703 11083
f 7491 6493 8025
f 7498 7491 10885
f 7498 12550 6493
f 4957 1127 9257
f 7150 7158 7157
f 11474 6232 12191
f 179 178 10928
f 178 179 2363
f 11474 7127 7124
f 4053 6621 5074
f 9787 8071 11945
f 5232 9281 1125
f 10885 6948 8809
f 12702 8864 6674
f 7498 10889 12550
f 9860 11458 10497
f 1019 3856 2365
f 12825 6269 5234
f 8208 11136 13247
f 7113 10025 7452
f 2166 4329 5486
f 1853 1852 4970
f 9063 4332 8607
f 4602 1266 12339
f 6127 11946 11453
f 3069 1557 9021
f 6131 4095 5880
f 4344 8794 9602
f 11522 5036 11463
f 13205 5129 11058
f 10212 661 8654
f 4329 11234 5493
f 10212 8654 5393
f 5391 5626 11971
f 9863 12196 10546
f 6818 5708 7646
f 3576 8389 3572
f 7223 6857 1546
f 3803 1325 1326
f 3069 3068 12019
f 3190 1712 6400
f 6660 12462 6894
f 9130 10763 9717
f 9130 9717 8798
f 4797 4794 10211
f 7222 5816 5166
f 10125 9432 6954
f 11994 8256 9404
f 3743 13214 13175
f 3321 5986 5989
f 13568 13277 2831
f 819 6651 831
f 7224 6339 5317
f 7436 10125 6954
f 8305 4611 1270
f 5506 7759 6957
f 12857 8763 11862
f 1557 4334 9021
f 11473 5896 5992
f 7227 5321 7225
f 931 932 12977
f 5503 11463 11658
f 6407 4490 3197
f 5930 12082 5004
f 659 660 658
f 4467 5626 5391
f 12042 11969 5471
f 577 11744 5128
f 12206 3072 9021
f 9601 9088 10062
f 5033 5993 5989
f 2732 2733 1327
f 935 932 931
f 13392 6717 666
f 13319 3615 11806
f 5496 8769 8004
f 6467 5489 5486
f 6717 668 666
f 12020 12206 6342
f 2732 1327 1326
f 12020 3072 12206
f 935 931 3803
f 2733 666 668
f 5035 5185 2458
f 11025 1326 1327
f 10432 8786 5523
f 13260 9272 13464
f 11629 7321 5881
f 10793 7318 11698
f 1050 3317 5987
f 7941 12499 12498
f 2731 4920 2732
f 2242 905 11925
f 7874 3185 5264
f 7941 12498 12905
f 1715 11167 10794
f 1719 5880 4095
f 935 3803 11025
f 5986 9213 5989
f 10506 11068 10293
f 4480 12498 12499
f 8308 5031 9213
f 5328 8946 13187
f 11128 8347 12939
f 6401 2733 2732
f 11167 8655 10794
f 9602 10062 12903
f 5930 5141 12082
f 1557 3069 12019
f 7942 9635 10795
f 5477 12512 3306
f 6398 9909 10080
f 6483 12417 6580
f 7942 10795 7321
f 9064 8301 7758
f 13293 7282 1692
f 10793 7319 10794
f 1709 9404 1713
f 936 1719 6717
f 13214 6610 3327
f 5503 11658 6958
f 936 6716 4480
f 4612 8304 11126
f 8304 4612 13221
f 9064 3317 13025
f 8946 13175 13187
f 9064 7758 5987
f 5927 8657 8256
f 9979 5927 8256
f 13068 10292 7947
f 4338 9086 6342
f 10641 11587 3608
f 13183 11628 7704
f 8302 8308 5986
f 659 661 660
f 5983 7106 8005
f 4999 5001 5264
f 4938 13117 5793
f 6402 9405 5141
f 6402 5927 9405
f 6756 7433 6957
f 8157 5745 5395
f 935 3804 12363
f 9064 5987 3317
f 5896 6484 3321
f 6402 5397 1328
f 8072 5070 11498
f 5033 5185 5993
f 3523 3519 6262
f 6463 7430 6606
f 12542 575 576
f 6401 4920 7653
f 5506 2458 7759
f 8655 10080 10794
f 10535 9415 1442
f 11192 9553 11303
f 9060 8272 10392
f 8795 10767 8794
f 6479 1050 5987
f 13182 13332 11310
f 10535 6937 9415
f 8123 3193 5395
f 7461 10250 13260
f 3336 7469 9143
f 13205 12571 8785
f 13247 3193 8123
f 5185 5035 5184
f 9659 10534 10097
f 11078 8169 11960
f 12651 12939 8347
f 10535 10587 6937
f 11266 9488 3620
f 6109 7034 2585
f 3921 3922 4332
f 3804 1717 12363
f 3805 1717 3804
f 5035 2458 6610
f 6131 9102 6309
f 6363 4913 7502
f 13321 4470 6714
f 2837 6484 5896
f 5967 8758 6950
f 1050 6484 6216
f 5185 11496 5993
f 2731 1326 1325
f 1050 6479 6484
f 9086 6345 2167
f 3741 3073 828
f 3073 3741 2168
f 5036 11658 11463
f 9874 12640 13034
f 7912 6000 11913
f 10797 10082 5405
f 6309 9102 4489
f 11865 4986 7909
f 5144 11886 11758
f 6566 12960 937
f 4489 3197 2734
f 9086 2167 6342
f 6755 7436 6954
f 10653 9201 10251
f 6197 8470 5023
f 13491 6660 5998
f 7436 6755 12125
f 10125 12513 9432
f 13392 7653 6715
f 5506 6610 2458
f 3073 4334 828
f 6402 3194 5397
f 9426 8730 7991
f 7811 2046 7216
f 12632 11221 10085
f 6178 6131 7330
f 7231 11522 6345
f 11720 9638 12607
f 7060 10296 7059
f 11522 11463 6345
f 2168 4338 6342
f 4338 2168 2173
f 4489 2734 5742
f 6829 10978 7043
f 2842 8961 1565
f 3071 5823 6654
f 13205 11058 12571
f 4343 4620 10136
f 3192 4481 4482
f 10546 7880 8572
f 6302 11467 5103
f 12699 6878 9079
f 1704 7178 13401
f 5889 7056 8174
f 11378 10801 11222
f 7811 7216 9598
f 5430 13308 8686
f 9865 7037 7801
f 10351 3345 10440
f 13594 9087 11075
f 10355 12624 3746
f 2175 7236 8314
f 3088 3087 10356
f 10768 8786 10432
f 4620 9143 10136
f 4339 3741 828
f 12687 6105 6109
f 3336 9143 13549
f 6877 9379 8205
f 3805 3198 11010
f 3805 11010 1717
f 4339 2173 3741
f 2698 1268 4605
f 9009 3071 3070
f 3922 7225 7224
f 6124 8405 10738
f 9958 9580 12135
f 9993 12676 11707
f 3805 1329 3198
f 6845 11937 11246
f 5887 8147 10529
f 2045 3286 6603
f 10056 2045 6603
f 9199 12647 10682
f 9440 10437 7461
f 10696 10695 5833
f 6001 9708 8791
f 10507 5750 11804
f 2047 9946 9599
f 11796 6764 10693
f 12172 5755 9890
f 9637 7678 11311
f 5887 10529 13179
f 6333 6836 9686
f 12595 9965 5455
f 8789 9918 10431
f 10683 4979 5159
f 5887 12641 11165
f 6222 9713 12507
f 10578 3202 12836
f 3338 13546 9990
f 5192 9990 10603
f 9965 7054 11873
f 3023 10759 10020
f 2844 12860 10538
f 7054 13479 6888
f 8147 11165 11347
f 9528 5308 12510
f 7462 9534 12591
f 9192 10235 10027
f 6223 9441 5040
f 8493 13198 13325
f 12507 8178 12545
f 3024 3023 10020
f 8493 3938 10693
f 10756 6737 6445
f 10529 8147 2045
f 8147 11347 3286
f 9528 10855 10021
f 12568 5192 8494
f 5446 12172 8133
f 3023 4281 7096
f 10756 6330 6737
f 10757 10057 6331
f 10528 10757 6331
f 9713 13101 8177
f 5455 9301 8285
f 5455 8285 9684
f 13325 9140 12666
f 12568 13343 12666
f 4281 8219 10234
f 9441 8495 9533
f 4281 10234 3896
f 4281 9243 7096
f 10056 6603 10057
f 5887 11165 8147
f 6880 10644 8209
f 10855 10599 10021
f 10312 10603 10130
f 10855 9528 7901
f 11756 7801 3610
f 13479 3289 6888
f 11165 10593 11347
f 9441 9533 10604
f 10220 12675 3627
f 6223 9215 7118
f 10056 10758 2045
f 6223 7118 9247
f 7719 7096 9242
f 8724 8723 5448
f 9967 13512 11766
f 10655 6895 5898
f 5192 10603 10312
f 10855 10346 10599
f 8602 817 9688
f 12640 13220 7073
f 10086 8665 11221
f 12641 12595 9684
f 12641 9684 10593
f 5037 10694 7762
f 3735 5309 13458
f 459 12136 7410
f 11295 5829 1567
f 10440 12038 11635
f 10870 8177 13101
f 10870 10538 8177
f 10757 10056 10057
f 12587 10056 10757
f 1568 10538 10870
f 5887 13479 12641
f 9441 5193 8495
f 10498 13591 4797
f 9141 9535 9690
f 8732 9141 9690
f 5308 8219 12510
f 8219 5308 10234
f 12568 12666 3338
f 7192 7680 10004
f 10346 2047 10599
f 4621 10768 8617
f 4621 7461 10437
f 3616 669 5881
f 7231 5330 10061
f 10655 10654 6895
f 12625 10506 4492
f 7465 7466 12590
f 9243 4281 3896
f 10131 9438 9140
f 10131 9140 13325
f 2172 6346 9601
f 8170 1561 12417
f 5790 7910 5900
f 10304 10258 3201
f 12586 12907 9350
f 13319 11806 9487
f 6567 11819 7672
f 10380 8409 7947
f 5735 9868 13212
f 13210 9718 7237
f 6125 9867 5735
f 12676 12688 10137
f 8573 3608 11587
f 6123 10737 10500
f 13319 9487 12450
f 9863 8205 10216
f 11756 9348 8120
f 10738 13184 11587
f 5904 13210 7237
f 13405 8314 9719
f 4337 7056 12470
f 8606 8605 6337
f 8315 11314 5998
f 9600 6763 12831
f 10351 7239 11299
f 10217 11785 11819
f 12802 6339 6340
f 7469 3336 7468
f 6878 9018 9958
f 4591 5453 10117
f 11111 11775 11049
f 8150 11511 5792
f 7470 6351 4987
f 12428 10764 5319
f 6877 8572 6823
f 9988 2175 8314
f 4617 8222 5326
f 10501 12563 9486
f 9143 13598 13547
f 9989 6660 8961
f 9864 13184 11392
f 935 12363 932
f 6124 11467 6302
f 11479 11217 2188
f 6006 10274 8322
f 8604 8605 8606
f 5851 5852 8532
f 8572 8115 6823
f 4800 3612 12937
f 7667 5396 3606
f 8319 10137 12688
f 12657 13341 9317
f 9037 10580 10647
f 5852 2921 3580
f 11452 6109 2585
f 6823 8115 5734
f 10738 10641 11467
f 7672 11819 9485
f 6116 12135 12219
f 13013 8474 1546
f 9866 10971 6303
f 9866 10970 10971
f 10738 11587 10641
f 11758 6133 6310
f 3083 10530 10660
f 13315 8319 3346
f 667 6680 665
f 3936 9720 7451
f 10503 9872 8408
f 3500 641 2463
f 6102 8396 5272
f 4493 7673 13212
f 6125 9486 12563
f 10217 11819 7677
f 12827 11668 10295
f 7831 2826 4939
f 6567 7801 8120
f 7469 7468 6351
f 5735 9867 9868
f 9039 9989 8961
f 10259 7677 8120
f 11715 9486 7673
f 12529 4326 6855
f 9347 12631 7881
f 6964 9039 8784
f 8621 8150 10530
f 10259 8120 9348
f 3087 6901 4350
f 8287 10680 9300
f 9385 9719 7236
f 10778 10762 12102
f 5748 9873 9874
f 10143 6901 12255
f 10209 7314 4469
f 2365 345 1405
f 13177 8017 7472
f 9864 11392 11976
f 9679 9596 10842
f 12450 9487 10216
f 12359 577 4335
f 6407 3197 4489
f 10546 7671 7880
f 13068 7947 8409
f 4276 11570 12493
f 13068 8409 7676
f 8173 2842 1565
f 13184 9378 11587
f 4617 5326 5327
f 9440 7461 13260
f 10380 7947 12185
f 13539 13549 13547
f 4093 7189 3607
f 13405 9719 7468
f 7672 9485 8405
f 13405 8315 5998
f 11682 3345 10351
f 4093 7190 7189
f 7843 3936 7451
f 2700 2835 2701
f 11707 12571 9720
f 574 2698 4909
f 7881 10335 9958
f 8573 9378 9379
f 8621 8319 12688
f 10292 7671 11806
f 7036 6302 5103
f 7112 2700 2701
f 6592 12433 8946
f 9347 7881 7676
f 8785 12676 10137
f 12636 11317 6763
f 8785 10137 7471
f 7405 8728 11719
f 11682 11707 10272
f 9740 10450 9147
f 10546 8572 6877
f 7036 7189 6302
f 8116 8925 8982
f 11682 10272 3345
f 12664 4279 8218
f 13201 7900 10347
f 11117 10428 5518
f 11117 13210 10428
f 12636 13547 13598
f 5735 7673 9486
f 6763 11117 5518
f 11117 6763 11317
f 7246 8429 10554
f 5827 8173 8174
f 9866 8116 8982
f 8121 7673 4493
f 6125 5735 9486
f 12038 7472 9310
f 10136 7469 7470
f 7247 5336 6156
f 5890 6891 5322
f 7656 8918 8915
f 2699 4335 5784
f 11491 7655 4794
f 1266 1267 12339
f 5871 5710 5711
f 6199 7704 11628
f 11453 11946 12086
f 6288 3580 6289
f 9340 5067 7025
f 8474 9906 1546
f 8926 8925 8116
f 11314 13491 5998
f 11078 6210 8169
f 932 4481 4479
f 12273 12687 5277
f 10500 10737 10501
f 11096 13177 3936
f 12038 7059 11635
f 4941 1558 5823
f 5523 8786 11653
f 11744 4617 4336
f 826 1269 12990
f 1269 5128 12990
f 8222 7057 13390
f 6123 3607 8404
f 6123 10500 3607
f 7230 13539 13547
f 10379 3615 7675
f 5783 1269 826
f 5784 1269 5783
f 8491 7114 5518
f 13387 13390 7230
f 4093 3607 10500
f 10641 3608 12937
f 3190 4479 1712
f 7905 8609 5320
f 12339 3739 825
f 12216 2835 2700
f 13140 1541 2160
f 7667 3606 8924
f 5165 6578 12427
f 11744 4336 5128
f 7314 5263 5617
f 11851 5316 2164
f 4080 9340 1704
f 8621 12688 11511
f 12699 7880 9018
f 8314 7236 9719
f 9178 10977 9981
f 2175 3083 10551
f 5823 12160 6654
f 2175 3346 3083
f 9271 7911 10350
f 6123 12870 10737
f 3078 3079 2173
f 5900 5184 5901
f 10304 7040 11310
f 11067 8918 8919
f 4941 9009 9191
f 2172 8615 4338
f 5285 6312 6313
f 13374 1271 10348
f 3074 5894 12359
f 3070 5821 6890
f 4620 10873 11317
f 4620 11317 13598
f 11117 9718 13210
f 8398 5710 7644
f 10209 12561 5263
f 6201 5466 3915
f 3070 6890 2833
f 1542 5166 2823
f 1541 1265 1264
f 1389 12113 1390
f 12042 9133 11969
f 12636 9600 13387
f 8319 8621 3083
f 9988 3346 2175
f 9988 13485 9989
f 8405 9485 11392
f 11096 9531 7113
f 13205 7706 5129
f 7112 10025 9531
f 7907 11955 10764
f 9863 10546 6877
f 7226 7224 7225
f 5725 13591 8920
f 4602 823 822
f 4472 928 929
f 4602 12339 823
f 7881 9958 9018
f 8173 1565 8174
f 8573 11587 9378
f 4800 12937 3608
f 7112 9531 5826
f 9993 11682 9273
f 11682 11299 9273
f 11682 9993 11707
f 10379 7947 10292
f 4620 4343 10873
f 7246 12255 6155
f 8598 11719 8728
f 9504 7246 6155
f 10777 8627 10778
f 12636 13387 13547
f 9178 7039 11976
f 12636 13598 11317
f 7039 12943 10003
f 9346 12631 9347
f 13177 7472 10440
f 13177 10440 3345
f 8409 9347 7676
f 8409 9346 9347
f 11373 7278 11328
f 11328 7278 7277
f 4380 10472 12657
f 11481 4958 5806
f 11374 12575 9095
f 9660 814 7368
f 7368 814 5431
f 9292 13257 12573
f 11816 9290 12875
f 11330 11374 9095
f 10397 12573 7087
f 11273 7062 9615
f 10397 3405 9292
f 10397 9292 12573
f 9632 4459 13200
f 7313 5388 7312
f 13308 12929 12875
f 8889 10941 8890
f 13341 11217 10069
f 10815 7213 10751
f 11353 10466 9153
f 13341 12657 11217
f 9322 13230 9781
f 2188 9322 9781
f 11302 8059 11173
f 13403 2188 11573
f 4381 11374 10165
f 12585 13403 13240
f 4570 8065 12584
f 8065 4570 8690
f 9318 5603 12190
f 5589 6640 7262
f 8059 12190 12171
f 11303 11823 10620
f 12974 839 12114
f 7535 8186 3394
f 11303 9553 10469
f 12657 10472 11573
f 4570 7087 6182
f 11928 3528 7785
f 4381 12575 11374
f 12130 4454 7170
f 2188 12657 11573
f 7809 7808 10050
f 8059 12171 11173
f 8271 6182 7087
f 8271 7087 12573
f 8063 9451 12584
f 8065 8690 9660
f 5431 5430 11627
f 4379 5603 9318
f 8065 13240 12584
f 9322 2188 13403
f 9823 13087 9333
f 10815 9781 13230
f 4380 12657 9317
f 4570 9451 10397
f 4570 10397 7087
f 6388 10665 9507
f 11479 2188 9781
f 10815 8691 9781
f 11479 9781 8691
f 9153 10466 11173
f 12585 9660 7368
f 7212 5431 11627
f 1320 8248 4918
f 12652 13240 11573
f 10472 12652 11573
f 8063 11192 9451
f 8593 7809 1926
f 4380 9318 12583
f 8065 12585 13240
f 12585 8065 9660
f 11374 10069 10165
f 8593 7808 7809
f 11374 11330 10069
f 4379 9317 10067
f 4379 9318 9317
f 9823 8889 8890
f 8059 12583 12190
f 8059 11302 12678
f 12101 10815 10751
f 10815 12101 8691
f 11479 8691 10165
f 3556 11256 11255
f 10466 10469 11173
f 10466 11823 10469
f 3556 13590 11256
f 13341 10067 9317
f 8063 12584 12652
f 8063 11302 9553
f 8063 12652 12678
f 8690 11816 12929
f 11192 8063 9553
f 6182 11816 8690
f 11302 8063 12678
f 12929 11816 12875
f 4381 9119 10784
f 7808 11759 10050
f 10050 11759 11426
f 11373 11330 7278
f 4459 10942 10941
f 11373 10067 13341
f 8271 11816 6182
f 2338 4549 12175
f 2338 2339 4549
f 12006 2339 2340
f 2338 12299 1385
f 10207 10208 13335
f 11545 7581 10477
f 89 1385 757
f 6522 87 10927
f 10207 13335 9786
f 12934 90 12601
f 837 12974 6360
f 4603 9134 13196
f 8106 8105 11443
f 4603 13196 12177
f 5556 3955 8332
f 8105 8106 10962
f 8100 4963 9002
f 2337 12299 12175
f 4549 4548 12175
f 4963 8105 9002
f 7654 5875 13586
f 6524 12097 12824
f 12934 11596 10210
f 90 91 1385
f 91 90 10210
f 1208 1386 756
f 10996 4051 5233
f 1386 12175 1848
f 9342 8106 12448
f 4548 13267 1848
f 12496 9609 7921
f 12780 4082 7875
f 9173 4082 10731
f 4082 7181 10731
f 9541 7492 12419
f 92 10210 7654
f 4442 2243 906
f 4771 7003 4768
f 12934 12469 11596
f 4082 12780 7181
f 5211 6015 3955
f 1208 756 754
f 11499 11545 5648
f 5473 7421 4599
f 4601 4599 7421
f 7566 10207 9786
f 91 92 2339
f 92 91 10210
f 10208 12934 12601
f 1207 1208 2335
f 1580 13404 11697
f 9885 4938 1540
f 5656 5076 8079
f 653 12384 8363
f 587 2705 1276
f 6522 10927 11152
f 839 3751 12114
f 2336 1009 2334
f 92 13586 93
f 92 93 2340
f 2339 92 2340
f 6466 5975 9916
f 92 7654 13586
f 10476 5628 10925
f 85 1379 84
f 85 84 13106
f 11060 11170 3952
f 4771 7580 7003
f 275 1288 410
f 4253 275 410
f 12866 5641 12867
f 3378 5572 2708
f 5799 6246 6247
f 2907 6280 13395
f 12021 4451 1695
f 1320 4918 5378
f 3542 13349 2251
f 12832 8050 4373
f 11129 7006 7009
f 3750 2705 3376
f 2252 10788 7615
f 653 3168 12022
f 588 7502 6699
f 12257 2707 8186
f 8248 12932 4918
f 588 6363 7502
f 12405 9133 11963
f 13511 13593 13204
f 11855 3525 7575
f 9390 9389 9251
f 6063 3160 7282
f 2182 12551 7495
f 6051 7780 6053
f 4448 4449 6380
f 7294 6387 2247
f 4328 3067 573
f 7006 6799 7586
f 4958 10013 5806
f 7502 8631 586
f 655 2251 13349
f 7916 11034 12531
f 8359 6074 8361
f 10177 7586 6535
f 917 915 918
f 9389 8234 9388
f 4361 7920 7256
f 1684 12505 6793
f 5345 4366 7921
f 9371 7260 7921
f 9390 9251 5213
f 1589 6507 4645
f 9388 13404 8233
f 588 590 6363
f 587 1276 2704
f 3166 12021 1695
f 4913 13391 8631
f 652 3166 3168
f 3751 839 3376
f 10177 11153 9462
f 5647 11632 8865
f 7686 10510 9349
f 3530 12844 7787
f 2826 7223 5888
f 9337 5692 10201
f 4444 651 11250
f 3966 12935 12925
f 11987 12643 7934
f 7296 10076 8644
f 7787 6078 9073
f 1276 2705 3750
f 9609 7257 7919
f 1277 5590 8235
f 652 8869 11250
f 7788 5656 2568
f 8233 1577 12044
f 10065 5343 9907
f 12693 5656 8079
f 590 2706 6363
f 837 839 12974
f 10065 10779 8632
f 12653 4460 2917
f 10321 10320 11674
f 3751 11006 841
f 9252 6904 8506
f 9073 3533 7152
f 1277 8234 6364
f 9252 8506 12634
f 7295 919 6387
f 4913 8631 7502
f 12832 8632 12435
f 8234 1583 13404
f 844 2187 12996
f 6532 5629 7575
f 11688 3524 5643
f 6078 7787 8359
f 6618 7000 5069
f 587 2706 2705
f 1589 843 2857
f 12496 7920 7257
f 7317 13165 8253
f 4366 843 6700
f 3542 13348 13349
f 6624 5377 3792
f 9220 6077 8361
f 12001 5378 4918
f 4448 6380 12021
f 10065 9907 10779
f 6017 3749 3363
f 9907 7255 8232
f 9887 12422 13518
f 1278 3378 2708
f 6263 6619 11919
f 5572 4645 3962
f 6507 2857 5224
f 6541 1128 8365
f 12789 8050 5590
f 9389 9250 9251
f 12013 5377 12553
f 12948 9016 11820
f 5252 11402 3541
f 5252 3541 7868
f 6531 6641 13029
f 919 12362 6387
f 653 12022 12384
f 7252 582 4629
f 663 4920 2731
f 5345 7260 7261
f 8869 653 11153
f 6507 1589 2857
f 6532 7575 8862
f 5588 3394 3963
f 6624 3792 3791
f 8533 5636 6618
f 3302 3306 8294
f 12496 7921 4366
f 5656 3540 2568
f 6622 7788 5077
f 12257 6365 7260
f 9251 9252 5213
f 5638 5637 7000
f 12496 7257 9609
f 10779 12435 8632
f 5656 12693 11868
f 10321 6904 11539
f 5854 11211 5617
f 917 918 1698
f 905 11035 6669
f 6159 5215 5908
f 5076 8999 8079
f 1580 11697 7258
f 4373 3963 2707
f 2735 10302 11758
f 5213 5215 6159
f 7532 13419 11328
f 11006 4377 11985
f 1278 3376 3378
f 5868 13165 13321
f 590 6700 1589
f 13296 8520 6780
f 9251 6904 9252
f 3537 11039 4778
f 8881 12553 5377
f 7009 7006 9462
f 5631 6262 6925
f 919 12013 12553
f 3080 5900 6896
f 13220 10576 11274
f 6592 11485 4986
f 10082 12961 7331
f 8616 11550 5329
f 12131 8618 10770
f 3201 10258 3200
f 3078 2173 4339
f 12625 11886 3811
f 8616 9601 11550
f 1561 2837 6837
f 4803 11010 3198
f 7034 2581 13193
f 11473 5897 9022
f 10797 7073 6177
f 9088 8492 8491
f 9435 7912 11913
f 10978 5748 7044
f 11978 11132 11274
f 5104 7040 3616
f 3200 7686 10378
f 8950 5104 8208
f 11550 10350 5329
f 12961 2735 7331
f 10082 10797 6177
f 9638 12660 12607
f 10770 8618 10601
f 818 6741 7405
f 10654 8223 6895
f 3339 9707 8993
f 5897 11473 11496
f 12906 12907 10799
f 10345 11842 4282
f 5789 7913 12924
f 5284 5283 3809
f 9601 10062 10063
f 5900 7910 5184
f 1561 8170 2837
f 10135 7232 10428
f 11486 7909 4986
f 9435 11913 10270
f 10235 9886 10027
f 5529 8796 11724
f 8122 10303 7330
f 5898 6895 4985
f 5899 5901 3743
f 11132 5284 6842
f 9488 9936 3620
f 10798 5404 10799
f 10303 8577 10304
f 2174 6485 10129
f 8614 3079 3078
f 11311 6178 5404
f 7233 11561 10350
f 11571 11701 12924
f 11978 11274 10576
f 8013 5825 8172
f 6152 5897 5331
f 10302 2735 3809
f 6346 3079 8614
f 9639 8663 10798
f 6152 6837 9022
f 5956 5019 6332
f 4098 5284 11132
f 9637 12960 7678
f 10654 10432 5524
f 6309 4489 5742
f 11901 7459 8016
f 10432 5523 5524
f 11979 10303 3201
f 8664 5934 10978
f 12520 6896 4985
f 11485 8946 5328
f 12131 9087 13512
f 7686 3200 9035
f 9875 12625 4492
f 10769 7460 10601
f 5790 5331 7910
f 11485 5328 5036
f 7058 10006 5786
f 6152 5331 13594
f 11561 13464 10350
f 12961 10082 6842
f 10655 10653 10251
f 7948 9407 11185
f 9967 6898 10769
f 10770 6000 13320
f 12572 3811 5811
f 8928 11720 12607
f 2174 5524 5523
f 5899 4985 6896
f 12131 10770 13320
f 13464 9271 10350
f 12632 10084 12586
f 10345 4282 7899
f 8223 6897 9383
f 5019 9526 6332
f 8664 6929 9510
f 4096 8950 8208
f 9103 3200 10378
f 13260 11561 13072
f 5903 7725 4987
f 3340 10132 10435
f 9130 8798 8797
f 10769 10129 7460
f 12664 7900 8724
f 10756 9894 11281
f 8796 8795 10871
f 7043 10978 7044
f 1927 3874 2767
f 12632 12586 4494
f 10439 3343 12591
f 7410 9084 12902
f 6346 8614 8492
f 12586 10511 4494
f 12902 11281 9894
f 11995 4621 10437
f 6069 4773 3528
f 8600 10756 6445
f 11979 9103 10799
f 5104 3616 5881
f 7058 5786 2838
f 5144 8453 5811
f 12433 5899 13175
f 12433 13175 8946
f 9489 9875 5107
f 10655 10251 10654
f 2174 6898 6897
f 13469 4804 5747
f 1561 8427 11045
f 10770 13094 8787
f 11238 3941 11239
f 12906 10799 9103
f 5789 8427 11075
f 8580 9080 9587
f 5274 7322 5002
f 5405 7331 9875
f 5283 10302 3809
f 12417 7058 6580
f 5282 4097 5743
f 4344 9602 13030
f 13490 9534 11724
f 11920 8136 6829
f 7899 10347 7900
f 9489 5107 8935
f 8927 9868 9867
f 9637 9638 11720
f 5744 5397 3194
f 10763 9130 7410
f 6448 10854 7466
f 7465 6448 7466
f 11485 5036 11486
f 9035 6829 8136
f 9992 8739 5039
f 5528 9440 13072
f 13526 3342 9307
f 10549 4279 9301
f 10437 7462 11207
f 3342 8740 10867
f 5144 6310 8453
f 4280 9085 5956
f 9245 5183 7109
f 10061 5330 7911
f 5748 9874 7044
f 10429 9435 10270
f 12960 6407 7678
f 7678 9102 6178
f 7678 6178 11311
f 7910 11496 5184
f 12906 9103 10378
f 7679 13182 8950
f 5789 11045 8427
f 9874 13034 7044
f 6309 5742 4095
f 2174 10129 10769
f 7686 8136 10510
f 13182 5104 8950
f 8223 9383 12520
f 9965 10549 5455
f 9534 5529 11724
f 3939 9066 13373
f 8615 9086 4338
f 7334 9348 13301
f 5789 11701 11045
f 11920 7043 3628
f 10508 10510 8136
f 9103 3201 3200
f 6571 8132 7690
f 9965 11873 3737
f 12632 10085 10084
f 11315 11681 11593
f 8928 12607 7333
f 9965 3737 10549
f 11995 11238 6966
f 10763 7410 12902
f 10250 9272 13260
f 10767 11592 13072
f 11856 11776 7490
f 10271 7996 7765
f 10756 11281 6330
f 11239 3941 11524
f 5530 7465 11711
f 10345 3737 11842
f 9492 10510 11178
f 5045 3955 6015
f 10508 11178 10510
f 5531 5530 11593
f 11239 9247 7118
f 4627 9444 6009
f 12433 5898 4985
f 8798 11593 11681
f 7116 9532 9886
f 10132 3340 9308
f 5039 10858 7764
f 3456 4007 4009
f 7420 5482 9699
f 8932 13054 6411
f 12839 9066 4993
f 2930 11163 10988
f 11204 8467 8737
f 5142 7944 10796
f 2802 6853 12416
f 11295 9532 5829
f 1306 8954 2723
f 2436 5160 8739
f 9992 2436 8739
f 10257 12165 11318
f 10313 9192 10433
f 10434 9192 10027
f 3134 4405 4008
f 9192 10434 10433
f 4993 3939 5914
f 12451 4497 8930
f 8740 4595 10867
f 8740 7413 4595
f 11287 11059 6451
f 940 3816 5936
f 13469 7684 7803
f 10322 10616 9898
f 10314 5831 10313
f 10425 7414 5959
f 10868 10314 10433
f 8176 11917 9066
f 9599 10761 3292
f 3622 5753 5754
f 5994 7760 7761
f 3135 6260 4408
f 10692 5520 9366
f 5108 7804 8130
f 12729 2932 940
f 7738 7329 7739
f 4707 2718 2211
f 3333 6482 3323
f 607 11016 608
f 3641 13501 4113
f 11923 7450 7760
f 13054 7690 5406
f 4280 3290 9085
f 8930 5406 8132
f 4431 13285 2231
f 1927 2767 1446
f 2212 1293 13279
f 8698 6736 8697
f 5108 8130 4804
f 4811 1139 673
f 6444 7981 6443
f 11295 5830 10027
f 8790 10435 13304
f 4486 4810 4809
f 2263 12522 13045
f 10435 10132 11917
f 1640 4408 6260
f 2213 3133 3772
f 7454 7116 8490
f 3340 3342 10867
f 11295 8993 5830
f 11295 1567 8993
f 9246 10235 9192
f 3622 7684 6830
f 10314 13304 6661
f 10314 10313 10433
f 4806 5754 5753
f 13452 13578 5753
f 5831 10314 6661
f 10868 10433 5525
f 10869 6004 3341
f 9886 11295 10027
f 2212 12168 9919
f 3874 5155 2767
f 9707 3341 8993
f 5160 2436 13095
f 13217 5669 11755
f 6486 9991 10434
f 7159 12600 7154
f 7449 8313 3333
f 13371 4708 13433
f 3133 4404 1294
f 7739 7329 5747
f 6570 12451 8930
f 7946 8258 8446
f 7326 10377 3196
f 8175 7844 6661
f 13452 6570 8930
f 7844 5831 6661
f 13452 8930 8132
f 7055 5127 1257
f 462 1500 1259
f 6373 10921 7557
f 1323 2686 2687
f 5161 9670 8702
f 1306 2232 3784
f 4596 3898 3295
f 11734 1001 2685
f 5915 4435 4954
f 996 11622 3719
f 1306 3784 8954
f 1499 9670 5161
f 2231 6372 6371
f 4749 12380 3493
f 1259 461 2051
f 3155 4434 4432
f 1503 1046 12016
f 2227 4031 3491
f 1118 2230 13274
f 2723 11009 3496
f 4431 8706 9623
f 11419 11093 12344
f 463 1501 335
f 4749 463 335
f 7637 11055 13427
f 240 2048 463
f 640 240 463
f 3151 4430 2230
f 2049 1501 12278
f 2020 2017 2791
f 2898 2240 13566
f 5609 6372 7557
f 3155 3154 4435
f 462 5127 1500
f 7097 8697 4572
f 6938 2437 1040
f 7637 7957 5425
f 11616 5425 7957
f 5357 3784 4916
f 2227 3782 4031
f 11009 2547 3496
f 6454 8706 6435
f 4466 3800 657
f 9672 9670 6435
f 5357 4916 6372
f 11921 295 11232
f 463 12278 1501
f 462 2440 12016
f 6373 7557 6372
f 4432 6373 4916
f 12016 2440 2441
f 6373 6372 4916
f 3249 4542 3842
f 9672 4431 6371
f 9672 6371 10829
f 9672 10829 9670
f 11947 295 4899
f 9672 8706 4431
f 8706 9672 6435
f 1195 4174 4173
f 7097 2802 12416
f 8705 5609 11151
f 12784 13285 13274
f 895 13274 13269
f 10921 10170 7557
f 3247 1360 4539
f 7097 4572 2416
f 4431 9623 13285
f 7097 12416 8698
f 6454 13156 1257
f 5356 13274 13285
f 5357 12784 8954
f 1499 5161 6853
f 3897 1499 6853
f 5356 13285 9623
f 1306 3153 4433
f 4430 13269 2230
f 4572 8697 11226
f 10170 10921 10168
f 8705 10829 5609
f 10829 8705 8702
f 1118 3493 3492
f 2048 6454 1257
f 11840 9623 240
f 6454 2048 240
f 3801 1358 1323
f 12344 3898 3294
f 3151 2227 4430
f 895 12784 13274
f 3897 3295 7055
f 5915 3155 4435
f 1749 1750 6931
f 12321 12322 2685
f 7636 7637 5425
f 9284 12501 10809
f 13457 9284 10809
f 5915 4954 10920
f 2723 8954 895
f 3151 2230 3492
f 3151 3492 12982
f 9284 12084 7956
f 9284 7956 10817
f 6373 4434 10921
f 7097 2416 2802
f 1118 11840 640
f 1117 12380 2228
f 1046 2049 12016
f 1117 12982 3492
f 1117 3783 12982
f 3493 1117 3492
f 3025 3295 5960
f 1118 640 3493
f 2049 12278 5127
f 4510 1348 2743
f 2020 2791 2792
f 451 4273 268
f 2241 451 268
f 3116 2713 2198
f 8622 10773 10774
f 432 430 4264
f 430 432 4389
f 6887 7897 5304
f 3019 2039 2041
f 2713 3762 4386
f 4270 3015 3016
f 10642 9902 10335
f 3116 2198 597
f 2200 4653 3417
f 2010 2006 3012
f 13361 13436 3412
f 2013 3013 3014
f 2013 2010 3013
f 439 2483 4653
f 4270 2023 3015
f 3019 2793 2039
f 2013 4266 4265
f 6787 443 5611
f 1063 4766 848
f 2484 6787 849
f 4267 2020 4268
f 4267 4266 2017
f 2200 4658 434
f 4266 2013 2017
f 12122 4388 10999
f 4387 1283 3116
f 4545 370 369
f 13606 369 370
f 2200 436 4653
f 4266 4267 436
f 3220 4511 3219
f 3018 2036 2793
f 3019 13498 2793
f 3016 2031 12738
f 2240 5611 13566
f 4274 268 4273
f 7199 12603 9590
f 7093 6194 10680
f 3017 12738 2031
f 1767 4509 968
f 2241 13361 3412
f 2043 454 4274
f 439 4267 4268
f 447 270 2029
f 270 447 13566
f 1063 13436 4766
f 13606 1455 369
f 439 4653 436
f 4267 439 436
f 4265 432 4264
f 271 439 4268
f 271 2483 439
f 454 13361 268
f 454 268 4274
f 2043 2042 6692
f 3514 12360 2199
f 2201 4389 4658
f 2201 4658 12120
f 7740 11293 8142
f 3761 3116 1283
f 13361 2241 268
f 1064 2898 2199
f 2029 270 4270
f 6787 2483 271
f 270 13566 5611
f 270 5611 443
f 270 443 4270
f 2043 13498 2042
f 4274 2037 13498
f 4388 12122 1284
f 3761 1283 1063
f 2029 12738 4271
f 12360 598 2241
f 13606 370 5437
f 8997 1601 1284
f 3017 2031 2033
f 2029 3016 12738
f 454 3515 13361
f 4387 8997 1064
f 3018 2033 2036
f 2200 12120 4658
f 2013 4265 2010
f 2017 2013 3014
f 2200 3416 12120
f 2029 4270 3016
f 2240 10999 5611
f 4387 3116 597
f 8997 4387 1601
f 4387 597 1601
f 3015 2028 3016
f 12122 2240 1064
f 12122 10999 2240
f 3016 2028 2031
f 2483 6787 2484
f 2898 1064 2240
f 1765 1767 967
f 4271 12738 3017
f 598 3514 269
f 2043 4274 13498
f 2484 3417 4653
f 13606 5437 1455
f 447 904 13566
f 3417 2484 850
f 2484 849 850
f 2034 3017 3018
f 2034 4273 4272
f 2034 2037 4273
f 2037 2034 3018
f 4388 1284 12755
f 4388 12755 12791
f 3761 3762 2713
f 5147 2743 1348
f 2034 4271 3017
f 2026 442 2028
f 4388 849 10999
f 849 4388 12791
f 3015 2026 2028
f 3015 2792 2026
f 3219 3670 4509
f 10742 11110 6305
f 7339 10090 9007
f 6629 7646 10636
f 11344 3814 11202
f 6843 10091 9007
f 3747 10297 3746
f 11223 9007 10090
f 9106 11379 11222
f 10676 10675 9520
f 2578 8568 13389
f 8667 9644 10090
f 6154 4912 9186
f 6738 9298 7397
f 8799 11081 10874
f 8465 5158 9522
f 12623 12603 10106
f 5781 6328 11613
f 11439 13354 6849
f 9211 10527 13253
f 9937 11630 9424
f 9358 4912 10007
f 9424 11630 6944
f 11630 10595 6944
f 6154 10007 4912
f 5781 11613 9357
f 2934 3728 3208
f 12268 9236 11294
f 6157 2703 3092
f 9184 7693 10340
f 8725 6850 2044
f 6694 12193 13114
f 8623 3745 7476
f 5157 4978 5158
f 5126 5125 9211
f 7247 7249 5336
f 1278 3107 4377
f 9582 9176 11710
f 9522 7218 11338
f 12258 10087 9640
f 2452 10123 8300
f 12837 11630 5782
f 4276 12493 10407
f 229 3634 4810
f 11081 9721 1053
f 9236 13225 10231
f 6121 6879 5732
f 9036 12880 10579
f 234 235 2405
f 234 11390 235
f 11581 5132 9385
f 11379 9106 11380
f 11379 11380 3021
f 13099 9941 13466
f 8576 4094 11202
f 9588 11641 10048
f 8574 2586 5281
f 9310 9501 6352
f 11965 10088 9207
f 10088 11563 9207
f 1278 2708 3107
f 5652 1318 12362
f 458 6694 13114
f 10088 8144 10519
f 10578 8260 13042
f 12837 5303 10595
f 5158 7218 9522
f 9364 2796 9677
f 7884 10045 11185
f 11228 9596 8595
f 12837 5886 5303
f 6843 13466 10091
f 12837 9356 5886
f 5537 6153 13535
f 3894 7218 3892
f 10676 7718 7217
f 11584 3085 10447
f 9584 1718 12655
f 7334 9206 12597
f 11379 3021 8715
f 8179 5834 12848
f 8465 9522 9896
f 8465 9896 3893
f 11710 9176 2267
f 10417 7989 7484
f 10417 11439 7989
f 5102 6631 7035
f 10762 12797 7811
f 11312 8665 7335
f 12136 12102 9084
f 9980 7819 9641
f 10992 10340 7198
f 10110 11822 2799
f 2799 11822 3893
f 8227 6225 9605
f 13422 7240 7237
f 7407 10762 7479
f 4325 1262 12109
f 11035 905 3160
f 5813 4590 12138
f 3945 9536 6766
f 8465 3893 3022
f 5339 580 9736
f 9408 10337 11185
f 9408 11885 10337
f 5125 10527 9211
f 7993 12539 7397
f 10527 5125 8717
f 9277 5349 11149
f 2709 10558 9391
f 12885 6321 10225
f 13017 6168 8643
f 1278 4377 11006
f 12362 919 12553
f 4451 6380 12313
f 9250 11539 6904
f 1275 837 3368
f 8533 6619 6263
f 11969 5340 5471
f 3533 7007 7152
f 6624 11868 3537
f 3540 11868 3791
f 6084 2569 11402
f 653 652 3168
f 7008 8999 5076
f 5345 843 4366
f 2906 13348 3542
f 6640 11087 2184
f 10666 8438 7934
f 1580 1577 8233
f 1318 12384 2247
f 13391 583 584
f 9823 5683 8889
f 588 6700 590
f 5636 9887 9928
f 5344 6700 6699
f 11118 2707 10780
f 6640 6159 7262
f 7149 6530 3530
f 6987 12813 10299
f 7274 11882 10463
f 832 3301 4628
f 9388 8234 13404
f 588 6699 6700
f 9220 6622 5077
f 3169 13348 1695
f 6077 9220 12807
f 3356 11924 831
f 3541 11402 2569
f 8050 3964 4373
f 12257 9371 10780
f 9793 9798 10930
f 1583 11697 13404
f 5908 5215 6905
f 6159 5908 7262
f 5663 6280 6544
f 6382 3542 12772
f 7556 8695 7141
f 5572 3962 2186
f 8869 11153 6535
f 3750 839 837
f 1277 1583 8234
f 5362 7927 5363
f 12384 6382 2247
f 10466 11353 3403
f 8881 3537 4778
f 12789 5590 4374
f 9390 5213 6159
f 10320 3098 7128
f 590 4645 2706
f 6083 5077 2569
f 4949 2857 843
f 831 6651 4355
f 587 6363 2706
f 5344 6699 8978
f 8050 8235 5590
f 6074 8360 8361
f 5652 7009 9462
f 6360 4363 3368
f 1589 6700 843
f 4451 12313 915
f 1580 8233 13404
f 6618 5069 6619
f 5392 7937 7564
f 10065 7919 5343
f 5647 8079 8999
f 1692 2904 3164
f 2906 3168 1695
f 10625 2907 13395
f 917 3169 915
f 11868 6624 3791
f 12430 6544 11481
f 11118 10780 8632
f 5849 8186 7535
f 1277 2184 4374
f 587 2704 4913
f 8869 6535 11250
f 11863 11632 12867
f 8229 9068 1571
f 9073 7152 8540
f 6382 12772 2247
f 12508 6265 4047
f 7014 13395 6541
f 4446 4448 2904
f 8978 5342 7256
f 8978 586 5342
f 5077 2568 2569
f 12257 10780 2707
f 1583 12435 11697
f 3540 3791 7868
f 1277 4374 5590
f 7250 4357 10148
f 6073 9220 8361
f 7014 6541 12807
f 9371 7921 9609
f 1277 6364 2184
f 9091 8632 10780
f 6280 2907 6544
f 5344 12496 4366
f 11129 7009 4778
f 5344 4366 6700
f 9388 8233 5212
f 11153 10177 6535
f 11104 8881 4778
f 3168 3166 1695
f 6078 8359 8365
f 9250 6904 9251
f 12772 7294 2247
f 8235 12435 1583
f 12832 12435 8235
f 10625 13395 7014
f 7781 10282 3398
f 6622 6073 7008
f 7788 6622 7008
f 11697 12435 10779
f 5663 12430 7007
f 6083 7014 12807
f 2906 3542 6382
f 7788 7008 5076
f 1580 7258 1577
f 13386 2709 9391
f 1276 3750 1275
f 3751 841 12114
f 1276 1275 2704
f 1275 3750 837
f 9030 10665 10183
f 587 4913 6363
f 11697 10779 7258
f 9907 7258 10779
f 5663 1128 6280
f 3533 5663 7007
f 9024 9068 9387
f 12405 5340 11969
f 4364 7919 7257
f 12693 11039 3537
f 4361 4364 7257
f 5345 4949 843
f 11104 5652 12362
f 5652 9462 8363
f 832 1274 3749
f 11104 4778 7009
f 11104 12362 12553
f 11104 12553 8881
f 9371 9609 9091
f 2906 6382 12022
f 13227 12488 13108
f 7006 10177 9462
f 11129 4778 11039
f 3378 2706 5572
f 9371 9091 10780
f 5663 3533 1128
f 5663 6544 12430
f 9252 12634 5215
f 7583 5646 8999
f 7578 7576 9219
f 7426 11854 3308
f 2159 11924 1263
f 11087 6246 4374
f 6365 7261 7260
f 3098 11270 10319
f 12129 10625 7014
f 5907 10557 8231
f 1689 4446 2904
f 653 8363 11153
f 5212 11270 11539
f 6532 8862 13394
f 1689 1692 12208
f 5638 7004 6796
f 9250 5212 11539
f 6083 2569 6084
f 1314 2242 1312
f 9390 6640 6364
f 13395 6280 1128
f 13395 1128 6541
f 6076 12693 8079
f 917 13349 3169
f 7506 7508 8034
f 8978 7256 7920
f 11688 5643 8861
f 651 652 11250
f 6076 4775 11129
f 7917 12029 11963
f 9887 1684 6793
f 13394 9928 6793
f 3165 12021 3166
f 832 833 3301
f 3095 6903 6198
f 2704 5794 13391
f 4364 5343 7919
f 826 827 12798
f 4913 2704 13391
f 8865 6076 8079
f 6076 11039 12693
f 9091 9609 7919
f 6076 8865 4775
f 6077 8365 8359
f 7254 5343 10357
f 661 13465 8654
f 6398 7317 9909
f 5489 5966 5486
f 12422 8533 12940
f 7877 10333 11576
f 12844 11212 6072
f 13391 5794 583
f 10334 7183 7182
f 4474 7941 12905
f 11033 571 6651
f 6078 1128 3533
f 6078 8365 1128
f 1277 8235 1583
f 6083 9220 5077
f 6083 12807 9220
f 5379 5683 9332
f 655 1698 3547
f 655 917 1698
f 11006 11985 841
f 4373 3964 3963
f 7295 10075 11968
f 8648 5925 5387
f 7932 7701 12001
f 7066 7068 2727
f 3756 5798 7061
f 9171 7626 5086
f 11884 8185 2856
f 11708 10152 6042
f 5218 10708 10707
f 6018 3371 6979
f 8443 13462 1321
f 11040 1132 10722
f 3391 11547 8339
f 6981 6612 2855
f 7500 4635 7512
f 3388 12421 2476
f 8185 8044 11648
f 7022 5260 12613
f 10152 11708 2190
f 4074 9075 5259
f 11331 10070 3110
f 11215 10729 8560
f 11884 2856 10324
f 5058 7518 8042
f 10910 10707 10708
f 6091 10946 10947
f 6285 9634 8250
f 7577 8860 8859
f 13414 6875 13302
f 6245 11648 8044
f 7624 12613 5693
f 13224 10461 8046
f 6244 6776 5574
f 9548 5223 7854
f 6240 12272 5219
f 9171 9474 10631
f 6810 5690 5689
f 3563 8383 10631
f 10712 6244 8518
f 9335 8381 2918
f 12956 12167 13414
f 7525 6910 3112
f 6091 9829 5687
f 6070 3521 9791
f 4074 5259 11040
f 10748 10752 9892
f 7307 7309 5925
f 2856 7855 10324
f 8337 5056 9445
f 10399 11484 6691
f 10908 11343 11198
f 9546 10710 10711
f 7307 5385 7306
f 11184 8895 10945
f 9335 6810 7794
f 4224 12110 9240
f 9151 9204 8518
f 11884 8044 8185
f 5689 5690 7620
f 11494 7135 5848
f 9150 12878 2190
f 9617 9618 11275
f 4224 9240 7089
f 9374 8190 9954
f 8201 11259 12167
f 6922 7736 10201
f 10821 10525 11778
f 12517 5689 7620
f 6244 6243 6776
f 10043 9262 10729
f 11085 1132 11040
f 9337 9633 4460
f 11061 7771 11446
f 6612 5058 5056
f 2855 6612 7710
f 10198 9472 7618
f 6087 12471 12385
f 12167 11259 5692
f 1041 9072 11324
f 5580 5575 12034
f 3563 8901 10950
f 11259 10950 8901
f 8383 10950 2916
f 11085 10727 1700
f 9011 7528 7852
f 13342 11975 11902
f 9546 11708 5222
f 3961 11198 8519
f 12517 7620 9075
f 9120 7376 4574
f 11990 11897 9625
f 5045 8332 3955
f 12878 9027 2190
f 1132 1700 8896
f 1587 12421 3388
f 3796 12917 10373
f 9978 9452 12658
f 7960 10400 3267
f 10369 7307 10949
f 12900 3733 5885
f 11183 10324 7855
f 7307 7306 10949
f 3110 9202 12099
f 11183 7855 10033
f 13071 10281 10280
f 7018 7618 8380
f 5644 6798 8871
f 6035 8338 11100
f 9337 10201 9633
f 9900 11904 11198
f 12956 8201 12167
f 3382 5574 6776
f 13217 11755 10181
f 10713 10012 10011
f 7623 9170 10729
f 1584 8508 1585
f 6910 10152 2190
f 10728 8897 1700
f 7623 10729 9262
f 7623 8647 13305
f 10728 1700 10727
f 12916 10460 11800
f 6040 12479 7854
f 6981 6035 5058
f 12494 10325 10033
f 6244 6865 8518
f 9171 10631 10202
f 8184 7853 8517
f 8202 5690 11475
f 6024 5844 7772
f 3563 10950 8383
f 9336 2916 8201
f 3563 10631 12845
f 11296 7378 11490
f 9665 8694 8695
f 7556 9665 8695
f 11478 3961 11800
f 10712 6243 6244
f 7302 10948 8897
f 9027 6910 2190
f 922 7302 8897
f 7378 4574 7376
f 7378 11296 4574
f 922 8897 10728
f 11884 9394 8045
f 11494 7855 2856
f 5575 6508 12479
f 8184 12494 5848
f 7280 11501 13206
f 7623 9262 10200
f 8093 11475 5690
f 2856 8185 7710
f 8185 2855 7710
f 12526 9592 13447
f 7528 10281 8341
f 9171 12613 7624
f 5863 9016 6643
f 6922 6391 9401
f 6391 8901 9401
f 10909 8519 6508
f 8896 1700 8897
f 10910 10909 6508
f 9204 9763 8518
f 9899 8184 5223
f 9150 11708 9546
f 6243 10711 6776
f 12916 10909 10910
f 9123 7381 8530
f 9123 6846 7381
f 5223 2476 7854
f 3178 10369 4460
f 11183 9394 10324
f 3178 4460 9633
f 5608 13086 10922
f 10369 10949 4460
f 8092 7620 8202
f 10946 1132 8896
f 10180 5651 11665
f 6239 5585 5586
f 9233 10948 9508
f 12479 1588 7854
f 7311 11582 10569
f 7554 9556 13226
f 5216 6239 5586
f 11904 9900 12650
f 12650 9899 9548
f 9337 4460 12653
f 9170 8560 10729
f 9233 5688 10948
f 9233 7816 12877
f 10461 11478 10460
f 10043 10729 11215
f 9233 12877 5688
f 9899 845 10325
f 7168 5687 9829
f 9898 9764 10708
f 6036 6035 6981
f 8512 5219 12218
f 13375 1021 13398
f 3976 1062 5850
f 4838 958 959
f 10632 12845 9474
f 7135 5057 8337
f 9151 6245 8044
f 10631 9474 12845
f 10459 9151 8044
f 10922 13086 13226
f 10632 2254 10568
f 11927 9555 9554
f 11446 6019 12936
f 6846 9362 7381
f 8250 10567 10568
f 10036 10038 10037
f 10568 10567 12845
f 4565 13038 7825
f 12915 9556 12818
f 9203 9763 9204
f 8241 10712 9763
f 8241 12878 10712
f 9783 8529 11699
f 9239 10103 6184
f 3563 12845 10567
f 8699 5608 10922
f 10459 8044 8045
f 6922 10201 6391
f 10201 5692 6391
f 9899 10325 12494
f 9899 5223 9548
f 1588 9548 7854
f 8092 10727 5259
f 8560 10728 10727
f 10562 12878 8241
f 8240 7925 11219
f 11367 11366 3969
f 11636 10037 9554
f 8443 9509 13462
f 7925 9393 13474
f 10011 10012 13206
f 3969 11490 9324
f 9665 7556 9324
f 10908 11198 3961
f 7302 13540 9508
f 1041 11363 11503
f 10908 3961 11478
f 7302 9508 10948
f 12376 3410 1061
f 10890 9746 11386
f 10993 3440 1076
f 13364 3883 1965
f 2385 1420 4557
f 4779 8083 5657
f 3763 11397 4390
f 1899 1420 12116
f 2942 2607 4837
f 2868 1070 3422
f 3007 1995 3008
f 12753 2367 1411
f 9746 8811 10887
f 3988 2203 860
f 12732 4131 2607
f 1755 11749 3214
f 1324 13271 3581
f 4628 1263 13573
f 346 782 781
f 3971 12810 12376
f 12714 13570 779
f 6079 2570 10624
f 6538 10720 8875
f 4554 1226 8959
f 12814 2985 2982
f 12152 2786 2787
f 4838 13004 958
f 350 1900 2760
f 13499 2478 12674
f 3380 11021 11166
f 6868 2480 4657
f 12307 258 1483
f 1875 781 780
f 11007 9044 2861
f 13138 1896 793
f 1026 2379 1228
f 2388 1029 1230
f 2491 1071 2492
f 7265 9995 11007
f 1159 1160 2612
f 3856 1220 1406
f 2274 1753 5769
f 7591 5654 4777
f 1413 1885 1412
f 7205 12201 1156
f 9083 1410 2982
f 2984 1222 2757
f 1159 2612 2611
f 347 1221 1408
f 2378 12401 1417
f 1160 4134 2612
f 348 1889 8973
f 13021 1224 1414
f 659 13465 661
f 1979 1982 3003
f 1979 3003 3002
f 13505 1991 412
f 3974 3411 2863
f 2986 13118 154
f 4202 780 12705
f 2756 1409 2980
f 4972 13357 803
f 3977 1598 2864
f 3663 2610 695
f 1070 2486 3422
f 3871 10548 11364
f 788 13259 1022
f 1221 347 4203
f 4671 3987 4391
f 4839 2611 3665
f 1487 1994 4259
f 4812 2588 4109
f 3984 11933 2869
f 2367 1409 1020
f 1981 1978 1479
f 1131 2635 8879
f 13604 1858 13470
f 1065 3414 2481
f 15 2895 3501
f 12152 4255 4253
f 416 419 1287
f 419 416 4257
f 1487 3007 1994
f 1421 2384 5415
f 12753 2984 12814
f 1065 4657 3414
f 12155 4143 1772
f 3976 6517 1062
f 1610 12329 13435
f 1978 1979 1977
f 690 1749 2604
f 366 1449 365
f 2688 366 365
f 6517 1597 1062
f 10015 13353 13229
f 1875 4202 13599
f 1163 6832 4137
f 8367 7015 7595
f 3981 1068 1602
f 1993 3886 4257
f 6275 9808 8875
f 345 781 1875
f 8983 12112 944
f 1078 7560 1079
f 4055 5653 8874
f 3974 2863 1062
f 9185 1343 3662
f 1886 1412 2757
f 12280 855 11396
f 5246 12829 11599
f 10995 11476 12037
f 12773 1154 1153
f 7588 7590 5661
f 11387 10150 13189
f 2762 810 355
f 13610 17 13609
f 1755 1754 6720
f 3981 1602 1066
f 5414 5290 11857
f 159 5230 3421
f 4554 1893 1226
f 1773 1775 1774
f 2867 4665 1607
f 6206 8472 11145
f 1614 3993 1616
f 2756 2980 1407
f 5174 8773 12801
f 1420 2385 12116
f 1073 1614 1616
f 6517 3408 1597
f 12155 3672 4143
f 1608 4665 3423
f 1992 5300 1991
f 9311 13339 13222
f 12376 12810 2478
f 3008 1998 3009
f 11986 12049 10613
f 3380 11166 10359
f 8635 12820 6702
f 2480 1599 3414
f 3105 3102 5573
f 6623 10624 7595
f 12753 12814 13133
f 1225 8952 1226
f 3102 7773 5573
f 2983 168 169
f 11137 169 168
f 1989 2787 3005
f 2384 2381 206
f 1420 13284 4557
f 3975 6517 3976
f 5850 2863 2865
f 3306 12512 5971
f 3978 2864 1598
f 4999 3184 6264
f 4840 2614 5112
f 1224 788 4206
f 13006 3676 12025
f 1131 4144 3676
f 3978 1599 2864
f 8967 3824 955
f 3885 1485 4257
f 1881 4204 1884
f 6726 13021 1414
f 2867 3424 3423
f 12732 4836 4131
f 6726 1889 13021
f 2941 13002 2604
f 6832 2629 2627
f 3976 3413 1598
f 2984 2757 12814
f 13432 3130 4400
f 3413 12328 1598
f 4646 11137 168
f 12753 4204 2984
f 4679 1616 4393
f 3978 1598 12328
f 2981 5010 784
f 12070 12737 2597
f 8984 2598 683
f 1959 1469 1962
f 12310 4688 7559
f 13339 11190 8335
f 162 2482 163
f 1890 162 163
f 3658 408 13553
f 3418 2481 2482
f 13499 4646 167
f 10995 7813 13069
f 6079 5661 7590
f 3672 4142 4143
f 1984 1981 409
f 2607 4132 1156
f 1908 2394 1430
f 6490 10120 6495
f 803 802 1432
f 7265 11137 9995
f 6478 9305 10864
f 5109 9890 5755
f 6996 7447 6961
f 4671 3765 1288
f 4669 4668 12766
f 7569 7567 10924
f 6490 6495 10887
f 12773 1153 1152
f 4376 8635 5573
f 1476 4249 4248
f 1429 3261 2395
f 1437 1243 810
f 2990 2991 1912
f 1974 403 1476
f 1476 3002 4249
f 7510 10150 10893
f 9792 13066 10928
f 3444 3442 4692
f 12026 7078 795
f 3444 2502 3442
f 8538 8537 9161
f 6466 8764 5975
f 2987 3731 797
f 6206 6748 6749
f 10959 9849 6552
f 11035 648 6669
f 2604 13002 4833
f 5770 1158 1157
f 3860 1419 1025
f 4118 1142 4818
f 391 2999 389
f 7918 12029 7917
f 11397 859 858
f 4118 11621 1142
f 7998 5470 11988
f 2367 2692 1411
f 2757 11857 2985
f 12345 11413 154
f 4836 1153 1154
f 4144 1774 1775
f 3858 1222 13548
f 3973 3971 12376
f 787 1889 348
f 8067 7730 11289
f 5794 3363 583
f 12714 779 1016
f 7183 6291 7182
f 13369 168 2983
f 10453 12049 3369
f 11387 11386 10888
f 173 11387 10888
f 1407 2980 784
f 8367 10624 2570
f 5051 7510 5052
f 7510 10900 5052
f 5011 791 1418
f 5477 5970 12512
f 11854 13571 11679
f 3067 3068 573
f 4037 3507 2552
f 7915 7418 5341
f 10333 10572 11576
f 650 1692 3164
f 12405 6359 5340
f 4628 1264 1263
f 11539 11270 3098
f 5868 5869 5926
f 11631 4607 8769
f 5477 2822 5023
f 7317 6398 5394
f 11862 12125 6755
f 658 660 3583
f 12856 5487 12857
f 11445 6924 3184
f 5023 6604 5970
f 12940 1703 5809
f 5084 8877 8878
f 7426 8764 6466
f 5391 11971 12407
f 5471 4355 6651
f 4449 4448 4446
f 7315 5391 6397
f 3356 3361 13573
f 7874 5264 6291
f 5643 3524 6061
f 2159 819 11924
f 3067 572 1549
f 5497 6756 5031
f 12043 4046 9159
f 8255 9404 1709
f 905 925 11925
f 4046 10715 9159
f 660 663 5810
f 13293 6063 7282
f 11919 6925 6924
f 10334 12887 9578
f 13291 7221 1549
f 13481 7433 6756
f 8229 9387 9068
f 7426 5475 13571
f 9078 9403 9033
f 9078 1703 8252
f 4629 582 581
f 6752 5485 2451
f 3523 8075 6066
f 13291 572 2166
f 659 7315 13465
f 12853 3329 10349
f 10334 12622 3188
f 572 4329 2166
f 5477 5023 5970
f 13111 9387 8229
f 7221 3065 2165
f 8252 1703 12940
f 571 11033 6950
f 8630 5837 8230
f 12833 4473 7938
f 3302 8294 11161
f 8358 9073 8540
f 12043 8857 4046
f 8301 5029 7758
f 7877 7874 7183
f 8252 6924 9403
f 6796 9795 6795
f 5484 6604 6952
f 6197 13111 8229
f 4474 4475 7941
f 7939 4474 12905
f 11957 6952 6604
f 5871 6586 11569
f 7317 8254 9909
f 12844 6072 6074
f 3165 3164 2904
f 832 3749 834
f 5271 11540 11994
f 660 661 663
f 9159 10715 11964
f 10715 7937 11964
f 7004 5638 7000
f 908 4443 3159
f 5631 6925 11919
f 7316 11036 4962
f 8255 13248 10574
f 12088 13518 5809
f 8759 11679 3916
f 5810 663 2731
f 11631 5496 5026
f 3917 4939 5888
f 3313 6463 6606
f 3313 8301 13381
f 5029 3313 6606
f 12622 5271 3188
f 5483 9916 2451
f 9159 11964 12407
f 1859 12184 13470
f 9380 7045 8212
f 13288 11078 6654
f 8981 1707 3187
f 6902 11444 9387
f 10321 11539 3098
f 6101 5810 1325
f 8301 8481 5492
f 2822 6197 5023
f 1312 11925 13271
f 2822 6196 6903
f 4938 12418 13117
f 2822 6903 13111
f 8759 6459 13123
f 5966 5967 8293
f 1313 1314 1312
f 5640 5643 6061
f 4046 11687 10715
f 6196 5477 3306
f 11687 4046 8857
f 3361 581 3363
f 11212 7578 5637
f 8075 3523 6262
f 5212 5210 11270
f 8861 5643 12127
f 12844 8359 7787
f 8533 6618 6619
f 3165 651 3164
f 7001 6062 8856
f 9575 649 13029
f 10572 10574 13248
f 5203 7846 3096
f 8025 6493 6770
f 11863 12127 6799
f 831 4355 4629
f 11919 6924 8252
f 765 4550 767
f 2245 1314 3159
f 5636 9928 7004
f 2565 6073 8360
f 11575 7849 10319
f 6796 6071 9795
f 12208 2245 3159
f 8358 7149 3530
f 8358 7787 9073
f 6263 11919 8252
f 581 582 583
f 12043 11971 5626
f 2242 2245 3160
f 8629 5342 586
f 1684 9887 13518
f 660 5810 3583
f 3356 831 4629
f 12405 12029 6359
f 11035 6063 7001
f 5907 8231 8230
f 12758 12337 3717
f 1390 12113 12964
f 5392 12833 7937
f 12856 3308 5487
f 13381 5492 2829
f 11680 3308 13123
f 6459 5967 3307
f 3065 819 2159
f 2165 3065 2159
f 4473 4474 7938
f 8763 12857 5487
f 6751 13481 5497
f 11828 2466 2467
f 4364 10357 5343
f 4447 5800 6378
f 11034 10357 12531
f 11212 5637 6072
f 5210 10556 10319
f 925 3577 11925
f 8563 2921 5620
f 3440 3997 1077
f 2938 1741 4829
f 278 4244 1472
f 4688 610 5613
f 2271 2589 4499
f 4397 3125 12246
f 2778 1955 2779
f 3123 3124 867
f 3441 279 4690
f 2778 12353 1955
f 2780 1955 389
f 681 2598 949
f 1428 2696 1234
f 13607 156 11696
f 378 375 4235
f 378 2715 375
f 1742 1740 1744
f 2500 2499 4691
f 2737 2269 3208
f 9420 12930 8725
f 3435 1290 394
f 1905 13429 140
f 4242 1957 1958
f 9872 10642 12631
f 11415 683 2598
f 3443 3123 4693
f 2503 138 1625
f 5613 3437 3438
f 2927 8207 11649
f 4829 683 11415
f 1052 4009 12018
f 278 393 4686
f 393 278 1472
f 12972 2401 4215
f 1402 1921 1919
f 1402 6690 1921
f 680 12077 2599
f 1906 1907 138
f 1954 2778 2779
f 804 2399 1035
f 11847 2404 2405
f 4828 680 2599
f 1907 1906 6727
f 12176 2697 4211
f 7105 8476 11145
f 3123 3443 4691
f 11850 679 2273
f 3997 1621 1077
f 4109 1729 1728
f 2785 398 3001
f 344 6690 1874
f 13429 1905 800
f 141 11403 6689
f 2696 352 1233
f 3122 1622 3123
f 1858 13604 13495
f 11930 1087 13433
f 2497 1290 3436
f 1470 4243 3882
f 3446 12975 867
f 3998 140 7560
f 1470 12154 4244
f 12445 2505 4695
f 2273 681 4120
f 3446 2504 12975
f 12207 611 4396
f 12108 2998 1940
f 2502 11844 2498
f 1906 13429 800
f 3441 2500 2501
f 1031 2697 2391
f 13563 3998 1078
f 611 12310 2498
f 2500 3441 2499
f 392 4243 4244
f 12018 4009 4007
f 12070 4826 12077
f 1907 6727 801
f 4210 1902 1903
f 4346 12627 9603
f 4495 13337 12103
f 6412 960 2275
f 611 12207 4688
f 9004 2740 12173
f 390 4242 3882
f 6615 4951 1623
f 3997 143 142
f 4210 142 143
f 278 4687 392
f 278 392 4244
f 1905 140 6689
f 7244 10353 10064
f 11043 1744 683
f 2509 13121 870
f 12077 4826 2599
f 3997 142 1621
f 12099 12149 9392
f 4115 2590 13564
f 390 3441 2501
f 2503 1623 139
f 11602 1620 6705
f 2876 11424 3434
f 1149 2940 1748
f 4823 6574 3649
f 10968 12195 3598
f 3998 13563 1621
f 5470 10861 7420
f 11602 6705 3437
f 1620 610 866
f 401 1972 1475
f 2206 1617 3120
f 1974 4248 4247
f 4210 143 1902
f 1963 1964 3276
f 4210 1903 11403
f 7659 13537 10966
f 948 9003 4120
f 3211 5407 3651
f 2781 1961 12241
f 1920 356 1919
f 2499 4689 865
f 12389 12335 3637
f 9298 7749 7990
f 10171 8909 6555
f 3442 13563 4692
f 13429 1906 138
f 13567 3640 13416
f 1144 2595 1737
f 2695 4558 12999
f 3444 2209 2502
f 3457 2519 4710
f 7202 1141 11604
f 4559 1907 801
f 4399 4000 870
f 12017 3448 1633
f 11792 8465 3022
f 610 4395 866
f 279 392 4690
f 392 279 4243
f 1236 1429 1234
f 610 4688 4395
f 1237 135 4559
f 2785 3884 1968
f 2739 5937 951
f 1911 2989 806
f 1462 12994 1460
f 12994 4232 11731
f 1630 12997 2879
f 4239 1956 12352
f 11409 804 1239
f 12241 1963 3000
f 797 1231 798
f 4687 4686 2497
f 279 390 3882
f 279 3441 390
f 377 1464 12967
f 1494 10846 10678
f 2695 12999 2390
f 1963 5299 1964
f 4820 2595 12391
f 392 4687 4690
f 1144 1737 11621
f 344 1874 13599
f 3444 12246 2209
f 7264 5348 5052
f 10381 3263 13043
f 3501 2895 3507
f 5613 11602 3437
f 11602 5613 610
f 11602 610 1620
f 691 690 7697
f 7945 5731 9406
f 5010 170 171
f 10900 171 170
f 1887 11003 165
f 5909 7265 2185
f 1426 796 2389
f 2508 4003 4001
f 8496 9722 12848
f 4278 11822 10409
f 11822 11860 10409
f 4278 3022 11822
f 7674 10214 10291
f 5537 10446 12057
f 11358 10652 10651
f 9248 5333 5198
f 7826 11792 3022
f 8117 6308 11649
f 2846 7120 13588
f 5302 6693 10408
f 9871 9208 8262
f 10975 4094 8576
f 8227 10553 8228
f 1011 3255 1855
f 2124 3053 2127
f 11357 10260 10261
f 9386 8227 6900
f 13027 6693 7052
f 6320 11216 10105
f 9363 13519 12930
f 10048 8583 11326
f 8585 7383 11216
f 11175 4089 8569
f 8584 11700 9882
f 12681 8141 9589
f 8799 9721 11081
f 10226 12623 10106
f 10226 10106 9241
f 10991 6418 13592
f 9184 11357 7693
f 2672 3713 12992
f 8141 11357 10261
f 10517 9208 8142
f 4978 7217 3892
f 1260 11401 2158
f 5195 1053 5517
f 9310 5533 9501
f 11803 10975 12918
f 5121 1245 7807
f 11700 8212 9882
f 12623 7198 9590
f 7948 11185 10045
f 11860 11723 5443
f 8574 5281 8206
f 9603 10139 7726
f 2928 11885 8207
f 9603 3085 3086
f 9603 7726 3085
f 11860 5443 10409
f 10408 7973 10405
f 11344 10974 7074
f 9184 11293 11357
f 12623 10226 7198
f 8496 10140 9722
f 10647 7045 9380
f 10676 9678 7718
f 9369 9193 13555
f 10233 4278 10409
f 10846 7391 7094
f 10223 8142 11155
f 9364 9420 12920
f 6696 12930 13519
f 8207 8117 11649
f 10233 7703 10834
f 11716 5157 11792
f 4094 11803 11480
f 2796 9364 12920
f 10048 13417 8583
f 5732 6879 6307
f 8179 6860 5834
f 7693 12681 9590
f 5822 3923 5175
f 7972 7383 9124
f 8585 9124 7383
f 11439 12056 2432
f 5834 6860 12232
f 5101 11495 7717
f 10700 7476 9144
f 11723 10110 10109
f 9961 9380 9962
f 9604 11702 9729
f 3203 8141 10261
f 10147 9443 11702
f 9364 9363 9420
f 10517 9882 8212
f 10022 6191 12259
f 10147 8181 9443
f 9945 2798 11047
f 11293 9184 11155
f 5539 10316 10881
f 6007 13063 11811
f 5539 13102 10316
f 5964 5972 11520
f 8717 5302 7747
f 10651 12268 11294
f 10974 4094 11480
f 10648 12661 9496
f 3625 3624 3626
f 13528 6831 10649
f 12758 4889 12337
f 9274 11127 10608
f 11898 9933 9586
f 1723 4102 2929
f 10976 6565 5733
f 8800 7238 9501
f 9904 11502 939
f 5101 8402 7191
f 10419 7993 12198
f 12059 5763 13592
f 4583 9225 8709
f 7384 4583 8709
f 7693 9590 7198
f 11121 11470 5824
f 1538 3738 3063
f 10504 8119 13225
f 5334 10147 11702
f 10503 8408 10504
f 10307 10233 8711
f 11860 10110 11723
f 8800 10874 830
f 5334 11702 11589
f 11723 10109 6696
f 11746 994 995
f 9208 10518 8262
f 7199 12681 9589
f 11293 10260 11357
f 8142 11293 11155
f 7726 11879 10447
f 7726 9605 11879
f 3141 877 878
f 11336 11143 10755
f 7740 10260 11293
f 11760 8018 8180
f 3585 8391 8395
f 7664 8401 5741
f 10277 7404 9216
f 10976 10740 12918
f 8180 8018 10441
f 2177 3347 10607
f 9903 939 10338
f 12627 10701 9193
f 8017 13473 9442
f 9728 5199 12611
f 1043 11326 8583
f 2125 11609 2126
f 3050 2121 2118
f 3055 2133 2130
f 4530 988 1801
f 897 4436 6355
f 7415 4587 11516
f 9880 10649 9869
f 5538 13597 9538
f 3089 12434 11054
f 5043 13102 11241
f 11811 8181 10608
f 1120 3503 3505
f 5738 11074 5739
f 10914 12864 8837
f 7486 12548 5338
f 10618 6992 2414
f 10449 11241 13309
f 13438 2145 2148
f 10049 12885 12566
f 9041 9732 6007
f 2796 12920 7389
f 11839 3060 2152
f 4163 992 13569
f 9499 2429 10225
f 3786 4040 12383
f 12282 3911 11411
f 2152 2150 2151
f 11883 11186 4588
f 319 3909 1261
f 1307 1308 3093
f 2958 2300 12993
f 5043 10316 13102
f 7415 8940 5461
f 2818 1535 2153
f 903 12382 12342
f 9537 8181 11811
f 11677 2044 9190
f 7485 5541 8023
f 1307 3093 896
f 902 3503 12712
f 8709 7746 7387
f 642 12712 3503
f 13236 11394 2122
f 10594 13056 10344
f 13528 5762 7201
f 5538 12444 13597
f 3787 12342 12382
f 12538 5441 11092
f 9423 11677 12056
f 2433 13112 6226
f 11677 9423 3282
f 10449 13309 5538
f 12968 557 2141
f 557 2816 2139
f 3237 1804 4161
f 557 2139 2141
f 2125 13236 2122
f 3837 3838 2749
f 3048 3047 534
f 3048 2117 2116
f 3047 3048 2116
f 3138 3776 2222
f 3138 12341 3776
f 625 3776 11428
f 3776 3140 11428
f 3142 3464 877
f 3051 2121 3050
f 3051 2120 13236
f 3051 3050 2120
f 3142 4419 3464
f 11839 2154 2156
f 11839 2156 567
f 11834 7399 11337
f 3786 12383 12342
f 903 12342 12383
f 11839 2152 2154
f 3464 4724 877
f 3053 2125 2126
f 3053 3052 2125
f 3053 2124 3052
f 878 4724 900
f 878 900 901
f 3053 3054 2127
f 2129 3054 2126
f 3054 3053 2126
f 901 900 4437
f 898 901 4437
f 5616 899 4437
f 898 4437 899
f 3056 2133 3055
f 902 899 5616
f 3056 2132 2136
f 3056 3055 2132
f 3057 2140 2137
f 2816 3057 2139
f 3057 2816 2140
f 3058 12968 2145
f 3058 2143 2816
f 3058 2816 557
f 642 1120 4036
f 3061 2818 567
f 3513 1121 3512
f 3060 1533 2817
f 3061 1535 2818
f 12549 12548 10416
f 642 3503 1120
f 3060 11839 2818
f 2433 6226 7400
f 11578 2433 7400
f 10308 10594 13245
f 10308 13239 13056
f 10449 5538 13382
f 2897 4041 1120
f 7384 8709 7387
f 13356 4320 2146
f 13356 2143 3058
f 3059 13356 3058
f 2143 13356 2146
f 13356 2147 4320
f 13356 3059 2147
f 2239 1120 3505
f 2239 2897 1120
f 3059 13438 2150
f 13438 3058 2145
f 4036 4041 1681
f 4163 13569 7206
f 13438 3059 3058
f 1120 4041 4036
f 6849 9945 9423
f 6849 9423 12056
f 11888 11811 13063
f 3297 12109 11032
f 2180 3093 3089
f 12890 8023 5541
f 4568 8687 12912
f 11833 11140 8459
f 4517 9162 13334
f 8055 10915 5600
f 9775 10099 10100
f 6614 9775 10100
f 8056 5601 11961
f 11556 10306 12912
f 6990 7547 6055
f 9775 4568 12914
f 10915 7548 9774
f 5596 11714 5594
f 8838 5597 7545
f 4568 12912 12913
f 9658 10465 8056
f 11556 10811 5944
f 7547 12569 6785
f 10914 8837 8345
f 4568 12913 12914
f 10100 10099 7361
f 6515 9320 5606
f 12464 5062 8835
f 5257 5256 8199
f 4960 12826 6414
f 12569 9780 8837
f 13377 12697 12882
f 11672 7542 7543
f 12695 10394 6844
f 13209 12150 13377
f 10915 9774 5600
f 7362 10100 7361
f 10100 7362 5063
f 10158 7783 7539
f 5062 10158 11714
f 9565 9812 13163
f 7782 6515 8835
f 7782 8835 5062
f 11116 12913 10306
f 12464 8835 9780
f 8837 9780 5606
f 10584 11116 5419
f 5256 8556 8199
f 12792 5256 5257
f 6990 12669 7539
f 9048 11533 4069
f 7783 6990 7539
f 10915 8838 7545
f 9775 12914 10099
f 7544 5061 8344
f 10584 7821 12913
f 9771 6734 5428
f 9771 5428 9769
f 11116 10306 6731
f 7362 11577 2414
f 7362 2414 6992
f 5596 10157 5061
f 2193 8639 5911
f 13163 9812 12826
f 12096 6784 7543
f 6784 12096 5597
f 9162 3225 6413
f 2193 5911 7548
f 2193 7548 7545
f 12464 10158 5062
f 9048 5256 11533
f 12669 6990 6055
f 11316 7549 9772
f 8687 10465 9658
f 8687 9658 12912
f 6785 12864 11783
f 13377 12150 12697
f 9775 8687 4568
f 8687 9775 8839
f 11833 8459 7361
f 11316 9772 5063
f 6990 12569 7547
f 12569 6990 7783
f 6992 11316 5063
f 11316 6991 9320
f 7361 8459 8270
f 6991 11316 6992
f 10618 6991 6992
f 11577 6844 2414
f 11577 8270 6844
f 9773 8055 8839
f 12914 12913 7821
f 10914 9771 9769
f 6515 7544 7549
f 7544 7782 5061
f 11334 11140 4219
f 9772 6614 5063
f 12864 10914 11783
f 783 4203 1879
f 204 2380 203
f 3660 204 203
f 3660 1756 3661
f 5937 9004 951
f 12970 2737 3208
f 2942 205 3659
f 3431 2493 4679
f 693 1754 1753
f 13241 2608 6720
f 1752 4501 7697
f 1158 3660 3661
f 8083 5660 5657
f 204 205 2379
f 205 204 3659
f 6789 2205 2204
f 3431 2874 1612
f 693 13142 694
f 1895 1418 5149
f 2492 4673 12728
f 692 4835 1752
f 2383 350 12971
f 351 1423 4971
f 351 4971 1899
f 1023 2374 11929
f 6789 1612 3991
f 2490 12728 2204
f 7420 7422 8760
f 4137 2624 2622
f 1223 348 1413
f 3431 1612 604
f 2204 2205 3990
f 349 1416 8959
f 7447 9705 5991
f 12245 11022 11016
f 693 2274 4835
f 9185 3824 1343
f 1479 1477 2425
f 6275 10040 7154
f 1403 1875 13599
f 1743 3654 12946
f 8781 6961 5990
f 1030 2694 4558
f 1162 4846 1161
f 2383 1900 350
f 3431 4673 2493
f 694 13241 6720
f 2381 1228 2379
f 2490 2492 12728
f 1988 4254 13505
f 1227 1023 1024
f 2688 365 4908
f 257 3658 1342
f 7697 2606 1152
f 12111 1901 1902
f 2202 602 13255
f 11625 1019 1405
f 13142 693 4835
f 11390 234 10966
f 4131 4834 4837
f 2381 2384 12971
f 4834 207 4837
f 1164 1766 12393
f 2205 9158 3990
f 5415 2384 207
f 12716 12724 12706
f 3824 9185 1342
f 2380 1025 4556
f 783 1406 1220
f 6789 12728 604
f 4393 2207 11610
f 211 4832 4831
f 3431 604 4673
f 2874 4393 11610
f 2381 12971 1228
f 783 1879 1876
f 692 1155 13142
f 1221 783 1220
f 1289 2205 3430
f 8967 12739 1343
f 7148 11661 1690
f 12201 2608 13241
f 3657 3823 13553
f 2380 204 2379
f 3431 4679 2874
f 3655 2941 1749
f 1752 7697 1152
f 2874 4679 4393
f 3656 1152 2606
f 212 213 13134
f 213 212 4830
f 1148 1149 2602
f 9065 8477 3924
f 4216 1242 4214
f 2399 4560 1035
f 225 12389 3637
f 225 2398 224
f 225 224 12389
f 2759 1894 789
f 2202 3763 855
f 12329 3989 13435
f 5111 3824 1342
f 9185 258 1342
f 692 4836 1155
f 1615 4678 3991
f 2274 954 4835
f 1755 13503 1754
f 13016 12248 862
f 1479 2425 12811
f 4817 245 373
f 1461 373 245
f 5438 12811 408
f 12811 5438 1480
f 1485 3885 1990
f 1026 2380 2379
f 1026 1025 2380
f 4132 3659 5770
f 3659 3660 5770
f 1406 783 1876
f 6789 2204 12728
f 4501 1752 4835
f 2607 4131 4837
f 4203 2756 1407
f 6738 7749 9298
f 796 1425 1230
f 2602 1741 3654
f 3213 13136 954
f 692 13142 4835
f 255 3657 405
f 1478 255 405
f 2207 2495 607
f 5438 257 1481
f 2425 256 12811
f 12768 11016 607
f 3822 689 2740
f 1151 4833 1150
f 1341 953 3823
f 3212 13136 953
f 1742 7204 684
f 687 688 2941
f 255 11434 3657
f 691 7697 4501
f 1615 11610 3120
f 691 4501 954
f 691 954 13136
f 1615 3120 3992
f 1021 12204 13398
f 2963 2270 12752
f 13155 12970 3208
f 12959 1002 2270
f 3877 1454 1453
f 4814 2271 2270
f 1455 13258 244
f 4239 385 1956
f 12986 12330 4702
f 12959 8945 1002
f 868 867 3124
f 1632 1633 5352
f 3728 13155 3208
f 4814 1002 243
f 4815 3821 2591
f 3877 6188 242
f 2590 3641 13564
f 12715 1934 1932
f 1453 1454 1452
f 12715 1932 4227
f 3728 2963 12752
f 3275 2769 1452
f 376 245 12314
f 376 1462 245
f 3642 4545 2591
f 387 1468 1467
f 1460 1942 8939
f 1237 4559 801
f 1461 1460 8939
f 388 1468 2423
f 12975 4693 867
f 3879 3877 243
f 8945 369 244
f 1455 244 369
f 3126 12463 4697
f 5298 1937 1935
f 1939 1942 1940
f 1946 2774 2775
f 3821 2963 4114
f 6188 3877 1453
f 5437 1457 1938
f 1733 4114 3728
f 1082 1630 2879
f 2589 242 366
f 6188 366 242
f 2269 2737 13501
f 4815 4545 8945
f 614 13278 2878
f 1002 244 243
f 3879 243 244
f 4401 13153 872
f 12715 4229 1934
f 5298 1939 1937
f 4816 944 6632
f 1630 4399 2878
f 4816 3821 11001
f 3821 4816 2591
f 4816 6632 2591
f 1457 5298 1938
f 3821 4114 11001
f 4229 1938 5298
f 1452 2769 1931
f 3643 11037 3642
f 3275 1452 1454
f 12959 2270 2963
f 2271 12752 2270
f 12112 3643 6632
f 12112 6632 944
f 12763 1930 1449
f 3643 12112 4817
f 12763 1453 1451
f 12763 1451 1930
f 2589 2688 4499
f 4499 2688 1197
f 4401 1635 5352
f 8945 4545 369
f 3728 12752 13155
f 4401 872 1635
f 1458 5437 11037
f 5437 1458 1457
f 1457 1458 8939
f 12421 6040 2476
f 4817 12314 245
f 1462 1461 245
f 1461 1462 1460
f 11621 4118 4119
f 12272 8036 12686
f 1461 1458 373
f 1458 1461 8939
f 12970 2271 4499
f 4545 3642 370
f 12515 11061 8036
f 1339 1736 1338
f 1462 1463 12994
f 1141 1338 11604
f 4232 1943 11731
f 1463 1462 376
f 1292 5136 13153
f 368 5437 1938
f 4229 368 1938
f 7500 3364 6233
f 11447 13412 6236
f 1452 1931 1451
f 12970 4499 3820
f 12763 6188 1453
f 2589 366 2688
f 366 6188 1449
f 6188 12763 1449
f 4234 1945 4232
f 1339 6587 676
f 379 1465 12069
f 2936 3647 1738
f 945 8983 11604
f 1002 8945 244
f 4815 12959 3821
f 368 13258 1455
f 9042 13449 7507
f 10143 5906 5536
f 11967 6642 7700
f 12471 4995 916
f 11897 9464 2566
f 13258 368 12715
f 12959 4815 8945
f 7863 12181 7151
f 13410 3374 6027
f 8036 11061 11446
f 7931 6713 9806
f 6030 8336 11774
f 7863 9258 9029
f 5843 5841 7850
f 10045 12495 10338
f 9464 9463 2566
f 8336 5585 7514
f 4995 12471 6087
f 8245 8153 11076
f 3958 10707 5580
f 12534 9803 9806
f 4635 6234 7512
f 5581 6029 3388
f 12558 9830 8898
f 5216 7130 6239
f 10932 9464 11897
f 8825 8517 7853
f 2567 13081 8366
f 12126 9444 1056
f 7196 13584 13417
f 4995 7163 7160
f 4044 4043 6815
f 12816 11774 7772
f 8541 916 7161
f 7768 8328 1573
f 7700 2724 10663
f 3521 5634 8851
f 8336 7514 7772
f 9312 9278 8046
f 12951 6067 6068
f 7996 4282 11842
f 5843 6977 12225
f 7018 8372 7618
f 3359 4630 8327
f 8038 12515 12272
f 1708 1714 6679
f 6384 8382 7622
f 1584 1585 7514
f 1159 3661 1160
f 1058 13388 7501
f 9794 9798 9793
f 2724 6087 4074
f 4995 6642 7163
f 8510 10615 11171
f 4995 6087 6642
f 8825 5581 8517
f 9830 7290 6284
f 7793 5085 7794
f 9830 6284 8898
f 9464 10932 8362
f 13256 13237 5693
f 11251 8871 8872
f 5644 911 6798
f 7802 10214 11483
f 4773 3521 3528
f 12948 4066 3560
f 6234 6236 5048
f 7621 6384 7622
f 7132 6032 6033
f 10872 9714 8796
f 11171 10615 8042
f 12272 12515 8036
f 7863 3167 9258
f 8508 6239 7130
f 8496 5196 10140
f 11252 12629 7592
f 13046 8512 12218
f 4945 6023 3373
f 3362 5046 7770
f 1587 5220 12421
f 5651 10180 12263
f 6024 7772 7514
f 12869 11465 3538
f 6012 5045 6015
f 3522 5358 4043
f 8245 11076 8543
f 8218 7899 7900
f 11950 5580 13286
f 7792 5084 6810
f 3379 12816 11048
f 11233 5481 2448
f 7863 7151 7866
f 7133 10457 11684
f 10479 10180 11665
f 4598 6227 6974
f 7863 7866 3167
f 7133 1059 10457
f 6798 7587 11291
f 9685 13201 10347
f 9463 9464 8362
f 8435 7700 10663
f 3745 830 9144
f 8179 12848 13202
f 11240 10441 6967
f 9585 6879 6121
f 12918 10740 9872
f 9654 13447 8587
f 6121 5732 8403
f 1013 2350 1395
f 6120 6121 8403
f 8320 13588 12582
f 7052 7394 1254
f 1718 8576 11905
f 6120 7035 6121
f 7477 10275 13572
f 12495 5879 8206
f 9619 11197 9938
f 8179 13202 11566
f 10976 10975 6565
f 10503 12918 9872
f 6116 12219 5098
f 12477 6353 10139
f 3335 5195 5517
f 8801 12848 9722
f 3605 6822 6305
f 1718 12480 6565
f 4346 9603 3086
f 10743 10742 6305
f 9386 6353 8801
f 12219 8570 5277
f 7796 8391 6628
f 9209 7740 9208
f 9386 6900 6353
f 8306 10600 5981
f 9904 11905 11202
f 13232 11497 7708
f 12424 1716 5278
f 7717 2927 6631
f 9248 10029 10028
f 10552 8801 3347
f 13232 2846 13588
f 9584 9903 5281
f 7882 8206 5879
f 8575 9209 9871
f 2833 4982 8482
f 8801 9722 3347
f 9408 3203 10261
f 2429 7388 12599
f 12947 11797 6968
f 9536 3946 6766
f 3335 5517 12983
f 9582 6306 9176
f 9408 8118 11885
f 11344 7074 8160
f 4346 10353 10876
f 12881 9037 2267
f 10691 13473 7452
f 9585 6121 7035
f 9248 7241 5333
f 7717 2928 8207
f 3942 8018 6224
f 7473 6224 8018
f 5195 11081 1053
f 6477 7474 7444
f 13060 5534 12232
f 7884 5879 12495
f 9582 10743 6306
f 6822 6307 6306
f 9603 12627 10139
f 10743 6305 6822
f 6100 6098 5090
f 8625 2177 10607
f 5198 10700 10029
f 12038 6352 7059
f 7340 10045 10338
f 8800 9501 5533
f 10015 13207 3813
f 8496 5197 5196
f 8575 9177 9209
f 10976 10739 10740
f 12655 1718 11905
f 13600 12582 6967
f 9176 10744 12881
f 2586 7883 5281
f 1053 8148 5517
f 6565 12480 5733
f 7757 6955 5499
f 7718 9198 7217
f 10247 9198 7718
f 10740 9902 9872
f 7477 7766 12894
f 1053 10691 8148
f 7477 12894 10275
f 5997 3335 12983
f 5276 9580 10335
f 10739 5733 5736
f 11565 7371 8277
f 10691 5532 13473
f 3942 10441 8018
f 3944 10315 7120
f 7120 10315 10028
f 9176 12881 2267
f 10699 10874 10698
f 7717 11495 2928
f 10699 10698 7473
f 11081 10698 10874
f 9037 10647 9984
f 12467 13550 12268
f 8321 12582 13600
f 3611 6110 1716
f 4790 8390 3579
f 6879 8575 6307
f 11760 8180 10028
f 10502 8117 8118
f 11803 10503 11480
f 10015 11502 3814
f 9407 9408 11185
f 3305 6590 2163
f 8799 8800 5533
f 7884 10337 2928
f 7191 7882 5879
f 8773 1554 12801
f 7884 11495 5879
f 1214 1013 1395
f 12546 13022 6765
f 10503 10504 11480
f 11351 5535 13572
f 11760 10028 10029
f 8611 7474 11169
f 9883 10106 12603
f 9883 9519 10106
f 11760 10029 10700
f 7385 6440 11492
f 6440 7385 9419
f 13417 7197 8583
f 12052 9236 12268
f 9903 12495 8206
f 13261 6129 13096
f 10691 9721 5532
f 10337 7884 11185
f 3944 7120 2846
f 8576 11202 11905
f 10699 830 10874
f 7196 13229 13238
f 3076 6591 9966
f 11082 11351 13508
f 13202 8801 6353
f 13202 12848 8801
f 8575 6879 6308
f 8575 6308 9177
f 13508 13572 10275
f 9582 10742 10743
f 8574 8206 7882
f 11240 6967 12582
f 8179 11566 6860
f 9584 7883 1718
f 10742 5280 8407
f 11110 10742 8407
f 10744 8575 9871
f 10744 6307 8575
f 10744 9176 6306
f 3347 9722 10140
f 12881 10744 8262
f 9583 7191 8402
f 3347 10140 10607
f 9583 7882 7191
f 9585 2927 11649
f 10744 6306 6307
f 12599 7388 6190
f 10448 9145 10142
f 12538 2821 1538
f 12599 10019 5017
f 2796 7389 10677
f 13056 12259 10344
f 2302 3243 4535
f 4887 1807 3710
f 9945 6329 8599
f 4896 3624 1138
f 1352 4521 977
f 7387 7746 11142
f 12661 3204 9984
f 11142 10344 12259
f 11336 10755 7219
f 6941 3281 7746
f 8586 10648 9496
f 6138 7200 7694
f 4583 7384 9418
f 10443 10444 8020
f 3717 4894 723
f 5334 6354 7243
f 12894 6354 11589
f 1013 2348 2351
f 1013 2351 2350
f 5334 11589 6354
f 13542 2267 9037
f 13542 9037 9984
f 13119 8261 7948
f 6647 10675 10676
f 6647 7217 4978
f 10247 7718 8421
f 11358 11069 10224
f 5100 8402 5101
f 5100 5101 6631
f 6968 7708 11497
f 11786 10461 13224
f 3758 9900 11198
f 9393 9394 11183
f 6051 6053 9996
f 11459 6145 8420
f 10038 7141 8528
f 8203 9570 10544
f 8146 7211 10750
f 12813 5224 2857
f 9628 9629 9627
f 7932 8440 6841
f 12813 2857 4949
f 10369 7309 7307
f 9239 6184 7089
f 12871 10246 11773
f 9001 4075 6812
f 10369 13219 7309
f 9515 11564 13318
f 11786 13224 13424
f 11636 8240 11219
f 12455 10823 10266
f 10623 11902 11975
f 8385 11704 5386
f 7730 9204 10459
f 12041 5153 7354
f 10823 12455 9120
f 11324 10037 8528
f 6600 10051 7211
f 10752 7214 10054
f 3110 8238 9974
f 11329 11427 11275
f 7069 5808 5139
f 13342 12690 12051
f 1245 11542 7376
f 10713 10010 11366
f 9230 11786 13424
f 11343 3758 11198
f 9156 7554 13226
f 9634 11880 7736
f 9953 9954 11249
f 8557 8559 4073
f 3966 6247 5589
f 13524 11308 9277
f 7781 3398 6513
f 11044 7733 13051
f 13105 13554 7533
f 11219 7925 13206
f 11911 12103 7694
f 11307 10008 6907
f 5807 13516 2728
f 10075 7295 7294
f 8841 10917 3403
f 1282 11918 11273
f 7295 12483 919
f 11353 6907 9970
f 8889 9629 10941
f 6507 6047 3962
f 6047 6507 5224
f 7780 6513 6053
f 12925 5799 6247
f 2187 4648 4377
f 6047 8520 3962
f 12789 4374 6246
f 7934 8438 10787
f 3548 2251 655
f 7532 13032 7533
f 9099 13516 7065
f 12260 13419 9616
f 11273 9615 10558
f 8438 4918 12932
f 7615 9628 8644
f 9628 8646 9630
f 3548 3547 5374
f 5588 3963 3964
f 9507 8437 13593
f 7067 5378 7701
f 4454 5374 7170
f 10009 6780 5587
f 1537 4324 9132
f 6054 9615 7062
f 11353 8841 3403
f 5225 6162 3965
f 13524 9277 11149
f 6989 6051 9996
f 13324 2253 13407
f 4958 6544 2907
f 7298 10077 10364
f 10365 10077 13204
f 12130 7170 6805
f 10661 7924 7273
f 4997 9099 7065
f 3965 3964 12789
f 10661 9614 4914
f 4377 4648 11985
f 8520 2186 3962
f 13552 3394 5588
f 8646 7615 10788
f 5225 6246 5799
f 7275 10160 5349
f 8520 6047 5587
f 10008 12054 6907
f 13296 2186 8520
f 5376 13017 4456
f 13587 13051 10365
f 2725 12129 6084
f 13386 8151 2709
f 7924 11882 7274
f 9505 7273 9447
f 12643 10666 7934
f 13554 7534 9612
f 11273 11918 9614
f 5603 10160 12190
f 8830 12813 2858
f 8642 7294 12772
f 9629 9630 10941
f 844 13105 10903
f 3548 655 3547
f 8645 9629 8889
f 9629 9628 9630
f 12260 10067 13419
f 6054 11686 8831
f 7733 3792 5377
f 9506 11685 9970
f 13407 10184 7607
f 7532 7277 13032
f 10078 7296 9627
f 13296 13517 7534
f 10013 7068 12224
f 844 10903 6510
f 9970 6907 12054
f 10076 2252 8644
f 4997 7065 3792
f 919 12483 12013
f 2253 13324 10183
f 10661 4914 12925
f 7298 5379 9332
f 4325 569 1536
f 10666 7932 12001
f 3794 10013 2726
f 10789 8646 10788
f 6388 10937 5675
f 10662 3109 7272
f 13296 3107 2186
f 6049 5589 7262
f 9099 4997 6920
f 9615 6054 8831
f 9627 9629 8645
f 6054 6989 11686
f 6054 9447 6989
f 8440 3794 2726
f 11952 8433 5798
f 3966 5589 6049
f 12932 7607 9468
f 2253 5675 6089
f 5349 5603 11149
f 8841 11685 9765
f 13587 13593 8437
f 1282 11273 10558
f 5225 12789 6246
f 10077 3173 13204
f 4914 5799 12925
f 3966 6049 11876
f 10787 12932 9468
f 3965 5588 3964
f 11471 7296 10078
f 5674 9507 13593
f 11876 6049 6248
f 4914 6162 5799
f 4958 2726 10013
f 9506 9970 12054
f 8830 10299 12813
f 7532 11328 7277
f 7067 5807 5378
f 8193 6584 8535
f 11501 10011 13206
f 7615 8646 9628
f 10566 10665 9030
f 8584 9124 8585
f 11987 7934 10787
f 6054 7062 9447
f 9628 9627 8644
f 13554 4378 7533
f 11353 9613 6907
f 2186 3107 2708
f 4456 8643 12772
f 13296 12996 3107
f 9908 8436 6168
f 13108 12488 9820
f 5135 7271 10008
f 3109 11307 11341
f 2252 10076 12130
f 7273 6051 9447
f 11308 13517 10009
f 11341 9613 11815
f 3394 8186 3963
f 4378 7532 7533
f 7924 12935 11882
f 9099 6920 10566
f 6987 10299 8049
f 5674 9167 3556
f 11276 3173 9332
f 11307 6907 9613
f 13524 9612 11308
f 13524 9616 9612
f 11952 12935 11876
f 9615 8831 9766
f 7541 9615 9766
f 13552 7535 3394
f 3793 8436 10364
f 7541 9391 10558
f 13517 6780 10009
f 8436 8642 6168
f 8646 10789 13200
f 10463 11882 3756
f 12260 13524 11149
f 8436 10075 8642
f 2187 3107 12996
f 10544 6585 9477
f 1321 13462 3795
f 10713 10011 8152
f 11296 10623 4574
f 11975 11290 11064
f 11975 11064 11355
f 5122 7807 12455
f 10825 7141 8695
f 10825 8695 10822
f 11363 10822 11583
f 13400 7825 8215
f 9202 10070 7729
f 8584 5764 9124
f 9509 5139 13462
f 10372 3797 3180
f 10490 10545 9077
f 9230 13424 9229
f 13540 13462 5139
f 13082 10399 5297
f 9619 9977 9454
f 7063 10010 8152
f 7378 7376 11542
f 8068 11902 11296
f 12874 11280 12090
f 8647 10791 10667
f 13342 12466 12690
f 9231 10908 11478
f 7961 10391 12536
f 9238 12871 11773
f 9978 12658 3112
f 12484 6326 13534
f 9231 7063 10908
f 3110 10070 9202
f 3758 11501 9900
f 13540 5139 5808
f 9120 12455 7807
f 10623 11975 11355
f 11459 1245 6691
f 5199 12648 12611
f 2189 12099 9202
f 12871 7089 6184
f 7556 11367 9324
f 10010 7063 12690
f 6994 9999 12928
f 7741 1441 7959
f 8648 10791 8647
f 5384 5388 13406
f 7063 11343 10908
f 922 3795 7302
f 9665 9324 10102
f 10824 9665 10102
f 11786 9230 12051
f 7816 5808 7069
f 7309 9279 5387
f 7925 13474 7280
f 9665 10824 8694
f 11786 12051 9231
f 13406 9632 10790
f 9569 12614 12654
f 8694 8420 10822
f 9170 13305 922
f 13305 3795 922
f 13305 1321 3795
f 3969 8068 11490
f 13342 12051 9230
f 9286 12500 12927
f 8694 10824 8420
f 6257 13483 9013
f 10825 11363 1041
f 10825 1041 8528
f 7556 7141 10038
f 7140 7556 10038
f 6993 9999 6994
f 5122 5121 7807
f 9514 8267 10386
f 8068 3969 11366
f 7925 8240 9393
f 10011 3758 8152
f 3758 10011 11501
f 13305 8647 1321
f 10371 3798 3797
f 8588 9114 12663
f 7925 7280 13206
f 10012 11219 13206
f 11983 11514 6600
f 4075 8903 10791
f 7141 10825 8528
f 11363 10825 10822
f 10012 7140 10036
f 7815 9618 11590
f 11051 11515 13582
f 813 7352 7351
f 9953 9013 9453
f 12274 9514 5421
f 10301 3797 9631
f 9621 8348 12619
f 9233 9508 5808
f 11786 9231 11478
f 9539 12648 11365
f 5302 10408 10837
f 9727 8994 6766
f 12467 12268 11903
f 7060 5791 5131
f 3945 8994 8803
f 9236 10231 9235
f 3814 11502 9904
f 3814 9904 11202
f 11787 10504 13225
f 7696 10836 7197
f 7385 11298 10405
f 7973 7385 10405
f 9237 7074 10974
f 9726 12198 7403
f 6697 11544 11518
f 5125 5126 6693
f 9363 7972 13519
f 10247 8727 9198
f 13417 10048 13327
f 3745 10657 830
f 9678 10835 10836
f 7197 10836 10835
f 9129 9539 7845
f 8624 8623 10138
f 5451 10419 8804
f 10419 5451 7993
f 10048 11641 13327
f 11371 13238 13040
f 9678 9520 10835
f 5126 7749 7052
f 11641 13119 13327
f 11903 10652 11298
f 4590 5813 7404
f 10277 4590 7404
f 9519 9883 10675
f 9728 10064 11584
f 13584 7196 13238
f 5126 9211 13035
f 11703 10445 13062
f 13238 13229 13040
f 10675 1043 9520
f 12138 7403 7990
f 10247 8726 8727
f 10408 10405 10837
f 10652 10837 10405
f 12467 10014 13550
f 7696 6440 10836
f 8716 10836 6440
f 9519 6647 5157
f 11787 11480 10504
f 10226 10992 7198
f 11358 10651 11069
f 12198 9298 7403
f 8422 8726 8421
f 5126 7052 6693
f 7197 13417 13584
f 5813 1497 6851
f 8803 12642 10658
f 13018 7091 6193
f 10247 8421 8726
f 6739 9682 12539
f 8994 3945 6766
f 10839 8422 8421
f 8143 11371 10014
f 8422 6147 1254
f 11371 11372 13238
f 9588 7199 9589
f 9363 5442 7972
f 11716 9519 5157
f 9420 9363 12930
f 5335 12611 7483
f 1272 8428 10657
f 9883 11326 1043
f 10675 9883 1043
f 5306 1254 7394
f 5302 8713 7747
f 8261 9589 3203
f 9236 11787 13225
f 11195 5130 7238
f 11678 8727 9682
f 3284 7990 13035
f 7242 10876 10353
f 5335 9728 12611
f 10307 7826 4278
f 6647 4978 5157
f 13119 13207 13327
f 9968 7455 10550
f 13583 11371 13040
f 11372 8143 11492
f 11371 13583 10014
f 11358 10224 8713
f 8422 1254 5306
f 8143 11372 11371
f 11268 9962 11216
f 7696 7197 13584
f 8716 8421 7718
f 8716 10839 8421
f 8716 9678 10836
f 8716 7718 9678
f 12467 11903 8143
f 8143 11903 11298
f 7052 7749 7394
f 10446 4590 10277
f 9728 7244 10064
f 7196 13327 13207
f 7196 13207 13229
f 7826 11716 11792
f 11358 8713 10837
f 5302 10837 8713
f 5302 5125 6693
f 9198 3892 7217
f 9428 10424 11572
f 10346 11974 10422
f 12172 11279 8133
f 5825 4614 12158
f 5787 8619 6639
f 6760 5501 6962
f 6301 3808 7879
f 5752 5109 11528
f 8211 5883 9265
f 7392 10108 11762
f 10108 7392 8933
f 11601 12682 8137
f 8224 8225 11123
f 5105 13509 5402
f 12691 10505 12415
f 1459 1944 4233
f 2515 4402 2210
f 1944 1946 4235
f 1957 2779 2780
f 1950 1947 2776
f 2777 12353 2778
f 1948 2775 13126
f 13126 2775 2774
f 3443 2501 2500
f 11922 1628 136
f 1954 1952 2778
f 4697 2504 3446
f 1945 2774 2773
f 281 4237 381
f 281 381 2506
f 2361 1439 1921
f 1632 4005 3129
f 612 12246 3444
f 1948 1949 2776
f 4701 13432 3448
f 4696 3445 12975
f 4559 135 136
f 11922 136 135
f 1942 12108 1940
f 4122 12391 1145
f 6141 4821 4122
f 4823 4822 948
f 1626 868 1624
f 3128 13121 869
f 1947 2775 2776
f 2506 2504 4697
f 4238 1950 1952
f 12281 2695 2390
f 1736 2936 1738
f 4000 12330 870
f 12365 13144 12314
f 1632 5352 4005
f 1733 1336 4114
f 4819 674 1737
f 12967 1948 13126
f 3446 867 868
f 4000 2511 12330
f 3211 3651 2738
f 4699 869 13121
f 12108 2772 2998
f 2773 2774 1944
f 2592 1140 6587
f 614 613 2505
f 13158 12997 13278
f 377 1465 1464
f 1339 1141 6587
f 1081 3447 3999
f 2509 4699 13121
f 1630 4000 4399
f 247 12973 1465
f 6482 2459 3323
f 4401 3130 1292
f 13150 1957 4242
f 6482 8313 6963
f 12769 12463 869
f 4697 12463 12769
f 2594 4822 3649
f 7202 11604 944
f 388 385 1468
f 281 2506 2507
f 946 2593 2272
f 1627 4397 12246
f 1337 12365 12314
f 8951 678 9003
f 210 211 11611
f 211 210 4832
f 1632 3129 2879
f 2776 1949 2777
f 4699 2507 12769
f 2507 2506 12769
f 5285 12432 6311
f 12986 2509 870
f 12729 940 3206
f 1627 12246 612
f 11837 1953 1951
f 1082 871 2511
f 1946 2775 1947
f 2504 4696 12975
f 4698 2506 381
f 675 676 6587
f 677 2597 12737
f 1946 1944 2774
f 13278 12997 2878
f 1237 12754 135
f 2777 1953 12353
f 3126 4697 3446
f 6790 2510 12017
f 3126 3446 868
f 871 1082 3129
f 1082 2879 3129
f 4703 2512 2513
f 2937 220 4119
f 4816 7202 944
f 2509 12986 4700
f 2715 2509 4700
f 4699 2509 2715
f 1948 2776 2775
f 13150 1954 2779
f 8974 1901 796
f 12994 11731 1460
f 3130 3770 1292
f 4822 4823 3649
f 686 1746 2601
f 614 2878 4398
f 384 4696 382
f 4240 384 382
f 4236 1946 1947
f 7449 1564 12476
f 1946 4236 4235
f 4236 378 4235
f 2507 2715 378
f 1463 376 246
f 13144 246 376
f 11731 12108 1942
f 2272 3209 3645
f 4237 1947 1950
f 4237 4236 1947
f 1626 3125 4397
f 13121 3768 870
f 1957 13150 2779
f 3445 2501 3443
f 3445 3443 4693
f 281 4236 4237
f 9003 678 2596
f 1464 1948 12967
f 6828 11554 8660
f 9366 5520 1566
f 280 4241 13150
f 13158 12017 6369
f 612 3444 4692
f 4703 3130 13432
f 1336 2592 11001
f 6790 12017 13158
f 4708 3455 13433
f 2932 1727 2931
f 1909 132 12292
f 8780 8781 12346
f 12839 8175 8176
f 7946 11977 8258
f 7449 5189 7841
f 9003 11850 4120
f 4240 1952 1954
f 12241 1961 1963
f 3656 2606 4833
f 2936 677 3210
f 4698 382 4696
f 4238 4240 382
f 4240 4238 1952
f 4698 4696 2504
f 1626 3126 868
f 3641 2269 13501
f 2935 1733 2934
f 280 390 2501
f 390 280 4242
f 280 13150 4242
f 3445 280 2501
f 5937 3822 2740
f 5146 3211 4823
f 384 280 3445
f 384 4241 280
f 13150 4241 1954
f 384 3445 4696
f 4241 4240 1954
f 4241 384 4240
f 1464 1951 1948
f 12390 674 675
f 13144 12365 2272
f 3647 3646 1738
f 1626 4397 3127
f 9003 2596 11850
f 388 386 385
f 13144 2272 3645
f 7981 7980 10681
f 4819 4820 676
f 5146 948 4120
f 6574 3211 2738
f 3768 3128 4398
f 5146 4120 11614
f 3450 3770 3130
f 3768 13121 3128
f 3210 677 12737
f 3768 4398 4399
f 1144 4119 13426
f 614 12445 13278
f 13144 376 12314
f 249 2423 1468
f 2592 7202 11001
f 2512 13432 4701
f 12390 3644 674
f 12390 1140 1733
f 1140 675 6587
f 383 2594 3649
f 6482 6963 7446
f 13340 13158 13278
f 3210 678 3647
f 1339 1143 1736
f 4820 1143 676
f 387 249 1468
f 387 2738 249
f 1463 4232 12994
f 11731 1943 12108
f 12463 3126 1626
f 1939 1940 1937
f 11611 211 12239
f 4498 2590 3644
f 13496 401 1475
f 1143 1339 676
f 5932 12170 11119
f 4701 3448 2510
f 7148 8537 11661
f 1045 9141 12665
f 9141 1045 11717
f 2596 3210 12737
f 1337 8983 945
f 4234 12967 13126
f 383 1466 12973
f 677 2936 3648
f 1632 2879 6369
f 247 3209 2594
f 1469 388 2423
f 8466 11678 7091
f 6574 2738 387
f 4115 4116 4818
f 2394 220 1430
f 1736 1143 3648
f 946 2272 12365
f 946 947 2593
f 4819 675 674
f 4819 676 675
f 6790 13158 13340
f 947 8951 2593
f 377 4234 1463
f 4703 3450 3130
f 1338 1736 1738
f 249 3651 250
f 249 250 2423
f 2934 1733 3728
f 1336 1140 2592
f 11837 4239 12352
f 1143 4821 3648
f 7202 4816 11001
f 2590 4498 3641
f 3130 4401 4400
f 12390 2935 3644
f 1432 1238 1034
f 6574 248 3649
f 1467 1468 385
f 387 1467 248
f 6574 387 248
f 4703 13432 2512
f 248 1467 1466
f 248 383 3649
f 383 248 1466
f 946 3647 947
f 1032 1033 1431
f 1148 2602 3654
f 1967 12716 1969
f 4703 2513 3450
f 946 12365 3646
f 4709 1086 4006
f 10959 6555 9848
f 677 6141 2597
f 613 4694 2505
f 6630 6404 6403
f 2269 4498 3208
f 4498 2934 3208
f 11837 12352 1953
f 948 8951 9003
f 1141 2592 6587
f 1141 7202 2592
f 4400 4401 5352
f 1904 6689 11403
f 1337 945 12365
f 4821 1143 4820
f 377 1463 12069
f 1948 1951 1949
f 678 947 3647
f 947 678 8951
f 4822 8951 948
f 12463 3127 869
f 4234 13126 1945
f 1627 613 4398
f 4232 1945 1943
f 945 3646 12365
f 2937 4118 4117
f 2936 3210 3647
f 4117 4118 4818
f 13567 4116 13564
f 1616 3994 2495
f 403 1977 1476
f 9853 9856 3590
f 614 2505 12445
f 377 12069 1465
f 12731 1144 13426
f 247 2594 383
f 247 383 12973
f 8126 12415 9936
f 7105 10688 8476
f 2935 4498 3644
f 2935 12390 1733
f 3448 4400 1633
f 613 612 4694
f 12112 1337 4817
f 1337 12112 8983
f 1467 385 4239
f 380 11837 1951
f 380 1465 12973
f 3209 379 3645
f 13432 4400 3448
f 4342 5332 6350
f 1338 945 11604
f 1338 1738 3646
f 1338 3646 945
f 380 1951 1464
f 380 12973 1466
f 380 1464 1465
f 380 1466 11837
f 4822 2594 2593
f 4822 2593 8951
f 3209 2593 2594
f 10656 10430 11456
f 2880 1634 132
f 7327 6928 5932
f 7835 1551 8484
f 10643 7680 11266
f 9384 3933 8488
f 6192 11757 8462
f 6135 8210 7681
f 7326 3196 5403
f 5286 11647 7887
f 8128 10505 4491
f 5787 5788 10006
f 6761 4613 8487
f 7326 8448 6175
f 4342 8489 6220
f 8013 8172 6220
f 5188 7111 3933
f 7327 2264 6928
f 7840 10311 7110
f 11094 3928 6607
f 7234 6218 3932
f 4341 5332 5902
f 13445 6312 3199
f 1876 1879 1878
f 13402 11391 11818
f 12665 8732 817
f 7234 6219 10771
f 10637 10638 5712
f 6759 8006 13455
f 12055 13231 5307
f 10550 3337 13529
f 10218 9080 6682
f 6759 5984 8006
f 6132 7737 3617
f 1494 11757 10221
f 5786 10006 5788
f 8454 12425 1332
f 9080 10218 12064
f 13560 10020 10760
f 6764 4341 5902
f 11858 1891 3859
f 9483 2582 7663
f 11795 7839 8171
f 10505 4485 4491
f 13352 9587 12064
f 3081 10252 6899
f 10252 8316 12842
f 11864 5902 5332
f 8015 7455 9090
f 1564 8489 12476
f 5005 12220 13445
f 11864 8224 5902
f 3082 6899 2840
f 13445 12220 4485
f 9968 10550 9089
f 8129 3620 9936
f 6901 4591 4350
f 6444 6443 10108
f 6572 6444 10108
f 1331 13295 8658
f 7887 13478 6315
f 12486 4616 3929
f 7890 10047 12046
f 7325 11640 13478
f 11795 12158 4614
f 7332 10083 6176
f 8010 8311 8009
f 6312 6311 3199
f 6580 8487 7705
f 7235 2840 6899
f 8127 6313 12691
f 12220 5399 4485
f 11095 7440 8311
f 10505 8128 12415
f 7834 8991 1552
f 2584 8400 7324
f 10643 3619 12779
f 8124 12425 3617
f 9142 4593 10438
f 10083 5749 6176
f 13015 12066 5895
f 6348 9090 13015
f 11864 6220 8172
f 11886 2735 11758
f 6176 12572 5811
f 8224 5521 5902
f 7445 6960 5509
f 8224 11123 11236
f 12426 5402 13509
f 6314 5285 6313
f 1045 11505 10685
f 10866 1045 10685
f 5188 3933 3082
f 3932 6218 5513
f 12942 12170 1330
f 7071 5402 12426
f 9530 9987 10269
f 9435 10429 8619
f 6316 6826 8579
f 9368 7117 12620
f 10550 13529 9089
f 8015 9090 4340
f 7391 5447 12188
f 8224 11236 5521
f 8411 7332 3810
f 11757 9521 8462
f 11864 8226 8225
f 12170 6928 1330
f 10243 11266 11265
f 10309 11966 8731
f 13601 9101 13380
f 6151 11949 12066
f 12078 13369 1882
f 8484 11788 7102
f 11518 11544 11285
f 7840 7110 6217
f 8663 9637 11311
f 6192 13231 10107
f 2582 9483 9482
f 11864 8225 8224
f 10429 9214 8619
f 8423 13089 12055
f 9023 13015 9090
f 1256 12055 5307
f 11458 13500 5727
f 6880 8209 7683
f 13070 12842 8316
f 7879 8128 4491
f 2981 784 785
f 9434 3325 3324
f 8129 8929 8451
f 3619 6827 8450
f 6408 5005 5933
f 2264 6315 13478
f 10480 8368 8083
f 6589 1407 784
f 5188 3082 2840
f 6315 7328 8210
f 8209 6315 8210
f 7325 11647 5402
f 9504 8429 7246
f 3604 5099 12449
f 13053 12942 8449
f 9860 8913 8916
f 6842 10082 6177
f 8010 4614 5825
f 2926 4091 10081
f 7680 11265 11266
f 3024 7829 8731
f 12164 12696 7889
f 2047 9947 9946
f 5999 12842 13070
f 13322 7095 12188
f 7680 10643 10004
f 1882 13369 4205
f 13500 2926 10081
f 1494 7691 10846
f 10346 9947 2047
f 4665 12741 1607
f 5999 9706 12842
f 6408 5933 3618
f 6151 11875 11949
f 1720 7683 8210
f 7835 7834 1552
f 13380 7818 5143
f 9706 11236 12842
f 11021 12226 11166
f 7901 2801 11974
f 11796 10693 3938
f 4805 5882 11528
f 10312 10026 6221
f 6405 7327 11318
f 8782 8783 579
f 12437 8661 4488
f 8013 6220 8489
f 10643 11266 3619
f 8129 6827 3619
f 3082 3933 9089
f 132 133 12292
f 132 1634 133
f 7327 6405 7328
f 3620 8129 3619
f 8493 9706 5999
f 8991 6656 8768
f 4342 6220 5332
f 8929 8128 7072
f 4943 10311 7840
f 7325 13478 11647
f 9101 12426 13509
f 10890 10897 9750
f 12164 12682 6569
f 7325 5402 7071
f 7325 8449 11640
f 8450 9101 13509
f 8281 11771 5755
f 7840 6217 7111
f 5286 10644 10004
f 7111 6217 5512
f 4798 8112 13019
f 8929 9936 12415
f 8131 6682 11804
f 12779 8450 13509
f 8125 6408 3618
f 7691 9587 13352
f 11163 4104 6683
f 4585 10107 8463
f 11509 10735 5003
f 5106 11068 5749
f 10107 12846 8463
f 12106 7994 7094
f 5186 9245 11875
f 11163 2930 7890
f 6758 8006 8307
f 6314 6313 8127
f 10339 2930 10988
f 6450 10697 5194
f 6762 7110 3326
f 13194 10081 8921
f 7762 6965 3337
f 6965 13070 8316
f 10243 9488 11266
f 11864 8172 8226
f 5188 7840 7111
f 8226 8172 12158
f 7325 7071 8449
f 5034 12443 13129
f 5746 6408 8125
f 5186 7838 9245
f 11509 5273 6926
f 12249 5746 4484
f 5746 12249 6408
f 8659 5928 7320
f 8133 11279 11997
f 6135 7681 11113
f 10423 10421 12953
f 5882 6880 7683
f 10979 3629 8413
f 9707 3339 11287
f 5446 11908 10589
f 9265 11306 11086
f 8929 12415 8128
f 10693 6764 5521
f 10979 7688 1720
f 7688 10979 8413
f 5005 3199 5933
f 11949 5895 12066
f 8929 8129 9936
f 9968 9089 9384
f 10514 8463 7982
f 8463 12846 7983
f 10745 13352 7193
f 3191 9578 12887
f 3191 12887 8567
f 6758 5509 6960
f 8488 5512 6218
f 8778 13455 6960
f 13601 12426 9101
f 7839 8779 10311
f 8010 8009 4614
f 4943 7839 10311
f 1879 1407 6589
f 163 11003 786
f 5414 1412 1885
f 9311 9757 13339
f 6803 8367 2570
f 7020 12630 4457
f 162 3418 2482
f 12532 7266 11196
f 11858 2371 1891
f 7265 11007 2185
f 12532 5573 8635
f 10462 6866 13047
f 4203 347 2756
f 6688 172 1877
f 4781 5661 10480
f 5010 6589 784
f 9311 9043 12815
f 3413 2865 12007
f 6079 5653 2570
f 10897 10890 13189
f 1876 1878 782
f 9787 8070 10926
f 9750 10453 8811
f 10453 9750 10455
f 12600 8874 7589
f 955 5769 1753
f 4781 7588 5661
f 4055 8874 12600
f 9083 785 1410
f 13339 3380 11190
f 5051 4376 5573
f 12049 10614 10613
f 2371 1890 1892
f 12025 3676 1775
f 4777 5654 5653
f 6688 1877 1878
f 1890 163 786
f 163 2865 164
f 11003 163 164
f 6623 5661 10624
f 161 3982 3418
f 1888 1889 786
f 8367 12094 7015
f 1883 5290 5414
f 13604 15 13495
f 11387 13189 11386
f 3982 1065 3418
f 9650 8674 12851
f 11567 12132 11297
f 6803 2570 5654
f 13499 12674 4646
f 3974 1061 3410
f 10893 172 171
f 6688 171 172
f 166 3411 4651
f 8083 8368 9466
f 1892 786 1889
f 12783 11476 12815
f 6688 1878 6589
f 10995 13069 12226
f 11395 3856 5009
f 3102 9755 7773
f 12401 5149 1894
f 1892 1890 786
f 163 12007 2865
f 12007 2482 12328
f 9755 3102 3377
f 1888 8973 1889
f 414 1992 13565
f 164 2865 2863
f 8377 10723 5079
f 9757 11021 3380
f 9757 3380 13339
f 5653 5654 2570
f 10150 11387 10893
f 1882 4205 2985
f 1888 1885 8973
f 2367 1020 2692
f 3105 11196 12037
f 3102 3105 12783
f 12783 3105 12037
f 6623 10480 5661
f 11137 7264 169
f 4252 1984 409
f 4376 12820 8635
f 1157 3663 2609
f 3669 2947 1770
f 2489 4670 2488
f 1485 1993 4257
f 2872 603 7558
f 1065 2481 3418
f 4651 3411 3410
f 1888 1887 1885
f 4651 3410 2478
f 6688 6589 5010
f 4207 158 5940
f 1888 11003 1887
f 1880 785 9083
f 1878 1877 782
f 10995 11021 11476
f 4666 3988 3119
f 7510 7773 6500
f 9311 10455 9043
f 10900 7510 10893
f 1887 1883 5414
f 9995 4646 12674
f 2983 9083 4205
f 9995 9044 11007
f 5051 5348 4376
f 5051 7773 7510
f 7773 5051 5573
f 5348 5051 5052
f 10897 9043 9750
f 10897 6500 9755
f 165 2863 3411
f 792 1419 3860
f 10897 13189 6500
f 10897 9755 3377
f 10723 10042 5079
f 5080 10185 9469
f 11506 9154 6254
f 4055 7162 5653
f 1410 785 2980
f 4376 5348 5909
f 1887 165 1883
f 785 784 2980
f 13532 10185 5080
f 3425 12981 273
f 10455 9311 13222
f 3119 3988 860
f 2608 11749 6720
f 4839 4505 2275
f 11858 161 2371
f 2371 6726 1891
f 2371 1892 6726
f 7264 5052 170
f 3424 600 4662
f 12710 2759 789
f 602 856 1607
f 4666 3119 3764
f 1894 5149 1418
f 1989 3005 1990
f 4207 5940 2758
f 3989 12329 1609
f 11730 4207 13471
f 12767 3986 1608
f 3986 12767 1609
f 4666 3427 3988
f 12793 9074 12901
f 9260 13384 9074
f 7020 12200 12630
f 1244 6144 7049
f 6052 5595 9776
f 9814 4073 1038
f 9811 10481 13108
f 8684 13055 10245
f 3551 10193 9165
f 8832 5595 6052
f 9470 3551 6390
f 8675 5292 7610
f 10467 9316 8058
f 10726 4073 8559
f 12868 2915 9260
f 12093 5078 8377
f 12616 7357 7049
f 8673 8419 8674
f 10485 9017 11812
f 1038 9512 10669
f 10726 1038 4073
f 10726 9512 1038
f 9512 12645 10669
f 1590 7857 5595
f 10669 12645 7208
f 9814 7346 8887
f 10747 4218 7806
f 8377 5078 11108
f 7137 6255 6866
f 10723 8377 11108
f 10239 7606 9017
f 10239 10240 2915
f 10192 10193 9819
f 10485 10486 4072
f 4218 5120 7806
f 10485 9568 7610
f 12901 5258 6422
f 7606 10194 10195
f 5258 13384 7347
f 13172 5120 7049
f 6252 6251 6254
f 7020 4457 6390
f 3263 13172 13043
f 10192 5676 12868
f 9814 8554 4073
f 8521 6254 6251
f 10485 11812 9568
f 4072 10381 10331
f 12793 12901 8559
f 3868 13055 11722
f 9512 10726 9650
f 9512 9650 12645
f 10240 9260 2915
f 10240 10331 9260
f 1590 9154 7857
f 8683 10245 8674
f 1244 7357 7893
f 12093 8377 5079
f 12093 5079 6626
f 10193 8553 9165
f 1785 68 2646
f 10381 7951 7347
f 10381 7347 10331
f 11567 9470 12132
f 5078 12093 12200
f 8522 6866 10462
f 5258 12901 9074
f 9166 13532 5080
f 12616 5120 4218
f 7951 12962 7347
f 9470 6390 12132
f 10239 13532 9166
f 10381 4072 10486
f 3263 10381 10486
f 10239 2915 13532
f 7606 10195 11812
f 10239 9166 7606
f 10239 9017 10240
f 9166 5080 9811
f 9166 9811 7606
f 9165 8553 5078
f 4649 8058 3398
f 11507 3398 8058
f 12995 4296 11406
f 5676 10192 9819
f 2646 4151 2645
f 5676 10940 12868
f 5595 8833 9776
f 11606 2538 12771
f 10053 10246 12593
f 10940 5676 11567
f 6732 8683 7893
f 12694 1106 11743
f 3847 4182 4183
f 882 883 3779
f 12736 3845 1825
f 4739 2538 2539
f 711 2288 3230
f 501 4295 4296
f 12151 13609 18
f 2538 4739 12771
f 2890 13273 4026
f 2315 1004 1202
f 12312 1104 1106
f 883 3475 3779
f 6685 3845 2967
f 4027 12312 1106
f 2080 2078 2810
f 3035 2088 3034
f 2889 4026 1103
f 329 4293 4294
f 4866 1350 506
f 1171 4867 1170
f 13609 12151 1213
f 8957 3844 3250
f 12703 733 1823
f 3033 2083 500
f 12819 49 1826
f 2078 2080 4292
f 734 5413 735
f 12703 1823 2751
f 2289 12222 6833
f 4026 13273 1103
f 1107 1660 2540
f 1107 1108 1660
f 502 12995 327
f 4729 502 327
f 3471 3472 2888
f 11414 1103 1105
f 7918 7256 5342
f 5117 736 12703
f 2647 2648 1175
f 4025 3472 3471
f 11346 1923 8146
f 501 4731 4734
f 2081 2079 5310
f 11429 13264 1822
f 2751 1823 2966
f 3474 9015 2888
f 13273 4733 1104
f 4186 48 12819
f 328 4295 501
f 328 501 4734
f 328 4734 3476
f 54 4181 13264
f 12312 5615 12325
f 882 4024 13370
f 12367 13007 2285
f 12995 3905 327
f 12995 502 4296
f 11429 733 734
f 12819 1826 6685
f 3472 3474 2888
f 11941 11407 3035
f 11941 2812 11407
f 13370 4024 881
f 4024 5066 881
f 734 733 5413
f 12819 48 49
f 3477 49 48
f 11414 1102 1103
f 1831 2315 1828
f 12222 4522 6833
f 3846 1826 50
f 7918 7917 12531
f 4994 6912 3161
f 12694 1108 1107
f 1275 5794 2704
f 329 330 4293
f 330 329 3476
f 330 3476 11606
f 330 12771 331
f 3904 330 331
f 328 4294 4295
f 7186 13023 9957
f 4184 4186 12819
f 5413 736 1825
f 2085 3034 2088
f 3904 331 4292
f 2080 3904 4292
f 2080 2810 3033
f 1108 3477 4029
f 3477 1109 4029
f 3780 4737 2538
f 11002 1829 1832
f 3476 3475 12287
f 3475 3476 4734
f 2223 4738 2224
f 3146 2223 2224
f 2291 711 1353
f 3231 12988 4524
f 2889 1102 3474
f 11429 53 13264
f 3780 11606 12287
f 1657 12694 11743
f 11406 2812 3036
f 11406 11407 2812
f 2810 2083 3033
f 502 501 4296
f 501 502 4731
f 11406 4296 11407
f 10557 12044 1577
f 1657 11743 50
f 4296 4295 2088
f 4295 2085 2088
f 11429 1822 1823
f 11429 1823 733
f 2951 1814 3723
f 4931 12004 2082
f 4444 650 3164
f 46 3482 1110
f 46 11002 11012
f 4295 4294 2085
f 3474 1102 12333
f 5066 4729 3473
f 3034 500 2087
f 884 885 3780
f 4186 1830 47
f 13345 3847 3250
f 11841 48 47
f 4186 47 48
f 3145 885 884
f 2288 8985 7344
f 4729 327 12743
f 1176 2646 2645
f 3847 4183 3250
f 3472 2889 3474
f 883 3144 884
f 3034 3033 500
f 883 884 12287
f 11841 47 13359
f 4444 3164 651
f 4293 3904 2080
f 4293 2080 3033
f 1275 6017 5794
f 7255 8231 8232
f 8533 6263 12940
f 4294 4293 2085
f 2085 4293 3033
f 11606 3476 12287
f 7255 8230 8231
f 11575 9387 11444
f 3230 3228 2286
f 13345 3250 3844
f 12995 11406 3036
f 8353 7001 6063
f 6532 13394 6793
f 7576 2563 6066
f 7317 8253 8254
f 11841 13359 13366
f 11841 13366 1109
f 4184 1829 11002
f 11772 13576 12429
f 11477 760 12809
f 7441 6591 11188
f 3514 904 269
f 13064 6019 6583
f 10321 3098 10320
f 11575 10319 10556
f 12256 4994 3161
f 8358 3530 7787
f 13111 6903 6902
f 7916 7915 5341
f 8164 2847 3360
f 5623 11687 13574
f 12844 6074 8359
f 9928 9887 6793
f 11688 13124 3524
f 6530 7576 7578
f 5647 8865 8079
f 7918 12531 7256
f 5980 11205 8303
f 7917 7916 12531
f 6533 4445 6535
f 3165 4448 12021
f 7586 6533 6535
f 4361 12531 10357
f 11855 11687 8857
f 11632 4775 8865
f 5837 7251 12087
f 1540 5793 12087
f 5907 9068 9024
f 4361 10357 4364
f 5029 6606 5980
f 8631 13391 584
f 5072 11632 5647
f 4445 650 4444
f 8630 7255 7254
f 6533 5643 5640
f 13293 1692 650
f 2246 4445 5640
f 1314 2245 2242
f 3361 1274 13573
f 648 7001 8856
f 6072 8360 6074
f 9907 5343 7255
f 2565 6797 6795
f 5907 8230 5838
f 11863 8861 12127
f 9024 11575 10556
f 836 3749 6017
f 8233 12044 5210
f 5838 12087 5793
f 5210 12044 10556
f 5636 7004 6618
f 8078 11437 6870
f 12854 6375 7284
f 8810 10148 6497
f 5167 7721 2825
f 8629 584 7253
f 8629 8631 584
f 4445 11250 6535
f 4445 4444 11250
f 5838 1571 9068
f 12208 1692 7282
f 7915 10686 7418
f 836 6017 3368
f 9804 9563 8965
f 836 3368 4363
f 994 1193 12993
f 6071 6796 13394
f 4944 5341 4358
f 7252 5340 6359
f 6869 7002 5859
f 5072 12867 11632
f 5638 6796 6795
f 13571 5468 11679
f 9887 5636 12422
f 8630 4944 7251
f 11575 11444 7849
f 8630 7254 4944
f 8747 13453 5544
f 4944 7254 11034
f 4944 11034 5341
f 12866 12867 5072
f 4944 4358 7251
f 11998 5497 8303
f 3096 7849 11444
f 7572 13171 1126
f 1688 13171 9789
f 1047 4990 4988
f 5631 8075 6262
f 9928 13394 6796
f 10686 11963 9133
f 9928 6796 7004
f 4445 2246 650
f 7186 13096 4086
f 7915 11963 10686
f 11688 3525 13124
f 9907 8232 7258
f 8445 5931 5398
f 11869 11889 9994
f 10889 10892 4634
f 8233 5210 5212
f 2565 7008 6073
f 5210 10319 11270
f 1689 4443 4446
f 1689 3159 4443
f 2565 9795 7583
f 2565 6795 9795
f 6262 3519 6264
f 8747 4600 12251
f 12405 11969 9133
f 11688 8861 5641
f 8747 5544 4600
f 3096 7846 7849
f 8856 12043 5626
f 1691 12460 5859
f 5238 6268 8864
f 4358 5341 7418
f 8628 5342 8629
f 5643 6533 12127
f 7575 12866 8862
f 5629 6532 6793
f 6698 7251 4358
f 5637 6797 6072
f 5637 5638 6797
f 9024 12044 10557
f 6619 5631 11919
f 1689 2904 1692
f 1688 5639 13171
f 1314 908 3159
f 5869 1703 9078
f 3098 7849 7128
f 3361 3363 3749
f 7000 7578 5069
f 7578 9219 5069
f 9024 9387 11575
f 7575 5629 13574
f 8353 5640 6061
f 8353 6061 6062
f 8353 6062 7001
f 12405 11963 12029
f 8075 9219 7576
f 6533 7586 12127
f 11950 6033 3958
f 8075 7576 6066
f 3096 11444 3095
f 6264 3519 1125
f 9445 8042 10615
f 6698 4358 7100
f 3361 3749 1274
f 1689 12208 3159
f 3525 5641 12866
f 3525 12866 7575
f 5271 10574 10572
f 3524 6062 6061
f 3524 6528 6062
f 5468 7100 7418
f 2246 13293 650
f 3098 10319 7849
f 6530 7149 2563
f 6530 2563 7576
f 2242 3160 905
f 3095 6198 4988
f 3096 3095 4988
f 4053 9257 6621
f 2561 8847 13399
f 8070 10173 8074
f 6976 5548 6975
f 13125 5545 6971
f 7127 6230 7124
f 5177 9987 5176
f 11688 5641 3525
f 11212 3530 6530
f 9276 3300 12787
f 8357 11023 7005
f 7150 7157 12516
f 2468 2467 11890
f 12506 7149 8358
f 12506 8358 8540
f 3356 13573 11924
f 2245 7282 3160
f 2245 12208 7282
f 7917 11963 7915
f 7253 582 7252
f 2246 6063 13293
f 2246 8353 6063
f 12505 5629 6793
f 5623 5629 12505
f 5629 5623 13574
f 7918 5342 8628
f 12147 6999 5633
f 6277 11967 7700
f 11061 5047 7771
f 12375 11950 5220
f 5204 7848 6772
f 8382 12558 11912
f 7132 8038 6240
f 2724 7700 6642
f 8352 5701 5088
f 1587 3388 6026
f 6978 13449 3374
f 10931 8541 7161
f 3372 12080 6979
f 8435 6277 7700
f 7132 6027 8038
f 8877 11691 12263
f 6229 8500 3353
f 11070 12543 8776
f 6524 12824 5627
f 7931 13036 6713
f 3372 6979 3371
f 9547 9445 11684
f 1581 12225 6024
f 10180 10479 12629
f 11447 6236 2469
f 9461 10179 9798
f 5358 3522 4049
f 6800 8872 9327
f 4635 6236 6234
f 6978 8035 13449
f 12515 9042 11061
f 8504 2851 6862
f 3359 8499 4630
f 4768 7003 8072
f 8878 11252 7621
f 4946 3373 3372
f 6526 12824 6551
f 13256 12869 11972
f 13412 5049 5050
f 13410 5049 13412
f 6018 6979 10705
f 12840 5840 7507
f 5084 7792 8877
f 7793 8878 7621
f 2724 6642 6087
f 11950 3958 5580
f 11560 12952 6274
f 4058 7792 5667
f 7163 11135 7160
f 3364 5207 6233
f 6386 5260 6284
f 13081 9325 8366
f 8503 2851 8504
f 5581 1059 6029
f 7123 3351 3354
f 5667 7792 5689
f 12659 6385 7290
f 6034 5585 8336
f 8871 8541 10931
f 8242 6915 8243
f 5530 5531 7465
f 7161 916 7160
f 13081 10000 9325
f 4945 3373 5556
f 6234 6026 6028
f 13286 5580 12034
f 5581 3388 2476
f 11099 6034 6242
f 3388 6029 6026
f 7132 6240 6032
f 12534 6384 7592
f 8509 7130 12227
f 8873 9803 9799
f 11897 2566 9625
f 8995 9744 11170
f 9259 4056 7866
f 6912 4994 11455
f 2724 11040 10663
f 6537 9806 8873
f 8565 5269 5090
f 11251 9804 8965
f 12534 12629 9803
f 11493 6277 8435
f 11465 8366 3538
f 9259 7163 11967
f 821 4627 6009
f 4945 6022 6023
f 11252 7592 7621
f 1581 1578 1579
f 6800 11691 9804
f 13449 8035 7507
f 10457 1059 8825
f 12797 10115 7811
f 3365 5209 8328
f 6024 7514 1585
f 1581 6024 1585
f 7793 7621 5085
f 7290 9830 9625
f 4058 9563 9804
f 5207 5558 6233
f 12869 13256 6385
f 11099 3391 5586
f 3358 3354 2848
f 6272 8860 8867
f 5233 6525 8859
f 6014 7501 13388
f 8995 11170 5547
f 4946 5211 3955
f 6537 8873 9802
f 12534 6713 6384
f 3957 11171 3379
f 9738 12805 7126
f 11099 11547 3391
f 12659 7290 9625
f 10716 12181 9029
f 5556 3373 4946
f 4945 5556 5555
f 11620 5844 6977
f 5556 4946 3955
f 5216 5586 3391
f 11620 11048 5844
f 12816 7772 11048
f 13046 8513 8512
f 6386 13256 5693
f 7931 9806 6537
f 7792 6810 5689
f 9844 3520 3526
f 5200 11134 3360
f 9160 12670 8868
f 13046 5218 8513
f 11493 8245 6277
f 9803 8873 9806
f 5843 7850 10705
f 1584 7514 5585
f 1584 5585 6239
f 6098 5709 3578
f 5843 10705 6977
f 9463 13081 2567
f 8995 2851 9744
f 11135 8542 6274
f 9547 8337 9445
f 9463 2567 2566
f 8508 6664 1585
f 8503 8504 8509
f 6998 9844 3570
f 8038 6027 3374
f 5651 11291 11665
f 8542 9259 7866
f 9492 9349 10510
f 13036 12558 6713
f 7765 9302 9716
f 4956 12436 5237
f 13036 9830 12558
f 9259 11967 4056
f 10179 10932 11897
f 6800 11251 8872
f 5565 6022 6028
f 6241 10615 8510
f 11252 8878 12263
f 4635 8502 6236
f 5206 8327 5209
f 10931 7161 12228
f 6236 8502 2469
f 8542 11560 6274
f 6271 12952 6594
f 10179 9461 10932
f 8542 7866 7151
f 6978 3374 13410
f 10179 11897 11990
f 12471 8965 9563
f 8868 9799 11690
f 6018 8331 5211
f 8868 11690 4776
f 6018 5211 3371
f 4946 3371 5211
f 4058 11691 8877
f 4058 9804 11691
f 10996 6671 4051
f 7582 9793 8863
f 7500 5555 8332
f 6023 5568 3373
f 10777 459 2179
f 5555 5556 8332
f 6798 8872 8871
f 6798 11291 9327
f 6798 9327 8872
f 7500 7512 5555
f 6537 10179 11990
f 4770 6526 8854
f 12147 6068 6999
f 6745 3310 6747
f 3358 2848 6012
f 11689 8863 7785
f 6663 5208 6229
f 1579 5841 5843
f 6272 6271 5233
f 1579 11120 5841
f 1844 758 12781
f 3522 4043 4044
f 5207 8329 5558
f 1579 5843 12225
f 5648 9463 8362
f 6012 2848 8500
f 6271 914 12952
f 12840 8031 5840
f 13081 5648 10000
f 8504 6664 8509
f 5648 13081 9463
f 10179 6537 9802
f 7500 8332 3364
f 12284 1382 1381
f 12670 9799 8868
f 7428 11097 8751
f 13170 6019 7771
f 4769 2562 6525
f 9160 11928 7785
f 3521 6070 3528
f 11928 8868 4776
f 12670 9793 10930
f 10149 4636 4633
f 6018 5842 8331
f 9534 13490 12591
f 8601 3736 10854
f 8600 8601 10756
f 8600 3736 8601
f 8218 4279 10549
f 12902 9084 12528
f 11592 8795 8796
f 10143 12255 5906
f 10084 10085 11332
f 5455 10549 9301
f 10271 3344 4592
f 7727 12530 12598
f 10437 9440 7462
f 9717 5531 8798
f 3737 11873 11842
f 9302 11842 11873
f 9440 13260 13072
f 10345 8218 10549
f 4627 6769 1056
f 11920 6829 7043
f 11592 5529 5528
f 3343 11524 3941
f 11524 10271 7765
f 11120 6862 3953
f 7899 4282 10347
f 9685 10347 4592
f 3344 9685 4592
f 9714 10872 11315
f 3343 10271 11524
f 8795 4344 10871
f 11865 6638 3744
f 9714 11724 8796
f 9302 7996 11842
f 7996 9302 7765
f 10143 5536 7480
f 11332 8665 7333
f 8797 4349 2179
f 7410 12136 9084
f 2172 3079 6346
f 8724 7900 3736
f 13490 11724 11711
f 10439 3344 3343
f 6526 5627 12824
f 3344 10439 12590
f 10085 8665 11332
f 2176 10871 4344
f 2176 13030 7467
f 2176 4344 13030
f 12255 7246 5906
f 11238 11239 7118
f 9714 11315 11593
f 7249 9275 13085
f 4349 11681 11315
f 11238 7118 9215
f 4349 8797 11681
f 8622 10776 9606
f 11995 11207 3941
f 11995 10437 11207
f 11239 7765 9716
f 11592 8796 5529
f 4621 11995 6966
f 10058 6330 11281
f 10872 8796 10871
f 5304 10415 5305
f 12154 12241 3000
f 10763 12902 9894
f 10058 12528 12944
f 13085 9275 13075
f 7406 13085 13075
f 3088 10355 3746
f 7407 13085 7406
f 4345 4349 11315
f 4345 11315 10872
f 4345 10872 2176
f 4349 9606 2179
f 9606 4349 4345
f 12528 9084 9598
f 7406 13075 10117
f 8798 11681 8797
f 3087 12530 7727
f 8620 4345 2176
f 9640 11090 7337
f 8620 2176 7467
f 11207 7462 12591
f 9685 3344 12590
f 4592 10347 4282
f 3343 11207 12591
f 10345 7899 8218
f 13201 3736 7900
f 9492 11370 10511
f 9534 5528 5529
f 11920 4105 10508
f 11920 10508 8136
f 11233 2448 8754
f 4630 12478 8327
f 3358 6012 5551
f 5237 12436 6671
f 7768 5551 8330
f 2849 10237 13170
f 4770 8854 11261
f 8867 8871 10931
f 12147 7568 12951
f 12436 4956 5359
f 13050 5363 9624
f 8031 6973 5840
f 3358 7123 3354
f 7661 5714 7651
f 5205 7490 7488
f 5633 11761 8853
f 4051 6671 4049
f 4326 12529 9062
f 6617 11659 7565
f 914 6272 8867
f 7490 11776 7488
f 914 10931 12228
f 8805 8499 5204
f 7568 12097 6524
f 6012 8500 5045
f 10996 5233 6271
f 5209 7850 5841
f 7123 1573 6008
f 12824 8853 7639
f 12126 1057 9444
f 3359 7848 8499
f 12441 7099 8752
f 5268 5717 6293
f 8032 13448 12551
f 9794 9461 9798
f 5205 9737 1057
f 8077 911 8860
f 7768 8330 8328
f 8503 9744 2851
f 834 4360 833
f 907 6060 8852
f 6709 11638 7286
f 2564 9461 9794
f 8031 12419 6974
f 6461 9136 6462
f 3364 6663 5207
f 8034 7508 6016
f 7587 4776 11291
f 4144 1775 3676
f 12159 5237 6671
f 4359 8032 12551
f 7769 11568 6583
f 6911 5855 1687
f 12936 6019 13064
f 6617 7565 6060
f 1158 3661 3663
f 6973 10237 2849
f 6008 6611 3350
f 914 12228 12952
f 3522 4051 4049
f 6594 12952 11560
f 4768 8072 5627
f 6862 6772 3953
f 3365 8328 8330
f 11519 11233 8750
f 3359 3953 7848
f 11659 5701 8851
f 12159 6594 6273
f 8072 6524 5627
f 7565 13192 6064
f 11579 11532 11499
f 4911 12983 5517
f 11174 11545 11499
f 12843 7123 6008
f 8611 7228 11797
f 752 11931 1381
f 10174 11989 13107
f 5542 12610 5473
f 12843 3351 7123
f 4769 5233 4051
f 7755 8003 3312
f 12487 8034 5044
f 6617 6060 5621
f 10476 11261 9173
f 8352 9844 3526
f 12951 7568 11498
f 12840 7501 9541
f 3520 5633 6999
f 5204 5547 7847
f 9541 12419 8031
f 6273 7151 12181
f 5205 6229 7490
f 5200 10237 6973
f 3364 5208 6663
f 3520 6998 5633
f 7577 8077 8860
f 911 7587 6798
f 5200 6973 6974
f 13192 4773 8077
f 9160 8863 12670
f 6060 6064 8852
f 11659 5634 7565
f 8806 11856 3351
f 7582 7574 6068
f 4773 6069 8077
f 5047 7507 5840
f 12159 10996 6594
f 5237 12254 11455
f 5701 8352 8851
f 8352 3526 9791
f 5209 8327 8328
f 9541 7501 6014
f 11856 3354 3351
f 12951 2564 6067
f 12126 8329 1057
f 6272 8859 8860
f 6272 5233 8859
f 6273 11560 7151
f 13515 13510 7657
f 3914 6650 3305
f 9844 6998 3520
f 3359 5206 3953
f 12951 11498 11532
f 7582 8863 11689
f 7582 6068 6067
f 7582 6067 9794
f 7577 13192 8077
f 7587 11928 4776
f 5205 7488 9737
f 4956 5237 11455
f 2562 4044 4787
f 4627 1056 9444
f 7568 12147 12097
f 7582 9794 9793
f 2564 11579 9461
f 6525 6064 8859
f 6064 6525 8852
f 2564 9794 6067
f 11120 5206 5841
f 911 6069 7587
f 11532 13120 11499
f 13120 11174 11499
f 7574 11689 3526
f 5211 8331 6015
f 4769 4051 3522
f 4769 3522 4044
f 4769 4044 2562
f 911 8077 6069
f 5208 8332 5045
f 7577 6064 13192
f 5204 8499 7848
f 7568 6524 8072
f 7568 8072 11498
f 5701 11659 8908
f 8327 6611 8328
f 7574 3526 3520
f 3529 4771 8073
f 4631 11430 10702
f 11060 5547 11170
f 753 3850 12781
f 755 1009 2335
f 4631 11060 3952
f 12159 6671 10996
f 6068 7574 6999
f 8328 6611 1573
f 5205 6663 6229
f 11638 7927 5361
f 11638 6377 7286
f 8535 6584 5360
f 1973 1975 12293
f 787 12009 13259
f 419 4257 3886
f 12008 13596 12776
f 2617 2614 6588
f 4840 6588 2614
f 8501 6232 10031
f 13416 3640 1734
f 1131 8879 4783
f 7661 6112 6106
f 1225 5939 4555
f 6081 5660 13467
f 13505 3005 2787
f 4670 7558 2870
f 2783 12154 3000
f 1159 2610 3663
f 3764 857 2487
f 13259 1224 13021
f 2203 3987 1287
f 348 8973 1413
f 350 1228 12971
f 1992 414 417
f 1224 1415 1414
f 9004 12173 6437
f 1751 4834 1154
f 12773 1751 1154
f 12768 607 2495
f 1072 2493 4673
f 178 2363 1017
f 6081 5657 5660
f 6490 11988 10120
f 2492 1072 4673
f 10935 6538 4779
f 5505 4610 8005
f 8952 1225 4555
f 1403 13599 1874
f 12710 1227 6635
f 12201 1155 1156
f 1080 3999 3447
f 6275 8875 10040
f 2378 3730 2693
f 12008 12071 13596
f 12732 1156 1155
f 1289 9158 2205
f 1410 13133 2982
f 12176 1233 2697
f 1231 12281 798
f 2403 2992 1242
f 11405 5300 417
f 3177 13216 10079
f 6598 347 1408
f 1419 2378 4556
f 2693 3730 790
f 11836 3434 11424
f 13585 10963 11388
f 2493 1073 4679
f 2786 1988 2787
f 1020 6598 2692
f 10254 8066 11354
f 11017 12776 13596
f 4844 4846 2619
f 7370 10401 12137
f 7140 10038 10036
f 4143 3673 3675
f 956 13028 957
f 1021 13548 12204
f 13157 2486 4660
f 9594 1925 1246
f 5389 4919 9188
f 1755 6720 11749
f 9978 6910 9027
f 1225 4206 5939
f 4137 6832 2624
f 1881 2368 13548
f 1142 1737 674
f 3975 3976 3977
f 1986 4252 12307
f 345 346 781
f 1139 4111 3638
f 345 1875 1403
f 2367 13133 1409
f 4133 958 13028
f 1225 1893 4206
f 4840 3664 6588
f 2991 2988 1912
f 958 1344 13028
f 4840 2612 4134
f 13375 13398 8987
f 4840 4134 3664
f 6081 13467 8879
f 1484 1991 13505
f 5111 955 3824
f 1162 2622 4846
f 1165 3669 12393
f 7567 8858 5635
f 12009 348 1223
f 2945 4142 13596
f 12316 3669 2630
f 4252 409 1481
f 12139 5657 6081
f 1165 2947 3669
f 1222 1881 13548
f 12025 1775 12210
f 792 3860 13263
f 2630 3669 1770
f 1020 347 6598
f 787 13259 13021
f 1960 389 386
f 1224 4206 1415
f 2945 13596 12071
f 2945 3673 4142
f 6275 7588 9808
f 356 12723 1438
f 3673 3674 3675
f 391 1960 1959
f 12245 3437 11022
f 1987 4252 1986
f 12316 12393 3669
f 4131 4836 1154
f 5111 5769 955
f 5118 3860 1026
f 12009 1022 13259
f 1618 2208 863
f 1416 12710 789
f 1019 2365 1405
f 1238 1432 802
f 3601 3598 9861
f 11838 2404 1036
f 4774 11599 12829
f 6275 7590 7588
f 3213 13003 3823
f 2383 2384 1421
f 6275 7589 7590
f 13503 956 12739
f 4844 2619 2617
f 12009 1223 13375
f 7569 10924 8855
f 11325 6534 11304
f 182 181 11304
f 181 182 5009
f 7159 4054 12600
f 6975 9994 5546
f 12599 6190 10019
f 9742 3369 3366
f 12009 13375 8987
f 3213 5769 13003
f 1162 4137 2622
f 8952 349 1226
f 2374 8952 4555
f 787 348 12009
f 2386 1421 5415
f 3860 5118 13263
f 4128 1742 2939
f 4132 7205 1156
f 5118 2760 13263
f 12883 7446 8011
f 1992 417 5300
f 5118 350 2760
f 13496 2424 254
f 4132 5770 7205
f 10253 11289 7730
f 2941 2604 1749
f 2519 12018 11930
f 12768 2496 12377
f 350 5118 1228
f 1987 1988 2786
f 1986 1482 4254
f 159 3421 160
f 4553 159 160
f 1988 1987 1986
f 1988 1986 4254
f 8967 13503 12739
f 12316 1164 12393
f 788 1022 2370
f 1987 1984 4252
f 1984 1987 3004
f 8967 1753 13503
f 8967 955 1753
f 1987 2786 3004
f 1754 13503 1753
f 788 2370 3258
f 5939 788 3258
f 4206 788 5939
f 15 13604 13470
f 3665 5112 13135
f 4669 12766 12741
f 13435 3989 4672
f 8250 9401 10567
f 2386 1423 1421
f 397 12716 12706
f 10924 5625 8071
f 4212 8941 354
f 812 2406 13372
f 1341 3823 3657
f 10254 9394 3111
f 5463 5202 5466
f 8146 9594 9268
f 13216 9077 11586
f 6434 10922 13226
f 6910 9978 3112
f 7825 13400 7822
f 3111 8240 9555
f 13350 8242 6377
f 9072 12818 11324
f 10254 10253 8045
f 6285 8250 8251
f 9239 9240 6434
f 9238 9381 4224
f 13219 10079 9279
f 7380 11503 6184
f 9634 7736 6922
f 9619 9938 9977
f 8650 13052 13406
f 10232 9123 10826
f 5608 10826 9123
f 12915 12818 9072
f 10253 10459 8045
f 9239 7089 9240
f 3871 12110 4224
f 11636 9554 9555
f 11329 11275 9618
f 9156 11354 7554
f 9203 8241 9763
f 3111 9394 9393
f 4565 3265 10402
f 13086 9156 13226
f 11704 2254 10632
f 10562 10621 9027
f 9452 9453 12658
f 11331 9974 9228
f 7176 13314 13208
f 8650 13406 5388
f 9634 6922 8250
f 9362 10104 7381
f 11210 7381 10104
f 11210 9954 11699
f 10752 10054 9892
f 11210 6257 11249
f 11210 10104 6257
f 6835 10525 10821
f 8251 10568 2254
f 10475 10562 8241
f 10475 9203 10474
f 10475 8241 9203
f 8250 10568 8251
f 13219 9279 7309
f 6846 10232 9518
f 9362 8162 10104
f 11880 10545 10490
f 10238 5608 8529
f 9279 5261 12614
f 11376 7895 8681
f 7069 5139 11705
f 4220 5121 5122
f 3177 9633 7736
f 10253 10254 11354
f 10253 11354 11289
f 13342 9230 11290
f 9239 6434 10103
f 12915 10103 6434
f 10254 8045 9394
f 8699 10922 6434
f 12110 8699 6434
f 11364 8699 12110
f 3177 10079 13219
f 10254 3111 8066
f 3178 3177 13219
f 8190 9374 10475
f 9197 12527 12593
f 6185 13480 9362
f 9374 9452 10621
f 11636 11219 10036
f 10343 12010 4225
f 11927 8066 9555
f 7961 12500 813
f 10401 10403 12137
f 8162 3271 8700
f 12090 11280 5123
f 12526 12874 12090
f 13050 5362 5363
f 13147 912 910
f 6377 8242 7286
f 10327 9255 9029
f 9255 10716 9029
f 1316 5800 5137
f 909 910 4443
f 11446 7771 6019
f 13376 5362 13050
f 4441 9575 8562
f 6914 9255 9028
f 13169 3355 8807
f 9745 6496 6497
f 5322 5321 7227
f 7122 6972 5836
f 8977 12765 1575
f 8333 7494 1576
f 12457 1685 2243
f 7505 12503 4636
f 3591 10636 7658
f 13376 13050 6708
f 9745 4637 4633
f 2244 4442 906
f 9745 4633 12679
f 12503 12679 4633
f 1686 4048 6668
f 8807 8325 3915
f 1686 6668 5067
f 820 1055 11623
f 13376 7859 9098
f 7505 12487 12503
f 4447 6378 7283
f 1685 908 1314
f 5916 5242 6913
f 5916 5857 12511
f 1685 1313 3518
f 6670 6911 1687
f 833 1574 1572
f 11568 8498 6972
f 8242 8243 7928
f 6709 8979 5363
f 833 1572 3301
f 7927 6709 5363
f 6709 7286 12406
f 7505 5561 5557
f 8242 7928 7286
f 13169 8807 8027
f 8641 6708 6375
f 8191 4050 9459
f 3527 6641 6531
f 5463 5201 7250
f 3951 8755 7847
f 5044 6016 11799
f 13154 6531 7285
f 5200 3360 10237
f 4360 1575 1574
f 8603 6199 8604
f 3097 3099 585
f 13154 3527 6531
f 4441 8562 5618
f 6913 5241 3162
f 13154 1316 3527
f 3370 10612 7508
f 8810 6497 6496
f 833 4360 1574
f 832 834 833
f 836 4363 3954
f 7859 7926 8640
f 13169 8810 6496
f 13169 6496 3362
f 8535 1686 4050
f 6861 11098 11038
f 8535 5360 4048
f 8535 4048 1686
f 5851 3161 5619
f 6265 5619 4047
f 8807 3915 8027
f 12936 13064 5562
f 9745 7495 13448
f 5854 7147 7926
f 5853 4048 5360
f 9575 2244 6521
f 9745 6497 7495
f 2900 3163 13350
f 13170 7769 6583
f 585 8032 4359
f 12256 3158 5359
f 10612 7496 6016
f 6265 12533 5620
f 5854 7926 12497
f 6914 5916 12511
f 10612 6016 7508
f 8810 5202 10148
f 6267 5854 5617
f 5201 11623 4356
f 2244 9575 13029
f 1271 5129 7706
f 3161 4047 5619
f 8977 1575 3097
f 3097 1575 2850
f 13376 9098 5362
f 13064 5552 5562
f 10612 1576 7496
f 7122 1576 7494
f 11211 4441 5618
f 5552 5839 7494
f 5857 12508 12511
f 5857 6913 3162
f 11638 6709 7927
f 6912 12511 3161
f 7769 2847 11568
f 5617 11211 5618
f 9558 7147 6267
f 7147 5853 7926
f 5916 6913 5857
f 6915 8242 13350
f 6915 5241 1694
f 7122 5836 6013
f 5858 6670 12508
f 9028 9255 10327
f 5857 5858 12508
f 5858 5857 3162
f 5858 6911 6670
f 12298 1843 751
f 5242 11669 10563
f 8193 5855 2900
f 11638 6584 6377
f 11638 5361 6584
f 12487 5557 8034
f 5853 5360 8640
f 6016 7496 11799
f 13147 910 1315
f 1316 13147 3527
f 13147 1316 912
f 6641 3527 1315
f 12254 13127 11455
f 910 4446 4443
f 5465 12427 8498
f 5241 6913 10326
f 5241 10326 1694
f 6266 8534 11211
f 5466 8027 3915
f 4955 6670 1687
f 3367 5552 8333
f 912 1316 5137
f 4363 2850 3954
f 7709 5560 3956
f 5542 6228 8024
f 6265 6670 12533
f 12854 6266 12497
f 912 4446 910
f 3607 3606 8404
f 11568 6972 5839
f 6773 12936 5562
f 5242 10327 11669
f 5242 9028 10327
f 3163 6915 13350
f 5241 6915 3163
f 5619 6265 5620
f 8498 12427 5836
f 7147 9558 5068
f 7147 5068 5853
f 6914 13127 9255
f 8165 5836 12427
f 8193 13350 6377
f 8193 6377 6584
f 909 908 12457
f 909 12457 1315
f 6641 1315 12457
f 1574 12765 1055
f 1572 1574 1055
f 6641 12457 4442
f 836 3954 834
f 13127 6912 11455
f 13127 12254 10716
f 2849 13170 7771
f 13127 10716 9255
f 649 9575 4441
f 8977 4357 12765
f 6531 649 7285
f 7250 4356 4357
f 5500 3314 13176
f 34 12298 33
f 34 33 10032
f 755 12399 2333
f 12284 1381 11931
f 11423 6228 5542
f 12072 8958 1378
f 5071 11152 10176
f 11060 3951 7847
f 11060 7847 5547
f 8355 5071 9460
f 10476 4770 11261
f 5554 8033 4638
f 5554 6499 8033
f 1842 35 11013
f 32 4191 31
f 9739 32 31
f 5542 8024 9694
f 6499 13065 12805
f 7566 5628 10206
f 11399 1390 12964
f 4963 11666 1710
f 13065 7126 12805
f 753 4191 12068
f 8024 30 9694
f 9738 12649 12805
f 12068 1381 3850
f 11423 6494 6228
f 3529 8355 9460
f 86 9790 10927
f 7709 3952 11170
f 11423 4625 10702
f 8033 2852 3956
f 755 2335 12202
f 1844 3850 1382
f 11423 10702 6494
f 2609 695 4503
f 2852 7709 3956
f 8813 5554 4638
f 1206 12298 751
f 12014 8958 12072
f 1842 11013 750
f 11430 4632 12649
f 6523 6522 11152
f 7585 10929 6536
f 11989 10176 13106
f 779 2360 1016
f 779 13603 2360
f 12852 5507 13538
f 16 4035 12374
f 5554 8813 9753
f 10032 33 7126
f 12298 1842 1843
f 1843 1378 8958
f 2331 340 3253
f 12720 12014 3849
f 4632 8033 6499
f 7580 7581 11174
f 2331 3253 1205
f 5628 9173 10206
f 3951 4626 8755
f 34 7504 35
f 1842 34 35
f 3531 11831 9796
f 12298 34 1842
f 34 10032 7504
f 12838 4911 8148
f 9051 12518 3595
f 5714 6106 4964
f 6591 9888 11122
f 12461 5267 5873
f 1137 5737 8923
f 11175 10640 8114
f 5822 824 12801
f 2836 12481 2834
f 6473 8776 11984
f 6745 9697 3310
f 13442 7664 5741
f 3315 5500 5499
f 8321 6215 7442
f 7185 6679 6294
f 5979 8306 6955
f 8310 6477 7442
f 6117 6299 8570
f 4092 10739 5736
f 8776 10126 11984
f 3614 6825 11112
f 6299 6117 7187
f 12518 8111 3595
f 6462 13186 6464
f 6299 7187 8111
f 6295 7661 4793
f 1702 1134 6815
f 4787 1134 9479
f 12223 6461 12177
f 7651 8397 3584
f 5974 12442 5973
f 8571 5276 10739
f 13367 13442 6298
f 6100 5709 6098
f 13287 5736 12035
f 7757 5979 6955
f 11262 11667 6560
f 7651 3584 6293
f 3925 1556 8773
f 2701 6150 10025
f 4787 6815 1134
f 9009 8482 2834
f 12388 5094 6111
f 6678 5268 3584
f 3314 12033 13176
f 3314 5500 8772
f 6477 3318 7474
f 6628 8391 8390
f 13024 12843 6008
f 5270 8391 3585
f 5032 5981 6959
f 5022 3310 9697
f 6107 5728 3594
f 10122 6461 5472
f 12543 2457 10126
f 12684 1849 760
f 4084 4477 2924
f 8014 11737 1560
f 11519 6465 3303
f 5174 8770 8773
f 8568 5717 13389
f 9051 7657 5092
f 7715 2922 11435
f 11851 820 11623
f 5977 5978 8298
f 1556 5824 1554
f 3578 3574 2922
f 2925 11049 7799
f 10123 2452 2450
f 6096 3579 2574
f 5543 3351 12843
f 3914 3305 2163
f 12253 8204 7716
f 8565 2922 7715
f 4080 1704 13401
f 11066 7798 11450
f 5091 3582 7649
f 6300 6107 7188
f 7027 5262 6289
f 6287 4045 8532
f 3925 5988 8777
f 13442 5741 6298
f 11761 3573 6096
f 7796 6628 1705
f 12795 5267 12461
f 9576 7642 12423
f 3593 3592 4965
f 7908 5534 13538
f 4790 6097 6628
f 2450 11519 8750
f 6462 7429 8750
f 4083 5270 7716
f 12442 5974 3918
f 5701 8908 3571
f 6457 6488 8755
f 5543 8806 3351
f 6297 10213 1710
f 8310 6475 8772
f 8014 12764 13014
f 4982 5175 6211
f 13510 5872 2923
f 6208 4981 5819
f 11454 11954 7101
f 821 8753 8752
f 8754 2448 6489
f 7082 2412 8265
f 9430 3312 8295
f 8762 5174 12801
f 6207 5175 4982
f 11793 13186 2454
f 5543 8292 8751
f 8220 5167 3917
f 5268 1135 8393
f 8309 11169 3315
f 7796 1705 3578
f 11633 8482 6211
f 7428 8751 3304
f 7754 8766 6747
f 5982 6959 5981
f 6108 2925 7799
f 11793 2454 8771
f 5979 10600 8306
f 821 7099 4627
f 11695 10499 9583
f 7664 13442 1714
f 12852 13538 12235
f 8482 4982 6211
f 7441 12221 5892
f 3075 5893 10060
f 13513 7716 7878
f 7802 6681 10291
f 6754 5494 5490
f 11121 5824 1556
f 12081 5728 8569
f 4627 6650 6769
f 2836 11633 12482
f 3592 5272 4965
f 12639 6119 11110
f 6475 5988 8772
f 2836 7837 12481
f 3318 5500 3315
f 6127 4800 3608
f 1553 8474 1550
f 1553 5319 11027
f 4336 12990 5128
f 3315 5499 6955
f 11097 7419 8806
f 12838 6150 7837
f 5182 8486 4910
f 5976 10123 6464
f 4083 7876 8390
f 2452 6465 2450
f 11097 7428 3310
f 4767 4045 6287
f 2170 11549 12544
f 7032 12081 4089
f 11531 13367 6298
f 11451 6296 2578
f 11121 1556 1560
f 12253 1708 8204
f 5737 6113 3611
f 3925 8773 6471
f 11049 2925 3599
f 11121 1560 11737
f 8771 2455 9431
f 11175 3602 4089
f 11451 5093 6296
f 6005 6968 11497
f 13289 13460 10734
f 3579 8390 7876
f 11520 8295 3304
f 10122 6457 8756
f 9136 6461 12223
f 4790 3573 6097
f 12179 12221 11794
f 12852 12235 7228
f 11435 2922 3574
f 2836 2834 11633
f 6298 12639 4088
f 11549 13454 2457
f 6469 6471 8770
f 3335 5997 3942
f 5997 13014 3942
f 6005 12947 6968
f 13049 12219 9580
f 11951 6118 4092
f 6102 5874 8396
f 6107 3594 4964
f 12424 5278 13287
f 6108 7664 1714
f 7475 13454 11549
f 6110 6295 5093
f 1708 7185 8204
f 6299 12273 5277
f 6112 7661 6295
f 9051 7031 7657
f 7715 11435 12876
f 6678 3584 5269
f 12824 7639 6551
f 4767 7028 1702
f 9576 12423 8104
f 4085 5090 8397
f 6095 7638 5621
f 11519 3303 5481
f 7795 5088 11433
f 4044 6815 4787
f 12795 12461 11666
f 6100 5090 4085
f 5022 8753 11776
f 2448 5481 3352
f 9136 13186 6462
f 907 6095 5621
f 8753 6009 7488
f 8753 7488 11776
f 907 5621 6060
f 6098 3578 2922
f 7428 6747 3310
f 5964 11520 5963
f 9136 6468 2454
f 8300 6470 10600
f 13186 11793 6464
f 5973 8766 12373
f 6099 7652 13389
f 6579 6653 11954
f 5874 8395 8396
f 6100 8396 5709
f 12128 7642 6819
f 6461 10122 12177
f 11519 5481 11233
f 8292 5543 12843
f 9576 13515 7652
f 3914 2163 4598
f 8109 13515 7657
f 5976 11793 7435
f 3304 8295 3312
f 6456 11233 8754
f 4787 9479 6095
f 11954 13507 824
f 11097 5543 8751
f 5819 6590 7101
f 8564 5267 5265
f 8564 5265 5703
f 10734 7878 5874
f 8395 5709 8396
f 4767 6287 7028
f 6296 6295 4793
f 7795 11433 1705
f 7419 11097 3310
f 1705 11433 3578
f 6469 12033 11521
f 12223 13196 4606
f 6456 5472 6462
f 2574 5703 6551
f 6678 1135 5268
f 12373 8770 5174
f 6099 13389 5717
f 824 8762 12801
f 6650 3914 6769
f 3914 13561 6769
f 6457 8755 8756
f 12802 4331 6338
f 4043 1702 6815
f 11982 5315 4980
f 6096 2574 7639
f 6296 8568 2578
f 2163 5314 4598
f 6469 8003 12033
f 10640 8569 6300
f 7027 10242 2923
f 10209 4469 2261
f 8610 6340 7906
f 6556 9851 11278
f 12373 8766 6469
f 11520 3304 8751
f 12373 6469 8770
f 5472 6461 6462
f 6578 8165 12427
f 8610 7906 578
f 12808 6578 2824
f 6637 3309 1266
f 8915 3591 7658
f 5091 7797 3582
f 7797 9846 8389
f 6521 4468 8562
f 12529 6855 7902
f 6200 5816 6855
f 13183 5463 5466
f 9576 6819 7642
f 7795 3570 5088
f 8100 12795 11666
f 12684 1388 1390
f 20 21 1852
f 20 6343 21
f 20 1852 1853
f 5543 11097 8806
f 5965 6650 7099
f 4080 13401 4961
f 5974 8762 3918
f 7419 5022 11776
f 8806 7419 11856
f 6457 6456 8754
f 5870 12423 7028
f 12795 12780 5265
f 13024 6008 3350
f 8104 5872 13510
f 7757 7755 9430
f 7419 3310 5022
f 3158 8532 4045
f 8469 11134 6227
f 5315 8469 5314
f 5870 7028 5262
f 12442 8752 9697
f 6617 12876 8908
f 1702 7028 12423
f 9576 7652 6099
f 6457 8754 6488
f 6579 11954 824
f 6097 1705 6628
f 12128 6819 8393
f 7178 7644 7026
f 5092 13510 2923
f 6122 6680 9034
f 5092 7657 13510
f 6208 6207 12847
f 7429 2450 8750
f 9845 9479 1135
f 7429 6462 6464
f 12795 5265 5267
f 7755 13176 12033
f 5977 2452 8300
f 5877 8115 4966
f 6100 5272 8396
f 9079 12135 6116
f 12128 9479 1134
f 8565 6098 2922
f 4939 2826 5888
f 13507 12441 3918
f 9136 12223 6468
f 8908 12876 11435
f 8908 11435 3571
f 5963 11520 8292
f 4980 5819 4981
f 6287 5262 7028
f 8104 5870 5872
f 5963 6949 3303
f 8104 12423 5870
f 6590 3305 7101
f 12441 13507 11454
f 13507 8762 824
f 13507 3918 8762
f 8471 2823 2824
f 11053 6337 8605
f 5872 7027 2923
f 2905 10039 7158
f 5977 8300 10600
f 13507 11954 11454
f 4598 5314 6227
f 1543 8603 2162
f 2468 11890 12637
f 5965 12441 11454
f 5982 9431 2456
f 7757 5499 13176
f 5870 5262 7027
f 5266 9845 1135
f 8564 5703 2574
f 6456 6462 8750
f 12128 1135 9479
f 2452 5977 8298
f 6678 6290 5266
f 5973 12442 6745
f 9654 8587 9653
f 6470 5976 7435
f 5976 6470 8300
f 5201 2162 11623
f 9575 6521 8562
f 5965 3305 6650
f 5965 11454 3305
f 5315 5314 6590
f 5270 3585 7878
f 13186 9136 2454
f 11520 5972 8295
f 6295 6296 5093
f 8773 1556 1554
f 3352 6949 3350
f 5965 7099 12441
f 7796 3578 5709
f 5972 9430 8295
f 5972 5978 9430
f 7796 5709 8395
f 5973 6745 6747
f 6678 5269 6290
f 5976 8300 10123
f 4083 8204 5873
f 5973 6747 8766
f 11793 5976 6464
f 6207 4982 12847
f 6208 5819 6653
f 8104 13510 13515
f 5979 5977 10600
f 5977 5979 5978
f 5874 7878 3585
f 7082 9058 2412
f 9476 2412 2255
f 2055 12073 1506
f 10792 357 4464
f 10018 6730 7355
f 5943 7351 10095
f 9280 5389 9188
f 9835 10571 10385
f 10668 9280 11201
f 6180 10017 9058
f 10750 10588 12275
f 465 1504 2053
f 7371 12265 11515
f 12183 12596 10256
f 12183 9032 12596
f 12526 12090 6324
f 9238 4224 7089
f 6185 8277 13480
f 11515 12265 8275
f 12041 12537 11773
f 8190 9783 11699
f 10399 13082 7081
f 6835 10821 5947
f 12041 11773 5153
f 13079 6585 9573
f 9114 9654 12663
f 6185 6846 9518
f 12265 9515 8275
f 12871 9238 7089
f 8066 7554 11354
f 11203 10399 7081
f 4976 12593 10246
f 12654 12614 5261
f 13534 6326 10051
f 3110 9392 8238
f 10072 9999 12904
f 10010 12466 11366
f 9381 3871 4224
f 11927 9554 12818
f 10834 9124 5764
f 10834 7703 9124
f 3489 2893 3150
f 1000 4540 3248
f 10257 11977 7946
f 11617 12725 5162
f 2062 1511 476
f 12344 11093 2439
f 3155 2232 3154
f 1816 4540 4174
f 290 467 1196
f 290 2442 467
f 1195 725 3246
f 996 724 11622
f 2441 2440 12370
f 2441 12370 465
f 12084 13457 5699
f 12982 1305 3782
f 5434 10817 7956
f 12893 9571 12560
f 12982 3783 1305
f 1815 2304 725
f 4538 3727 4173
f 2051 12370 2440
f 290 1196 469
f 5162 290 469
f 1505 11736 464
f 2439 461 1258
f 3782 1305 3490
f 1510 293 473
f 4540 4907 3248
f 470 2057 2058
f 1509 2057 1507
f 1195 4175 4174
f 2053 1506 12073
f 3720 1359 999
f 3720 725 1359
f 725 3720 3246
f 1360 3247 2308
f 11617 1509 1507
f 12725 11617 1506
f 4906 3720 999
f 2062 1512 3296
f 4906 999 6834
f 4540 1000 4174
f 2684 4541 4907
f 1815 1195 4173
f 470 1507 2057
f 11617 1507 1506
f 1001 2684 2685
f 4538 2308 3727
f 1000 4538 4173
f 297 4905 486
f 297 486 5459
f 12893 8388 9571
f 1815 3727 1813
f 1815 1813 2304
f 2308 726 3727
f 3261 1429 1236
f 4541 3248 4907
f 460 12322 12321
f 291 5162 469
f 1816 291 469
f 1259 2051 2440
f 3293 1040 2437
f 2684 4907 730
f 1505 1504 11736
f 1151 3656 4833
f 1816 4175 291
f 297 482 3724
f 297 2443 482
f 5425 6938 10389
f 7636 5425 10389
f 2443 483 1513
f 11736 1504 12370
f 2443 5459 483
f 297 3724 4905
f 2443 297 5459
f 4903 997 3724
f 4905 3724 997
f 294 295 11921
f 295 294 4899
f 294 3722 4899
f 294 11921 473
f 1195 2683 4175
f 1514 1512 11232
f 4544 2683 3722
f 1510 8943 1509
f 1514 1513 1512
f 1816 4174 4175
f 1509 11617 1508
f 4541 3842 3841
f 4541 3841 3248
f 465 12370 1504
f 7738 12165 7946
f 1514 296 482
f 2681 482 296
f 7454 9532 7116
f 4112 4110 1732
f 1510 1509 1508
f 2681 4903 3724
f 1514 11232 296
f 2681 3724 482
f 1514 2443 1513
f 11921 2062 476
f 2678 4899 3722
f 2678 3722 3246
f 2678 3246 3720
f 2678 11947 4899
f 292 1508 291
f 292 291 4175
f 292 1510 1508
f 292 4175 4544
f 293 1510 292
f 293 292 4544
f 293 4544 3722
f 293 294 473
f 294 293 3722
f 3934 5189 5519
f 5519 7453 1566
f 4113 13501 4813
f 1636 4004 3450
f 1969 12716 1970
f 7944 7817 3806
f 5142 13045 7817
f 8783 5995 5516
f 7738 7739 12165
f 3450 4004 3770
f 12437 10377 8661
f 3935 11923 7760
f 5190 7454 8490
f 1909 2400 131
f 4707 2211 4402
f 4708 2880 131
f 13371 13420 2880
f 4113 4112 2933
f 1636 3450 2513
f 4709 2518 1086
f 2404 234 2405
f 7326 5403 8448
f 4804 6828 5747
f 7738 8446 5403
f 8313 6482 3333
f 1231 797 3731
f 1631 11922 135
f 8130 11554 6828
f 10692 5829 9532
f 6405 11318 8660
f 4993 3134 4407
f 5995 8783 8782
f 12310 7559 1074
f 13420 1086 4003
f 5990 4615 5514
f 4112 3639 1731
f 3639 942 1731
f 11838 233 2404
f 806 129 130
f 3455 130 129
f 3455 2519 13433
f 2518 3454 1086
f 3333 3323 6481
f 5932 11119 10257
f 7450 7761 7760
f 13054 3206 5936
f 2361 344 12714
f 3206 5406 3635
f 12729 3206 3635
f 1631 1629 11922
f 2882 4007 4008
f 3133 4405 4406
f 4615 5990 10427
f 2932 1729 12747
f 9108 1911 806
f 7449 7841 8313
f 2736 3818 11956
f 12176 1236 1234
f 4812 1139 2588
f 12514 8313 7841
f 2499 865 4691
f 2396 2397 1033
f 3261 1236 1908
f 12839 3135 5354
f 3865 4214 4215
f 9525 12953 10421
f 3457 4710 7561
f 6683 11804 6682
f 2518 617 4707
f 3260 797 798
f 5354 4408 579
f 4497 3635 5406
f 5354 3135 4408
f 10257 7946 12165
f 4211 2697 2392
f 3650 2597 1146
f 2508 1631 134
f 8423 13338 3285
f 3937 10235 9246
f 7454 5520 10692
f 2210 3132 4004
f 5766 3636 13012
f 671 3818 3817
f 4811 671 3817
f 2210 4402 3132
f 6569 12682 8414
f 4112 1731 4110
f 6406 3196 10377
f 3457 12018 2519
f 7144 11836 11424
f 13045 8447 5766
f 5189 7449 12476
f 5519 5189 12476
f 8781 1639 12346
f 671 673 672
f 5995 8012 7450
f 5995 7450 5516
f 3456 4407 4008
f 5995 5514 8012
f 5995 8782 5514
f 5932 10257 11318
f 1243 1036 6577
f 5142 10796 8447
f 4707 3772 2718
f 672 942 7341
f 2697 1031 2392
f 609 11016 11022
f 8781 5990 5514
f 3935 7842 5190
f 6963 5994 7446
f 10959 9848 9852
f 6828 7739 5747
f 7842 3935 7760
f 7738 5403 3196
f 3935 5190 8490
f 3935 11057 11923
f 12437 12451 8662
f 7682 6406 6830
f 13567 13564 2933
f 12437 4488 12451
f 4973 1434 805
f 4488 4497 12451
f 12523 11080 579
f 12523 5191 7844
f 12523 7844 11080
f 1084 1636 2513
f 2739 684 7204
f 4488 12522 2263
f 12377 11836 12245
f 8782 1639 8781
f 8782 8781 5514
f 2263 13045 5766
f 11057 11235 5516
f 7116 3937 8490
f 355 810 6577
f 6406 10377 12437
f 6174 3636 5766
f 6406 8662 6830
f 8783 11235 12523
f 8783 5516 11235
f 3451 3454 2515
f 13284 1424 4557
f 3451 4004 1636
f 3937 7116 10235
f 3937 11235 11057
f 9345 8400 11194
f 5505 2459 2460
f 4110 3638 1732
f 3937 9246 11235
f 13469 7682 6830
f 1640 3456 4009
f 8661 6175 12522
f 2518 4709 617
f 6206 6749 5169
f 1640 1639 4408
f 2518 2515 3454
f 1640 6260 3456
f 6174 1727 3636
f 2213 1638 4405
f 2213 4709 1638
f 2881 3451 1636
f 13567 2933 4112
f 13476 8736 12919
f 13476 3292 10761
f 12106 10682 7994
f 4099 5285 6314
f 9709 8792 8791
f 11068 5106 10293
f 10866 10685 8793
f 6148 9688 8425
f 10846 7094 10678
f 12647 11518 11285
f 3192 4483 12348
f 13199 7194 7687
f 11285 10678 7994
f 7094 7994 10678
f 11757 1494 9521
f 12144 11086 1724
f 10514 7982 9183
f 8139 10514 9183
f 5447 13322 12188
f 13418 10218 6682
f 6450 5194 7412
f 5957 6450 7412
f 9142 6859 7463
f 11491 5718 7655
f 6697 5307 11544
f 11534 2845 10438
f 11086 12144 6317
f 8462 11544 5307
f 9946 9947 11980
f 13521 4340 6349
f 4099 12432 5285
f 10507 5751 10083
f 5106 9180 13203
f 5957 7412 9428
f 9711 11237 7117
f 10309 7829 7980
f 7976 6192 10107
f 9182 7691 13352
f 7691 9182 10846
f 3285 13379 13089
f 3629 10979 2587
f 12144 7193 12064
f 9709 1054 3940
f 9180 7687 13203
f 4593 11663 11572
f 12106 7220 10682
f 6859 9010 5832
f 10107 13231 12846
f 7687 7194 6319
f 10339 4585 10513
f 7119 7412 5194
f 13199 8139 7194
f 12055 12846 13231
f 10693 5521 9706
f 11901 8016 5522
f 1721 4099 6314
f 13409 9587 10221
f 12106 7095 7220
f 5109 5755 11771
f 9180 10047 7687
f 9182 7391 10846
f 9182 9126 7391
f 9182 10745 9126
f 4104 11804 6683
f 7889 7888 11265
f 9421 11887 10423
f 10059 7095 10760
f 11717 1045 10866
f 10059 7220 7095
f 13409 10412 10989
f 9709 3940 1569
f 9265 11086 6317
f 13409 8580 9587
f 7408 6742 3895
f 8134 8412 3623
f 7193 1724 10046
f 9080 6683 6682
f 9587 9080 12064
f 11452 5098 12687
f 13521 7763 8015
f 13199 2930 10339
f 13199 10047 2930
f 13089 7983 12846
f 11163 7890 4104
f 6192 8462 13231
f 8462 5307 13231
f 11163 8580 10989
f 11163 6683 8580
f 11208 9535 11717
f 8134 5757 8412
f 9490 10848 13408
f 3288 6852 9946
f 8721 13408 10848
f 7751 8721 10848
f 8720 7751 12873
f 3288 11015 2431
f 3288 8289 6852
f 1929 2419 1450
f 1929 1930 360
f 2689 1198 1197
f 4908 2689 1197
f 1929 1450 1449
f 1930 1929 1449
f 12911 9491 9876
f 8722 9877 3623
f 8722 7752 9877
f 7752 8722 13100
f 8721 12911 13408
f 7751 8720 8721
f 5935 3205 12564
f 3288 9946 11980
f 8134 10294 4807
f 5935 12364 3205
f 6742 13093 11230
f 3273 4579 4580
f 10303 10304 3201
f 1334 3205 3819
f 12617 7408 3895
f 12617 7752 7408
f 2768 1248 12438
f 9308 9710 6003
f 9692 8290 9304
f 1334 2690 12323
f 1199 2690 1334
f 5104 5881 8208
f 2418 2768 11417
f 2768 12438 3273
f 2768 3273 11417
f 2420 2768 2418
f 1248 2420 360
f 2768 2420 1248
f 2420 1929 360
f 2420 2419 1929
f 2690 1198 2689
f 1199 1198 2690
f 6132 6310 5004
f 5743 12105 1333
f 13320 7912 12924
f 13320 6000 7912
f 9602 10063 10062
f 8223 5524 6897
f 6568 4097 5745
f 10797 8410 7073
f 6592 5898 12433
f 7232 9088 8491
f 10798 11311 5404
f 9637 11720 937
f 9102 6407 4489
f 13332 9510 6929
f 5789 11075 7913
f 6566 9866 4803
f 6566 937 10970
f 6568 5745 5929
f 12640 7073 8410
f 8664 10978 6829
f 8617 10251 9201
f 8617 9201 10250
f 7233 11550 10063
f 10258 9035 3200
f 8223 12520 6895
f 4096 1333 8950
f 7330 11979 5404
f 4097 4098 5743
f 5787 10006 11701
f 10350 7911 5329
f 7058 11045 10006
f 12131 7913 9087
f 10768 10251 8617
f 9383 3080 12520
f 2735 12961 3809
f 9601 10063 11550
f 13332 10533 9510
f 10770 10601 13094
f 11979 10799 5404
f 9489 5405 9875
f 12131 13320 7913
f 7040 13182 11310
f 6133 5744 3194
f 9638 9639 12660
f 7679 10533 13332
f 9967 8618 13512
f 11865 3744 4986
f 8427 6837 11075
f 11571 12924 7912
f 13332 6929 11310
f 12625 3811 10506
f 9435 11571 7912
f 7073 13220 11274
f 1561 11045 7058
f 4096 8208 13247
f 9873 13220 9874
f 9637 8663 9638
f 5790 9383 11766
f 9967 10769 8618
f 2172 9601 8616
f 6407 9102 7678
f 11865 9271 6638
f 6178 7330 5404
f 6638 9271 9272
f 8410 9489 8935
f 8410 8935 6134
f 10378 7686 9349
f 8122 6131 5880
f 6152 9022 5897
f 11486 5036 11522
f 3616 7886 669
f 8122 7886 8577
f 1333 12105 10533
f 13220 9873 10576
f 5790 5900 3080
f 6131 8122 7330
f 8928 7333 6409
f 10576 9873 8259
f 13464 9272 9271
f 11766 9383 6898
f 8927 8928 9868
f 6310 6133 5004
f 1561 7058 12417
f 5789 12924 11701
f 10302 5744 6133
f 6131 6309 4095
f 11865 7909 9271
f 6837 2837 9022
f 12907 12906 9350
f 7679 8950 1333
f 6592 4986 3744
f 10062 9088 12903
f 12520 4985 6895
f 8927 9867 10970
f 937 8927 10970
f 10654 10251 10432
f 11978 10576 12105
f 5790 3080 9383
f 7040 10304 8577
f 11132 6842 6177
f 2174 5523 6485
f 12961 6842 3809
f 7679 1333 10533
f 1561 6837 8427
f 13594 13512 9087
f 11720 8927 937
f 12633 5450 9734
f 12907 9639 10798
f 9639 12907 12586
f 5282 4096 13247
f 5282 13247 8123
f 5900 5901 6896
f 5282 5743 1333
f 5282 1333 4096
f 10767 13072 11561
f 10302 6133 11758
f 10653 3744 6638
f 8928 6409 9868
f 7232 10135 12903
f 13030 12903 10135
f 9639 12586 10084
f 12660 9639 10084
f 12906 9349 9350
f 3811 5144 5811
f 8795 8794 4344
f 9271 7909 7911
f 11045 11701 10006
f 8794 10063 9602
f 10768 10432 10251
f 10303 11979 7330
f 11075 9087 7913
f 7233 10767 11561
f 5283 5929 5397
f 8794 10767 7233
f 12906 10378 9349
f 7886 7885 669
f 7886 5880 7885
f 4098 11132 11978
f 9725 8803 8804
f 7886 3616 8577
f 11886 12625 7331
f 9035 8664 6829
f 8122 8577 10303
f 4490 6566 4803
f 8492 7115 7114
f 11486 10061 7909
f 5144 11758 6310
f 4097 5282 8123
f 9866 6566 10970
f 4098 6568 5284
f 4098 11978 5743
f 9201 6638 9272
f 5284 3809 6842
f 6568 5283 5284
f 5283 6568 5929
f 5331 5897 7910
f 8663 11311 10798
f 10258 11310 6929
f 10653 6638 9201
f 10258 10304 11310
f 13030 10135 7467
f 13182 7679 13332
f 11132 6177 11274
f 11766 13512 5331
f 5130 9501 7238
f 10679 9896 10112
f 13594 5331 13512
f 8663 9639 9638
f 5934 8664 9510
f 2432 6740 5450
f 12633 9734 10539
f 9237 10974 11480
f 12833 12030 11964
f 12056 6740 2432
f 6740 12056 9190
f 12642 13328 10658
f 10775 8626 7483
f 6767 8182 9540
f 10317 10318 6662
f 6767 5540 8182
f 10679 7988 2797
f 7988 9299 2797
f 9129 1044 9539
f 9129 7402 1044
f 5130 6352 9501
f 7402 6193 10418
f 9734 6581 10539
f 10679 2797 9896
f 7121 9067 10540
f 11144 13115 6740
f 7988 9733 9683
f 10318 9733 6662
f 11144 6740 9190
f 3068 13277 12019
f 6459 3307 13123
f 3068 3067 2831
f 11263 6820 6105
f 8654 13465 8653
f 9888 6591 5892
f 2349 101 2348
f 5493 12542 10125
f 3064 1545 2165
f 4467 925 6669
f 13271 3577 3581
f 4467 4789 925
f 7430 11205 6606
f 9159 12407 11971
f 571 8758 5471
f 572 13291 1549
f 6101 1325 3589
f 1312 13271 4788
f 4473 4475 4474
f 13277 3068 2831
f 1265 1263 1264
f 12030 6397 12407
f 11854 8759 13123
f 12030 7938 7939
f 12030 12407 11964
f 11862 6755 4607
f 4789 3577 925
f 5497 13481 6756
f 10212 5393 664
f 659 658 4789
f 3308 11680 5487
f 4467 6669 5626
f 13271 11925 3577
f 5391 12407 6397
f 648 5626 6669
f 4328 11234 4329
f 658 3583 3581
f 8254 7318 9909
f 12833 7938 12030
f 5966 8293 5486
f 10212 664 7653
f 10212 4920 663
f 11234 573 575
f 11234 575 12542
f 10212 7653 4920
f 8759 11854 11679
f 11862 8763 12125
f 10333 5271 10572
f 10715 7564 7937
f 6101 3589 930
f 8763 11680 5489
f 8763 5489 12125
f 13277 4333 12019
f 11680 3307 5489
f 3307 11680 13123
f 8604 8606 5024
f 7222 6202 7902
f 3186 4468 1133
f 3307 5966 5489
f 1324 3581 3802
f 1545 1549 7221
f 1545 7221 2165
f 3802 3581 3583
f 3068 3069 573
f 3802 929 927
f 8474 13013 1550
f 12833 11964 7937
f 6196 3302 6198
f 9429 5166 5021
f 11881 7722 3322
f 9870 9880 12608
f 8653 7939 5393
f 9558 7145 3572
f 5968 2166 8293
f 12019 4333 12798
f 6562 5722 6560
f 12042 6459 8759
f 6459 12042 8758
f 5494 7432 9135
f 7315 4789 4467
f 12042 3916 9133
f 3589 931 12977
f 765 1853 4970
f 5893 9138 10349
f 570 319 1261
f 570 646 319
f 6467 4329 5493
f 3065 5968 11033
f 5967 6950 8293
f 1858 1857 4192
f 8654 8653 5393
f 1324 3802 927
f 1324 927 4788
f 6467 5486 4329
f 1265 2165 2159
f 1313 1312 4788
f 1324 4788 13271
f 8981 3186 1707
f 5489 6467 12125
f 8758 12042 5471
f 12042 8759 3916
f 3802 930 929
f 1543 7704 8603
f 659 4789 7315
f 13568 1545 3064
f 5968 3065 7221
f 11033 5968 6950
f 12301 12964 1391
f 6101 930 3802
f 13568 2831 1545
f 11262 8107 11667
f 9429 11098 3949
f 5967 5966 3307
f 12363 4481 932
f 5968 7221 13291
f 5968 13291 2166
f 13013 1546 6857
f 5852 6288 8532
f 7721 8468 11982
f 12428 1550 6210
f 927 928 926
f 5968 8293 6950
f 8191 9459 9340
f 4331 6337 6338
f 822 3064 1265
f 4788 927 926
f 5166 9429 2823
f 3575 7025 5067
f 823 13568 3064
f 3591 3588 8398
f 6202 7903 7902
f 1704 6629 7178
f 7831 11960 2826
f 6668 3575 5067
f 5316 2162 8603
f 4081 5617 5263
f 8474 8480 9906
f 5816 6200 8325
f 1268 3739 4605
f 930 4477 4084
f 662 4471 3187
f 7223 6652 5888
f 7798 11114 6103
f 930 3589 4477
f 825 13277 13568
f 825 4333 13277
f 3322 7437 7439
f 3322 12230 5504
f 3322 7722 6892
f 3322 6892 12230
f 4037 2552 2553
f 12162 1860 12578
f 11399 12684 1390
f 9138 5893 6609
f 5498 7437 11488
f 7722 7723 6892
f 12162 12578 4193
f 12081 8569 4089
f 3329 3331 2169
f 9138 6609 10127
f 1389 1390 761
f 11477 3254 1388
f 11706 5498 6754
f 3923 13576 11772
f 4796 4086 7660
f 8106 4796 12448
f 1849 25 1387
f 12448 4796 7660
f 4608 11993 11468
f 4608 4609 11993
f 7186 9957 13096
f 5494 5498 11488
f 12230 6892 5892
f 14 15 13470
f 15 14 2895
f 9701 6473 6472
f 11421 4970 1391
f 19 20 1853
f 20 19 4618
f 9701 6468 4606
f 13360 13 1677
f 12684 762 1849
f 3075 11881 6609
f 3329 6343 4618
f 22 1850 12301
f 13167 1857 13145
f 1394 13167 11050
f 11706 6754 25
f 13167 1394 1857
f 4035 2461 3948
f 11399 12964 1850
f 11552 10765 10127
f 1391 12964 12113
f 1852 1391 4970
f 3499 1856 3501
f 1856 13145 13495
f 3322 5504 7437
f 8966 7665 11112
f 23 762 1850
f 10765 9138 10127
f 1860 12162 772
f 12179 4608 11488
f 21 6343 12853
f 13605 4272 269
f 14 2552 2895
f 12684 11399 762
f 12162 12184 1859
f 6343 20 4618
f 1213 767 11050
f 13167 1213 11050
f 12374 3948 6768
f 1849 1387 760
f 447 2029 4271
f 13605 447 4271
f 11552 11706 24
f 2553 13360 3506
f 8966 10736 7665
f 1850 12964 12301
f 21 12301 1852
f 24 25 1849
f 24 11706 25
f 21 22 12301
f 22 21 12853
f 13 4193 12
f 13 12 1677
f 13 14 12184
f 14 13 13360
f 11881 3322 7439
f 11881 7439 6609
f 11399 1850 762
f 13 12184 4193
f 13360 1677 3506
f 12162 1859 772
f 3501 3507 1672
f 9701 4606 6757
f 11706 5502 5498
f 9703 11070 8776
f 15 1856 13495
f 1856 15 3501
f 6297 13023 10213
f 18 4619 19
f 12151 18 19
f 12151 765 767
f 11074 11814 7666
f 4537 3718 1722
f 4495 12103 5762
f 6439 12538 12032
f 3298 2820 3912
f 6226 9249 6970
f 6355 12434 3089
f 3297 11401 569
f 12661 9881 3204
f 12189 11926 11337
f 13551 4969 670
f 2819 3912 2820
f 3298 3913 2820
f 3913 3298 11516
f 5449 12548 7486
f 1215 11603 2352
f 3513 4765 12382
f 646 3513 319
f 3298 6854 8940
f 3280 10755 11361
f 11895 9693 9061
f 12890 5541 8324
f 11229 11861 7986
f 4589 11883 12169
f 4589 12169 6969
f 11229 10416 9914
f 2181 896 3093
f 11926 12189 4588
f 8976 10830 5462
f 10830 8976 2674
f 6355 4436 11412
f 6140 8710 13110
f 3298 7415 11516
f 6140 9019 6320
f 5541 6969 8324
f 4589 6969 12083
f 3911 13557 11411
f 9107 9933 6824
f 8712 11286 11092
f 6357 4352 6356
f 3713 4162 12992
f 8937 9869 10649
f 11926 11186 10308
f 3062 2819 11032
f 11241 9217 8323
f 3513 3512 568
f 12720 12399 12284
f 3787 1311 12342
f 8708 8712 5441
f 10022 9693 8718
f 13557 11412 11411
f 11229 11516 4587
f 6355 4351 12434
f 13557 2819 2820
f 5338 4352 11054
f 12398 1810 4165
f 8976 6596 13244
f 6596 8976 3910
f 11578 11504 2798
f 6418 4536 5938
f 8708 12047 9884
f 1308 897 6355
f 1308 6355 3089
f 12434 7486 11054
f 10522 2301 6416
f 7399 11578 7400
f 12549 10416 7986
f 11229 7986 10416
f 3787 4439 1311
f 7486 5338 11054
f 3297 2158 11401
f 2157 2155 569
f 3061 3909 1535
f 1395 1396 342
f 9870 11159 11483
f 11907 13602 10291
f 3297 11032 2158
f 1123 1308 4440
f 1123 897 1308
f 991 3714 2673
f 3240 3837 2749
f 11926 10308 13245
f 5460 3913 9914
f 4589 12083 7986
f 11861 4589 7986
f 13557 3911 2819
f 12189 8323 9217
f 7478 8802 10141
f 12731 12391 2595
f 1959 1960 1469
f 2761 5012 1910
f 5951 9061 9913
f 12890 12231 8023
f 12231 12890 8022
f 13197 11267 3633
f 2755 3255 1393
f 3787 4765 3157
f 3061 2157 11401
f 4765 3787 12382
f 3716 4159 1809
f 896 641 4756
f 4812 4111 1139
f 13016 12742 4681
f 9524 6443 10681
f 13537 11390 10966
f 1232 3863 799
f 949 5407 11614
f 12946 3654 4126
f 2396 1033 1032
f 12248 3121 2875
f 3442 1077 13563
f 1427 1231 3731
f 13044 7945 3807
f 12883 12859 2460
f 1139 3638 673
f 1739 1147 4123
f 5482 8760 8472
f 12908 6476 3319
f 11004 1429 2395
f 1741 4126 3654
f 13371 13433 1087
f 12154 2783 1472
f 3454 4003 1086
f 4116 13416 1735
f 2991 808 1913
f 1619 4689 864
f 2938 4124 4126
f 2781 12241 1470
f 1974 1476 4248
f 6141 1146 2597
f 12389 1734 3640
f 2938 4126 1741
f 9515 12137 9118
f 10959 9853 9849
f 13276 4213 2989
f 1638 1087 2882
f 2588 1729 4109
f 1427 2695 1231
f 2508 1634 4003
f 235 11390 11389
f 4487 8447 11791
f 12315 4127 12946
f 12315 12946 4124
f 5612 7144 11424
f 4973 1433 1240
f 1426 8974 796
f 4128 7204 1742
f 12978 1751 12773
f 1618 3121 608
f 1960 388 1469
f 949 950 5407
f 5096 12491 7943
f 1052 12346 4009
f 2408 812 6728
f 3122 3123 4691
f 13567 4112 1732
f 4487 6174 8447
f 12311 1081 1629
f 1030 2389 1029
f 1912 12972 4215
f 12685 2387 1028
f 7242 7241 10876
f 1964 5299 11400
f 11847 6577 1036
f 1910 2401 12972
f 12176 1235 1236
f 1748 2940 4832
f 6706 864 3995
f 1233 352 2391
f 1914 2992 11938
f 13371 4006 13420
f 1018 2362 11408
f 3357 11988 9147
f 2940 1745 4831
f 1242 2990 4214
f 4111 12335 3638
f 11652 9137 12107
f 5299 1959 1962
f 3195 6114 6595
f 10171 11992 5625
f 952 11932 4130
f 6141 4122 1146
f 2505 4951 4695
f 1903 1904 11403
f 7800 5096 7943
f 11652 12107 5179
f 1973 1972 1975
f 4973 1240 2761
f 1751 2605 4834
f 1434 2761 1910
f 802 2395 1431
f 6322 4108 2931
f 6322 2931 1727
f 4821 12391 4122
f 12858 10689 6476
f 11145 8478 8477
f 12883 2460 2459
f 4821 4820 12391
f 13420 4003 1634
f 808 3262 11846
f 863 3767 2875
f 13276 1911 2988
f 12883 8011 12859
f 4973 354 1433
f 4701 3447 1081
f 3650 4123 12070
f 3650 1146 1739
f 232 231 6630
f 231 232 807
f 7078 4209 1901
f 12070 4123 4826
f 3451 2881 3454
f 1402 1919 6729
f 1961 1959 5299
f 4774 10175 11599
f 8858 8537 8536
f 8726 9682 8727
f 12245 11836 3438
f 11145 8472 8478
f 1427 3731 1030
f 1083 12311 1629
f 2931 1728 1729
f 5097 5096 13527
f 11408 1402 1017
f 4687 864 4689
f 1424 795 4557
f 8974 1426 2987
f 10171 6555 6552
f 6322 6174 4487
f 12731 2595 1144
f 12315 4124 4826
f 1428 6727 800
f 1427 1030 4558
f 2206 2207 607
f 1151 1150 1747
f 2784 1968 1966
f 1919 1438 6729
f 1238 802 1431
f 12723 11014 2407
f 1908 1235 2394
f 12730 1735 13416
f 13567 13416 4116
f 10985 6569 4103
f 2785 3001 3884
f 4972 8941 8942
f 391 2781 2999
f 12306 3276 12724
f 12241 12154 1470
f 1428 3864 6727
f 805 9108 2400
f 2761 1240 5012
f 1239 1433 1034
f 1960 386 388
f 13371 1087 4006
f 233 13527 10966
f 1074 7559 7144
f 4701 2510 3447
f 2999 2781 1958
f 13276 2991 1913
f 1243 6577 810
f 1976 1978 1977
f 1240 1433 1239
f 5097 6630 6403
f 12389 3640 12335
f 2606 2604 4833
f 10171 5625 9375
f 12491 5097 6403
f 1617 12248 4683
f 7030 9343 12050
f 7761 9434 3324
f 4115 1142 3644
f 8424 1256 6697
f 5983 11652 5179
f 2206 11610 2207
f 2512 1081 12311
f 401 1477 1976
f 690 1750 1749
f 5096 5097 12491
f 1074 7144 5612
f 398 1972 1973
f 6595 5731 13044
f 8974 1903 1902
f 3440 1074 1075
f 8781 8780 6961
f 1424 13284 12015
f 4393 1616 2495
f 6996 6961 8780
f 398 1973 3001
f 230 4801 6404
f 4810 4108 4809
f 4972 803 8941
f 12050 3590 9856
f 2783 2784 1966
f 12195 10968 13585
f 13340 12445 4695
f 1745 4830 4831
f 356 1438 1919
f 2940 4831 4832
f 12281 1231 2695
f 352 12281 2391
f 12281 2390 2391
f 12281 352 798
f 3276 13364 12724
f 11932 689 6931
f 13002 1150 4833
f 401 1975 1972
f 1149 1148 2940
f 9726 7403 12138
f 2513 2512 12311
f 12015 1423 2387
f 1341 4130 953
f 11344 8160 3814
f 5791 7059 6352
f 13357 353 11004
f 2762 13365 811
f 1969 398 2785
f 1742 684 1740
f 6790 3447 2510
f 13357 2395 802
f 1084 2513 12311
f 9108 1435 1911
f 11195 5791 5130
f 9728 11584 5199
f 9198 11678 8466
f 13229 13353 13040
f 11703 12057 10445
f 12198 7397 9298
f 7398 9915 6739
f 5451 9727 7398
f 9727 5451 8994
f 9536 3945 7483
f 9725 8804 7482
f 5451 7398 7993
f 5451 8804 8994
f 9237 13550 7074
f 9915 10418 6193
f 10419 7482 8804
f 5905 10138 5333
f 7403 9298 7990
f 9503 13535 6153
f 10657 7238 830
f 8624 13328 8623
f 12052 13550 9237
f 5335 7244 9728
f 9536 12648 3946
f 5306 9127 8726
f 7398 12539 7993
f 7749 13035 7990
f 6739 7091 11678
f 9128 11338 7218
f 6739 11678 9682
f 8466 3894 3892
f 9503 11195 8428
f 7060 13062 10296
f 7060 11703 13062
f 7060 5131 11703
f 9211 13253 3284
f 5813 12138 11168
f 5813 11168 1497
f 5199 5835 11365
f 8160 13040 13353
f 6739 6193 7091
f 9726 7482 10419
f 9726 10419 12198
f 1272 8623 13328
f 11026 8471 9906
f 6209 11026 8480
f 4084 2924 4472
f 8473 4981 12847
f 12057 11703 6153
f 13119 3813 13207
f 5306 7394 6738
f 12642 1272 13328
f 9198 8727 11678
f 927 929 928
f 8626 5905 5335
f 9503 6153 5131
f 8261 3203 9407
f 12648 5199 11365
f 9539 11365 7845
f 9129 7845 10114
f 7401 9129 10114
f 10277 9216 10445
f 7401 9128 13018
f 4978 3892 7218
f 13018 9128 3894
f 13018 3894 7091
f 12611 9536 7483
f 9536 12611 12648
f 8466 7091 3894
f 7394 7749 6738
f 13535 9503 13522
f 9503 8428 13522
f 10446 7482 9726
f 8624 10775 13328
f 8428 12642 13522
f 10014 7074 13550
f 10014 13583 7074
f 10657 11195 7238
f 9727 6766 10418
f 9915 9727 10418
f 11641 8261 13119
f 10015 3814 13353
f 9727 9915 7398
f 5537 13535 9725
f 5537 9725 7482
f 3917 5167 2825
f 8623 1272 3745
f 2835 12216 9191
f 4331 4909 12024
f 13140 822 1541
f 9198 8466 3892
f 5306 6738 9127
f 12642 8428 1272
f 13583 13040 8160
f 8473 3066 4981
f 3739 1267 4605
f 13140 4602 822
f 7656 8915 7658
f 7656 5716 5718
f 5820 7831 6889
f 6556 6557 9851
f 8563 11569 2921
f 6200 6201 3915
f 6103 11114 11694
f 9459 5067 9340
f 8107 13450 12562
f 10209 7645 6557
f 1706 1133 11000
f 4084 4472 929
f 3575 9846 7025
f 12363 4482 4481
f 6629 10636 8398
f 1707 4472 2924
f 1543 2162 5201
f 8167 2825 3066
f 8469 8468 11134
f 930 4084 929
f 12339 13568 823
f 12339 825 13568
f 1546 9906 12786
f 6629 8398 7644
f 1707 2924 3187
f 8910 2921 11569
f 5716 7649 7655
f 1706 1707 3186
f 5711 11694 6586
f 8426 3077 8221
f 8998 7865 11500
f 7145 3576 3572
f 3917 2825 4939
f 6637 1266 4602
f 3309 5024 3311
f 5464 8220 5465
f 10209 5263 7314
f 9747 9743 9922
f 4476 3189 2924
f 11053 5317 6338
f 1542 2823 8471
f 8562 7314 5618
f 8471 2824 12786
f 8910 6586 11114
f 6890 5820 6889
f 5316 3309 2164
f 5719 3588 2579
f 5719 5711 3588
f 8169 1550 13013
f 11633 11772 12482
f 12490 3582 7797
f 4081 7145 6267
f 8473 12847 2833
f 8107 4471 662
f 9034 6680 12348
f 8468 8164 11134
f 6652 2824 6578
f 1706 11000 928
f 10209 6557 12561
f 6820 5719 6104
f 4791 3586 11278
f 5165 12427 5465
f 4330 12830 3919
f 3078 3334 7115
f 8098 12561 6556
f 3586 3582 11278
f 12562 2261 4471
f 6889 8167 3066
f 3589 12977 4477
f 5165 8220 3917
f 1706 4472 1707
f 3074 578 7812
f 1559 7907 10764
f 4081 5263 12561
f 4984 11753 6894
f 11026 1542 8471
f 3739 3740 825
f 7056 11728 5827
f 2579 3588 3591
f 11027 5318 13463
f 7224 5317 4330
f 8108 7658 7646
f 12533 4961 7177
f 1313 926 3518
f 8981 4469 4468
f 6104 2579 2581
f 5317 11053 12830
f 10636 7646 7658
f 7584 4957 9257
f 11053 6338 6337
f 5622 6792 13026
f 5464 8468 5167
f 3189 3187 2924
f 11053 8605 6335
f 1553 12428 5319
f 13450 9851 7645
f 7314 5617 5618
f 6127 11453 5279
f 2468 12637 10894
f 8915 8918 3596
f 11263 6103 11694
f 4795 9851 13450
f 4081 12561 8098
f 11667 8107 662
f 1313 4788 926
f 2843 2841 5129
f 4955 4961 12533
f 11263 6105 11450
f 6818 7025 9846
f 8608 8610 4335
f 8610 3074 4335
f 7027 6289 10242
f 3066 2825 7721
f 3066 7721 4980
f 9906 8471 12786
f 1541 822 1265
f 6122 8404 5396
f 6521 906 1133
f 11851 2161 820
f 5821 3071 6654
f 3612 8924 5103
f 5722 10967 10211
f 3591 8398 10636
f 8855 8071 9787
f 5817 9062 11628
f 2699 5784 5783
f 6889 3066 8473
f 12490 6556 11278
f 5322 7227 5320
f 4799 9175 3612
f 11026 9906 8480
f 13183 5817 11628
f 11450 7798 6103
f 2843 13374 13446
f 1565 11753 8174
f 6890 8473 2833
f 6890 6889 8473
f 13288 6654 12160
f 8609 6341 5323
f 7907 1559 10348
f 8169 6210 1550
f 662 3187 3189
f 4909 4605 12024
f 827 828 4334
f 6818 9846 5708
f 6857 7223 2826
f 578 5891 7812
f 1543 13183 7704
f 827 4334 12798
f 8026 5544 6770
f 7153 6870 2902
f 12490 11278 3582
f 8910 11114 10242
f 6199 8605 8604
f 6199 6335 8605
f 6199 11628 6335
f 7498 6493 7491
f 3094 4989 12787
f 4477 4476 2924
f 5464 2847 8164
f 5068 3572 6668
f 4799 10498 9175
f 3739 12339 1267
f 5889 5323 12470
f 5877 2585 7034
f 6557 7645 9851
f 5236 5234 8192
f 4326 9062 5817
f 5730 5734 13193
f 5851 5619 5852
f 5816 8325 5021
f 8426 13539 7230
f 4794 7655 3586
f 3586 7655 7649
f 4332 3919 9270
f 4332 9270 8607
f 2581 2579 2580
f 7178 7026 13401
f 5316 11851 2162
f 3192 1712 4481
f 8610 578 3074
f 3588 5711 5710
f 11263 5719 6820
f 5877 4966 2585
f 9792 6794 13066
f 5718 5716 7655
f 11078 11960 5820
f 2698 4605 4909
f 6122 9034 12870
f 7036 8924 3606
f 6209 6202 11026
f 8108 7646 5708
f 4081 8098 7145
f 8108 5708 5091
f 7906 7226 5321
f 10211 4791 4795
f 4330 5317 12830
f 11000 3518 926
f 13140 2160 2161
f 5316 4327 3309
f 6202 7222 1542
f 7222 7902 6855
f 7222 6855 5816
f 4326 6201 6200
f 4326 5817 6201
f 4326 6200 6855
f 7656 8108 5716
f 13463 6209 8480
f 13463 8607 6209
f 7656 7658 8108
f 6562 9862 5722
f 7906 6340 7226
f 5324 5890 5320
f 3334 5327 7115
f 6399 11667 662
f 9079 6116 4966
f 8076 11645 1126
f 12252 11656 8848
f 6268 11508 8864
f 1691 6268 12460
f 6231 12787 4989
f 12806 1693 8539
f 5232 3517 9281
f 9038 6492 7489
f 8076 1126 4772
f 7127 7128 6230
f 12440 7489 6158
f 12825 5632 6269
f 2902 7149 12506
f 5622 8849 6792
f 6869 8846 13399
f 2583 2584 7320
f 5859 7002 13577
f 12440 2447 7489
f 1688 11442 5639
f 8025 13453 6744
f 9747 9922 10891
f 7153 12506 8540
f 5632 11645 8076
f 5239 4957 7584
f 9276 5164 3300
f 9748 8809 11828
f 8809 6948 8326
f 7493 4989 6158
f 10889 6498 10892
f 7491 11798 6948
f 8864 8998 6674
f 5642 11789 6065
f 12692 6948 11798
f 11023 8357 8192
f 5642 7150 11789
f 11525 12251 4600
f 7491 8025 11798
f 8849 2899 8847
f 1126 11645 9788
f 8354 3523 6066
f 8357 7005 12828
f 10610 2466 2464
f 9743 11083 835
f 8070 8074 10926
f 12806 5247 7865
f 8539 6065 11789
f 5639 12509 4772
f 4772 12509 6620
f 8357 2901 8192
f 7499 8029 10451
f 9921 10611 11890
f 3094 12787 3300
f 13303 13173 2899
f 13303 5642 6065
f 5232 7572 3517
f 7125 7124 6230
f 12909 5962 12835
f 12909 9038 5962
f 5632 13020 11645
f 7493 8501 6231
f 2561 8849 8847
f 2561 3516 11802
f 12692 11798 2449
f 5622 5236 5856
f 11869 6971 8749
f 5961 6971 6011
f 11869 9994 6971
f 1127 7153 8540
f 12124 11889 7997
f 10172 9375 5625
f 11625 1405 1018
f 9787 5089 8070
f 5642 2905 7150
f 10175 12702 11599
f 8536 6270 5635
f 11661 6527 1690
f 6976 10611 5548
f 4053 7584 9257
f 7579 5856 2901
f 5236 2901 5856
f 10892 10895 8812
f 7153 2902 12506
f 11869 7997 11889
f 11083 10703 6232
f 1693 11508 13577
f 5961 8744 8749
f 9921 2467 10610
f 8846 12865 8845
f 5624 7572 1126
f 7498 10885 6498
f 4772 1126 13171
f 7861 5240 12465
f 7489 6492 6158
f 8998 1693 7865
f 5961 2464 8291
f 5203 3096 4988
f 10892 8812 4634
f 7150 2905 7158
f 11437 6066 2563
f 11437 8354 6066
f 5239 8078 6870
f 11525 12835 12251
f 7125 6231 7124
f 5238 8864 12702
f 4052 7579 2901
f 4052 5642 7579
f 5642 4052 2905
f 10889 8028 12550
f 7562 13026 8848
f 11508 1691 13577
f 1691 11508 6268
f 5203 4990 7125
f 8998 11500 6674
f 12825 12252 12957
f 5240 5073 7786
f 9922 12266 10891
f 7571 6869 5859
f 6869 7571 8846
f 5622 5856 8849
f 7862 12828 7005
f 6529 8078 1688
f 7570 7571 12460
f 835 11083 8501
f 7860 4053 2903
f 7860 7584 4053
f 7562 5622 13026
f 7493 6231 4989
f 11645 13020 2560
f 13020 6059 2560
f 6059 13020 12957
f 2905 12828 10039
f 12828 2905 4052
f 3094 5469 12440
f 8356 8076 6620
f 12909 6491 9038
f 12828 7862 12886
f 7862 11915 12886
f 10451 5553 12266
f 5240 7862 7005
f 7499 5550 8029
f 5240 7005 12465
f 3519 11162 1125
f 8539 7002 6065
f 8539 13577 7002
f 11395 2366 1220
f 11442 5239 7584
f 835 6492 10884
f 11083 6232 8501
f 7861 8356 6620
f 9922 6491 5549
f 11162 9789 5232
f 8501 10031 6231
f 180 13066 6794
f 8858 7569 11661
f 5546 9147 10450
f 2363 11408 1017
f 8858 8536 5635
f 12825 11656 12252
f 12909 12835 11525
f 11162 5232 1125
f 5630 8074 10173
f 8025 6770 5544
f 2902 11437 2563
f 6230 7128 7846
f 7125 12787 6231
f 12806 11789 12516
f 12806 8539 11789
f 8074 5630 8194
f 13125 6971 9994
f 6976 10450 3366
f 13125 9994 6975
f 11442 1688 8078
f 9161 4774 12829
f 9276 12787 4990
f 9276 4990 1047
f 11206 8007 8307
f 5181 5510 10690
f 9529 5985 11094
f 11409 1239 2398
f 11094 6658 3928
f 10964 8912 12161
f 4613 6213 13058
f 6761 6213 4613
f 1051 3326 5509
f 3604 5928 8659
f 5729 6563 5099
f 4613 13058 12822
f 8659 12942 13053
f 4613 7705 8487
f 5713 5720 13109
f 6741 8728 7405
f 10376 6718 7322
f 5030 10269 9987
f 8312 8009 6962
f 13295 11458 8658
f 6218 4616 12486
f 6301 7879 4090
f 934 5724 7668
f 5030 9987 5177
f 6718 4087 5002
f 12804 10690 6659
f 10496 12050 9856
f 12680 10732 7184
f 2838 8487 6580
f 2583 8399 2584
f 933 12602 9858
f 5509 3326 8779
f 9530 6657 3929
f 11391 6563 11818
f 5400 8659 7320
f 6761 6658 11094
f 6761 11094 6213
f 7107 7102 7108
f 4091 6301 5275
f 11206 8307 7835
f 11981 8007 11206
f 11795 7445 7839
f 7440 8005 6760
f 10311 8779 7110
f 12602 12270 9858
f 13402 10965 12267
f 11391 7663 6563
f 7835 8307 7834
f 7834 8307 8006
f 6718 5002 7322
f 6760 6655 5501
f 5731 3601 9406
f 9859 6559 7650
f 3808 1331 5143
f 6563 12449 5099
f 12804 5513 10690
f 7834 8006 5984
f 3604 8158 5099
f 2577 10638 9483
f 5181 3332 6657
f 933 934 8444
f 9064 13025 8481
f 5176 7104 7832
f 13025 9244 8481
f 13383 10495 4792
f 1051 6762 3326
f 3191 6926 9578
f 3191 8567 10735
f 13306 8444 7668
f 1051 5509 8007
f 5724 8921 7668
f 8400 2584 11194
f 934 12146 13109
f 6762 13129 12443
f 9579 9577 12680
f 10964 5713 13109
f 5275 4090 9636
f 5274 12092 5140
f 6762 12443 6217
f 6213 5985 13058
f 7443 13129 1051
f 5274 5002 10735
f 13500 13295 2926
f 13500 11458 13295
f 13500 10081 5727
f 5183 7838 6658
f 5034 3929 4616
f 5984 6655 6656
f 6759 5501 5984
f 1049 13058 5985
f 9245 7838 5183
f 10638 2577 9480
f 10638 9480 5712
f 10637 9343 10639
f 8112 4798 8916
f 5501 8312 6962
f 2582 5928 12449
f 8484 1551 11788
f 8659 5400 12942
f 8158 7071 12426
f 3604 8659 13053
f 8658 13019 7669
f 13019 7323 7669
f 13019 5729 7323
f 5275 9636 13306
f 5275 13306 7668
f 5181 10690 3332
f 12908 12803 3325
f 2582 12449 7663
f 6759 8312 5501
f 12443 5512 6217
f 9529 5178 5985
f 7838 6659 5510
f 5186 6659 7838
f 5931 9636 4484
f 5931 13306 9636
f 12443 4616 5512
f 6762 6217 7110
f 7108 2832 10023
f 8627 7249 7479
f 7443 1051 11981
f 1051 13129 6762
f 7323 11779 13601
f 11795 8778 7445
f 5180 7836 9433
f 5180 9433 11079
f 5177 7756 5027
f 10964 12161 5713
f 10376 5398 8125
f 7443 7836 13129
f 11458 5727 10497
f 4591 6901 10420
f 4591 10420 5453
f 10310 7836 7443
f 9859 8913 10961
f 4091 5275 7668
f 9859 13402 13336
f 6173 933 8444
f 9858 12270 9857
f 12602 12680 12270
f 5030 6212 6607
f 10376 8125 8124
f 11847 1036 2404
f 5400 7324 11892
f 2398 1239 1034
f 2397 2398 1034
f 8010 6481 8311
f 5400 7320 7324
f 5400 11892 12170
f 5400 12170 12942
f 3634 1728 4108
f 9065 3924 11384
f 9343 10637 5712
f 12107 11598 5179
f 9343 5712 9341
f 12689 9343 9341
f 5491 5179 11598
f 11339 9344 5720
f 5176 8483 7104
f 8445 5398 5140
f 7838 3928 6658
f 7945 3806 3807
f 10637 8399 9482
f 7835 1552 1551
f 8158 12426 11779
f 5030 6607 3926
f 13194 9344 5727
f 5510 3926 3928
f 2403 1036 11938
f 5505 7440 11095
f 5505 8005 7440
f 5097 13527 6630
f 1045 12665 11505
f 355 6577 11014
f 5096 7800 10969
f 2577 12267 10965
f 2582 2583 5928
f 6173 8444 8445
f 5180 9530 3929
f 5180 11079 9530
f 11079 7104 8483
f 11339 10494 10495
f 11339 10495 13383
f 11079 10023 7104
f 8159 5143 1331
f 8159 7669 13380
f 8159 8658 7669
f 934 933 12146
f 5724 934 13109
f 934 7668 8444
f 9529 6607 6212
f 12602 6173 12092
f 12602 933 6173
f 13492 10497 13383
f 13492 9860 10497
f 10310 7108 9433
f 7725 7470 4987
f 458 12528 9598
f 7811 10115 2046
f 10754 7898 11719
f 3087 7727 6901
f 11581 10660 8429
f 13422 10873 4343
f 9426 9300 7992
f 5132 6155 12598
f 8217 9300 10415
f 6155 7727 12598
f 8217 7992 9300
f 9679 12193 9596
f 10778 8627 7479
f 10778 7479 10762
f 13422 7237 10873
f 7247 12624 10355
f 10776 10774 6156
f 9294 6441 13397
f 9294 5301 6441
f 12255 7727 6155
f 10776 10777 9606
f 3088 10356 10355
f 13083 7240 7245
f 10117 7991 818
f 10774 13083 6156
f 2396 1032 1430
f 10259 3202 7677
f 8287 9300 9426
f 5453 9426 7991
f 7249 7247 9275
f 3087 4350 10356
f 10117 5453 7991
f 11570 8715 10295
f 12597 12836 9348
f 11133 7480 7093
f 11133 5453 10420
f 3084 10136 7470
f 3084 4343 10136
f 8260 9641 10519
f 8666 7337 7338
f 3084 10352 13422
f 7051 12493 11668
f 12624 3747 3746
f 5903 9227 7725
f 6194 5953 10680
f 5305 10415 5953
f 8622 9606 4345
f 7093 10680 8287
f 10776 6156 5336
f 7246 11594 5906
f 818 7991 6741
f 7245 7247 6156
f 5953 10415 10680
f 7249 8627 5336
f 6741 7991 8730
f 10777 10776 8627
f 10762 7811 12102
f 4591 10853 4350
f 10853 4591 10117
f 10772 10135 13210
f 7334 13301 8121
f 13075 9275 10356
f 10135 10772 7467
f 7407 7406 10116
f 7406 10117 818
f 10801 11563 9642
f 7898 2046 10115
f 10143 10420 6901
f 9643 3812 9206
f 10801 11378 9207
f 3202 10217 7677
f 11133 8287 5453
f 11133 7093 8287
f 10143 7480 10420
f 11133 10420 7480
f 8260 10578 9641
f 7406 818 10116
f 4277 7051 11668
f 9426 7992 8730
f 458 12944 12528
f 7247 7245 12624
f 7405 11719 10115
f 8622 4345 8620
f 4276 10407 10406
f 10055 8595 9596
f 10801 12565 11222
f 8144 10520 10519
f 8144 9294 10520
f 4209 12026 1425
f 10754 7215 7898
f 9504 11581 8429
f 5903 12598 9227
f 12530 9227 12598
f 7407 12797 10762
f 7407 10116 12797
f 12827 9597 11668
f 7334 12597 9348
f 7051 7992 8217
f 12535 8260 10519
f 2496 3433 3434
f 3433 4685 3434
f 12291 795 4208
f 1961 5299 1963
f 13563 1078 4692
f 12377 3434 11836
f 2999 2780 389
f 1080 4695 6615
f 861 4394 4681
f 1958 2781 1470
f 4669 1609 12329
f 9305 5991 9705
f 4709 4006 1638
f 12026 12685 1425
f 12377 2496 3434
f 3260 1905 6689
f 3260 799 1905
f 1619 865 4689
f 209 2605 5768
f 1623 4951 1079
f 1901 8974 1902
f 3442 2502 1076
f 6961 5991 5990
f 11930 2882 1087
f 6790 13340 1080
f 3440 1077 1076
f 3863 1428 800
f 3442 1076 1077
f 2938 2599 4124
f 1084 4001 2881
f 10968 8911 10963
f 1967 2784 2783
f 812 2408 2406
f 1901 4209 796
f 6961 7447 5991
f 7392 9126 10046
f 9126 7392 5447
f 6790 1080 3447
f 4973 4212 354
f 13276 1913 4213
f 3864 11004 801
f 1913 808 11846
f 9305 10427 5991
f 1920 1921 1439
f 1915 809 1916
f 11004 1237 801
f 13284 1420 4971
f 6206 11145 6748
f 809 1915 1917
f 13420 4006 1086
f 11004 353 1237
f 1974 1971 12293
f 4973 805 4212
f 7078 1901 12111
f 11908 11980 1498
f 12908 12858 6476
f 5625 11992 8071
f 4694 4692 1079
f 4687 2497 864
f 2505 4694 4951
f 12908 6478 12858
f 1437 809 1917
f 1918 13365 2762
f 3864 1428 1234
f 3864 801 6727
f 3864 1234 1429
f 6206 5482 8472
f 12768 2495 3994
f 12015 4971 1423
f 354 803 1432
f 3454 2881 4003
f 354 1432 1433
f 11930 12018 4007
f 7392 11762 5447
f 1957 2999 1958
f 7688 5109 5752
f 1967 1969 2784
f 1967 2783 12306
f 7144 3438 11836
f 796 4209 1425
f 1616 3993 3994
f 2208 3995 863
f 2497 3995 864
f 811 13365 1916
f 1083 1084 12311
f 1083 4001 1084
f 1436 2991 2990
f 1436 808 2991
f 353 4972 12754
f 4972 8942 12754
f 12908 8008 6478
f 3000 1963 3276
f 7078 12111 4208
f 3000 3276 12306
f 1619 864 6706
f 8974 2987 1903
f 5828 6221 10026
f 1435 12972 2988
f 9108 806 2400
f 10993 1074 3440
f 1074 5612 1075
f 1428 3863 2696
f 9108 1434 1435
f 12154 1472 4244
f 2361 12714 1016
f 6569 8414 4103
f 5990 5991 10427
f 1914 1243 1437
f 9421 10847 5756
f 10847 9421 12953
f 13365 1918 13372
f 795 7078 4208
f 7981 10681 6443
f 1435 1910 12972
f 3122 4691 865
f 1969 2785 2784
f 11930 4007 2882
f 3262 3866 1917
f 1434 4973 2761
f 1232 2696 3863
f 3866 1914 1437
f 1424 12026 795
f 2496 3994 3433
f 12768 3994 2496
f 1426 3731 2987
f 1424 12015 12685
f 1424 12685 12026
f 4394 4683 4681
f 2206 607 608
f 4834 2605 208
f 13357 11004 2395
f 2987 1904 1903
f 2361 1921 344
f 863 3436 3767
f 863 3995 3436
f 1904 3260 6689
f 6728 2361 1016
f 5470 7420 9699
f 3122 865 866
f 1911 13276 2989
f 1918 2762 356
f 3866 808 1436
f 3866 1437 1917
f 3866 3262 808
f 1232 798 352
f 1232 799 3260
f 1618 863 2875
f 8984 950 949
f 13357 802 803
f 9108 805 1434
f 1914 1436 2992
f 9305 8008 10427
f 1920 1439 812
f 1920 1919 1921
f 7688 5752 1720
f 6444 6572 8138
f 1724 11305 10046
f 9421 10423 12953
f 6135 11113 7041
f 10346 10422 9947
f 10423 11809 10421
f 8493 13343 3938
f 11529 11771 5756
f 5756 10847 9351
f 1498 9947 10422
f 10309 10421 11966
f 11306 4103 11305
f 8719 8138 9351
f 12164 4100 8137
f 12696 10985 7888
f 8138 11601 9351
f 8133 11997 10981
f 3629 2587 10987
f 11974 2801 10421
f 11796 6221 4341
f 5446 11015 11908
f 13560 7095 13322
f 11966 10421 2801
f 12040 3630 8137
f 12040 11529 3630
f 5752 5882 7683
f 11771 9421 5756
f 1498 10422 11809
f 5109 11771 11529
f 10346 7901 11974
f 11809 11974 10421
f 10312 6221 8494
f 10845 7980 7981
f 10644 7192 10004
f 4805 8137 4100
f 11305 4103 8933
f 11182 4805 4100
f 11762 6443 13477
f 11601 8137 3630
f 11601 3630 9351
f 6572 8414 8138
f 6572 4103 8414
f 10108 6443 11762
f 11231 9085 3290
f 11182 5882 4805
f 7688 9890 5109
f 10979 1720 6135
f 2587 10979 7041
f 10602 9367 10026
f 10979 6135 7041
f 5883 8579 10243
f 11887 10589 1498
f 11887 1498 11809
f 12696 6569 10985
f 7888 10243 11265
f 9421 11771 8281
f 11887 9421 8281
f 11306 9265 10985
f 4805 12040 8137
f 5882 5752 11528
f 11887 8281 10589
f 5999 13070 13198
f 8493 5999 13198
f 13560 10760 7095
f 7889 11265 7680
f 7889 7192 4100
f 7889 7680 7192
f 10759 10760 10020
f 10845 9525 7980
f 13198 13070 10128
f 11306 10985 4103
f 11762 13477 13322
f 3339 9437 11287
f 11762 13322 5447
f 10020 9524 10681
f 10985 5883 7888
f 5883 8211 8579
f 13560 9524 10020
f 13477 6443 9524
f 4103 6572 8933
f 11306 11305 1724
f 11734 2685 2686
f 6572 10108 8933
f 3024 10020 7829
f 12164 6569 12696
f 12164 7889 4100
f 7413 5457 12133
f 10869 3341 9707
f 6947 10425 5959
f 8467 11204 9526
f 5614 4992 9622
f 13526 5039 7764
f 3340 9307 3342
f 1247 5124 6146
f 3873 1444 5155
f 3873 9304 8734
f 8988 288 6436
f 288 2717 9622
f 8988 1247 6146
f 1247 8988 6436
f 5614 9622 2717
f 2212 9919 1293
f 3874 1927 4576
f 11204 10761 9526
f 287 616 362
f 1448 287 362
f 287 1448 2421
f 362 616 2517
f 8988 1448 362
f 1448 6146 1928
f 1448 8988 6146
f 1448 1928 12304
f 4706 3453 2517
f 4706 2517 616
f 2421 1448 12304
f 9991 5039 5525
f 11231 12541 9085
f 9169 10945 9828
f 9168 4066 10721
f 7520 9758 11181
f 5083 7301 9473
f 10487 13317 11639
f 7168 9829 10721
f 10322 9898 5218
f 10487 10630 10199
f 10487 3561 10630
f 9949 9544 12134
f 11558 10911 7526
f 9278 10229 13224
f 12698 7851 9011
f 4571 10818 1040
f 12698 9070 8043
f 6864 9949 12134
f 12948 11755 9016
f 5669 8884 9376
f 12628 8340 9764
f 10487 10367 3561
f 9975 10911 6909
f 9472 9473 5383
f 10198 5669 13217
f 6986 6046 7529
f 10911 11558 2477
f 9472 5383 7619
f 9313 8341 9312
f 9278 10228 10229
f 10155 7529 6046
f 10559 6986 7526
f 9169 7619 11574
f 5372 8197 5864
f 11943 9373 5847
f 9313 9312 12628
f 8828 10281 4647
f 9313 12628 7852
f 11824 10198 13217
f 10155 6046 11181
f 10487 11639 10367
f 10198 7618 8884
f 9169 11574 7305
f 8239 9975 11124
f 9975 6909 11124
f 3393 7527 9940
f 3393 9940 10360
f 11558 7526 7529
f 10559 7526 9975
f 10559 9975 8239
f 6986 10559 10560
f 5669 9376 4959
f 7017 12899 9828
f 5863 11820 9016
f 8516 9373 11943
f 5369 5864 13461
f 5369 5372 5864
f 7527 6986 10560
f 9472 7619 8380
f 6986 7527 6046
f 9372 9373 8516
f 8828 4647 7520
f 9169 8380 7619
f 11438 3799 6171
f 9758 6863 8183
f 9949 9011 7852
f 9949 7852 10322
f 11558 3387 2477
f 8197 9810 5864
f 8828 11181 11805
f 5083 10181 11258
f 8828 10280 10281
f 5699 7023 8388
f 7018 12899 8372
f 8183 9372 10155
f 8183 9373 9372
f 9810 9376 8884
f 7018 9828 12899
f 5383 9473 11562
f 10541 7520 7851
f 10541 7851 8514
f 10911 2477 7523
f 10911 7523 7531
f 11585 3384 8515
f 11618 2913 9810
f 10389 5434 7956
f 8095 10389 7956
f 11618 7598 2913
f 2256 6393 11055
f 11585 9759 9372
f 1001 3842 4541
f 7635 13249 6393
f 9373 6863 5847
f 6863 9373 8183
f 8197 4959 9376
f 12453 7714 4959
f 3387 11585 13223
f 12456 10818 8692
f 4432 3784 2232
f 12320 2684 730
f 2256 7636 8095
f 12456 8692 6183
f 11438 3181 2258
f 1001 4541 2684
f 12982 3782 2227
f 3151 12982 2227
f 3155 4432 2232
f 2438 2050 2439
f 5915 10920 6374
f 6374 10920 10167
f 403 1976 1977
f 5960 3295 3898
f 5390 12893 6394
f 3801 3182 1358
f 12322 10390 2687
f 4542 4897 4539
f 4542 1360 3842
f 1360 4542 4539
f 2424 13496 1475
f 6394 12893 12560
f 6374 10167 10168
f 6374 10921 4434
f 3181 6396 2258
f 3181 6394 6395
f 4432 4916 3784
f 3181 11438 5390
f 2723 895 11009
f 6171 1322 4465
f 3182 2259 2260
f 12322 2687 2686
f 2257 1322 2259
f 1306 2723 3153
f 2723 3496 3153
f 12084 8095 7956
f 4430 3491 2547
f 7636 10389 8095
f 3799 2258 924
f 13280 1323 2687
f 3249 3842 1001
f 996 2309 4543
f 11419 10390 11093
f 2309 3719 4897
f 4430 2227 3491
f 4129 1747 1748
f 11419 12344 3294
f 5915 4434 3155
f 13249 5699 12893
f 2256 8095 7635
f 1743 1148 3654
f 12320 730 464
f 1322 3799 3800
f 5434 6938 1040
f 12084 5699 7635
f 2256 11055 7637
f 5434 10818 10817
f 5434 1040 10818
f 1323 1358 2686
f 11616 2437 6938
f 12344 5960 3898
f 13290 11438 6171
f 1358 11734 2686
f 12456 10817 10818
f 3025 5960 1500
f 2260 996 4543
f 1258 1500 5960
f 462 1259 2440
f 11616 3294 2437
f 11616 6938 5425
f 1323 13280 13427
f 13280 7637 13427
f 3249 1817 4543
f 3249 1001 1817
f 3801 1323 13427
f 12277 3182 2260
f 289 464 11736
f 1502 289 11736
f 2256 7635 6393
f 289 12321 12320
f 289 12320 464
f 10390 2438 11093
f 2438 2439 11093
f 3182 12277 1358
f 2438 1502 2050
f 13249 12893 5390
f 4571 2416 10818
f 689 3655 6931
f 9284 13457 12084
f 4596 2437 3898
f 460 289 1502
f 289 460 12321
f 12277 4543 1817
f 2257 3801 13427
f 2257 4465 1322
f 2438 460 1502
f 2257 13427 11055
f 11616 11419 3294
f 7637 13280 7957
f 11438 13290 5390
f 13290 6171 4465
f 2802 2416 4571
f 13290 6393 13249
f 13290 4465 6393
f 209 1422 5415
f 4393 2495 2207
f 12377 12245 11016
f 11043 2601 2939
f 608 11016 609
f 212 13134 12239
f 1750 691 3212
f 1149 1748 1747
f 688 1746 686
f 688 13002 2941
f 12978 2605 1751
f 686 1150 13002
f 12859 12803 3319
f 4394 3120 1617
f 685 687 3822
f 3862 12685 1028
f 3656 12773 1152
f 688 686 13002
f 4129 1748 5768
f 210 5768 4832
f 212 4831 4830
f 2602 2600 1741
f 687 3655 3822
f 1618 609 2208
f 11466 3601 5731
f 687 4128 1746
f 687 2941 3655
f 12859 8011 12803
f 11466 3598 3601
f 397 1970 12716
f 11611 12239 1028
f 1474 1970 397
f 690 2604 2606
f 1747 1150 2603
f 689 11932 2740
f 11932 1340 2740
f 4558 2694 214
f 213 4127 214
f 2694 213 214
f 12173 2740 1340
f 688 687 1746
f 1750 690 691
f 2603 686 2601
f 6705 609 11022
f 1150 686 2603
f 1746 2939 2601
f 3862 1425 12685
f 2206 3121 1617
f 12239 3862 1028
f 3655 1749 6931
f 3603 3195 11892
f 4130 1750 3212
f 4130 6931 1750
f 401 1976 1975
f 2694 1030 1029
f 1027 1028 2387
f 10662 7272 7270
f 401 1478 1477
f 12978 4129 5768
f 11434 1341 3657
f 1477 1478 2425
f 2425 1478 405
f 6706 2208 6705
f 6601 397 12706
f 4128 685 7204
f 11932 6931 4130
f 685 5937 2739
f 1967 12724 12716
f 685 2739 7204
f 685 3822 5937
f 6601 1474 397
f 1748 4832 5768
f 211 212 12239
f 212 211 4831
f 1618 2875 3121
f 209 5415 208
f 2605 209 208
f 209 210 1422
f 210 209 5768
f 12768 12377 11016
f 1967 12306 12724
f 12239 2388 3862
f 13134 2388 12239
f 1149 2603 2602
f 12978 1151 4129
f 11932 952 1340
f 2386 2387 1423
f 7370 7371 11565
f 11434 952 1341
f 2388 1230 3862
f 2388 13134 1029
f 210 11611 1422
f 253 6601 1473
f 253 9004 6437
f 6601 253 6437
f 253 1473 395
f 253 395 951
f 9004 253 951
f 1148 1743 1745
f 3598 11466 3597
f 11466 5731 6595
f 6185 9362 6846
f 12015 2387 12685
f 12173 1340 400
f 1474 2424 1475
f 6326 10525 10749
f 13283 254 400
f 2424 400 254
f 12173 400 6437
f 2424 6437 400
f 10547 10343 4566
f 6601 6437 1474
f 2424 1474 6437
f 1970 1475 1972
f 12978 3656 1151
f 1027 2387 2386
f 1474 1475 1970
f 1743 12946 4127
f 2694 1029 13134
f 213 2694 13134
f 213 4830 4127
f 1743 4127 4830
f 3656 12978 12773
f 12978 5768 2605
f 1422 1027 2386
f 13496 1478 401
f 952 11434 13283
f 952 13283 1340
f 255 254 11434
f 255 13496 254
f 13496 255 1478
f 12274 8267 9514
f 10525 3732 11778
f 9359 2710 12149
f 6257 9013 11249
f 12484 7741 3267
f 5780 6327 10588
f 10238 9783 10166
f 10401 10402 10403
f 10547 5885 3733
f 10661 7273 9505
f 10238 8529 9783
f 10010 12690 12466
f 13052 13331 9632
f 4975 10822 8420
f 5695 12058 6169
f 12484 3267 3732
f 9360 8651 13228
f 4976 6184 11503
f 10398 10547 6936
f 4976 11503 11583
f 12818 9554 11324
f 8190 10475 10474
f 12575 13523 9095
f 10073 12619 9229
f 12274 8458 11091
f 13494 3870 7958
f 1923 6600 7211
f 12871 4976 10246
f 11203 11349 11484
f 11330 9095 7278
f 12041 7354 3870
f 12274 5421 8458
f 10238 10166 11150
f 9197 4975 10674
f 9454 9045 9620
f 3180 10256 4463
f 9617 11275 10071
f 11280 9892 12605
f 11349 11283 7088
f 8267 10398 6936
f 8268 813 7351
f 10332 10545 9196
f 7895 9593 8681
f 7895 7894 8594
f 10052 1926 7809
f 10052 12492 1926
f 6145 4975 8420
f 10073 11218 10072
f 6326 10749 10051
f 6145 8592 4975
f 10713 7140 10012
f 10072 11218 12053
f 7825 2766 8215
f 8068 12466 11902
f 10073 9229 9187
f 10073 10072 9621
f 7370 11565 10401
f 11280 12874 10748
f 11280 10748 9892
f 13400 13556 9381
f 9592 8587 13447
f 11280 12605 5123
f 12537 12041 13494
f 13494 12041 3870
f 10548 11360 9518
f 6185 11360 4221
f 11360 6185 9518
f 11150 8067 11289
f 8190 10474 9783
f 12889 9594 1246
f 9454 9977 9157
f 12889 1246 11225
f 9619 9620 12928
f 9594 8146 10526
f 9229 12619 11290
f 3732 5122 11778
f 3732 4220 5122
f 9661 8458 10816
f 9286 12927 10748
f 4566 10343 7894
f 7070 5923 6170
f 9477 6585 13079
f 13116 9268 12889
f 11514 11983 8457
f 6600 11514 10051
f 8443 9837 9509
f 10547 3733 10343
f 9515 9118 11564
f 11376 7894 7895
f 7311 6170 9400
f 10301 7070 10256
f 12537 9381 9238
f 10074 9999 10072
f 10074 12928 9999
f 10073 9187 11218
f 10372 3180 10374
f 6285 8561 9634
f 9360 4919 5389
f 7070 6170 12183
f 11514 13534 10051
f 8067 10166 10474
f 10399 11203 11484
f 8215 10548 13556
f 9228 3757 9618
f 12183 6170 6923
f 11329 9618 3757
f 12927 8681 9593
f 12927 9593 10752
f 12927 10752 10748
f 7815 9228 9618
f 3793 10365 11968
f 12260 11149 4379
f 7533 13032 13031
f 7295 6387 7294
f 6987 5587 6047
f 4914 9614 11918
f 4914 11918 6162
f 10160 5603 5349
f 9506 9391 11685
f 12260 9616 13524
f 7541 11685 9391
f 7541 9766 9765
f 4378 13419 7532
f 11308 9612 13517
f 10183 6388 5675
f 3966 12925 6247
f 7541 9765 11685
f 9099 2728 13516
f 9099 10566 2728
f 3793 10077 10365
f 6544 4958 11481
f 6987 5224 12813
f 2252 11872 10788
f 3965 8151 5588
f 7270 10009 8049
f 7275 11815 10160
f 7298 9332 3173
f 1320 5378 5807
f 8155 8440 2726
f 10075 3793 11968
f 12643 13037 2727
f 2726 4958 2907
f 5225 5799 6162
f 4378 9612 9616
f 8642 10075 7294
f 11952 3756 11882
f 11273 9614 7062
f 7932 6841 7701
f 7701 6841 2725
f 5674 3556 10937
f 6049 5908 8236
f 2253 10184 13407
f 8438 12001 4918
f 12488 13227 13037
f 4454 3548 5374
f 7066 12187 12224
f 5376 8550 13017
f 2252 12130 6805
f 6841 12129 2725
f 7295 11968 12483
f 6049 8236 6248
f 9908 7297 10364
f 5379 7298 10364
f 5135 7535 7271
f 3109 12145 11307
f 7274 7780 6051
f 8550 4454 12130
f 2187 6510 4648
f 13227 10481 5138
f 5938 3245 4537
f 13227 7066 13037
f 13516 5252 7868
f 12488 11987 12884
f 7068 7066 12224
f 9505 7062 9614
f 2252 7615 8644
f 7270 11308 10009
f 11987 12488 13037
f 7272 9277 7270
f 3173 13511 13204
f 6321 10049 11911
f 11353 9153 9613
f 7541 10558 9615
f 13324 9030 10183
f 6987 8049 5587
f 8830 6164 12145
f 12488 12884 9820
f 11471 8550 10076
f 11815 9613 9153
f 11952 11882 12935
f 3965 6162 8151
f 1319 7067 2725
f 12643 2727 7933
f 11987 10787 12884
f 7274 6051 7273
f 7924 7274 7273
f 8550 11471 13017
f 6049 7262 5908
f 10566 9030 2728
f 10666 12001 8438
f 8436 9908 10364
f 13552 13386 7271
f 9506 7271 13386
f 10666 12643 7933
f 10661 12925 7924
f 10076 8550 12130
f 3966 11876 12935
f 3794 7068 10013
f 5135 6164 5849
f 4997 7733 11044
f 10662 12145 3109
f 10662 10299 12145
f 13324 13407 8248
f 13296 7534 12996
f 8155 2726 2907
f 5674 13511 9167
f 6388 9507 5674
f 13051 12483 11968
f 7270 9277 11308
f 844 13554 13105
f 6388 5674 10937
f 2253 10183 5675
f 7297 8645 5379
f 4378 13554 9612
f 13105 13031 10903
f 10078 9627 7297
f 10078 7297 9908
f 8438 12932 10787
f 5683 8645 8889
f 5683 5379 8645
f 13227 13108 10481
f 10463 3397 7781
f 10463 3756 7061
f 1320 2728 9030
f 5225 3965 12789
f 1319 2725 11402
f 3109 7275 7272
f 10665 8437 9507
f 2187 4377 3107
f 13105 7533 13031
f 13051 11968 10365
f 8830 12145 10299
f 7067 7701 2725
f 7271 12054 10008
f 8049 10009 5587
f 11044 13587 8437
f 13516 1319 5252
f 1319 13516 5807
f 2709 1282 10558
f 9506 12054 7271
f 11471 10078 6168
f 5589 6247 11087
f 1320 5807 2728
f 2709 8151 1282
f 1320 13324 8248
f 1320 9030 13324
f 9627 7296 8644
f 10665 6388 10183
f 7274 10463 7780
f 2252 6805 11872
f 11987 13037 12643
f 7733 4997 3792
f 12483 7733 12013
f 13587 13204 13593
f 11307 6164 10008
f 3548 5376 2251
f 5376 3548 4454
f 6920 10665 10566
f 10665 6920 8437
f 11276 9333 7608
f 11276 9332 9333
f 11044 8437 6920
f 5135 10008 6164
f 8830 2858 5849
f 7733 5377 12013
f 8830 5849 6164
f 8155 2907 10625
f 8440 8155 6841
f 844 7534 13554
f 8155 10625 12129
f 13552 7271 7535
f 844 12996 7534
f 8155 12129 6841
f 4997 11044 6920
f 5135 5849 7535
f 3794 7933 2727
f 3794 2727 7068
f 3793 10075 8436
f 10077 3793 10364
f 10662 8049 10299
f 13587 11044 13051
f 12145 6164 11307
f 7733 12483 13051
f 5376 4456 2251
f 10990 670 9107
f 5765 12615 5110
f 3281 10344 11142
f 6304 5280 11651
f 13197 3633 9225
f 1216 770 1396
f 1396 770 342
f 4942 9139 1563
f 7767 4347 10354
f 8712 11092 5441
f 5334 7243 9274
f 12827 9269 10754
f 9731 10878 580
f 7826 3022 4278
f 13597 8022 9538
f 9913 10022 12259
f 7693 7198 10340
f 10831 12047 8708
f 10831 8708 5441
f 5412 6416 2301
f 3787 3157 4439
f 11911 5762 12103
f 4534 3245 4536
f 1193 3714 12993
f 2238 3157 4440
f 2311 732 1824
f 6138 9881 10648
f 6321 11911 7694
f 6358 3091 12231
f 12758 13437 2300
f 10754 9269 7215
f 5904 10773 10772
f 12880 9982 10579
f 5904 10772 13210
f 11333 9206 9104
f 11312 12683 6409
f 7051 7896 12493
f 8260 12880 13042
f 9640 9105 11090
f 9206 7334 9104
f 9036 13042 12880
f 11164 7898 7215
f 12258 8666 11228
f 10297 7725 9227
f 7245 10352 12624
f 222 4117 1735
f 11164 10055 6694
f 5903 5132 12598
f 4277 7992 7051
f 10055 12193 6694
f 12683 4493 13212
f 11570 10295 12493
f 10772 10773 8620
f 11312 7333 8665
f 10520 13397 13346
f 11877 12683 11312
f 4277 11668 9597
f 3021 9893 9269
f 9980 12836 12597
f 11538 12258 11228
f 5301 6887 11416
f 11807 11877 7336
f 3084 7725 3747
f 8598 8728 9597
f 7245 7240 10352
f 11380 11228 8595
f 11380 11538 11228
f 9294 13397 10520
f 5301 11416 6441
f 9893 7215 9269
f 7819 9980 3812
f 11581 7236 10551
f 9642 9643 12565
f 5304 8217 10415
f 9643 9206 11333
f 9642 7819 3812
f 9643 9642 3812
f 9105 11877 7335
f 13083 10773 5904
f 13083 10774 10773
f 3202 13042 10217
f 9640 7337 8666
f 12535 10520 13346
f 8144 11965 10406
f 11570 4276 11377
f 10055 9596 12193
f 9105 9640 10087
f 12565 9106 11222
f 227 1730 4106
f 7051 8217 7897
f 9294 10406 10407
f 9294 8144 10406
f 11877 11312 7335
f 5904 7237 7240
f 11807 9104 4493
f 4277 9597 8730
f 11877 9105 7336
f 11090 9105 7335
f 11807 11333 9104
f 6887 5301 7896
f 5301 10407 7896
f 5301 9294 10407
f 10407 12493 7896
f 11965 8144 10088
f 4276 10406 11377
f 11965 11377 10406
f 9106 11538 11380
f 9641 10088 10519
f 3021 11380 9893
f 10089 9106 12565
f 1243 11938 1036
f 12859 8775 2460
f 9105 10087 7336
f 10089 11277 10087
f 11164 6694 7216
f 10089 12565 11277
f 3812 9980 12597
f 10297 3747 7725
f 10088 9641 11563
f 10578 12836 9980
f 11379 11378 11222
f 11378 11379 8715
f 10578 9980 9641
f 11333 11807 7336
f 13083 5904 7240
f 11807 12683 11877
f 9893 8595 7215
f 10089 10087 12258
f 10089 12258 11538
f 11164 7215 8595
f 11164 8595 10055
f 10801 9642 12565
f 12827 8715 9269
f 12535 12880 8260
f 5304 7897 8217
f 10520 12535 10519
f 223 12730 1734
f 11838 1036 2403
f 11847 11014 6577
f 12050 12689 3590
f 7030 12050 10496
f 7800 7943 9406
f 7800 9406 3601
f 4615 10427 9434
f 8258 6595 13044
f 12730 13416 1734
f 228 1241 4560
f 355 11014 12723
f 8775 3319 7438
f 7438 3319 10024
f 3195 8258 11977
f 233 10966 234
f 2404 233 234
f 1914 11938 1243
f 3195 6595 8258
f 5401 10796 7944
f 227 226 1730
f 227 2399 226
f 13585 11388 11389
f 12908 3325 8008
f 8011 3324 3325
f 231 807 4216
f 7030 10496 9345
f 232 233 11838
f 233 232 13527
f 13131 13575 11791
f 1240 804 5012
f 4486 4809 4487
f 229 228 3634
f 229 1241 228
f 4812 4109 1730
f 10968 3598 3597
f 8911 9052 9856
f 7945 10575 3806
f 1033 1034 1238
f 6630 231 6404
f 13537 7659 10969
f 221 2937 4117
f 1241 229 3865
f 6482 12883 2459
f 13575 4486 11791
f 12195 9861 3598
f 8911 9856 9853
f 10796 13131 11791
f 2403 11938 2992
f 2397 2396 223
f 223 222 12730
f 223 2396 222
f 13575 13131 6403
f 8911 9853 9852
f 3634 4106 1728
f 9345 7033 5726
f 1033 1238 1431
f 6114 3195 5726
f 8855 10924 8071
f 9792 6270 6794
f 11718 10718 183
f 8775 4610 2460
f 11986 6976 3366
f 6527 8855 10926
f 11718 10040 10718
f 8855 9787 10926
f 8536 10717 6270
f 807 2403 1242
f 12491 5401 7943
f 4109 4106 1730
f 7659 10966 13527
f 6114 7033 3597
f 221 2396 1430
f 7459 11906 9309
f 4818 4116 1735
f 1032 1908 1430
f 230 4216 3865
f 1032 3261 1908
f 1032 1431 3261
f 4109 1728 4106
f 1035 2401 5012
f 11892 3195 11977
f 13131 12491 6403
f 5726 3603 8400
f 1033 2397 1034
f 7659 5096 10969
f 9345 5726 8400
f 5983 8005 4610
f 12195 13537 10969
f 12195 13585 13537
f 804 1035 5012
f 804 1240 1239
f 4801 229 4810
f 7148 1690 10175
f 230 229 4801
f 229 230 3865
f 9345 11194 10639
f 10575 7944 3806
f 2399 227 4560
f 13575 6404 4801
f 4560 1241 2401
f 2401 1241 4215
f 4216 4214 3865
f 3634 228 4106
f 228 227 4106
f 227 228 4560
f 231 4216 230
f 231 230 6404
f 6114 11466 6595
f 7148 10175 4774
f 4111 1730 3637
f 4812 1730 4111
f 9434 10427 8008
f 10575 7945 9406
f 7943 10575 9406
f 5309 11663 7753
f 9428 11572 7053
f 11409 2399 804
f 226 225 3637
f 226 11409 225
f 226 3637 1730
f 2399 11409 226
f 10575 5401 7944
f 10575 7943 5401
f 9052 10496 9856
f 8775 11384 4610
f 7033 10496 9052
f 7033 9052 3597
f 8775 7438 11384
f 9199 10248 817
f 12626 12620 7117
f 816 10248 9199
f 11717 10866 1569
f 8424 13174 1256
f 6148 6697 11518
f 5309 7753 13458
f 11901 9214 10429
f 4979 10248 816
f 8578 6314 8127
f 6450 5957 9689
f 10697 9690 9535
f 6450 9689 9690
f 10697 6450 9690
f 11237 9918 8789
f 10059 816 7220
f 4593 7753 11663
f 11505 4979 10683
f 7707 9309 9010
f 11906 11901 10429
f 8602 9688 6148
f 11901 11906 7459
f 10431 10430 5522
f 8016 10431 5522
f 11901 5522 9214
f 5106 5749 5751
f 10059 4979 816
f 10507 10083 5750
f 9180 5751 12046
f 5750 10083 8411
f 3940 5038 10133
f 11906 10429 10270
f 10507 12046 5751
f 1054 9709 8791
f 8131 11804 5750
f 9709 1569 10866
f 10431 6347 10430
f 5106 13203 10293
f 11505 10248 4979
f 12626 7117 8789
f 12665 817 10248
f 7458 1569 3940
f 8423 1256 13174
f 7458 3940 10133
f 8602 9199 817
f 13418 4099 1721
f 13418 6682 8131
f 5038 7763 13521
f 11505 12665 10248
f 7119 5194 9368
f 3192 4482 4483
f 9711 8788 11237
f 9711 10695 8788
f 9711 5833 10695
f 8424 6697 6148
f 8423 12055 1256
f 4104 12046 10507
f 10695 7458 10133
f 9918 9436 6347
f 10431 9918 6347
f 9141 8732 12665
f 7707 7459 9309
f 7707 10436 7459
f 5309 3735 13338
f 3285 13338 3735
f 4101 8578 6317
f 13059 13521 6349
f 13418 1721 4101
f 8424 8425 6149
f 5037 5038 1054
f 6475 8777 5988
f 10697 5833 5194
f 10697 10696 5833
f 7810 13174 7053
f 8732 9690 9689
f 9689 8425 9688
f 11534 7119 9368
f 8211 9265 6317
f 5038 13059 10133
f 2845 9142 10438
f 2845 7707 6859
f 13188 13059 6349
f 2845 6859 9142
f 5309 13338 7810
f 11208 10697 9535
f 8732 9688 817
f 10059 9200 4979
f 11237 13188 9918
f 11237 8788 13188
f 5038 5037 7763
f 5037 1054 10694
f 5037 7762 11189
f 7763 5037 11189
f 8211 6316 8579
f 13174 6149 7053
f 13059 5038 13521
f 1562 3328 4336
f 6399 6400 8917
f 11450 6105 8110
f 8608 4335 2699
f 5784 577 5128
f 7031 9051 3595
f 7032 3592 3593
f 7036 5103 8924
f 3328 827 12990
f 8926 12870 8925
f 7667 6562 5396
f 3612 9175 8924
f 2843 5785 5826
f 2581 2580 3596
f 2580 2579 3591
f 5319 5318 11027
f 4799 13591 10498
f 5823 6214 12160
f 9740 3366 10450
f 1018 1405 1403
f 6116 11452 4966
f 1268 826 3740
f 2843 5826 2841
f 6823 5734 5730
f 3334 4617 5327
f 3192 12348 667
f 5318 9063 13463
f 4799 8920 13591
f 1268 2698 5783
f 9862 10967 5722
f 2843 1271 13374
f 11453 12086 8919
f 2698 2699 5783
f 12802 574 4331
f 1562 4617 3334
f 5821 6654 11078
f 9862 9175 10498
f 2580 8915 3596
f 11753 1565 6894
f 4941 5823 3071
f 11263 11694 5711
f 6270 9792 5635
f 932 4479 12977
f 2262 4483 4482
f 13374 6214 13446
f 4617 1562 4336
f 2262 1717 11010
f 5396 665 6680
f 9379 5878 11946
f 11067 13193 3596
f 1271 2843 5129
f 5821 5820 6890
f 6339 6338 5317
f 6400 1712 3192
f 6340 6339 7226
f 11262 5722 4795
f 1268 5783 826
f 7724 3077 6891
f 11067 3596 8918
f 7724 4984 12462
f 3071 5821 3070
f 6109 6104 7034
f 7034 6104 2581
f 3922 7224 4330
f 3922 4330 4332
f 11491 4794 4797
f 2581 3596 13193
f 5821 11078 5820
f 5889 11753 5324
f 5889 12470 7056
f 5889 5324 5323
f 1553 1550 12428
f 9034 12348 4483
f 5877 13193 5734
f 1555 1559 10764
f 12687 5098 5277
f 11728 1271 7706
f 12414 5725 8920
f 827 3328 828
f 8222 13390 9600
f 7907 4337 12470
f 3334 3078 4339
f 12414 8920 5279
f 5878 5730 12086
f 5878 12086 11946
f 5324 11753 4984
f 12870 9034 8925
f 12359 11744 577
f 12802 8608 574
f 5891 7906 5321
f 4941 9191 12216
f 5890 4984 7724
f 11263 11450 6103
f 4335 577 5784
f 12348 6680 667
f 3074 12359 4335
f 12699 9079 8115
f 9079 4966 8115
f 6127 5279 4800
f 4800 5279 8920
f 6560 8917 665
f 1268 3740 3739
f 11067 5730 13193
f 1562 3334 4339
f 3927 12160 6214
f 11955 7907 6341
f 3190 4476 4479
f 5323 6341 12470
f 1558 5785 13446
f 11453 8919 5279
f 1558 13446 6214
f 1269 5784 5128
f 5894 7812 8426
f 11067 12086 5730
f 5894 8426 7230
f 4337 7907 10348
f 11262 6560 5722
f 5719 2579 6104
f 7057 8222 11744
f 12363 1717 4482
f 3328 12990 4336
f 3328 1562 4339
f 6820 6109 6105
f 3077 5891 6891
f 1553 11027 8474
f 11728 7706 5827
f 5878 6823 5730
f 2262 11010 8982
f 8608 2699 574
f 5890 7724 6891
f 5890 5322 5320
f 3921 4332 9063
f 11728 10348 1271
f 6877 6823 5878
f 11728 4337 10348
f 11955 6341 11510
f 6122 5396 6680
f 3927 13374 10348
f 4617 11744 8222
f 2262 8982 8925
f 5891 3077 7812
f 8426 8221 13539
f 7036 3606 3607
f 12414 5721 5718
f 7036 3607 7189
f 4941 12216 1558
f 11491 13591 5725
f 1558 6214 5823
f 7905 5320 7227
f 4803 8982 11010
f 2262 8925 4483
f 1555 12428 13288
f 3927 1555 12160
f 1555 10764 12428
f 7904 9063 5318
f 7904 3921 9063
f 7905 3922 3921
f 11491 4797 13591
f 7905 7227 7225
f 7905 7225 3922
f 3077 7724 8221
f 3927 10348 1559
f 5877 7034 13193
f 5894 7057 12359
f 5894 3074 7812
f 7907 12470 6341
f 11067 8919 12086
f 12414 5279 8919
f 1558 2700 5785
f 1558 12216 2700
f 7057 11744 12359
f 6123 6122 12870
f 3927 1559 1555
f 9009 3070 8482
f 9009 4941 3071
f 7667 9175 9862
f 12802 6338 6339
f 12687 8110 6105
f 5891 578 7906
f 11452 12687 6109
f 2262 4482 1717
f 8608 12802 6340
f 6123 8404 6122
f 5894 13390 7057
f 5891 5321 5322
f 5891 5322 6891
f 7667 8924 9175
f 4800 4799 3612
f 7112 5826 5785
f 2700 7112 5785
f 11753 5889 8174
f 12699 8115 8572
f 5785 2843 13446
f 12049 11986 3369
f 10877 8802 13022
f 11986 3366 3369
f 12823 10923 9375
f 5235 10928 12823
f 12823 177 10923
f 1215 1216 1396
f 4054 9161 12829
f 9787 11945 5089
f 6976 6975 10450
f 182 11395 5009
f 5546 3357 9147
f 11304 181 6794
f 1018 1403 2362
f 7567 10172 10924
f 7567 5235 10172
f 6527 8074 8194
f 11325 10717 7159
f 10833 10677 7388
f 11395 1220 3856
f 11625 180 1404
f 2365 3856 1406
f 9792 5235 5635
f 6534 7154 10040
f 1404 181 5009
f 7569 8858 7567
f 5235 12823 10172
f 2363 11625 1018
f 9742 8811 3369
f 11325 6270 10717
f 8537 8858 11661
f 8537 8538 8536
f 182 11718 183
f 11395 182 183
f 182 11304 11718
f 9740 9147 6490
f 345 1403 1405
f 8538 9161 4054
f 10453 3369 8811
f 9742 9740 6490
f 8538 10717 8536
f 179 10928 13066
f 179 11625 2363
f 11625 1404 1019
f 9792 10928 5235
f 11325 11304 6794
f 2283 2284 2642
f 9499 9498 13110
f 11325 6794 6270
f 11325 7159 6534
f 10877 10878 13061
f 5017 10019 3280
f 9274 7243 10354
f 8145 12059 6831
f 3204 13542 9984
f 1214 1395 769
f 3711 3836 1357
f 8649 4075 10791
f 3226 4150 3829
f 4583 5765 5110
f 2238 4439 3157
f 3614 9581 6825
f 10448 10881 9041
f 6138 7694 7805
f 4808 4896 4895
f 11849 3947 4623
f 9041 11127 4348
f 3075 10249 7722
f 6321 9499 10225
f 13073 7389 8599
f 13073 8599 6329
f 11849 4624 1273
f 10831 5441 12538
f 3348 5539 10881
f 6140 6320 9677
f 6941 5017 3280
f 9498 6140 13110
f 8710 2796 10677
f 5762 11911 7201
f 8599 7389 3282
f 13197 9225 5763
f 9880 9869 12608
f 9675 6941 7746
f 4038 4438 4758
f 8021 9145 4347
f 10833 8710 10677
f 8710 10833 13110
f 11267 10049 12566
f 9675 8709 3633
f 8709 9675 7746
f 6318 11898 5288
f 7200 6321 7694
f 9934 9935 6824
f 7219 10755 10019
f 10877 13061 10141
f 11143 11361 10755
f 9041 10881 9732
f 7219 10019 6190
f 7384 7387 6191
f 7723 7722 10249
f 11047 7219 6329
f 8976 5462 3910
f 4583 5110 9225
f 10832 5017 6941
f 3500 11729 4756
f 9498 7200 8586
f 9920 13022 8802
f 3624 4896 4808
f 12333 633 4730
f 6140 1726 9019
f 12059 8145 5763
f 8613 8802 7478
f 3633 8709 9225
f 6941 3280 3281
f 10049 11267 7201
f 5763 9225 5110
f 4348 11127 10354
f 6321 12885 10049
f 11267 9591 7201
f 11267 13197 9591
f 9881 12661 10648
f 12667 9730 12444
f 6831 6139 10649
f 2444 11739 12250
f 12667 12444 10882
f 4185 1828 4182
f 9224 6138 7805
f 9041 6007 11127
f 3613 9581 10741
f 4159 1190 1809
f 8020 10273 7766
f 4886 2669 13148
f 13597 9731 10880
f 8938 12059 2303
f 8938 6139 12059
f 12444 9731 13597
f 7802 11483 10290
f 12750 4887 9081
f 8020 10274 10273
f 4102 1723 3625
f 11530 10214 11160
f 12444 9730 9731
f 4495 13528 10649
f 3348 12667 5539
f 8021 11288 9145
f 9920 10060 6765
f 3613 9935 11176
f 10972 11176 9934
f 10448 9041 4348
f 13337 7805 12103
f 3348 10448 10142
f 3613 11159 9935
f 13337 9224 7805
f 4730 4421 12707
f 4185 3847 11422
f 2744 3226 3829
f 3231 2290 4869
f 1440 11514 8457
f 2290 3231 12368
f 3682 11605 1784
f 1176 2645 1175
f 12874 12526 13558
f 3830 2745 2287
f 2223 3146 635
f 712 4869 2290
f 4424 1658 4028
f 2281 3829 1351
f 3144 883 1655
f 2950 3680 2643
f 2082 2081 5310
f 13345 2313 3847
f 8458 10017 6180
f 1656 4423 4424
f 3684 3683 1174
f 4730 633 4422
f 737 337 732
f 12222 3831 4522
f 2077 493 2079
f 1655 4421 4422
f 66 2314 2312
f 2311 737 732
f 2282 3227 3228
f 2752 1201 3844
f 2646 67 4151
f 4521 12250 7075
f 11739 7075 12250
f 4178 2965 12965
f 4179 12965 2965
f 11608 4931 2082
f 3682 1784 2950
f 2090 2087 2089
f 2813 5311 2091
f 3227 12028 3226
f 732 1821 1824
f 13406 13052 9632
f 1785 1177 69
f 2951 70 1177
f 2286 3830 2287
f 3682 2950 2643
f 3231 4869 2644
f 1176 13143 1786
f 2084 2081 2082
f 708 1171 4865
f 4185 1831 1828
f 497 2081 2083
f 2288 3831 12222
f 2744 1352 977
f 2281 2744 3829
f 4185 69 1831
f 4931 11732 12004
f 11732 2444 1519
f 11732 2086 12004
f 4179 2965 2751
f 11732 11739 2444
f 12325 635 4736
f 3145 1656 885
f 1352 2281 503
f 3144 4422 12719
f 12028 2283 2280
f 3680 4868 2643
f 70 2951 71
f 2317 70 71
f 5117 337 737
f 709 12980 13007
f 69 70 1831
f 70 69 1177
f 12988 2289 6833
f 7176 8251 13079
f 5117 12703 337
f 66 67 2314
f 67 66 4151
f 4868 1783 2643
f 3229 2282 3228
f 68 11422 2313
f 64 2311 1824
f 11414 4735 632
f 12719 633 4735
f 11605 709 1784
f 2811 2813 2091
f 8957 2752 3844
f 1785 1176 1786
f 2283 2285 2284
f 2813 12244 507
f 3144 1655 4422
f 2282 12028 3227
f 712 2290 4870
f 12325 4736 1105
f 11414 1105 4736
f 66 3683 4151
f 2288 711 3831
f 2642 4865 13502
f 12988 6833 4524
f 4865 2640 13502
f 12333 12707 9015
f 1174 712 2647
f 2091 2089 1519
f 2090 2089 2091
f 1785 1786 1177
f 2313 13345 2314
f 1380 86 2333
f 7581 11545 11174
f 11414 4736 634
f 708 3681 1171
f 12988 3231 2644
f 2745 499 1353
f 2289 12988 2644
f 12980 709 11605
f 12980 2284 13007
f 1784 709 2644
f 1352 12250 4521
f 3681 3682 2643
f 2287 2745 1353
f 5311 2813 504
f 4150 12028 2280
f 2086 2084 12004
f 2086 500 2084
f 2444 2811 1519
f 1655 11008 4421
f 2811 503 13168
f 5695 9509 9837
f 12333 632 633
f 11414 632 1102
f 1173 712 1174
f 1173 1784 4869
f 1173 1174 1172
f 5117 1201 2752
f 1173 4869 712
f 1173 2950 1784
f 2950 1173 1172
f 5117 737 1201
f 12202 1382 12284
f 12202 754 1382
f 1008 1380 12399
f 634 4423 4735
f 708 12980 11605
f 301 11608 499
f 2745 301 499
f 301 4931 11608
f 8985 12367 7344
f 977 4521 2286
f 12265 7370 9515
f 9475 9280 9836
f 302 12244 13168
f 302 4866 506
f 12244 302 506
f 8458 5421 10017
f 708 11605 3681
f 12333 1102 632
f 11739 11732 4931
f 11739 4931 7075
f 3830 4521 7075
f 2811 2091 1519
f 9661 11091 8458
f 3179 10571 10570
f 3529 3531 7581
f 11060 3950 3951
f 1440 13534 11514
f 10373 9836 9280
f 9837 8903 8904
f 12536 6936 4566
f 10398 11091 5885
f 11283 7954 11721
f 12536 4566 11376
f 12527 10053 12593
f 11636 9555 8240
f 10074 9006 9939
f 11983 6600 1923
f 8267 6936 6935
f 11349 7088 9517
f 7354 5153 7355
f 7371 11051 8277
f 9475 10203 5389
f 5384 13406 10790
f 11472 7088 10805
f 7088 11472 9517
f 5153 10246 10053
f 5153 10053 10018
f 11368 5261 11586
f 10079 11586 5261
f 10079 5261 9279
f 12927 12500 8681
f 11484 6145 6691
f 11484 8592 6145
f 10391 8268 5943
f 7960 3267 7741
f 9286 12874 13558
f 9286 10748 12874
f 10371 7310 10368
f 11705 6169 12058
f 13038 2766 7825
f 10400 4220 3267
f 9196 13314 5698
f 4565 7822 13326
f 2766 11360 8215
f 6285 8251 7176
f 2766 4221 11360
f 3180 4463 10374
f 5694 9032 6923
f 11705 12058 12917
f 7960 7741 7959
f 7970 5297 5121
f 7970 4220 10400
f 10372 7936 7312
f 8588 7352 813
f 8588 12663 7352
f 8588 813 12500
f 7070 12183 10256
f 7311 6923 6170
f 10372 7312 10371
f 8588 12500 9286
f 9114 8588 13558
f 7961 8268 10391
f 7961 813 8268
f 4565 13326 3265
f 12265 7371 7370
f 7356 7741 12484
f 7356 13534 1440
f 10373 12917 10287
f 9374 9953 9452
f 7356 1440 9285
f 7356 12484 13534
f 13082 7080 7081
f 13082 12834 7080
f 11349 9517 8592
f 11349 8592 11484
f 10791 8903 10667
f 11346 8146 9268
f 11346 7083 1923
f 9619 9939 11197
f 9001 8903 4075
f 7970 13082 5297
f 7970 10400 12834
f 7970 12834 13082
f 10301 10256 3180
f 7960 12834 10400
f 13038 11565 2766
f 7176 9573 13314
f 13038 10401 11565
f 9196 13208 13314
f 9114 13447 9654
f 7703 13519 7972
f 7703 5443 13519
f 10839 6440 9419
f 12623 9590 12603
f 10834 5764 8711
f 10233 10834 8711
f 8711 5764 10992
f 10839 9419 6147
f 11216 9962 11700
f 10307 10226 9241
f 11888 13112 7484
f 6226 13112 13063
f 11439 6849 12056
f 10244 10340 10992
f 9519 11716 9241
f 7696 11372 11492
f 9588 10048 11326
f 10839 6147 8422
f 7696 13238 11372
f 6647 9519 10675
f 7696 13584 13238
f 6647 10676 7217
f 9588 12603 7199
f 11716 7826 9241
f 11578 13354 2433
f 8323 10113 6970
f 7399 10113 11337
f 11229 9914 11516
f 12549 7485 5338
f 12548 12549 5338
f 12083 5541 7485
f 10449 9217 11241
f 2433 10417 13112
f 2433 13354 10417
f 13354 11439 10417
f 11557 11861 5951
f 570 12282 11411
f 11557 11883 4589
f 12282 570 1261
f 646 570 4436
f 646 4436 2558
f 10990 9107 8937
f 6854 3738 1538
f 897 2558 4436
f 11557 13239 11883
f 646 2558 3513
f 4765 3513 2558
f 1260 3061 11401
f 12282 1260 2158
f 1260 12282 1261
f 2349 2347 100
f 12608 9869 6824
f 12750 12319 4887
f 1215 2350 11603
f 3349 11849 4353
f 9107 6824 9869
f 12032 1538 3063
f 3500 2463 2462
f 12750 9081 8971
f 2181 641 896
f 9081 4887 3708
f 3502 4038 4758
f 6576 3255 3852
f 9934 11176 9935
f 9730 13061 10878
f 8937 10649 6139
f 9920 6765 13022
f 5412 3839 4921
f 2351 103 11603
f 104 11603 103
f 6143 104 103
f 1012 2349 2348
f 9723 10141 13061
f 1211 1212 6725
f 3624 4808 3626
f 10877 10141 8802
f 4887 12319 1807
f 5484 11998 11205
f 8255 10573 13248
f 3076 9966 5508
f 11530 9870 11483
f 4942 1563 9736
f 6825 5739 11074
f 5738 5739 10972
f 6418 2303 13592
f 10973 6129 13261
f 4969 1722 5287
f 104 8971 4160
f 6304 8407 5280
f 10142 10141 9723
f 10336 6681 12672
f 11160 9881 9224
f 1855 2346 2347
f 9881 11160 3204
f 13602 11907 11710
f 11746 4533 2301
f 4039 2896 4038
f 1211 2691 1212
f 8992 2839 11996
f 4102 3625 5760
f 5187 10877 12546
f 9933 9934 6824
f 2676 4893 4895
f 9880 13337 4495
f 10877 13022 12546
f 8020 10875 8322
f 2351 102 103
f 4886 103 102
f 10214 7674 11160
f 1395 342 769
f 12894 7766 6354
f 11907 5280 11710
f 5187 12546 2839
f 4887 3710 3708
f 2676 4896 1138
f 4892 4886 102
f 5187 10878 10877
f 1214 769 768
f 5508 9966 5535
f 9581 3613 11176
f 12750 8971 13148
f 12799 9736 1563
f 12987 3625 3626
f 8612 8322 10875
f 7766 10273 6354
f 2669 4892 1809
f 4886 6143 103
f 12608 6824 9935
f 1723 1138 3624
f 1723 2929 4166
f 1212 6576 6725
f 1723 4166 1138
f 9139 3930 1563
f 12750 3712 12319
f 1214 2755 1393
f 8971 9081 4160
f 11996 12546 6765
f 2351 2348 102
f 6006 8322 11146
f 8612 11146 8322
f 7723 10249 4983
f 3614 11112 6129
f 10766 4983 10249
f 8613 11146 10766
f 11159 3613 10290
f 2669 1190 3712
f 771 1215 2352
f 8613 10766 11327
f 4348 10354 4347
f 2348 101 102
f 4892 102 101
f 10522 9645 2301
f 5412 2301 4533
f 2331 1205 2329
f 2551 3502 4758
f 1395 2350 1396
f 3712 12750 13148
f 13195 5760 12987
f 1211 341 11031
f 10443 8020 7766
f 2669 4886 4892
f 7477 10443 7766
f 8021 10274 6006
f 5339 9736 12799
f 3349 12799 1563
f 2462 2463 4624
f 5738 10972 11898
f 11898 9586 5288
f 11898 9934 9933
f 11898 10972 9934
f 1211 6725 764
f 2676 12751 4893
f 9107 670 9586
f 11651 6681 10336
f 1723 3624 3625
f 8021 4347 7767
f 10336 12672 10741
f 8612 10875 11122
f 10336 10741 10973
f 1722 4166 2929
f 3349 1563 3930
f 9107 9586 9933
f 6591 11122 9966
f 10215 10336 10973
f 10215 13261 7038
f 10215 10973 13261
f 13602 7674 10291
f 4536 3245 5938
f 1012 1011 2349
f 12751 4892 4893
f 10990 8937 8938
f 3748 3090 4353
f 4892 12751 1809
f 4942 9736 580
f 4942 580 5187
f 670 5287 9586
f 5187 580 10878
f 2669 3712 13148
f 3715 1190 1808
f 3715 3712 1190
f 3090 12799 4353
f 3714 4164 12993
f 9674 4583 9418
f 9674 5765 4583
f 1357 3836 2749
f 3718 1811 4166
f 5496 11631 8769
f 12615 5763 5110
f 11445 11576 9403
f 10443 5535 10444
f 11996 6765 6893
f 1011 1393 3255
f 11651 5280 11907
f 3348 10142 9723
f 2551 4758 2238
f 5738 8922 6128
f 9880 4495 10649
f 2959 1811 1810
f 5412 4921 6416
f 3297 569 4325
f 6416 10521 12047
f 3502 4756 11729
f 2672 12992 3715
f 4039 3502 11729
f 2672 1808 12337
f 2672 3715 1808
f 3090 5339 12799
f 1193 2674 13244
f 10522 6416 12047
f 2675 723 4894
f 1214 768 2755
f 9880 9870 13337
f 3748 1273 2703
f 12615 10991 13592
f 4537 3244 3718
f 4537 1722 4969
f 4535 12398 4165
f 4535 723 12398
f 2703 1273 4354
f 9674 9418 8712
f 3748 4353 1273
f 4921 3839 4534
f 9884 5765 9674
f 10521 4921 6417
f 3244 4535 4165
f 6318 5738 11898
f 6318 8922 5738
f 6318 4102 5760
f 6318 5288 4102
f 13551 10990 8938
f 8708 9884 9674
f 8708 9674 8712
f 3297 4325 12109
f 4962 13321 13165
f 12422 5809 13518
f 3306 5971 8294
f 10334 3188 7183
f 2453 13381 2829
f 3313 2453 6463
f 5485 6752 6751
f 8470 6197 13117
f 8765 8764 5026
f 5468 7418 11679
f 3313 13381 2453
f 6197 2822 13111
f 5485 5484 6952
f 5496 8004 7433
f 5483 9885 9916
f 5497 5031 8303
f 11631 11862 4607
f 5623 7564 11687
f 12505 6714 7146
f 11687 7564 10715
f 7426 13571 11854
f 12422 12940 5809
f 8255 8254 10573
f 7316 7317 5394
f 4962 5392 4470
f 12512 5970 7430
f 7877 11576 11445
f 5484 11205 7430
f 6752 9916 5975
f 12622 9578 11540
f 5926 9078 9033
f 12088 6714 13518
f 1684 6714 12505
f 12502 5475 6746
f 3313 5029 8301
f 8255 1709 7318
f 12502 6746 1540
f 6698 12502 1540
f 7877 3188 10333
f 4962 4470 13321
f 8765 9702 5975
f 7316 4962 13165
f 10333 3188 5271
f 11631 12857 11862
f 6606 11205 5980
f 7316 13165 7317
f 5926 13248 10573
f 1684 13518 6714
f 5484 5970 6604
f 8764 8765 5975
f 6746 9885 1540
f 9885 6746 9916
f 6746 6466 9916
f 12088 13321 6714
f 11205 11998 8303
f 5483 4938 9885
f 11957 5483 2451
f 12418 5483 11957
f 5869 12088 5809
f 6751 5497 11998
f 12856 7426 3308
f 12856 8764 7426
f 5495 5026 5496
f 5475 7426 6466
f 5475 5468 13571
f 5475 6466 6746
f 5485 11998 5484
f 4470 7564 7146
f 5495 8765 5026
f 7877 11445 3185
f 12512 2453 5971
f 12512 6463 2453
f 12502 6698 7100
f 8254 8253 10573
f 5485 6751 11998
f 12856 12857 5026
f 12856 5026 8764
f 6263 8252 12940
f 5394 6398 4478
f 12418 8470 13117
f 11445 9403 6924
f 8470 6604 5023
f 8470 12418 11957
f 8470 11957 6604
f 6752 9702 6751
f 6952 11957 2451
f 5938 4969 13551
f 5868 5926 8253
f 5868 8253 13165
f 5483 12418 4938
f 12502 5468 5475
f 5468 12502 7100
f 5623 12505 7146
f 10375 4478 4475
f 5495 13481 9702
f 13481 5495 7433
f 4439 4758 4438
f 6358 3090 3091
f 5926 9033 13248
f 6418 13551 2303
f 5926 10573 8253
f 11092 5461 2821
f 4164 2958 12993
f 4534 2302 3245
f 2551 4756 3502
f 3836 3240 2749
f 6417 10991 13344
f 3839 3243 2302
f 12538 1538 12032
f 6358 8022 10880
f 6157 6357 3091
f 4162 3836 3711
f 2703 4354 3092
f 2181 3092 4354
f 6195 1536 3910
f 3717 3243 3242
f 3243 3717 723
f 3243 723 4535
f 3245 3244 4537
f 12615 5765 13344
f 4597 3063 1262
f 1537 3910 1536
f 87 6522 9786
f 1537 1536 6649
f 12538 11092 2821
f 2551 1307 896
f 4921 10521 6416
f 13437 4533 995
f 8955 13437 3242
f 11286 8718 9693
f 9418 6191 8718
f 1193 13244 2673
f 4889 2300 2958
f 2302 4535 3244
f 2302 3244 3245
f 6195 4325 1536
f 5461 8940 2821
f 2551 4440 1307
f 13437 12758 3242
f 2180 3092 2181
f 3243 8955 3242
f 4324 6649 2155
f 2674 8976 13244
f 6358 10880 5339
f 12032 3063 4597
f 11642 9645 8707
f 2180 2181 3093
f 4889 2672 12337
f 2299 991 4890
f 12615 13344 10991
f 994 2674 1193
f 9797 11831 8866
f 3839 2302 4534
f 10991 4536 6418
f 6358 12231 8022
f 3713 3836 4162
f 3713 2958 3240
f 3713 3240 3836
f 2238 4758 4439
f 10830 11642 8707
f 10830 8707 4597
f 10830 4597 5462
f 11642 10830 2674
f 4889 3713 2672
f 4889 2958 3713
f 2673 4891 4890
f 991 2299 3837
f 6195 1262 4325
f 2551 896 4756
f 11895 5461 11286
f 6417 4536 10991
f 11895 11286 9693
f 6417 4534 4536
f 11746 11642 994
f 11746 2301 9645
f 6854 2821 8940
f 13437 995 2300
f 4164 3714 991
f 4164 991 3837
f 6649 569 2155
f 9884 10521 13344
f 11746 995 4533
f 4631 3952 4632
f 4631 10702 3950
f 12720 11931 12014
f 5071 10174 9460
f 85 1380 1379
f 83 2332 2330
f 9790 11152 10927
f 7566 10206 10207
f 86 1380 85
f 9790 86 85
f 755 2333 2334
f 4626 4625 4599
f 9929 10476 10925
f 1008 1379 1380
f 4632 2852 8033
f 1009 755 2334
f 5628 7566 6523
f 4625 5473 4599
f 1379 3849 340
f 9929 4771 4768
f 4631 3950 11060
f 7573 6523 11152
f 12202 12284 12399
f 5071 7573 11152
f 3531 3529 9460
f 3531 9460 11831
f 6523 7573 10925
f 7003 7580 5070
f 7580 11174 5070
f 5628 6523 10925
f 4626 3950 4625
f 4631 4632 11430
f 4626 3951 3950
f 9929 4768 4770
f 87 88 2334
f 88 87 9786
f 87 86 10927
f 86 87 2333
f 83 2330 82
f 83 82 10929
f 7585 83 10929
f 84 7585 13106
f 84 83 7585
f 83 84 2332
f 11989 10174 10176
f 2852 3952 7709
f 11989 7585 13107
f 9790 13106 10176
f 1008 12720 3849
f 3529 7580 4771
f 8073 4771 9929
f 9790 85 13106
f 8073 9929 10925
f 8073 10925 7573
f 3531 9796 10477
f 7581 3531 10477
f 4663 3425 12355
f 4667 2870 2487
f 695 4504 4503
f 3424 2867 1069
f 1989 4256 4255
f 4391 3987 2203
f 602 2202 12280
f 13607 5011 155
f 5230 3422 3983
f 3983 3422 1068
f 3985 1070 1606
f 156 11730 11696
f 4391 2203 3426
f 9191 2834 12481
f 2870 4666 2487
f 5230 158 2868
f 157 4207 11730
f 3119 859 3764
f 4667 12991 4670
f 1070 2868 1606
f 4259 12355 273
f 3425 273 12355
f 3425 4663 858
f 5230 2868 3422
f 12201 12392 2608
f 2872 2490 2204
f 413 274 4256
f 413 3987 274
f 419 3886 273
f 12981 419 273
f 12401 1894 1417
f 13471 2758 1416
f 3989 12345 4672
f 2788 3005 412
f 11397 857 3764
f 5771 4502 11749
f 416 3885 4257
f 3986 4665 1608
f 4669 3986 1609
f 3008 1997 1998
f 413 4256 3885
f 154 13118 153
f 12345 154 153
f 3985 3984 3423
f 1070 3985 4662
f 4670 2489 7558
f 1159 2611 2610
f 5011 1418 2986
f 1755 3214 956
f 4133 1758 959
f 792 13138 12966
f 792 12966 5149
f 1070 4662 2486
f 418 420 2789
f 4671 4391 3765
f 1485 1990 2788
f 13505 412 3005
f 4667 3428 12991
f 12764 6215 13600
f 2789 420 3007
f 3007 420 1995
f 12454 8959 2758
f 4669 12741 3986
f 419 12981 1287
f 12345 153 4672
f 3765 9158 4392
f 2872 2204 3990
f 2872 7558 2489
f 16 12374 17
f 13611 16 17
f 856 11396 601
f 12280 2202 855
f 11696 11900 791
f 3665 2611 5112
f 3985 3424 4662
f 3424 3985 3423
f 602 12741 12766
f 4839 2610 2611
f 157 11933 1606
f 1607 856 601
f 159 4553 5940
f 4553 11858 3859
f 2788 412 415
f 1610 13435 3429
f 792 13263 13138
f 1610 3429 2491
f 5011 11696 791
f 2789 3007 1487
f 12966 793 13118
f 859 3425 858
f 5011 2986 155
f 602 1607 12741
f 3984 2869 1608
f 856 12280 11396
f 3984 1608 3423
f 12991 1610 2488
f 2867 601 1069
f 2614 13135 5112
f 2867 1607 601
f 2275 960 1759
f 857 3763 2202
f 11397 3763 857
f 11397 858 4390
f 857 2202 13255
f 2275 1759 4504
f 3982 3421 4656
f 4255 274 275
f 4671 275 274
f 1157 2609 12392
f 275 4671 1288
f 4668 4669 12329
f 4668 3428 12766
f 3663 695 2609
f 4668 12991 3428
f 4668 12329 1610
f 1894 1418 791
f 4668 1610 12991
f 4667 4670 2870
f 4670 12991 2488
f 3987 4671 274
f 12152 1989 4255
f 12152 2787 1989
f 1985 12152 4253
f 2786 12152 1985
f 3765 4392 1288
f 7031 8109 7657
f 13255 4667 2487
f 5351 4391 3426
f 12767 1608 2869
f 1994 3007 3008
f 157 158 4207
f 158 157 2868
f 157 11730 156
f 157 156 11933
f 1993 3006 2789
f 12296 3665 13135
f 11730 13471 11900
f 1895 13118 2986
f 3988 3426 2203
f 11696 11730 11900
f 13471 4207 2758
f 11933 3984 1606
f 1895 5149 12966
f 158 5230 159
f 158 159 5940
f 12981 860 1287
f 12981 3425 859
f 1990 3885 4256
f 5230 3983 3421
f 1993 1487 3886
f 12767 11413 1609
f 413 3885 416
f 3987 413 416
f 1895 12966 13118
f 2986 154 155
f 11413 155 154
f 12981 3119 860
f 12981 859 3119
f 5940 12454 2758
f 1989 1990 4256
f 11933 156 2869
f 1895 2986 1418
f 1485 2788 3006
f 11695 10640 6300
f 2701 7837 6150
f 603 5351 3426
f 1988 13505 2787
f 5351 3990 9158
f 4553 12454 5940
f 4553 3859 4554
f 4553 4554 12454
f 3983 4656 3421
f 3981 4656 3983
f 5771 12392 2609
f 5771 2609 4503
f 5182 12838 7837
f 7185 6294 12461
f 5728 6300 8569
f 3594 3593 4965
f 5822 12801 1554
f 12273 6299 8111
f 8611 3320 7228
f 5822 1554 13576
f 5997 12983 5996
f 12235 13060 11797
f 8014 13014 5997
f 13014 13600 6967
f 6005 5042 7444
f 12388 5278 5095
f 12388 11951 5278
f 9009 2834 9191
f 5824 11470 12429
f 5714 5715 8397
f 7651 5714 8397
f 12424 3611 1716
f 8114 5100 5102
f 6102 10734 5874
f 7185 12461 5873
f 3602 3599 4089
f 11110 6119 6305
f 8770 6471 8773
f 8923 8574 7882
f 8568 4793 6293
f 12838 4910 4911
f 1711 1708 12253
f 1714 13442 6679
f 12273 12518 8110
f 12388 6118 11951
f 7661 6106 5714
f 8611 11169 3320
f 9051 11066 12518
f 5741 12639 6298
f 2586 12424 6126
f 3923 11772 6211
f 6115 8401 11775
f 8309 3320 11169
f 13289 10734 6102
f 5822 13576 3923
f 12518 12273 8111
f 7032 3593 12081
f 5032 12852 3320
f 7661 7651 4793
f 6477 7444 7442
f 8306 8309 6955
f 8571 13049 5276
f 5982 5981 6470
f 5997 5996 11737
f 1716 6110 5093
f 12518 11066 8110
f 11066 5092 7798
f 4092 8571 10739
f 2925 5876 13460
f 11695 6300 7188
f 5988 11521 8772
f 5996 4910 8486
f 6475 6215 8777
f 12424 13287 6126
f 2454 6472 8771
f 11797 13060 6968
f 7670 11175 8114
f 7670 11111 3602
f 3925 1560 1556
f 6296 4793 8568
f 5737 8574 8923
f 9431 2455 2456
f 5876 6108 1711
f 6005 7444 7474
f 6473 11984 6472
f 8401 7664 7799
f 9484 10640 11695
f 5876 12253 13513
f 2836 5182 7837
f 5507 6959 2456
f 11049 3599 3602
f 13460 5876 13513
f 5876 1711 12253
f 8771 9431 7435
f 6112 6295 6110
f 8321 7442 7444
f 3611 12424 2586
f 1137 6113 5737
f 3925 8777 1560
f 8014 1560 12764
f 5507 5325 13538
f 7670 3602 11175
f 1716 5093 5095
f 5278 1716 5095
f 3070 2833 8482
f 11121 11737 11470
f 10640 11175 8569
f 13287 11951 5736
f 4911 4910 12983
f 5996 12983 4910
f 2455 10126 7229
f 6108 1714 1711
f 6876 6294 6679
f 7187 6111 8111
f 6111 3595 8111
f 5182 12482 8486
f 2170 12544 5508
f 8406 4088 11110
f 5982 2456 6959
f 8014 5997 11737
f 4793 7651 6293
f 5728 6107 6300
f 8310 3318 6477
f 8310 5500 3318
f 6117 8570 8571
f 5728 3593 3594
f 7032 4089 3599
f 13289 7032 3599
f 6107 5723 7188
f 2457 13454 7229
f 3314 11521 12033
f 3314 8772 11521
f 8406 11110 8407
f 5723 6106 6112
f 3076 5508 12544
f 5996 8486 11470
f 6115 8403 3605
f 5715 4085 8397
f 6005 7474 12947
f 3925 6471 5988
f 7670 8114 5102
f 117 10860 7416
f 6469 11521 6471
f 13411 3595 5094
f 1136 7652 8109
f 6113 6110 3611
f 12764 1560 8777
f 13460 13513 10734
f 5824 12429 13576
f 1554 5824 13576
f 11451 5094 5095
f 11451 5095 5093
f 6115 11775 8403
f 7908 3943 8019
f 7908 8019 5534
f 13460 13289 3599
f 6119 8401 6115
f 8306 5032 8309
f 8406 8407 6304
f 8406 6304 7038
f 5723 6112 6113
f 1136 2578 13389
f 1136 13389 7652
f 5276 13049 9580
f 13603 118 2360
f 6118 6111 7187
f 6118 7187 6117
f 6118 6117 4092
f 5182 4910 12838
f 11111 6120 8403
f 11775 11111 8403
f 5507 2456 5325
f 7908 7475 3943
f 6119 3605 6305
f 6119 6115 3605
f 5715 4964 3594
f 5715 3594 4965
f 5988 6471 11521
f 11531 13023 6297
f 11531 6130 13023
f 1137 8923 10499
f 1137 5723 6113
f 11531 4088 6130
f 11531 6298 4088
f 11070 11188 12543
f 9484 9583 8402
f 9484 11695 9583
f 5100 9484 8402
f 12388 6111 6118
f 8486 12429 11470
f 5032 6959 12852
f 7908 13538 5325
f 7908 5325 13454
f 4088 8406 6130
f 1137 10499 7188
f 1137 7188 5723
f 7031 1136 8109
f 1136 7031 13411
f 1136 11451 2578
f 1136 13411 11451
f 6005 11497 5042
f 13603 779 117
f 11111 7670 6120
f 13608 13167 13145
f 13608 1213 13167
f 13610 13609 1213
# 27226 faces, 0 coords texture

# End of File
